3000.000000 0.000000 0.000000 
3001.570985 0.000000 0.000000 
3003.141970 0.000000 0.000000 
3004.712955 0.000000 0.000000 
3006.283939 0.000000 0.000000 
3007.854924 0.000000 0.000000 
3009.425909 0.000000 0.000000 
3010.996894 0.000000 0.000000 
3012.567879 0.000000 0.000000 
3014.138864 0.000000 0.000000 
3015.709848 0.000000 0.000000 
3017.280833 0.000000 0.000000 
3018.851818 0.000000 0.000000 
3020.422803 0.000000 0.000000 
3021.993788 0.000000 0.000000 
3023.564773 0.000000 0.000000 
3025.135758 0.000000 0.000000 
3026.706742 0.000000 0.000000 
3028.277727 0.000000 0.000000 
3029.848712 0.000000 0.000000 
3031.419697 0.000000 0.000000 
3032.990682 0.000000 0.000000 
3034.561667 0.000000 0.000000 
3036.132651 0.000000 0.000000 
3037.703636 0.000000 0.000000 
3039.274621 0.000000 0.000000 
3040.845606 0.000000 0.000000 
3042.416591 0.000000 0.000000 
3043.987576 0.000000 0.000000 
3045.558561 0.000000 0.000000 
3047.129545 0.000000 0.000000 
3048.700530 0.000000 0.000000 
3050.271515 0.000000 0.000000 
3051.842500 0.000000 0.000000 
3053.413485 0.000000 0.000000 
3054.984470 0.000000 0.000000 
3056.555454 0.000000 0.000000 
3058.126439 0.000000 0.000000 
3059.697424 0.000000 0.000000 
3061.268409 0.000000 0.000000 
3062.839394 0.000000 0.000000 
3064.410379 0.000000 0.000000 
3065.981364 0.000000 0.000000 
3067.552348 0.000000 0.000000 
3069.123333 0.000000 0.000000 
3070.694318 0.000000 0.000000 
3072.265303 0.000000 0.000000 
3073.836288 0.000000 0.000000 
3075.407273 0.000000 0.000000 
3076.978257 0.000000 0.000000 
3078.549242 0.000000 0.000000 
3080.120227 0.000000 0.000000 
3081.691212 0.000000 0.000000 
3083.262197 0.000000 0.000000 
3084.833182 0.000000 0.000000 
3086.404167 0.000000 0.000000 
3087.975151 0.000000 0.000000 
3089.546136 0.000000 0.000000 
3091.117121 0.000000 0.000000 
3092.688106 0.000000 0.000000 
3094.259091 0.000000 0.000000 
3095.830076 0.000000 0.000000 
3097.401060 0.000000 0.000000 
3098.972045 0.000000 0.000000 
3100.543030 0.000000 0.000000 
3102.114015 0.000000 0.000000 
3103.685000 0.000000 0.000000 
3105.255985 0.000000 0.000000 
3106.826970 0.000000 0.000000 
3108.397954 0.000000 0.000000 
3109.968939 0.000000 0.000000 
3111.539924 0.000000 0.000000 
3113.110909 0.000000 0.000000 
3114.681894 0.000000 0.000000 
3116.252879 0.000000 0.000000 
3117.823864 0.000000 0.000000 
3119.394848 0.000000 0.000000 
3120.965833 0.000000 0.000000 
3122.536818 0.000000 0.000000 
3124.107803 0.000000 0.000000 
3125.678788 0.000000 0.000000 
3127.249773 0.000000 0.000000 
3128.820757 0.000000 0.000000 
3130.391742 0.000000 0.000000 
3131.962727 0.000000 0.000000 
3133.533712 0.000000 0.000000 
3135.104697 0.000000 0.000000 
3136.675682 0.000000 0.000000 
3138.246667 0.000000 0.000000 
3139.817651 0.000000 0.000000 
3141.388636 0.808655 0.383162 
3142.959621 -0.176163 0.323624 
3144.530606 -0.084639 0.419249 
3146.101591 -0.253157 0.373409 
3147.672576 0.879698 0.441721 
3149.243560 -0.594644 0.402043 
3150.814545 -0.231345 0.348516 
3152.385530 0.011312 0.345974 
3153.956515 -0.129637 0.324653 
3155.527500 -0.353387 0.381001 
3157.098485 -0.195794 0.390650 
3158.669470 0.136272 0.386155 
3160.240454 -1.047594 0.305496 
3161.811439 -0.170665 0.349999 
3163.382424 0.090888 0.293963 
3164.953409 -0.371591 0.338384 
3166.524394 -0.591893 0.343250 
3168.095379 -0.098498 0.357864 
3169.666363 -0.649472 0.340153 
3171.237348 0.261280 0.372893 
3172.808333 0.242339 0.358560 
3174.379318 0.435432 0.310946 
3175.950303 -0.283062 0.333714 
3177.521288 0.765935 0.399466 
3179.092273 0.256351 0.376311 
3180.663257 -0.616081 0.314175 
3182.234242 -0.609141 0.341180 
3183.805227 0.001280 0.345863 
3185.376212 -0.461107 0.301181 
3186.947197 0.262095 0.354878 
3188.518182 -0.077390 0.318804 
3190.089166 -0.087732 0.360340 
3191.660151 -0.327340 0.348115 
3193.231136 1.005537 0.380753 
3194.802121 0.400611 0.355575 
3196.373106 1.143925 0.340920 
3197.944091 0.727897 0.333585 
3199.515076 -0.002587 0.344972 
3201.086060 -0.436980 0.325603 
3202.657045 -0.276003 0.332226 
3204.228030 0.474961 0.359830 
3205.799015 0.176870 0.334749 
3207.370000 -0.070172 0.295939 
3208.940985 0.074213 0.300818 
3210.511969 0.336516 0.358951 
3212.082954 0.421281 0.373778 
3213.653939 0.823784 0.410090 
3215.224924 -0.411382 0.339570 
3216.795909 -0.620669 0.342802 
3218.366894 -0.137640 0.332903 
3219.937879 0.138387 0.297047 
3221.508863 -0.413552 0.281714 
3223.079848 0.677694 0.387765 
3224.650833 -0.701754 0.316869 
3226.221818 0.214998 0.355714 
3227.792803 -0.719861 0.301870 
3229.363788 -0.457913 0.320761 
3230.934772 -0.621860 0.302103 
3232.505757 -0.212737 0.269747 
3234.076742 -0.051572 0.302805 
3235.647727 0.280604 0.332864 
3237.218712 0.362735 0.338753 
3238.789697 -0.146988 0.321864 
3240.360682 -0.090189 0.319427 
3241.931666 0.245123 0.309722 
3243.502651 0.451140 0.330201 
3245.073636 -0.084168 0.243084 
3246.644621 -0.309664 0.272933 
3248.215606 -0.863059 0.257592 
3249.786591 -0.118301 0.311283 
3251.357575 0.006158 0.306616 
3252.928560 -0.021368 0.301671 
3254.499545 -0.150323 0.298965 
3256.070530 0.452586 0.276330 
3257.641515 0.289853 0.299864 
3259.212500 0.093984 0.236342 
3260.783485 0.110794 0.298979 
3262.354469 -0.043120 0.308733 
3263.925454 -0.332536 0.294205 
3265.496439 0.352841 0.328981 
3267.067424 -0.113034 0.291346 
3268.638409 -0.038961 0.288757 
3270.209394 -0.192527 0.256856 
3271.780378 0.124832 0.254662 
3273.351363 -0.083031 0.240560 
3274.922348 -0.086373 0.286346 
3276.493333 0.347645 0.286521 
3278.064318 0.168916 0.276438 
3279.635303 0.232044 0.263991 
3281.206288 0.020629 0.271487 
3282.777272 -0.062363 0.242054 
3284.348257 0.163677 0.261553 
3285.919242 -0.432492 0.227012 
3287.490227 -0.223606 0.200884 
3289.061212 -0.248188 0.266550 
3290.632197 0.182210 0.271717 
3292.203181 0.400762 0.277661 
3293.774166 -0.058154 0.265772 
3295.345151 -0.571931 0.268568 
3296.916136 -0.483501 0.271977 
3298.487121 0.032088 0.249782 
3300.058106 0.122390 0.256048 
3301.629091 0.068663 0.220827 
3303.200075 0.493785 0.245809 
3304.771060 -0.024862 0.248935 
3306.342045 0.059844 0.250352 
3307.913030 0.035983 0.241920 
3309.484015 -0.241144 0.220713 
3311.055000 -0.060332 0.245036 
3312.625984 0.450486 0.243552 
3314.196969 0.071517 0.231246 
3315.767954 -0.176855 0.229384 
3317.338939 0.435230 0.199143 
3318.909924 -0.059236 0.248772 
3320.480909 -0.249795 0.235747 
3322.051894 0.336491 0.247979 
3323.622878 -0.080401 0.214389 
3325.193863 0.071224 0.227168 
3326.764848 -0.006199 0.211076 
3328.335833 0.157838 0.219544 
3329.906818 0.217574 0.207471 
3331.477803 0.481459 0.220175 
3333.048787 -0.154026 0.153756 
3334.619772 -0.217349 0.188984 
3336.190757 -0.159497 0.182825 
3337.761742 -0.286852 0.184056 
3339.332727 0.406282 0.202188 
3340.903712 0.009056 0.177006 
3342.474697 0.614513 0.205643 
3344.045681 0.311075 0.207794 
3345.616666 -0.153220 0.175470 
3347.187651 0.181373 0.172404 
3348.758636 0.206945 0.173119 
3350.329621 0.306797 0.142741 
3351.900606 -0.403747 0.152181 
3353.471591 -0.131466 0.166287 
3355.042575 0.058558 0.179226 
3356.613560 0.232284 0.186182 
3358.184545 -0.193518 0.199642 
3359.755530 1.012198 0.272948 
3361.326515 1.675268 0.301093 
3362.897500 0.196295 0.179182 
3364.468484 -0.002708 0.163148 
3366.039469 -0.188425 0.157455 
3367.610454 0.291124 0.154291 
3369.181439 0.065289 0.184212 
3370.752424 0.123429 0.205236 
3372.323409 -0.034530 0.196797 
3373.894394 -0.042416 0.197998 
3375.465378 -0.052524 0.195441 
3377.036363 -0.302394 0.175552 
3378.607348 -0.501894 0.162368 
3380.178333 0.200775 0.191087 
3381.749318 0.153351 0.163710 
3383.320303 -0.299604 0.168456 
3384.891287 -0.183736 0.151785 
3386.462272 0.133242 0.138119 
3388.033257 0.128567 0.166249 
3389.604242 0.188338 0.168556 
3391.175227 -0.059282 0.155570 
3392.746212 0.571797 0.180450 
3394.317197 -0.014344 0.154697 
3395.888181 -0.174171 0.142145 
3397.459166 0.345594 0.177159 
3399.030151 0.088311 0.158297 
3400.601136 -0.023843 0.146225 
3402.172121 -0.129644 0.147702 
3403.743106 -0.022273 0.141213 
3405.314090 0.084739 0.136092 
3406.885075 0.207978 0.149508 
3408.456060 -0.027629 0.136865 
3410.027045 -0.056452 0.140162 
3411.598030 -0.079445 0.136486 
3413.169015 0.049781 0.144310 
3414.740000 -0.062294 0.138349 
3416.310984 0.293025 0.150245 
3417.881969 -0.282497 0.134659 
3419.452954 0.135419 0.146889 
3421.023939 -0.099601 0.141594 
3422.594924 0.140906 0.135371 
3424.165909 0.069595 0.147597 
3425.736893 0.256064 0.122774 
3427.307878 0.339815 0.141645 
3428.878863 0.249160 0.146865 
3430.449848 0.116168 0.138504 
3432.020833 -0.023384 0.132247 
3433.591818 -0.218902 0.115905 
3435.162803 0.153869 0.140524 
3436.733787 0.249513 0.143153 
3438.304772 0.362350 0.149301 
3439.875757 0.344350 0.150948 
3441.446742 0.246146 0.145535 
3443.017727 0.317415 0.124216 
3444.588712 0.382004 0.144596 
3446.159696 0.180340 0.130182 
3447.730681 0.278974 0.117677 
3449.301666 0.275313 0.121831 
3450.872651 0.104782 0.131552 
3452.443636 0.339842 0.147773 
3454.014621 0.335077 0.150012 
3455.585606 -0.040000 0.135205 
3457.156590 0.176954 0.143062 
3458.727575 0.318597 0.136683 
3460.298560 0.126485 0.130663 
3461.869545 0.310174 0.136588 
3463.440530 0.131919 0.123794 
3465.011515 0.095863 0.125564 
3466.582499 0.369266 0.121866 
3468.153484 0.373182 0.133508 
3469.724469 -0.047469 0.118806 
3471.295454 0.037201 0.100997 
3472.866439 0.027467 0.103133 
3474.437424 0.019879 0.114845 
3476.008409 -0.130730 0.109001 
3477.579393 -0.008465 0.120717 
3479.150378 0.075713 0.128380 
3480.721363 -0.149620 0.123838 
3482.292348 0.097003 0.144624 
3483.863333 0.210349 0.145584 
3485.434318 -0.150554 0.129567 
3487.005302 0.306844 0.138294 
3488.576287 -0.192757 0.120720 
3490.147272 0.066527 0.134072 
3491.718257 0.175607 0.118302 
3493.289242 0.081433 0.124780 
3494.860227 0.045147 0.124617 
3496.431212 -0.047142 0.100190 
3498.002196 -0.111867 0.090961 
3499.573181 0.118717 0.115237 
3501.144166 -0.112112 0.106715 
3502.715151 0.118464 0.113730 
3504.286136 0.112807 0.111723 
3505.857121 0.047556 0.112247 
3507.428105 0.302984 0.116759 
3508.999090 0.160965 0.109423 
3510.570075 0.119333 0.113756 
3512.141060 0.221531 0.118762 
3513.712045 0.265056 0.119823 
3515.283030 0.120685 0.107286 
3516.854015 0.145047 0.107111 
3518.424999 0.318230 0.105892 
3519.995984 -0.198419 0.104230 
3521.566969 0.016089 0.099852 
3523.137954 0.138910 0.099393 
3524.708939 0.045795 0.083595 
3526.279924 0.142196 0.096101 
3527.850908 0.115521 0.097206 
3529.421893 0.299014 0.105907 
3530.992878 0.257172 0.105064 
3532.563863 0.137304 0.100853 
3534.134848 0.010894 0.099138 
3535.705833 0.301757 0.107153 
3537.276818 -0.040428 0.096240 
3538.847802 -0.018548 0.093237 
3540.418787 0.133860 0.108937 
3541.989772 0.118667 0.109472 
3543.560757 -0.405603 0.116566 
3545.131742 0.277354 0.127106 
3546.702727 0.186355 0.125279 
3548.273711 0.299077 0.112323 
3549.844696 0.079492 0.121629 
3551.415681 -0.030986 0.113573 
3552.986666 0.250207 0.122459 
3554.557651 -0.315838 0.108937 
3556.128636 0.173830 0.099950 
3557.699621 0.054492 0.109518 
3559.270605 0.085848 0.114708 
3560.841590 0.170253 0.113222 
3562.412575 0.154414 0.110342 
3563.983560 0.366311 0.113293 
3565.554545 0.235271 0.109083 
3567.125530 0.111359 0.102570 
3568.696514 -0.082417 0.093212 
3570.267499 0.051625 0.096124 
3571.838484 0.255330 0.101532 
3573.409469 0.209857 0.100515 
3574.980454 0.099908 0.098693 
3576.551439 0.033894 0.094565 
3578.122424 0.258751 0.097506 
3579.693408 -0.062484 0.082615 
3581.264393 -0.049965 0.079819 
3582.835378 0.128273 0.091827 
3584.406363 0.304209 0.098415 
3585.977348 -0.071692 0.084062 
3587.548333 0.128233 0.081553 
3589.119318 0.165193 0.073559 
3590.690302 0.151940 0.081770 
3592.261287 -0.026982 0.086452 
3593.832272 0.226401 0.092449 
3595.403257 0.211725 0.091514 
3596.974242 0.395838 0.096354 
3598.545227 0.225587 0.090366 
3600.116211 0.023909 0.083912 
3601.687196 -0.110053 0.078284 
3603.258181 0.098006 0.083817 
3604.829166 0.104006 0.084006 
3606.400151 -0.050004 0.079886 
3607.971136 0.273663 0.088222 
3609.542121 -0.053358 0.079239 
3611.113105 0.176589 0.084642 
3612.684090 0.075913 0.083055 
3614.255075 0.190629 0.085749 
3615.826060 0.045980 0.083834 
3617.397045 0.026803 0.084291 
3618.968030 0.098106 0.083335 
3620.539014 0.117456 0.092743 
3622.109999 0.297318 0.095810 
3623.680984 0.092791 0.088390 
3625.251969 0.189302 0.082401 
3626.822954 0.085714 0.084871 
3628.393939 0.021054 0.074518 
3629.964924 -0.016711 0.085550 
3631.535908 0.420789 0.099548 
3633.106893 0.148718 0.093536 
3634.677878 0.017706 0.092907 
3636.248863 0.148812 0.098264 
3637.819848 0.122948 0.096256 
3639.390833 0.111389 0.090592 
3640.961817 0.239985 0.094475 
3642.532802 0.158224 0.087549 
3644.103787 0.148428 0.093073 
3645.674772 0.075299 0.084417 
3647.245757 0.178455 0.089519 
3648.816742 0.166579 0.086211 
3650.387727 -0.043656 0.078471 
3651.958711 0.198032 0.086881 
3653.529696 0.106420 0.084373 
3655.100681 0.336846 0.088514 
3656.671666 -0.070276 0.080460 
3658.242651 0.150336 0.084845 
3659.813636 0.067415 0.083532 
3661.384620 0.112741 0.078922 
3662.955605 0.089013 0.082284 
3664.526590 0.007861 0.080889 
3666.097575 0.092469 0.081715 
3667.668560 0.234214 0.086273 
3669.239545 0.175522 0.078823 
3670.810530 0.137372 0.078331 
3672.381514 0.222140 0.068311 
3673.952499 0.128129 0.078122 
3675.523484 0.043385 0.074622 
3677.094469 0.109184 0.076271 
3678.665454 0.169138 0.076132 
3680.236439 0.253817 0.078013 
3681.807423 0.199263 0.073391 
3683.378408 0.063903 0.070884 
3684.949393 0.205068 0.073172 
3686.520378 0.174119 0.073271 
3688.091363 0.069449 0.067318 
3689.662348 0.204200 0.070823 
3691.233333 0.129712 0.070072 
3692.804317 0.134694 0.071699 
3694.375302 0.173468 0.072552 
3695.946287 0.113984 0.072369 
3697.517272 0.234210 0.073869 
3699.088257 0.252359 0.077796 
3700.659242 -0.121811 0.087732 
3702.230226 0.475545 0.087421 
3703.801211 0.234493 0.083891 
3705.372196 0.141940 0.076208 
3706.943181 0.338778 0.076626 
3708.514166 0.102005 0.071823 
3710.085151 0.091598 0.070890 
3711.656136 0.209177 0.071079 
3713.227120 0.172366 0.062857 
3714.798105 0.213370 0.066022 
3716.369090 0.184137 0.068245 
3717.940075 0.155983 0.067759 
3719.511060 0.186348 0.070120 
3721.082045 0.098656 0.066313 
3722.653029 0.192965 0.066020 
3724.224014 0.169038 0.065241 
3725.794999 0.122428 0.056920 
3727.365984 0.276291 0.063793 
3728.936969 0.307345 0.075671 
3730.507954 0.155285 0.071164 
3732.078939 0.214186 0.072272 
3733.649923 0.102471 0.071043 
3735.220908 0.203876 0.074514 
3736.791893 0.399712 0.082932 
3738.362878 -0.101534 0.067591 
3739.933863 -0.001000 0.072313 
3741.504848 0.072521 0.074238 
3743.075832 0.260465 0.078456 
3744.646817 0.186998 0.074410 
3746.217802 0.240484 0.073014 
3747.788787 0.357780 0.074168 
3749.359772 -0.039276 0.064363 
3750.930757 0.217541 0.067606 
3752.501742 0.122857 0.066374 
3754.072726 0.215674 0.068893 
3755.643711 -0.033257 0.064272 
3757.214696 0.226938 0.067982 
3758.785681 0.384679 0.073506 
3760.356666 0.167012 0.062352 
3761.927651 0.186987 0.062707 
3763.498635 0.063544 0.059244 
3765.069620 0.244243 0.062901 
3766.640605 0.133255 0.060508 
3768.211590 0.136106 0.060404 
3769.782575 0.150224 0.058244 
3771.353560 0.076777 0.057420 
3772.924545 0.275824 0.067026 
3774.495529 0.178033 0.066719 
3776.066514 0.103219 0.060756 
3777.637499 0.149850 0.062253 
3779.208484 0.123361 0.060499 
3780.779469 0.113242 0.060027 
3782.350454 0.254563 0.054472 
3783.921438 0.147142 0.053159 
3785.492423 0.223578 0.061183 
3787.063408 0.237963 0.060710 
3788.634393 0.126206 0.056881 
3790.205378 0.311847 0.060672 
3791.776363 0.209756 0.059247 
3793.347348 0.227139 0.060791 
3794.918332 0.346455 0.070303 
3796.489317 0.116864 0.058346 
3798.060302 0.271349 0.055782 
3799.631287 0.357261 0.058540 
3801.202272 0.254725 0.057083 
3802.773257 0.286798 0.051542 
3804.344241 0.159527 0.056292 
3805.915226 0.145272 0.056527 
3807.486211 0.181416 0.056428 
3809.057196 0.061835 0.055094 
3810.628181 0.299083 0.057781 
3812.199166 0.258886 0.057598 
3813.770151 0.207575 0.060026 
3815.341135 0.313397 0.061392 
3816.912120 0.122858 0.058010 
3818.483105 0.068271 0.055312 
3820.054090 0.237900 0.058038 
3821.625075 0.194346 0.057983 
3823.196060 0.223582 0.058038 
3824.767045 0.208963 0.057906 
3826.338029 0.319052 0.058878 
3827.909014 0.170652 0.056056 
3829.479999 0.275717 0.060438 
3831.050984 0.134421 0.062446 
3832.621969 0.014692 0.062097 
3834.192954 -0.095442 0.058402 
3835.763938 0.182809 0.060488 
3837.334923 0.229603 0.060192 
3838.905908 0.099816 0.056854 
3840.476893 0.194771 0.057016 
3842.047878 0.137030 0.055717 
3843.618863 0.195884 0.057763 
3845.189848 0.187971 0.057580 
3846.760832 0.173714 0.057038 
3848.331817 0.195839 0.056130 
3849.902802 0.247066 0.055937 
3851.473787 0.102892 0.052787 
3853.044772 0.249748 0.055393 
3854.615757 0.228961 0.054616 
3856.186741 0.139947 0.050711 
3857.757726 0.192281 0.051979 
3859.328711 0.200986 0.052154 
3860.899696 0.124010 0.048145 
3862.470681 0.145676 0.049702 
3864.041666 0.165861 0.051762 
3865.612651 0.113135 0.049600 
3867.183635 0.245870 0.052345 
3868.754620 0.368197 0.054174 
3870.325605 0.070052 0.048938 
3871.896590 0.209992 0.048092 
3873.467575 0.162398 0.048314 
3875.038560 0.210169 0.049299 
3876.609544 0.081779 0.048468 
3878.180529 0.208514 0.049521 
3879.751514 0.188547 0.049208 
3881.322499 0.327434 0.050253 
3882.893484 0.092160 0.046165 
3884.464469 0.200181 0.049099 
3886.035454 0.202162 0.049347 
3887.606438 0.144348 0.049357 
3889.177423 0.050197 0.056150 
3890.748408 0.249779 0.060922 
3892.319393 0.327743 0.056225 
3893.890378 0.085315 0.046306 
3895.461363 0.234388 0.048390 
3897.032347 0.138363 0.048285 
3898.603332 0.381009 0.052379 
3900.174317 0.231080 0.050294 
3901.745302 0.189110 0.046632 
3903.316287 0.134116 0.046516 
3904.887272 0.193873 0.045957 
3906.458257 0.164685 0.051489 
3908.029241 0.133971 0.052021 
3909.600226 0.180569 0.053508 
3911.171211 0.309237 0.055720 
3912.742196 0.090289 0.053563 
3914.313181 0.160126 0.055378 
3915.884166 0.277864 0.055455 
3917.455150 0.139869 0.050305 
3919.026135 0.277544 0.049465 
3920.597120 0.300585 0.047242 
3922.168105 0.286056 0.045450 
3923.739090 0.140314 0.042211 
3925.310075 0.165880 0.043146 
3926.881060 0.145171 0.042435 
3928.452044 0.254529 0.042785 
3930.023029 0.239611 0.041838 
3931.594014 0.257662 0.041747 
3933.164999 0.197107 0.041888 
3934.735984 0.235530 0.040881 
3936.306969 0.109853 0.038503 
3937.877953 0.202728 0.040072 
3939.448938 0.134683 0.039664 
3941.019923 0.244223 0.044749 
3942.590908 0.176014 0.043584 
3944.161893 0.131993 0.043861 
3945.732878 0.189184 0.045084 
3947.303863 0.139249 0.046538 
3948.874847 0.157408 0.050391 
3950.445832 0.142665 0.049088 
3952.016817 0.139521 0.044489 
3953.587802 0.248695 0.043365 
3955.158787 0.153337 0.039403 
3956.729772 0.112380 0.039239 
3958.300756 0.148823 0.040964 
3959.871741 0.219556 0.041858 
3961.442726 0.260558 0.042578 
3963.013711 0.239972 0.041828 
3964.584696 0.299681 0.040565 
3966.155681 0.198880 0.039882 
3967.726666 0.206245 0.038968 
3969.297650 0.152581 0.037323 
3970.868635 0.167649 0.036890 
3972.439620 0.213207 0.038212 
3974.010605 0.231648 0.040095 
3975.581590 0.167137 0.038036 
3977.152575 0.224738 0.041849 
3978.723559 0.100960 0.042086 
3980.294544 0.260810 0.045053 
3981.865529 0.303672 0.045378 
3983.436514 0.315005 0.045529 
3985.007499 0.217566 0.043714 
3986.578484 0.297896 0.044645 
3988.149469 0.204212 0.043838 
3989.720453 0.317443 0.045601 
3991.291438 0.266130 0.044673 
3992.862423 0.177970 0.042409 
3994.433408 0.194305 0.042405 
3996.004393 0.310971 0.044318 
3997.575378 0.183809 0.041433 
3999.146362 0.284326 0.043912 
4000.717347 0.269132 0.048258 
4002.288332 0.327187 0.045318 
4003.859317 0.099544 0.041405 
4005.430302 0.256590 0.043326 
4007.001287 0.224743 0.043384 
4008.572272 0.206635 0.044259 
4010.143256 0.123173 0.044108 
4011.714241 0.297676 0.046650 
4013.285226 0.119225 0.043793 
4014.856211 0.266716 0.046464 
4016.427196 0.194083 0.043738 
4017.998181 0.099883 0.042330 
4019.569165 0.281393 0.044911 
4021.140150 0.177885 0.042838 
4022.711135 0.229153 0.043816 
4024.282120 0.270887 0.043859 
4025.853105 0.252213 0.042888 
4027.424090 0.258256 0.041674 
4028.995075 0.211603 0.042660 
4030.566059 0.096849 0.039897 
4032.137044 0.203614 0.039754 
4033.708029 0.210077 0.041256 
4035.279014 0.243784 0.041653 
4036.849999 0.173362 0.041149 
4038.420984 0.235223 0.044419 
4039.991968 0.218420 0.042545 
4041.562953 0.223546 0.043264 
4043.133938 0.172734 0.043505 
4044.704923 0.216805 0.044628 
4046.275908 0.183520 0.044103 
4047.846893 0.165942 0.043216 
4049.417878 0.183592 0.043091 
4050.988862 0.123878 0.042116 
4052.559847 0.159692 0.042087 
4054.130832 0.208001 0.042708 
4055.701817 0.260852 0.042372 
4057.272802 0.252626 0.042010 
4058.843787 0.087421 0.044715 
4060.414772 0.178184 0.040685 
4061.985756 0.175612 0.041773 
4063.556741 0.308956 0.043963 
4065.127726 0.230318 0.043790 
4066.698711 0.307142 0.045561 
4068.269696 0.165993 0.043972 
4069.840681 0.198966 0.043655 
4071.411665 0.179894 0.042638 
4072.982650 0.247355 0.043029 
4074.553635 0.133105 0.041276 
4076.124620 0.323145 0.044012 
4077.695605 0.210386 0.043088 
4079.266590 0.249948 0.042971 
4080.837575 0.226665 0.041837 
4082.408559 0.236819 0.043072 
4083.979544 0.204750 0.042285 
4085.550529 0.327694 0.042721 
4087.121514 0.152975 0.040525 
4088.692499 0.245683 0.041696 
4090.263484 0.231325 0.042017 
4091.834468 0.193487 0.040970 
4093.405453 0.211186 0.040606 
4094.976438 0.304226 0.042271 
4096.547423 0.244483 0.040786 
4098.118408 0.270846 0.040978 
4099.689393 0.306039 0.040780 
4101.260378 0.275501 0.040323 
4102.831362 0.296103 0.040451 
4104.402347 0.298121 0.039775 
4105.973332 0.174371 0.038164 
4107.544317 0.247544 0.039400 
4109.115302 0.259178 0.040171 
4110.686287 0.248415 0.040833 
4112.257271 0.290505 0.040152 
4113.828256 0.252978 0.039996 
4115.399241 0.190094 0.039435 
4116.970226 0.306967 0.047030 
4118.541211 0.195529 0.043587 
4120.112196 0.171220 0.039279 
4121.683181 0.238162 0.040041 
4123.254165 0.254890 0.041021 
4124.825150 0.297007 0.042026 
4126.396135 0.261203 0.041308 
4127.967120 0.231786 0.041091 
4129.538105 0.199275 0.040615 
4131.109090 0.216770 0.039992 
4132.680074 0.334489 0.041422 
4134.251059 0.210740 0.040151 
4135.822044 0.171023 0.040146 
4137.393029 0.347086 0.042327 
4138.964014 0.321962 0.042032 
4140.534999 0.267247 0.041464 
4142.105984 0.270717 0.040668 
4143.676968 0.349739 0.040841 
4145.247953 0.320137 0.039720 
4146.818938 0.191374 0.039382 
4148.389923 0.184443 0.039068 
4149.960908 0.242860 0.039383 
4151.531893 0.394469 0.039882 
4153.102877 0.177443 0.038364 
4154.673862 0.293356 0.040370 
4156.244847 0.194331 0.040089 
4157.815832 0.366128 0.042343 
4159.386817 0.296967 0.041838 
4160.957802 0.190252 0.040188 
4162.528787 0.349814 0.042075 
4164.099771 0.166143 0.040704 
4165.670756 0.337228 0.043272 
4167.241741 0.289937 0.043215 
4168.812726 0.280862 0.042842 
4170.383711 0.201812 0.042472 
4171.954696 0.277115 0.042798 
4173.525680 0.107861 0.040488 
4175.096665 0.286949 0.041303 
4176.667650 0.188862 0.040475 
4178.238635 0.251044 0.040636 
4179.809620 0.203025 0.041088 
4181.380605 0.218364 0.040447 
4182.951590 0.321722 0.040714 
4184.522574 0.279065 0.039686 
4186.093559 0.335365 0.040377 
4187.664544 0.221719 0.038816 
4189.235529 0.304921 0.039129 
4190.806514 0.194217 0.037689 
4192.377499 0.176292 0.038414 
4193.948483 0.264816 0.039196 
4195.519468 0.259297 0.038890 
4197.090453 0.282952 0.038908 
4198.661438 0.253532 0.038304 
4200.232423 0.325060 0.038480 
4201.803408 0.201280 0.037429 
4203.374393 0.222490 0.037242 
4204.945377 0.223140 0.036664 
4206.516362 0.239610 0.037528 
4208.087347 0.277622 0.038859 
4209.658332 0.223155 0.038569 
4211.229317 0.249761 0.038304 
4212.800302 0.345387 0.038268 
4214.371286 0.239015 0.036992 
4215.942271 0.227930 0.037251 
4217.513256 0.315291 0.038334 
4219.084241 0.278328 0.037449 
4220.655226 0.209574 0.037017 
4222.226211 0.270936 0.037476 
4223.797196 0.287682 0.037888 
4225.368180 0.253080 0.037088 
4226.939165 0.261270 0.036275 
4228.510150 0.380143 0.037248 
4230.081135 0.238387 0.036207 
4231.652120 0.312915 0.037778 
4233.223105 0.347131 0.038783 
4234.794089 0.321516 0.037844 
4236.365074 0.274964 0.038529 
4237.936059 0.332750 0.038170 
4239.507044 0.247130 0.036898 
4241.078029 0.243326 0.036455 
4242.649014 0.296021 0.036687 
4244.219999 0.280390 0.036916 
4245.790983 0.233857 0.037005 
4247.361968 0.375752 0.039444 
4248.932953 0.303530 0.039827 
4250.503938 0.221592 0.039201 
4252.074923 0.320644 0.038621 
4253.645908 0.247623 0.039856 
4255.216892 0.303129 0.040291 
4256.787877 0.369103 0.039356 
4258.358862 0.173621 0.037870 
4259.929847 0.268088 0.038796 
4261.500832 0.184543 0.037327 
4263.071817 0.265610 0.037620 
4264.642802 0.362754 0.038800 
4266.213786 0.385286 0.039627 
4267.784771 0.394331 0.039827 
4269.355756 0.370137 0.039801 
4270.926741 0.333064 0.039002 
4272.497726 0.296175 0.038390 
4274.068711 0.280992 0.037930 
4275.639695 0.236339 0.038411 
4277.210680 0.278988 0.046000 
4278.781665 0.286029 0.040429 
4280.352650 0.405785 0.040564 
4281.923635 0.388267 0.039074 
4283.494620 0.327741 0.038044 
4285.065605 0.226398 0.037858 
4286.636589 0.229926 0.037093 
4288.207574 0.225570 0.036781 
4289.778559 0.173709 0.035695 
4291.349544 0.290557 0.036743 
4292.920529 0.278679 0.036977 
4294.491514 0.316917 0.037651 
4296.062499 0.332181 0.038297 
4297.633483 0.332081 0.037462 
4299.204468 0.300890 0.037012 
4300.775453 0.308273 0.036772 
4302.346438 0.267497 0.035593 
4303.917423 0.418291 0.038930 
4305.488408 0.371953 0.038648 
4307.059392 0.243648 0.037546 
4308.630377 0.218938 0.035941 
4310.201362 0.290188 0.036072 
4311.772347 0.249091 0.036008 
4313.343332 0.237261 0.036304 
4314.914317 0.231748 0.036226 
4316.485302 0.306939 0.038057 
4318.056286 0.316325 0.038654 
4319.627271 0.297303 0.038236 
4321.198256 0.316748 0.038405 
4322.769241 0.294676 0.037376 
4324.340226 0.273889 0.036595 
4325.911211 0.290933 0.035769 
4327.482195 0.291141 0.036301 
4329.053180 0.323753 0.036725 
4330.624165 0.241791 0.039189 
4332.195150 0.251538 0.037827 
4333.766135 0.210637 0.036034 
4335.337120 0.249760 0.036357 
4336.908105 0.321644 0.036485 
4338.479089 0.307893 0.036485 
4340.050074 0.338072 0.035931 
4341.621059 0.410966 0.036751 
4343.192044 0.374530 0.037255 
4344.763029 0.289733 0.036584 
4346.334014 0.267482 0.036567 
4347.904998 0.337992 0.037245 
4349.475983 0.222543 0.036774 
4351.046968 0.296022 0.037374 
4352.617953 0.185737 0.036289 
4354.188938 0.298488 0.036807 
4355.759923 0.250491 0.036318 
4357.330908 0.271275 0.036975 
4358.901892 0.286620 0.037541 
4360.472877 0.323824 0.038492 
4362.043862 0.280448 0.037946 
4363.614847 0.259081 0.037560 
4365.185832 0.297284 0.041629 
4366.756817 0.220285 0.037971 
4368.327801 0.374547 0.047979 
4369.898786 0.250567 0.042541 
4371.469771 0.333641 0.041424 
4373.040756 0.372878 0.038777 
4374.611741 0.338817 0.037835 
4376.182726 0.283151 0.037242 
4377.753711 0.313997 0.037948 
4379.324695 0.326087 0.038342 
4380.895680 0.300993 0.038206 
4382.466665 0.494954 0.039618 
4384.037650 1.028652 0.042728 
4385.608635 1.451506 0.052746 
4387.179620 1.712517 0.049882 
4388.750604 1.815362 0.048540 
4390.321589 0.878496 0.047221 
4391.892574 0.375978 0.037765 
4393.463559 0.325077 0.037367 
4395.034544 0.405031 0.038084 
4396.605529 0.335609 0.037038 
4398.176514 0.286223 0.036922 
4399.747498 0.268772 0.036878 
4401.318483 0.360842 0.037692 
4402.889468 0.274033 0.037748 
4404.460453 0.344651 0.039002 
4406.031438 0.365928 0.039500 
4407.602423 0.324165 0.039664 
4409.173407 0.336065 0.039798 
4410.744392 0.255719 0.039490 
4412.315377 0.216614 0.039577 
4413.886362 0.418711 0.040905 
4415.457347 0.386528 0.040882 
4417.028332 0.313868 0.040742 
4418.599317 0.331350 0.040536 
4420.170301 0.318707 0.039762 
4421.741286 0.432944 0.041604 
4423.312271 0.373767 0.040744 
4424.883256 0.370147 0.040198 
4426.454241 0.333484 0.040156 
4428.025226 0.387131 0.040564 
4429.596210 0.386270 0.040180 
4431.167195 0.353393 0.039937 
4432.738180 0.290876 0.039964 
4434.309165 0.216758 0.039335 
4435.880150 0.320531 0.039418 
4437.451135 0.304768 0.038981 
4439.022120 0.298418 0.039579 
4440.593104 0.320685 0.040537 
4442.164089 0.387639 0.040547 
4443.735074 0.399457 0.039802 
4445.306059 0.270608 0.038731 
4446.877044 0.334998 0.040218 
4448.448029 0.351755 0.039894 
4450.019013 0.385715 0.039739 
4451.589998 0.481728 0.040492 
4453.160983 0.283934 0.039218 
4454.731968 0.351110 0.039469 
4456.302953 0.508023 0.040758 
4457.873938 0.405983 0.039437 
4459.444923 0.414359 0.039332 
4461.015907 0.407714 0.039061 
4462.586892 0.372074 0.042928 
4464.157877 0.441923 0.040859 
4465.728862 0.376862 0.041050 
4467.299847 0.316143 0.038972 
4468.870832 0.408383 0.039347 
4470.441816 0.280743 0.037944 
4472.012801 0.378289 0.038384 
4473.583786 0.273129 0.037973 
4475.154771 0.363632 0.039316 
4476.725756 0.366645 0.039563 
4478.296741 0.486022 0.040264 
4479.867726 0.428610 0.039840 
4481.438710 0.470741 0.041308 
4483.009695 0.392440 0.045427 
4484.580680 0.487311 0.040935 
4486.151665 0.457599 0.041205 
4487.722650 0.366054 0.039894 
4489.293635 0.388462 0.039060 
4490.864619 0.343418 0.038842 
4492.435604 0.382548 0.039563 
4494.006589 0.353463 0.039666 
4495.577574 0.274621 0.038854 
4497.148559 0.469436 0.040096 
4498.719544 0.496361 0.040540 
4500.290529 0.380649 0.039565 
4501.861513 0.350655 0.039143 
4503.432498 0.493367 0.040668 
4505.003483 0.374617 0.039782 
4506.574468 0.412978 0.040120 
4508.145453 0.363406 0.040182 
4509.716438 0.416431 0.040523 
4511.287422 0.355589 0.039915 
4512.858407 0.451770 0.040957 
4514.429392 0.471455 0.041027 
4516.000377 0.384789 0.039778 
4517.571362 0.434033 0.040678 
4519.142347 0.306588 0.039308 
4520.713332 0.390696 0.040222 
4522.284316 0.315106 0.040368 
4523.855301 0.323106 0.041006 
4525.426286 0.490024 0.042310 
4526.997271 0.483025 0.041539 
4528.568256 0.422937 0.040768 
4530.139241 0.446840 0.041308 
4531.710226 0.526250 0.042063 
4533.281210 0.419203 0.041911 
4534.852195 0.426321 0.041831 
4536.423180 0.440754 0.041727 
4537.994165 0.452245 0.042135 
4539.565150 0.461193 0.041968 
4541.136135 0.447983 0.041578 
4542.707119 0.441119 0.041420 
4544.278104 0.481988 0.042155 
4545.849089 0.411013 0.041712 
4547.420074 0.527606 0.042481 
4548.991059 0.490280 0.041548 
4550.562044 0.520986 0.041816 
4552.133029 0.612924 0.042950 
4553.704013 0.676215 0.045666 
4555.274998 0.551594 0.041937 
4556.845983 0.553173 0.047230 
4558.416968 0.538241 0.041225 
4559.987953 0.538656 0.041371 
4561.558938 0.487112 0.041150 
4563.129922 0.484937 0.041348 
4564.700907 0.515373 0.041191 
4566.271892 0.564646 0.041643 
4567.842877 0.464946 0.040644 
4569.413862 0.491513 0.041088 
4570.984847 0.463413 0.045512 
4572.555832 0.400638 0.044392 
4574.126816 0.461876 0.039998 
4575.697801 0.636882 0.042227 
4577.268786 0.602432 0.043003 
4578.839771 0.504795 0.043101 
4580.410756 0.533117 0.042933 
4581.981741 0.539857 0.042009 
4583.552725 0.592218 0.042358 
4585.123710 0.481633 0.041512 
4586.694695 0.537959 0.042029 
4588.265680 0.469552 0.041256 
4589.836665 0.541398 0.042185 
4591.407650 0.529800 0.042118 
4592.978635 0.616602 0.042499 
4594.549619 0.550465 0.041556 
4596.120604 0.557909 0.041755 
4597.691589 0.579240 0.042284 
4599.262574 0.578605 0.041677 
4600.833559 0.545908 0.041197 
4602.404544 0.606810 0.041196 
4603.975528 0.588652 0.041115 
4605.546513 0.501519 0.040816 
4607.117498 0.551398 0.041046 
4608.688483 0.595981 0.042052 
4610.259468 0.534492 0.041780 
4611.830453 0.499302 0.041908 
4613.401438 0.602880 0.041884 
4614.972422 0.618221 0.041633 
4616.543407 0.526685 0.041119 
4618.114392 0.584464 0.041968 
4619.685377 0.514911 0.041545 
4621.256362 0.543515 0.041385 
4622.827347 0.521242 0.041569 
4624.398331 0.543747 0.041881 
4625.969316 0.567794 0.041684 
4627.540301 0.487241 0.041063 
4629.111286 0.425828 0.040743 
4630.682271 0.471390 0.041438 
4632.253256 0.552997 0.041733 
4633.824241 0.521495 0.041157 
4635.395225 0.508371 0.041304 
4636.966210 0.572834 0.041872 
4638.537195 0.602956 0.042014 
4640.108180 0.563666 0.041418 
4641.679165 0.524353 0.043181 
4643.250150 0.551096 0.042554 
4644.821134 0.529641 0.047465 
4646.392119 0.588029 0.041492 
4647.963104 0.589703 0.041265 
4649.534089 0.545520 0.040467 
4651.105074 0.563960 0.041181 
4652.676059 0.624930 0.041849 
4654.247044 0.626352 0.042443 
4655.818028 0.497364 0.043141 
4657.389013 0.541414 0.043612 
4658.959998 0.546050 0.043262 
4660.530983 0.532600 0.051237 
4662.101968 0.505619 0.045249 
4663.672953 0.565286 0.043355 
4665.243937 0.450254 0.041364 
4666.814922 0.459236 0.041381 
4668.385907 0.446238 0.040939 
4669.956892 0.464102 0.040632 
4671.527877 0.550713 0.041829 
4673.098862 0.516993 0.042454 
4674.669847 0.503805 0.045194 
4676.240831 0.433170 0.041892 
4677.811816 0.611677 0.042935 
4679.382801 0.588936 0.042301 
4680.953786 0.576867 0.042269 
4682.524771 0.621386 0.042753 
4684.095756 0.539121 0.042261 
4685.666740 0.617577 0.042877 
4687.237725 0.609057 0.042306 
4688.808710 0.573931 0.042034 
4690.379695 0.500048 0.041302 
4691.950680 0.590408 0.042065 
4693.521665 0.710132 0.042820 
4695.092650 0.563713 0.041910 
4696.663634 0.717531 0.043268 
4698.234619 0.652659 0.042647 
4699.805604 0.608296 0.041848 
4701.376589 0.578085 0.041488 
4702.947574 0.574754 0.041438 
4704.518559 0.617165 0.041841 
4706.089543 0.580483 0.041528 
4707.660528 0.471048 0.040791 
4709.231513 0.675772 0.042758 
4710.802498 0.664668 0.044514 
4712.373483 0.609064 0.042994 
4713.944468 0.618464 0.042136 
4715.515453 0.571386 0.041429 
4717.086437 0.620672 0.042024 
4718.657422 0.588991 0.041896 
4720.228407 0.662546 0.042488 
4721.799392 0.561462 0.041533 
4723.370377 0.599240 0.041796 
4724.941362 0.578606 0.041801 
4726.512346 0.519396 0.041425 
4728.083331 0.678643 0.042163 
4729.654316 0.531481 0.044533 
4731.225301 0.428120 0.040932 
4732.796286 0.584523 0.043999 
4734.367271 0.613769 0.044479 
4735.938256 0.611006 0.041939 
4737.509240 0.538645 0.040887 
4739.080225 0.571665 0.041123 
4740.651210 0.589593 0.041412 
4742.222195 0.696408 0.042167 
4743.793180 0.588933 0.040956 
4745.364165 0.594677 0.041235 
4746.935150 0.556727 0.040862 
4748.506134 0.576073 0.041488 
4750.077119 0.659604 0.041658 
4751.648104 0.645128 0.045760 
4753.219089 0.656521 0.046907 
4754.790074 0.622600 0.041296 
4756.361059 0.686223 0.041912 
4757.932043 0.590391 0.040932 
4759.503028 0.553776 0.041003 
4761.074013 0.568561 0.040932 
4762.644998 0.672705 0.041981 
4764.215983 0.620594 0.041151 
4765.786968 0.629717 0.041257 
4767.357953 0.643803 0.040916 
4768.928937 0.600741 0.040945 
4770.499922 0.647343 0.041337 
4772.070907 0.591704 0.041604 
4773.641892 0.601057 0.043626 
4775.212877 0.584168 0.044281 
4776.783862 0.622769 0.043151 
4778.354846 0.619994 0.041693 
4779.925831 0.564910 0.041108 
4781.496816 0.567538 0.041073 
4783.067801 0.576950 0.040736 
4784.638786 0.571646 0.041192 
4786.209771 0.644664 0.041664 
4787.780756 0.678633 0.041797 
4789.351740 0.690705 0.041991 
4790.922725 0.632604 0.041089 
4792.493710 0.665158 0.041793 
4794.064695 0.661465 0.042206 
4795.635680 0.541607 0.040915 
4797.206665 0.600392 0.042333 
4798.777649 0.626816 0.042437 
4800.348634 0.668546 0.041948 
4801.919619 0.621437 0.042055 
4803.490604 0.551127 0.042171 
4805.061589 0.531708 0.041847 
4806.632574 0.519255 0.041075 
4808.203559 0.500609 0.040607 
4809.774543 0.593970 0.041312 
4811.345528 0.625748 0.041573 
4812.916513 0.696834 0.042491 
4814.487498 0.539532 0.041014 
4816.058483 0.539771 0.041659 
4817.629468 0.558474 0.042297 
4819.200452 0.496359 0.042236 
4820.771437 0.576113 0.042978 
4822.342422 0.547120 0.042712 
4823.913407 0.495364 0.042097 
4825.484392 0.582556 0.042434 
4827.055377 0.764179 0.044777 
4828.626362 0.672989 0.045120 
4830.197346 0.547909 0.042730 
4831.768331 0.533649 0.048578 
4833.339316 0.532408 0.042323 
4834.910301 0.521339 0.042408 
4836.481286 0.558578 0.042778 
4838.052271 0.572222 0.042644 
4839.623255 0.588123 0.042761 
4841.194240 0.634422 0.043117 
4842.765225 0.546506 0.041981 
4844.336210 0.538783 0.041854 
4845.907195 0.567312 0.042105 
4847.478180 0.562011 0.042041 
4849.049165 0.531401 0.049152 
4850.620149 0.592923 0.041724 
4852.191134 0.488185 0.040512 
4853.762119 0.541280 0.041263 
4855.333104 0.671559 0.041930 
4856.904089 0.590179 0.040658 
4858.475074 0.572635 0.040194 
4860.046058 0.584642 0.040664 
4861.617043 0.585493 0.042209 
4863.188028 0.655786 0.043362 
4864.759013 0.590676 0.041959 
4866.329998 0.530222 0.039972 
4867.900983 0.562296 0.040760 
4869.471968 0.627756 0.041139 
4871.042952 0.616411 0.040805 
4872.613937 0.634905 0.040970 
4874.184922 0.522910 0.039727 
4875.755907 0.576762 0.039838 
4877.326892 0.678128 0.041464 
4878.897877 0.545839 0.040434 
4880.468861 0.589159 0.041427 
4882.039846 0.562756 0.041560 
4883.610831 0.494064 0.040967 
4885.181816 0.610349 0.042697 
4886.752801 0.634406 0.042063 
4888.323786 0.712421 0.042554 
4889.894771 0.695801 0.042589 
4891.465755 0.635620 0.042301 
4893.036740 0.581143 0.042007 
4894.607725 0.634794 0.042324 
4896.178710 0.558607 0.041506 
4897.749695 0.570147 0.041616 
4899.320680 0.665756 0.041816 
4900.891664 0.643072 0.041739 
4902.462649 0.570518 0.041560 
4904.033634 0.540491 0.041162 
4905.604619 0.563872 0.042317 
4907.175604 0.573442 0.042428 
4908.746589 0.564871 0.041973 
4910.317574 0.593182 0.041463 
4911.888558 0.615224 0.041546 
4913.459543 0.604371 0.041568 
4915.030528 0.543692 0.041196 
4916.601513 0.624772 0.042006 
4918.172498 0.635803 0.042143 
4919.743483 0.568908 0.040952 
4921.314467 0.630860 0.040947 
4922.885452 0.631590 0.041088 
4924.456437 0.700359 0.042690 
4926.027422 0.622430 0.042900 
4927.598407 0.657239 0.042957 
4929.169392 0.537101 0.041375 
4930.740377 0.510374 0.040751 
4932.311361 0.622590 0.041912 
4933.882346 0.591626 0.041374 
4935.453331 0.588103 0.043903 
4937.024316 0.642087 0.042601 
4938.595301 0.597005 0.045519 
4940.166286 0.655773 0.043895 
4941.737270 0.574668 0.041384 
4943.308255 0.583649 0.041466 
4944.879240 0.552902 0.041342 
4946.450225 0.487989 0.040534 
4948.021210 0.611666 0.041714 
4949.592195 0.671146 0.042437 
4951.163180 0.585563 0.042375 
4952.734164 0.605551 0.042530 
4954.305149 0.528170 0.042637 
4955.876134 0.603311 0.042433 
4957.447119 0.651829 0.041949 
4959.018104 0.650921 0.041627 
4960.589089 0.490520 0.042631 
4962.160073 0.614625 0.049058 
4963.731058 0.607235 0.041951 
4965.302043 0.716464 0.043138 
4966.873028 0.615070 0.044055 
4968.444013 0.461091 0.046440 
4970.014998 0.558675 0.047590 
4971.585983 0.500560 0.044836 
4973.156967 0.455251 0.042254 
4974.727952 0.569598 0.042474 
4976.298937 0.524654 0.041606 
4977.869922 0.563818 0.041860 
4979.440907 0.596714 0.042451 
4981.011892 0.518380 0.041031 
4982.582877 0.633308 0.041900 
4984.153861 0.528287 0.040491 
4985.724846 0.482579 0.040105 
4987.295831 0.587266 0.041777 
4988.866816 0.623263 0.042742 
4990.437801 0.620640 0.042649 
4992.008786 0.466047 0.041552 
4993.579770 0.567333 0.042747 
4995.150755 0.636537 0.043222 
4996.721740 0.578225 0.042443 
4998.292725 0.646255 0.042808 
4999.863710 0.545202 0.041774 
5001.434695 0.544810 0.041433 
5003.005680 0.549051 0.041560 
5004.576664 0.592086 0.042321 
5006.147649 0.583606 0.041642 
5007.718634 0.618225 0.042357 
5009.289619 0.563449 0.042128 
5010.860604 0.558399 0.043250 
5012.431589 0.747075 0.059387 
5014.002573 0.650928 0.058620 
5015.573558 0.616034 0.045313 
5017.144543 0.637146 0.045468 
5018.715528 0.586302 0.042848 
5020.286513 0.591095 0.043167 
5021.857498 0.616450 0.043405 
5023.428483 0.670618 0.042887 
5024.999467 0.491717 0.041049 
5026.570452 0.554352 0.041481 
5028.141437 0.547661 0.041230 
5029.712422 0.683143 0.042209 
5031.283407 0.630092 0.042197 
5032.854392 0.517213 0.041447 
5034.425376 0.585816 0.041742 
5035.996361 0.570004 0.041663 
5037.567346 0.572127 0.041498 
5039.138331 0.573889 0.041371 
5040.709316 0.469876 0.040203 
5042.280301 0.536401 0.040619 
5043.851286 0.641737 0.041740 
5045.422270 0.608966 0.041949 
5046.993255 0.534409 0.041373 
5048.564240 0.617198 0.041857 
5050.135225 0.561295 0.041298 
5051.706210 0.612846 0.041448 
5053.277195 0.556400 0.041517 
5054.848179 0.585565 0.041379 
5056.419164 0.510023 0.040834 
5057.990149 0.537863 0.041378 
5059.561134 0.533830 0.041528 
5061.132119 0.536771 0.041758 
5062.703104 0.562246 0.042008 
5064.274089 0.495162 0.040893 
5065.845073 0.511296 0.041058 
5067.416058 0.631625 0.042266 
5068.987043 0.570791 0.041909 
5070.558028 0.562824 0.042300 
5072.129013 0.548678 0.041448 
5073.699998 0.573022 0.043090 
5075.270982 0.531607 0.042507 
5076.841967 0.625553 0.042474 
5078.412952 0.498565 0.041117 
5079.983937 0.583477 0.046435 
5081.554922 0.616559 0.042184 
5083.125907 0.605879 0.041937 
5084.696892 0.549755 0.041620 
5086.267876 0.615788 0.042492 
5087.838861 0.588396 0.042026 
5089.409846 0.574338 0.042094 
5090.980831 0.547517 0.042169 
5092.551816 0.526992 0.041926 
5094.122801 0.517781 0.041578 
5095.693785 0.604518 0.042397 
5097.264770 0.557326 0.041545 
5098.835755 0.584325 0.041740 
5100.406740 0.587451 0.041796 
5101.977725 0.593377 0.041858 
5103.548710 0.596557 0.043380 
5105.119695 0.539332 0.043069 
5106.690679 0.801583 0.044819 
5108.261664 0.843961 0.043447 
5109.832649 0.717384 0.042680 
5111.403634 0.623198 0.042106 
5112.974619 0.513362 0.043989 
5114.545604 0.597727 0.043566 
5116.116588 0.479278 0.045630 
5117.687573 0.560813 0.041674 
5119.258558 0.563628 0.042534 
5120.829543 0.565522 0.042195 
5122.400528 0.642500 0.042780 
5123.971513 0.596931 0.042136 
5125.542498 0.573610 0.041966 
5127.113482 0.575338 0.041991 
5128.684467 0.588651 0.042373 
5130.255452 0.633740 0.043102 
5131.826437 0.730262 0.044420 
5133.397422 0.602271 0.043592 
5134.968407 0.594025 0.044064 
5136.539391 0.590833 0.043737 
5138.110376 0.507603 0.043200 
5139.681361 0.684958 0.044558 
5141.252346 0.639996 0.043905 
5142.823331 0.628126 0.044216 
5144.394316 0.581409 0.043925 
5145.965301 0.552655 0.043532 
5147.536285 0.546731 0.043428 
5149.107270 0.654198 0.043883 
5150.678255 0.586402 0.042916 
5152.249240 0.611356 0.043152 
5153.820225 0.649641 0.043637 
5155.391210 0.633623 0.042986 
5156.962194 0.578914 0.042365 
5158.533179 0.546514 0.042156 
5160.104164 0.519810 0.041478 
5161.675149 0.660241 0.042814 
5163.246134 0.638931 0.042453 
5164.817119 0.645117 0.042045 
5166.388104 0.615431 0.041496 
5167.959088 0.554183 0.040443 
5169.530073 0.542315 0.039966 
5171.101058 0.589296 0.040772 
5172.672043 0.469409 0.039104 
5174.243028 0.627784 0.040376 
5175.814013 0.580932 0.040841 
5177.384997 0.579354 0.041435 
5178.955982 0.624664 0.042094 
5180.526967 0.648632 0.042367 
5182.097952 0.674338 0.042210 
5183.668937 0.625410 0.040914 
5185.239922 0.562304 0.039902 
5186.810907 0.630147 0.042587 
5188.381891 0.608274 0.045016 
5189.952876 0.631629 0.045776 
5191.523861 0.735629 0.045728 
5193.094846 0.605781 0.043958 
5194.665831 0.635216 0.043880 
5196.236816 0.745005 0.048692 
5197.807800 0.630483 0.069724 
5199.378785 0.686532 0.079927 
5200.949770 0.713483 0.077398 
5202.520755 0.760553 0.066824 
5204.091740 0.764324 0.053318 
5205.662725 0.571372 0.046630 
5207.233710 0.669973 0.045327 
5208.804694 0.763592 0.046029 
5210.375679 0.676285 0.045169 
5211.946664 0.655513 0.045021 
5213.517649 0.636594 0.045138 
5215.088634 0.639851 0.045746 
5216.659619 0.689318 0.046257 
5218.230604 0.591178 0.045387 
5219.801588 0.693119 0.046372 
5221.372573 0.821770 0.046492 
5222.943558 0.771741 0.046616 
5224.514543 0.725658 0.047884 
5226.085528 0.657868 0.047554 
5227.656513 0.736832 0.045404 
5229.227497 0.670532 0.043984 
5230.798482 0.699434 0.045025 
5232.369467 0.640313 0.045274 
5233.940452 0.777056 0.046238 
5235.511437 0.559204 0.043799 
5237.082422 0.719560 0.045641 
5238.653407 0.684319 0.048712 
5240.224391 0.740857 0.049239 
5241.795376 0.806154 0.048123 
5243.366361 0.700659 0.045629 
5244.937346 0.736079 0.045095 
5246.508331 0.623632 0.044641 
5248.079316 0.735943 0.046006 
5249.650300 0.725738 0.046722 
5251.221285 0.825216 0.047793 
5252.792270 0.781524 0.047063 
5254.363255 0.737431 0.047322 
5255.934240 0.935120 0.051761 
5257.505225 0.724305 0.050565 
5259.076210 0.699861 0.048738 
5260.647194 0.776805 0.047148 
5262.218179 0.783105 0.046878 
5263.789164 0.817288 0.046389 
5265.360149 0.754889 0.045612 
5266.931134 0.866863 0.046391 
5268.502119 0.671300 0.044733 
5270.073103 0.763677 0.046025 
5271.644088 0.741250 0.046312 
5273.215073 0.732118 0.046343 
5274.786058 0.758785 0.047987 
5276.357043 0.757927 0.049961 
5277.928028 0.671689 0.048752 
5279.499013 0.810578 0.048240 
5281.069997 0.782524 0.046677 
5282.640982 0.833940 0.046769 
5284.211967 0.847311 0.046528 
5285.782952 0.771586 0.045773 
5287.353937 0.765146 0.046275 
5288.924922 0.766168 0.046610 
5290.495906 0.809414 0.047185 
5292.066891 0.761169 0.046387 
5293.637876 0.801543 0.047604 
5295.208861 0.794493 0.047203 
5296.779846 0.908705 0.047639 
5298.350831 0.794793 0.047455 
5299.921816 0.805655 0.048545 
5301.492800 0.822420 0.049063 
5303.063785 0.755109 0.047295 
5304.634770 0.809217 0.047962 
5306.205755 0.753513 0.047793 
5307.776740 0.838762 0.048781 
5309.347725 0.838146 0.048563 
5310.918709 0.778675 0.048074 
5312.489694 0.822017 0.049294 
5314.060679 0.784877 0.049942 
5315.631664 0.715913 0.048874 
5317.202649 0.840476 0.048921 
5318.773634 0.720131 0.047838 
5320.344619 0.847340 0.049130 
5321.915603 0.811802 0.049116 
5323.486588 0.802075 0.049320 
5325.057573 0.838168 0.049647 
5326.628558 0.812754 0.049579 
5328.199543 0.968016 0.051729 
5329.770528 0.781762 0.056660 
5331.341512 0.665850 0.060482 
5332.912497 0.813238 0.057763 
5334.483482 0.943107 0.051984 
5336.054467 0.757925 0.048652 
5337.625452 0.868973 0.050096 
5339.196437 0.761189 0.048263 
5340.767422 0.855399 0.048764 
5342.338406 0.903304 0.049361 
5343.909391 0.787239 0.048389 
5345.480376 0.880043 0.049229 
5347.051361 0.798373 0.048685 
5348.622346 0.781156 0.048433 
5350.193331 0.936009 0.049865 
5351.764315 0.781121 0.048676 
5353.335300 0.832623 0.049216 
5354.906285 0.842214 0.049029 
5356.477270 0.876505 0.049621 
5358.048255 0.945546 0.049981 
5359.619240 0.788669 0.048881 
5361.190225 0.770756 0.048281 
5362.761209 0.884935 0.049131 
5364.332194 0.751541 0.047891 
5365.903179 0.683534 0.047201 
5367.474164 0.790835 0.048476 
5369.045149 0.865931 0.049346 
5370.616134 0.824420 0.048834 
5372.187118 0.834767 0.049579 
5373.758103 0.842379 0.049472 
5375.329088 0.842831 0.049583 
5376.900073 0.821526 0.049322 
5378.471058 0.812854 0.049155 
5380.042043 0.791111 0.049048 
5381.613028 0.837353 0.049303 
5383.184012 0.764810 0.048635 
5384.754997 0.793288 0.049140 
5386.325982 0.822391 0.049495 
5387.896967 0.752069 0.049022 
5389.467952 0.888242 0.050191 
5391.038937 0.983641 0.050522 
5392.609921 0.863023 0.049550 
5394.180906 0.777669 0.048398 
5395.751891 0.840991 0.049493 
5397.322876 1.034083 0.051011 
5398.893861 0.866530 0.049321 
5400.464846 0.749245 0.048594 
5402.035831 0.844444 0.049504 
5403.606815 0.791156 0.049244 
5405.177800 0.734957 0.048599 
5406.748785 0.859352 0.049556 
5408.319770 0.923094 0.050275 
5409.890755 0.847834 0.049892 
5411.461740 0.719382 0.048355 
5413.032724 0.806479 0.048980 
5414.603709 0.766157 0.048639 
5416.174694 0.843638 0.049790 
5417.745679 0.887379 0.050516 
5419.316664 0.881067 0.050534 
5420.887649 0.838467 0.050025 
5422.458634 0.939779 0.050980 
5424.029618 0.856135 0.050074 
5425.600603 0.942268 0.050484 
5427.171588 0.888056 0.050488 
5428.742573 0.911547 0.050988 
5430.313558 0.872131 0.050148 
5431.884543 0.883905 0.050490 
5433.455527 0.763186 0.049521 
5435.026512 0.790124 0.051184 
5436.597497 0.835358 0.053814 
5438.168482 0.837309 0.054125 
5439.739467 0.714740 0.051429 
5441.310452 0.901972 0.045713 
5442.881437 0.770998 0.049881 
5444.452421 0.898890 0.046015 
5446.023406 0.771382 0.049890 
5447.594391 0.771994 0.049576 
5449.165376 0.845868 0.050655 
5450.736361 0.956838 0.051553 
5452.307346 0.845538 0.050936 
5453.878331 0.745904 0.050018 
5455.449315 0.715705 0.049728 
5457.020300 0.847230 0.050991 
5458.591285 0.856923 0.051374 
5460.162270 0.845427 0.051574 
5461.733255 0.683859 0.050793 
5463.304240 0.770634 0.050874 
5464.875224 0.836879 0.051076 
5466.446209 0.814762 0.050539 
5468.017194 0.805351 0.050996 
5469.588179 0.775897 0.050923 
5471.159164 0.828838 0.050897 
5472.730149 0.840259 0.045938 
5474.301134 0.887415 0.051782 
5475.872118 0.931021 0.051923 
5477.443103 0.814372 0.049135 
5479.014088 0.693980 0.049331 
5480.585073 0.910612 0.051967 
5482.156058 0.787943 0.051031 
5483.727043 0.751795 0.050912 
5485.298027 0.839147 0.051921 
5486.869012 0.792490 0.051431 
5488.439997 0.866677 0.052256 
5490.010982 0.790024 0.051599 
5491.581967 0.706650 0.050986 
5493.152952 0.680047 0.050759 
5494.723937 0.713664 0.051160 
5496.294921 0.817573 0.051570 
5497.865906 0.751100 0.051862 
5499.436891 0.796075 0.052387 
5501.007876 0.726511 0.052027 
5502.578861 0.708979 0.051792 
5504.149846 0.867531 0.053088 
5505.720830 0.867968 0.053078 
5507.291815 0.847429 0.052531 
5508.862800 0.671189 0.051732 
5510.433785 0.779973 0.052548 
5512.004770 0.868950 0.053930 
5513.575755 0.761067 0.053844 
5515.146740 0.791387 0.053707 
5516.717724 0.771594 0.053039 
5518.288709 0.751970 0.052662 
5519.859694 0.766468 0.052951 
5521.430679 0.810624 0.053782 
5523.001664 0.782234 0.053678 
5524.572649 0.675227 0.053036 
5526.143633 0.696931 0.052775 
5527.714618 0.790954 0.053560 
5529.285603 0.759382 0.053259 
5530.856588 0.747540 0.053862 
5532.427573 0.733215 0.053992 
5533.998558 0.694884 0.054043 
5535.569543 0.693085 0.053647 
5537.140527 0.737889 0.054051 
5538.711512 0.645608 0.053950 
5540.282497 0.727002 0.055093 
5541.853482 0.865105 0.058858 
5543.424467 0.728650 0.060030 
5544.995452 0.697036 0.061766 
5546.566436 0.687606 0.060059 
5548.137421 0.744037 0.057967 
5549.708406 0.655823 0.057504 
5551.279391 0.630376 0.057466 
5552.850376 0.603708 0.056935 
5554.421361 0.777757 0.058458 
5555.992346 0.828499 0.059044 
5557.563330 0.695630 0.058610 
5559.134315 0.747740 0.059594 
5560.705300 0.715079 0.059499 
5562.276285 0.806161 0.062173 
5563.847270 0.669152 0.066275 
5565.418255 0.806660 0.067319 
5566.989239 0.784463 0.059634 
5568.560224 0.841502 0.060988 
5570.131209 0.809064 0.066732 
5571.702194 0.802401 0.067193 
5573.273179 0.714217 0.066741 
5574.844164 0.719001 0.087297 
5576.415149 0.879658 0.231400 
5577.986133 0.748301 0.367455 
5579.557118 0.632720 0.355086 
5581.128103 0.730885 0.215089 
5582.699088 1.007787 0.093345 
5584.270073 0.732773 0.066581 
5585.841058 0.644957 0.068344 
5587.412042 0.660913 0.076696 
5588.983027 0.596976 0.064884 
5590.554012 0.923502 0.065275 
5592.124997 0.611012 0.065589 
5593.695982 0.687662 0.061489 
5595.266967 1.037115 0.059893 
5596.837952 0.749992 0.059006 
5598.408936 0.613195 0.058636 
5599.979921 0.736528 0.058943 
5601.550906 0.758411 0.057513 
5603.121891 0.792288 0.056887 
5604.692876 0.748401 0.058157 
5606.263861 0.789621 0.060171 
5607.834845 0.713986 0.059052 
5609.405830 0.715308 0.057651 
5610.976815 0.696854 0.058778 
5612.547800 0.679481 0.058739 
5614.118785 0.620088 0.059992 
5615.689770 0.676735 0.056591 
5617.260755 0.830291 0.052837 
5618.831739 0.774570 0.052809 
5620.402724 0.838528 0.052140 
5621.973709 0.879005 0.051244 
5623.544694 0.839246 0.050934 
5625.115679 0.774584 0.050267 
5626.686664 0.750576 0.049445 
5628.257648 0.710697 0.048457 
5629.828633 0.704764 0.048162 
5631.399618 0.653418 0.047552 
5632.970603 0.775448 0.048399 
5634.541588 0.717467 0.047319 
5636.112573 0.717893 0.046431 
5637.683558 0.710947 0.046698 
5639.254542 0.705712 0.046905 
5640.825527 0.787372 0.048011 
5642.396512 0.697428 0.046122 
5643.967497 0.700512 0.046148 
5645.538482 0.586146 0.038337 
5647.109467 0.676044 0.039101 
5648.680451 0.868797 0.039105 
5650.251436 0.806560 0.037239 
5651.822421 0.754895 0.036193 
5653.393406 0.673999 0.035879 
5654.964391 0.744568 0.036170 
5656.535376 0.782103 0.035606 
5658.106361 0.699917 0.035188 
5659.677345 0.866234 0.035821 
5661.248330 0.805092 0.035428 
5662.819315 0.722854 0.034901 
5664.390300 0.693629 0.034803 
5665.961285 0.808969 0.035444 
5667.532270 0.849077 0.035569 
5669.103254 0.889184 0.035694 
5670.674239 0.929292 0.035819 
5672.245224 0.969399 0.035944 
5673.816209 0.974621 0.035761 
5675.387194 0.810683 0.034162 
5676.958179 0.691312 0.033211 
5678.529164 0.771365 0.033679 
5680.100148 0.786367 0.033559 
5681.671133 0.763821 0.033381 
5683.242118 0.772485 0.033077 
5684.813103 0.721642 0.032902 
5686.384088 0.741218 0.032835 
5687.955073 0.689241 0.032189 
5689.526058 0.768155 0.032552 
5691.097042 0.895969 0.033163 
5692.668027 0.876213 0.033215 
5694.239012 0.818417 0.032674 
5695.809997 0.794501 0.032350 
5697.380982 0.745061 0.032111 
5698.951967 0.740117 0.032028 
5700.522951 0.783604 0.034172 
5702.093936 0.817889 0.035545 
5703.664921 0.762995 0.033076 
5705.235906 0.741355 0.033917 
5706.806891 0.771169 0.035772 
5708.377876 0.766731 0.035772 
5709.948861 0.736776 0.033531 
5711.519845 0.757410 0.029680 
5713.090830 0.697394 0.024664 
5714.661815 0.766419 0.027215 
5716.232800 0.792247 0.029539 
5717.803785 0.945593 0.031579 
5719.374770 1.256122 0.033339 
5720.945754 1.394638 0.033612 
5722.516739 1.149408 0.032070 
5724.087724 0.798012 0.030116 
5725.658709 0.677551 0.029246 
5727.229694 0.529934 0.028244 
5728.800679 0.513285 0.027436 
5730.371664 0.544504 0.027170 
5731.942648 0.585319 0.031213 
5733.513633 0.601794 0.028786 
5735.084618 0.638412 0.027707 
5736.655603 0.792875 0.028589 
5738.226588 0.652940 0.027750 
5739.797573 0.579225 0.027587 
5741.368557 0.514436 0.026594 
5742.939542 0.469136 0.026057 
5744.510527 0.505133 0.025934 
5746.081512 0.564972 0.026275 
5747.652497 0.573001 0.026697 
5749.223482 0.504135 0.025812 
5750.794467 0.520594 0.025849 
5752.365451 0.555297 0.026104 
5753.936436 0.590000 0.026360 
5755.507421 0.624703 0.026616 
5757.078406 0.659406 0.026871 
5758.649391 0.624727 0.023265 
5760.220376 0.623246 0.022633 
5761.791360 0.613076 0.024007 
5763.362345 0.546216 0.024511 
5764.933330 0.740519 0.027434 
5766.504315 0.817903 0.028156 
5768.075300 0.656823 0.027362 
5769.646285 0.681910 0.027413 
5771.217270 0.827210 0.028063 
5772.788254 0.744045 0.027363 
5774.359239 0.740101 0.026710 
5775.930224 0.720827 0.026376 
5777.501209 0.768600 0.026828 
5779.072194 0.705952 0.026774 
5780.643179 0.771096 0.027167 
5782.214163 0.656538 0.031688 
5783.785148 0.752739 0.039337 
5785.356133 0.848940 0.046985 
5786.927118 0.916036 0.050423 
5788.498103 0.789126 0.026762 
5790.069088 0.766160 0.026215 
5791.640073 0.717686 0.027234 
5793.211057 0.793441 0.029865 
5794.782042 0.700073 0.029433 
5796.353027 0.853119 0.030526 
5797.924012 0.702392 0.026578 
5799.494997 0.733868 0.026589 
5801.065982 0.714215 0.026444 
5802.636966 0.693660 0.026631 
5804.207951 0.756468 0.027046 
5805.778936 0.689795 0.026778 
5807.349921 0.713526 0.026491 
5808.920906 0.689112 0.025574 
5810.491891 0.695186 0.021596 
5812.062876 0.723773 0.023101 
5813.633860 0.733615 0.023845 
5815.204845 0.723746 0.024908 
5816.775830 0.677590 0.026207 
5818.346815 0.647444 0.025866 
5819.917800 0.674663 0.025846 
5821.488785 0.610884 0.025609 
5823.059769 0.758612 0.026341 
5824.630754 0.781225 0.026497 
5826.201739 0.721465 0.026254 
5827.772724 0.704473 0.026288 
5829.343709 0.773118 0.026410 
5830.914694 0.736762 0.026474 
5832.485679 0.771678 0.026739 
5834.056663 1.083607 0.027942 
5835.627648 1.217401 0.028761 
5837.198633 1.065918 0.028059 
5838.769618 0.875507 0.026889 
5840.340603 0.743360 0.026288 
5841.911588 0.687744 0.026028 
5843.482572 0.670169 0.025983 
5845.053557 0.720939 0.026150 
5846.624542 0.724132 0.026059 
5848.195527 0.687602 0.025684 
5849.766512 0.711402 0.025781 
5851.337497 0.747094 0.026175 
5852.908482 0.713501 0.026022 
5854.479466 0.746969 0.026037 
5856.050451 0.759819 0.026185 
5857.621436 0.726719 0.025986 
5859.192421 0.698474 0.025744 
5860.763406 0.709129 0.025913 
5862.334391 0.706296 0.026028 
5863.905375 0.666940 0.024931 
5865.476360 0.668039 0.024886 
5867.047345 0.708516 0.030432 
5868.618330 0.766729 0.032133 
5870.189315 0.784884 0.032704 
5871.760300 0.713757 0.030912 
5873.331285 0.790480 0.029468 
5874.902269 0.766889 0.028819 
5876.473254 0.791126 0.028510 
5878.044239 0.735852 0.027691 
5879.615224 0.758106 0.027306 
5881.186209 0.761618 0.027238 
5882.757194 0.784566 0.027450 
5884.328178 0.709392 0.027349 
5885.899163 0.667584 0.028525 
5887.470148 0.879838 0.035884 
5889.041133 1.435139 0.054849 
5890.612118 2.061503 0.070400 
5892.183103 2.262400 0.070836 
5893.754088 1.452774 0.055786 
5895.325072 1.006827 0.050833 
5896.896057 0.874617 0.054378 
5898.467042 0.739942 0.050880 
5900.038027 0.687743 0.038824 
5901.609012 0.733498 0.030352 
5903.179997 0.683888 0.028061 
5904.750981 0.794421 0.028876 
5906.321966 0.856174 0.030060 
5907.892951 0.788599 0.030201 
5909.463936 0.809222 0.029488 
5911.034921 0.717251 0.028256 
5912.605906 0.739494 0.040979 
5914.176891 0.812487 0.058088 
5915.747875 0.815258 0.041204 
5917.318860 0.792906 0.034960 
5918.889845 0.751515 0.031731 
5920.460830 0.793585 0.028944 
5922.031815 0.788942 0.027910 
5923.602800 0.801073 0.025647 
5925.173785 0.770444 0.025363 
5926.744769 0.700381 0.027602 
5928.315754 0.715076 0.028889 
5929.886739 0.732387 0.025394 
5931.457724 0.667637 0.029501 
5933.028709 0.731449 0.034896 
5934.599694 0.847502 0.037241 
5936.170678 0.744299 0.033465 
5937.741663 0.765440 0.029328 
5939.312648 0.751196 0.027373 
5940.883633 0.740915 0.027045 
5942.454618 0.797763 0.027526 
5944.025603 0.725910 0.027418 
5945.596588 0.689149 0.028954 
5947.167572 0.771932 0.030817 
5948.738557 0.613254 0.029422 
5950.309542 0.690786 0.028081 
5951.880527 0.798605 0.029075 
5953.451512 0.726048 0.032974 
5955.022497 0.758613 0.034903 
5956.593481 0.912933 0.033369 
5958.164466 0.821347 0.030015 
5959.735451 0.725550 0.028436 
5961.306436 0.787315 0.028232 
5962.877421 0.678931 0.027174 
5964.448406 0.731193 0.027021 
5966.019391 0.626774 0.026632 
5967.590375 0.702423 0.027084 
5969.161360 0.766051 0.028000 
5970.732345 0.648809 0.028966 
5972.303330 0.715012 0.029534 
5973.874315 0.682594 0.033534 
5975.445300 0.642168 0.037778 
5977.016284 0.601743 0.042022 
5978.587269 0.561318 0.046266 
5980.158254 0.777446 0.031542 
5981.729239 0.701389 0.028155 
5983.300224 0.750056 0.027376 
5984.871209 0.716429 0.026864 
5986.442194 0.594500 0.026113 
5988.013178 0.717824 0.026559 
5989.584163 0.764448 0.023047 
5991.155148 0.767770 0.022733 
5992.726133 0.739041 0.024561 
5994.297118 0.701125 0.025925 
5995.868103 0.701828 0.024597 
5997.439087 0.751080 0.027313 
5999.010072 0.755781 0.027965 
6000.581057 0.669514 0.027487 
6002.152042 0.687361 0.026944 
6003.723027 0.757286 0.028065 
6005.294012 0.817577 0.029393 
6006.864997 0.684241 0.028192 
6008.435981 0.742207 0.026709 
6010.006966 0.738456 0.026083 
6011.577951 0.679949 0.025837 
6013.148936 0.688457 0.025849 
6014.719921 0.739442 0.026090 
6016.290906 0.687772 0.025632 
6017.861890 0.861263 0.026463 
6019.432875 0.754622 0.025587 
6021.003860 0.643527 0.025467 
6022.574845 0.696108 0.025585 
6024.145830 0.684030 0.025449 
6025.716815 0.754068 0.025746 
6027.287800 0.806201 0.026282 
6028.858784 0.675095 0.026304 
6030.429769 0.699037 0.026186 
6032.000754 0.751342 0.026376 
6033.571739 0.843456 0.027051 
6035.142724 0.748553 0.027041 
6036.713709 0.578995 0.026321 
6038.284693 0.722765 0.025905 
6039.855678 0.773361 0.025834 
6041.426663 0.751967 0.025914 
6042.997648 0.726594 0.025488 
6044.568633 0.670768 0.025224 
6046.139618 0.674720 0.025468 
6047.710603 0.747611 0.025756 
6049.281587 0.722570 0.025573 
6050.852572 0.736145 0.025405 
6052.423557 0.665703 0.025039 
6053.994542 0.775498 0.025522 
6055.565527 0.771166 0.025372 
6057.136512 0.758044 0.025318 
6058.707496 0.757191 0.025225 
6060.278481 0.859024 0.025870 
6061.849466 0.803591 0.025669 
6063.420451 0.729198 0.021818 
6064.991436 0.756638 0.023507 
6066.562421 0.761509 0.024490 
6068.133406 0.727260 0.023125 
6069.704390 0.737209 0.023749 
6071.275375 0.701050 0.025205 
6072.846360 0.727911 0.025617 
6074.417345 0.654681 0.024654 
6075.988330 0.739224 0.024949 
6077.559315 0.711431 0.025016 
6079.130299 0.745737 0.024806 
6080.701284 0.659048 0.024847 
6082.272269 0.783227 0.024902 
6083.843254 0.745947 0.024990 
6085.414239 0.694196 0.024285 
6086.985224 0.735680 0.024900 
6088.556209 0.691778 0.024602 
6090.127193 0.623333 0.024439 
6091.698178 0.803988 0.025322 
6093.269163 0.886692 0.025347 
6094.840148 0.822181 0.025274 
6096.411133 0.722994 0.025007 
6097.982118 0.788025 0.025375 
6099.553102 0.762731 0.025455 
6101.124087 0.718977 0.025253 
6102.695072 0.791931 0.025534 
6104.266057 0.721243 0.025221 
6105.837042 0.936428 0.026209 
6107.408027 0.884003 0.025940 
6108.979012 0.783397 0.025870 
6110.549996 0.768593 0.025180 
6112.120981 0.768236 0.024794 
6113.691966 0.764604 0.024959 
6115.262951 0.793462 0.025305 
6116.833936 0.823509 0.025233 
6118.404921 0.800763 0.024835 
6119.975905 0.914940 0.025506 
6121.546890 0.819612 0.025143 
6123.117875 0.746630 0.024971 
6124.688860 0.784575 0.024516 
6126.259845 0.762935 0.025267 
6127.830830 0.821967 0.025331 
6129.401815 0.791321 0.024849 
6130.972799 0.815199 0.024694 
6132.543784 0.838441 0.024899 
6134.114769 0.875346 0.025224 
6135.685754 0.896859 0.025636 
6137.256739 0.743066 0.025850 
6138.827724 0.939353 0.027144 
6140.398708 0.910816 0.027908 
6141.969693 0.955745 0.028096 
6143.540678 0.848196 0.027963 
6145.111663 0.869100 0.032003 
6146.682648 0.729978 0.029414 
6148.253633 0.695243 0.026988 
6149.824618 0.788711 0.022366 
6151.395602 0.853220 0.022897 
6152.966587 0.875675 0.024925 
6154.537572 0.862372 0.025114 
6156.108557 0.818833 0.029941 
6157.679542 0.837367 0.032146 
6159.250527 0.865216 0.035973 
6160.821512 0.897708 0.032959 
6162.392496 0.884745 0.027848 
6163.963481 0.841417 0.025266 
6165.534466 0.891882 0.024843 
6167.105451 0.825726 0.024612 
6168.676436 0.856529 0.025754 
6170.247421 0.853452 0.028746 
6171.818405 0.951406 0.030643 
6173.389390 0.870561 0.029998 
6174.960375 0.811634 0.027193 
6176.531360 0.811966 0.026999 
6178.102345 0.873852 0.026649 
6179.673330 0.931617 0.026212 
6181.244315 0.997503 0.025849 
6182.815299 0.900390 0.025218 
6184.386284 0.765465 0.025144 
6185.957269 0.806029 0.025347 
6187.528254 0.870591 0.025593 
6189.099239 0.864099 0.025276 
6190.670224 0.908307 0.025466 
6192.241208 0.851932 0.025661 
6193.812193 0.811565 0.026065 
6195.383178 0.858284 0.026121 
6196.954163 0.943453 0.025796 
6198.525148 0.916990 0.025076 
6200.096133 0.897675 0.025124 
6201.667118 0.846907 0.027215 
6203.238102 0.928285 0.029274 
6204.809087 0.822628 0.029463 
6206.380072 0.905040 0.027734 
6207.951057 0.866738 0.025710 
6209.522042 0.868067 0.025014 
6211.093027 0.867597 0.025306 
6212.664011 0.887072 0.026216 
6214.234996 0.893664 0.026784 
6215.805981 0.978146 0.027044 
6217.376966 0.930507 0.027098 
6218.947951 0.900205 0.025894 
6220.518936 0.915342 0.027094 
6222.089921 0.978749 0.029726 
6223.660905 0.993604 0.030453 
6225.231890 1.009618 0.028618 
6226.802875 0.948358 0.026137 
6228.373860 0.791251 0.025147 
6229.944845 0.825666 0.025040 
6231.515830 0.890299 0.025404 
6233.086814 0.910422 0.028093 
6234.657799 0.974048 0.034569 
6236.228784 0.964286 0.040704 
6237.799769 0.952079 0.052932 
6239.370754 0.969564 0.069199 
6240.941739 0.957043 0.068271 
6242.512724 0.922942 0.054976 
6244.083708 0.888841 0.041682 
6245.654693 0.879552 0.034982 
6247.225678 0.852412 0.030537 
6248.796663 0.930448 0.027865 
6250.367648 1.047060 0.027446 
6251.938633 1.007700 0.026724 
6253.509617 0.952055 0.026161 
6255.080602 0.970275 0.025285 
6256.651587 0.981094 0.026739 
6258.222572 0.911749 0.038066 
6259.793557 0.895586 0.036306 
6261.364542 0.946248 0.034540 
6262.935527 0.965299 0.030856 
6264.506511 0.895322 0.028179 
6266.077496 0.886659 0.030094 
6267.648481 0.932243 0.031403 
6269.219466 0.950426 0.029786 
6270.790451 0.966302 0.028236 
6272.361436 0.989393 0.027278 
6273.932420 0.954186 0.026963 
6275.503405 1.004896 0.028076 
6277.074390 1.033869 0.029662 
6278.645375 0.896624 0.030002 
6280.216360 0.901596 0.029213 
6281.787345 0.985273 0.028571 
6283.358330 0.970499 0.027870 
6284.929314 0.995776 0.028095 
6286.500299 0.988380 0.032046 
6288.071284 0.945596 0.037430 
6289.642269 0.975877 0.038564 
6291.213254 0.953464 0.034117 
6292.784239 0.935823 0.029173 
6294.355223 0.983511 0.027851 
6295.926208 0.957375 0.029843 
6297.497193 0.943722 0.053188 
6299.068178 0.898284 0.142405 
6300.639163 0.509555 0.268739 
6302.210148 0.067715 0.301698 
6303.781133 0.179747 0.212445 
6305.352117 0.966582 0.093232 
6306.923102 0.795414 0.046783 
6308.494087 0.924814 0.042966 
6310.065072 1.080547 0.037948 
6311.636057 0.963146 0.030665 
6313.207042 0.908019 0.026936 
6314.778026 0.959976 0.026839 
6316.349011 1.037329 0.026613 
6317.919996 1.048959 0.027067 
6319.490981 1.016667 0.028249 
6321.061966 1.038141 0.029688 
6322.632951 0.898256 0.031319 
6324.203936 0.857604 0.030110 
6325.774920 0.971322 0.028143 
6327.345905 1.035904 0.027246 
6328.916890 1.018378 0.031915 
6330.487875 1.007100 0.037492 
6332.058860 1.076061 0.037740 
6333.629845 0.913202 0.032245 
6335.200829 0.986761 0.026929 
6336.771814 0.982915 0.025395 
6338.342799 1.017900 0.025712 
6339.913784 1.063824 0.027126 
6341.484769 1.068140 0.032267 
6343.055754 1.511200 0.058996 
6344.626739 1.840097 0.078486 
6346.197723 1.057906 0.027448 
6347.768708 1.098111 0.027748 
6349.339693 1.048782 0.029280 
6350.910678 1.122111 0.029510 
6352.481663 1.029657 0.027439 
6354.052648 1.065710 0.026498 
6355.623632 1.069123 0.030182 
6357.194617 1.138871 0.034024 
6358.765602 1.014600 0.033302 
6360.336587 1.020769 0.029790 
6361.907572 1.043423 0.051035 
6363.478557 1.632684 0.109804 
6365.049542 0.911913 0.140425 
6366.620526 0.636806 0.119488 
6368.191511 0.986860 0.065918 
6369.762496 1.044798 0.033589 
6371.333481 1.157511 0.026955 
6372.904466 1.045101 0.025424 
6374.475451 1.014309 0.025055 
6376.046436 0.992886 0.025627 
6377.617420 0.982283 0.026878 
6379.188405 0.973581 0.028219 
6380.759390 0.964878 0.029561 
6382.330375 0.956176 0.030902 
6383.901360 1.087472 0.026958 
6385.472345 1.115492 0.027519 
6387.043329 1.169537 0.029461 
6388.614314 1.051442 0.029057 
6390.185299 1.081995 0.027603 
6391.756284 1.127910 0.026786 
6393.327269 1.042586 0.025683 
6394.898254 1.096498 0.025149 
6396.469239 1.116918 0.025271 
6398.040223 1.134969 0.025224 
6399.611208 1.025444 0.024588 
6401.182193 1.056342 0.023000 
6402.753178 1.085424 0.023076 
6404.324163 1.021446 0.023727 
6405.895148 1.004651 0.022852 
6407.466132 1.062732 0.025439 
6409.037117 1.076445 0.021916 
6410.608102 1.051059 0.024000 
6412.179087 1.023627 0.024239 
6413.750072 1.058228 0.024901 
6415.321057 1.037047 0.025474 
6416.892042 1.108241 0.028971 
6418.463026 1.162561 0.029906 
6420.034011 1.063461 0.029513 
6421.604996 0.989647 0.028172 
6423.175981 1.030938 0.026388 
6424.746966 1.060480 0.025173 
6426.317951 1.054293 0.024350 
6427.888935 1.065975 0.024337 
6429.459920 1.061391 0.023957 
6431.030905 1.091416 0.023873 
6432.601890 1.153033 0.024074 
6434.172875 1.040983 0.024029 
6435.743860 0.991986 0.023908 
6437.314845 1.140872 0.024026 
6438.885829 1.181971 0.024117 
6440.456814 1.061934 0.024078 
6442.027799 1.039347 0.024385 
6443.598784 1.154032 0.024456 
6445.169769 1.088912 0.024101 
6446.740754 1.084722 0.023956 
6448.311738 1.062638 0.024242 
6449.882723 1.167182 0.024830 
6451.453708 1.154631 0.024986 
6453.024693 1.058008 0.026002 
6454.595678 1.065938 0.027604 
6456.166663 1.129121 0.028089 
6457.737648 1.110016 0.027951 
6459.308632 1.198181 0.027517 
6460.879617 1.167087 0.026214 
6462.450602 1.117500 0.026538 
6464.021587 1.026606 0.029196 
6465.592572 1.105748 0.033183 
6467.163557 1.037470 0.033839 
6468.734541 0.990951 0.031882 
6470.305526 1.118901 0.031921 
6471.876511 1.124601 0.033259 
6473.447496 1.138753 0.032679 
6475.018481 1.044524 0.028343 
6476.589466 1.047104 0.025196 
6478.160451 1.082698 0.026026 
6479.731435 0.969005 0.026441 
6481.302420 1.043038 0.025426 
6482.873405 0.998105 0.023729 
6484.444390 1.034979 0.023465 
6486.015375 0.992186 0.023094 
6487.586360 1.078761 0.023371 
6489.157344 1.034821 0.023580 
6490.728329 1.053592 0.023720 
6492.299314 0.939476 0.023775 
6493.870299 1.124873 0.023778 
6495.441284 1.070934 0.024166 
6497.012269 1.020329 0.029186 
6498.583254 1.031907 0.037222 
6500.154238 1.043548 0.040614 
6501.725223 1.115708 0.036799 
6503.296208 1.048908 0.029795 
6504.867193 1.070925 0.028999 
6506.438178 1.132286 0.029701 
6508.009163 1.030758 0.027359 
6509.580147 0.958823 0.024434 
6511.151132 0.991406 0.031301 
6512.722117 1.068014 0.027391 
6514.293102 1.112651 0.025818 
6515.864087 1.045141 0.025665 
6517.435072 0.973582 0.024925 
6519.006057 1.059911 0.023990 
6520.577041 1.024498 0.024231 
6522.148026 1.033928 0.026255 
6523.719011 1.020987 0.027614 
6525.289996 0.969717 0.026864 
6526.860981 0.994276 0.025072 
6528.431966 1.034805 0.023809 
6530.002950 1.016328 0.024109 
6531.573935 0.944985 0.028743 
6533.144920 0.865434 0.035057 
6534.715905 0.929776 0.036897 
6536.286890 1.045394 0.033080 
6537.857875 0.988744 0.027249 
6539.428860 0.989305 0.024689 
6540.999844 1.017147 0.024911 
6542.570829 0.976497 0.026438 
6544.141814 0.952095 0.029518 
6545.712799 0.915367 0.031032 
6547.283784 1.002491 0.030186 
6548.854769 1.042980 0.029555 
6550.425753 1.001784 0.034808 
6551.996738 0.901026 0.043938 
6553.567723 1.002868 0.048511 
6555.138708 0.868893 0.044318 
6556.709693 0.916485 0.035750 
6558.280678 0.955604 0.028156 
6559.851663 1.031062 0.024425 
6561.422647 1.057461 0.026761 
6562.993632 0.976266 0.030907 
6564.564617 1.001297 0.032773 
6566.135602 1.021183 0.029867 
6567.706587 0.967825 0.027106 
6569.277572 0.945333 0.028404 
6570.848556 1.051848 0.028449 
6572.419541 0.898695 0.025767 
6573.990526 0.899321 0.023845 
6575.561511 1.024590 0.026279 
6577.132496 1.032423 0.032612 
6578.703481 1.066887 0.035617 
6580.274466 1.057337 0.032713 
6581.845450 1.050828 0.026178 
6583.416435 0.993735 0.023627 
6584.987420 0.914733 0.023200 
6586.558405 0.977698 0.031578 
6588.129390 0.975667 0.027132 
6589.700375 0.899382 0.026748 
6591.271359 0.959533 0.023964 
6592.842344 0.906390 0.022928 
6594.413329 0.903196 0.023645 
6595.984314 0.882916 0.024292 
6597.555299 0.883229 0.025488 
6599.126284 0.953144 0.025565 
6600.697269 0.957436 0.023912 
6602.268253 0.985581 0.024245 
6603.839238 0.889818 0.027238 
6605.410223 0.891253 0.028938 
6606.981208 0.847784 0.027329 
6608.552193 0.900721 0.024241 
6610.123178 0.914231 0.022657 
6611.694163 0.923277 0.022301 
6613.265147 0.944156 0.022190 
6614.836132 0.916914 0.021950 
6616.407117 0.948337 0.022120 
6617.978102 0.949035 0.022162 
6619.549087 0.879829 0.022363 
6621.120072 0.867046 0.022167 
6622.691056 0.916093 0.022059 
6624.262041 0.942934 0.022335 
6625.833026 0.837771 0.022625 
6627.404011 0.813156 0.023562 
6628.974996 0.897447 0.024023 
6630.545981 0.919267 0.023319 
6632.116966 0.866522 0.023401 
6633.687950 0.831873 0.024299 
6635.258935 0.891353 0.024935 
6636.829920 0.930939 0.024599 
6638.400905 0.894244 0.023233 
6639.971890 0.886864 0.022592 
6641.542875 0.915141 0.022351 
6643.113859 0.929792 0.021971 
6644.684844 0.921208 0.021987 
6646.255829 0.844555 0.021880 
6647.826814 0.852623 0.021667 
6649.397799 0.909075 0.021695 
6650.968784 0.888827 0.021769 
6652.539769 0.883221 0.021942 
6654.110753 0.844047 0.021958 
6655.681738 0.932624 0.021874 
6657.252723 0.893066 0.022174 
6658.823708 0.899398 0.023941 
6660.394693 0.910659 0.025032 
6661.965678 0.942696 0.022792 
6663.536662 0.930566 0.022568 
6665.107647 0.865852 0.022616 
6666.678632 0.846724 0.022634 
6668.249617 0.818074 0.022875 
6669.820602 0.868908 0.023198 
6671.391587 0.875513 0.022175 
6672.962572 0.791856 0.021309 
6674.533556 0.974825 0.021954 
6676.104541 0.930647 0.021762 
6677.675526 0.843130 0.021855 
6679.246511 0.850192 0.021412 
6680.817496 0.866044 0.021849 
6682.388481 0.833207 0.021289 
6683.959465 0.860463 0.021494 
6685.530450 0.866486 0.022068 
6687.101435 0.925809 0.021944 
6688.672420 0.809343 0.021894 
6690.243405 0.816017 0.021451 
6691.814390 0.864897 0.021524 
6693.385375 0.868194 0.021766 
6694.956359 0.855695 0.021934 
6696.527344 0.807775 0.022926 
6698.098329 0.828040 0.024656 
6699.669314 0.839327 0.026632 
6701.240299 0.861960 0.027951 
6702.811284 0.783335 0.028390 
6704.382268 0.792042 0.026305 
6705.953253 0.804484 0.023641 
6707.524238 0.817267 0.022377 
6709.095223 0.895294 0.022055 
6710.666208 0.848805 0.021591 
6712.237193 0.793300 0.021299 
6713.808178 0.856264 0.021458 
6715.379162 0.867457 0.021541 
6716.950147 0.828848 0.021612 
6718.521132 0.838264 0.021950 
6720.092117 0.825172 0.021829 
6721.663102 0.794167 0.021274 
6723.234087 0.798350 0.021237 
6724.805071 0.762963 0.021384 
6726.376056 0.752348 0.021533 
6727.947041 0.766748 0.020935 
6729.518026 0.812006 0.021145 
6731.089011 0.884663 0.021444 
6732.659996 0.832944 0.021399 
6734.230981 0.886190 0.021661 
6735.801965 0.817672 0.021066 
6737.372950 0.736197 0.020598 
6738.943935 0.888527 0.021560 
6740.514920 0.847634 0.021606 
6742.085905 0.788457 0.021963 
6743.656890 0.792108 0.022010 
6745.227874 0.883137 0.021970 
6746.798859 0.895302 0.021906 
6748.369844 0.822119 0.021315 
6749.940829 0.821233 0.021201 
6751.511814 0.811542 0.021526 
6753.082799 0.815699 0.021372 
6754.653784 0.898072 0.021403 
6756.224768 0.852956 0.021433 
6757.795753 0.910952 0.021506 
6759.366738 0.989520 0.021556 
6760.937723 0.930287 0.021415 
6762.508708 0.846094 0.021132 
6764.079693 0.858404 0.021130 
6765.650677 0.807845 0.021348 
6767.221662 0.856104 0.021405 
6768.792647 0.849058 0.021150 
6770.363632 0.836180 0.021005 
6771.934617 0.806738 0.020790 
6773.505602 0.820186 0.020859 
6775.076587 0.854711 0.020920 
6776.647571 0.854413 0.020745 
6778.218556 0.891922 0.021018 
6779.789541 0.901674 0.021120 
6781.360526 0.846527 0.021011 
6782.931511 0.869477 0.023492 
6784.502496 0.853816 0.025152 
6786.073480 0.841844 0.025122 
6787.644465 0.800672 0.024995 
6789.215450 0.822712 0.023236 
6790.786435 0.898762 0.021610 
6792.357420 0.913721 0.021499 
6793.928405 0.856489 0.021261 
6795.499390 0.834644 0.021152 
6797.070374 0.895253 0.021191 
6798.641359 0.853324 0.021143 
6800.212344 0.856604 0.021263 
6801.783329 0.849849 0.021263 
6803.354314 0.856865 0.021265 
6804.925299 0.838318 0.021242 
6806.496283 0.921278 0.021760 
6808.067268 0.843152 0.021229 
6809.638253 0.832272 0.021096 
6811.209238 0.796239 0.021118 
6812.780223 0.763576 0.021178 
6814.351208 0.855425 0.021172 
6815.922193 0.847694 0.021124 
6817.493177 0.849848 0.021388 
6819.064162 0.782156 0.021614 
6820.635147 0.724698 0.021249 
6822.206132 0.835072 0.021603 
6823.777117 0.872754 0.021337 
6825.348102 0.795730 0.022140 
6826.919086 0.734095 0.027556 
6828.490071 0.987240 0.038944 
6830.061056 0.789047 0.045329 
6831.632041 0.877315 0.043488 
6833.203026 0.903644 0.040838 
6834.774011 0.927866 0.043014 
6836.344996 1.017760 0.042130 
6837.915980 0.901506 0.033174 
6839.486965 0.944004 0.026217 
6841.057950 0.881748 0.026331 
6842.628935 0.856257 0.028059 
6844.199920 0.837807 0.027148 
6845.770905 0.866997 0.025559 
6847.341890 0.914670 0.024028 
6848.912874 0.962342 0.022497 
6850.483859 0.871352 0.022497 
6852.054844 0.841951 0.022579 
6853.625829 0.871464 0.022201 
6855.196814 0.916809 0.022004 
6856.767799 0.896126 0.021755 
6858.338783 0.849576 0.021721 
6859.909768 0.878976 0.022281 
6861.480753 0.899192 0.027697 
6863.051738 1.007906 0.041987 
6864.622723 1.049592 0.055453 
6866.193708 0.963941 0.057990 
6867.764693 1.042933 0.054799 
6869.335677 1.036430 0.048164 
6870.906662 0.939128 0.039182 
6872.477647 0.945503 0.036706 
6874.048632 0.951877 0.034231 
6875.619617 0.922171 0.030718 
6877.190602 0.874573 0.026981 
6878.761586 1.008041 0.029479 
6880.332571 1.109553 0.031849 
6881.903556 1.137967 0.032664 
6883.474541 0.927835 0.027920 
6885.045526 0.945178 0.025932 
6886.616511 0.940167 0.024950 
6888.187496 1.007529 0.028601 
6889.758480 0.979646 0.034107 
6891.329465 0.909725 0.034212 
6892.900450 0.893974 0.029731 
6894.471435 0.908943 0.025531 
6896.042420 0.915830 0.025211 
6897.613405 0.971891 0.028303 
6899.184389 0.912523 0.035427 
6900.755374 0.899447 0.036562 
6902.326359 0.668520 0.040432 
6903.897344 0.955671 0.036781 
6905.468329 0.948584 0.030325 
6907.039314 0.882169 0.024466 
6908.610299 0.847915 0.023076 
6910.181283 0.866458 0.024533 
6911.752268 0.905831 0.030124 
6913.323253 1.000258 0.035874 
6914.894238 1.006808 0.035391 
6916.465223 1.016292 0.028862 
6918.036208 0.943822 0.023744 
6919.607192 0.910555 0.022600 
6921.178177 0.914983 0.026977 
6922.749162 0.874544 0.037232 
6924.320147 0.874567 0.044557 
6925.891132 0.956323 0.041198 
6927.462117 0.950371 0.030916 
6929.033102 0.868811 0.023953 
6930.604086 0.814604 0.022391 
6932.175071 0.833925 0.022150 
6933.746056 0.920184 0.022258 
6935.317041 0.904713 0.022214 
6936.888026 0.841520 0.023048 
6938.459011 0.855884 0.027434 
6940.029995 0.841460 0.033545 
6941.600980 0.828466 0.034186 
6943.171965 0.795304 0.029053 
6944.742950 0.837548 0.023601 
6946.313935 0.899358 0.024208 
6947.884920 0.859526 0.032761 
6949.455905 0.833945 0.045383 
6951.026889 0.883064 0.047495 
6952.597874 0.857344 0.038163 
6954.168859 0.822257 0.026014 
6955.739844 0.926394 0.023268 
6957.310829 0.863920 0.022898 
6958.881814 0.905174 0.022832 
6960.452798 0.836401 0.022692 
6962.023783 0.821178 0.022312 
6963.594768 0.783476 0.021923 
6965.165753 0.914185 0.022580 
6966.736738 0.910318 0.022948 
6968.307723 0.913814 0.024734 
6969.878708 0.919675 0.029056 
6971.449692 0.912359 0.031092 
6973.020677 0.903922 0.028008 
6974.591662 0.823547 0.023687 
6976.162647 0.884798 0.024270 
6977.733632 0.892439 0.032161 
6979.304617 0.871850 0.038066 
6980.875601 0.862955 0.036653 
6982.446586 0.927790 0.029279 
6984.017571 0.924267 0.023939 
6985.588556 0.895026 0.022769 
6987.159541 0.903431 0.022822 
6988.730526 0.850731 0.022776 
6990.301511 0.826885 0.022434 
6991.872495 0.856499 0.022142 
6993.443480 0.879622 0.022155 
6995.014465 0.891448 0.022429 
6996.585450 0.884649 0.022690 
6998.156435 0.841665 0.023152 
6999.727420 0.834316 0.023878 
7001.298404 0.888553 0.025176 
7002.869389 0.860865 0.028396 
7004.440374 0.903349 0.030284 
7006.011359 0.927280 0.028531 
7007.582344 0.851179 0.024677 
7009.153329 0.775121 0.022911 
7010.724314 0.884762 0.026808 
7012.295298 0.992958 0.031144 
7013.866283 0.923855 0.030039 
7015.437268 0.855500 0.025545 
7017.008253 0.913674 0.022110 
7018.579238 0.852296 0.021455 
7020.150223 0.757082 0.021909 
7021.721207 0.908341 0.021707 
7023.292192 0.826278 0.021166 
7024.863177 0.842172 0.021229 
7026.434162 0.842882 0.021427 
7028.005147 0.892400 0.022292 
7029.576132 0.970262 0.022406 
7031.147117 0.889017 0.022078 
7032.718101 0.866521 0.021761 
7034.289086 0.847728 0.021396 
7035.860071 0.836313 0.021389 
7037.431056 0.888984 0.021724 
7039.002041 0.830541 0.021640 
7040.573026 0.864011 0.022905 
7042.144010 0.923795 0.024248 
7043.714995 0.878648 0.024253 
7045.285980 0.885059 0.023738 
7046.856965 0.969654 0.025362 
7048.427950 0.847963 0.027504 
7049.998935 0.812200 0.028367 
7051.569920 0.896114 0.027172 
7053.140904 0.884351 0.025136 
7054.711889 0.855816 0.023882 
7056.282874 0.859377 0.023108 
7057.853859 0.838626 0.022341 
7059.424844 0.804516 0.021873 
7060.995829 0.827778 0.022103 
7062.566813 0.892112 0.022904 
7064.137798 0.951421 0.024820 
7065.708783 1.001653 0.026349 
7067.279768 0.873133 0.024047 
7068.850753 0.801137 0.023689 
7070.421738 0.815973 0.023623 
7071.992723 0.829670 0.023135 
7073.563707 0.906897 0.023213 
7075.134692 0.808259 0.022794 
7076.705677 0.812564 0.022882 
7078.276662 0.765741 0.023555 
7079.847647 0.867820 0.022926 
7081.418632 0.861797 0.023187 
7082.989617 0.865794 0.024020 
7084.560601 0.897533 0.023992 
7086.131586 0.832747 0.022918 
7087.702571 0.877881 0.023422 
7089.273556 0.854428 0.024737 
7090.844541 0.845248 0.027560 
7092.415526 0.836013 0.023318 
7093.986510 0.851957 0.022316 
7095.557495 0.843053 0.021744 
7097.128480 0.785294 0.021585 
7098.699465 0.916889 0.024846 
7100.270450 0.776892 0.021251 
7101.841435 0.865208 0.021623 
7103.412420 0.816094 0.022141 
7104.983404 0.775960 0.024136 
7106.554389 0.793230 0.023151 
7108.125374 0.777910 0.022741 
7109.696359 0.812571 0.021511 
7111.267344 0.856896 0.021658 
7112.838329 0.880112 0.021666 
7114.409313 0.878041 0.021616 
7115.980298 0.864573 0.023332 
7117.551283 0.862580 0.026950 
7119.122268 0.860586 0.030569 
7120.693253 0.858593 0.034188 
7122.264238 0.856600 0.037807 
7123.835223 0.854606 0.041425 
7125.406207 0.852613 0.045044 
7126.977192 0.834947 0.041204 
7128.548177 0.787733 0.022805 
7130.119162 0.808422 0.022677 
7131.690147 0.860455 0.022496 
7133.261132 0.775575 0.022681 
7134.832116 0.855680 0.022848 
7136.403101 0.882505 0.022442 
7137.974086 0.813700 0.024159 
7139.545071 0.754568 0.024503 
7141.116056 0.862758 0.026465 
7142.687041 0.837195 0.026808 
7144.258026 0.883890 0.024305 
7145.829010 0.856494 0.024650 
7147.399995 0.758438 0.024466 
7148.970980 0.857478 0.023998 
7150.541965 0.786144 0.022939 
7152.112950 0.838085 0.022485 
7153.683935 0.822262 0.021933 
7155.254919 0.871190 0.021628 
7156.825904 0.789183 0.021443 
7158.396889 0.804068 0.021962 
7159.967874 0.829562 0.022340 
7161.538859 0.794858 0.022643 
7163.109844 0.798195 0.022787 
7164.680829 0.818131 0.022924 
7166.251813 0.851706 0.023236 
7167.822798 0.854325 0.023288 
7169.393783 0.867862 0.023671 
7170.964768 0.856228 0.023543 
7172.535753 0.797610 0.023033 
7174.106738 0.787939 0.023032 
7175.677722 0.829736 0.023373 
7177.248707 0.809677 0.023538 
7178.819692 0.769822 0.023241 
7180.390677 0.800821 0.023084 
7181.961662 0.799362 0.023226 
7183.532647 0.799798 0.023213 
7185.103632 0.859343 0.024047 
7186.674616 0.866275 0.025172 
7188.245601 0.883765 0.022026 
7189.816586 0.787853 0.023003 
7191.387571 0.828300 0.024987 
7192.958556 0.857282 0.022431 
7194.529541 0.815502 0.021679 
7196.100525 0.799573 0.022273 
7197.671510 0.786382 0.021318 
7199.242495 0.743572 0.021439 
7200.813480 0.799110 0.022067 
7202.384465 0.787062 0.022150 
7203.955450 0.743254 0.021516 
7205.526435 0.848504 0.021558 
7207.097419 0.764994 0.021185 
7208.668404 0.706750 0.021160 
7210.239389 0.752327 0.021198 
7211.810374 0.821825 0.021474 
7213.381359 0.925736 0.021364 
7214.952344 0.855405 0.020977 
7216.523328 0.812364 0.020916 
7218.094313 0.797471 0.020800 
7219.665298 0.798198 0.020816 
7221.236283 0.782196 0.021292 
7222.807268 0.822038 0.022057 
7224.378253 0.823601 0.022402 
7225.949238 0.756287 0.022188 
7227.520222 0.781550 0.022189 
7229.091207 0.798780 0.022597 
7230.662192 0.813789 0.022984 
7232.233177 0.807957 0.023025 
7233.804162 0.759593 0.023423 
7235.375147 0.749514 0.023905 
7236.946131 0.784624 0.027442 
7238.517116 0.844771 0.040772 
7240.088101 0.835305 0.059763 
7241.659086 0.891691 0.070429 
7243.230071 0.805080 0.067159 
7244.801056 0.879615 0.065747 
7246.372041 0.879029 0.067576 
7247.943025 0.847976 0.059012 
7249.514010 0.809030 0.039154 
7251.084995 0.882914 0.028214 
7252.655980 0.818665 0.031641 
7254.226965 0.885941 0.037444 
7255.797950 0.882753 0.036856 
7257.368934 0.829542 0.030452 
7258.939919 0.887720 0.025674 
7260.510904 0.747156 0.023158 
7262.081889 0.766123 0.022943 
7263.652874 0.781319 0.022894 
7265.223859 0.834583 0.023131 
7266.794844 0.803730 0.023553 
7268.365828 0.745348 0.024260 
7269.936813 0.763133 0.024916 
7271.507798 0.813315 0.024719 
7273.078783 0.896405 0.025968 
7274.649768 0.800184 0.043133 
7276.220753 0.791632 0.073470 
7277.791737 0.635004 0.086631 
7279.362722 0.596321 0.070147 
7280.933707 0.706272 0.042589 
7282.504692 0.750742 0.033134 
7284.075677 0.803776 0.041980 
7285.646662 0.754266 0.049306 
7287.217647 0.692188 0.045001 
7288.788631 0.739019 0.033306 
7290.359616 0.783628 0.025426 
7291.930601 0.776124 0.024423 
7293.501586 0.719504 0.024907 
7295.072571 0.728834 0.027772 
7296.643556 0.755862 0.031904 
7298.214540 0.736387 0.031260 
7299.785525 0.747859 0.026721 
7301.356510 0.775595 0.024440 
7302.927495 0.754104 0.031605 
7304.498480 0.745408 0.040499 
7306.069465 0.819936 0.039728 
7307.640450 0.713704 0.031039 
7309.211434 0.744879 0.024436 
7310.782419 0.729006 0.026991 
7312.353404 0.783935 0.025559 
7313.924389 0.748512 0.031105 
7315.495374 0.781376 0.052168 
7317.066359 0.718543 0.074796 
7318.637344 0.801775 0.066727 
7320.208328 0.761957 0.051893 
7321.779313 0.641930 0.034148 
7323.350298 0.750847 0.024621 
7324.921283 0.687252 0.021396 
7326.492268 0.746047 0.022663 
7328.063253 0.724405 0.032784 
7329.634237 0.705105 0.044603 
7331.205222 0.719460 0.047313 
7332.776207 0.683000 0.037588 
7334.347192 0.692268 0.026727 
7335.918177 0.782577 0.022253 
7337.489162 0.750686 0.022023 
7339.060147 0.738690 0.034828 
7340.631131 0.654475 0.060113 
7342.202116 0.544278 0.075132 
7343.773101 0.601743 0.064919 
7345.344086 0.713935 0.041045 
7346.915071 0.767162 0.025781 
7348.486056 0.756794 0.023173 
7350.057040 0.748900 0.022738 
7351.628025 0.774229 0.022989 
7353.199010 0.736005 0.022745 
7354.769995 0.702176 0.022615 
7356.340980 0.749947 0.024835 
7357.911965 0.771789 0.033045 
7359.482950 0.835378 0.043289 
7361.053934 0.713622 0.042125 
7362.624919 0.700940 0.031899 
7364.195904 0.694917 0.023080 
7365.766889 0.729739 0.022636 
7367.337874 0.701985 0.027767 
7368.908859 0.784411 0.051337 
7370.479843 0.887554 0.067436 
7372.050828 0.436468 0.060715 
7373.621813 0.841614 0.037626 
7375.192798 0.778530 0.025082 
7376.763783 0.705446 0.022605 
7378.334768 0.728794 0.021456 
7379.905753 0.688465 0.020827 
7381.476737 0.648186 0.020588 
7383.047722 0.627042 0.020548 
7384.618707 0.711036 0.020784 
7386.189692 0.697579 0.020675 
7387.760677 0.712518 0.020626 
7389.331662 0.776703 0.022068 
7390.902646 0.762288 0.027880 
7392.473631 0.641030 0.034970 
7394.044616 0.623541 0.036930 
7395.615601 0.656375 0.031366 
7397.186586 0.671354 0.023972 
7398.757571 0.699603 0.021790 
7400.328556 0.755299 0.029880 
7401.899540 0.743543 0.044018 
7403.470525 0.636547 0.050430 
7405.041510 0.626396 0.042774 
7406.612495 0.688466 0.028378 
7408.183480 0.741392 0.020871 
7409.754465 0.704356 0.020184 
7411.325449 0.773103 0.020816 
7412.896434 0.796069 0.021880 
7414.467419 0.705709 0.022199 
7416.038404 0.727746 0.021510 
7417.609389 0.725793 0.021664 
7419.180374 0.716643 0.020921 
7420.751359 0.636549 0.020343 
7422.322343 0.653064 0.019879 
7423.893328 0.759407 0.020737 
7425.464313 0.672683 0.020389 
7427.035298 0.735685 0.020280 
7428.606283 0.774723 0.023381 
7430.177268 0.680718 0.029025 
7431.748252 0.643736 0.031752 
7433.319237 0.551186 0.032524 
7434.890222 0.773319 0.032245 
7436.461207 0.842876 0.032401 
7438.032192 0.838721 0.044769 
7439.603177 0.710962 0.043531 
7441.174162 0.679523 0.036312 
7442.745146 0.658396 0.026753 
7444.316131 0.652230 0.021005 
7445.887116 0.756773 0.020060 
7447.458101 0.749757 0.019954 
7449.029086 0.726692 0.019807 
7450.600071 0.732967 0.019880 
7452.171055 0.767526 0.020122 
7453.742040 0.764648 0.020288 
7455.313025 0.697369 0.020016 
7456.884010 0.715334 0.020123 
7458.454995 0.721782 0.020801 
7460.025980 0.676230 0.021375 
7461.596965 0.736321 0.022816 
7463.167949 0.794674 0.024915 
7464.738934 0.750144 0.026398 
7466.309919 0.722581 0.027891 
7467.880904 0.831179 0.029150 
7469.451889 0.768795 0.028429 
7471.022874 0.721019 0.029084 
7472.593858 0.826649 0.033469 
7474.164843 0.785503 0.037674 
7475.735828 0.653613 0.035117 
7477.306813 0.724446 0.029137 
7478.877798 0.776024 0.028654 
7480.448783 0.723671 0.034195 
7482.019768 0.958767 0.042995 
7483.590752 0.948603 0.046050 
7485.161737 0.583468 0.062672 
7486.732722 0.617158 0.047008 
7488.303707 0.647623 0.033475 
7489.874692 0.673221 0.030322 
7491.445677 0.730035 0.026130 
7493.016661 0.826544 0.025058 
7494.587646 0.748198 0.028765 
7496.158631 0.709598 0.026135 
7497.729616 0.777909 0.032885 
7499.300601 0.751725 0.031947 
7500.871586 0.725541 0.031009 
7502.442571 0.699357 0.030071 
7504.013555 0.673173 0.029133 
7505.584540 0.753526 0.021881 
7507.155525 0.766155 0.020072 
7508.726510 0.738145 0.019865 
7510.297495 0.772016 0.019965 
7511.868480 0.737498 0.019633 
7513.439464 0.687863 0.019308 
7515.010449 0.716069 0.019965 
7516.581434 0.679339 0.021313 
7518.152419 0.713372 0.023355 
7519.723404 0.727909 0.023754 
7521.294389 0.776120 0.025741 
7522.865374 0.778810 0.037837 
7524.436358 1.015623 0.056978 
7526.007343 0.742741 0.058893 
7527.578328 0.882866 0.045867 
7529.149313 0.719303 0.032212 
7530.720298 0.841238 0.037448 
7532.291283 1.147067 0.052574 
7533.862267 0.977548 0.041972 
7535.433252 0.808030 0.031371 
7537.004237 0.739925 0.024663 
7538.575222 0.781496 0.021613 
7540.146207 0.792556 0.023810 
7541.717192 0.761747 0.025214 
7543.288177 0.800552 0.024102 
7544.859161 0.783852 0.021499 
7546.430146 0.767619 0.020677 
7548.001131 0.720590 0.020507 
7549.572116 0.760921 0.020407 
7551.143101 0.782892 0.020335 
7552.714086 0.781112 0.020843 
7554.285071 0.728913 0.021240 
7555.856055 0.725932 0.023488 
7557.427040 0.800485 0.028517 
7558.998025 0.819136 0.031210 
7560.569010 0.790938 0.028398 
7562.139995 0.785688 0.023485 
7563.710980 0.789976 0.020813 
7565.281964 0.772242 0.020644 
7566.852949 0.762391 0.021547 
7568.423934 0.755918 0.023400 
7569.994919 0.754268 0.029362 
7571.565904 0.923869 0.042771 
7573.136889 0.903108 0.051040 
7574.707874 0.726111 0.045872 
7576.278858 0.887239 0.031694 
7577.849843 0.717026 0.022426 
7579.420828 0.773244 0.020488 
7580.991813 0.758499 0.019819 
7582.562798 0.702464 0.019599 
7584.133783 0.725972 0.021657 
7585.704767 0.819075 0.028762 
7587.275752 0.837142 0.033677 
7588.846737 0.783943 0.031670 
7590.417722 0.882105 0.024566 
7591.988707 0.837747 0.021694 
7593.559692 0.749524 0.022545 
7595.130677 0.646947 0.025756 
7596.701661 0.807184 0.037520 
7598.272646 0.773871 0.061404 
7599.843631 0.781667 0.079474 
7601.414616 0.670110 0.079193 
7602.985601 0.676310 0.060054 
7604.556586 0.785572 0.050579 
7606.127570 0.616168 0.047691 
7607.698555 0.598619 0.045759 
7609.269540 0.695661 0.043482 
7610.840525 0.680018 0.040194 
7612.411510 0.703200 0.036398 
7613.982495 0.662893 0.031913 
7615.553480 0.689682 0.029309 
7617.124464 0.780218 0.031456 
7618.695449 0.747823 0.034833 
7620.266434 0.762542 0.035903 
7621.837419 0.776660 0.034910 
7623.408404 0.769181 0.033127 
7624.979389 0.743573 0.033199 
7626.550373 0.669601 0.035818 
7628.121358 0.743850 0.048430 
7629.692343 0.733956 0.058725 
7631.263328 0.702212 0.055079 
7632.834313 0.716388 0.041491 
7634.405298 0.724208 0.030130 
7635.976283 0.768843 0.029074 
7637.547267 0.789780 0.027879 
7639.118252 0.773751 0.026699 
7640.689237 0.697523 0.027460 
7642.260222 0.851009 0.026835 
7643.831207 0.737054 0.025667 
7645.402192 0.727128 0.025951 
7646.973176 0.745772 0.024234 
7648.544161 0.787355 0.024152 
7650.115146 0.733077 0.024414 
7651.686131 0.851343 0.025465 
7653.257116 1.112409 0.064213 
7654.828101 1.105220 0.056718 
7656.399086 1.032550 0.036969 
7657.970070 0.942589 0.028533 
7659.541055 0.846000 0.024435 
7661.112040 0.782884 0.027976 
7662.683025 0.755633 0.033965 
7664.254010 0.767797 0.035615 
7665.824995 0.768679 0.030255 
7667.395979 0.763763 0.023486 
7668.966964 0.768589 0.020859 
7670.537949 0.763499 0.020892 
7672.108934 0.771204 0.022439 
7673.679919 0.802987 0.022572 
7675.250904 0.842990 0.021161 
7676.821889 0.833940 0.020905 
7678.392873 0.781245 0.022342 
7679.963858 0.784255 0.021755 
7681.534843 0.690172 0.024720 
7683.105828 0.833176 0.025959 
7684.676813 0.750002 0.023348 
7686.247798 0.780451 0.024082 
7687.818782 0.820978 0.025179 
7689.389767 0.830234 0.025136 
7690.960752 0.799497 0.025043 
7692.531737 0.810339 0.025841 
7694.102722 0.719289 0.025370 
7695.673707 0.735296 0.023509 
7697.244692 0.804875 0.022466 
7698.815676 0.751892 0.024878 
7700.386661 0.789345 0.027874 
7701.957646 0.800455 0.027551 
7703.528631 0.761167 0.024048 
7705.099616 0.784184 0.021789 
7706.670601 0.817888 0.021287 
7708.241585 0.823807 0.021052 
7709.812570 0.725875 0.023601 
7711.383555 0.694461 0.042045 
7712.954540 0.641884 0.063177 
7714.525525 0.711584 0.073089 
7716.096510 0.798497 0.075798 
7717.667495 1.008669 0.078340 
7719.238479 1.475495 0.072162 
7720.809464 2.536791 0.056372 
7722.380449 3.171676 0.057252 
7723.951434 2.413544 0.053545 
7725.522419 1.356287 0.041522 
7727.093404 0.843223 0.039966 
7728.664388 0.719907 0.035128 
7730.235373 0.802519 0.028111 
7731.806358 0.804941 0.023474 
7733.377343 0.823813 0.023641 
7734.948328 0.825600 0.026813 
7736.519313 0.800095 0.030830 
7738.090298 0.799442 0.028185 
7739.661282 0.798790 0.025540 
7741.232267 0.798529 0.023387 
7742.803252 0.802730 0.023324 
7744.374237 0.821433 0.022982 
7745.945222 0.831395 0.023564 
7747.516207 0.796981 0.025204 
7749.087191 0.948891 0.042900 
7750.658176 0.641913 0.081350 
7752.229161 0.828654 0.094524 
7753.800146 0.915840 0.074034 
7755.371131 0.863292 0.037540 
7756.942116 0.855402 0.027528 
7758.513101 0.781601 0.033071 
7760.084085 0.828830 0.047926 
7761.655070 0.783672 0.052540 
7763.226055 0.736108 0.043651 
7764.797040 0.802781 0.028642 
7766.368025 0.811465 0.023208 
7767.939010 0.689385 0.022310 
7769.509994 0.705673 0.025788 
7771.080979 0.748862 0.043225 
7772.651964 0.612822 0.067193 
7774.222949 0.813816 0.084752 
7775.793934 1.017380 0.082488 
7777.364919 0.830244 0.063327 
7778.935904 0.736800 0.045373 
7780.506888 0.760913 0.041140 
7782.077873 0.709960 0.042848 
7783.648858 0.694095 0.036916 
7785.219843 0.702851 0.027888 
7786.790828 0.752687 0.024291 
7788.361813 0.726595 0.024179 
7789.932798 0.721769 0.025239 
7791.503782 0.744297 0.030779 
7793.074767 0.826454 0.047836 
7794.645752 0.751214 0.072843 
7796.216737 0.677881 0.074939 
7797.787722 0.652456 0.054836 
7799.358707 0.773965 0.028377 
7800.929691 0.841604 0.023060 
7802.500676 0.678709 0.021598 
7804.071661 0.731211 0.022226 
7805.642646 0.725242 0.026957 
7807.213631 0.713083 0.034942 
7808.784616 0.756776 0.056065 
7810.355601 0.712135 0.051846 
7811.926585 0.889713 0.040840 
7813.497570 0.746220 0.027464 
7815.068555 0.780346 0.025112 
7816.639540 0.795626 0.024760 
7818.210525 0.790378 0.024864 
7819.781510 0.855180 0.037932 
7821.352494 0.948345 0.069649 
7822.923479 0.495564 0.085020 
7824.494464 0.412700 0.071691 
7826.065449 0.721578 0.042540 
7827.636434 0.813043 0.027007 
7829.207419 0.786136 0.024684 
7830.778404 0.796370 0.024286 
7832.349388 0.785241 0.023488 
7833.920373 0.753535 0.023128 
7835.491358 0.741826 0.023207 
7837.062343 0.740961 0.022835 
7838.633328 0.739853 0.023842 
7840.204313 0.691187 0.032054 
7841.775297 0.576998 0.044116 
7843.346282 0.546310 0.046348 
7844.917267 0.633438 0.037413 
7846.488252 0.740914 0.025939 
7848.059237 0.753155 0.024903 
7849.630222 0.737793 0.031364 
7851.201207 0.781356 0.042078 
7852.772191 0.804282 0.066146 
7854.343176 0.550331 0.090125 
7855.914161 0.533135 0.085288 
7857.485146 0.862876 0.057416 
7859.056131 0.910843 0.041560 
7860.627116 0.697162 0.055428 
7862.198100 0.782400 0.065875 
7863.769085 0.636085 0.047822 
7865.340070 0.642018 0.032386 
7866.911055 0.647833 0.031031 
7868.482040 0.693736 0.040830 
7870.053025 0.693196 0.061346 
7871.624010 0.766715 0.061711 
7873.194994 0.655046 0.059853 
7874.765979 0.746850 0.047028 
7876.336964 0.748359 0.028866 
7877.907949 0.746046 0.032600 
7879.478934 0.611378 0.041921 
7881.049919 0.699763 0.048760 
7882.620903 0.640498 0.047212 
7884.191888 0.729494 0.041169 
7885.762873 0.737647 0.032486 
7887.333858 0.657799 0.029440 
7888.904843 0.790921 0.042147 
7890.475828 0.813677 0.058033 
7892.046813 0.645590 0.060073 
7893.617797 0.615629 0.046382 
7895.188782 0.640405 0.030858 
7896.759767 0.629234 0.025660 
7898.330752 0.689907 0.024574 
7899.901737 0.763279 0.024026 
7901.472722 0.867226 0.023862 
7903.043706 0.955256 0.024138 
7904.614691 0.941863 0.024537 
7906.185676 0.762728 0.024215 
7907.756661 0.715431 0.023968 
7909.327646 0.684683 0.024543 
7910.898631 0.676307 0.030388 
7912.469616 0.686099 0.056552 
7914.040600 0.626731 0.100603 
7915.611585 0.563597 0.110308 
7917.182570 0.575282 0.082131 
7918.753555 0.920698 0.041307 
7920.324540 0.808346 0.049235 
7921.895525 0.781226 0.066587 
7923.466509 0.738522 0.065186 
7925.037494 0.659310 0.044805 
7926.608479 0.688014 0.027830 
7928.179464 0.605015 0.024776 
7929.750449 0.678647 0.031573 
7931.321434 0.804495 0.047239 
7932.892419 0.713951 0.053867 
7934.463403 0.622008 0.046870 
7936.034388 0.719914 0.032330 
7937.605373 0.689723 0.024725 
7939.176358 0.688141 0.022794 
7940.747343 0.731099 0.022600 
7942.318328 0.684238 0.023026 
7943.889312 0.670489 0.024076 
7945.460297 0.752927 0.025898 
7947.031282 0.742098 0.029329 
7948.602267 0.657187 0.038652 
7950.173252 0.638958 0.047657 
7951.744237 0.612744 0.046110 
7953.315222 0.631237 0.035526 
7954.886206 0.703398 0.025341 
7956.457191 0.682524 0.022543 
7958.028176 0.715994 0.021894 
7959.599161 0.695101 0.021904 
7961.170146 0.640682 0.022583 
7962.741131 0.659426 0.033213 
7964.312115 0.583769 0.064869 
7965.883100 0.707913 0.091008 
7967.454085 0.674662 0.084541 
7969.025070 0.816903 0.053777 
7970.596055 0.658607 0.031737 
7972.167040 0.647152 0.026369 
7973.738025 0.679312 0.023344 
7975.309009 0.639175 0.023494 
7976.879994 0.655498 0.029024 
7978.450979 0.622206 0.040232 
7980.021964 0.721349 0.056837 
7981.592949 0.712426 0.057780 
7983.163934 0.669188 0.048665 
7984.734918 0.623633 0.038806 
7986.305903 0.578078 0.028947 
7987.876888 0.694973 0.024405 
7989.447873 0.736550 0.024380 
7991.018858 0.698034 0.033765 
7992.589843 0.660560 0.068958 
7994.160828 0.610019 0.074546 
7995.731812 0.552723 0.066402 
7997.302797 0.495428 0.058257 
7998.873782 0.601878 0.037787 
8000.444767 0.690335 0.026362 
8002.015752 0.668110 0.024866 
8003.586737 0.652626 0.024063 
8005.157721 0.675378 0.023559 
8006.728706 0.655144 0.022855 
8008.299691 0.675165 0.022473 
8009.870676 0.732820 0.022634 
8011.441661 0.707484 0.024273 
8013.012646 0.667739 0.033293 
8014.583631 0.735542 0.046844 
8016.154615 0.753615 0.049627 
8017.725600 0.537255 0.040158 
8019.296585 0.608322 0.028693 
8020.867570 0.655499 0.027411 
8022.438555 0.641746 0.027853 
8024.009540 0.724342 0.034865 
8025.580525 0.815601 0.061002 
8027.151509 0.423603 0.079947 
8028.722494 0.584906 0.073904 
8030.293479 0.752216 0.047020 
8031.864464 0.597894 0.031280 
8033.435449 0.627256 0.026853 
8035.006434 0.630978 0.024900 
8036.577418 0.591046 0.023159 
8038.148403 0.675118 0.022496 
8039.719388 0.596847 0.021919 
8041.290373 0.585141 0.022306 
8042.861358 0.654981 0.022653 
8044.432343 0.660356 0.022376 
8046.003328 0.606328 0.021625 
8047.574312 0.602857 0.021843 
8049.145297 0.621187 0.023114 
8050.716282 0.659133 0.029394 
8052.287267 0.587913 0.038553 
8053.858252 0.645387 0.041019 
8055.429237 0.675755 0.034267 
8057.000221 0.687938 0.025773 
8058.571206 0.667697 0.022569 
8060.142191 0.696355 0.026986 
8061.713176 0.698752 0.042480 
8063.284161 0.726533 0.055010 
8064.855146 0.670394 0.052045 
8066.426131 0.627422 0.036977 
8067.997115 0.679190 0.025238 
8069.568100 0.671524 0.022481 
8071.139085 0.610725 0.021596 
8072.710070 0.593132 0.021501 
8074.281055 0.629749 0.023266 
8075.852040 0.636845 0.024860 
8077.423024 0.643377 0.023984 
8078.994009 0.656331 0.023949 
8080.564994 0.642478 0.023088 
8082.135979 0.571966 0.021996 
8083.706964 0.676715 0.022805 
8085.277949 0.593360 0.024388 
8086.848934 0.694672 0.025233 
8088.419918 0.638375 0.023909 
8089.990903 0.638223 0.022095 
8091.561888 0.610212 0.022038 
8093.132873 0.631877 0.026597 
8094.703858 0.649240 0.031801 
8096.274843 0.560806 0.031552 
8097.845827 0.728016 0.026317 
8099.416812 0.675124 0.022511 
8100.987797 0.622338 0.025427 
8102.558782 0.694920 0.035733 
8104.129767 0.669484 0.044273 
8105.700752 0.681164 0.035728 
8107.271737 0.737436 0.027628 
8108.842721 0.636944 0.023664 
8110.413706 0.584397 0.022543 
8111.984691 0.668673 0.022698 
8113.555676 0.724029 0.025908 
8115.126661 0.669886 0.022191 
8116.697646 0.631550 0.021617 
8118.268630 0.612609 0.021388 
8119.839615 0.686539 0.022251 
8121.410600 0.704463 0.024988 
8122.981585 0.635400 0.021626 
8124.552570 0.595035 0.022088 
8126.123555 0.716140 0.024525 
8127.694540 0.641587 0.024933 
8129.265524 0.589287 0.023697 
8130.836509 0.621069 0.023961 
8132.407494 0.700245 0.029116 
8133.978479 0.857039 0.040027 
8135.549464 0.852648 0.037490 
8137.120449 0.694724 0.023918 
8138.691433 0.693028 0.026113 
8140.262418 0.685327 0.028475 
8141.833403 0.664187 0.027761 
8143.404388 0.703992 0.024906 
8144.975373 0.664973 0.023774 
8146.546358 0.606057 0.027306 
8148.117343 0.675890 0.031136 
8149.688327 0.582483 0.029721 
8151.259312 0.617368 0.025098 
8152.830297 0.679203 0.022720 
8154.401282 0.685712 0.022384 
8155.972267 0.654682 0.021881 
8157.543252 0.576465 0.021335 
8159.114236 0.753512 0.022130 
8160.685221 0.637296 0.022194 
8162.256206 0.701300 0.022789 
8163.827191 0.786527 0.022987 
8165.398176 0.683526 0.022791 
8166.969161 0.687520 0.027211 
8168.540146 0.700564 0.031991 
8170.111130 0.749705 0.024284 
8171.682115 0.741061 0.021935 
8173.253100 0.672656 0.021278 
8174.824085 0.624610 0.021651 
8176.395070 0.697156 0.022545 
8177.966055 0.665957 0.022699 
8179.537039 0.623709 0.022135 
8181.108024 0.713700 0.022160 
8182.679009 0.666749 0.021760 
8184.249994 0.727551 0.021912 
8185.820979 0.726665 0.022165 
8187.391964 0.664384 0.023265 
8188.962949 0.669274 0.024847 
8190.533933 0.648771 0.025136 
8192.104918 0.628988 0.023629 
8193.675903 0.687949 0.022886 
8195.246888 0.701793 0.024232 
8196.817873 0.688750 0.025571 
8198.388858 0.695750 0.024937 
8199.959842 0.643570 0.022801 
8201.530827 0.634200 0.021568 
8203.101812 0.666617 0.021649 
8204.672797 0.691086 0.021990 
8206.243782 0.693763 0.022345 
8207.814767 0.680869 0.022757 
8209.385752 0.635782 0.022770 
8210.956736 0.695975 0.022718 
8212.527721 0.663372 0.022203 
8214.098706 0.680530 0.022178 
8215.669691 0.757076 0.022736 
8217.240676 0.757233 0.023002 
8218.811661 0.719514 0.022627 
8220.382645 0.779807 0.022447 
8221.953630 0.733755 0.022601 
8223.524615 0.670241 0.023545 
8225.095600 0.693304 0.024321 
8226.666585 0.633433 0.024249 
8228.237570 0.728128 0.024062 
8229.808555 0.653195 0.023415 
8231.379539 0.673161 0.023990 
8232.950524 0.653024 0.024142 
8234.521509 0.637680 0.024268 
8236.092494 0.623365 0.024396 
8237.663479 0.663635 0.023373 
8239.234464 0.712817 0.022162 
8240.805449 0.719795 0.022709 
8242.376433 0.652815 0.023561 
8243.947418 0.588275 0.023746 
8245.518403 0.612503 0.023020 
8247.089388 0.652677 0.023372 
8248.660373 0.691636 0.024152 
8250.231358 0.670340 0.024121 
8251.802342 0.673719 0.023094 
8253.373327 0.666062 0.022487 
8254.944312 0.699491 0.023151 
8256.515297 0.639557 0.023375 
8258.086282 0.635252 0.022890 
8259.657267 0.711943 0.022273 
8261.228252 0.720149 0.021990 
8262.799236 0.710619 0.022245 
8264.370221 0.737514 0.022435 
8265.941206 0.700561 0.022136 
8267.512191 0.626642 0.021870 
8269.083176 0.712581 0.022428 
8270.654161 0.734823 0.022720 
8272.225145 0.660964 0.022607 
8273.796130 0.631999 0.022868 
8275.367115 0.655496 0.023534 
8276.938100 0.633099 0.028955 
8278.509085 0.631965 0.042699 
8280.080070 0.593024 0.055652 
8281.651055 0.781925 0.070261 
8283.222039 0.757629 0.072026 
8284.793024 0.783142 0.061925 
8286.364009 0.681590 0.050764 
8287.934994 0.677358 0.066976 
8289.505979 0.648716 0.089941 
8291.076964 0.857962 0.083129 
8292.647948 0.595061 0.054064 
8294.218933 0.652386 0.031062 
8295.789918 0.606018 0.040462 
8297.360903 0.711895 0.058816 
8298.931888 0.390117 0.089989 
8300.502873 0.309218 0.094488 
8302.073858 0.391651 0.077264 
8303.644842 0.592463 0.043451 
8305.215827 0.648228 0.030862 
8306.786812 0.700068 0.026430 
8308.357797 0.593638 0.027318 
8309.928782 0.651030 0.055328 
8311.499767 0.753050 0.089261 
8313.070751 0.791583 0.062148 
8314.641736 0.707732 0.037569 
8316.212721 0.657540 0.026731 
8317.783706 0.673052 0.024997 
8319.354691 0.661398 0.025996 
8320.925676 0.666479 0.025575 
8322.496661 0.691440 0.024146 
8324.067645 0.653396 0.022914 
8325.638630 0.658534 0.022401 
8327.209615 0.617698 0.021998 
8328.780600 0.624483 0.021898 
8330.351585 0.628509 0.021857 
8331.922570 0.608808 0.021746 
8333.493554 0.665044 0.023279 
8335.064539 0.678879 0.027225 
8336.635524 0.658079 0.032251 
8338.206509 0.612185 0.034048 
8339.777494 0.575890 0.032574 
8341.348479 0.723716 0.053757 
8342.919464 0.748361 0.103502 
8344.490448 0.532759 0.138458 
8346.061433 1.045408 0.165713 
8347.632418 0.629409 0.137756 
8349.203403 0.502023 0.071827 
8350.774388 0.731831 0.043208 
8352.345373 0.504818 0.059071 
8353.916357 0.667802 0.100282 
8355.487342 1.453939 0.172889 
8357.058327 1.049524 0.073234 
8358.629312 0.970490 0.063114 
8360.200297 0.891456 0.052994 
8361.771282 0.812423 0.042874 
8363.342267 0.739824 0.034400 
8364.913251 0.771055 0.051922 
8366.484236 0.762049 0.045087 
8368.055221 0.753044 0.038252 
8369.626206 0.744038 0.031416 
8371.197191 0.735032 0.024581 
8372.768176 0.686815 0.028284 
8374.339160 0.700092 0.026655 
8375.910145 0.726696 0.027425 
8377.481130 0.789487 0.027968 
8379.052115 0.731060 0.029988 
8380.623100 0.726836 0.039977 
8382.194085 0.656667 0.056832 
8383.765070 0.526686 0.065946 
8385.336054 0.545659 0.058282 
8386.907039 0.694030 0.036828 
8388.478024 0.746957 0.025735 
8390.049009 0.612942 0.024711 
8391.619994 0.770092 0.045975 
8393.190979 0.835025 0.041636 
8394.761963 0.759948 0.029575 
8396.332948 0.729585 0.027349 
8397.903933 0.583311 0.056854 
8399.474918 0.559006 0.106630 
8401.045903 0.793440 0.127773 
8402.616888 0.789886 0.096632 
8404.187873 0.712357 0.050028 
8405.758857 0.710021 0.027233 
8407.329842 0.651379 0.022712 
8408.900827 0.619918 0.021989 
8410.471812 0.666976 0.022157 
8412.042797 0.664016 0.022729 
8413.613782 0.621844 0.032821 
8415.184766 0.665572 0.056727 
8416.755751 0.528268 0.076644 
8418.326736 0.564698 0.078284 
8419.897721 0.592638 0.058163 
8421.468706 0.620578 0.038042 
8423.039691 0.632063 0.023755 
8424.610676 0.614631 0.024371 
8426.181660 0.651695 0.025578 
8427.752645 0.673774 0.033873 
8429.323630 0.537436 0.071977 
8430.894615 0.690579 0.131050 
8432.465600 0.455897 0.135785 
8434.036585 0.462496 0.093928 
8435.607569 0.825883 0.041307 
8437.178554 0.737084 0.028660 
8438.749539 0.613797 0.023403 
8440.320524 0.584367 0.021640 
8441.891509 0.606781 0.021844 
8443.462494 0.628015 0.022096 
8445.033479 0.610279 0.028483 
8446.604463 0.707654 0.051769 
8448.175448 0.527367 0.060355 
8449.746433 0.897481 0.053477 
8451.317418 0.493996 0.045958 
8452.888403 0.723005 0.064430 
8454.459388 0.775612 0.067466 
8456.030372 0.560688 0.048540 
8457.601357 0.604213 0.029017 
8459.172342 0.621862 0.023178 
8460.743327 0.585339 0.022341 
8462.314312 0.578365 0.023312 
8463.885297 0.539364 0.043897 
8465.456282 0.754592 0.090520 
8467.027266 0.760546 0.111482 
8468.598251 0.634402 0.089753 
8470.169236 0.691910 0.048518 
8471.740221 0.645065 0.027463 
8473.311206 0.629018 0.023697 
8474.882191 0.628843 0.025002 
8476.453176 0.621544 0.025935 
8478.024160 0.611406 0.024364 
8479.595145 0.598105 0.022202 
8481.166130 0.623999 0.021370 
8482.737115 0.671805 0.021340 
8484.308100 0.651710 0.021258 
8485.879085 0.627855 0.021384 
8487.450069 0.668645 0.021624 
8489.021054 0.678678 0.021566 
8490.592039 0.637782 0.022111 
8492.163024 0.635351 0.030910 
8493.734009 0.681413 0.046846 
8495.304994 0.601743 0.053523 
8496.875979 0.470206 0.045179 
8498.446963 0.586721 0.031024 
8500.017948 0.710868 0.025235 
8501.588933 0.683619 0.025135 
8503.159918 0.584154 0.034512 
8504.730903 0.635423 0.060148 
8506.301888 0.749866 0.077307 
8507.872872 0.724570 0.068441 
8509.443857 0.631362 0.041269 
8511.014842 0.591052 0.024605 
8512.585827 0.569074 0.021481 
8514.156812 0.638879 0.021152 
8515.727797 0.647754 0.021082 
8517.298782 0.652656 0.020973 
8518.869766 0.621212 0.021036 
8520.440751 0.570933 0.022128 
8522.011736 0.608830 0.023304 
8523.582721 0.559784 0.022820 
8525.153706 0.582073 0.021412 
8526.724691 0.633454 0.020948 
8528.295675 0.599343 0.020968 
8529.866660 0.607627 0.020778 
8531.437645 0.657034 0.020908 
8533.008630 0.601302 0.020754 
8534.579615 0.585620 0.020736 
8536.150600 0.632921 0.020928 
8537.721585 0.533738 0.026502 
8539.292569 0.597723 0.036537 
8540.863554 0.652732 0.038454 
8542.434539 0.710236 0.032035 
8544.005524 0.670034 0.024791 
8545.576509 0.623576 0.022478 
8547.147494 0.587425 0.027294 
8548.718478 0.622957 0.042934 
8550.289463 0.616162 0.050416 
8551.860448 0.723750 0.045143 
8553.431433 0.651845 0.031335 
8555.002418 0.560012 0.023991 
8556.573403 0.560651 0.021690 
8558.144388 0.655453 0.021504 
8559.715372 0.648181 0.021149 
8561.286357 0.616217 0.022457 
8562.857342 0.576522 0.023287 
8564.428327 0.567456 0.023324 
8565.999312 0.649475 0.023596 
8567.570297 0.611592 0.036820 
8569.141281 0.549083 0.042433 
8570.712266 0.558166 0.034197 
8572.283251 0.567248 0.025960 
8573.854236 0.622463 0.022351 
8575.425221 0.604112 0.022693 
8576.996206 0.579545 0.023040 
8578.567191 0.612068 0.023054 
8580.138175 0.624677 0.022512 
8581.709160 0.643623 0.021693 
8583.280145 0.629507 0.020991 
8584.851130 0.637298 0.020910 
8586.422115 0.618873 0.022312 
8587.993100 0.580017 0.026712 
8589.564084 0.622327 0.030971 
8591.135069 0.606391 0.029779 
8592.706054 0.602658 0.025306 
8594.277039 0.658570 0.023158 
8595.848024 0.639262 0.025475 
8597.419009 0.574305 0.032032 
8598.989994 0.579799 0.034708 
8600.560978 0.585201 0.030798 
8602.131963 0.641341 0.025346 
8603.702948 0.618523 0.025618 
8605.273933 0.629721 0.021938 
8606.844918 0.559831 0.021479 
8608.415903 0.534504 0.021667 
8609.986887 0.655298 0.022541 
8611.557872 0.616801 0.023334 
8613.128857 0.531381 0.024751 
8614.699842 0.623045 0.027539 
8616.270827 0.578128 0.028972 
8617.841812 0.496542 0.031356 
8619.412797 0.579222 0.033992 
8620.983781 0.727707 0.037443 
8622.554766 0.700750 0.039782 
8624.125751 0.666676 0.042681 
8625.696736 0.825412 0.044973 
8627.267721 0.612274 0.046268 
8628.838706 0.578641 0.048314 
8630.409690 0.529577 0.048523 
8631.980675 0.744496 0.049800 
8633.551660 0.569980 0.048550 
8635.122645 0.647852 0.047725 
8636.693630 0.715686 0.045582 
8638.264615 0.613364 0.042869 
8639.835600 0.543829 0.039324 
8641.406584 0.586745 0.037482 
8642.977569 0.554428 0.034923 
8644.548554 0.680631 0.030870 
8646.119539 0.634421 0.028545 
8647.690524 0.487064 0.030029 
8649.261509 0.611321 0.036902 
8650.832493 0.798721 0.044600 
8652.403478 0.628791 0.047200 
8653.974463 0.478311 0.046329 
8655.545448 0.548493 0.048023 
8657.116433 0.601927 0.048789 
8658.687418 0.509053 0.047619 
8660.258403 0.582979 0.048800 
8661.829387 0.668725 0.049229 
8663.400372 0.613290 0.046441 
8664.971357 0.595900 0.045930 
8666.542342 0.599439 0.047037 
8668.113327 0.649583 0.042652 
8669.684312 0.675391 0.037619 
8671.255296 0.576206 0.037864 
8672.826281 0.432664 0.040707 
8674.397266 0.676529 0.037218 
8675.968251 0.682555 0.037168 
8677.539236 0.583886 0.033566 
8679.110221 0.576306 0.032421 
8680.681206 0.612770 0.032318 
8682.252190 0.683669 0.033004 
8683.823175 0.557285 0.031078 
8685.394160 0.526138 0.029128 
8686.965145 0.555859 0.027289 
8688.536130 0.576100 0.027121 
8690.107115 0.665190 0.030230 
8691.678099 0.743703 0.033722 
8693.249084 0.625942 0.033657 
8694.820069 0.545363 0.032590 
8696.391054 0.640396 0.028475 
8697.962039 0.597163 0.024489 
8699.533024 0.560995 0.025641 
8701.104009 0.603034 0.027614 
8702.674993 0.578208 0.027072 
8704.245978 0.595417 0.025461 
8705.816963 0.514812 0.024478 
8707.387948 0.588770 0.026196 
8708.958933 0.610948 0.027134 
8710.529918 0.633125 0.028072 
8712.100903 0.656568 0.028560 
8713.671887 0.667410 0.026694 
8715.242872 0.615623 0.022847 
8716.813857 0.627520 0.022368 
8718.384842 0.612847 0.022311 
8719.955827 0.623470 0.022387 
8721.526812 0.568804 0.022176 
8723.097796 0.557714 0.022294 
8724.668781 0.621971 0.022625 
8726.239766 0.550077 0.023433 
8727.810751 0.614468 0.024440 
8729.381736 0.461144 0.023939 
8730.952721 0.585959 0.022922 
8732.523706 0.508234 0.022082 
8734.094690 0.563843 0.022985 
8735.665675 0.564966 0.022362 
8737.236660 0.600865 0.023339 
8738.807645 0.573102 0.023977 
8740.378630 0.577387 0.024724 
8741.949615 0.506168 0.024517 
8743.520599 0.537677 0.024385 
8745.091584 0.578954 0.023701 
8746.662569 0.513167 0.023885 
8748.233554 0.500915 0.023099 
8749.804539 0.592907 0.024175 
8751.375524 0.597374 0.024678 
8752.946509 0.552534 0.024321 
8754.517493 0.484742 0.023173 
8756.088478 0.570957 0.023512 
8757.659463 0.684626 0.033239 
8759.230448 0.540210 0.051951 
8760.801433 0.790791 0.083196 
8762.372418 0.805936 0.100678 
8763.943402 0.579389 0.092702 
8765.514387 0.620774 0.070834 
8767.085372 0.751992 0.087795 
8768.656357 0.241702 0.115086 
8770.227342 0.305857 0.111947 
8771.798327 0.358896 0.074475 
8773.369312 0.443761 0.042776 
8774.940296 0.473202 0.040632 
8776.511281 0.935949 0.067108 
8778.082266 1.066802 0.109033 
8779.653251 0.674677 0.123800 
8781.224236 0.617998 0.102701 
8782.795221 0.552668 0.060769 
8784.366205 0.499210 0.034080 
8785.937190 0.540998 0.025891 
8787.508175 0.538561 0.023924 
8789.079160 0.554488 0.028300 
8790.650145 0.510075 0.046044 
8792.221130 0.434167 0.061516 
8793.792115 0.569121 0.059957 
8795.363099 0.667145 0.043284 
8796.934084 0.559180 0.028742 
8798.505069 0.534867 0.024288 
8800.076054 0.545608 0.023249 
8801.647039 0.528502 0.023161 
8803.218024 0.567058 0.023296 
8804.789008 0.550551 0.023082 
8806.359993 0.508773 0.022637 
8807.930978 0.477551 0.023120 
8809.501963 0.422273 0.025792 
8811.072948 0.385622 0.028207 
8812.643933 0.438322 0.027559 
8814.214918 0.534251 0.025242 
8815.785902 0.561435 0.024039 
8817.356887 0.552464 0.025281 
8818.927872 0.473454 0.025986 
8820.498857 0.531028 0.025552 
8822.069842 0.557305 0.024022 
8823.640827 0.562680 0.028526 
8825.211811 0.298287 0.061446 
8826.782796 -0.125207 0.138419 
8828.353781 0.106433 0.202902 
8829.924766 0.300532 0.180547 
8831.495751 0.240702 0.103470 
8833.066736 0.662978 0.055233 
8834.637721 0.727614 0.053416 
8836.208705 0.544421 0.078843 
8837.779690 0.517707 0.100560 
8839.350675 0.640506 0.090688 
8840.921660 0.585819 0.054928 
8842.492645 0.467823 0.031156 
8844.063630 0.501113 0.024716 
8845.634614 0.526887 0.025666 
8847.205599 0.551985 0.028147 
8848.776584 0.442340 0.035812 
8850.347569 0.373001 0.050468 
8851.918554 0.363598 0.052901 
8853.489539 0.462675 0.042180 
8855.060524 0.503106 0.027577 
8856.631508 0.466800 0.023384 
8858.202493 0.432087 0.022423 
8859.773478 0.487585 0.022557 
8861.344463 0.546598 0.024342 
8862.915448 0.539877 0.025612 
8864.486433 0.459857 0.029078 
8866.057417 0.490540 0.049363 
8867.628402 0.697399 0.071768 
8869.199387 0.802029 0.074345 
8870.770372 0.647172 0.059378 
8872.341357 0.450436 0.035260 
8873.912342 0.615786 0.030726 
8875.483327 0.896800 0.052227 
8877.054311 0.000000 0.000000 
