3000.000000 -0.210488 0.212866 
3001.198498 -0.229767 0.204634 
3002.396995 -0.257489 0.200039 
3003.595493 -0.180246 0.197028 
3004.793991 -0.032468 0.195080 
3005.992489 -0.162194 0.188032 
3007.190986 -0.352332 0.179874 
3008.389484 -0.228197 0.177462 
3009.587982 -0.154685 0.172465 
3010.786479 -0.253970 0.158639 
3011.984977 -0.334280 0.145664 
3013.183475 -0.164717 0.143884 
3014.381972 0.004846 0.142104 
3015.580470 0.027927 0.147650 
3016.778968 0.021009 0.154695 
3017.977466 -0.091520 0.152824 
3019.175963 -0.251019 0.146986 
3020.374461 -0.300231 0.141858 
3021.572959 -0.311643 0.137585 
3022.771456 -0.113791 0.139656 
3023.969954 0.033585 0.140966 
3025.168452 0.072723 0.140643 
3026.366949 -0.004638 0.136793 
3027.565447 -0.187281 0.129755 
3028.763945 -0.082952 0.129515 
3029.962443 0.125340 0.131738 
3031.160940 0.019752 0.128548 
3032.359438 -0.082140 0.125408 
3033.557936 -0.055531 0.124398 
3034.756433 -0.025515 0.122923 
3035.954931 0.010584 0.120620 
3037.153429 0.025883 0.118425 
3038.351926 0.025333 0.116312 
3039.550424 0.007963 0.115041 
3040.748922 -0.014254 0.114013 
3041.947420 -0.011529 0.114013 
3043.145917 0.006762 0.114119 
3044.344415 0.088453 0.114603 
3045.542913 0.218426 0.121037 
3046.741410 0.420351 0.136337 
3047.939908 0.457893 0.141738 
3049.138406 -0.108466 0.110771 
3050.336904 -0.163546 0.104673 
3051.535401 -0.114787 0.103955 
3052.733899 -0.374227 0.099592 
3053.932397 -0.488532 0.097394 
3055.130894 -0.136677 0.102150 
3056.329392 0.046193 0.104255 
3057.527890 0.019073 0.103067 
3058.726387 -0.010256 0.101710 
3059.924885 -0.040749 0.100265 
3061.123383 -0.042192 0.093559 
3062.321881 -0.039019 0.086018 
3063.520378 0.106425 0.091488 
3064.718876 0.283110 0.099815 
3065.917374 0.160458 0.098356 
3067.115871 -0.098726 0.092434 
3068.314369 -0.054731 0.093074 
3069.512867 0.010450 0.094277 
3070.711364 -0.036220 0.093934 
3071.909862 -0.071640 0.093295 
3073.108360 -0.082986 0.092023 
3074.306858 -0.092843 0.090617 
3075.505355 -0.101376 0.089092 
3076.703853 -0.021698 0.090127 
3077.902351 0.089065 0.092064 
3079.100848 -0.038902 0.089591 
3080.299346 -0.134082 0.087585 
3081.497844 0.008126 0.089242 
3082.696341 0.056034 0.089081 
3083.894839 -0.055405 0.085848 
3085.093337 0.020122 0.086106 
3086.291835 0.229763 0.088868 
3087.490332 0.218419 0.087765 
3088.688830 0.149074 0.085654 
3089.887328 -0.022473 0.083386 
3091.085825 -0.135104 0.081985 
3092.284323 -0.032623 0.083749 
3093.482821 0.090617 0.085508 
3094.681318 0.241826 0.087261 
3095.879816 0.163926 0.085036 
3097.078314 -0.044498 0.080546 
3098.276812 -0.024999 0.087683 
3099.475309 0.035270 0.096900 
3100.673807 -0.141974 0.086210 
3101.872305 -0.230550 0.078463 
3103.070802 -0.046568 0.081426 
3104.269300 0.075948 0.083073 
3105.467798 0.132181 0.083303 
3106.666296 0.123248 0.082932 
3107.864793 0.085375 0.082295 
3109.063291 0.037105 0.082778 
3110.261789 -0.005767 0.083568 
3111.460286 0.001204 0.085793 
3112.658784 -0.005094 0.087484 
3113.857282 -0.038749 0.088072 
3115.055779 0.005693 0.088972 
3116.254277 0.117322 0.090138 
3117.452775 0.006316 0.087125 
3118.651273 -0.179159 0.082713 
3119.849770 -0.129951 0.082345 
3121.048268 -0.045694 0.082546 
3122.246766 0.161153 0.084689 
3123.445263 0.276653 0.085459 
3124.643761 0.244908 0.084014 
3125.842259 0.214612 0.082788 
3127.040756 0.185303 0.081710 
3128.239254 0.081879 0.079736 
3129.437752 -0.035430 0.077588 
3130.636250 0.045913 0.077447 
3131.834747 0.088625 0.076858 
3133.033245 0.002064 0.074770 
3134.231743 -0.063818 0.073272 
3135.430240 -0.103556 0.072519 
3136.628738 -0.009612 0.074222 
3137.827236 0.155220 0.077228 
3139.025733 0.128425 0.075284 
3140.224231 0.074440 0.072749 
3141.422729 0.050995 0.072323 
3142.621227 0.021643 0.071351 
3143.819724 -0.022247 0.069033 
3145.018222 -0.061600 0.067594 
3146.216720 -0.096425 0.067031 
3147.415217 -0.071236 0.064355 
3148.613715 -0.021878 0.060828 
3149.812213 -0.034693 0.058087 
3151.010711 -0.103490 0.056054 
3152.209208 -0.126413 0.055908 
3153.407706 -0.014376 0.061310 
3154.606204 0.089480 0.066347 
3155.804701 0.075678 0.066120 
3157.003199 0.074341 0.066088 
3158.201697 0.105980 0.066570 
3159.400194 0.109849 0.066785 
3160.598692 0.084051 0.066714 
3161.797190 0.071312 0.066571 
3162.995688 0.064358 0.066396 
3164.194185 0.079917 0.066231 
3165.392683 0.096101 0.066159 
3166.591181 0.097832 0.066820 
3167.789678 0.075034 0.066456 
3168.988176 0.000212 0.063917 
3170.186674 0.033997 0.063526 
3171.385171 0.164018 0.065036 
3172.583669 0.173828 0.065253 
3173.782167 0.141226 0.065012 
3174.980665 0.063553 0.063864 
3176.179162 0.007632 0.063015 
3177.377660 0.079416 0.064003 
3178.576158 0.096823 0.064249 
3179.774655 0.021198 0.063225 
3180.973153 0.026612 0.064435 
3182.171651 0.091073 0.067273 
3183.370148 0.089774 0.069038 
3184.568646 0.070841 0.070515 
3185.767144 0.112002 0.073066 
3186.965642 0.156550 0.075411 
3188.164139 0.213535 0.076971 
3189.362637 0.221691 0.077257 
3190.561135 0.161889 0.075768 
3191.759632 0.197712 0.075214 
3192.958130 0.290112 0.075214 
3194.156628 0.236453 0.069475 
3195.355125 0.154540 0.062625 
3196.553623 0.084425 0.064292 
3197.752121 0.016194 0.067319 
3198.950619 0.186876 0.070453 
3200.149116 0.407671 0.073509 
3201.347614 0.199452 0.070750 
3202.546112 0.034140 0.068511 
3203.744609 0.012752 0.068019 
3204.943107 0.023848 0.068066 
3206.141605 0.076044 0.068793 
3207.340103 0.103693 0.069792 
3208.538600 0.118337 0.070935 
3209.737098 0.126247 0.071647 
3210.935596 0.141636 0.072424 
3212.134093 0.257104 0.074746 
3213.332591 0.288262 0.075539 
3214.531089 0.113250 0.072597 
3215.729586 0.022837 0.070731 
3216.928084 0.016372 0.069933 
3218.126582 0.002601 0.069960 
3219.325080 -0.014096 0.070317 
3220.523577 0.114292 0.071360 
3221.722075 0.232489 0.072223 
3222.920573 0.216401 0.071631 
3224.119070 0.173093 0.070621 
3225.317568 0.079365 0.068840 
3226.516066 0.081949 0.068211 
3227.714563 0.159628 0.068481 
3228.913061 0.116978 0.067343 
3230.111559 0.039160 0.065792 
3231.310057 -0.012020 0.065733 
3232.508554 -0.045619 0.065779 
3233.707052 -0.009241 0.066159 
3234.905550 0.033158 0.067238 
3236.104047 0.084259 0.069326 
3237.302545 0.020507 0.069488 
3238.501043 -0.113291 0.068474 
3239.699540 -0.158149 0.068670 
3240.898038 -0.178680 0.069142 
3242.096536 -0.060776 0.070340 
3243.295034 0.030368 0.071160 
3244.493531 0.044016 0.070884 
3245.692029 0.013572 0.069822 
3246.890527 -0.066889 0.067869 
3248.089024 -0.097682 0.066786 
3249.287522 -0.105107 0.066113 
3250.486020 -0.033159 0.066304 
3251.684518 0.037200 0.066434 
3252.883015 0.010679 0.065135 
3254.081513 0.006966 0.064183 
3255.280011 0.052822 0.063987 
3256.478508 0.082880 0.063879 
3257.677006 0.098743 0.063852 
3258.875504 0.114981 0.063176 
3260.074001 0.131351 0.062270 
3261.272499 0.058119 0.060714 
3262.470997 0.006158 0.059544 
3263.669495 0.088616 0.060555 
3264.867992 0.099425 0.060903 
3266.066490 -0.010018 0.060138 
3267.264988 0.003804 0.060768 
3268.463485 0.105130 0.062388 
3269.661983 0.171972 0.062986 
3270.860481 0.229358 0.063334 
3272.058978 0.206981 0.064876 
3273.257476 0.189595 0.066454 
3274.455974 0.189966 0.068158 
3275.654472 0.183434 0.067834 
3276.852969 0.167787 0.064833 
3278.051467 0.156827 0.062115 
3279.249965 0.162173 0.060383 
3280.448462 0.167520 0.058650 
3281.646960 0.241512 0.062639 
3282.845458 0.319856 0.066992 
3284.043955 0.208891 0.065362 
3285.242453 0.032697 0.061670 
3286.440951 0.100775 0.061442 
3287.639449 0.175184 0.061417 
3288.837946 0.225757 0.061604 
3290.036444 0.215449 0.061371 
3291.234942 0.107182 0.060462 
3292.433439 0.106957 0.060516 
3293.631937 0.179625 0.061221 
3294.830435 0.235620 0.061856 
3296.028932 0.282995 0.062419 
3297.227430 0.143674 0.060784 
3298.425928 0.054208 0.059867 
3299.624426 0.124004 0.061242 
3300.822923 0.201747 0.062430 
3302.021421 0.289122 0.063391 
3303.219919 0.270119 0.063363 
3304.418416 0.197702 0.062837 
3305.616914 0.149724 0.061735 
3306.815412 0.105038 0.060532 
3308.013910 0.059858 0.059103 
3309.212407 0.036080 0.057908 
3310.410905 0.060609 0.057237 
3311.609403 0.088019 0.056855 
3312.807900 0.118079 0.056738 
3314.006398 0.113158 0.056080 
3315.204896 0.095607 0.055228 
3316.403393 0.142363 0.054978 
3317.601891 0.171965 0.054535 
3318.800389 0.095361 0.052929 
3319.998887 0.046439 0.051795 
3321.197384 0.043355 0.051442 
3322.395882 0.052819 0.048893 
3323.594380 0.070977 0.044822 
3324.792877 0.047369 0.044540 
3325.991375 -0.005044 0.046871 
3327.189873 0.009659 0.048576 
3328.388370 0.089681 0.049671 
3329.586868 0.092389 0.049028 
3330.785366 0.064844 0.047703 
3331.983864 0.066659 0.047530 
3333.182361 0.069284 0.047470 
3334.380859 0.063868 0.047588 
3335.579357 0.076153 0.047661 
3336.777854 0.120539 0.047653 
3337.976352 0.106329 0.047532 
3339.174850 0.047387 0.047325 
3340.373347 0.046397 0.047267 
3341.571845 0.062165 0.047254 
3342.770343 0.018113 0.046814 
3343.968841 -0.004957 0.046515 
3345.167338 0.059618 0.046810 
3346.365836 0.105684 0.046856 
3347.564334 0.125169 0.046546 
3348.762831 0.130671 0.046567 
3349.961329 0.127670 0.046789 
3351.159827 0.084838 0.047381 
3352.358325 0.036646 0.048141 
3353.556822 0.041415 0.050831 
3354.755320 0.060945 0.053567 
3355.953818 0.122950 0.056433 
3357.152315 0.154196 0.058141 
3358.350813 0.150666 0.058537 
3359.549311 0.095599 0.057511 
3360.747808 0.016410 0.055818 
3361.946306 -0.078750 0.053761 
3363.144804 -0.144566 0.051953 
3364.343302 0.059085 0.052687 
3365.541799 0.178418 0.052699 
3366.740297 0.115594 0.051149 
3367.938795 0.131720 0.050616 
3369.137292 0.218429 0.050994 
3370.335790 0.147531 0.049404 
3371.534288 0.021148 0.047121 
3372.732785 0.141057 0.047902 
3373.931283 0.239437 0.048498 
3375.129781 0.161827 0.047333 
3376.328279 0.091051 0.046258 
3377.526776 0.031711 0.045333 
3378.725274 0.018491 0.044806 
3379.923772 0.037905 0.044559 
3381.122269 0.079079 0.045684 
3382.320767 0.125146 0.047125 
3383.519265 0.106659 0.045377 
3384.717762 0.095383 0.044083 
3385.916260 0.109543 0.044394 
3387.114758 0.118525 0.044368 
3388.313256 0.120708 0.043898 
3389.511753 0.100880 0.043435 
3390.710251 0.068883 0.042975 
3391.908749 0.056902 0.042537 
3393.107246 0.054860 0.042168 
3394.305744 0.144139 0.042719 
3395.504242 0.197753 0.042948 
3396.702739 0.158882 0.042348 
3397.901237 0.136082 0.041921 
3399.099735 0.130015 0.041675 
3400.298233 0.159423 0.042061 
3401.496730 0.203907 0.042715 
3402.695228 0.224484 0.043467 
3403.893726 0.229461 0.043738 
3405.092223 0.140346 0.040549 
3406.290721 0.051231 0.037360 
3407.489219 0.062069 0.037404 
3408.687717 0.077616 0.037602 
3409.886214 0.113575 0.039990 
3411.084712 0.157841 0.043271 
3412.283210 0.120735 0.044008 
3413.481707 0.022923 0.042848 
3414.680205 0.038857 0.042874 
3415.878703 0.085371 0.043220 
3417.077200 0.067875 0.042964 
3418.275698 0.056633 0.042734 
3419.474196 0.068069 0.042596 
3420.672694 0.110618 0.042794 
3421.871191 0.194297 0.043436 
3423.069689 0.105672 0.042611 
3424.268187 -0.077972 0.040977 
3425.466684 -0.037281 0.041379 
3426.665182 0.038176 0.042097 
3427.863680 0.086268 0.042586 
3429.062177 0.115722 0.042689 
3430.260675 0.098842 0.041837 
3431.459173 0.107628 0.041350 
3432.657671 0.141933 0.041227 
3433.856168 0.140143 0.040792 
3435.054666 0.124031 0.040233 
3436.253164 0.219560 0.041331 
3437.451661 0.294361 0.042285 
3438.650159 0.195658 0.041631 
3439.848657 0.139883 0.041584 
3441.047154 0.161012 0.042623 
3442.245652 0.131490 0.042779 
3443.444150 0.064104 0.042274 
3444.642648 0.066645 0.042442 
3445.841145 0.088184 0.042793 
3447.039643 0.093735 0.042480 
3448.238141 0.095485 0.041489 
3449.436638 0.083286 0.038014 
3450.635136 0.075525 0.035394 
3451.833634 0.093833 0.037801 
3453.032132 0.112140 0.040209 
3454.230629 0.107002 0.039680 
3455.429127 0.103456 0.039393 
3456.627625 0.107743 0.040260 
3457.826122 0.111266 0.040621 
3459.024620 0.113684 0.040250 
3460.223118 0.136947 0.040313 
3461.421615 0.172988 0.040643 
3462.620113 0.186957 0.040409 
3463.818611 0.197330 0.040052 
3465.017109 0.227030 0.039519 
3466.215606 0.225880 0.038979 
3467.414104 0.134124 0.038417 
3468.612602 0.080889 0.038881 
3469.811099 0.071836 0.040521 
3471.009597 0.089004 0.042326 
3472.208095 0.118663 0.044210 
3473.406592 0.180415 0.046003 
3474.605090 0.231400 0.047530 
3475.803588 0.150024 0.046773 
3477.002086 0.104908 0.046190 
3478.200583 0.139720 0.045993 
3479.399081 0.136165 0.045136 
3480.597579 0.097660 0.043679 
3481.796076 0.125522 0.043025 
3482.994574 0.177343 0.042661 
3484.193072 0.135219 0.041588 
3485.391569 0.110000 0.040720 
3486.590067 0.202640 0.041156 
3487.788565 0.242761 0.041296 
3488.987063 0.193255 0.040930 
3490.185560 0.181962 0.040120 
3491.384058 0.198254 0.038988 
3492.582556 0.177588 0.038512 
3493.781053 0.147266 0.038205 
3494.979551 0.119961 0.037313 
3496.178049 0.101427 0.036728 
3497.376546 0.114595 0.037249 
3498.575044 0.145459 0.037816 
3499.773542 0.200043 0.038445 
3500.972040 0.207594 0.038578 
3502.170537 0.188642 0.038433 
3503.369035 0.181469 0.038386 
3504.567533 0.172107 0.038302 
3505.766030 0.099215 0.037404 
3506.964528 0.068776 0.036891 
3508.163026 0.150684 0.037393 
3509.361524 0.194311 0.037618 
3510.560021 0.197516 0.037549 
3511.758519 0.154958 0.037204 
3512.957017 0.092599 0.036741 
3514.155514 0.132135 0.037145 
3515.354012 0.181090 0.037531 
3516.552510 0.224784 0.037163 
3517.751007 0.229975 0.036555 
3518.949505 0.157952 0.035462 
3520.148003 0.105579 0.034773 
3521.346501 0.069664 0.034422 
3522.544998 0.146688 0.035311 
3523.743496 0.260275 0.036601 
3524.941994 0.231637 0.036682 
3526.140491 0.203599 0.036680 
3527.338989 0.200586 0.036488 
3528.537487 0.222217 0.036718 
3529.735984 0.282282 0.037606 
3530.934482 0.277458 0.036674 
3532.132980 0.229744 0.034540 
3533.331478 0.195715 0.035025 
3534.529975 0.176512 0.038348 
3535.728473 0.166617 0.039141 
3536.926971 0.165042 0.037675 
3538.125468 0.159085 0.038682 
3539.323966 0.148334 0.042396 
3540.522464 0.137258 0.044603 
3541.720961 0.125629 0.044258 
3542.919459 0.148590 0.044172 
3544.117957 0.196242 0.044270 
3545.316455 0.193694 0.043668 
3546.514952 0.178475 0.042894 
3547.713450 0.189505 0.042914 
3548.911948 0.203309 0.042918 
3550.110445 0.227006 0.042861 
3551.308943 0.236498 0.042761 
3552.507441 0.227230 0.042603 
3553.705939 0.188736 0.042058 
3554.904436 0.133997 0.041299 
3556.102934 0.192008 0.041353 
3557.301432 0.260038 0.041457 
3558.499929 0.200008 0.040322 
3559.698427 0.175771 0.039458 
3560.896925 0.244565 0.039299 
3562.095422 0.253497 0.038489 
3563.293920 0.199989 0.036998 
3564.492418 0.211437 0.036340 
3565.690916 0.250596 0.036037 
3566.889413 0.230836 0.035556 
3568.087911 0.211211 0.035113 
3569.286409 0.233105 0.035059 
3570.484906 0.224219 0.034827 
3571.683404 0.153931 0.034238 
3572.881902 0.133635 0.034128 
3574.080399 0.154921 0.034416 
3575.278897 0.201929 0.034873 
3576.477395 0.257153 0.035384 
3577.675893 0.161622 0.034481 
3578.874390 0.096561 0.033262 
3580.072888 0.192200 0.030817 
3581.271386 0.279597 0.028720 
3582.469883 0.273264 0.030572 
3583.668381 0.266931 0.032425 
3584.866879 0.291046 0.032685 
3586.065376 0.316162 0.032794 
3587.263874 0.318016 0.033273 
3588.462372 0.298030 0.033328 
3589.660870 0.230612 0.032461 
3590.859367 0.210229 0.032336 
3592.057865 0.232378 0.032884 
3593.256363 0.259739 0.033225 
3594.454860 0.288963 0.033493 
3595.653358 0.276205 0.033437 
3596.851856 0.259298 0.033266 
3598.050353 0.232786 0.032591 
3599.248851 0.243404 0.032381 
3600.447349 0.316458 0.032953 
3601.645847 0.346932 0.033195 
3602.844344 0.347125 0.033204 
3604.042842 0.248199 0.032024 
3605.241340 0.125248 0.030555 
3606.439837 0.193407 0.031302 
3607.638335 0.241714 0.031857 
3608.836833 0.219047 0.031724 
3610.035331 0.238088 0.032298 
3611.233828 0.312375 0.033808 
3612.432326 0.313010 0.034568 
3613.630824 0.272418 0.034910 
3614.829321 0.271126 0.035291 
3616.027819 0.278670 0.035690 
3617.226317 0.316022 0.036236 
3618.424814 0.337739 0.036534 
3619.623312 0.318390 0.036184 
3620.821810 0.311242 0.035987 
3622.020308 0.316953 0.035952 
3623.218805 0.353560 0.036203 
3624.417303 0.403518 0.036576 
3625.615801 0.398723 0.036383 
3626.814298 0.382951 0.036144 
3628.012796 0.326999 0.035991 
3629.211294 0.297435 0.036008 
3630.409791 0.321070 0.036367 
3631.608289 0.354647 0.036791 
3632.806787 0.396591 0.037270 
3634.005285 0.324150 0.036770 
3635.203782 0.214429 0.035951 
3636.402280 0.218757 0.035675 
3637.600778 0.232223 0.035428 
3638.799275 0.269106 0.035223 
3639.997773 0.316649 0.035278 
3641.196271 0.381040 0.035745 
3642.394768 0.400733 0.035617 
3643.593266 0.390418 0.035090 
3644.791764 0.313634 0.034105 
3645.990262 0.223951 0.033043 
3647.188759 0.265280 0.033372 
3648.387257 0.298364 0.033629 
3649.585755 0.304072 0.033642 
3650.784252 0.301999 0.033581 
3651.982750 0.290119 0.033428 
3653.181248 0.291778 0.033497 
3654.379746 0.300619 0.033684 
3655.578243 0.266284 0.033643 
3656.776741 0.229886 0.033581 
3657.975239 0.252345 0.033705 
3659.173736 0.267737 0.033836 
3660.372234 0.265359 0.033981 
3661.570732 0.260038 0.034018 
3662.769229 0.251730 0.033947 
3663.967727 0.248176 0.032191 
3665.166225 0.246593 0.029736 
3666.364723 0.253601 0.028535 
3667.563220 0.266875 0.028247 
3668.761718 0.263447 0.028681 
3669.960216 0.228957 0.030455 
3671.158713 0.213761 0.031880 
3672.357211 0.266895 0.032064 
3673.555709 0.291165 0.031983 
3674.754206 0.277134 0.031552 
3675.952704 0.249879 0.031090 
3677.151202 0.215176 0.030611 
3678.349700 0.280681 0.030979 
3679.548197 0.356639 0.031445 
3680.746695 0.312049 0.031043 
3681.945193 0.292904 0.030838 
3683.143690 0.343305 0.031175 
3684.342188 0.370186 0.031336 
3685.540686 0.371290 0.031307 
3686.739183 0.390304 0.031462 
3687.937681 0.417494 0.031702 
3689.136179 0.359285 0.031421 
3690.334677 0.292935 0.031093 
3691.533174 0.241232 0.030879 
3692.731672 0.216044 0.030809 
3693.930170 0.248364 0.031051 
3695.128667 0.261735 0.031499 
3696.327165 0.257939 0.032131 
3697.525663 0.319134 0.033182 
3698.724160 0.403896 0.034385 
3699.922658 0.348886 0.034208 
3701.121156 0.294908 0.033969 
3702.319654 0.293316 0.033851 
3703.518151 0.277235 0.033531 
3704.716649 0.235654 0.032854 
3705.915147 0.248379 0.032761 
3707.113644 0.301893 0.033108 
3708.312142 0.291595 0.032543 
3709.510640 0.263333 0.031723 
3710.709138 0.299448 0.031975 
3711.907635 0.322798 0.032122 
3713.106133 0.291968 0.031800 
3714.304631 0.274482 0.030715 
3715.503128 0.276364 0.028525 
3716.701626 0.277075 0.027556 
3717.900124 0.275461 0.029009 
3719.098621 0.274377 0.030173 
3720.297119 0.275850 0.029947 
3721.495617 0.290338 0.029962 
3722.694115 0.325898 0.030369 
3723.892612 0.344738 0.031027 
3725.091110 0.352018 0.031860 
3726.289608 0.295067 0.032398 
3727.488105 0.223139 0.032864 
3728.686603 0.246854 0.033406 
3729.885101 0.272225 0.033790 
3731.083598 0.303458 0.033611 
3732.282096 0.326850 0.033477 
3733.480594 0.339834 0.033401 
3734.679092 0.345930 0.033446 
3735.877589 0.348136 0.033558 
3737.076087 0.364164 0.033793 
3738.274585 0.382447 0.034069 
3739.473082 0.397178 0.034673 
3740.671580 0.409167 0.035094 
3741.870078 0.413626 0.035011 
3743.068575 0.399238 0.034578 
3744.267073 0.364114 0.033761 
3745.465571 0.349599 0.032989 
3746.664069 0.344576 0.032237 
3747.862566 0.307126 0.031662 
3749.061064 0.276204 0.031208 
3750.259562 0.335345 0.031630 
3751.458059 0.362187 0.031785 
3752.656557 0.317795 0.031356 
3753.855055 0.302951 0.031349 
3755.053553 0.315268 0.031730 
3756.252050 0.334212 0.031631 
3757.450548 0.355606 0.031354 
3758.649046 0.365409 0.031238 
3759.847543 0.373455 0.031091 
3761.046041 0.375705 0.030703 
3762.244539 0.356733 0.030232 
3763.443036 0.299515 0.029609 
3764.641534 0.296497 0.029441 
3765.840032 0.335047 0.029621 
3767.038530 0.379468 0.029914 
3768.237027 0.425601 0.030239 
3769.435525 0.390216 0.030101 
3770.634023 0.363555 0.030062 
3771.832520 0.379638 0.030468 
3773.031018 0.373997 0.030631 
3774.229516 0.335802 0.030428 
3775.428013 0.319163 0.030519 
3776.626511 0.316379 0.030798 
3777.825009 0.333596 0.030925 
3779.023507 0.354601 0.031011 
3780.222004 0.348710 0.030846 
3781.420502 0.342366 0.030769 
3782.619000 0.334537 0.030979 
3783.817497 0.341604 0.030997 
3785.015995 0.367411 0.030774 
3786.214493 0.376543 0.030504 
3787.412990 0.376717 0.030209 
3788.611488 0.356103 0.029975 
3789.809986 0.333832 0.029770 
3791.008484 0.336477 0.029827 
3792.206981 0.345090 0.029939 
3793.405479 0.369457 0.030194 
3794.603977 0.392865 0.030490 
3795.802474 0.415247 0.030829 
3797.000972 0.402166 0.030299 
3798.199470 0.373198 0.029381 
3799.397967 0.370805 0.029094 
3800.596465 0.375214 0.028948 
3801.794963 0.411568 0.029399 
3802.993461 0.410177 0.029506 
3804.191958 0.326361 0.028864 
3805.390456 0.321668 0.028800 
3806.588954 0.389416 0.029265 
3807.787451 0.376650 0.027863 
3808.985949 0.334018 0.025770 
3810.184447 0.318785 0.024995 
3811.382945 0.322095 0.025111 
3812.581442 0.324701 0.025947 
3813.779940 0.326026 0.028095 
3814.978438 0.331945 0.029871 
3816.176935 0.355682 0.030208 
3817.375433 0.374581 0.030424 
3818.573931 0.386587 0.030465 
3819.772428 0.356152 0.030073 
3820.970926 0.299665 0.029414 
3822.169424 0.319612 0.029116 
3823.367922 0.354914 0.028905 
3824.566419 0.374859 0.029045 
3825.764917 0.382101 0.029162 
3826.963415 0.349797 0.029208 
3828.161912 0.354163 0.029566 
3829.360410 0.403255 0.030305 
3830.558908 0.411357 0.030982 
3831.757405 0.398151 0.031627 
3832.955903 0.426888 0.032023 
3834.154401 0.460570 0.032338 
3835.352899 0.474215 0.032113 
3836.551396 0.454095 0.031606 
3837.749894 0.347214 0.030374 
3838.948392 0.323871 0.029724 
3840.146889 0.388287 0.029685 
3841.345387 0.375514 0.029519 
3842.543885 0.328825 0.029298 
3843.742382 0.341973 0.029379 
3844.940880 0.362447 0.029519 
3846.139378 0.389779 0.029869 
3847.337876 0.398274 0.030046 
3848.536373 0.366238 0.029854 
3849.734871 0.337212 0.029591 
3850.933369 0.310921 0.029264 
3852.131866 0.300660 0.028980 
3853.330364 0.296278 0.028711 
3854.528862 0.351892 0.028947 
3855.727360 0.402755 0.029148 
3856.925857 0.402368 0.028942 
3858.124355 0.401028 0.028750 
3859.322853 0.397933 0.028584 
3860.521350 0.380454 0.028385 
3861.719848 0.351631 0.028160 
3862.918346 0.353661 0.026517 
3864.116843 0.365151 0.024440 
3865.315341 0.359672 0.025258 
3866.513839 0.346607 0.027371 
3867.712337 0.338112 0.028348 
3868.910834 0.333778 0.028291 
3870.109332 0.330854 0.027934 
3871.307830 0.328452 0.027466 
3872.506327 0.350471 0.027635 
3873.704825 0.371551 0.027852 
3874.903323 0.376756 0.028097 
3876.101820 0.388013 0.028367 
3877.300318 0.410617 0.028685 
3878.498816 0.397468 0.028715 
3879.697314 0.355490 0.028514 
3880.895811 0.367229 0.028529 
3882.094309 0.395973 0.028613 
3883.292807 0.405808 0.028715 
3884.491304 0.410036 0.028779 
3885.689802 0.390428 0.028650 
3886.888300 0.378947 0.028777 
3888.086797 0.380915 0.029328 
3889.285295 0.387366 0.029884 
3890.483793 0.397033 0.030444 
3891.682291 0.428896 0.030607 
3892.880788 0.466732 0.030663 
3894.079286 0.455018 0.030338 
3895.277784 0.441487 0.029981 
3896.476281 0.421897 0.029503 
3897.674779 0.404726 0.029203 
3898.873277 0.391118 0.029165 
3900.071775 0.400559 0.029336 
3901.270272 0.424733 0.029640 
3902.468770 0.430695 0.029628 
3903.667268 0.432767 0.029556 
3904.865765 0.446114 0.030047 
3906.064263 0.456358 0.030541 
3907.262761 0.455936 0.031044 
3908.461258 0.453381 0.031449 
3909.659756 0.448003 0.031723 
3910.858254 0.447105 0.032256 
3912.056752 0.448771 0.032938 
3913.255249 0.436547 0.033704 
3914.453747 0.422724 0.034436 
3915.652245 0.429975 0.034161 
3916.850742 0.432022 0.033759 
3918.049240 0.418521 0.032979 
3919.247738 0.436979 0.032043 
3920.446235 0.493592 0.030921 
3921.644733 0.476319 0.029537 
3922.843231 0.421138 0.028017 
3924.041729 0.435673 0.027595 
3925.240226 0.459732 0.027346 
3926.438724 0.466835 0.027128 
3927.637222 0.474593 0.026934 
3928.835719 0.484073 0.026804 
3930.034217 0.480093 0.026529 
3931.232715 0.461539 0.026095 
3932.431212 0.451373 0.025780 
3933.629710 0.445073 0.025519 
3934.828208 0.433804 0.025050 
3936.026706 0.427375 0.024640 
3937.225203 0.473823 0.025051 
3938.423701 0.492974 0.025345 
3939.622199 0.447851 0.025364 
3940.820696 0.445105 0.025729 
3942.019194 0.484378 0.026438 
3943.217692 0.471388 0.026830 
3944.416189 0.436729 0.027090 
3945.614687 0.438221 0.027340 
3946.813185 0.445983 0.027608 
3948.011683 0.474833 0.028025 
3949.210180 0.486677 0.028239 
3950.408678 0.462371 0.028023 
3951.607176 0.460268 0.027932 
3952.805673 0.478340 0.027955 
3954.004171 0.481191 0.027848 
3955.202669 0.478354 0.027693 
3956.401167 0.500841 0.027796 
3957.599664 0.521453 0.027875 
3958.798162 0.518509 0.027681 
3959.996660 0.528166 0.027631 
3961.195157 0.562255 0.027861 
3962.393655 0.553732 0.027601 
3963.592153 0.509514 0.026931 
3964.790650 0.502598 0.026566 
3965.989148 0.508263 0.026304 
3967.187646 0.530840 0.026185 
3968.386144 0.546047 0.026001 
3969.584641 0.516338 0.025425 
3970.783139 0.496091 0.024497 
3971.981637 0.492743 0.022941 
3973.180134 0.488705 0.021769 
3974.378632 0.482232 0.021953 
3975.577130 0.475759 0.022137 
3976.775627 0.507928 0.024475 
3977.974125 0.540781 0.026852 
3979.172623 0.545526 0.027646 
3980.371121 0.545020 0.028133 
3981.569618 0.542795 0.028282 
3982.768116 0.527078 0.028310 
3983.966614 0.471046 0.027972 
3985.165111 0.438173 0.027777 
3986.363609 0.433153 0.027755 
3987.562107 0.458808 0.027928 
3988.760604 0.500492 0.028203 
3989.959102 0.531777 0.028441 
3991.157600 0.559775 0.028660 
3992.356098 0.563873 0.028689 
3993.554595 0.577972 0.028767 
3994.753093 0.619751 0.028980 
3995.951591 0.612282 0.028886 
3997.150088 0.548823 0.028444 
3998.348586 0.542155 0.028435 
3999.547084 0.563354 0.028639 
4000.745582 0.564207 0.028653 
4001.944079 0.562618 0.028643 
4003.142577 0.567283 0.028656 
4004.341075 0.554152 0.028611 
4005.539572 0.494797 0.028415 
4006.738070 0.485035 0.028429 
4007.936568 0.528981 0.028668 
4009.135065 0.540822 0.028887 
4010.333563 0.537761 0.029098 
4011.532061 0.517725 0.029171 
4012.730559 0.499643 0.029250 
4013.929056 0.524995 0.029573 
4015.127554 0.548689 0.029811 
4016.326052 0.568314 0.029838 
4017.524549 0.569705 0.029762 
4018.723047 0.552216 0.029579 
4019.921545 0.565262 0.029535 
4021.120042 0.591835 0.029552 
4022.318540 0.520931 0.029373 
4023.517038 0.447809 0.029179 
4024.715536 0.466178 0.029063 
4025.914033 0.495025 0.029090 
4027.112531 0.548983 0.029460 
4028.311029 0.566419 0.029439 
4029.509526 0.546619 0.029021 
4030.708024 0.554019 0.028767 
4031.906522 0.573108 0.028585 
4033.105019 0.607231 0.028561 
4034.303517 0.635875 0.028530 
4035.502015 0.604006 0.028295 
4036.700513 0.585852 0.027581 
4037.899010 0.598792 0.025780 
4039.097508 0.606393 0.024822 
4040.296006 0.595110 0.026843 
4041.494503 0.583332 0.028778 
4042.693001 0.560634 0.028807 
4043.891499 0.547305 0.028892 
4045.089996 0.562886 0.029152 
4046.288494 0.564996 0.029210 
4047.486992 0.550367 0.029015 
4048.685490 0.581151 0.029177 
4049.883987 0.636694 0.029534 
4051.082485 0.663401 0.029971 
4052.280983 0.678703 0.030353 
4053.479480 0.574875 0.029415 
4054.677978 0.509299 0.028713 
4055.876476 0.558130 0.028717 
4057.074974 0.576407 0.028565 
4058.273471 0.557614 0.028223 
4059.471969 0.573810 0.028238 
4060.670467 0.608634 0.028445 
4061.868964 0.656973 0.028797 
4063.067462 0.701625 0.029150 
4064.265960 0.640997 0.029049 
4065.464457 0.604270 0.029066 
4066.662955 0.637457 0.029425 
4067.861453 0.647018 0.029627 
4069.059951 0.628335 0.029640 
4070.258448 0.643558 0.029700 
4071.456946 0.676549 0.029784 
4072.655444 0.633630 0.029478 
4073.853941 0.580483 0.029110 
4075.052439 0.568459 0.028788 
4076.250937 0.558466 0.028586 
4077.449434 0.554348 0.028731 
4078.647932 0.581032 0.028897 
4079.846430 0.644294 0.029090 
4081.044928 0.629039 0.028871 
4082.243425 0.572938 0.028439 
4083.441923 0.591882 0.028730 
4084.640421 0.621178 0.029105 
4085.838918 0.616848 0.028876 
4087.037416 0.625790 0.028775 
4088.235914 0.672953 0.029041 
4089.434411 0.687377 0.029116 
4090.632909 0.663049 0.028966 
4091.831407 0.659987 0.028863 
4093.029905 0.667993 0.028784 
4094.228402 0.661204 0.028706 
4095.426900 0.653999 0.028648 
4096.625398 0.680287 0.028899 
4097.823895 0.704592 0.029061 
4099.022393 0.723155 0.028969 
4100.220891 0.744129 0.028942 
4101.419389 0.767979 0.028993 
4102.617886 0.745599 0.028700 
4103.816384 0.698924 0.028227 
4105.014882 0.720320 0.028363 
4106.213379 0.749839 0.028574 
4107.411877 0.720428 0.028278 
4108.610375 0.702317 0.028108 
4109.808872 0.717539 0.028310 
4111.007370 0.727544 0.028456 
4112.205868 0.731221 0.028534 
4113.404366 0.704216 0.028509 
4114.602863 0.660773 0.028427 
4115.801361 0.683609 0.028495 
4116.999859 0.716572 0.028592 
4118.198356 0.720115 0.028734 
4119.396854 0.710532 0.028771 
4120.595352 0.661157 0.028488 
4121.793849 0.660986 0.028457 
4122.992347 0.721782 0.028740 
4124.190845 0.757518 0.029006 
4125.389343 0.779476 0.029264 
4126.587840 0.749119 0.029199 
4127.786338 0.711107 0.029083 
4128.984836 0.718818 0.029187 
4130.183333 0.720234 0.029246 
4131.381831 0.701792 0.029166 
4132.580329 0.694618 0.029084 
4133.778826 0.701837 0.029000 
4134.977324 0.738234 0.029132 
4136.175822 0.791255 0.029388 
4137.374320 0.760698 0.029301 
4138.572817 0.716227 0.029160 
4139.771315 0.748207 0.029426 
4140.969813 0.770450 0.029616 
4142.168310 0.760297 0.029554 
4143.366808 0.752899 0.029394 
4144.565306 0.749165 0.029103 
4145.763803 0.781543 0.029143 
4146.962301 0.835419 0.029380 
4148.160799 0.870203 0.029400 
4149.359297 0.899336 0.029374 
4150.557794 0.857767 0.029336 
4151.756292 0.827194 0.029270 
4152.954790 0.835793 0.029110 
4154.153287 0.848131 0.029064 
4155.351785 0.865702 0.029178 
4156.550283 0.854434 0.029287 
4157.748781 0.825060 0.029392 
4158.947278 0.834808 0.029593 
4160.145776 0.853307 0.029812 
4161.344274 0.829005 0.029629 
4162.542771 0.818714 0.029581 
4163.741269 0.862807 0.030055 
4164.939767 0.883639 0.030390 
4166.138264 0.869910 0.030518 
4167.336762 0.866243 0.030651 
4168.535260 0.869314 0.030787 
4169.733758 0.862580 0.030828 
4170.932255 0.853329 0.030844 
4172.130753 0.830373 0.030694 
4173.329251 0.818689 0.030560 
4174.527748 0.855895 0.030499 
4175.726246 0.869178 0.030300 
4176.924744 0.844276 0.029882 
4178.123241 0.846245 0.029725 
4179.321739 0.867558 0.029756 
4180.520237 0.882231 0.029786 
4181.718735 0.895006 0.029816 
4182.917232 0.896949 0.029725 
4184.115730 0.894016 0.029320 
4185.314228 0.868716 0.027400 
4186.512725 0.843417 0.025480 
4187.711223 0.883392 0.027431 
4188.909721 0.923574 0.029389 
4190.108218 0.953214 0.029511 
4191.306716 0.978042 0.029230 
4192.505214 0.983679 0.027344 
4193.703712 0.986456 0.025959 
4194.902209 0.971155 0.027734 
4196.100707 0.955853 0.029510 
4197.299205 0.928884 0.029336 
4198.497702 0.913345 0.029203 
4199.696200 0.946640 0.029285 
4200.894698 0.965646 0.029267 
4202.093196 0.961909 0.029087 
4203.291693 0.958272 0.029058 
4204.490191 0.954708 0.029138 
4205.688689 0.948104 0.029017 
4206.887186 0.940625 0.028839 
4208.085684 0.982022 0.029151 
4209.284182 1.012621 0.029420 
4210.482679 0.982846 0.029403 
4211.681177 0.963965 0.029432 
4212.879675 0.964205 0.029540 
4214.078173 0.975774 0.029553 
4215.276670 0.996311 0.029491 
4216.475168 1.018120 0.029402 
4217.673666 1.040347 0.029304 
4218.872163 1.020916 0.029132 
4220.070661 1.004683 0.028980 
4221.269159 1.021392 0.028968 
4222.467656 1.036945 0.029072 
4223.666154 1.050225 0.029406 
4224.864652 1.055164 0.029546 
4226.063150 1.052782 0.029518 
4227.261647 1.053221 0.029410 
4228.460145 1.054718 0.029272 
4229.658643 1.041883 0.029071 
4230.857140 1.029769 0.028899 
4232.055638 1.032345 0.028985 
4233.254136 1.051146 0.029163 
4234.452633 1.105962 0.029546 
4235.651131 1.103175 0.029665 
4236.849629 1.043831 0.029526 
4238.048127 1.030524 0.029386 
4239.246624 1.037091 0.029246 
4240.445122 1.017660 0.029146 
4241.643620 1.000707 0.029073 
4242.842117 1.043220 0.029237 
4244.040615 1.077896 0.029368 
4245.239113 1.092434 0.029414 
4246.437610 1.096771 0.029464 
4247.636108 1.089779 0.029519 
4248.834606 1.085071 0.029579 
4250.033104 1.081500 0.029643 
4251.231601 1.050632 0.029581 
4252.430099 1.020568 0.029521 
4253.628597 1.080905 0.029824 
4254.827094 1.116154 0.030014 
4256.025592 1.075263 0.029861 
4257.224090 1.078263 0.029849 
4258.422588 1.136987 0.030014 
4259.621085 1.141458 0.030042 
4260.819583 1.114566 0.029990 
4262.018081 1.129614 0.029901 
4263.216578 1.152804 0.029806 
4264.415076 1.142790 0.029863 
4265.613574 1.132121 0.029912 
4266.812071 1.119017 0.029934 
4268.010569 1.128326 0.030065 
4269.209067 1.170592 0.030356 
4270.407565 1.192190 0.030494 
4271.606062 1.199850 0.030527 
4272.804560 1.182684 0.030330 
4274.003058 1.158895 0.030071 
4275.201555 1.188140 0.030360 
4276.400053 1.205140 0.030578 
4277.598551 1.159348 0.030417 
4278.797048 1.122352 0.030318 
4279.995546 1.100609 0.030324 
4281.194044 1.091631 0.030214 
4282.392542 1.092762 0.030011 
4283.591039 1.143678 0.030121 
4284.789537 1.211180 0.030334 
4285.988035 1.157558 0.029777 
4287.186532 1.104039 0.029242 
4288.385030 1.100111 0.029167 
4289.583528 1.123574 0.029205 
4290.782025 1.203946 0.029477 
4291.980523 1.233940 0.029553 
4293.179021 1.216723 0.029444 
4294.377519 1.213908 0.029452 
4295.576016 1.217041 0.029510 
4296.774514 1.203660 0.029494 
4297.973012 1.190488 0.029465 
4299.171509 1.198273 0.029381 
4300.370007 1.199871 0.029300 
4301.568505 1.185637 0.029231 
4302.767003 1.180009 0.029100 
4303.965500 1.184013 0.028901 
4305.163998 1.189388 0.027515 
4306.362496 1.195461 0.025527 
4307.560993 1.199980 0.025768 
4308.759491 1.203343 0.027665 
4309.957989 1.205244 0.028853 
4311.156486 1.204868 0.028939 
4312.354984 1.200839 0.028951 
4313.553482 1.194184 0.028912 
4314.751980 1.205360 0.029236 
4315.950477 1.221781 0.029666 
4317.148975 1.224857 0.029920 
4318.347473 1.220019 0.030129 
4319.545970 1.174411 0.030135 
4320.744468 1.150625 0.030221 
4321.942966 1.168441 0.030459 
4323.141463 1.199350 0.030735 
4324.339961 1.241607 0.031045 
4325.538459 1.274195 0.031011 
4326.736957 1.303163 0.030849 
4327.935454 1.246144 0.030336 
4329.133952 1.192714 0.029860 
4330.332450 1.234588 0.029959 
4331.530947 1.255716 0.030238 
4332.729445 1.227096 0.030947 
4333.927943 1.232190 0.032341 
4335.126440 1.273235 0.034466 
4336.324938 1.234294 0.035175 
4337.523436 1.156558 0.035195 
4338.721934 1.175450 0.033649 
4339.920431 1.209293 0.031893 
4341.118929 1.236283 0.030837 
4342.317427 1.247372 0.029965 
4343.515924 1.208617 0.029667 
4344.714422 1.206995 0.029662 
4345.912920 1.254396 0.030044 
4347.111417 1.268765 0.030187 
4348.309915 1.262877 0.030183 
4349.508413 1.264883 0.031075 
4350.706911 1.268754 0.032179 
4351.905408 1.240055 0.031978 
4353.103906 1.217854 0.031804 
4354.302404 1.225345 0.031777 
4355.500901 1.222079 0.031486 
4356.699399 1.200635 0.030752 
4357.897897 1.200914 0.030335 
4359.096395 1.218157 0.030166 
4360.294892 1.263395 0.030427 
4361.493390 1.317855 0.030829 
4362.691888 1.291928 0.030829 
4363.890385 1.264020 0.030796 
4365.088883 1.257214 0.030710 
4366.287381 1.252204 0.030639 
4367.485878 1.251061 0.030602 
4368.684376 1.253523 0.030579 
4369.882874 1.259519 0.030571 
4371.081372 1.264673 0.030620 
4372.279869 1.269454 0.030693 
4373.478367 1.284706 0.030635 
4374.676865 1.299534 0.030562 
4375.875362 1.288853 0.030515 
4377.073860 1.284472 0.030483 
4378.272358 1.298433 0.030492 
4379.470855 1.292631 0.030468 
4380.669353 1.261980 0.030402 
4381.867851 1.289338 0.030558 
4383.066349 1.350701 0.030845 
4384.264846 1.427821 0.031135 
4385.463344 1.508686 0.031426 
4386.661842 1.637687 0.032038 
4387.860339 1.749324 0.032547 
4389.058837 1.787654 0.032624 
4390.257335 1.793305 0.032665 
4391.455832 1.745266 0.032649 
4392.654330 1.695711 0.032532 
4393.852828 1.644988 0.032336 
4395.051326 1.507104 0.031650 
4396.249823 1.340443 0.030803 
4397.448321 1.286095 0.030537 
4398.646819 1.251094 0.030374 
4399.845316 1.300071 0.030663 
4401.043814 1.329280 0.030858 
4402.242312 1.314728 0.030843 
4403.440810 1.307352 0.030937 
4404.639307 1.307235 0.031141 
4405.837805 1.304020 0.031195 
4407.036303 1.299369 0.031179 
4408.234800 1.305180 0.031426 
4409.433298 1.311664 0.031704 
4410.631796 1.302765 0.031842 
4411.830293 1.305051 0.032014 
4413.028791 1.342554 0.032296 
4414.227289 1.333148 0.032314 
4415.425787 1.260720 0.031977 
4416.624284 1.275530 0.032057 
4417.822782 1.345584 0.032402 
4419.021280 1.357759 0.032395 
4420.219777 1.355239 0.032300 
4421.418275 1.317123 0.032149 
4422.616773 1.290890 0.032055 
4423.815270 1.326384 0.032250 
4425.013768 1.354226 0.032380 
4426.212266 1.368065 0.032391 
4427.410764 1.365595 0.032316 
4428.609261 1.349137 0.032167 
4429.807759 1.344124 0.032083 
4431.006257 1.343490 0.032023 
4432.204754 1.341175 0.031984 
4433.403252 1.337871 0.031937 
4434.601750 1.326575 0.031795 
4435.800247 1.325129 0.031691 
4436.998745 1.349326 0.031689 
4438.197243 1.358682 0.031706 
4439.395741 1.350744 0.031746 
4440.594238 1.334469 0.031681 
4441.792736 1.313631 0.031560 
4442.991234 1.330142 0.031582 
4444.189731 1.353911 0.031633 
4445.388229 1.352909 0.031667 
4446.586727 1.357222 0.031699 
4447.785224 1.382954 0.031729 
4448.983722 1.397972 0.031765 
4450.182220 1.395679 0.031812 
4451.380718 1.396649 0.031853 
4452.579215 1.400115 0.031890 
4453.777713 1.418315 0.031852 
4454.976211 1.441423 0.031790 
4456.174708 1.439966 0.031666 
4457.373206 1.433327 0.031527 
4458.571704 1.400817 0.031308 
4459.770202 1.379354 0.031184 
4460.968699 1.383483 0.031279 
4462.167197 1.382894 0.031322 
4463.365695 1.377276 0.031311 
4464.564192 1.412679 0.031431 
4465.762690 1.468530 0.031615 
4466.961188 1.447557 0.031605 
4468.159685 1.412611 0.031555 
4469.358183 1.364172 0.031338 
4470.556681 1.333991 0.031200 
4471.755179 1.370049 0.031347 
4472.953676 1.385219 0.031363 
4474.152174 1.368902 0.031183 
4475.350672 1.385443 0.031382 
4476.549169 1.425631 0.031854 
4477.747667 1.432441 0.031928 
4478.946165 1.428938 0.031879 
4480.144662 1.434554 0.031797 
4481.343160 1.441302 0.031735 
4482.541658 1.452212 0.031817 
4483.740156 1.463269 0.031937 
4484.938653 1.474651 0.032139 
4486.137151 1.481454 0.032226 
4487.335649 1.483555 0.032193 
4488.534146 1.500462 0.032212 
4489.732644 1.524505 0.032255 
4490.931142 1.492375 0.032155 
4492.129639 1.452879 0.032041 
4493.328137 1.465056 0.032197 
4494.526635 1.457553 0.032209 
4495.725133 1.380009 0.031708 
4496.923630 1.370702 0.031663 
4498.122128 1.463293 0.032302 
4499.320626 1.496685 0.032871 
4500.519123 1.487663 0.033390 
4501.717621 1.449307 0.033376 
4502.916119 1.401877 0.033197 
4504.114617 1.436884 0.032929 
4505.313114 1.469639 0.032655 
4506.511612 1.453399 0.032373 
4507.710110 1.440897 0.032140 
4508.908607 1.436848 0.032021 
4510.107105 1.457367 0.032122 
4511.305603 1.503733 0.032453 
4512.504100 1.494141 0.032366 
4513.702598 1.456715 0.032070 
4514.901096 1.437953 0.031939 
4516.099594 1.424183 0.031847 
4517.298091 1.466523 0.032031 
4518.496589 1.502721 0.032195 
4519.695087 1.515664 0.032281 
4520.893584 1.518719 0.032316 
4522.092082 1.506248 0.032273 
4523.290580 1.502753 0.032338 
4524.489077 1.506056 0.032486 
4525.687575 1.530188 0.032536 
4526.886073 1.561308 0.032554 
4528.084571 1.562235 0.032568 
4529.283068 1.554959 0.032552 
4530.481566 1.499429 0.032302 
4531.680064 1.465721 0.032158 
4532.878561 1.486141 0.032278 
4534.077059 1.520188 0.032548 
4535.275557 1.569788 0.032991 
4536.474054 1.567907 0.033080 
4537.672552 1.537817 0.032974 
4538.871050 1.552460 0.033091 
4540.069548 1.576508 0.033253 
4541.268045 1.581938 0.033155 
4542.466543 1.584548 0.033090 
4543.665041 1.574568 0.033174 
4544.863538 1.574211 0.033259 
4546.062036 1.590854 0.033347 
4547.260534 1.581437 0.033250 
4548.459031 1.549833 0.032996 
4549.657529 1.557905 0.032962 
4550.856027 1.581531 0.033016 
4552.054525 1.538623 0.032829 
4553.253022 1.495697 0.032634 
4554.451520 1.547548 0.032695 
4555.650018 1.588234 0.032751 
4556.848515 1.595943 0.032792 
4558.047013 1.586010 0.032750 
4559.245511 1.552792 0.032595 
4560.444009 1.553420 0.032568 
4561.642506 1.575801 0.032625 
4562.841004 1.596125 0.032727 
4564.039502 1.615890 0.032842 
4565.237999 1.601645 0.032753 
4566.436497 1.581490 0.032618 
4567.634995 1.533123 0.032243 
4568.833492 1.507849 0.032049 
4570.031990 1.531949 0.032239 
4571.230488 1.558548 0.032409 
4572.428986 1.587690 0.032558 
4573.627483 1.573607 0.032446 
4574.825981 1.538499 0.032208 
4576.024479 1.541132 0.032295 
4577.222976 1.550843 0.032441 
4578.421474 1.575360 0.032661 
4579.619972 1.584537 0.032775 
4580.818469 1.533493 0.032479 
4582.016967 1.519383 0.032370 
4583.215465 1.565623 0.032569 
4584.413963 1.583331 0.032636 
4585.612460 1.578251 0.032597 
4586.810958 1.548484 0.032328 
4588.009456 1.509688 0.031974 
4589.207953 1.523061 0.032101 
4590.406451 1.540528 0.032261 
4591.604949 1.545365 0.032241 
4592.803446 1.560425 0.032281 
4594.001944 1.604569 0.032495 
4595.200442 1.622090 0.032554 
4596.398940 1.605155 0.032411 
4597.597437 1.603003 0.032329 
4598.795935 1.610254 0.032285 
4599.994433 1.602017 0.032258 
4601.192930 1.589581 0.032236 
4602.391428 1.610015 0.032410 
4603.589926 1.621538 0.032518 
4604.788424 1.569095 0.032168 
4605.986921 1.553832 0.032034 
4607.185419 1.620267 0.032372 
4608.383917 1.657919 0.032573 
4609.582414 1.665298 0.032630 
4610.780912 1.634675 0.032595 
4611.979410 1.584680 0.032513 
4613.177907 1.565306 0.032492 
4614.376405 1.552066 0.032482 
4615.574903 1.554186 0.032405 
4616.773401 1.559849 0.032384 
4617.971898 1.581007 0.032615 
4619.170396 1.591643 0.032730 
4620.368894 1.583560 0.032639 
4621.567391 1.601387 0.032667 
4622.765889 1.641766 0.032799 
4623.964387 1.624060 0.032712 
4625.162884 1.582519 0.032535 
4626.361382 1.503583 0.032200 
4627.559880 1.426387 0.031864 
4628.758378 1.462491 0.031866 
4629.956875 1.496347 0.031896 
4631.155373 1.522676 0.032019 
4632.353871 1.513965 0.032002 
4633.552368 1.453439 0.031779 
4634.750866 1.451171 0.031869 
4635.949364 1.491643 0.032189 
4637.147861 1.552923 0.032388 
4638.346359 1.621132 0.032548 
4639.544857 1.591334 0.032340 
4640.743355 1.561497 0.032149 
4641.941852 1.607635 0.032398 
4643.140350 1.643814 0.032579 
4644.338848 1.652973 0.032574 
4645.537345 1.657535 0.032566 
4646.735843 1.656291 0.032555 
4647.934341 1.646234 0.032453 
4649.132838 1.630646 0.032296 
4650.331336 1.659240 0.032448 
4651.529834 1.699801 0.032684 
4652.728332 1.713094 0.032793 
4653.926829 1.719497 0.032859 
4655.125327 1.687992 0.032678 
4656.323825 1.656483 0.032539 
4657.522322 1.624964 0.032497 
4658.720820 1.600937 0.032517 
4659.919318 1.585177 0.032607 
4661.117816 1.629296 0.036239 
4662.316313 1.699452 0.041262 
4663.514811 1.631852 0.035021 
4664.713309 1.599590 0.032686 
4665.911806 1.586844 0.032509 
4667.110304 1.544024 0.032183 
4668.308802 1.494407 0.031824 
4669.507299 1.478302 0.031678 
4670.705797 1.474614 0.031615 
4671.904295 1.534623 0.031984 
4673.102793 1.572746 0.032249 
4674.301290 1.566291 0.032303 
4675.499788 1.584898 0.032444 
4676.698286 1.628538 0.032672 
4677.896783 1.651518 0.032820 
4679.095281 1.664384 0.032929 
4680.293779 1.627294 0.032742 
4681.492276 1.582235 0.032506 
4682.690774 1.655006 0.032777 
4683.889272 1.711309 0.032985 
4685.087770 1.693833 0.032913 
4686.286267 1.687431 0.032902 
4687.484765 1.701351 0.033003 
4688.683263 1.693193 0.032981 
4689.881760 1.664879 0.032846 
4691.080258 1.640644 0.032663 
4692.278756 1.618217 0.032459 
4693.477253 1.676679 0.032688 
4694.675751 1.744476 0.032972 
4695.874249 1.703633 0.032806 
4697.072747 1.683715 0.032728 
4698.271244 1.746533 0.033002 
4699.469742 1.771661 0.033050 
4700.668240 1.732964 0.032717 
4701.866737 1.707063 0.032528 
4703.065235 1.692053 0.032461 
4704.263733 1.700919 0.032538 
4705.462231 1.719569 0.032673 
4706.660728 1.694591 0.032397 
4707.859226 1.666676 0.032090 
4709.057724 1.700017 0.032306 
4710.256221 1.723565 0.032449 
4711.454719 1.711710 0.032328 
4712.653217 1.708940 0.032272 
4713.851714 1.720667 0.032321 
4715.050212 1.697004 0.032272 
4716.248710 1.644773 0.032144 
4717.447208 1.669119 0.032315 
4718.645705 1.723081 0.032601 
4719.844203 1.724829 0.032610 
4721.042701 1.717462 0.032571 
4722.241198 1.666997 0.032325 
4723.439696 1.633332 0.032167 
4724.638194 1.657592 0.032309 
4725.836691 1.674884 0.032402 
4727.035189 1.681393 0.032418 
4728.233687 1.706971 0.032459 
4729.432185 1.747528 0.032518 
4730.630682 1.767917 0.032601 
4731.829180 1.780748 0.032694 
4733.027678 1.757326 0.032515 
4734.226175 1.728566 0.032300 
4735.424673 1.683550 0.032024 
4736.623171 1.665029 0.031911 
4737.821668 1.735947 0.032346 
4739.020166 1.747762 0.032470 
4740.218664 1.669207 0.032118 
4741.417162 1.663843 0.032126 
4742.615659 1.715513 0.032416 
4743.814157 1.719241 0.032372 
4745.012655 1.705110 0.032203 
4746.211152 1.694996 0.032189 
4747.409650 1.687341 0.032198 
4748.608148 1.710171 0.032296 
4749.806646 1.715100 0.032326 
4751.005143 1.659092 0.032128 
4752.203641 1.645620 0.032081 
4753.402139 1.697879 0.032267 
4754.600636 1.727960 0.033059 
4755.799134 1.740503 0.034330 
4756.997632 1.730675 0.034771 
4758.196129 1.712257 0.034893 
4759.394627 1.727698 0.035039 
4760.593125 1.745445 0.035317 
4761.791623 1.726602 0.037940 
4762.990120 1.727432 0.037327 
4764.188618 1.754467 0.032404 
4765.387116 1.742901 0.037171 
4766.585613 1.720760 0.036532 
4767.784111 1.692513 0.032331 
4768.982609 1.732861 0.032164 
4770.181106 1.778663 0.032462 
4771.379604 1.782600 0.032544 
4772.578102 1.779555 0.032599 
4773.776600 1.752429 0.032564 
4774.975097 1.735984 0.032566 
4776.173595 1.736301 0.032624 
4777.372093 1.730112 0.032622 
4778.570590 1.718674 0.032570 
4779.769088 1.703653 0.032447 
4780.967586 1.687222 0.032296 
4782.166083 1.686471 0.032308 
4783.364581 1.689203 0.032346 
4784.563079 1.720871 0.032464 
4785.761577 1.746218 0.032567 
4786.960074 1.747694 0.032616 
4788.158572 1.734525 0.032555 
4789.357070 1.696718 0.032309 
4790.555567 1.709010 0.032309 
4791.754065 1.764629 0.032524 
4792.952563 1.754566 0.032517 
4794.151060 1.716285 0.032415 
4795.349558 1.694711 0.032493 
4796.548056 1.676789 0.032594 
4797.746554 1.695889 0.032452 
4798.945051 1.707236 0.032350 
4800.143549 1.685258 0.032417 
4801.342047 1.680714 0.032474 
4802.540544 1.708343 0.032515 
4803.739042 1.744950 0.032648 
4804.937540 1.790048 0.032868 
4806.136038 1.802949 0.032896 
4807.334535 1.800444 0.032832 
4808.533033 1.773473 0.032664 
4809.731531 1.741803 0.032475 
4810.930028 1.722445 0.032414 
4812.128526 1.710963 0.032392 
4813.327024 1.740024 0.032568 
4814.525521 1.751988 0.032666 
4815.724019 1.728365 0.032599 
4816.922517 1.720302 0.032702 
4818.121015 1.728658 0.032984 
4819.319512 1.712159 0.033013 
4820.518010 1.682138 0.032906 
4821.716508 1.693283 0.033061 
4822.915005 1.714137 0.033278 
4824.113503 1.767001 0.033496 
4825.312001 1.808568 0.033650 
4826.510498 1.768788 0.033378 
4827.708996 1.754976 0.033253 
4828.907494 1.804143 0.033484 
4830.105992 1.797622 0.033460 
4831.304489 1.723789 0.033128 
4832.502987 1.725210 0.033152 
4833.701485 1.774041 0.033398 
4834.899982 1.720434 0.033129 
4836.098480 1.636904 0.032709 
4837.296978 1.693751 0.033077 
4838.495475 1.757430 0.033469 
4839.693973 1.791770 0.033555 
4840.892471 1.817821 0.033614 
4842.090969 1.819565 0.033591 
4843.289466 1.815856 0.033519 
4844.487964 1.804428 0.033377 
4845.686462 1.790664 0.033239 
4846.884959 1.775161 0.033103 
4848.083457 1.760151 0.033182 
4849.281955 1.745322 0.033338 
4850.480453 1.734844 0.033047 
4851.678950 1.726958 0.032726 
4852.877448 1.756963 0.032847 
4854.075946 1.779591 0.032917 
4855.274443 1.774597 0.032796 
4856.472941 1.768585 0.032667 
4857.671439 1.760840 0.032524 
4858.869936 1.750390 0.032464 
4860.068434 1.737525 0.032476 
4861.266932 1.748842 0.032653 
4862.465430 1.771178 0.032906 
4863.663927 1.751452 0.032736 
4864.862425 1.724072 0.032490 
4866.060923 1.710175 0.032560 
4867.259420 1.703474 0.032596 
4868.457918 1.734160 0.032458 
4869.656416 1.750293 0.032308 
4870.854913 1.735457 0.032135 
4872.053411 1.714989 0.031957 
4873.251909 1.688355 0.031776 
4874.450407 1.671185 0.031679 
4875.648904 1.659456 0.031631 
4876.847402 1.708177 0.031849 
4878.045900 1.772720 0.032137 
4879.244397 1.747784 0.032148 
4880.442895 1.722504 0.032156 
4881.641393 1.733895 0.032254 
4882.839890 1.732256 0.032302 
4884.038388 1.694283 0.032209 
4885.236886 1.672240 0.032124 
4886.435384 1.672129 0.032049 
4887.633881 1.680666 0.032078 
4888.832379 1.695532 0.032181 
4890.030877 1.692939 0.035785 
4891.229374 1.685112 0.039443 
4892.427872 1.685579 0.033883 
4893.626370 1.725761 0.032490 
4894.824867 1.783099 0.032896 
4896.023365 1.739752 0.032708 
4897.221863 1.680503 0.032425 
4898.420361 1.747004 0.032727 
4899.618858 1.802085 0.032976 
4900.817356 1.799708 0.032957 
4902.015854 1.786604 0.032911 
4903.214351 1.750838 0.032806 
4904.412849 1.728218 0.032773 
4905.611347 1.720029 0.032818 
4906.809845 1.727839 0.032879 
4908.008342 1.744969 0.032949 
4909.206840 1.744425 0.032945 
4910.405338 1.739098 0.032921 
4911.603835 1.734670 0.032835 
4912.802333 1.733929 0.032750 
4914.000831 1.767234 0.032720 
4915.199328 1.779869 0.032633 
4916.397826 1.730649 0.032374 
4917.596324 1.705932 0.032247 
4918.794822 1.717234 0.032313 
4919.993319 1.745067 0.032376 
4921.191817 1.785933 0.032434 
4922.390315 1.749692 0.032291 
4923.588812 1.682486 0.032066 
4924.787310 1.693961 0.032127 
4925.985808 1.716467 0.032231 
4927.184305 1.697271 0.032309 
4928.382803 1.683274 0.032393 
4929.581301 1.693749 0.032500 
4930.779799 1.696926 0.032543 
4931.978296 1.685197 0.032455 
4933.176794 1.679150 0.032445 
4934.375292 1.679209 0.032519 
4935.573789 1.706986 0.032711 
4936.772287 1.750689 0.032970 
4937.970785 1.720653 0.036147 
4939.169282 1.675763 0.038785 
4940.367780 1.658488 0.034080 
4941.566278 1.674104 0.036300 
4942.764776 1.685693 0.038493 
4943.963273 1.658350 0.034195 
4945.161771 1.650221 0.032559 
4946.360269 1.655213 0.032739 
4947.558766 1.644153 0.032767 
4948.757264 1.627635 0.032744 
4949.955762 1.672378 0.032744 
4951.154260 1.721404 0.032753 
4952.352757 1.721453 0.032893 
4953.551255 1.734278 0.033082 
4954.749753 1.797418 0.033465 
4955.948250 1.817419 0.033592 
4957.146748 1.758746 0.033252 
4958.345246 1.728683 0.032978 
4959.543743 1.726594 0.032770 
4960.742241 1.730943 0.032712 
4961.940739 1.738655 0.032732 
4963.139237 1.713233 0.032656 
4964.337734 1.679935 0.032556 
4965.536232 1.671087 0.032585 
4966.734730 1.667950 0.032644 
4967.933227 1.702638 0.032905 
4969.131725 1.717946 0.033070 
4970.330223 1.678217 0.032962 
4971.528720 1.672087 0.032997 
4972.727218 1.714119 0.033236 
4973.925716 1.730036 0.033242 
4975.124214 1.725545 0.033066 
4976.322711 1.698140 0.032908 
4977.521209 1.661436 0.032758 
4978.719707 1.687530 0.032812 
4979.918204 1.722917 0.032894 
4981.116702 1.685967 0.032571 
4982.315200 1.656056 0.032291 
4983.513697 1.662898 0.032229 
4984.712195 1.678973 0.032226 
4985.910693 1.715588 0.032352 
4987.109191 1.709158 0.032295 
4988.307688 1.652098 0.032021 
4989.506186 1.651188 0.032074 
4990.704684 1.686372 0.032338 
4991.903181 1.747430 0.032760 
4993.101679 1.816770 0.033233 
4994.300177 1.795444 0.033257 
4995.498674 1.764261 0.033223 
4996.697172 1.724705 0.032979 
4997.895670 1.697143 0.032803 
4999.094168 1.716540 0.032896 
5000.292665 1.710600 0.032862 
5001.491163 1.657941 0.032595 
5002.689661 1.662533 0.032609 
5003.888158 1.724426 0.032904 
5005.086656 1.731888 0.032897 
5006.285154 1.709738 0.032726 
5007.483652 1.723103 0.032729 
5008.682149 1.745608 0.032777 
5009.880647 1.739389 0.032840 
5011.079145 1.729650 0.032882 
5012.277642 1.701983 0.032719 
5013.476140 1.684942 0.032613 
5014.674638 1.701998 0.032694 
5015.873135 1.724423 0.032753 
5017.071633 1.755440 0.032775 
5018.270131 1.770580 0.032803 
5019.468629 1.771718 0.032835 
5020.667126 1.767258 0.032873 
5021.865624 1.760142 0.032915 
5023.064122 1.719884 0.036616 
5024.262619 1.680226 0.039135 
5025.461117 1.671503 0.033719 
5026.659615 1.685080 0.032479 
5027.858112 1.705302 0.032484 
5029.056610 1.720784 0.032526 
5030.255108 1.732517 0.032559 
5031.453606 1.694429 0.032420 
5032.652103 1.663853 0.032300 
5033.850601 1.661835 0.032253 
5035.049099 1.658535 0.032209 
5036.247596 1.652894 0.032172 
5037.446094 1.668842 0.032258 
5038.644592 1.706437 0.032469 
5039.843089 1.696817 0.032376 
5041.041587 1.661162 0.032116 
5042.240085 1.677943 0.032176 
5043.438583 1.708701 0.032322 
5044.637080 1.735772 0.032557 
5045.835578 1.759076 0.032766 
5047.034076 1.741610 0.032608 
5048.232573 1.734623 0.032529 
5049.431071 1.763981 0.032723 
5050.629569 1.778450 0.032807 
5051.828067 1.767355 0.032704 
5053.026564 1.750922 0.032652 
5054.225062 1.729426 0.032647 
5055.423560 1.706484 0.032579 
5056.622057 1.682792 0.032478 
5057.820555 1.695480 0.032594 
5059.019053 1.717145 0.032764 
5060.217550 1.761269 0.036943 
5061.416048 1.795408 0.040077 
5062.614546 1.786020 0.038819 
5063.813044 1.739479 0.034503 
5065.011541 1.695437 0.032623 
5066.210039 1.653234 0.032534 
5067.408537 1.669019 0.032502 
5068.607034 1.707434 0.032492 
5069.805532 1.754544 0.032799 
5071.004030 1.802694 0.033153 
5072.202527 1.777237 0.033001 
5073.401025 1.753451 0.032860 
5074.599523 1.739352 0.032784 
5075.798021 1.736993 0.032695 
5076.996518 1.763447 0.032573 
5078.195016 1.805276 0.032628 
5079.393514 1.867452 0.032915 
5080.592011 1.857613 0.032911 
5081.790509 1.793986 0.032690 
5082.989007 1.760067 0.032437 
5084.187504 1.738031 0.032171 
5085.386002 1.757511 0.032399 
5086.584500 1.783927 0.032711 
5087.782998 1.773063 0.032755 
5088.981495 1.762468 0.032781 
5090.179993 1.753910 0.032699 
5091.378491 1.753555 0.032677 
5092.576988 1.774201 0.032806 
5093.775486 1.782477 0.032886 
5094.973984 1.773798 0.032898 
5096.172481 1.777923 0.032947 
5097.370979 1.792016 0.033024 
5098.569477 1.784044 0.032972 
5099.767975 1.766743 0.032866 
5100.966472 1.814963 0.033048 
5102.164970 1.875347 0.033282 
5103.363468 1.806418 0.032883 
5104.561965 1.752259 0.032576 
5105.760463 1.817834 0.033003 
5106.958961 1.860272 0.033284 
5108.157459 1.838047 0.033157 
5109.355956 1.844793 0.033188 
5110.554454 1.894419 0.033454 
5111.752952 1.888616 0.033409 
5112.951449 1.836078 0.033102 
5114.149947 1.793171 0.032929 
5115.348445 1.754759 0.032818 
5116.546942 1.795818 0.033055 
5117.745440 1.854213 0.033368 
5118.943938 1.872135 0.033475 
5120.142436 1.881485 0.033544 
5121.340933 1.827872 0.033338 
5122.539431 1.795842 0.033207 
5123.737929 1.833287 0.033320 
5124.936426 1.866419 0.035313 
5126.134924 1.892376 0.040436 
5127.333422 1.905227 0.037503 
5128.531919 1.900391 0.033500 
5129.730417 1.866312 0.033330 
5130.928915 1.858294 0.033305 
5132.127413 1.882376 0.033455 
5133.325910 1.890188 0.033542 
5134.524408 1.886503 0.033583 
5135.722906 1.904295 0.033807 
5136.921403 1.930294 0.034099 
5138.119901 1.880427 0.033926 
5139.318399 1.818292 0.033678 
5140.516896 1.818964 0.033678 
5141.715394 1.826653 0.033702 
5142.913892 1.878527 0.033869 
5144.112390 1.911050 0.033968 
5145.310887 1.891734 0.033885 
5146.509385 1.883612 0.033885 
5147.707883 1.891696 0.034005 
5148.906380 1.880569 0.034000 
5150.104878 1.853410 0.033893 
5151.303376 1.863255 0.033935 
5152.501874 1.890409 0.034048 
5153.700371 1.905275 0.034076 
5154.898869 1.917394 0.034086 
5156.097367 1.948139 0.038466 
5157.295864 1.971706 0.041682 
5158.494362 1.965317 0.040366 
5159.692860 1.933931 0.036065 
5160.891357 1.928862 0.034233 
5162.089855 1.944068 0.034303 
5163.288353 1.923208 0.034292 
5164.486851 1.886885 0.034246 
5165.685348 1.898482 0.034172 
5166.883846 1.919557 0.034093 
5168.082344 1.927459 0.034138 
5169.280841 1.934692 0.034154 
5170.479339 1.939683 0.033897 
5171.677837 1.951139 0.033751 
5172.876334 1.983135 0.033962 
5174.074832 2.010004 0.034074 
5175.273330 2.028281 0.034021 
5176.471828 2.000163 0.033832 
5177.670325 1.927072 0.033512 
5178.868823 1.923354 0.033563 
5180.067321 1.958342 0.033822 
5181.265818 1.996952 0.034209 
5182.464316 2.036609 0.034632 
5183.662814 2.042585 0.034692 
5184.861311 2.044461 0.034706 
5186.059809 2.029797 0.034486 
5187.258307 2.016835 0.034323 
5188.456805 2.011851 0.034424 
5189.655302 2.022243 0.034642 
5190.853800 2.067072 0.035124 
5192.052298 2.048606 0.035323 
5193.250795 1.950075 0.035163 
5194.449293 1.966697 0.035412 
5195.647791 2.068682 0.035962 
5196.846288 2.089761 0.036362 
5198.044786 2.077262 0.036699 
5199.243284 2.061984 0.039680 
5200.441782 2.046174 0.043169 
5201.640279 1.981058 0.047255 
5202.838777 1.929174 0.051172 
5204.037275 2.005302 0.053447 
5205.235772 2.050302 0.054772 
5206.434270 1.993817 0.052997 
5207.632768 1.990359 0.050468 
5208.831266 2.078657 0.046636 
5210.029763 2.100054 0.045739 
5211.228261 2.053875 0.047807 
5212.426759 2.078521 0.041363 
5213.625256 2.102660 0.036598 
5214.823754 2.110037 0.036073 
5216.022252 2.140115 0.035902 
5217.220749 2.188641 0.036021 
5218.419247 2.168957 0.035938 
5219.617745 2.117532 0.035763 
5220.816243 2.111042 0.035683 
5222.014740 2.114891 0.035626 
5223.213238 2.124099 0.035794 
5224.411736 2.134866 0.035983 
5225.610233 2.161331 0.036266 
5226.808731 2.186367 0.036537 
5228.007229 2.205786 0.036759 
5229.205726 2.208555 0.036833 
5230.404224 2.177839 0.036609 
5231.602722 2.152325 0.036391 
5232.801220 2.132868 0.036179 
5233.999717 2.141230 0.036093 
5235.198215 2.168816 0.036093 
5236.396713 2.203957 0.036175 
5237.595210 2.242032 0.036288 
5238.793708 2.121403 0.054951 
5239.992206 2.085465 0.047521 
5241.190703 2.102168 0.036438 
5242.389201 2.158706 0.036743 
5243.587699 2.180012 0.036940 
5244.786197 2.157249 0.037004 
5245.984694 2.154573 0.037026 
5247.183192 2.166895 0.037017 
5248.381690 2.178631 0.036805 
5249.580187 2.190117 0.036507 
5250.778685 2.180095 0.036294 
5251.977183 2.165619 0.036099 
5253.175681 2.165181 0.036138 
5254.374178 2.163514 0.036176 
5255.572676 2.141331 0.036080 
5256.771174 2.153141 0.036192 
5257.969671 2.292160 0.037082 
5259.168169 2.345703 0.037589 
5260.366667 2.231843 0.037342 
5261.565164 2.180586 0.037302 
5262.763662 2.201397 0.037502 
5263.962160 2.245464 0.037635 
5265.160658 2.305594 0.037723 
5266.359155 2.276087 0.037238 
5267.557653 2.211337 0.036529 
5268.756151 2.192540 0.036123 
5269.954648 2.182229 0.035774 
5271.153146 2.170773 0.035565 
5272.351644 2.161570 0.035393 
5273.550141 2.173837 0.035524 
5274.748639 2.180198 0.035641 
5275.947137 2.165854 0.035712 
5277.145635 2.171503 0.035972 
5278.344132 2.214719 0.036586 
5279.542630 2.272466 0.037115 
5280.741128 2.346428 0.037549 
5281.939625 2.333066 0.037596 
5283.138123 2.260975 0.037383 
5284.336621 2.229159 0.037276 
5285.535118 2.212788 0.037210 
5286.733616 2.262643 0.041832 
5287.932114 2.302661 0.044844 
5289.130612 2.257061 0.038203 
5290.329109 2.244399 0.036521 
5291.527607 2.242133 0.036403 
5292.726105 2.221569 0.036304 
5293.924602 2.199526 0.036212 
5295.123100 2.288882 0.036790 
5296.321598 2.357018 0.037263 
5297.520095 2.285649 0.037045 
5298.718593 2.222761 0.036841 
5299.917091 2.184565 0.036679 
5301.115589 2.160058 0.036656 
5302.314086 2.157965 0.036860 
5303.512584 2.169366 0.037095 
5304.711082 2.194136 0.037361 
5305.909579 2.238966 0.037644 
5307.108077 2.295816 0.037938 
5308.306575 2.294057 0.037934 
5309.505073 2.272558 0.037829 
5310.703570 2.231082 0.041768 
5311.902068 2.217897 0.045648 
5313.100566 2.287005 0.045607 
5314.299063 2.213748 0.040291 
5315.497561 2.174364 0.037359 
5316.696059 2.176294 0.037336 
5317.894556 2.182117 0.037407 
5319.093054 2.190846 0.037548 
5320.291552 2.189248 0.037583 
5321.490050 2.183100 0.037571 
5322.688547 2.187874 0.037684 
5323.887045 2.195117 0.037826 
5325.085543 2.126814 0.037594 
5326.284040 2.058427 0.037350 
5327.482538 2.071563 0.037329 
5328.681036 2.090341 0.037319 
5329.879533 2.135005 0.037360 
5331.078031 2.168218 0.037400 
5332.276529 2.174670 0.037437 
5333.475027 2.169126 0.037414 
5334.673524 2.147028 0.037305 
5335.872022 2.167039 0.037494 
5337.070520 2.222855 0.037935 
5338.269017 2.243134 0.038109 
5339.467515 2.245141 0.038147 
5340.666013 2.252426 0.038087 
5341.864510 2.261196 0.037999 
5343.063008 2.223454 0.037606 
5344.261506 2.181417 0.037186 
5345.460004 2.182663 0.037146 
5346.658501 2.176372 0.037077 
5347.856999 2.123341 0.036825 
5349.055497 2.084004 0.036638 
5350.253994 2.084068 0.036638 
5351.452492 2.088233 0.036681 
5352.650990 2.099180 0.036794 
5353.849488 2.099871 0.039579 
5355.047985 2.090115 0.045088 
5356.246483 2.155780 0.041044 
5357.444981 2.181754 0.037465 
5358.643478 2.127164 0.037218 
5359.841976 2.123962 0.037254 
5361.040474 2.168718 0.037554 
5362.238971 2.122246 0.037353 
5363.437469 2.023345 0.036863 
5364.635967 2.016154 0.036799 
5365.834465 2.039079 0.036873 
5367.032962 2.128950 0.037207 
5368.231460 2.228794 0.037579 
5369.429958 2.169979 0.037349 
5370.628455 2.111086 0.037107 
5371.826953 2.068287 0.036819 
5373.025451 2.052154 0.036669 
5374.223948 2.129553 0.037001 
5375.422446 2.180994 0.038838 
5376.620944 2.181732 0.043613 
5377.819442 2.133175 0.044950 
5379.017939 2.098326 0.041807 
5380.216437 2.082393 0.037272 
5381.414935 2.097370 0.036814 
5382.613432 2.114905 0.036794 
5383.811930 2.093136 0.036752 
5385.010428 2.076484 0.036713 
5386.208925 2.092664 0.036697 
5387.407423 2.100616 0.036639 
5388.605921 2.083928 0.036453 
5389.804419 2.072025 0.036262 
5391.002916 2.068423 0.036064 
5392.201414 2.058299 0.035936 
5393.399912 2.041133 0.035883 
5394.598409 2.005601 0.035579 
5395.796907 1.957606 0.035107 
5396.995405 1.941496 0.034501 
5398.193902 1.938380 0.033840 
5399.392400 1.937230 0.033698 
5400.590898 1.936496 0.033666 
5401.789396 1.878768 0.033359 
5402.987893 1.827440 0.033897 
5404.186391 1.870686 0.034231 
5405.384889 1.911646 0.034542 
5406.583386 1.941047 0.034772 
5407.781884 1.953425 0.034638 
5408.980382 1.934436 0.034665 
5410.178880 1.915229 0.034734 
5411.377377 1.894968 0.034762 
5412.575875 1.894458 0.034888 
5413.774373 1.912498 0.035190 
5414.972870 1.908615 0.035374 
5416.171368 1.891889 0.035485 
5417.369866 1.900392 0.039695 
5418.568363 1.918762 0.044343 
5419.766861 1.882678 0.038019 
5420.965359 1.935533 0.036208 
5422.163857 2.047590 0.036907 
5423.362354 2.032239 0.036525 
5424.560852 1.980536 0.036616 
5425.759350 2.020385 0.037062 
5426.957847 2.076572 0.037445 
5428.156345 2.101613 0.037813 
5429.354843 2.122803 0.038624 
5430.553340 2.091040 0.039003 
5431.751838 2.073832 0.039306 
5432.950336 2.108666 0.039612 
5434.148834 2.124731 0.039792 
5435.347331 2.096316 0.039814 
5436.545829 2.081874 0.050496 
5437.744327 2.092272 0.062645 
5438.942824 2.092297 0.042704 
5440.141322 2.090776 0.039704 
5441.339820 2.090399 0.039688 
5442.538317 2.123323 0.039885 
5443.736815 2.145535 0.040123 
5444.935313 2.037565 0.039811 
5446.133811 1.957024 0.039798 
5447.332308 2.036052 0.040478 
5448.530806 2.101416 0.041030 
5449.729304 2.097012 0.040893 
5450.927801 2.085186 0.040628 
5452.126299 2.039998 0.040373 
5453.324797 2.023796 0.040261 
5454.523295 2.037774 0.040306 
5455.721792 2.031544 0.040542 
5456.920290 2.001860 0.040312 
5458.118788 1.946412 0.040042 
5459.317285 1.893161 0.039641 
5460.515783 1.914310 0.039668 
5461.714281 1.936752 0.039969 
5462.912778 2.008358 0.040808 
5464.111276 2.068720 0.041091 
5465.309774 2.074095 0.040777 
5466.508272 2.077886 0.040729 
5467.706769 2.090986 0.041172 
5468.905267 2.095270 0.041343 
5470.103765 2.038632 0.041454 
5471.302262 2.041614 0.041297 
5472.500760 2.076393 0.041872 
5473.699258 2.079863 0.045743 
5474.897755 2.044233 0.051872 
5476.096253 2.053208 0.047028 
5477.294751 2.093944 0.042400 
5478.493249 2.104131 0.042622 
5479.691746 2.101524 0.042685 
5480.890244 2.072635 0.042959 
5482.088742 2.054894 0.042728 
5483.287239 2.070804 0.042889 
5484.485737 2.095156 0.042895 
5485.684235 2.112147 0.042959 
5486.882732 2.114190 0.043109 
5488.081230 2.127805 0.043657 
5489.279728 2.074980 0.043188 
5490.478226 2.042470 0.042913 
5491.676723 2.044444 0.043283 
5492.875221 2.063965 0.047291 
5494.073719 2.192392 0.077286 
5495.272216 2.069958 0.054102 
5496.470714 2.072681 0.043879 
5497.669212 2.133782 0.044361 
5498.867709 2.098751 0.044363 
5500.066207 2.019750 0.044310 
5501.264705 2.048306 0.043848 
5502.463203 2.098688 0.044023 
5503.661700 2.080932 0.044516 
5504.860198 2.067903 0.044793 
5506.058696 2.029356 0.044615 
5507.257193 1.985601 0.044798 
5508.455691 2.005014 0.044478 
5509.654189 2.006449 0.044743 
5510.852687 1.986532 0.044917 
5512.051184 2.004421 0.044985 
5513.249682 2.066194 0.045392 
5514.448180 2.081253 0.046024 
5515.646677 2.019227 0.045281 
5516.845175 1.963510 0.045238 
5518.043673 1.932918 0.045092 
5519.242170 1.970749 0.045529 
5520.440668 2.093861 0.046099 
5521.639166 2.036576 0.045949 
5522.837664 1.906145 0.045399 
5524.036161 1.925827 0.045501 
5525.234659 1.956299 0.046130 
5526.433157 1.952214 0.046527 
5527.631654 1.976855 0.046128 
5528.830152 1.944397 0.053751 
5530.028650 1.949026 0.056200 
5531.227147 2.075083 0.048340 
5532.425645 2.049208 0.047093 
5533.624143 1.978216 0.046869 
5534.822641 2.004625 0.047097 
5536.021138 2.009246 0.047425 
5537.219636 1.988751 0.047683 
5538.418134 1.967427 0.047747 
5539.616631 1.900452 0.047509 
5540.815129 1.889900 0.047394 
5542.013627 1.897967 0.047239 
5543.212124 1.914128 0.047620 
5544.410622 2.019290 0.048099 
5545.609120 1.933665 0.062625 
5546.807618 1.807807 0.071609 
5548.006115 1.938043 0.050324 
5549.204613 1.970380 0.048637 
5550.403111 2.008146 0.048889 
5551.601608 1.989960 0.049497 
5552.800106 1.967025 0.049960 
5553.998604 1.947137 0.049992 
5555.197102 1.916191 0.050542 
5556.395599 1.949271 0.051877 
5557.594097 2.012049 0.052597 
5558.792595 1.964656 0.052627 
5559.991092 1.938191 0.052631 
5561.189590 1.963414 0.052420 
5562.388088 1.982276 0.052256 
5563.586585 1.991330 0.052002 
5564.785083 1.994858 0.051846 
5565.983581 1.984358 0.052031 
5567.182079 1.953359 0.052050 
5568.380576 1.946898 0.051706 
5569.579074 1.963388 0.052072 
5570.777572 2.011641 0.052550 
5571.976069 2.007069 0.052778 
5573.174567 2.032320 0.052551 
5574.373065 2.007744 0.051689 
5575.571562 1.995922 0.050723 
5576.770060 2.021441 0.050919 
5577.968558 2.034790 0.053056 
5579.167056 1.969827 0.062415 
5580.365553 1.992663 0.062018 
5581.564051 2.077927 0.053724 
5582.762549 1.947312 0.054670 
5583.961046 1.857610 0.055591 
5585.159544 1.934886 0.056756 
5586.358042 1.910778 0.063552 
5587.556539 1.794323 0.083768 
5588.755037 1.866564 0.104165 
5589.953535 1.979295 0.119869 
5591.152033 1.894943 0.128489 
5592.350530 1.731289 0.133130 
5593.549028 1.638350 0.125230 
5594.747526 1.626604 0.124905 
5595.946023 1.652823 0.130635 
5597.144521 1.747896 0.121762 
5598.343019 1.834322 0.104247 
5599.541517 1.931661 0.089116 
5600.740014 2.063668 0.071827 
5601.938512 2.059934 0.066135 
5603.137010 2.046115 0.061451 
5604.335507 1.980470 0.060424 
5605.534005 1.961938 0.059908 
5606.732503 1.998474 0.059761 
5607.931000 2.015900 0.059990 
5609.129498 1.999621 0.059502 
5610.327996 1.981365 0.058810 
5611.526494 1.918077 0.058058 
5612.724991 1.956809 0.058155 
5613.923489 1.979150 0.058092 
5615.121987 1.969811 0.058674 
5616.320484 1.996680 0.059348 
5617.518982 2.054462 0.060094 
5618.717480 2.113501 0.060862 
5619.915977 2.028828 0.060945 
5621.114475 1.984624 0.061236 
5622.312973 1.910531 0.060417 
5623.511471 1.930698 0.061467 
5624.709968 1.976905 0.061670 
5625.908466 1.973120 0.062694 
5627.106964 1.918131 0.069276 
5628.305461 1.952273 0.068440 
5629.503959 2.031584 0.060674 
5630.702457 2.036859 0.060871 
5631.900954 2.080782 0.061272 
5633.099452 2.002126 0.061097 
5634.297950 2.021270 0.060344 
5635.496448 1.942003 0.061401 
5636.694945 1.978087 0.062277 
5637.893443 2.001644 0.063005 
5639.091941 1.969609 0.063278 
5640.290438 1.954426 0.063485 
5641.488936 1.888630 0.077052 
5642.687434 2.039462 0.079593 
5643.885931 2.081069 0.066266 
5645.084429 2.060285 0.064629 
5646.282927 2.028756 0.064624 
5647.481425 1.939867 0.063481 
5648.679922 1.939746 0.062807 
5649.878420 1.931405 0.063021 
5651.076918 1.982973 0.061616 
5652.275415 2.049455 0.064300 
5653.473913 2.068882 0.065491 
5654.672411 2.053548 0.065608 
5655.870909 1.976034 0.065418 
5657.069406 2.032649 0.066091 
5658.267904 2.021897 0.066114 
5659.466402 2.063003 0.066577 
5660.664899 1.954812 0.066171 
5661.863397 1.915752 0.066370 
5663.061895 1.992446 0.067128 
5664.260392 2.023546 0.065220 
5665.458890 2.022577 0.068500 
5666.657388 1.939736 0.068297 
5667.855886 2.137234 0.070172 
5669.054383 2.259577 0.071615 
5670.252881 2.136421 0.071068 
5671.451379 1.993889 0.069642 
5672.649876 1.996155 0.073177 
5673.848374 2.014077 0.079250 
5675.046872 1.995274 0.071886 
5676.245369 2.052423 0.071283 
5677.443867 1.909176 0.070135 
5678.642365 1.955606 0.070382 
5679.840863 2.075109 0.072108 
5681.039360 2.076981 0.075583 
5682.237858 2.078419 0.078227 
5683.436356 2.073611 0.080681 
5684.634853 2.037907 0.084308 
5685.833351 1.856459 0.077291 
5687.031849 1.917155 0.079814 
5688.230346 2.122357 0.080671 
5689.428844 2.124985 0.077043 
5690.627342 2.058605 0.075336 
5691.825840 2.048614 0.074533 
5693.024337 2.048104 0.071522 
5694.222835 2.060410 0.076183 
5695.421333 2.137878 0.077259 
5696.619830 2.175774 0.078310 
5697.818328 2.110576 0.077978 
5699.016826 2.078594 0.077785 
5700.215324 2.092425 0.077894 
5701.413821 2.056076 0.075552 
5702.612319 2.020274 0.072374 
5703.810817 1.992102 0.077366 
5705.009314 2.013460 0.078089 
5706.207812 1.984523 0.078109 
5707.406310 2.001879 0.078590 
5708.604807 2.087215 0.079986 
5709.803305 2.075495 0.077936 
5711.001803 2.085233 0.073758 
5712.200301 1.989749 0.079351 
5713.398798 1.978129 0.081228 
5714.597296 2.059887 0.084143 
5715.795794 2.047454 0.082485 
5716.994291 2.057628 0.080680 
5718.192789 2.166661 0.082344 
5719.391287 2.239094 0.082878 
5720.589784 2.226321 0.082632 
5721.788282 2.269703 0.083128 
5722.986780 2.200951 0.078866 
5724.185278 2.069895 0.075822 
5725.383775 1.978913 0.080793 
5726.582273 2.099546 0.081855 
5727.780771 2.053892 0.080995 
5728.979268 2.016855 0.083901 
5730.177766 2.057221 0.084030 
5731.376264 2.068763 0.077355 
5732.574761 2.076442 0.075739 
5733.773259 2.031431 0.081441 
5734.971757 2.093739 0.081674 
5736.170255 2.096610 0.081518 
5737.368752 2.015992 0.080768 
5738.567250 2.000105 0.080284 
5739.765748 2.044379 0.075672 
5740.964245 2.059386 0.073039 
5742.162743 2.068244 0.079910 
5743.361241 2.164219 0.081336 
5744.559738 2.073377 0.080348 
5745.758236 2.087212 0.080384 
5746.956734 2.067033 0.079789 
5748.155232 2.074297 0.080128 
5749.353729 1.978084 0.079215 
5750.552227 1.962425 0.079334 
5751.750725 1.940207 0.079072 
5752.949222 1.959286 0.078853 
5754.147720 2.042818 0.073150 
5755.346218 2.073384 0.073478 
5756.544716 2.026485 0.077909 
5757.743213 1.955464 0.077644 
5758.941711 1.926084 0.077508 
5760.140209 2.066040 0.078951 
5761.338706 2.083214 0.078873 
5762.537204 2.022323 0.072183 
5763.735702 2.088273 0.074370 
5764.934199 2.091587 0.080419 
5766.132697 2.028859 0.080301 
5767.331195 2.020666 0.080342 
5768.529693 2.035548 0.080385 
5769.728190 2.027284 0.078915 
5770.926688 1.918391 0.074197 
5772.125186 1.914837 0.068521 
5773.323683 1.894319 0.069689 
5774.522181 1.898388 0.074177 
5775.720679 1.916209 0.074460 
5776.919176 1.986886 0.074779 
5778.117674 2.040986 0.074826 
5779.316172 1.956515 0.074074 
5780.514670 1.941109 0.073318 
5781.713167 1.890300 0.072130 
5782.911665 1.987432 0.073144 
5784.110163 1.906558 0.072499 
5785.308660 1.819830 0.070585 
5786.507158 1.859666 0.063453 
5787.705656 2.008154 0.069576 
5788.904153 1.857434 0.071380 
5790.102651 1.830875 0.070236 
5791.301149 1.856149 0.070224 
5792.499647 1.810973 0.069571 
5793.698144 1.806428 0.069741 
5794.896642 1.856664 0.062358 
5796.095140 1.975142 0.067076 
5797.293637 1.977766 0.069768 
5798.492135 1.916917 0.069313 
5799.690633 2.008630 0.070511 
5800.889131 1.905194 0.069232 
5802.087628 1.838952 0.068418 
5803.286126 2.001877 0.070016 
5804.484624 1.983970 0.061485 
5805.683121 1.942656 0.065865 
5806.881619 1.852287 0.069118 
5808.080117 1.887807 0.069816 
5809.278614 2.051410 0.069635 
5810.477112 1.900124 0.066373 
5811.675610 1.896753 0.067865 
5812.874108 1.900705 0.067846 
5814.072605 1.880590 0.067705 
5815.271103 1.826946 0.066622 
5816.469601 1.795746 0.066213 
5817.668098 1.841147 0.066664 
5818.866596 1.927341 0.058509 
5820.065094 1.916846 0.064692 
5821.263591 1.871664 0.065517 
5822.462089 1.896811 0.066085 
5823.660587 1.906603 0.066503 
5824.859085 1.868944 0.065295 
5826.057582 1.953808 0.066242 
5827.256080 1.865275 0.065186 
5828.454578 1.938132 0.057227 
5829.653075 1.980814 0.064318 
5830.851573 1.982319 0.065574 
5832.050071 2.132423 0.066843 
5833.248568 2.170556 0.067410 
5834.447066 2.163695 0.066142 
5835.645564 1.997912 0.064889 
5836.844062 2.028014 0.065031 
5838.042559 1.884792 0.054743 
5839.241057 1.867449 0.061892 
5840.439555 1.938788 0.063885 
5841.638052 1.879095 0.063704 
5842.836550 1.830877 0.063584 
5844.035048 1.941601 0.065044 
5845.233545 1.797639 0.064144 
5846.432043 1.955734 0.064648 
5847.630541 1.810289 0.062524 
5848.829039 1.799346 0.062934 
5850.027536 1.872479 0.063881 
5851.226034 1.874808 0.063921 
5852.424532 2.002061 0.063126 
5853.623029 1.980792 0.056482 
5854.821527 1.901076 0.062973 
5856.020025 1.918134 0.062830 
5857.218523 1.892765 0.061802 
5858.417020 1.888748 0.061825 
5859.615518 2.022863 0.062932 
5860.814016 1.904401 0.061602 
5862.012513 1.847770 0.060091 
5863.211011 1.942466 0.056937 
5864.409509 1.883436 0.067649 
5865.608006 1.942891 0.071392 
5866.806504 1.964184 0.073808 
5868.005002 1.798955 0.073222 
5869.203500 1.922834 0.076693 
5870.401997 1.773536 0.101401 
5871.600495 1.708682 0.125257 
5872.798993 1.769922 0.103055 
5873.997490 1.827115 0.081732 
5875.195988 1.880407 0.063243 
5876.394486 1.886757 0.058444 
5877.592983 1.901991 0.057990 
5878.791481 1.972781 0.057993 
5879.989979 1.894828 0.056748 
5881.188477 1.875396 0.056236 
5882.386974 1.915204 0.057046 
5883.585472 1.920093 0.057811 
5884.783970 2.001158 0.060993 
5885.982467 2.019999 0.067393 
5887.180965 2.108984 0.073659 
5888.379463 2.224998 0.080148 
5889.577960 2.310695 0.094305 
5890.776458 2.318106 0.096580 
5891.974956 2.265737 0.095643 
5893.173454 2.354336 0.093892 
5894.371951 2.294462 0.089810 
5895.570449 2.083559 0.084256 
5896.768947 1.923553 0.076509 
5897.967444 1.935742 0.070275 
5899.165942 1.886547 0.073286 
5900.364440 1.936395 0.067274 
5901.562938 1.893961 0.061799 
5902.761435 2.028761 0.059951 
5903.959933 1.834301 0.057867 
5905.158431 1.920897 0.058614 
5906.356928 2.038984 0.059625 
5907.555426 2.011307 0.055851 
5908.753924 1.873228 0.052300 
5909.952421 1.859045 0.057440 
5911.150919 1.850233 0.057282 
5912.349417 1.914180 0.058894 
5913.547915 1.926506 0.060989 
5914.746412 1.899468 0.062397 
5915.944910 1.925989 0.063511 
5917.143408 1.901687 0.063210 
5918.341905 1.986074 0.062531 
5919.540403 1.996720 0.060724 
5920.738901 2.006808 0.066119 
5921.937398 1.945145 0.062822 
5923.135896 1.960647 0.053975 
5924.334394 1.949698 0.054486 
5925.532892 1.923347 0.059010 
5926.731389 1.972966 0.059188 
5927.929887 1.914770 0.058225 
5929.128385 1.941647 0.058525 
5930.326882 2.005262 0.060473 
5931.525380 2.085288 0.062926 
5932.723878 2.003809 0.064076 
5933.922375 1.909836 0.059119 
5935.120873 1.889703 0.059309 
5936.319371 1.849280 0.061439 
5937.517869 1.776158 0.057241 
5938.716366 1.872594 0.055637 
5939.914864 2.026119 0.055602 
5941.113362 2.011883 0.055231 
5942.311859 2.001299 0.056202 
5943.510357 2.040348 0.057242 
5944.708855 2.015987 0.052569 
5945.907352 2.053251 0.053930 
5947.105850 2.059373 0.058418 
5948.304348 1.933835 0.057644 
5949.502846 1.868576 0.057097 
5950.701343 1.934727 0.058384 
5951.899841 2.028914 0.060955 
5953.098339 1.986116 0.061647 
5954.296836 1.925431 0.061221 
5955.495334 1.986065 0.061406 
5956.693832 2.105902 0.060919 
5957.892330 1.961570 0.057813 
5959.090827 1.922338 0.055752 
5960.289325 1.904442 0.054618 
5961.487823 1.929882 0.049108 
5962.686320 1.987463 0.052263 
5963.884818 2.041429 0.055137 
5965.083316 2.014177 0.055013 
5966.281813 1.964589 0.054877 
5967.480311 1.973568 0.055376 
5968.678809 1.944139 0.055896 
5969.877307 2.020108 0.056583 
5971.075804 2.053936 0.057043 
5972.274302 1.978743 0.050539 
5973.472800 2.019279 0.054189 
5974.671297 2.015870 0.057139 
5975.869795 1.911923 0.057313 
5977.068293 1.984513 0.058321 
5978.266790 2.043382 0.058751 
5979.465288 2.015565 0.058340 
5980.663786 1.974286 0.056868 
5981.862284 1.987592 0.055185 
5983.060781 2.020447 0.048575 
5984.259279 2.050043 0.052303 
5985.457777 2.096718 0.055154 
5986.656274 2.058838 0.055233 
5987.854772 2.024845 0.055625 
5989.053270 2.084260 0.056296 
5990.251767 2.147689 0.057071 
5991.450265 2.126183 0.056605 
5992.648763 1.909976 0.054605 
5993.847261 1.930412 0.054070 
5995.045758 1.995677 0.054872 
5996.244256 2.066745 0.054518 
5997.442754 1.908546 0.053738 
5998.641251 1.993410 0.053869 
5999.839749 2.081576 0.048265 
6001.038247 1.987827 0.053276 
6002.236745 1.981262 0.054570 
6003.435242 1.883476 0.054121 
6004.633740 2.034514 0.055060 
6005.832238 2.004878 0.054811 
6007.030735 1.990778 0.054125 
6008.229233 2.046618 0.053774 
6009.427731 1.959474 0.051934 
6010.626228 1.968038 0.045745 
6011.824726 1.970506 0.050571 
6013.023224 2.098976 0.052883 
6014.221722 2.079592 0.052821 
6015.420219 2.030272 0.052070 
6016.618717 2.035341 0.052257 
6017.817215 2.028823 0.051811 
6019.015712 1.928909 0.051150 
6020.214210 2.040820 0.051583 
6021.412708 1.977968 0.050467 
6022.611205 2.008952 0.044013 
6023.809703 1.976318 0.049821 
6025.008201 1.934782 0.051123 
6026.206699 2.028575 0.051608 
6027.405196 2.027943 0.052196 
6028.603694 1.990557 0.051962 
6029.802192 2.004194 0.052192 
6031.000689 1.946431 0.051651 
6032.199187 1.932132 0.051538 
6033.397685 1.932288 0.052931 
6034.596182 2.257491 0.056524 
6035.794680 2.037617 0.055966 
6036.993178 2.082816 0.056115 
6038.191676 2.054575 0.054556 
6039.390173 1.967079 0.049629 
6040.588671 1.959493 0.045300 
6041.787169 2.043711 0.051306 
6042.985666 2.005877 0.051311 
6044.184164 2.065180 0.051491 
6045.382662 1.974276 0.050789 
6046.581159 1.937421 0.050690 
6047.779657 2.045247 0.051127 
6048.978155 1.967692 0.050564 
6050.176653 2.015270 0.051031 
6051.375150 1.940850 0.048465 
6052.573648 1.945248 0.044940 
6053.772146 1.993806 0.050547 
6054.970643 2.006307 0.050595 
6056.169141 1.956290 0.050358 
6057.367639 2.008184 0.050715 
6058.566137 1.987418 0.050731 
6059.764634 2.022239 0.051194 
6060.963132 2.000384 0.051026 
6062.161630 1.975603 0.048616 
6063.360127 1.984207 0.044996 
6064.558625 1.871987 0.050254 
6065.757123 1.971030 0.051080 
6066.955620 2.082432 0.051951 
6068.154118 1.917671 0.050751 
6069.352616 1.903918 0.050542 
6070.551114 1.934694 0.050845 
6071.749611 2.028087 0.051298 
6072.948109 1.973914 0.050590 
6074.146607 1.904966 0.049974 
6075.345104 1.920292 0.049969 
6076.543602 1.966428 0.049946 
6077.742100 1.997332 0.050234 
6078.940597 1.946737 0.049700 
6080.139095 2.018068 0.049987 
6081.337593 1.980820 0.046758 
6082.536091 1.972615 0.045371 
6083.734588 2.004716 0.049512 
6084.933086 1.975794 0.049358 
6086.131584 1.946715 0.049019 
6087.330081 1.921602 0.049045 
6088.528579 1.996958 0.050165 
6089.727077 1.929316 0.076120 
6090.925574 1.918694 0.088285 
6092.124072 1.960849 0.088917 
6093.322570 2.003004 0.089548 
6094.521068 2.045159 0.090179 
6095.719565 2.070144 0.056777 
6096.918063 2.039963 0.050827 
6098.116561 2.006286 0.050452 
6099.315058 2.093376 0.051394 
6100.513556 2.117555 0.052102 
6101.712054 2.035132 0.051977 
6102.910552 1.986408 0.051621 
6104.109049 1.969622 0.051292 
6105.307547 2.008328 0.051404 
6106.506045 1.943475 0.046901 
6107.704542 1.912971 0.045798 
6108.903040 1.988236 0.050216 
6110.101538 2.015499 0.050254 
6111.300035 2.028953 0.050337 
6112.498533 2.021316 0.050229 
6113.697031 1.929135 0.049536 
6114.895529 1.920240 0.049467 
6116.094026 1.974884 0.049738 
6117.292524 2.028724 0.050172 
6118.491022 2.066443 0.050575 
6119.689519 2.054585 0.050564 
6120.888017 2.076372 0.051371 
6122.086515 1.987570 0.051113 
6123.285012 2.020223 0.051329 
6124.483510 2.014561 0.051170 
6125.682008 2.029946 0.046645 
6126.880506 1.979301 0.047811 
6128.079003 2.010116 0.050780 
6129.277501 2.035675 0.050861 
6130.475999 2.104825 0.051297 
6131.674496 2.083285 0.051064 
6132.872994 1.991358 0.050359 
6134.071492 1.964849 0.050433 
6135.269989 1.940523 0.050564 
6136.468487 1.998614 0.051305 
6137.666985 2.042874 0.052023 
6138.865483 2.072663 0.047584 
6140.063980 2.112701 0.050487 
6141.262478 2.068538 0.053139 
6142.460976 2.085028 0.053517 
6143.659473 2.066008 0.053318 
6144.857971 1.996390 0.052678 
6146.056469 2.005578 0.051960 
6147.254966 1.978814 0.051135 
6148.453464 2.068322 0.050997 
6149.651962 2.010356 0.049968 
6150.850460 2.012421 0.049848 
6152.048957 2.059515 0.044846 
6153.247455 1.995354 0.047114 
6154.445953 2.008519 0.050180 
6155.644450 2.118668 0.051239 
6156.842948 2.088463 0.051243 
6158.041446 2.062497 0.050890 
6159.239944 2.075592 0.051057 
6160.438441 1.999999 0.050229 
6161.636939 1.978872 0.049549 
6162.835437 2.022640 0.049478 
6164.033934 2.060955 0.049606 
6165.232432 1.960062 0.048958 
6166.430930 2.082464 0.050100 
6167.629427 2.095811 0.051507 
6168.827925 2.034403 0.052506 
6170.026423 2.111969 0.054330 
6171.224921 2.057146 0.054203 
6172.423418 2.026091 0.047781 
6173.621916 2.026198 0.052561 
6174.820414 2.041904 0.053213 
6176.018911 2.013004 0.052113 
6177.217409 2.026872 0.051716 
6178.415907 2.015494 0.051266 
6179.614404 1.934862 0.050145 
6180.812902 1.950230 0.050018 
6182.011400 2.113152 0.050901 
6183.209898 1.920882 0.051118 
6184.408395 1.995121 0.050575 
6185.606893 2.103764 0.045411 
6186.805391 2.071721 0.050358 
6188.003888 2.216780 0.052818 
6189.202386 1.949725 0.060919 
6190.400884 1.968376 0.061520 
6191.599381 2.184395 0.052180 
6192.797879 2.156946 0.051151 
6193.996377 2.113529 0.051414 
6195.194875 2.103084 0.051204 
6196.393372 2.101381 0.050663 
6197.591870 2.065074 0.050010 
6198.790368 2.140010 0.049859 
6199.988865 2.027742 0.043885 
6201.187363 2.080919 0.051247 
6202.385861 2.144443 0.053746 
6203.584359 2.158769 0.054387 
6204.782856 2.177285 0.054388 
6205.981354 2.120272 0.053276 
6207.179852 2.183527 0.052467 
6208.378349 2.075919 0.050585 
6209.576847 1.994181 0.050011 
6210.775345 2.073115 0.050631 
6211.973842 2.058795 0.050868 
6213.172340 2.127494 0.051904 
6214.370838 2.063865 0.051474 
6215.569336 2.074243 0.051375 
6216.767833 2.054918 0.051135 
6217.966331 2.127292 0.051461 
6219.164829 2.133094 0.052372 
6220.363326 2.055629 0.051476 
6221.561824 2.105541 0.048826 
6222.760322 2.023116 0.054819 
6223.958819 2.077613 0.054671 
6225.157317 2.041410 0.053749 
6226.355815 2.094424 0.052605 
6227.554313 2.023105 0.051118 
6228.752810 2.079098 0.050836 
6229.951308 2.031497 0.050758 
6231.149806 1.971335 0.051934 
6232.348303 2.045097 0.055647 
6233.546801 2.148294 0.060508 
6234.745299 2.212102 0.062174 
6235.943796 2.076035 0.059479 
6237.142294 1.925300 0.065789 
6238.340792 2.181572 0.066435 
6239.539290 2.083276 0.063787 
6240.737787 2.223804 0.061795 
6241.936285 2.223218 0.060577 
6243.134783 2.069914 0.058170 
6244.333280 2.014624 0.056531 
6245.531778 2.124556 0.056197 
6246.730276 2.112780 0.054836 
6247.928773 2.196981 0.053365 
6249.127271 2.209881 0.049696 
6250.325769 2.111014 0.045431 
6251.524267 2.143824 0.051018 
6252.722764 2.039576 0.050889 
6253.921262 2.113365 0.052870 
6255.119760 2.167343 0.056926 
6256.318257 2.192902 0.061358 
6257.516755 2.167762 0.064129 
6258.715253 2.217878 0.066019 
6259.913751 2.098702 0.065220 
6261.112248 2.075503 0.063311 
6262.310746 2.138628 0.060636 
6263.509244 2.162180 0.058921 
6264.707741 2.183857 0.058265 
6265.906239 2.150527 0.057745 
6267.104737 2.099935 0.057389 
6268.303234 2.068648 0.056882 
6269.501732 2.069432 0.056082 
6270.700230 2.122652 0.055459 
6271.898728 2.126112 0.051112 
6273.097225 2.114736 0.050256 
6274.295723 2.168557 0.054734 
6275.494221 2.248354 0.055370 
6276.692718 2.198210 0.055409 
6277.891216 2.125222 0.055389 
6279.089714 2.108735 0.055359 
6280.288211 2.063991 0.054404 
6281.486709 2.018216 0.053365 
6282.685207 2.022766 0.053320 
6283.883705 2.173218 0.055631 
6285.082202 2.202021 0.058710 
6286.280700 2.158476 0.061304 
6287.479198 2.150014 0.058461 
6288.677695 2.172231 0.059719 
6289.876193 2.204001 0.063665 
6291.074691 2.157484 0.060810 
6292.273188 2.172387 0.057756 
6293.471686 2.283433 0.057305 
6294.670184 2.228977 0.064167 
6295.868682 2.378511 0.098667 
6297.067179 2.777920 0.171110 
6298.265677 2.649398 0.252371 
6299.464175 2.090929 0.312902 
6300.662672 2.275210 0.344843 
6301.861170 1.899977 0.346507 
6303.059668 1.626584 0.281557 
6304.258166 1.402617 0.224643 
6305.456663 1.416779 0.177148 
6306.655161 1.904077 0.118274 
6307.853659 2.093996 0.084866 
6309.052156 2.137412 0.070860 
6310.250654 2.153485 0.064429 
6311.449152 2.100667 0.059103 
6312.647649 2.162715 0.055540 
6313.846147 2.127204 0.052990 
6315.044645 2.111039 0.051773 
6316.243143 2.075034 0.051643 
6317.441640 2.204866 0.052799 
6318.640138 2.131415 0.053618 
6319.838636 2.108256 0.055175 
6321.037133 2.199296 0.056142 
6322.235631 2.175174 0.056441 
6323.434129 2.146112 0.056039 
6324.632626 2.107994 0.055085 
6325.831124 2.213710 0.055227 
6327.029622 2.212778 0.057370 
6328.228120 2.065418 0.053335 
6329.426617 2.101914 0.059314 
6330.625115 2.099528 0.062517 
6331.823613 2.126328 0.062098 
6333.022110 2.080918 0.059622 
6334.220608 2.080495 0.055978 
6335.419106 2.146748 0.053273 
6336.617603 2.215130 0.051632 
6337.816101 2.158868 0.050943 
6339.014599 2.207567 0.050860 
6340.213097 2.182516 0.050687 
6341.411594 2.106584 0.050369 
6342.610092 2.179470 0.050817 
6343.808590 2.146565 0.050731 
6345.007087 2.076022 0.045138 
6346.205585 2.153882 0.050983 
6347.404083 2.145355 0.053599 
6348.602580 2.086483 0.053618 
6349.801078 2.084554 0.053707 
6350.999576 2.092437 0.053421 
6352.198074 2.176749 0.054001 
6353.396571 2.118911 0.054447 
6354.595069 2.177089 0.056187 
6355.793567 2.064128 0.057333 
6356.992064 2.151685 0.058527 
6358.190562 2.098296 0.059983 
6359.389060 2.238945 0.071484 
6360.587558 1.981513 0.086720 
6361.786055 1.984304 0.132043 
6362.984553 2.257354 0.163651 
6364.183051 2.297824 0.176917 
6365.381548 2.392569 0.179361 
6366.580046 2.235556 0.166771 
6367.778544 2.276768 0.137779 
6368.977041 2.212407 0.101801 
6370.175539 2.110363 0.072902 
6371.374037 2.187357 0.057642 
6372.572535 2.210759 0.051977 
6373.771032 2.123865 0.049834 
6374.969530 2.108296 0.049851 
6376.168028 2.142713 0.050166 
6377.366525 2.211768 0.051484 
6378.565023 2.160981 0.051453 
6379.763521 2.202904 0.052080 
6380.962018 2.174188 0.051963 
6382.160516 2.150113 0.051687 
6383.359014 2.196799 0.052465 
6384.557512 2.113663 0.052510 
6385.756009 2.145289 0.053331 
6386.954507 2.190600 0.052403 
6388.153005 2.180918 0.047673 
6389.351502 2.196341 0.053429 
6390.550000 2.196523 0.052012 
6391.748498 2.144273 0.050473 
6392.946995 2.232799 0.050237 
6394.145493 2.199693 0.049537 
6395.343991 2.125083 0.048969 
6396.542489 2.093040 0.048436 
6397.740986 2.226608 0.049218 
6398.939484 2.138231 0.048512 
6400.137982 2.205623 0.048933 
6401.336479 2.120722 0.048292 
6402.534977 2.093734 0.048030 
6403.733475 2.057759 0.047699 
6404.931973 2.129728 0.046334 
6406.130470 2.161664 0.043038 
6407.328968 2.160018 0.048067 
6408.527466 2.017699 0.047190 
6409.725963 2.087150 0.047748 
6410.924461 2.063408 0.047749 
6412.122959 2.127414 0.048711 
6413.321456 2.043423 0.048470 
6414.519954 2.069600 0.048720 
6415.718452 2.086738 0.048954 
6416.916950 2.052965 0.048976 
6418.115447 2.065917 0.049333 
6419.313945 2.126382 0.049863 
6420.512443 2.056729 0.049567 
6421.710940 2.013034 0.049049 
6422.909438 1.984987 0.046231 
6424.107936 2.052673 0.043136 
6425.306433 2.069732 0.047973 
6426.504931 2.051837 0.047416 
6427.703429 2.039420 0.047259 
6428.901927 2.130371 0.047641 
6430.100424 2.142287 0.047941 
6431.298922 2.050770 0.047562 
6432.497420 2.120121 0.048627 
6433.695917 2.120597 0.048450 
6434.894415 2.058543 0.048159 
6436.092913 2.034752 0.047807 
6437.291410 2.012376 0.047388 
6438.489908 2.035075 0.047007 
6439.688406 2.036291 0.046601 
6440.886904 2.047426 0.046456 
6442.085401 2.006124 0.046348 
6443.283899 1.949098 0.045956 
6444.482397 1.941367 0.045818 
6445.680894 1.935008 0.045681 
6446.879392 1.944406 0.045901 
6448.077890 2.058447 0.046823 
6449.276387 2.092288 0.047236 
6450.474885 2.006244 0.047016 
6451.673383 1.934806 0.046678 
6452.871881 1.948221 0.043543 
6454.070378 2.005202 0.043984 
6455.268876 2.037561 0.047595 
6456.467374 2.024466 0.047624 
6457.665871 2.015425 0.047554 
6458.864369 1.982303 0.047541 
6460.062867 1.972842 0.048055 
6461.261365 2.033167 0.049830 
6462.459862 1.992458 0.051843 
6463.658360 1.941036 0.054146 
6464.856858 1.975246 0.056342 
6466.055355 1.988104 0.057675 
6467.253853 2.004800 0.058603 
6468.452351 1.999274 0.058770 
6469.650848 1.935618 0.057976 
6470.849346 2.062466 0.057591 
6472.047844 1.975180 0.051506 
6473.246342 1.941162 0.050778 
6474.444839 2.016430 0.052899 
6475.643337 2.014657 0.051062 
6476.841835 1.942391 0.049359 
6478.040332 1.894965 0.048427 
6479.238830 1.996999 0.048830 
6480.437328 2.025522 0.048534 
6481.635825 1.882272 0.046733 
6482.834323 1.945957 0.046197 
6484.032821 1.943838 0.045529 
6485.231319 1.915660 0.045157 
6486.429816 1.976540 0.045434 
6487.628314 1.901334 0.044663 
6488.826812 1.933121 0.044731 
6490.025309 1.927508 0.044845 
6491.223807 1.909056 0.040586 
6492.422305 1.879430 0.041898 
6493.620802 1.866676 0.045485 
6494.819300 1.885436 0.048081 
6496.017798 1.904328 0.052798 
6497.216296 1.921747 0.057737 
6498.414793 1.897859 0.060623 
6499.613291 1.855569 0.061623 
6500.811789 1.776999 0.060905 
6502.010286 1.749611 0.058443 
6503.208784 1.839329 0.055731 
6504.407282 1.851396 0.053108 
6505.605780 1.877768 0.051415 
6506.804277 1.913509 0.050624 
6508.002775 1.779635 0.048212 
6509.201273 1.805078 0.047037 
6510.399770 1.819381 0.045619 
6511.598268 1.837899 0.045151 
6512.796766 1.826395 0.045045 
6513.995263 1.814553 0.045786 
6515.193761 1.865452 0.045976 
6516.392259 1.740627 0.044979 
6517.590757 1.869761 0.045624 
6518.789254 1.958160 0.046178 
6519.987752 1.845142 0.046331 
6521.186250 1.785791 0.046904 
6522.384747 1.741406 0.047204 
6523.583245 1.682350 0.047093 
6524.781743 1.808461 0.042298 
6525.980240 1.716386 0.045187 
6527.178738 1.837934 0.045821 
6528.377236 1.811950 0.045570 
6529.575734 1.875194 0.047851 
6530.774231 1.850022 0.051393 
6531.972729 1.895502 0.055086 
6533.171227 1.794960 0.056516 
6534.369724 1.863345 0.057581 
6535.568222 1.733280 0.055705 
6536.766720 1.783774 0.052689 
6537.965217 1.776502 0.048856 
6539.163715 1.711517 0.046256 
6540.362213 1.810519 0.047107 
6541.560711 1.737260 0.048794 
6542.759208 1.879037 0.053146 
6543.957706 1.884375 0.057034 
6545.156204 1.680852 0.058464 
6546.354701 1.693128 0.053851 
6547.553199 1.729556 0.061521 
6548.751697 1.821163 0.063372 
6549.950195 1.817115 0.066220 
6551.148692 1.815971 0.070149 
6552.347190 1.828004 0.073589 
6553.545688 1.952620 0.075111 
6554.744185 1.882788 0.073150 
6555.942683 1.859185 0.068870 
6557.141181 1.851088 0.061027 
6558.339678 1.779217 0.052449 
6559.538176 1.780968 0.049477 
6560.736674 1.768840 0.050398 
6561.935172 1.780286 0.052622 
6563.133669 1.744967 0.053656 
6564.332167 1.698605 0.053617 
6565.530665 1.743234 0.053282 
6566.729162 1.758824 0.051674 
6567.927660 1.794784 0.048744 
6569.126158 1.707407 0.041458 
6570.324655 1.762049 0.047376 
6571.523153 1.769538 0.046896 
6572.721651 1.713724 0.046203 
6573.920149 1.871282 0.048338 
6575.118646 1.820412 0.050528 
6576.317144 1.767999 0.052877 
6577.515642 1.623831 0.053582 
6578.714139 1.717576 0.053955 
6579.912637 1.710114 0.052496 
6581.111135 1.744197 0.049704 
6582.309632 1.835143 0.046729 
6583.508130 1.762200 0.043957 
6584.706628 1.733618 0.042542 
6585.905126 1.747438 0.042196 
6587.103623 1.737526 0.041942 
6588.302121 1.725145 0.042013 
6589.500619 1.778092 0.042203 
6590.699116 1.740597 0.041869 
6591.897614 1.733443 0.041825 
6593.096112 1.719669 0.042438 
6594.294609 1.722920 0.043174 
6595.493107 1.690318 0.043705 
6596.691605 1.720312 0.044308 
6597.890103 1.788746 0.044773 
6599.088600 1.753039 0.044613 
6600.287098 1.812665 0.045241 
6601.485596 1.838567 0.046072 
6602.684093 1.720299 0.046395 
6603.882591 1.731783 0.047441 
6605.081089 1.737277 0.045157 
6606.279587 1.680722 0.042765 
6607.478084 1.675192 0.045439 
6608.676582 1.677204 0.043662 
6609.875080 1.740078 0.042337 
6611.073577 1.684688 0.041083 
6612.272075 1.731707 0.041137 
6613.470573 1.773576 0.041427 
6614.669070 1.723438 0.041093 
6615.867568 1.708553 0.040898 
6617.066066 1.768377 0.041254 
6618.264564 1.786589 0.041516 
6619.463061 1.819162 0.041818 
6620.661559 1.803594 0.041579 
6621.860057 1.740475 0.041025 
6623.058554 1.727845 0.040889 
6624.257052 1.750378 0.041162 
6625.455550 1.723496 0.041394 
6626.654047 1.720772 0.041655 
6627.852545 1.697032 0.041774 
6629.051043 1.717119 0.042201 
6630.249541 1.736752 0.039631 
6631.448038 1.727203 0.039478 
6632.646536 1.745335 0.043051 
6633.845034 1.726881 0.046852 
6635.043531 1.695589 0.053023 
6636.242029 1.700793 0.055572 
6637.440527 1.705996 0.058120 
6638.639024 1.711200 0.060669 
6639.837522 1.716403 0.063218 
6641.036020 1.721607 0.065766 
6642.234518 1.726810 0.068315 
6643.433015 1.721336 0.055319 
6644.631513 1.705124 0.039936 
6645.830011 1.720279 0.040206 
6647.028508 1.659827 0.039757 
6648.227006 1.656360 0.039676 
6649.425504 1.746690 0.040418 
6650.624002 1.741875 0.040550 
6651.822499 1.742809 0.040508 
6653.020997 1.739394 0.040477 
6654.219495 1.750851 0.040502 
6655.417992 1.670471 0.036365 
6656.616490 1.671400 0.036500 
6657.814988 1.744941 0.039768 
6659.013485 1.690236 0.039549 
6660.211983 1.633094 0.039116 
6661.410481 1.724237 0.039780 
6662.608979 1.747291 0.040034 
6663.807476 1.728247 0.040268 
6665.005974 1.762673 0.041033 
6666.204472 1.736108 0.041013 
6667.402969 1.734209 0.041108 
6668.601467 1.720357 0.040976 
6669.799965 1.739335 0.040760 
6670.998462 1.683271 0.040057 
6672.196960 1.615594 0.039262 
6673.395458 1.704076 0.039633 
6674.593956 1.720238 0.039722 
6675.792453 1.673684 0.039407 
6676.990951 1.674564 0.039356 
6678.189449 1.660711 0.039171 
6679.387946 1.705642 0.039374 
6680.586444 1.632516 0.038926 
6681.784942 1.615703 0.038917 
6682.983439 1.690449 0.039384 
6684.181937 1.663444 0.039295 
6685.380435 1.628328 0.039103 
6686.578933 1.673383 0.039464 
6687.777430 1.724867 0.039791 
6688.975928 1.688955 0.039633 
6690.174426 1.651527 0.039379 
6691.372923 1.718157 0.040250 
6692.571421 1.664358 0.051483 
6693.769919 1.875056 0.066974 
6694.968416 1.464985 0.069494 
6696.166914 1.686300 0.046845 
6697.365412 1.633458 0.046727 
6698.563910 1.664144 0.041568 
6699.762407 1.705378 0.045158 
6700.960905 1.659401 0.045058 
6702.159403 1.750687 0.043895 
6703.357900 1.662337 0.041924 
6704.556398 1.619473 0.040655 
6705.754896 1.592462 0.039666 
6706.953394 1.697886 0.039964 
6708.151891 1.700056 0.039559 
6709.350389 1.712201 0.039715 
6710.548887 1.675677 0.039193 
6711.747384 1.696290 0.039178 
6712.945882 1.676428 0.039080 
6714.144380 1.663369 0.039009 
6715.342877 1.649944 0.038980 
6716.541375 1.642021 0.038924 
6717.739873 1.569608 0.038463 
6718.938371 1.694024 0.039188 
6720.136868 1.732013 0.039281 
6721.335366 1.636840 0.038835 
6722.533864 1.679950 0.038465 
6723.732361 1.625272 0.038164 
6724.930859 1.730583 0.038922 
6726.129357 1.688689 0.038535 
6727.327854 1.727795 0.038831 
6728.526352 1.692964 0.037691 
6729.724850 1.712899 0.033854 
6730.923348 1.747380 0.038544 
6732.121845 1.727426 0.038864 
6733.320343 1.636755 0.038235 
6734.518841 1.739872 0.038786 
6735.717338 1.687105 0.038458 
6736.915836 1.715904 0.038443 
6738.114334 1.696422 0.038435 
6739.312831 1.609014 0.037646 
6740.511329 1.697509 0.038299 
6741.709827 1.667020 0.038540 
6742.908325 1.685347 0.039085 
6744.106822 1.655907 0.038975 
6745.305320 1.562277 0.038581 
6746.503818 1.638634 0.041784 
6747.702315 1.690005 0.041505 
6748.900813 1.707077 0.040754 
6750.099311 1.723623 0.040283 
6751.297809 1.718180 0.040800 
6752.496306 1.644631 0.039068 
6753.694804 1.666942 0.038078 
6754.893302 1.686755 0.037874 
6756.091799 1.642234 0.037550 
6757.290297 1.661277 0.037489 
6758.488795 1.710640 0.036412 
6759.687292 1.626796 0.032394 
6760.885790 1.703919 0.037539 
6762.084288 1.671964 0.037241 
6763.282786 1.652201 0.037507 
6764.481283 1.665716 0.037464 
6765.679781 1.775095 0.038184 
6766.878279 1.629092 0.037375 
6768.076776 1.661540 0.037583 
6769.275274 1.548547 0.036620 
6770.473772 1.618476 0.037261 
6771.672269 1.635432 0.037406 
6772.870767 1.734245 0.038058 
6774.069265 1.697364 0.038039 
6775.267763 1.653569 0.037636 
6776.466260 1.643598 0.037434 
6777.664758 1.600213 0.037272 
6778.863256 1.641366 0.037424 
6780.061753 1.709896 0.037736 
6781.260251 1.597063 0.037103 
6782.458749 1.599311 0.037183 
6783.657246 1.607547 0.037184 
6784.855744 1.613104 0.037298 
6786.054242 1.608368 0.037376 
6787.252740 1.591251 0.037204 
6788.451237 1.565492 0.036711 
6789.649735 1.615880 0.036890 
6790.848233 1.654068 0.037076 
6792.046730 1.632470 0.037012 
6793.245228 1.648902 0.036909 
6794.443726 1.634848 0.037384 
6795.642223 1.685158 0.039407 
6796.840721 1.735467 0.041429 
6798.039219 1.785777 0.043452 
6799.237717 1.716570 0.041345 
6800.436214 1.563833 0.036508 
6801.634712 1.564628 0.036633 
6802.833210 1.587995 0.036892 
6804.031707 1.649883 0.037265 
6805.230205 1.602471 0.036888 
6806.428703 1.555386 0.036499 
6807.627201 1.575188 0.036403 
6808.825698 1.651458 0.036953 
6810.024196 1.614838 0.036782 
6811.222694 1.609098 0.036726 
6812.421191 1.602360 0.036565 
6813.619689 1.604892 0.033838 
6814.818187 1.587583 0.034026 
6816.016684 1.562003 0.036309 
6817.215182 1.563878 0.036308 
6818.413680 1.560880 0.036474 
6819.612178 1.592568 0.036650 
6820.810675 1.643897 0.037024 
6822.009173 1.636003 0.037236 
6823.207671 1.556753 0.037746 
6824.406168 1.557518 0.040415 
6825.604666 1.605729 0.045588 
6826.803164 1.655295 0.051688 
6828.001661 1.627358 0.056652 
6829.200159 1.665990 0.060387 
6830.398657 1.645450 0.062710 
6831.597155 1.745470 0.064423 
6832.795652 1.704446 0.064180 
6833.994150 1.602965 0.061835 
6835.192648 1.596257 0.059239 
6836.391145 1.562793 0.056117 
6837.589643 1.468932 0.051478 
6838.788141 1.512502 0.047571 
6839.986638 1.590832 0.045637 
6841.185136 1.680759 0.044382 
6842.383634 1.601494 0.043140 
6843.582132 1.533510 0.042093 
6844.780629 1.612895 0.041367 
6845.979127 1.616045 0.039702 
6847.177625 1.634168 0.038464 
6848.376122 1.562786 0.037313 
6849.574620 1.560832 0.036915 
6850.773118 1.561158 0.036841 
6851.971616 1.581203 0.036781 
6853.170113 1.570324 0.033084 
6854.368611 1.518310 0.034489 
6855.567109 1.549564 0.036241 
6856.765606 1.567517 0.036321 
6857.964104 1.584269 0.037071 
6859.162602 1.594400 0.040229 
6860.361099 1.513616 0.046628 
6861.559597 1.528193 0.055241 
6862.758095 1.554079 0.062332 
6863.956593 1.526354 0.066229 
6865.155090 1.519682 0.067250 
6866.353588 1.419133 0.065226 
6867.552086 1.419299 0.061751 
6868.750583 1.462552 0.058009 
6869.949081 1.574738 0.055797 
6871.147579 1.497692 0.053008 
6872.346076 1.577737 0.051482 
6873.544574 1.518549 0.048654 
6874.743072 1.580327 0.046301 
6875.941570 1.499471 0.043517 
6877.140067 1.572367 0.042824 
6878.338565 1.467484 0.042418 
6879.537063 1.601158 0.043801 
6880.735560 1.538758 0.043373 
6881.934058 1.531869 0.042733 
6883.132556 1.470916 0.041816 
6884.331053 1.607880 0.041771 
6885.529551 1.444717 0.041296 
6886.728049 1.529635 0.043809 
6887.926547 1.566633 0.046148 
6889.125044 1.483388 0.047023 
6890.323542 1.584297 0.048113 
6891.522040 1.458451 0.046852 
6892.720537 1.435537 0.044610 
6893.919035 1.502569 0.042176 
6895.117533 1.468800 0.035016 
6896.316030 1.482940 0.036714 
6897.514528 1.502208 0.039361 
6898.713026 1.521477 0.042008 
6899.911524 1.540745 0.044655 
6901.110021 1.560013 0.047302 
6902.308519 1.516326 0.046814 
6903.507017 1.500361 0.045477 
6904.705514 1.468802 0.042750 
6905.904012 1.406710 0.039660 
6907.102510 1.564071 0.038781 
6908.301008 1.538344 0.038786 
6909.499505 1.468578 0.040943 
6910.698003 1.487780 0.044430 
6911.896501 1.669092 0.047736 
6913.094998 1.459761 0.047462 
6914.293496 1.518989 0.048075 
6915.491994 1.565760 0.046479 
6916.690491 1.494172 0.042632 
6917.888989 1.451107 0.039630 
6919.087487 1.454303 0.040326 
6920.285985 1.514496 0.045257 
6921.484482 1.612057 0.051199 
6922.682980 1.510336 0.054677 
6923.881478 1.578154 0.056851 
6925.079975 1.520973 0.056341 
6926.278473 1.421584 0.052272 
6927.476971 1.435451 0.047007 
6928.675468 1.524433 0.041997 
6929.873966 1.547671 0.038808 
6931.072464 1.479040 0.036739 
6932.270962 1.499456 0.035891 
6933.469459 1.433778 0.035294 
6934.667957 1.544439 0.036407 
6935.866455 1.523310 0.038079 
6937.064952 1.473633 0.040781 
6938.263450 1.561115 0.044140 
6939.461948 1.476711 0.045730 
6940.660445 1.525624 0.046790 
6941.858943 1.568281 0.046430 
6943.057441 1.456322 0.043719 
6944.255939 1.536300 0.042605 
6945.454436 1.538876 0.043830 
6946.652934 1.494799 0.048484 
6947.851432 1.540045 0.053743 
6949.049929 1.551712 0.057178 
6950.248427 1.543134 0.058146 
6951.446925 1.521238 0.056367 
6952.645423 1.438370 0.051427 
6953.843920 1.450891 0.045595 
6955.042418 1.513506 0.041491 
6956.240916 1.532913 0.038937 
6957.439413 1.528577 0.037511 
6958.637911 1.505921 0.036797 
6959.836409 1.456437 0.036107 
6961.034906 1.450495 0.035843 
6962.233404 1.500201 0.035939 
6963.431902 1.534316 0.036061 
6964.630400 1.502093 0.036108 
6965.828897 1.500253 0.036896 
6967.027395 1.441046 0.038148 
6968.225893 1.384113 0.039566 
6969.424390 1.424597 0.041042 
6970.622888 1.528895 0.042194 
6971.821386 1.520305 0.041892 
6973.019883 1.436890 0.038162 
6974.218381 1.409845 0.037256 
6975.416879 1.409059 0.041972 
6976.615377 1.396866 0.045071 
6977.813874 1.408432 0.047598 
6979.012372 1.480309 0.049119 
6980.210870 1.408844 0.048448 
6981.409367 1.426263 0.046356 
6982.607865 1.470444 0.042991 
6983.806363 1.463275 0.039356 
6985.004860 1.451757 0.036961 
6986.203358 1.504662 0.036080 
6987.401856 1.431902 0.035257 
6988.600354 1.388120 0.034899 
6989.798851 1.449781 0.035198 
6990.997349 1.430973 0.034930 
6992.195847 1.401178 0.034549 
6993.394344 1.443355 0.034669 
6994.592842 1.486534 0.035006 
6995.791340 1.486463 0.035222 
6996.989837 1.467498 0.035177 
6998.188335 1.475808 0.035418 
6999.386833 1.437531 0.035613 
7000.585331 1.352026 0.036008 
7001.783828 1.396552 0.037580 
7002.982326 1.359040 0.037970 
7004.180824 1.407956 0.038393 
7005.379321 1.478839 0.038961 
7006.577819 1.459126 0.038767 
7007.776317 1.440202 0.038747 
7008.974815 1.428961 0.039373 
7010.173312 1.385031 0.040260 
7011.371810 1.392700 0.041271 
7012.570308 1.320817 0.041279 
7013.768805 1.408998 0.040826 
7014.967303 1.438799 0.039017 
7016.165801 1.458337 0.037090 
7017.364298 1.479451 0.035683 
7018.562796 1.439696 0.034480 
7019.761294 1.405130 0.033706 
7020.959792 1.402426 0.033465 
7022.158289 1.393740 0.033392 
7023.356787 1.429501 0.033630 
7024.555285 1.332227 0.033106 
7025.753782 1.418505 0.033771 
7026.952280 1.366439 0.033429 
7028.150778 1.367688 0.033645 
7029.349275 1.370991 0.033703 
7030.547773 1.446239 0.034075 
7031.746271 1.397361 0.033595 
7032.944769 1.397044 0.033352 
7034.143266 1.374272 0.033036 
7035.341764 1.367718 0.032790 
7036.540262 1.359753 0.032785 
7037.738759 1.390408 0.030082 
7038.937257 1.416667 0.032926 
7040.135755 1.398074 0.034945 
7041.334252 1.326301 0.034963 
7042.532750 1.328515 0.035174 
7043.731248 1.333549 0.035698 
7044.929746 1.373663 0.036771 
7046.128243 1.371061 0.037698 
7047.326741 1.374192 0.038577 
7048.525239 1.338052 0.039102 
7049.723736 1.304989 0.039156 
7050.922234 1.280917 0.038516 
7052.120732 1.360683 0.038096 
7053.319230 1.355113 0.036875 
7054.517727 1.367609 0.035794 
7055.716225 1.320717 0.034646 
7056.914723 1.398895 0.034653 
7058.113220 1.417397 0.034567 
7059.311718 1.404838 0.034369 
7060.510216 1.329818 0.034040 
7061.708713 1.282861 0.034089 
7062.907211 1.374283 0.034997 
7064.105709 1.330142 0.035111 
7065.304207 1.297883 0.035127 
7066.502704 1.289604 0.035062 
7067.701202 1.333920 0.035619 
7068.899700 1.318783 0.034872 
7070.098197 1.316707 0.034579 
7071.296695 1.352409 0.034665 
7072.495193 1.277913 0.033936 
7073.693690 1.332728 0.034279 
7074.892188 1.287022 0.034003 
7076.090686 1.344424 0.034187 
7077.289184 1.324282 0.034197 
7078.487681 1.321919 0.034165 
7079.686179 1.303762 0.034330 
7080.884677 1.253304 0.034390 
7082.083174 1.190955 0.033903 
7083.281672 1.316667 0.034691 
7084.480170 1.279023 0.034461 
7085.678667 1.337511 0.034951 
7086.877165 1.291291 0.034911 
7088.075663 1.253571 0.034680 
7089.274161 1.310319 0.035033 
7090.472658 1.292522 0.034768 
7091.671156 1.276582 0.034346 
7092.869654 1.300449 0.033810 
7094.068151 1.276020 0.033927 
7095.266649 1.429510 0.035754 
7096.465147 1.326544 0.041823 
7097.663644 1.315480 0.047314 
7098.862142 1.304417 0.052804 
7100.060640 1.301002 0.055339 
7101.259138 1.343099 0.033628 
7102.457635 1.287296 0.032380 
7103.656133 1.366619 0.032847 
7104.854631 1.317157 0.032501 
7106.053128 1.261031 0.032041 
7107.251626 1.229551 0.031960 
7108.450124 1.231964 0.032011 
7109.648622 1.267668 0.032283 
7110.847119 1.279275 0.032445 
7112.045617 1.330539 0.032671 
7113.244115 1.263886 0.032321 
7114.442612 1.267239 0.032365 
7115.641110 1.275221 0.032363 
7116.839608 1.300894 0.032416 
7118.038105 1.282966 0.032237 
7119.236603 1.266439 0.032089 
7120.435101 1.289763 0.032178 
7121.633599 1.309646 0.030864 
7122.832096 1.298506 0.028277 
7124.030594 1.245809 0.032069 
7125.229092 1.280277 0.032540 
7126.427589 1.283225 0.032944 
7127.626087 1.317222 0.033401 
7128.824585 1.328962 0.033839 
7130.023082 1.273194 0.033590 
7131.221580 1.249380 0.033664 
7132.420078 1.247911 0.033591 
7133.618576 1.250589 0.033533 
7134.817073 1.261057 0.033423 
7136.015571 1.271665 0.033277 
7137.214069 1.251804 0.032925 
7138.412566 1.295497 0.033074 
7139.611064 1.276200 0.033102 
7140.809562 1.335131 0.033834 
7142.008059 1.334900 0.034424 
7143.206557 1.313330 0.034838 
7144.405055 1.340654 0.035490 
7145.603553 1.304220 0.035500 
7146.802050 1.219177 0.034818 
7148.000548 1.211730 0.034478 
7149.199046 1.245709 0.034136 
7150.397543 1.320287 0.034286 
7151.596041 1.279434 0.033530 
7152.794539 1.252223 0.032818 
7153.993037 1.305235 0.032886 
7155.191534 1.293082 0.035181 
7156.390032 1.347694 0.041414 
7157.588530 1.361679 0.041477 
7158.787027 1.375664 0.041540 
7159.985525 1.389649 0.041604 
7161.184023 1.403634 0.041667 
7162.382520 1.390262 0.039357 
7163.581018 1.326978 0.033987 
7164.779516 1.306420 0.033934 
7165.978014 1.303532 0.034076 
7167.176511 1.291048 0.034264 
7168.375009 1.297914 0.034470 
7169.573507 1.288289 0.034531 
7170.772004 1.275503 0.034623 
7171.970502 1.337666 0.035175 
7173.169000 1.398035 0.035832 
7174.367497 1.310162 0.035476 
7175.565995 1.325930 0.035755 
7176.764493 1.373446 0.036260 
7177.962991 1.339591 0.036191 
7179.161488 1.352952 0.036277 
7180.359986 1.323918 0.035799 
7181.558484 1.273228 0.034940 
7182.756981 1.320108 0.034903 
7183.955479 1.325431 0.034877 
7185.153977 1.328266 0.034851 
7186.352474 1.385850 0.035408 
7187.550972 1.422008 0.035748 
7188.749470 1.382699 0.035272 
7189.947968 1.370041 0.034429 
7191.146465 1.367257 0.033785 
7192.344963 1.346117 0.033890 
7193.543461 1.333879 0.034170 
7194.741958 1.330460 0.034282 
7195.940456 1.339781 0.034156 
7197.138954 1.344528 0.033892 
7198.337451 1.335350 0.033821 
7199.535949 1.378595 0.034273 
7200.734447 1.354110 0.034369 
7201.932945 1.355253 0.034621 
7203.131442 1.334152 0.034601 
7204.329940 1.328422 0.034200 
7205.528438 1.347014 0.034124 
7206.726935 1.344128 0.034051 
7207.925433 1.374523 0.034100 
7209.123931 1.348624 0.033533 
7210.322429 1.346318 0.033321 
7211.520926 1.365750 0.033079 
7212.719424 1.349392 0.032700 
7213.917922 1.337057 0.032384 
7215.116419 1.389244 0.032558 
7216.314917 1.379952 0.032542 
7217.513415 1.332635 0.032413 
7218.711912 1.390313 0.032953 
7219.910410 1.421351 0.033282 
7221.108908 1.344480 0.033032 
7222.307406 1.344266 0.033264 
7223.505903 1.352705 0.033476 
7224.704401 1.310422 0.033493 
7225.902899 1.363786 0.034038 
7227.101396 1.345479 0.034008 
7228.299894 1.317329 0.033774 
7229.498392 1.327472 0.033997 
7230.696889 1.322000 0.034059 
7231.895387 1.288311 0.034185 
7233.093885 1.298523 0.035035 
7234.292383 1.379133 0.037841 
7235.490880 1.364395 0.043555 
7236.689378 1.391191 0.053200 
7237.887876 1.542367 0.064014 
7239.086373 1.415680 0.072090 
7240.284871 1.254901 0.078481 
7241.483369 1.463519 0.085905 
7242.681866 1.328952 0.089822 
7243.880364 1.376999 0.089824 
7245.078862 1.182140 0.086207 
7246.277360 1.211570 0.081238 
7247.475857 1.383456 0.074535 
7248.674355 1.325174 0.065438 
7249.872853 1.375969 0.056584 
7251.071350 1.249866 0.049951 
7252.269848 1.374074 0.048187 
7253.468346 1.367786 0.048534 
7254.666844 1.318507 0.048848 
7255.865341 1.405057 0.047695 
7257.063839 1.302823 0.044061 
7258.262337 1.321391 0.040641 
7259.460834 1.361777 0.038496 
7260.659332 1.335691 0.036565 
7261.857830 1.359792 0.035792 
7263.056327 1.290366 0.035197 
7264.254825 1.319891 0.035914 
7265.453323 1.359528 0.036998 
7266.651821 1.402640 0.037891 
7267.850318 1.299699 0.037296 
7269.048816 1.366864 0.037476 
7270.247314 1.358007 0.037612 
7271.445811 1.395496 0.041256 
7272.644309 1.381973 0.051119 
7273.842807 1.372380 0.066188 
7275.041304 1.143004 0.079423 
7276.239802 1.488651 0.089684 
7277.438300 1.529441 0.094010 
7278.636798 1.411400 0.091580 
7279.835295 1.437930 0.081448 
7281.033793 1.399759 0.069256 
7282.232291 1.242927 0.061366 
7283.430788 1.312825 0.059157 
7284.629286 1.395027 0.059330 
7285.827784 1.308584 0.058745 
7287.026281 1.281566 0.056252 
7288.224779 1.443292 0.052183 
7289.423277 1.245527 0.046652 
7290.621775 1.384717 0.041915 
7291.820272 1.281309 0.039264 
7293.018770 1.274654 0.039879 
7294.217268 1.312083 0.041768 
7295.415765 1.310278 0.043041 
7296.614263 1.396008 0.043796 
7297.812761 1.408881 0.043106 
7299.011258 1.343022 0.041859 
7300.209756 1.243187 0.041688 
7301.408254 1.278133 0.044172 
7302.606752 1.367080 0.047941 
7303.805249 1.362394 0.050382 
7305.003747 1.339711 0.051351 
7306.202245 1.318106 0.049937 
7307.400742 1.341474 0.046404 
7308.599240 1.323696 0.042262 
7309.797738 1.272862 0.039251 
7310.996236 1.284023 0.039211 
7312.194733 1.326175 0.044454 
7313.393231 1.284064 0.054656 
7314.591729 1.331191 0.065937 
7315.790226 1.350720 0.073453 
7316.988724 1.340510 0.077241 
7318.187222 1.477345 0.078100 
7319.385719 1.538397 0.072507 
7320.584217 1.409127 0.061223 
7321.782715 1.397358 0.049622 
7322.981213 1.290445 0.040627 
7324.179710 1.289263 0.036431 
7325.378208 1.296490 0.037969 
7326.576706 1.337977 0.043742 
7327.775203 1.373000 0.049834 
7328.973701 1.365149 0.054068 
7330.172199 1.323273 0.055872 
7331.370696 1.396635 0.055307 
7332.569194 1.373407 0.051373 
7333.767692 1.287220 0.045425 
7334.966190 1.346565 0.040861 
7336.164687 1.341746 0.040630 
7337.363185 1.379890 0.048431 
7338.561683 1.310146 0.060846 
7339.760180 1.212280 0.071696 
7340.958678 1.271674 0.078886 
7342.157176 1.315554 0.081476 
7343.355673 1.339853 0.078443 
7344.554171 1.357365 0.069296 
7345.752669 1.323609 0.057237 
7346.951167 1.290599 0.046408 
7348.149664 1.318382 0.039208 
7349.348162 1.329753 0.035998 
7350.546660 1.326277 0.035111 
7351.745157 1.297017 0.034678 
7352.943655 1.294283 0.034740 
7354.142153 1.341758 0.036342 
7355.340651 1.322882 0.039910 
7356.539148 1.316273 0.045056 
7357.737646 1.355096 0.049830 
7358.936144 1.292379 0.052276 
7360.134641 1.274983 0.052728 
7361.333139 1.285967 0.050860 
7362.531637 1.285327 0.046715 
7363.730134 1.305826 0.042485 
7364.928632 1.331528 0.042141 
7366.127130 1.351071 0.048623 
7367.325628 1.226805 0.058208 
7368.524125 1.264434 0.066560 
7369.722623 1.343590 0.071835 
7370.921121 1.407528 0.073089 
7372.119618 1.371218 0.069121 
7373.318116 1.521664 0.061196 
7374.516614 1.575145 0.054691 
7375.715111 1.482718 0.049596 
7376.913609 1.390292 0.044501 
7378.112107 1.354574 0.039554 
7379.310605 1.370683 0.034743 
7380.509102 1.419170 0.033277 
7381.707600 1.340187 0.032755 
7382.906098 1.322417 0.032652 
7384.104595 1.280731 0.032487 
7385.303093 1.286669 0.032665 
7386.501591 1.275212 0.032807 
7387.700088 1.303730 0.034174 
7388.898586 1.257876 0.037195 
7390.097084 1.274216 0.041603 
7391.295582 1.282771 0.045224 
7392.494079 1.211970 0.046850 
7393.692577 1.239920 0.047264 
7394.891075 1.346554 0.046172 
7396.089572 1.276299 0.042396 
7397.288070 1.314731 0.040329 
7398.486568 1.274793 0.042848 
7399.685066 1.247419 0.048845 
7400.883563 1.204110 0.054324 
7402.082061 1.315612 0.058620 
7403.280559 1.283775 0.059477 
7404.479056 1.328481 0.057353 
7405.677554 1.323176 0.051136 
7406.876052 1.318021 0.043858 
7408.074549 1.342054 0.037959 
7409.273047 1.335495 0.034271 
7410.471545 1.337222 0.033049 
7411.670043 1.273128 0.032550 
7412.868540 1.351386 0.033339 
7414.067038 1.356012 0.033609 
7415.265536 1.300775 0.033150 
7416.464033 1.319129 0.033138 
7417.662531 1.387598 0.033262 
7418.861029 1.320711 0.032579 
7420.059526 1.335898 0.032467 
7421.258024 1.348693 0.032587 
7422.456522 1.289527 0.032229 
7423.655020 1.244798 0.031844 
7424.853517 1.284054 0.032342 
7426.052015 1.245482 0.033318 
7427.250513 1.342186 0.036128 
7428.449010 1.321470 0.038522 
7429.647508 1.331331 0.040058 
7430.846006 1.329135 0.040638 
7432.044503 1.239969 0.039828 
7433.243001 1.331614 0.039070 
7434.441499 1.307602 0.037977 
7435.639997 1.298386 0.039870 
7436.838494 1.308658 0.043284 
7438.036992 1.230015 0.045935 
7439.235490 1.291680 0.047763 
7440.433987 1.370282 0.048116 
7441.632485 1.315918 0.045077 
7442.830983 1.349563 0.041863 
7444.029480 1.250426 0.037062 
7445.227978 1.246268 0.033886 
7446.426476 1.266616 0.032440 
7447.624974 1.278324 0.031326 
7448.823471 1.269911 0.031149 
7450.021969 1.307192 0.031491 
7451.220467 1.376857 0.031896 
7452.418964 1.271762 0.031378 
7453.617462 1.243511 0.031086 
7454.815960 1.310554 0.031660 
7456.014458 1.187794 0.031490 
7457.212955 1.247828 0.031814 
7458.411453 1.286525 0.032724 
7459.609951 1.296816 0.033984 
7460.808448 1.313143 0.035249 
7462.006946 1.253841 0.036442 
7463.205444 1.342463 0.038632 
7464.403941 1.306898 0.040237 
7465.602439 1.164557 0.040636 
7466.800937 1.344916 0.042093 
7467.999435 1.341577 0.042963 
7469.197932 1.241139 0.043575 
7470.396430 1.242266 0.045376 
7471.594928 1.245816 0.047495 
7472.793425 1.236806 0.049110 
7473.991923 1.433626 0.050229 
7475.190421 1.366388 0.049240 
7476.388918 1.290691 0.047941 
7477.587416 1.306687 0.048175 
7478.785914 1.418180 0.047875 
7479.984412 1.310505 0.048788 
7481.182909 1.291873 0.051256 
7482.381407 1.478558 0.053882 
7483.579905 1.352567 0.052790 
7484.778402 1.261791 0.050481 
7485.976900 1.312529 0.047740 
7487.175398 1.448481 0.044613 
7488.373895 1.335855 0.039636 
7489.572393 1.330574 0.036482 
7490.770891 1.256093 0.035398 
7491.969389 1.272570 0.036058 
7493.167886 1.309349 0.037139 
7494.366384 1.294159 0.037504 
7495.564882 1.370759 0.037985 
7496.763379 1.269532 0.036546 
7497.961877 1.375686 0.035620 
7499.160375 1.328202 0.033744 
7500.358873 1.255489 0.032524 
7501.557370 1.294718 0.032202 
7502.755868 1.252260 0.031515 
7503.954366 1.231752 0.031167 
7505.152863 1.203356 0.030959 
7506.351361 1.275906 0.031224 
7507.549859 1.220497 0.031019 
7508.748356 1.258354 0.031168 
7509.946854 1.284776 0.031404 
7511.145352 1.300408 0.031367 
7512.343850 1.312260 0.031580 
7513.542347 1.310067 0.031926 
7514.740845 1.283207 0.032640 
7515.939343 1.230123 0.033162 
7517.137840 1.335364 0.034649 
7518.336338 1.259334 0.035456 
7519.534836 1.290358 0.039056 
7520.733333 1.303640 0.046549 
7521.931831 1.270485 0.056260 
7523.130329 1.286890 0.069599 
7524.328827 1.284302 0.077236 
7525.527324 1.257840 0.069416 
7526.725822 1.207055 0.066710 
7527.924320 1.258347 0.061617 
7529.122817 1.335326 0.055733 
7530.321315 1.357493 0.050909 
7531.519813 1.260164 0.047504 
7532.718310 1.264454 0.045290 
7533.916808 1.319962 0.042992 
7535.115306 1.286388 0.039442 
7536.313804 1.339334 0.036770 
7537.512301 1.289789 0.035331 
7538.710799 1.286786 0.035391 
7539.909297 1.324007 0.036068 
7541.107794 1.254264 0.036069 
7542.306292 1.257989 0.036037 
7543.504790 1.344211 0.035851 
7544.703287 1.267732 0.034198 
7545.901785 1.265151 0.033056 
7547.100283 1.300083 0.032484 
7548.298781 1.293594 0.032219 
7549.497278 1.247343 0.031913 
7550.695776 1.243722 0.032014 
7551.894274 1.328021 0.032819 
7553.092771 1.272239 0.033347 
7554.291269 1.260655 0.035347 
7555.489767 1.309765 0.038378 
7556.688265 1.393419 0.040807 
7557.886762 1.299846 0.041565 
7559.085260 1.277557 0.041892 
7560.283758 1.350179 0.041215 
7561.482255 1.342127 0.038736 
7562.680753 1.339581 0.036108 
7563.879251 1.310624 0.034303 
7565.077748 1.290181 0.033584 
7566.276246 1.280667 0.034113 
7567.474744 1.322272 0.037070 
7568.673242 1.389162 0.043958 
7569.871739 1.308276 0.050948 
7571.070237 1.233532 0.056702 
7572.268735 1.358831 0.060601 
7573.467232 1.353411 0.061167 
7574.665730 1.392146 0.058133 
7575.864228 1.307717 0.050877 
7577.062725 1.434201 0.048004 
7578.261223 1.632127 0.046637 
7579.459721 1.830054 0.045270 
7580.658219 2.027981 0.043904 
7581.856716 1.486164 0.035214 
7583.055214 1.276688 0.035329 
7584.253712 1.350315 0.039300 
7585.452209 1.279821 0.041979 
7586.650707 1.243478 0.043540 
7587.849205 1.300231 0.044214 
7589.047702 1.336153 0.042971 
7590.246200 1.346486 0.039960 
7591.444698 1.218081 0.036122 
7592.643196 1.190069 0.034242 
7593.841693 1.177376 0.035036 
7595.040191 1.155260 0.040814 
7596.238689 1.122860 0.051247 
7597.437186 1.280964 0.064326 
7598.635684 1.238337 0.074749 
7599.834182 1.183346 0.083034 
7601.032680 1.134865 0.087382 
7602.231177 1.080440 0.086159 
7603.429675 1.156771 0.081024 
7604.628173 1.154570 0.074021 
7605.826670 1.088627 0.068040 
7607.025168 1.337422 0.067393 
7608.223666 1.176500 0.064629 
7609.422163 1.218736 0.063426 
7610.620661 1.162275 0.060274 
7611.819159 1.274022 0.058231 
7613.017657 1.166923 0.053802 
7614.216154 1.252439 0.053863 
7615.414652 1.915682 0.122430 
7616.613150 1.739131 0.115484 
7617.811647 1.478276 0.100725 
7619.010145 1.309472 0.054533 
7620.208643 1.197967 0.046907 
7621.407140 1.106420 0.054732 
7622.605638 1.238979 0.046182 
7623.804136 1.232350 0.047372 
7625.002634 1.205638 0.051373 
7626.201131 1.147556 0.058055 
7627.399629 1.147517 0.065049 
7628.598127 1.223096 0.070565 
7629.796624 1.247840 0.073487 
7630.995122 1.075989 0.071769 
7632.193620 1.243977 0.065820 
7633.392117 1.204582 0.058179 
7634.590615 1.248078 0.051154 
7635.789113 1.193370 0.045693 
7636.987611 1.071974 0.042281 
7638.186108 1.167450 0.041795 
7639.384606 1.215238 0.040854 
7640.583104 1.235030 0.040848 
7641.781601 1.271535 0.041020 
7642.980099 1.178464 0.039460 
7644.178597 1.184819 0.038787 
7645.377094 1.226136 0.040793 
7646.575592 1.184895 0.044271 
7647.774090 1.086941 0.045563 
7648.972588 1.060999 0.043471 
7650.171085 1.040879 0.049386 
7651.369583 0.916790 0.126823 
7652.568081 0.985039 0.146813 
7653.766578 1.068771 0.099765 
7654.965076 1.087027 0.061187 
7656.163574 1.091123 0.045850 
7657.362072 1.226794 0.046160 
7658.560569 1.177334 0.052737 
7659.759067 1.374748 0.069943 
7660.957565 1.383238 0.081489 
7662.156062 1.021922 0.063204 
7663.354560 1.144953 0.061282 
7664.553058 1.256279 0.055902 
7665.751555 1.277833 0.045203 
7666.950053 1.201211 0.039983 
7668.148551 1.204764 0.036373 
7669.347049 1.201635 0.033718 
7670.545546 1.210626 0.032513 
7671.744044 1.189702 0.032261 
7672.942542 1.198605 0.032439 
7674.141039 1.204932 0.032416 
7675.339537 1.164456 0.031712 
7676.538035 1.163813 0.031452 
7677.736532 1.159130 0.031585 
7678.935030 1.184173 0.032178 
7680.133528 1.192338 0.032782 
7681.332026 1.198928 0.033803 
7682.530523 1.189972 0.035581 
7683.729021 1.200507 0.037938 
7684.927519 1.182881 0.040066 
7686.126016 1.193882 0.041585 
7687.324514 1.259283 0.042603 
7688.523012 1.275828 0.043029 
7689.721509 1.135079 0.047654 
7690.920007 1.209867 0.059301 
7692.118505 1.408409 0.061961 
7693.317003 1.252907 0.058912 
7694.515500 1.118535 0.052520 
7695.713998 1.124464 0.042672 
7696.912496 1.218200 0.038704 
7698.110993 1.123521 0.041592 
7699.309491 1.137534 0.042304 
7700.507989 1.236652 0.040072 
7701.706487 1.197129 0.039095 
7702.904984 1.189401 0.037910 
7704.103482 1.193991 0.036369 
7705.301980 1.222977 0.034838 
7706.500477 1.233862 0.033847 
7707.698975 1.261507 0.036709 
7708.897473 1.246990 0.066227 
7710.095970 1.114988 0.085145 
7711.294468 1.238927 0.085770 
7712.492966 1.489676 0.082303 
7713.691464 1.434907 0.087449 
7714.889961 1.274665 0.093449 
7716.088459 1.246256 0.095919 
7717.286957 1.372238 0.094675 
7718.485454 1.351912 0.089779 
7719.683952 1.621836 0.082851 
7720.882450 1.777941 0.072823 
7722.080947 1.871025 0.063454 
7723.279445 1.873364 0.057194 
7724.477943 1.769403 0.054592 
7725.676441 1.607212 0.053446 
7726.874938 1.328795 0.051829 
7728.073436 1.177075 0.049665 
7729.271934 1.286221 0.047006 
7730.470431 1.240640 0.042797 
7731.668929 1.155316 0.039503 
7732.867427 1.099950 0.037778 
7734.065924 1.159229 0.037970 
7735.264422 1.206384 0.038495 
7736.462920 1.249747 0.038862 
7737.661418 1.230934 0.038894 
7738.859915 1.111494 0.037839 
7740.058413 1.128035 0.037158 
7741.256911 1.160120 0.036709 
7742.455408 1.128774 0.036160 
7743.653906 1.172478 0.035953 
7744.852404 1.241104 0.036539 
7746.050901 1.178801 0.040417 
7747.249399 1.224672 0.052606 
7748.447897 1.406860 0.069757 
7749.646395 1.352781 0.083736 
7750.844892 1.245509 0.092037 
7752.043390 1.210954 0.094910 
7753.241888 1.388461 0.091952 
7754.440385 1.054949 0.079778 
7755.638883 1.030049 0.065535 
7756.837381 1.138884 0.056898 
7758.035879 1.160583 0.055386 
7759.234376 1.208797 0.057647 
7760.432874 1.215368 0.059743 
7761.631372 1.095512 0.059871 
7762.829869 1.191837 0.057591 
7764.028367 1.121260 0.051403 
7765.226865 1.086828 0.044117 
7766.425362 1.190787 0.039219 
7767.623860 1.209788 0.036306 
7768.822358 1.180734 0.036101 
7770.020856 1.151116 0.039045 
7771.219353 1.101146 0.043652 
7772.417851 1.161163 0.048231 
7773.616349 1.130309 0.050903 
7774.814846 1.112685 0.051920 
7776.013344 1.143801 0.051518 
7777.211842 1.160802 0.050761 
7778.410339 1.163916 0.051088 
7779.608837 1.118670 0.051557 
7780.807335 1.177871 0.052351 
7782.005833 1.256606 0.053028 
7783.204330 1.195279 0.051370 
7784.402828 1.136064 0.047521 
7785.601326 1.214172 0.043175 
7786.799823 1.133151 0.039329 
7787.998321 1.114920 0.037712 
7789.196819 1.191710 0.039093 
7790.395316 1.030311 0.044234 
7791.593814 0.952751 0.056143 
7792.792312 1.247568 0.069845 
7793.990810 1.221933 0.077808 
7795.189307 1.214135 0.080824 
7796.387805 1.191484 0.080154 
7797.586303 1.183163 0.073042 
7798.784800 1.139450 0.076531 
7799.983298 1.170922 0.048875 
7801.181796 1.068559 0.039520 
7802.380294 1.131088 0.034792 
7803.578791 1.090761 0.033612 
7804.777289 1.096042 0.036209 
7805.975787 1.157345 0.043126 
7807.174284 1.094960 0.049736 
7808.372782 1.111690 0.054249 
7809.571280 1.074315 0.056421 
7810.769777 1.133519 0.056537 
7811.968275 1.152880 0.053411 
7813.166773 1.173330 0.047797 
7814.365271 1.168259 0.042169 
7815.563768 1.086395 0.038123 
7816.762266 1.105483 0.038384 
7817.960764 1.169513 0.046511 
7819.159261 1.134729 0.061192 
7820.357759 1.287747 0.075919 
7821.556257 1.147933 0.084274 
7822.754754 1.093415 0.088031 
7823.953252 1.219766 0.086736 
7825.151750 1.148568 0.077729 
7826.350248 1.055348 0.063647 
7827.548745 0.987879 0.050249 
7828.747243 1.026435 0.041032 
7829.945741 1.114041 0.036287 
7831.144238 1.180933 0.034991 
7832.342736 1.235010 0.034897 
7833.541234 1.126612 0.033841 
7834.739731 1.141376 0.033696 
7835.938229 1.116863 0.033662 
7837.136727 1.166593 0.035508 
7838.335225 1.143757 0.039730 
7839.533722 1.215110 0.046610 
7840.732220 1.140949 0.051283 
7841.930718 1.140088 0.054129 
7843.129215 1.182268 0.054878 
7844.327713 1.094676 0.052269 
7845.526211 1.126427 0.047762 
7846.724708 1.166960 0.043968 
7847.923206 1.172624 0.043648 
7849.121704 1.246780 0.048699 
7850.320202 1.287933 0.061170 
7851.518699 1.079828 0.076164 
7852.717197 1.035395 0.093182 
7853.915695 1.128808 0.105409 
7855.114192 1.041614 0.095488 
7856.312690 1.120840 0.092008 
7857.511188 1.148231 0.084334 
7858.709686 1.048756 0.076882 
7859.908183 1.050623 0.072291 
7861.106681 1.110799 0.069339 
7862.305179 1.168995 0.066855 
7863.503676 1.132227 0.063010 
7864.702174 1.172750 0.057994 
7865.900672 1.202688 0.054172 
7867.099169 1.172229 0.054856 
7868.297667 1.169173 0.060810 
7869.496165 1.149941 0.067819 
7870.694663 1.108084 0.071847 
7871.893160 1.096555 0.072186 
7873.091658 1.010926 0.068795 
7874.290156 0.970774 0.061895 
7875.488653 1.001457 0.054558 
7876.687151 1.039167 0.050895 
7877.885649 1.100224 0.051545 
7879.084146 1.158769 0.055028 
7880.282644 1.166004 0.058666 
7881.481142 1.075900 0.060001 
7882.679640 1.058847 0.058416 
7883.878137 1.075502 0.054912 
7885.076635 1.122252 0.051499 
7886.275133 1.159596 0.050506 
7887.473630 1.170249 0.054529 
7888.672128 1.116144 0.060594 
7889.870626 1.089385 0.065218 
7891.069123 1.151394 0.067691 
7892.267621 1.150879 0.066675 
7893.466119 1.138171 0.061448 
7894.664617 1.105997 0.053132 
7895.863114 1.120886 0.045313 
7897.061612 1.110709 0.039388 
7898.260110 1.067630 0.035780 
7899.458607 1.081060 0.034343 
7900.657105 1.093009 0.033772 
7901.855603 1.171319 0.034127 
7903.054101 1.252343 0.034597 
7904.252598 1.198506 0.034335 
7905.451096 1.190888 0.039050 
7906.649594 1.203851 0.035799 
7907.848091 1.111868 0.034987 
7909.046589 1.181968 0.040848 
7910.245087 1.199958 0.055344 
7911.443584 1.143528 0.077052 
7912.642082 1.135670 0.094939 
7913.840580 1.177094 0.105893 
7915.039078 1.174619 0.109300 
7916.237575 1.085498 0.106034 
7917.436073 1.102679 0.096514 
7918.634571 1.102642 0.085361 
7919.833068 1.104201 0.078437 
7921.031566 1.147064 0.075424 
7922.230064 1.206181 0.074029 
7923.428561 1.104596 0.071236 
7924.627059 1.117464 0.064600 
7925.825557 1.052702 0.054531 
7927.024055 0.975460 0.046477 
7928.222552 1.081040 0.045647 
7929.421050 1.125730 0.050669 
7930.619548 1.104449 0.056154 
7931.818045 1.000113 0.059465 
7933.016543 1.084068 0.060390 
7934.215041 1.065457 0.057939 
7935.413538 0.917990 0.051142 
7936.612036 1.062613 0.044304 
7937.810534 1.080801 0.038110 
7939.009032 1.142256 0.034558 
7940.207529 1.075126 0.032746 
7941.406027 1.102816 0.032870 
7942.604525 1.040452 0.033113 
7943.803022 1.068826 0.034614 
7945.001520 1.000548 0.036224 
7946.200018 1.078737 0.041690 
7947.398515 1.055526 0.048214 
7948.597013 1.043136 0.052741 
7949.795511 1.192718 0.055518 
7950.994009 1.063744 0.055270 
7952.192506 1.055796 0.052696 
7953.391004 1.115140 0.047567 
7954.589502 1.069353 0.040951 
7955.787999 0.983241 0.035221 
7956.986497 1.089634 0.032608 
7958.184995 1.139307 0.031817 
7959.383493 1.091974 0.032685 
7960.581990 1.065494 0.038575 
7961.780488 1.025713 0.053742 
7962.978986 1.135494 0.071264 
7964.177483 1.218375 0.084716 
7965.375981 1.181615 0.091943 
7966.574479 1.204795 0.093676 
7967.772976 0.819113 0.086579 
7968.971474 0.801825 0.073592 
7970.169972 0.990957 0.059486 
7971.368470 1.009251 0.046933 
7972.566967 1.009016 0.038650 
7973.765465 1.047786 0.036145 
7974.963963 1.102969 0.038192 
7976.162460 1.107977 0.043517 
7977.360958 1.155823 0.051848 
7978.559456 1.093775 0.059307 
7979.757953 1.141961 0.063841 
7980.956451 1.103630 0.064393 
7982.154949 1.071594 0.079618 
7983.353447 1.057220 0.055772 
7984.551944 1.018393 0.047316 
7985.750442 1.010784 0.040299 
7986.948940 0.988394 0.035783 
7988.147437 1.030576 0.035606 
7989.345935 1.099448 0.042358 
7990.544433 1.139695 0.058058 
7991.742930 1.087136 0.075928 
7992.941428 1.090203 0.088954 
7994.139926 1.102670 0.095727 
7995.338424 0.981029 0.096126 
7996.536921 0.994512 0.089597 
7997.735419 0.948428 0.074930 
7998.933917 0.973521 0.058519 
8000.132414 1.003113 0.045282 
8001.330912 1.053219 0.037138 
8002.529410 0.991628 0.033363 
8003.727908 1.039408 0.032735 
8004.926405 1.057349 0.032446 
8006.124903 1.087060 0.032702 
8007.323401 1.034901 0.032051 
8008.521898 0.998844 0.032079 
8009.720396 1.018502 0.033570 
8010.918894 1.068540 0.038272 
8012.117391 1.065779 0.045241 
8013.315889 0.999462 0.051244 
8014.514387 0.944977 0.054809 
8015.712885 1.105428 0.056453 
8016.911382 1.035500 0.054737 
8018.109880 0.945231 0.049907 
8019.308378 0.967681 0.044348 
8020.506875 1.017592 0.040564 
8021.705373 1.034489 0.041962 
8022.903871 1.025550 0.051269 
8024.102368 1.112329 0.064973 
8025.300866 1.009745 0.075175 
8026.499364 1.130054 0.086079 
8027.697862 1.097652 0.093497 
8028.896359 0.992607 0.078571 
8030.094857 0.938476 0.068645 
8031.293355 0.950697 0.056380 
8032.491852 0.948767 0.045584 
8033.690350 1.053184 0.038774 
8034.888848 1.092849 0.035355 
8036.087345 1.079885 0.033457 
8037.285843 1.032330 0.032082 
8038.484341 1.023041 0.031434 
8039.682839 1.044497 0.031237 
8040.881336 1.024730 0.030965 
8042.079834 1.001714 0.030765 
8043.278332 0.993652 0.030687 
8044.476829 1.001686 0.030675 
8045.675327 1.023988 0.030892 
8046.873825 1.054145 0.031651 
8048.072322 1.005893 0.033187 
8049.270820 1.001329 0.036937 
8050.469318 1.037914 0.041806 
8051.667816 1.015261 0.045155 
8052.866313 1.019266 0.046821 
8054.064811 1.033803 0.046724 
8055.263309 1.047395 0.044409 
8056.461806 1.051400 0.040391 
8057.660304 1.020648 0.041807 
8058.858802 0.977298 0.043793 
8060.057300 0.895555 0.051421 
8061.255797 1.019448 0.066163 
8062.454295 1.215705 0.073520 
8063.652793 1.110755 0.069186 
8064.851290 0.977913 0.059622 
8066.049788 0.973044 0.053303 
8067.248286 1.040299 0.045478 
8068.446783 0.990102 0.037852 
8069.645281 0.962665 0.032757 
8070.843779 1.010211 0.030854 
8072.042277 1.010777 0.033858 
8073.240774 1.036559 0.032210 
8074.439272 1.001372 0.030917 
8075.637770 1.011121 0.031567 
8076.836267 0.964691 0.031613 
8078.034765 0.978730 0.031764 
8079.233263 0.960504 0.031444 
8080.431760 1.003298 0.031437 
8081.630258 1.037044 0.031596 
8082.828756 1.030298 0.031734 
8084.027254 1.036145 0.032380 
8085.225751 1.011440 0.032457 
8086.424249 0.977706 0.032428 
8087.622747 0.956875 0.032338 
8088.821244 0.966708 0.031770 
8090.019742 1.008929 0.031819 
8091.218240 1.039694 0.033390 
8092.416737 0.955887 0.035127 
8093.615235 0.963777 0.037146 
8094.813733 0.956144 0.038230 
8096.012231 0.992358 0.038461 
8097.210728 0.970577 0.037442 
8098.409226 0.966817 0.036285 
8099.607724 1.004380 0.036989 
8100.806221 0.958525 0.039505 
8102.004719 0.934759 0.042446 
8103.203217 1.023800 0.045091 
8104.401715 0.946690 0.045258 
8105.600212 0.958309 0.044058 
8106.798710 1.023964 0.041165 
8107.997208 1.002886 0.036888 
8109.195705 1.033887 0.033764 
8110.394203 1.007954 0.031705 
8111.592701 1.008886 0.030915 
8112.791198 1.010311 0.030676 
8113.989696 1.020137 0.030437 
8115.188194 0.984833 0.030061 
8116.386692 0.983304 0.029758 
8117.585189 0.965989 0.029528 
8118.783687 0.992397 0.029564 
8119.982185 0.967148 0.029322 
8121.180682 0.964108 0.029452 
8122.379180 1.003339 0.030042 
8123.577678 1.029461 0.030303 
8124.776175 0.955211 0.029955 
8125.974673 0.978684 0.030266 
8127.173171 1.056103 0.030890 
8128.371669 0.997493 0.030643 
8129.570166 0.999576 0.030809 
8130.768664 0.996320 0.030990 
8131.967162 1.000277 0.031276 
8133.165659 1.000891 0.031438 
8134.364157 1.004939 0.031876 
8135.562655 0.973815 0.032448 
8136.761152 0.957702 0.033464 
8137.959650 0.987025 0.042686 
8139.158148 0.996430 0.035788 
8140.356646 0.994303 0.035967 
8141.555143 0.969680 0.035726 
8142.753641 0.995707 0.035540 
8143.952139 1.072711 0.035693 
8145.150636 0.947190 0.035460 
8146.349134 1.028646 0.036935 
8147.547632 0.980183 0.037606 
8148.746129 0.963112 0.037893 
8149.944627 0.947039 0.037308 
8151.143125 0.967496 0.034986 
8152.341623 1.007277 0.033365 
8153.540120 1.021726 0.031555 
8154.738618 0.969321 0.030482 
8155.937116 1.027500 0.030558 
8157.135613 1.007519 0.030476 
8158.334111 0.945699 0.029926 
8159.532609 0.998038 0.030011 
8160.731107 0.913289 0.029499 
8161.929604 0.960529 0.030309 
8163.128102 0.932531 0.030680 
8164.326600 0.982747 0.031386 
8165.525097 0.995077 0.031462 
8166.723595 0.950559 0.030827 
8167.922093 0.983900 0.030541 
8169.120590 1.005886 0.030487 
8170.319088 0.973514 0.030464 
8171.517586 0.985579 0.030587 
8172.716084 0.878380 0.029755 
8173.914581 0.983482 0.030046 
8175.113079 0.919010 0.029271 
8176.311577 0.965753 0.029710 
8177.510074 0.956302 0.030224 
8178.708572 0.956813 0.031205 
8179.907070 0.924353 0.035978 
8181.105567 0.951413 0.031082 
8182.304065 0.943953 0.030634 
8183.502563 0.950425 0.030229 
8184.701061 0.982314 0.030219 
8185.899558 0.965037 0.030473 
8187.098056 0.979442 0.031192 
8188.296554 0.960029 0.031788 
8189.495051 0.940160 0.032315 
8190.693549 0.939274 0.032482 
8191.892047 0.960089 0.032600 
8193.090544 0.940725 0.032380 
8194.289042 0.945422 0.032391 
8195.487540 0.919021 0.032322 
8196.686038 0.939002 0.032451 
8197.884535 0.947672 0.032491 
8199.083033 0.934536 0.032054 
8200.281531 0.931599 0.031360 
8201.480028 0.929648 0.030574 
8202.678526 0.941438 0.030016 
8203.877024 0.927239 0.029458 
8205.075522 0.932990 0.029268 
8206.274019 0.980455 0.029663 
8207.472517 0.973178 0.029633 
8208.671015 0.933689 0.029287 
8209.869512 0.960574 0.029563 
8211.068010 0.976478 0.032761 
8212.266508 0.980925 0.038290 
8213.465005 0.990322 0.036584 
8214.663503 0.958269 0.034923 
8215.862001 0.914160 0.029111 
8217.060499 0.912790 0.028798 
8218.258996 0.895239 0.028649 
8219.457494 0.930070 0.031310 
8220.655992 0.923730 0.031784 
8221.854489 0.951021 0.029610 
8223.052987 0.966578 0.029923 
8224.251485 0.933916 0.029986 
8225.449982 0.914456 0.030218 
8226.648480 0.933133 0.030697 
8227.846978 0.975993 0.031647 
8229.045476 0.989526 0.032348 
8230.243973 0.991282 0.032561 
8231.442471 0.970392 0.032333 
8232.640969 0.917368 0.031516 
8233.839466 0.915595 0.030928 
8235.037964 0.970445 0.030831 
8236.236462 0.953083 0.030160 
8237.434959 0.905912 0.029513 
8238.633457 0.925278 0.029648 
8239.831955 0.935944 0.029934 
8241.030453 0.933327 0.030287 
8242.228950 0.971678 0.030985 
8243.427448 0.954709 0.031227 
8244.625946 0.929681 0.031392 
8245.824443 0.910341 0.031534 
8247.022941 0.884260 0.031250 
8248.221439 0.874652 0.030914 
8249.419937 0.866871 0.030560 
8250.618434 0.912437 0.030461 
8251.816932 0.937876 0.030285 
8253.015430 0.909649 0.029946 
8254.213927 0.928877 0.030069 
8255.412425 0.966245 0.030360 
8256.610923 0.934558 0.030119 
8257.809420 0.919250 0.030157 
8259.007918 0.866442 0.029891 
8260.206416 0.901154 0.029774 
8261.404914 0.901943 0.029525 
8262.603411 0.859790 0.028907 
8263.801909 0.906271 0.028974 
8265.000407 0.913338 0.029028 
8266.198904 0.906397 0.028889 
8267.397402 0.909203 0.028830 
8268.595900 0.867451 0.028641 
8269.794397 0.862037 0.028744 
8270.992895 0.862915 0.028871 
8272.191393 0.872182 0.029251 
8273.389891 0.861098 0.030069 
8274.588388 0.866074 0.032628 
8275.786886 0.944125 0.038515 
8276.985384 1.019654 0.046591 
8278.183881 1.045527 0.055923 
8279.382379 0.876595 0.065475 
8280.580877 0.826971 0.088088 
8281.779374 0.834772 0.082658 
8282.977872 0.893233 0.080548 
8284.176370 0.878978 0.078992 
8285.374868 0.819575 0.077632 
8286.573365 0.819589 0.079913 
8287.771863 0.982115 0.085100 
8288.970361 0.975243 0.089428 
8290.168858 0.952753 0.089775 
8291.367356 0.870519 0.084436 
8292.565854 0.948595 0.074553 
8293.764351 0.868663 0.064216 
8294.962849 0.698751 0.060391 
8296.161347 0.793428 0.068764 
8297.359845 1.111225 0.083029 
8298.558342 0.845563 0.092103 
8299.756840 0.969315 0.095667 
8300.955338 0.874739 0.092552 
8302.153835 0.883004 0.084470 
8303.352333 0.934853 0.071150 
8304.550831 0.732946 0.054918 
8305.749329 0.857611 0.042879 
8306.947826 0.850937 0.037972 
8308.146324 0.845014 0.040624 
8309.344822 0.800605 0.046157 
8310.543319 0.825037 0.051034 
8311.741817 0.816641 0.053191 
8312.940315 0.931769 0.053759 
8314.138812 0.921091 0.050909 
8315.337310 0.826526 0.044893 
8316.535808 0.880806 0.038646 
8317.734306 0.837520 0.034015 
8318.932803 0.896001 0.032728 
8320.131301 0.811775 0.038724 
8321.329799 0.873367 0.032122 
8322.528296 0.889087 0.031777 
8323.726794 0.829450 0.030548 
8324.925292 0.836287 0.029609 
8326.123789 0.848406 0.028866 
8327.322287 0.856397 0.028445 
8328.520785 0.804007 0.028011 
8329.719283 0.882769 0.028491 
8330.917780 0.863032 0.028553 
8332.116278 0.924909 0.029078 
8333.314776 0.914148 0.029111 
8334.513273 0.868082 0.029068 
8335.711771 0.891696 0.029792 
8336.910269 0.852466 0.030267 
8338.108766 0.814337 0.031200 
8339.307264 0.819267 0.035109 
8340.505762 0.828165 0.047151 
8341.704260 0.941468 0.072678 
8342.902757 1.044459 0.103736 
8344.101255 0.801696 0.128055 
8345.299753 0.639069 0.140998 
8346.498250 0.494353 0.141664 
8347.696748 0.667741 0.132328 
8348.895246 0.606689 0.112145 
8350.093744 0.829908 0.090378 
8351.292241 0.779469 0.077543 
8352.490739 0.838663 0.077093 
8353.689237 0.946461 0.079910 
8354.887734 0.810731 0.078712 
8356.086232 0.900519 0.073963 
8357.284730 0.830921 0.064620 
8358.483227 0.749097 0.056871 
8359.681725 0.834919 0.040339 
8360.880223 0.861359 0.037114 
8362.078721 0.841087 0.040215 
8363.277218 0.790438 0.045728 
8364.475716 0.794963 0.050190 
8365.674214 0.870265 0.052213 
8366.872711 0.843877 0.051371 
8368.071209 0.887813 0.048508 
8369.269707 0.845134 0.043085 
8370.468204 0.812809 0.036565 
8371.666702 0.852817 0.031787 
8372.865200 0.851328 0.029409 
8374.063698 0.876112 0.028993 
8375.262195 0.812477 0.028827 
8376.460693 0.814226 0.029761 
8377.659191 0.822839 0.032265 
8378.857688 0.765951 0.037708 
8380.056186 0.788289 0.047226 
8381.254684 0.801006 0.057206 
8382.453181 0.757812 0.063707 
8383.651679 0.681750 0.065724 
8384.850177 0.736598 0.064245 
8386.048675 0.812979 0.058893 
8387.247172 0.794858 0.049562 
8388.445670 0.825577 0.039676 
8389.644168 0.775139 0.032602 
8390.842665 0.795469 0.030064 
8392.041163 0.833930 0.029849 
8393.239661 0.829107 0.030083 
8394.438158 0.862736 0.033680 
8395.636656 0.922299 0.046077 
8396.835154 0.955455 0.068288 
8398.033652 0.854064 0.092151 
8399.232149 0.939569 0.109665 
8400.430647 0.757951 0.116369 
8401.629145 0.765887 0.114179 
8402.827642 0.745602 0.102129 
8404.026140 0.773454 0.081100 
8405.224638 0.746913 0.056693 
8406.423136 0.783909 0.038251 
8407.621633 0.797306 0.030169 
8408.820131 0.820023 0.028595 
8410.018629 0.850236 0.029302 
8411.217126 0.805548 0.032387 
8412.415624 0.849960 0.041596 
8413.614122 0.843857 0.054417 
8414.812619 0.836896 0.064749 
8416.011117 0.837982 0.070324 
8417.209615 0.824844 0.078294 
8418.408113 0.662491 0.075661 
8419.606610 0.658772 0.057623 
8420.805108 0.728775 0.045777 
8422.003606 0.756114 0.035858 
8423.202103 0.798783 0.031563 
8424.400601 0.852963 0.031756 
8425.599099 0.806049 0.036657 
8426.797596 0.834953 0.052308 
8427.996094 0.856784 0.077318 
8429.194592 0.911181 0.102727 
8430.393090 0.904956 0.119656 
8431.591587 0.979713 0.125378 
8432.790085 0.986801 0.113651 
8433.988583 0.911436 0.094286 
8435.187080 0.836070 0.074920 
8436.385578 0.760705 0.055554 
8437.584076 0.760400 0.039636 
8438.782573 0.795034 0.031637 
8439.981071 0.810309 0.029106 
8441.179569 0.831973 0.028289 
8442.378067 0.780977 0.027975 
8443.576564 0.793515 0.029329 
8444.775062 0.799375 0.031607 
8445.973560 0.785930 0.033679 
8447.172057 0.834924 0.035730 
8448.370555 0.775738 0.038891 
8449.569053 0.820344 0.046300 
8450.767551 0.762637 0.055420 
8451.966048 0.838964 0.063043 
8453.164546 0.920279 0.066749 
8454.363044 0.850906 0.076795 
8455.561541 0.772141 0.063510 
8456.760039 0.753095 0.053346 
8457.958537 0.791365 0.041804 
8459.157034 0.796828 0.033021 
8460.355532 0.887477 0.031274 
8461.554030 0.796125 0.038021 
8462.752528 1.025960 0.057287 
8463.951025 0.954368 0.078712 
8465.149523 0.799141 0.095208 
8466.348021 0.876214 0.105142 
8467.546518 0.733458 0.102478 
8468.745016 0.693204 0.093519 
8469.943514 0.640103 0.076778 
8471.142011 0.689391 0.055637 
8472.340509 0.803626 0.038833 
8473.539007 0.753927 0.031615 
8474.737505 0.809912 0.030753 
8475.936002 0.774628 0.030456 
8477.134500 0.789174 0.030237 
8478.332998 0.800589 0.029572 
8479.531495 0.836485 0.028740 
8480.729993 0.745761 0.027082 
8481.928491 0.765137 0.026617 
8483.126988 0.763092 0.026512 
8484.325486 0.778658 0.026591 
8485.523984 0.771155 0.026488 
8486.722482 0.766410 0.026635 
8487.920979 0.732477 0.026595 
8489.119477 0.823964 0.028485 
8490.317975 0.788374 0.033058 
8491.516472 0.831607 0.041821 
8492.714970 0.828839 0.058533 
8493.913468 0.793986 0.054092 
8495.111965 0.798392 0.055703 
8496.310463 0.836128 0.054686 
8497.508961 0.778189 0.049622 
8498.707459 0.725632 0.041882 
8499.905956 0.709433 0.035337 
8501.104454 0.741841 0.036131 
8502.302952 0.698257 0.046008 
8503.501449 0.687317 0.059814 
8504.699947 0.659232 0.070398 
8505.898445 0.895135 0.075992 
8507.096943 0.748804 0.075123 
8508.295440 0.868950 0.070152 
8509.493938 0.705950 0.058223 
8510.692436 0.768826 0.044230 
8511.890933 0.728013 0.032362 
8513.089431 0.722632 0.027287 
8514.287929 0.707825 0.026033 
8515.486426 0.803842 0.026408 
8516.684924 0.810205 0.025935 
8517.883422 0.717262 0.025807 
8519.081920 0.768064 0.026722 
8520.280417 0.772631 0.027174 
8521.478915 0.747038 0.027605 
8522.677413 0.761026 0.027902 
8523.875910 0.736875 0.027583 
8525.074408 0.748769 0.027086 
8526.272906 0.760777 0.026517 
8527.471403 0.758972 0.026167 
8528.669901 0.731660 0.025885 
8529.868399 0.712425 0.025725 
8531.066897 0.696410 0.025384 
8532.265394 0.718853 0.025456 
8533.463892 0.780865 0.025944 
8534.662390 0.750638 0.026574 
8535.860887 0.764192 0.029451 
8537.059385 0.760845 0.034173 
8538.257883 0.720408 0.038535 
8539.456380 0.740870 0.040905 
8540.654878 0.841664 0.041953 
8541.853376 0.732960 0.040294 
8543.051874 0.694335 0.037147 
8544.250371 0.714604 0.033276 
8545.448869 0.757283 0.033129 
8546.647367 0.724725 0.037781 
8547.845864 0.787416 0.045405 
8549.044362 0.759604 0.050195 
8550.242860 0.760689 0.052663 
8551.441358 0.720867 0.062673 
8552.639855 0.784947 0.047103 
8553.838353 0.852194 0.040647 
8555.036851 0.815020 0.033407 
8556.235348 0.788627 0.028591 
8557.433846 0.736762 0.026493 
8558.632344 0.697947 0.025654 
8559.830841 0.758148 0.025804 
8561.029339 0.770849 0.025757 
8562.227837 0.761539 0.025631 
8563.426335 0.755296 0.025610 
8564.624832 0.701333 0.025233 
8565.823330 0.716645 0.025301 
8567.021828 0.757039 0.025592 
8568.220325 0.757014 0.025802 
8569.418823 0.733106 0.025786 
8570.617321 0.714308 0.025839 
8571.815818 0.704376 0.026167 
8573.014316 0.707285 0.026662 
8574.212814 0.690452 0.026978 
8575.411312 0.669541 0.027174 
8576.609809 0.696943 0.027491 
8577.808307 0.749919 0.027631 
8579.006805 0.734030 0.027190 
8580.205302 0.747029 0.026803 
8581.403800 0.765126 0.026472 
8582.602298 0.729327 0.025907 
8583.800795 0.698587 0.025653 
8584.999293 0.688465 0.026530 
8586.197791 0.721123 0.029035 
8587.396289 0.717049 0.034968 
8588.594786 0.752842 0.036802 
8589.793284 0.657473 0.034156 
8590.991782 0.566883 0.033429 
8592.190279 0.656626 0.032605 
8593.388777 0.731622 0.031355 
8594.587275 0.741064 0.031617 
8595.785772 0.732513 0.033828 
8596.984270 0.780349 0.036477 
8598.182768 0.756578 0.037583 
8599.381266 0.724365 0.037451 
8600.579763 0.675270 0.035973 
8601.778261 0.690174 0.033177 
8602.976759 0.718745 0.030304 
8604.175256 0.747710 0.029358 
8605.373754 0.751706 0.028821 
8606.572252 0.736081 0.028102 
8607.770750 0.720149 0.027448 
8608.969247 0.705279 0.030711 
8610.167745 0.751820 0.030013 
8611.366243 0.764700 0.030124 
8612.564740 0.748878 0.030022 
8613.763238 0.719971 0.030262 
8614.961736 0.703370 0.031632 
8616.160233 0.714773 0.033423 
8617.358731 0.675051 0.035043 
8618.557229 0.710774 0.037069 
8619.755727 0.723111 0.039183 
8620.954224 0.677874 0.041223 
8622.152722 0.661536 0.043272 
8623.351220 0.585249 0.045141 
8624.549717 0.692844 0.047527 
8625.748215 0.674435 0.055351 
8626.946713 0.746506 0.052125 
8628.145210 0.685960 0.052297 
8629.343708 0.778401 0.053350 
8630.542206 0.529490 0.053231 
8631.740704 0.575981 0.053787 
8632.939201 0.627318 0.053437 
8634.137699 0.776192 0.053386 
8635.336197 0.730366 0.052403 
8636.534694 0.758809 0.050754 
8637.733192 0.607148 0.047997 
8638.931690 0.635656 0.046399 
8640.130187 0.686503 0.044983 
8641.328685 0.709789 0.043080 
8642.527183 0.739515 0.040857 
8643.725681 0.776859 0.038919 
8644.924178 0.707490 0.036998 
8646.122676 0.694582 0.036219 
8647.321174 0.666214 0.037139 
8648.519671 0.616798 0.040102 
8649.718169 0.741769 0.045092 
8650.916667 0.760908 0.048707 
8652.115165 0.708062 0.050506 
8653.313662 0.617241 0.052084 
8654.512160 0.632236 0.053317 
8655.710658 0.593271 0.052902 
8656.909155 0.642813 0.052333 
8658.107653 0.603050 0.052602 
8659.306151 0.616142 0.053482 
8660.504648 0.551479 0.052199 
8661.703146 0.633454 0.051242 
8662.901644 0.666797 0.051510 
8664.100142 0.637381 0.051979 
8665.298639 0.687391 0.051026 
8666.497137 0.689487 0.049265 
8667.695635 0.718409 0.050639 
8668.894132 0.572685 0.053641 
8670.092630 0.744731 0.051805 
8671.291128 0.601275 0.054511 
8672.489625 0.850503 0.055071 
8673.688123 0.830211 0.049481 
8674.886621 0.734417 0.046905 
8676.085119 0.614044 0.044141 
8677.283616 0.636024 0.039973 
8678.482114 0.596790 0.039094 
8679.680612 0.631718 0.038523 
8680.879109 0.616294 0.036552 
8682.077607 0.661728 0.035166 
8683.276105 0.722657 0.034553 
8684.474602 0.690810 0.043374 
8685.673100 0.577707 0.032802 
8686.871598 0.631043 0.032163 
8688.070096 0.666489 0.031255 
8689.268593 0.604179 0.030406 
8690.467091 0.674710 0.030535 
8691.665589 0.676212 0.030064 
8692.864086 0.608636 0.029254 
8694.062584 0.653496 0.029199 
8695.261082 0.681089 0.029458 
8696.459579 0.654349 0.029452 
8697.658077 0.625445 0.029564 
8698.856575 0.664290 0.030320 
8700.055073 0.676211 0.031165 
8701.253570 0.710057 0.031726 
8702.452068 0.637075 0.031381 
8703.650566 0.632748 0.031111 
8704.849063 0.633843 0.030848 
8706.047561 0.660626 0.031223 
8707.246059 0.645931 0.031644 
8708.444557 0.666219 0.031966 
8709.643054 0.697821 0.031921 
8710.841552 0.625175 0.030942 
8712.040050 0.618968 0.029739 
8713.238547 0.604362 0.028306 
8714.437045 0.636672 0.027498 
8715.635543 0.668242 0.027304 
8716.834040 0.616341 0.027514 
8718.032538 0.643404 0.032547 
8719.231036 0.660721 0.032833 
8720.429534 0.678037 0.033120 
8721.628031 0.695354 0.033406 
8722.826529 0.712670 0.033692 
8724.025027 0.672994 0.030781 
8725.223524 0.630900 0.028280 
8726.422022 0.650837 0.032403 
8727.620520 0.683443 0.034891 
8728.819017 0.760632 0.039155 
8730.017515 0.755607 0.045023 
8731.216013 0.675918 0.039450 
8732.414511 0.701972 0.030939 
8733.613008 0.687377 0.028038 
8734.811506 0.659764 0.026502 
8736.010004 0.683649 0.026924 
8737.208501 0.658642 0.027217 
8738.406999 0.636983 0.027686 
8739.605497 0.657074 0.028244 
8740.803994 0.667356 0.028663 
8742.002492 0.673189 0.028818 
8743.200990 0.648225 0.028435 
8744.399488 0.646734 0.028099 
8745.597985 0.654759 0.027932 
8746.796483 0.658214 0.027794 
8747.994981 0.681140 0.028044 
8749.193478 0.687642 0.028224 
8750.391976 0.645057 0.028114 
8751.590474 0.667523 0.028305 
8752.788972 0.701580 0.028504 
8753.987469 0.681911 0.028679 
8755.185967 0.654233 0.030323 
8756.384465 0.678395 0.036180 
8757.582962 0.709319 0.047293 
8758.781460 0.762319 0.063022 
8759.979958 0.720834 0.080166 
8761.178455 0.638357 0.101682 
8762.376953 0.553090 0.106059 
8763.575451 0.640642 0.099803 
8764.773949 0.743358 0.100795 
8765.972446 0.750439 0.104314 
8767.170944 0.654882 0.108888 
8768.369442 0.732049 0.111832 
8769.567939 0.836951 0.111154 
8770.766437 0.555486 0.104230 
8771.964935 0.537377 0.090165 
8773.163432 0.448169 0.071076 
8774.361930 0.478629 0.062635 
8775.560428 0.721406 0.071195 
8776.758926 0.823976 0.090043 
8777.957423 0.772271 0.107861 
8779.155921 0.839602 0.115979 
8780.354419 0.525204 0.113385 
8781.552916 0.583188 0.103163 
8782.751414 0.578683 0.084195 
8783.949912 0.552567 0.060510 
8785.148409 0.609925 0.040784 
8786.346907 0.651946 0.036256 
8787.545405 0.703018 0.039205 
8788.743903 0.720314 0.047872 
8789.942400 0.792600 0.053706 
8791.140898 0.781897 0.058836 
8792.339396 0.631488 0.062224 
8793.537893 0.651683 0.062265 
8794.736391 0.625020 0.058635 
8795.934889 0.575736 0.050084 
8797.133386 0.624850 0.039142 
8798.331884 0.705785 0.031497 
8799.530382 0.669117 0.028137 
8800.728880 0.676045 0.027606 
8801.927377 0.699079 0.027674 
8803.125875 0.628723 0.027231 
8804.324373 0.703143 0.027744 
8805.522870 0.709862 0.027714 
8806.721368 0.588587 0.027264 
8807.919866 0.609168 0.028441 
8809.118364 0.651410 0.030171 
8810.316861 0.666907 0.031275 
8811.515359 0.684085 0.031623 
8812.713857 0.646797 0.031253 
8813.912354 0.648513 0.030493 
8815.110852 0.652610 0.029034 
8816.309350 0.668473 0.027688 
8817.507847 0.662972 0.026899 
8818.706345 0.667913 0.026693 
8819.904843 0.678672 0.027412 
8821.103341 0.684808 0.028228 
8822.301838 0.700469 0.040087 
8823.500336 0.529718 0.048269 
8824.698834 0.622835 0.083212 
8825.897331 0.551343 0.128914 
8827.095829 0.841838 0.160492 
8828.294327 0.965474 0.174117 
8829.492824 0.410838 0.173103 
8830.691322 0.656058 0.159602 
8831.889820 0.391866 0.126927 
8833.088318 0.525503 0.088827 
8834.286815 0.624897 0.073830 
8835.485313 0.673361 0.083877 
8836.683811 0.643546 0.094365 
8837.882308 0.761975 0.097085 
8839.080806 0.636250 0.093935 
8840.279304 0.615410 0.085066 
8841.477801 0.561444 0.067702 
8842.676299 0.604685 0.046883 
8843.874797 0.606123 0.034137 
8845.073295 0.755409 0.031842 
8846.271792 0.670822 0.032870 
8847.470290 0.672837 0.038658 
8848.668788 0.630308 0.047131 
8849.867285 0.726784 0.053605 
8851.065783 0.631442 0.055906 
8852.264281 0.724110 0.055346 
8853.462779 0.654503 0.052565 
8854.661276 0.603009 0.045353 
8855.859774 0.635340 0.036340 
8857.058272 0.591545 0.030292 
8858.256769 0.652010 0.028410 
8859.455267 0.665602 0.028551 
8860.653765 0.699540 0.029790 
8861.852262 0.679485 0.037114 
8863.050760 0.672776 0.032720 
8864.249258 0.669551 0.037555 
8865.447756 0.664155 0.049445 
8866.646253 0.643482 0.064823 
8867.844751 0.741001 0.075749 
8869.043249 0.699408 0.078920 
8870.241746 0.668346 0.077520 
8871.440244 0.813240 0.072124 
8872.638742 0.699066 0.058824 
8873.837239 0.682721 0.042578 
8875.035737 0.669932 0.031467 
8876.234235 0.674891 0.027722 
8877.432733 0.693372 0.026867 
8878.631230 0.643405 0.026388 
8879.829728 0.655940 0.026615 
8881.028226 0.637739 0.028322 
8882.226723 0.616082 0.037428 
8883.425221 0.501805 0.062073 
8884.623719 0.367454 0.098411 
8885.822216 0.426234 0.128277 
8887.020714 0.653807 0.141730 
8888.219212 0.460276 0.142039 
8889.417710 0.766238 0.137859 
8890.616207 1.070738 0.129750 
8891.814705 0.918814 0.099655 
8893.013203 0.766890 0.069559 
8894.211700 0.623577 0.040041 
8895.410198 0.719032 0.030868 
8896.608696 0.646910 0.029739 
8897.807193 0.630242 0.029761 
8899.005691 0.704406 0.031965 
8900.204189 0.639391 0.039483 
8901.402687 0.666063 0.056107 
8902.601184 0.531490 0.076958 
8903.799682 0.647414 0.092952 
8904.998180 0.569892 0.086237 
8906.196677 0.471195 0.083994 
8907.395175 0.719908 0.075849 
8908.593673 0.760498 0.059717 
8909.792171 0.696694 0.043369 
8910.990668 0.682551 0.034301 
8912.189166 0.676796 0.031326 
8913.387664 0.694597 0.030012 
8914.586161 0.612467 0.029595 
8915.784659 0.610844 0.036377 
8916.983157 0.644695 0.059539 
8918.181654 0.648352 0.098163 
8919.380152 0.589573 0.134537 
8920.578650 0.552659 0.153433 
8921.777148 0.519765 0.156955 
8922.975645 0.504897 0.149298 
8924.174143 0.663698 0.125429 
8925.372641 0.668212 0.087417 
8926.571138 0.634266 0.054409 
8927.769636 0.652447 0.038962 
8928.968134 0.677554 0.034983 
8930.166631 0.686574 0.033877 
8931.365129 0.680842 0.033013 
8932.563627 0.655596 0.031917 
8933.762125 0.685989 0.030912 
8934.960622 0.720525 0.030249 
8936.159120 0.719567 0.029874 
8937.357618 0.662559 0.029455 
8938.556115 0.678316 0.029900 
8939.754613 0.685445 0.032873 
8940.953111 0.699538 0.043023 
8942.151608 0.713922 0.059675 
8943.350106 0.796811 0.074182 
8944.548604 0.754445 0.080566 
8945.747102 0.538594 0.080725 
8946.945599 0.594285 0.076968 
8948.144097 0.662691 0.066006 
8949.342595 0.657170 0.048990 
8950.541092 0.629673 0.034859 
8951.739590 0.616708 0.029032 
8952.938088 0.668404 0.028529 
8954.136586 0.639596 0.033637 
8955.335083 0.533686 0.052028 
8956.533581 0.549851 0.085092 
8957.732079 0.696772 0.116994 
8958.930576 0.690532 0.132594 
8960.129074 0.722778 0.135460 
8961.327572 0.769043 0.130395 
8962.526069 0.707450 0.112379 
8963.724567 0.679430 0.081386 
8964.923065 0.652302 0.051738 
8966.121563 0.670504 0.035789 
8967.320060 0.677062 0.030861 
8968.518558 0.665177 0.033839 
8969.717056 0.678450 0.032913 
8970.915553 0.704264 0.031743 
8972.114051 0.714443 0.032472 
8973.312549 0.649463 0.032687 
8974.511046 0.670838 0.032736 
8975.709544 0.620870 0.031526 
8976.908042 0.583523 0.029890 
8978.106540 0.673462 0.029634 
8979.305037 0.652735 0.029673 
8980.503535 0.740240 0.030907 
8981.702033 0.671918 0.031365 
8982.900530 0.686402 0.031792 
8984.099028 0.698088 0.032706 
8985.297526 0.643276 0.036637 
8986.496023 0.735516 0.047968 
8987.694521 0.719950 0.061615 
8988.893019 0.645960 0.071762 
8990.091517 0.656323 0.077193 
8991.290014 0.701586 0.078274 
8992.488512 0.656203 0.071676 
8993.687010 0.690787 0.057670 
8994.885507 0.741887 0.043286 
8996.084005 0.727623 0.035089 
8997.282503 0.709648 0.033120 
8998.481000 0.681789 0.041832 
8999.679498 0.666492 0.063235 
9000.877996 0.627050 0.086214 
9002.076494 0.682218 0.100424 
9003.274991 0.608110 0.105137 
9004.473489 0.674927 0.102798 
9005.671987 0.599151 0.089140 
9006.870484 0.583213 0.065459 
9008.068982 0.683005 0.043825 
9009.267480 0.714745 0.032462 
9010.465978 0.675525 0.033763 
9011.664475 0.669149 0.026921 
9012.862973 0.705395 0.026751 
9014.061471 0.682748 0.026291 
9015.259968 0.628324 0.025721 
9016.458466 0.637034 0.025693 
9017.656964 0.624204 0.026125 
9018.855461 0.610333 0.027022 
9020.053959 0.675141 0.028675 
9021.252457 0.729821 0.029660 
9022.450955 0.671353 0.029511 
9023.649452 0.674394 0.029599 
9024.847950 0.766161 0.030142 
9026.046448 0.726654 0.029592 
9027.244945 0.740961 0.029381 
9028.443443 0.686394 0.029080 
9029.641941 0.679784 0.028876 
9030.840438 0.624931 0.028431 
9032.038936 0.740091 0.028818 
9033.237434 0.710246 0.028051 
9034.435932 0.721861 0.028271 
9035.634429 0.723032 0.032362 
9036.832927 0.701619 0.040329 
9038.031425 0.787638 0.047138 
9039.229922 0.752552 0.049257 
9040.428420 0.687404 0.049684 
9041.626918 0.565529 0.047898 
9042.825415 0.599332 0.043321 
9044.023913 0.614787 0.035400 
9045.222411 0.626443 0.030853 
9046.420909 0.708193 0.033554 
9047.619406 0.796986 0.044359 
9048.817904 0.709965 0.057131 
9050.016402 0.628263 0.064133 
9051.214899 0.714583 0.066561 
9052.413397 0.631654 0.066044 
9053.611895 0.672452 0.061395 
9054.810393 0.655925 0.049669 
9056.008890 0.652748 0.036913 
9057.207388 0.610490 0.034040 
9058.405886 0.613758 0.027768 
9059.604383 0.656252 0.027356 
9060.802881 0.649117 0.027021 
9062.001379 0.657535 0.027095 
9063.199876 0.707236 0.028001 
9064.398374 0.728981 0.028880 
9065.596872 0.680778 0.029137 
9066.795370 0.683588 0.029567 
9067.993867 0.674350 0.030209 
9069.192365 0.655232 0.030568 
9070.390863 0.706892 0.031152 
9071.589360 0.701495 0.031133 
9072.787858 0.673890 0.030760 
9073.986356 0.668614 0.029915 
9075.184853 0.670709 0.028736 
9076.383351 0.663096 0.027470 
9077.581849 0.721239 0.026897 
9078.780347 0.682011 0.026278 
9079.978844 0.667272 0.026369 
9081.177342 0.701081 0.027116 
9082.375840 0.760405 0.038926 
9083.574337 0.744637 0.045272 
9084.772835 0.760775 0.043044 
9085.971333 0.959298 0.059734 
9087.169830 1.132473 0.068402 
9088.368328 0.881208 0.049319 
9089.566826 0.612879 0.041290 
9090.765324 0.467132 0.048163 
9091.963821 0.659568 0.054866 
9093.162319 0.760475 0.047814 
9094.360817 0.664814 0.041726 
9095.559314 0.610065 0.041217 
9096.757812 0.646179 0.039207 
9097.956310 0.672961 0.035031 
9099.154808 0.711095 0.032089 
9100.353305 0.752061 0.034738 
9101.551803 0.680800 0.041742 
9102.750301 0.657849 0.047699 
9103.948798 0.646366 0.049512 
9105.147296 0.623594 0.049230 
9106.345794 0.607113 0.047073 
9107.544291 0.721281 0.042643 
9108.742789 0.724024 0.035265 
9109.941287 0.725005 0.029579 
9111.139785 0.719242 0.027216 
9112.338282 0.657605 0.025892 
9113.536780 0.690316 0.025463 
9114.735278 0.689559 0.025269 
9115.933775 0.715745 0.025430 
9117.132273 0.687701 0.025422 
9118.330771 0.670917 0.025672 
9119.529268 0.688056 0.026220 
9120.727766 0.695403 0.026426 
9121.926264 0.699711 0.026281 
9123.124762 0.694237 0.025822 
9124.323259 0.675427 0.025315 
9125.521757 0.692480 0.025185 
9126.720255 0.718557 0.025294 
9127.918752 0.696143 0.025304 
9129.117250 0.674735 0.027898 
9130.315748 0.692325 0.028715 
9131.514245 0.677006 0.026570 
9132.712743 0.698145 0.026950 
9133.911241 0.672081 0.027105 
9135.109739 0.704244 0.027718 
9136.308236 0.721414 0.028316 
9137.506734 0.682863 0.028506 
9138.705232 0.699070 0.028525 
9139.903729 0.717568 0.028204 
9141.102227 0.682844 0.027146 
9142.300725 0.678867 0.026423 
9143.499222 0.703000 0.026172 
9144.697720 0.667501 0.025777 
9145.896218 0.676571 0.025973 
9147.094716 0.685620 0.026137 
9148.293213 0.639954 0.026261 
9149.491711 0.671648 0.028370 
9150.690209 0.706262 0.032120 
9151.888706 0.718034 0.035869 
9153.087204 0.681511 0.038362 
9154.285702 0.652396 0.039791 
9155.484200 0.693583 0.040273 
9156.682697 0.683485 0.038349 
9157.881195 0.652272 0.035885 
9159.079693 0.645993 0.036155 
9160.278190 0.676552 0.038757 
9161.476688 0.667425 0.040081 
9162.675186 0.670100 0.040101 
9163.873683 0.704286 0.039351 
9165.072181 0.704620 0.036764 
9166.270679 0.660777 0.032343 
9167.469177 0.658866 0.028427 
9168.667674 0.647281 0.026276 
9169.866172 0.658710 0.025800 
9171.064670 0.705736 0.025912 
9172.263167 0.710606 0.026087 
9173.461665 0.699572 0.026407 
9174.660163 0.828055 0.028640 
9175.858660 1.018006 0.031706 
9177.057158 1.207957 0.034772 
9178.255656 1.397908 0.037838 
9179.454154 0.749189 0.050345 
9180.652651 0.775691 0.034077 
9181.851149 0.701113 0.041795 
9183.049647 0.647886 0.025903 
9184.248144 0.729108 0.026247 
9185.446642 0.705909 0.026176 
9186.645140 0.704236 0.026110 
9187.843637 0.623492 0.025678 
9189.042135 0.727258 0.025849 
9190.240633 0.646111 0.024968 
9191.439131 0.712281 0.025181 
9192.637628 0.693273 0.025011 
9193.836126 0.714631 0.025001 
9195.034624 0.707203 0.025178 
9196.233121 0.637306 0.024993 
9197.431619 0.705489 0.025536 
9198.630117 0.672345 0.025452 
9199.828615 0.651628 0.025136 
9201.027112 0.704883 0.025246 
9202.225610 0.653861 0.024799 
9203.424108 0.739273 0.025315 
9204.622605 0.710624 0.025147 
9205.821103 0.638875 0.024692 
9207.019601 0.672549 0.025193 
9208.218098 0.698970 0.025616 
9209.416596 0.669457 0.025504 
9210.615094 0.703459 0.025722 
9211.813592 0.714091 0.025821 
9213.012089 0.746629 0.026378 
9214.210587 0.599923 0.026851 
9215.409085 0.637209 0.030119 
9216.607582 0.697713 0.032930 
9217.806080 0.729410 0.034032 
9219.004578 0.675595 0.033827 
9220.203075 0.597221 0.032588 
9221.401573 0.683098 0.031244 
9222.600071 0.659713 0.030031 
9223.798569 0.651800 0.031725 
9224.997066 0.703047 0.034103 
9226.195564 0.699823 0.035027 
9227.394062 0.601543 0.034715 
9228.592559 0.617436 0.033823 
9229.791057 0.645716 0.031491 
9230.989555 0.736489 0.028967 
9232.188052 0.646312 0.026964 
9233.386550 0.679197 0.030142 
9234.585048 0.673485 0.025882 
9235.783546 0.671882 0.025645 
9236.982043 0.702949 0.025766 
9238.180541 0.686520 0.026993 
9239.379039 0.666021 0.030178 
9240.577536 0.727613 0.030314 
9241.776034 0.750532 0.030218 
9242.974532 0.712572 0.029900 
9244.173029 0.706849 0.033328 
9245.371527 0.706685 0.041281 
9246.570025 0.660726 0.031169 
9247.768523 0.644804 0.032004 
9248.967020 0.676770 0.032066 
9250.165518 0.693467 0.029068 
9251.364016 0.661372 0.029354 
9252.562513 0.638015 0.029567 
9253.761011 0.682260 0.029831 
9254.959509 0.703646 0.029166 
9256.158007 0.688131 0.027964 
9257.356504 0.675833 0.027385 
9258.555002 0.673807 0.029300 
9259.753500 0.687262 0.031713 
9260.951997 0.605545 0.035690 
9262.150495 0.666405 0.049173 
9263.348993 0.584983 0.060552 
9264.547490 0.460287 0.062851 
9265.745988 0.685076 0.044671 
9266.944486 0.709672 0.030203 
9268.142984 0.723956 0.028469 
9269.341481 0.630468 0.026775 
9270.539979 0.625214 0.026062 
9271.738477 0.660675 0.025743 
9272.936974 0.679374 0.025559 
9274.135472 0.654093 0.025508 
9275.333970 0.660160 0.025696 
9276.532467 0.698873 0.026039 
9277.730965 0.698118 0.026234 
9278.929463 0.672650 0.026306 
9280.127961 0.660678 0.026601 
9281.326458 0.652504 0.027544 
9282.524956 0.688871 0.028980 
9283.723454 0.705321 0.029973 
9284.921951 0.670980 0.031224 
9286.120449 0.661854 0.032251 
9287.318947 0.649295 0.034102 
9288.517444 0.684354 0.035221 
9289.715942 0.692308 0.035224 
9290.914440 0.661864 0.034442 
9292.112938 0.707621 0.034510 
9293.311435 0.694087 0.035115 
9294.509933 0.683672 0.035776 
9295.708431 0.703276 0.036234 
9296.906928 0.695620 0.036247 
9298.105426 0.680239 0.035147 
9299.303924 0.715893 0.033035 
9300.502422 0.701334 0.030915 
9301.700919 0.684533 0.030805 
9302.899417 0.710813 0.036537 
9304.097915 0.653589 0.053648 
9305.296412 0.686120 0.083330 
9306.494910 0.738090 0.114518 
9307.693408 0.521889 0.136177 
9308.891905 0.678320 0.151066 
9310.090403 0.608958 0.163544 
9311.288901 0.480960 0.179600 
9312.487399 0.689558 0.195628 
9313.685896 0.664639 0.197196 
9314.884394 0.827289 0.192255 
9316.082892 0.767970 0.191254 
9317.281389 0.534862 0.182389 
9318.479887 0.368658 0.147007 
9319.678385 0.272964 0.104516 
9320.876882 0.462839 0.098245 
9322.075380 0.631285 0.128778 
9323.273878 0.568741 0.163889 
9324.472376 0.437769 0.210514 
9325.670873 0.583674 0.209843 
9326.869371 0.613754 0.191949 
9328.067869 0.546870 0.161100 
9329.266366 0.507208 0.108110 
9330.464864 0.675997 0.068874 
9331.663362 0.771165 0.053825 
9332.861859 0.734248 0.049927 
9334.060357 0.639193 0.050568 
9335.258855 0.565193 0.058489 
9336.457353 0.569176 0.077464 
9337.655850 0.613199 0.094223 
9338.854348 0.863018 0.100884 
9340.052846 0.780402 0.101986 
9341.251343 0.685315 0.099749 
9342.449841 0.721351 0.089174 
9343.648339 0.660795 0.068667 
9344.846836 0.662509 0.053974 
9346.045334 0.628601 0.050641 
9347.243832 0.633050 0.052273 
9348.442330 0.727738 0.053795 
9349.640827 0.756322 0.051898 
9350.839325 0.762553 0.049157 
9352.037823 0.633519 0.046606 
9353.236320 0.738471 0.045748 
9354.434818 0.732689 0.044401 
9355.633316 0.743609 0.042981 
9356.831814 0.625201 0.041102 
9358.030311 0.655999 0.040824 
9359.228809 0.725382 0.042391 
9360.427307 0.743501 0.044068 
9361.625804 0.713492 0.043901 
9362.824302 0.722169 0.042269 
9364.022800 0.723339 0.040656 
9365.221297 0.699363 0.039913 
9366.419795 0.659887 0.040836 
9367.618293 0.650380 0.042048 
9368.816791 0.701353 0.043704 
9370.015288 0.760300 0.046862 
9371.213786 0.789959 0.056505 
9372.412284 0.525254 0.087592 
9373.610781 0.357969 0.164209 
9374.809279 0.606634 0.267071 
9376.007777 0.596804 0.324723 
9377.206274 0.434155 0.337539 
9378.404772 0.761326 0.339259 
9379.603270 0.686819 0.322016 
9380.801768 0.988588 0.251214 
9382.000265 0.549154 0.154447 
9383.198763 0.673528 0.093662 
9384.397261 0.509361 0.072663 
9385.595758 0.593028 0.067785 
9386.794256 0.694544 0.067045 
9387.992754 0.649892 0.062640 
9389.191251 0.614687 0.057440 
9390.389749 0.565472 0.062496 
9391.588247 0.606242 0.045260 
9392.786745 0.637860 0.037625 
9393.985242 0.645814 0.033763 
9395.183740 0.696725 0.034339 
9396.382238 0.620401 0.035660 
9397.580735 0.572455 0.037133 
9398.779233 0.565336 0.040318 
9399.977731 0.640219 0.051713 
9401.176229 0.582925 0.068855 
9402.374726 0.745945 0.081296 
9403.573224 0.752406 0.084375 
9404.771722 0.745801 0.083141 
9405.970219 0.683627 0.076672 
9407.168717 0.617744 0.062152 
9408.367215 0.590562 0.044905 
9409.565712 0.638208 0.035597 
9410.764210 0.664268 0.033192 
9411.962708 0.647457 0.032659 
9413.161206 0.658079 0.032765 
9414.359703 0.673792 0.033081 
9415.558201 0.726946 0.035189 
9416.756699 0.678506 0.043764 
9417.955196 0.723883 0.066711 
9419.153694 0.693830 0.094042 
9420.352192 0.716454 0.109632 
9421.550689 0.683223 0.114306 
9422.749187 0.706753 0.113383 
9423.947685 0.722700 0.102859 
9425.146183 0.693045 0.080345 
9426.344680 0.639415 0.058060 
9427.543178 0.629185 0.047722 
9428.741676 0.556268 0.042700 
9429.940173 0.545647 0.040735 
9431.138671 0.673362 0.040784 
9432.337169 0.587944 0.037599 
9433.535666 0.622637 0.035877 
9434.734164 0.643418 0.035680 
9435.932662 0.646306 0.043061 
9437.131160 0.717234 0.075765 
9438.329657 0.620518 0.140713 
9439.528155 0.400231 0.209390 
9440.726653 0.361043 0.255386 
9441.925150 0.680075 0.282011 
9443.123648 0.546318 0.279765 
9444.322146 0.315367 0.224562 
9445.520643 0.169710 0.134913 
9446.719141 0.464051 0.074301 
9447.917639 0.602232 0.054415 
9449.116137 0.615380 0.048250 
9450.314634 0.650105 0.045894 
9451.513132 0.646149 0.043943 
9452.711630 0.589918 0.041238 
9453.910127 0.542558 0.039138 
9455.108625 0.652475 0.045173 
9456.307123 0.684973 0.070484 
9457.505621 0.527596 0.111558 
9458.704118 0.536024 0.142749 
9459.902616 0.720368 0.154534 
9461.101114 0.391438 0.156382 
9462.299611 0.309241 0.147128 
9463.498109 0.635835 0.116041 
9464.696607 0.650728 0.072839 
9465.895104 0.670312 0.046138 
9467.093602 0.688467 0.037226 
9468.292100 0.651502 0.036863 
9469.490598 0.601748 0.035873 
9470.689095 0.627610 0.034183 
9471.887593 0.601175 0.034915 
9473.086091 0.571569 0.041242 
9474.284588 0.614923 0.072922 
9475.483086 0.578084 0.134122 
9476.681584 0.600772 0.188143 
9477.880081 0.546375 0.212035 
9479.078579 0.624677 0.219239 
9480.277077 0.733968 0.216112 
9481.475575 0.531793 0.183913 
9482.674072 0.344707 0.121997 
9483.872570 0.497934 0.072819 
9485.071068 0.630053 0.050498 
9486.269565 0.589920 0.041239 
9487.468063 0.593137 0.037040 
9488.666561 0.561700 0.035368 
9489.865058 0.565262 0.035650 
9491.063556 0.612907 0.036129 
9492.262054 0.597290 0.036443 
9493.460552 0.623239 0.037656 
9494.659049 0.649644 0.039023 
9495.857547 0.604401 0.038553 
9497.056045 0.528222 0.037645 
9498.254542 0.570958 0.038663 
9499.453040 0.595162 0.046000 
9500.651538 0.678833 0.074978 
9501.850036 0.727525 0.116943 
9503.048533 0.397265 0.139970 
9504.247031 0.802700 0.141903 
9505.445529 0.711709 0.131470 
9506.644026 0.708140 0.113861 
9507.842524 0.560846 0.083359 
9509.041022 0.523777 0.052542 
9510.239519 0.526561 0.036896 
9511.438017 0.626884 0.032696 
9512.636515 0.644736 0.031634 
9513.835013 0.563960 0.031206 
9515.033510 0.622774 0.033039 
9516.232008 0.575312 0.044387 
9517.430506 0.630159 0.082500 
9518.629003 0.645581 0.132699 
9519.827501 1.105024 0.165656 
9521.025999 0.856432 0.176201 
9522.224496 1.334533 0.326950 
9523.422994 1.065084 0.243067 
9524.621492 0.795634 0.159184 
9525.819990 0.526185 0.075301 
9527.018487 0.549478 0.045782 
9528.216985 0.646965 0.040501 
9529.415483 0.680904 0.051055 
9530.613980 0.515784 0.046688 
9531.812478 0.623618 0.055910 
9533.010976 0.797493 0.068504 
9534.209473 0.732543 0.071390 
9535.407971 0.566910 0.070184 
9536.606469 0.600015 0.046889 
9537.804967 0.643591 0.043703 
9539.003464 0.609129 0.043500 
9540.201962 0.570693 0.041983 
9541.400460 0.587733 0.039060 
9542.598957 0.609375 0.034832 
9543.797455 0.607300 0.032562 
9544.995953 0.583785 0.032446 
9546.194450 0.544309 0.032929 
9547.392948 0.537694 0.033022 
9548.591446 0.595022 0.033645 
9549.789944 0.516787 0.041356 
9550.988441 0.499421 0.063417 
9552.186939 0.592233 0.084111 
9553.385437 0.803324 0.093925 
9554.583934 0.521134 0.097942 
9555.782432 0.745750 0.100861 
9556.980930 0.682890 0.090665 
9558.179428 0.450498 0.064852 
9559.377925 0.504426 0.047178 
9560.576423 0.594441 0.041978 
9561.774921 0.544825 0.039529 
9562.973418 0.584560 0.039103 
9564.171916 0.426766 0.046151 
9565.370414 0.218941 0.077870 
9566.568911 0.182570 0.126128 
9567.767409 0.196188 0.153741 
9568.965907 0.276424 0.160061 
9570.164405 0.471535 0.156939 
9571.362902 0.737019 0.141096 
9572.561400 0.666312 0.100093 
9573.759898 0.774858 0.059217 
9574.958395 0.519305 0.039459 
9576.156893 0.689143 0.034354 
9577.355391 0.581227 0.031351 
9578.553888 0.632247 0.030547 
9579.752386 0.604043 0.030231 
9580.950884 0.573807 0.030280 
9582.149382 0.624198 0.030861 
9583.347879 0.583944 0.030981 
9584.546377 0.674332 0.031397 
9585.744875 0.610357 0.030316 
9586.943372 0.635037 0.029949 
9588.141870 0.674297 0.030231 
9589.340368 0.616759 0.030632 
9590.538865 0.599928 0.032897 
9591.737363 0.593158 0.035475 
9592.935861 0.515488 0.036011 
9594.134359 0.592690 0.036868 
9595.332856 0.592509 0.036228 
9596.531354 0.628870 0.034871 
9597.729852 0.549770 0.031907 
9598.928349 0.590770 0.030902 
9600.126847 0.573485 0.030506 
9601.325345 0.545888 0.029987 
9602.523843 0.559374 0.029821 
9603.722340 0.654481 0.030872 
9604.920838 0.697048 0.035445 
9606.119336 0.711009 0.049848 
9607.317833 0.768520 0.065561 
9608.516331 0.537417 0.070422 
9609.714829 0.741951 0.072883 
9610.913326 0.799109 0.090153 
9612.111824 0.703178 0.074161 
9613.310322 0.607247 0.058170 
9614.508820 0.534062 0.042618 
9615.707317 0.700798 0.033103 
9616.905815 0.627673 0.033289 
9618.104313 0.551749 0.039587 
9619.302810 0.540080 0.056662 
9620.501308 0.554516 0.073658 
9621.699806 0.526656 0.081363 
9622.898303 0.595763 0.085206 
9624.096801 0.716334 0.084887 
9625.295299 0.665919 0.074917 
9626.493797 0.556495 0.056679 
9627.692294 0.577384 0.043104 
9628.890792 0.588588 0.038676 
9630.089290 0.574574 0.037377 
9631.287787 0.572390 0.036438 
9632.486285 0.623792 0.035375 
9633.684783 0.584762 0.033566 
9634.883280 0.579279 0.032547 
9636.081778 0.617379 0.031872 
9637.280276 0.621447 0.031697 
9638.478774 0.599381 0.032224 
9639.677271 0.627533 0.032460 
9640.875769 0.589961 0.032102 
9642.074267 0.590609 0.031434 
9643.272764 0.573829 0.032477 
9644.471262 0.579419 0.034229 
9645.669760 0.561028 0.029406 
9646.868257 0.556895 0.029623 
9648.066755 0.552731 0.029982 
9649.265253 0.580532 0.030458 
9650.463751 0.605405 0.031364 
9651.662248 0.623669 0.033045 
9652.860746 0.641632 0.035103 
9654.059244 0.583784 0.036311 
9655.257741 0.580711 0.037292 
9656.456239 0.569475 0.038228 
9657.654737 0.581675 0.039666 
9658.853235 0.629015 0.040882 
9660.051732 0.629650 0.041503 
9661.250230 0.601681 0.042496 
9662.448728 0.579085 0.043583 
9663.647225 0.582368 0.042985 
9664.845723 0.529334 0.041160 
9666.044221 0.560077 0.045741 
9667.242718 0.629907 0.058794 
9668.441216 0.567430 0.069719 
9669.639714 0.531418 0.073993 
9670.838212 0.445141 0.075268 
9672.036709 0.501010 0.074973 
9673.235207 0.471879 0.068383 
9674.433705 0.518370 0.056399 
9675.632202 0.535465 0.047229 
9676.830700 0.584736 0.044322 
9678.029198 0.565358 0.047979 
9679.227695 0.674290 0.058480 
9680.426193 0.576210 0.074948 
9681.624691 0.499829 0.091578 
9682.823189 0.421750 0.100050 
9684.021686 0.567995 0.100656 
9685.220184 0.738515 0.092808 
9686.418682 0.584213 0.077064 
9687.617179 0.616796 0.058516 
9688.815677 0.468704 0.050437 
9690.014175 0.552496 0.053404 
9691.212672 0.673746 0.056456 
9692.411170 0.681833 0.057114 
9693.609668 0.721041 0.056800 
9694.808166 0.707317 0.052497 
9696.006663 0.546304 0.047136 
9697.205161 0.525141 0.061403 
9698.403659 0.593791 0.088905 
9699.602156 0.661202 0.106382 
9700.800654 0.677614 0.112783 
9701.999152 0.799252 0.114571 
9703.197650 0.599678 0.106514 
9704.396147 0.508090 0.080837 
9705.594645 0.499015 0.051936 
9706.793143 0.545182 0.037245 
9707.991640 0.611674 0.033645 
9709.190138 0.626872 0.039201 
9710.388636 0.673444 0.054071 
9711.587133 0.578911 0.065922 
9712.785631 0.741906 0.070807 
9713.984129 0.602475 0.071503 
9715.182627 0.536786 0.069916 
9716.381124 0.536004 0.063391 
9717.579622 0.579111 0.070095 
9718.778120 0.839980 0.100154 
9719.976617 0.799245 0.120847 
9721.175115 0.612531 0.125888 
9722.373613 0.843270 0.127177 
9723.572110 0.718788 0.121688 
9724.770608 0.428906 0.095628 
9725.969106 0.546842 0.061943 
9727.167604 0.665735 0.044878 
9728.366101 0.619896 0.039203 
9729.564599 0.664626 0.037056 
9730.763097 0.618797 0.035791 
9731.961594 0.607765 0.035901 
9733.160092 0.729719 0.039363 
9734.358590 0.578489 0.043455 
9735.557087 0.552205 0.051926 
9736.755585 0.613732 0.069558 
9737.954083 0.705411 0.084022 
9739.152581 0.635427 0.087060 
9740.351078 0.532900 0.083258 
9741.549576 0.606132 0.077646 
9742.748074 0.598680 0.066055 
9743.946571 0.661493 0.053016 
9745.145069 0.622026 0.049529 
9746.343567 0.691636 0.051102 
9747.542064 0.584985 0.051010 
9748.740562 0.633518 0.050118 
9749.939060 0.671701 0.046801 
9751.137558 0.609536 0.039807 
9752.336055 0.686536 0.033960 
9753.534553 0.607049 0.030911 
9754.733051 0.603273 0.030377 
9755.931548 0.597771 0.030637 
9757.130046 0.662779 0.031013 
9758.328544 0.620938 0.030916 
9759.527042 0.598299 0.030626 
9760.725539 0.594731 0.030145 
9761.924037 0.653648 0.029773 
9763.122535 0.645995 0.029443 
9764.321032 0.659750 0.029563 
9765.519530 0.640971 0.029655 
9766.718028 0.634597 0.029500 
9767.916525 0.621266 0.029170 
9769.115023 0.586109 0.028593 
9770.313521 0.614236 0.028248 
9771.512019 0.633100 0.028051 
9772.710516 0.580193 0.027649 
9773.909014 0.630916 0.027914 
9775.107512 0.671995 0.028447 
9776.306009 0.663234 0.028868 
9777.504507 0.615513 0.029223 
9778.703005 0.667703 0.029899 
9779.901502 0.701025 0.030449 
9781.100000 0.675274 0.030578 
9782.298498 0.656144 0.030775 
9783.496996 0.631398 0.030838 
9784.695493 0.637317 0.031376 
9785.893991 0.628156 0.034317 
9787.092489 0.566957 0.046251 
9788.290986 0.629891 0.079978 
9789.489484 0.780694 0.137410 
9790.687982 0.926738 0.192077 
9791.886479 1.083514 0.219039 
9793.084977 0.822096 0.225216 
9794.283475 0.819715 0.216791 
9795.481973 0.908852 0.192613 
9796.680470 0.493287 0.151954 
9797.878968 0.659418 0.133067 
9799.077466 0.709367 0.178939 
9800.275963 0.631094 0.110134 
9801.474461 0.668800 0.106999 
9802.672959 0.586328 0.103753 
9803.871457 0.668932 0.093242 
9805.069954 0.636072 0.072298 
9806.268452 0.628899 0.054089 
9807.466950 0.660522 0.047991 
9808.665447 0.670546 0.048699 
9809.863945 0.626819 0.054410 
9811.062443 0.669076 0.063199 
9812.260940 0.707117 0.068105 
9813.459438 0.618227 0.067822 
9814.657936 0.730009 0.067707 
9815.856434 0.708719 0.065875 
9817.054931 0.711922 0.059503 
9818.253429 0.709128 0.051536 
9819.451927 0.631872 0.046710 
9820.650424 0.620982 0.044211 
9821.848922 0.648915 0.040928 
9823.047420 0.638267 0.037052 
9824.245917 0.640506 0.035143 
9825.444415 0.633858 0.036164 
9826.642913 0.660483 0.039543 
9827.841411 0.660707 0.043026 
9829.039908 0.681108 0.044905 
9830.238406 0.684165 0.044959 
9831.436904 0.640192 0.043661 
9832.635401 0.653686 0.041228 
9833.833899 0.687883 0.037810 
9835.032397 0.676363 0.034726 
9836.230894 0.647474 0.032862 
9837.429392 0.636001 0.031755 
9838.627890 0.654125 0.031104 
9839.826388 0.646069 0.030606 
9841.024885 0.640115 0.030213 
9842.223383 0.681421 0.030376 
9843.421881 0.665021 0.030838 
9844.620378 0.674929 0.033939 
9845.818876 0.744278 0.047355 
9847.017374 0.765336 0.071170 
9848.215871 0.914211 0.091059 
9849.414369 0.750876 0.099219 
9850.612867 0.783852 0.101609 
9851.811365 0.761877 0.098226 
9853.009862 0.551082 0.082413 
9854.208360 0.593756 0.059190 
9855.406858 0.697291 0.042692 
9856.605355 0.679367 0.035314 
9857.803853 0.680076 0.032697 
9859.002351 0.692605 0.031808 
9860.200849 0.671160 0.031333 
9861.399346 0.669579 0.031247 
9862.597844 0.680449 0.031316 
9863.796342 0.722396 0.031745 
9864.994839 0.683337 0.031967 
9866.193337 0.672715 0.032735 
9867.391835 0.614140 0.034522 
9868.590332 0.614232 0.046001 
9869.788830 0.544252 0.086504 
9870.987328 0.526302 0.145626 
9872.185826 0.978310 0.186659 
9873.384323 0.815494 0.201966 
9874.582821 0.728509 0.204623 
9875.781319 0.578731 0.190720 
9876.979816 0.658311 0.144484 
9878.178314 0.632055 0.088469 
9879.376812 0.672941 0.055795 
9880.575309 0.714850 0.042645 
9881.773807 0.664297 0.037520 
9882.972305 0.685302 0.036791 
9884.170803 0.677004 0.038047 
9885.369300 0.607958 0.039948 
9886.567798 0.616607 0.041334 
9887.766296 0.649165 0.041559 
9888.964793 0.700050 0.041169 
9890.163291 0.645385 0.039840 
9891.361789 0.652609 0.042908 
9892.560286 0.712035 0.063708 
9893.758784 0.679888 0.093622 
9894.957282 0.627687 0.111188 
9896.155780 0.700742 0.117922 
9897.354277 0.653903 0.118774 
9898.552775 0.639368 0.111696 
9899.751273 0.508144 0.087104 
9900.949770 0.694020 0.060625 
9902.148268 0.508948 0.045376 
9903.346766 0.814095 0.041283 
9904.545264 0.784581 0.040132 
9905.743761 0.753183 0.038995 
9906.942259 0.721784 0.037859 
9908.140757 0.690386 0.036723 
9909.339254 0.662121 0.035800 
9910.537752 0.711714 0.041305 
9911.736250 0.693404 0.066826 
9912.934747 0.940966 0.126493 
9914.133245 0.722471 0.181610 
9915.331743 0.813295 0.207473 
9916.530241 1.344206 0.215324 
9917.728738 0.689696 0.227529 
9918.927236 0.192896 0.259172 
9920.125734 0.664180 0.141299 
9921.324231 0.608466 0.071347 
9922.522729 0.634374 0.049734 
9923.721227 0.670760 0.041266 
9924.919724 0.654836 0.037604 
9926.118222 0.613586 0.035929 
9927.316720 0.756813 0.036493 
9928.515218 0.693093 0.035858 
9929.713715 0.646522 0.035894 
9930.912213 0.658529 0.035999 
9932.110711 0.610348 0.035901 
9933.309208 0.696275 0.036981 
9934.507706 0.647366 0.036592 
9935.706204 0.693806 0.037328 
9936.904701 0.637246 0.038184 
9938.103199 0.613328 0.043223 
9939.301697 0.764163 0.062912 
9940.500195 0.869171 0.094579 
9941.698692 0.721017 0.121325 
9942.897190 0.715736 0.145081 
9944.095688 0.550561 0.179005 
9945.294185 0.748219 0.216018 
9946.492683 0.657243 0.232371 
9947.691181 0.426297 0.229318 
9948.889679 0.474229 0.209782 
9950.088176 0.664487 0.167561 
9951.286674 0.819984 0.152951 
9952.485172 0.732273 0.111468 
9953.683669 0.434860 0.090095 
9954.882167 0.771705 0.113418 
9956.080665 0.893807 0.145986 
9957.279162 0.628088 0.162075 
9958.477660 0.951773 0.173217 
9959.676158 0.901267 0.194230 
9960.874656 0.901480 0.212872 
9962.073153 0.971478 0.200982 
9963.271651 0.910149 0.186450 
9964.470149 0.746961 0.178010 
9965.668646 0.545040 0.160381 
9966.867144 0.592339 0.120395 
9968.065642 0.711585 0.078242 
9969.264139 0.637366 0.060068 
9970.462637 0.641753 0.065298 
9971.661135 0.662891 0.078303 
9972.859633 0.638089 0.085352 
9974.058130 0.605529 0.087977 
9975.256628 0.544738 0.089679 
9976.455126 0.663876 0.084989 
9977.653623 0.709848 0.073444 
9978.852121 0.711000 0.062227 
9980.050619 0.723931 0.057355 
9981.249116 0.710331 0.054161 
9982.447614 0.595578 0.050042 
9983.646112 0.621648 0.046187 
9984.844610 0.644252 0.042130 
9986.043107 0.656372 0.039088 
9987.241605 0.653608 0.038043 
9988.440103 0.735123 0.038140 
9989.638600 0.714215 0.038130 
9990.837098 0.687122 0.038073 
9992.035596 0.703110 0.038190 
9993.234093 0.671973 0.038174 
9994.432591 0.668362 0.038325 
9995.631089 0.657752 0.038973 
9996.829587 0.723371 0.043976 
9998.028084 0.890643 0.058133 
9999.226582 1.041247 0.083901 
10000.425080 0.674177 0.115922 
10001.623577 0.785021 0.133939 
10002.822075 1.061964 0.131736 
10004.020573 1.027454 0.117184 
10005.219071 0.689852 0.081745 
10006.417568 0.741804 0.056808 
10007.616066 0.867821 0.050029 
10008.814564 0.805856 0.060116 
10010.013061 0.606761 0.099456 
10011.211559 0.576275 0.169206 
10012.410057 0.640453 0.238553 
10013.608554 0.593575 0.278503 
10014.807052 0.859007 0.292247 
10016.005550 0.774785 0.281264 
10017.204048 0.557303 0.235267 
10018.402545 0.269794 0.164383 
10019.601043 0.371882 0.106422 
10020.799541 0.482373 0.076785 
10021.998038 0.569405 0.070798 
10023.196536 0.665072 0.086997 
10024.395034 0.655635 0.113322 
10025.593531 0.797865 0.130620 
10026.792029 0.902643 0.135655 
10027.990527 0.903724 0.134350 
10029.189025 0.589944 0.122906 
10030.387522 0.554637 0.097476 
10031.586020 0.676927 0.070066 
10032.784518 0.633719 0.053703 
10033.983015 0.707050 0.047973 
10035.181513 0.770872 0.047093 
10036.380011 0.686760 0.047478 
10037.578508 0.690039 0.048474 
10038.777006 0.674331 0.048862 
10039.975504 0.621654 0.050726 
10041.174002 0.643926 0.059098 
10042.372499 0.768706 0.071946 
10043.570997 0.769364 0.080283 
10044.769495 0.671948 0.082959 
10045.967992 0.566807 0.082781 
10047.166490 0.670667 0.078619 
10048.364988 0.699767 0.066360 
10049.563486 0.672813 0.052497 
10050.761983 0.643617 0.044276 
10051.960481 0.669295 0.041176 
10053.158979 0.729307 0.040218 
10054.357476 0.789088 0.040291 
10055.555974 0.754026 0.042044 
10056.754472 0.649194 0.048914 
10057.952969 0.646657 0.065644 
10059.151467 0.665060 0.089462 
10060.349965 0.765181 0.107941 
10061.548463 0.774204 0.116258 
10062.746960 0.684244 0.117938 
10063.945458 0.711253 0.113023 
10065.143956 0.738050 0.099332 
10066.342453 0.750724 0.082591 
10067.540951 0.589138 0.074563 
10068.739449 0.724327 0.078573 
10069.937946 0.700634 0.087460 
10071.136444 0.498174 0.090548 
10072.334942 0.481300 0.089130 
10073.533440 0.522460 0.085410 
10074.731937 0.809898 0.079926 
10075.930435 0.752089 0.068291 
10077.128933 0.764154 0.057748 
10078.327430 0.638825 0.055958 
10079.525928 0.779260 0.078127 
10080.724426 0.286467 0.139404 
10081.922923 0.338821 0.190840 
10083.121421 0.749027 0.212964 
10084.319919 0.867957 0.219902 
10085.518417 1.334426 0.215545 
10086.716914 0.752927 0.170227 
10087.915412 0.764507 0.117680 
10089.113910 0.746019 0.078528 
10090.312407 0.654378 0.060346 
10091.510905 0.677306 0.052584 
10092.709403 0.624956 0.049657 
10093.907900 0.628212 0.049445 
10095.106398 0.795430 0.052052 
10096.304896 0.740808 0.052389 
10097.503394 0.652292 0.053512 
10098.701891 0.780380 0.055879 
10099.900389 0.752026 0.059777 
10101.098887 0.710095 0.074911 
10102.297384 0.845616 0.101176 
10103.495882 0.799987 0.119597 
10104.694380 0.878540 0.125928 
10105.892878 1.028921 0.126787 
10107.091375 0.679256 0.119967 
10108.289873 0.633784 0.118246 
10109.488371 0.625041 0.124009 
10110.686868 0.695467 0.073950 
10111.885366 0.599870 0.058884 
10113.083864 0.710830 0.052661 
10114.282361 0.663463 0.055580 
10115.480859 0.704549 0.051884 
10116.679357 0.576567 0.051217 
10117.877855 0.720235 0.049342 
10119.076352 0.605186 0.051953 
10120.274850 0.620593 0.065601 
10121.473348 0.491313 0.107734 
10122.671845 0.424011 0.169790 
10123.870343 0.159811 0.213018 
10125.068841 0.606819 0.231941 
10126.267338 0.714430 0.235973 
10127.465836 1.363349 0.223193 
10128.664334 1.134287 0.180586 
10129.862832 0.816128 0.123679 
10131.061329 0.736591 0.089154 
10132.259827 0.560684 0.074995 
10133.458325 0.565756 0.069594 
10134.656822 0.569764 0.067490 
10135.855320 0.627230 0.066323 
10137.053818 0.543398 0.062488 
10138.252315 0.665241 0.058745 
10139.450813 0.730007 0.056662 
10140.649311 0.632288 0.057021 
10141.847809 0.650991 0.061558 
10143.046306 0.621797 0.067533 
10144.244804 0.594353 0.072714 
10145.443302 0.661570 0.077872 
10146.641799 0.676963 0.082934 
10147.840297 0.665289 0.086391 
10149.038795 0.687986 0.089339 
10150.237293 0.670166 0.100388 
10151.435790 0.553441 0.121579 
10152.634288 0.395076 0.138357 
10153.832786 0.579092 0.145683 
10155.031283 0.618452 0.148248 
10156.229781 0.487289 0.148078 
10157.428279 0.496599 0.140140 
10158.626776 0.611315 0.125395 
10159.825274 0.672973 0.114277 
10161.023772 0.651583 0.109792 
10162.222270 0.618215 0.107165 
10163.420767 0.633186 0.101965 
10164.619265 0.732654 0.096784 
10165.817763 0.721534 0.095302 
10167.016260 0.544289 0.097177 
10168.214758 0.489470 0.111483 
10169.413256 0.221323 0.154978 
10170.611753 0.360146 0.216543 
10171.810251 0.503562 0.260260 
10173.008749 0.258241 0.277964 
10174.207247 0.240375 0.279066 
10175.405744 0.166402 0.236831 
10176.604242 0.324881 0.183109 
10177.802740 0.695673 0.142951 
10179.001237 0.662293 0.115845 
10180.199735 0.760297 0.115709 
10181.398233 0.875708 0.120125 
10182.596730 0.648698 0.121124 
10183.795228 0.671852 0.121404 
10184.993726 0.801063 0.116474 
10186.192224 0.524025 0.143016 
10187.390721 0.779511 0.233973 
10188.589219 1.316104 0.322410 
10189.787717 0.431871 0.290047 
10190.986214 0.703932 0.284753 
10192.184712 0.860942 0.276701 
10193.383210 0.784397 0.235565 
10194.581707 0.802650 0.190594 
10195.780205 0.707568 0.139857 
10196.978703 0.367251 0.099639 
10198.177201 0.467890 0.088805 
10199.375698 0.548860 0.090185 
10200.574196 0.713908 0.108020 
10201.772694 0.653005 0.128736 
10202.971191 0.497453 0.142320 
10204.169689 0.598693 0.150457 
10205.368187 0.494331 0.155572 
10206.566685 0.621819 0.160573 
10207.765182 0.572506 0.171635 
10208.963680 0.300712 0.208755 
10210.162178 0.315974 0.255543 
10211.360675 0.406142 0.283126 
10212.559173 0.714809 0.288940 
10213.757671 0.124002 0.274013 
10214.956168 0.358801 0.236981 
10216.154666 0.182825 0.174983 
10217.353164 0.276618 0.124415 
10218.551662 0.500770 0.096433 
10219.750159 0.494050 0.084578 
10220.948657 0.534746 0.081534 
10222.147155 0.701021 0.088656 
10223.345652 0.495929 0.113923 
10224.544150 0.448927 0.147883 
10225.742648 0.259458 0.169792 
10226.941145 0.314253 0.181599 
10228.139643 0.486262 0.197113 
10229.338141 0.585349 0.208492 
10230.536639 0.433235 0.173878 
10231.735136 0.530344 0.170490 
10232.933634 0.667622 0.170459 
10234.132132 0.543962 0.155845 
10235.330629 0.453296 0.130164 
10236.529127 0.514783 0.102498 
10237.727625 0.557435 0.084491 
10238.926122 0.640325 0.075752 
10240.124620 0.662968 0.071331 
10241.323118 0.709056 0.069719 
10242.521616 0.693380 0.069338 
10243.720113 0.607244 0.067689 
10244.918611 0.604127 0.066481 
10246.117109 0.642247 0.066002 
10247.315606 0.684041 0.065762 
10248.514104 0.655853 0.064573 
10249.712602 0.585992 0.063579 
10250.911100 0.808060 0.071775 
10252.109597 0.878459 0.109910 
10253.308095 0.722452 0.089286 
10254.506593 0.700720 0.077862 
10255.705090 0.780608 0.077506 
10256.903588 0.652663 0.071336 
10258.102086 0.561989 0.070872 
10259.300583 0.716802 0.072459 
10260.499081 0.656250 0.071567 
10261.697579 0.655365 0.071881 
10262.896077 0.602555 0.072985 
10264.094574 0.656783 0.075087 
10265.293072 0.827671 0.079181 
10266.491570 0.583237 0.080846 
10267.690067 0.634015 0.089033 
10268.888565 0.827010 0.103478 
10270.087063 0.672509 0.114136 
10271.285560 0.450851 0.119147 
10272.484058 0.449051 0.120893 
10273.682556 0.815153 0.119198 
10274.881054 0.559061 0.109390 
10276.079551 0.641816 0.099629 
10277.278049 0.841653 0.098646 
10278.476547 0.780713 0.154866 
10279.675044 0.636523 0.210537 
10280.873542 0.202176 0.231159 
10282.072040 -0.092851 0.429909 
10283.270537 0.000000 0.000000 
10284.469035 0.000000 0.000000 
