3000.000000 0.471049 0.920460 
3001.197218 0.517312 0.897481 
3002.394436 0.360752 0.872376 
3003.591654 0.248757 0.846215 
3004.788872 0.240408 0.817601 
3005.986090 0.587388 0.798564 
3007.183308 1.280662 0.788862 
3008.380526 0.195044 0.748658 
3009.577744 -1.605974 0.696186 
3010.774962 0.188276 0.721092 
3011.972180 2.002425 0.745926 
3013.169398 1.691224 0.721491 
3014.366616 1.163616 0.692214 
3015.563834 0.196466 0.653102 
3016.761052 -0.338654 0.624904 
3017.958270 -0.501162 0.606120 
3019.155488 -0.502741 0.593501 
3020.352706 -0.448158 0.583033 
3021.549924 -0.159090 0.581524 
3022.747142 0.140169 0.581236 
3023.944360 0.424040 0.584939 
3025.141578 0.433512 0.577121 
3026.338796 -0.045312 0.548799 
3027.536014 -0.151843 0.535491 
3028.733232 0.027109 0.533695 
3029.930450 0.018440 0.531951 
3031.127668 -0.045553 0.530221 
3032.324886 -1.366313 0.479476 
3033.522104 -2.279017 0.440408 
3034.719322 -1.252795 0.458113 
3035.916540 -0.511033 0.471207 
3037.113758 -0.212032 0.477125 
3038.310976 -0.517086 0.463105 
3039.508194 -1.228599 0.435670 
3040.705412 -0.663311 0.452454 
3041.902630 0.198883 0.479536 
3043.099848 -0.199724 0.464408 
3044.297066 -0.665655 0.446531 
3045.494284 -1.373930 0.418759 
3046.691502 -1.666669 0.404448 
3047.888720 -1.395173 0.408417 
3049.085938 -0.988442 0.416515 
3050.283156 -0.502636 0.427026 
3051.480374 0.046684 0.434945 
3052.677592 0.558169 0.441440 
3053.874810 0.001179 0.428249 
3055.072028 -0.429824 0.414963 
3056.269246 -0.486305 0.401390 
3057.466464 -0.367875 0.393754 
3058.663682 -0.042138 0.393153 
3059.860900 0.287958 0.402178 
3061.058118 0.620244 0.416041 
3062.255336 -0.016336 0.395761 
3063.452554 -0.704379 0.372972 
3064.649772 -0.366529 0.378384 
3065.846990 -0.070273 0.382840 
3067.044208 0.122843 0.384927 
3068.241426 0.209372 0.388510 
3069.438644 0.187548 0.393612 
3070.635862 0.155316 0.386489 
3071.833080 0.118666 0.374178 
3073.030298 0.458894 0.386233 
3074.227516 0.724964 0.396145 
3075.424734 0.146873 0.371529 
3076.621952 -0.078395 0.359216 
3077.819170 0.431703 0.372544 
3079.016388 0.538281 0.373133 
3080.213606 0.289324 0.362497 
3081.410824 -0.553634 0.339500 
3082.608042 -1.605899 0.312147 
3083.805260 -0.607428 0.340967 
3085.002478 0.237342 0.363561 
3086.199696 -0.383657 0.334988 
3087.396914 -0.659449 0.322055 
3088.594132 -0.326046 0.336726 
3089.791350 -0.206552 0.338294 
3090.988568 -0.249241 0.329928 
3092.185786 -0.388914 0.329126 
3093.383004 -0.556243 0.330480 
3094.580222 -0.293123 0.330579 
3095.777440 -0.112822 0.329726 
3096.974658 -0.301442 0.324995 
3098.171876 -0.487018 0.321935 
3099.369094 -0.668066 0.321359 
3100.566312 -0.476253 0.323975 
3101.763530 -0.046124 0.328632 
3102.960748 0.264637 0.336818 
3104.157966 0.535938 0.345368 
3105.355184 0.328694 0.338305 
3106.552402 0.271805 0.334917 
3107.749620 0.706049 0.343533 
3108.946838 0.539176 0.345338 
3110.144056 -0.384851 0.338566 
3111.341274 -0.410127 0.354578 
3112.538492 0.047239 0.382827 
3113.735711 0.118581 0.378831 
3114.932929 0.143294 0.369821 
3116.130147 0.388707 0.363754 
3117.327365 0.535889 0.357491 
3118.524583 0.424704 0.350709 
3119.721801 0.118790 0.340520 
3120.919019 -0.394950 0.326695 
3122.116237 -0.092366 0.330973 
3123.313455 0.573305 0.343303 
3124.510673 0.568540 0.336159 
3125.707891 0.488192 0.327374 
3126.905109 0.394826 0.322732 
3128.102327 0.354818 0.320374 
3129.299545 0.429577 0.322925 
3130.496763 0.281781 0.319282 
3131.693981 -0.066479 0.310060 
3132.891199 0.089645 0.307902 
3134.088417 0.428501 0.308304 
3135.285635 0.018671 0.302570 
3136.482853 -0.431687 0.294974 
3137.680071 -0.856200 0.279034 
3138.877289 -0.867645 0.273203 
3140.074507 -0.145824 0.285317 
3141.271725 -0.014063 0.285133 
3142.468943 -0.329285 0.275632 
3143.666161 -0.422098 0.271090 
3144.863379 -0.451307 0.267967 
3146.060597 -0.072548 0.271510 
3147.257815 0.190867 0.273566 
3148.455033 -0.042271 0.269145 
3149.652251 0.055602 0.270574 
3150.849469 0.641974 0.280635 
3152.046687 0.512713 0.274342 
3153.243905 -0.068687 0.257716 
3154.441123 0.199066 0.262438 
3155.638341 0.622615 0.271215 
3156.835559 0.148373 0.261785 
3158.032777 -0.145789 0.256571 
3159.229995 0.131815 0.264746 
3160.427213 0.375590 0.271788 
3161.624431 0.577751 0.277435 
3162.821649 0.174212 0.268727 
3164.018867 -0.545122 0.252535 
3165.216085 -0.182470 0.256371 
3166.413303 0.291911 0.262223 
3167.610521 0.077778 0.254690 
3168.807739 -0.101504 0.249661 
3170.004957 -0.192773 0.250956 
3171.202175 -0.149085 0.249939 
3172.399393 0.033428 0.246544 
3173.596611 -0.074618 0.244298 
3174.793829 -0.306106 0.242540 
3175.991047 -0.006544 0.249482 
3177.188265 0.267913 0.256032 
3178.385483 -0.020361 0.253514 
3179.582701 -0.030371 0.256984 
3180.779919 0.526613 0.272655 
3181.977137 0.593100 0.281006 
3183.174355 0.238718 0.283075 
3184.371573 -0.075834 0.285595 
3185.568791 -0.376936 0.288268 
3186.766009 0.362182 0.305079 
3187.963227 0.910070 0.316854 
3189.160445 0.258801 0.300067 
3190.357663 -0.049090 0.289201 
3191.554881 0.215119 0.288202 
3192.752099 0.298267 0.288086 
3193.949317 0.252589 0.288599 
3195.146535 0.299622 0.288356 
3196.343753 0.371351 0.287921 
3197.540971 0.662992 0.289176 
3198.738189 0.825124 0.289213 
3199.935407 0.507711 0.284740 
3201.132625 0.316472 0.281574 
3202.329843 0.298634 0.280203 
3203.527061 0.557248 0.284009 
3204.724279 0.977966 0.290851 
3205.921497 0.392386 0.279241 
3207.118715 -0.328468 0.265373 
3208.315933 0.058169 0.276153 
3209.513151 0.256395 0.282673 
3210.710369 -0.086898 0.276947 
3211.907587 -0.170797 0.275090 
3213.104805 0.040530 0.277637 
3214.302023 0.141382 0.281221 
3215.499241 0.189493 0.285301 
3216.696459 0.342286 0.286596 
3217.893677 0.473106 0.286486 
3219.090895 0.266949 0.276443 
3220.288113 0.061449 0.269869 
3221.485331 -0.142549 0.271226 
3222.682549 -0.123216 0.271014 
3223.879767 0.107560 0.269317 
3225.076985 -0.161575 0.259458 
3226.274203 -0.622273 0.246471 
3227.471421 -0.607806 0.246545 
3228.668639 -0.520479 0.248328 
3229.865857 -0.201012 0.254708 
3231.063075 0.051980 0.261021 
3232.260293 0.181956 0.267210 
3233.457511 0.231101 0.272617 
3234.654729 0.216824 0.277411 
3235.851947 0.211709 0.278658 
3237.049165 0.209334 0.278844 
3238.246383 -0.237157 0.276880 
3239.443601 -0.527757 0.276148 
3240.640819 -0.107952 0.280911 
3241.838037 0.105172 0.281823 
3243.035255 0.005199 0.276904 
3244.232473 -0.114993 0.273365 
3245.429691 -0.248272 0.270718 
3246.626909 0.051704 0.276496 
3247.824127 0.423784 0.283471 
3249.021345 -0.165931 0.264019 
3250.218563 -0.545901 0.250883 
3251.415781 -0.242923 0.258319 
3252.612999 -0.046836 0.260457 
3253.810217 0.015559 0.255970 
3255.007435 0.199334 0.255970 
3256.204653 0.447387 0.258346 
3257.401871 0.389616 0.256426 
3258.599089 0.274238 0.253370 
3259.796307 0.038023 0.244452 
3260.993525 -0.122037 0.238413 
3262.190743 -0.088095 0.239708 
3263.387961 -0.158750 0.238211 
3264.585179 -0.337719 0.233822 
3265.782397 -0.084086 0.241245 
3266.979615 0.354177 0.253708 
3268.176833 -0.053627 0.245347 
3269.374051 -0.391854 0.238409 
3270.571269 0.394257 0.257010 
3271.768487 0.680972 0.268143 
3272.965705 -0.049918 0.264059 
3274.162923 -0.214751 0.268821 
3275.360141 0.105024 0.281158 
3276.557359 0.325075 0.285594 
3277.754577 0.511566 0.287372 
3278.951795 0.426607 0.280322 
3280.149013 0.307080 0.272774 
3281.346231 0.075209 0.264697 
3282.543449 -0.137846 0.254980 
3283.740667 -0.319745 0.242547 
3284.937885 -0.282805 0.238646 
3286.135103 -0.091357 0.240768 
3287.332321 -0.080089 0.239159 
3288.529539 -0.113744 0.236611 
3289.726757 0.108311 0.237632 
3290.923975 0.169707 0.237053 
3292.121193 -0.357367 0.230609 
3293.318411 -0.507328 0.228470 
3294.515629 -0.145351 0.232175 
3295.712847 0.204863 0.237528 
3296.910065 0.548283 0.243833 
3298.107283 0.431880 0.245213 
3299.304501 0.231207 0.245470 
3300.501719 0.054114 0.242031 
3301.698937 -0.051742 0.239970 
3302.896155 0.042793 0.241788 
3304.093373 0.299399 0.245322 
3305.290591 0.737358 0.250778 
3306.487809 0.744049 0.244909 
3307.685027 0.549061 0.233745 
3308.882245 0.204831 0.227378 
3310.079463 -0.112407 0.221685 
3311.276681 -0.022135 0.216728 
3312.473899 0.048340 0.213999 
3313.671117 0.074750 0.216230 
3314.868335 0.067618 0.215609 
3316.065553 0.029465 0.212350 
3317.262771 0.150573 0.209706 
3318.459989 0.330855 0.207290 
3319.657207 0.107526 0.201972 
3320.854425 -0.114965 0.197242 
3322.051643 -0.180203 0.196990 
3323.248861 -0.183052 0.196083 
3324.446079 -0.073695 0.194000 
3325.643297 -0.065525 0.193154 
3326.840515 -0.134677 0.193254 
3328.037733 -0.110604 0.191849 
3329.234951 -0.059643 0.190011 
3330.432169 -0.105796 0.189196 
3331.629387 -0.149101 0.188006 
3332.826605 -0.174789 0.185212 
3334.023823 -0.074708 0.184839 
3335.221041 0.210796 0.188036 
3336.418259 0.335390 0.189048 
3337.615477 0.358613 0.188682 
3338.812695 0.057668 0.186798 
3340.009913 -0.296411 0.184646 
3341.207132 -0.141746 0.184287 
3342.404350 0.044487 0.184656 
3343.601568 0.330099 0.187318 
3344.798786 0.286429 0.184959 
3345.996004 -0.157372 0.176500 
3347.193222 -0.154810 0.175132 
3348.390440 0.078104 0.177424 
3349.587658 -0.077071 0.178421 
3350.784876 -0.264392 0.180261 
3351.982094 -0.144050 0.194152 
3353.179312 0.063182 0.208596 
3354.376530 0.486214 0.224408 
3355.573748 0.428770 0.228931 
3356.770966 -0.116942 0.221980 
3357.968184 -0.167454 0.220380 
3359.165402 -0.010582 0.221022 
3360.362620 0.024737 0.215550 
3361.559838 0.031627 0.209902 
3362.757056 -0.082685 0.207124 
3363.954274 -0.102651 0.203951 
3365.151492 0.067356 0.199981 
3366.348710 0.150896 0.197106 
3367.545928 0.160989 0.195159 
3368.743146 0.166783 0.193604 
3369.940364 0.171141 0.192180 
3371.137582 0.094584 0.187753 
3372.334800 -0.002577 0.183202 
3373.532018 -0.185039 0.178684 
3374.729236 -0.254821 0.176345 
3375.926454 -0.137319 0.177627 
3377.123672 -0.022866 0.176637 
3378.320890 0.089418 0.174029 
3379.518108 0.170633 0.174959 
3380.715326 0.243689 0.176808 
3381.912544 0.288085 0.175293 
3383.109762 0.313931 0.173597 
3384.306980 0.270006 0.171215 
3385.504198 0.197514 0.169461 
3386.701416 0.085311 0.168579 
3387.898634 0.093570 0.168287 
3389.095852 0.173519 0.168345 
3390.293070 0.201089 0.166598 
3391.490288 0.217998 0.164492 
3392.687506 0.227592 0.162345 
3393.884724 0.160049 0.159773 
3395.081942 -0.136116 0.155942 
3396.279160 -0.221479 0.153969 
3397.476378 -0.060210 0.154169 
3398.673596 0.138711 0.163037 
3399.870814 0.356261 0.176194 
3401.068032 0.129414 0.168070 
3402.265250 -0.125018 0.158082 
3403.462468 -0.019289 0.159557 
3404.659686 0.049485 0.160767 
3405.856904 0.029546 0.161344 
3407.054122 0.052344 0.163127 
3408.251340 0.117703 0.166110 
3409.448558 0.096737 0.165278 
3410.645776 0.040632 0.162893 
3411.842994 -0.133328 0.158897 
3413.040212 -0.307093 0.155098 
3414.237430 -0.408474 0.153626 
3415.434648 -0.401328 0.154250 
3416.631866 -0.179596 0.159019 
3417.829084 -0.018427 0.160109 
3419.026302 0.091930 0.158112 
3420.223520 0.132911 0.157397 
3421.420738 0.150985 0.157104 
3422.617956 -0.069045 0.154520 
3423.815174 -0.240100 0.152824 
3425.012392 -0.120293 0.155982 
3426.209610 -0.140965 0.156513 
3427.406828 -0.394364 0.152691 
3428.604046 -0.474160 0.148284 
3429.801264 -0.430583 0.143460 
3430.998482 -0.282060 0.143957 
3432.195700 -0.106191 0.145845 
3433.392918 -0.032445 0.146033 
3434.590136 0.031199 0.146436 
3435.787354 0.056629 0.147655 
3436.984572 0.069507 0.148556 
3438.181790 0.064863 0.149014 
3439.379008 -0.005303 0.149693 
3440.576226 -0.114695 0.150504 
3441.773444 -0.176620 0.151666 
3442.970662 -0.227985 0.152809 
3444.167880 -0.253984 0.151896 
3445.365098 -0.193666 0.152034 
3446.562316 0.125568 0.155325 
3447.759534 0.250103 0.155975 
3448.956752 0.144358 0.153499 
3450.153970 0.105451 0.149989 
3451.351188 0.100011 0.145962 
3452.548406 -0.018360 0.142337 
3453.745624 -0.149555 0.139383 
3454.942842 -0.243189 0.143224 
3456.140060 -0.264174 0.146926 
3457.337278 -0.108039 0.150290 
3458.534496 0.036568 0.151674 
3459.731714 0.169600 0.151070 
3460.928932 0.248381 0.149316 
3462.126150 0.304666 0.147086 
3463.323368 -0.072778 0.136871 
3464.520586 -0.420475 0.127740 
3465.717804 -0.269274 0.131620 
3466.915022 -0.154837 0.135090 
3468.112240 -0.114564 0.137733 
3469.309458 -0.138324 0.142795 
3470.506676 -0.216741 0.149922 
3471.703894 -0.092198 0.156033 
3472.901112 0.100927 0.161802 
3474.098330 -0.238792 0.158454 
3475.295548 -0.455605 0.155931 
3476.492766 0.084896 0.159825 
3477.689984 0.339097 0.160756 
3478.887202 0.108434 0.156667 
3480.084420 0.056146 0.153639 
3481.281638 0.133429 0.151382 
3482.478856 0.054856 0.146002 
3483.676074 -0.065853 0.139777 
3484.873292 -0.079399 0.139567 
3486.070510 -0.114743 0.138517 
3487.267728 -0.237853 0.134045 
3488.464946 -0.180601 0.132471 
3489.662164 0.135515 0.135056 
3490.859382 0.190333 0.134877 
3492.056600 0.083918 0.132992 
3493.253818 0.047062 0.131498 
3494.451036 0.020345 0.130041 
3495.648254 -0.133611 0.127310 
3496.845472 -0.184761 0.126444 
3498.042690 0.086698 0.131430 
3499.239908 0.141533 0.132370 
3500.437126 -0.069034 0.128353 
3501.634344 -0.205442 0.126344 
3502.831562 -0.303151 0.125383 
3504.028780 -0.221548 0.126464 
3505.225998 -0.111899 0.127852 
3506.423216 -0.002658 0.129081 
3507.620434 0.076608 0.129504 
3508.817652 0.078693 0.127854 
3510.014870 0.124722 0.127985 
3511.212088 0.217035 0.129994 
3512.409306 0.280843 0.130883 
3513.606524 0.332114 0.131281 
3514.803742 0.128011 0.125585 
3516.000960 -0.078290 0.119938 
3517.198178 -0.076129 0.120098 
3518.395396 -0.019988 0.120459 
3519.592614 0.152730 0.121253 
3520.789832 0.114460 0.121085 
3521.987050 -0.115234 0.120045 
3523.184268 0.005820 0.123063 
3524.381486 0.255980 0.127575 
3525.578704 0.200804 0.126693 
3526.775922 0.134590 0.125711 
3527.973140 0.122131 0.126240 
3529.170358 0.184316 0.127392 
3530.367576 0.384423 0.129695 
3531.564794 0.373710 0.131876 
3532.762012 0.197029 0.133958 
3533.959230 0.061725 0.135700 
3535.156448 -0.060969 0.137338 
3536.353666 0.050123 0.144305 
3537.550884 0.140746 0.150186 
3538.748102 0.109261 0.150462 
3539.945320 0.108686 0.150120 
3541.142538 0.157094 0.148801 
3542.339756 0.110399 0.148017 
3543.536974 -0.001362 0.147600 
3544.734192 0.060956 0.146747 
3545.931410 0.166161 0.145778 
3547.128628 0.210978 0.143727 
3548.325846 0.215704 0.141681 
3549.523064 0.073205 0.139654 
3550.720282 -0.020368 0.138330 
3551.917500 -0.046601 0.137974 
3553.114718 0.097945 0.138862 
3554.311936 0.343835 0.140486 
3555.509154 0.171024 0.140729 
3556.706372 -0.074778 0.140569 
3557.903590 -0.085461 0.137484 
3559.100808 -0.066263 0.134474 
3560.298026 0.043864 0.131692 
3561.495244 0.086073 0.127274 
3562.692462 0.046496 0.120885 
3563.889680 0.022006 0.115950 
3565.086898 0.005279 0.111763 
3566.284116 -0.064179 0.111303 
3567.481334 -0.119814 0.111482 
3568.678553 0.102309 0.112496 
3569.875771 0.219407 0.112920 
3571.072989 0.065829 0.111822 
3572.270207 0.012201 0.111612 
3573.467425 0.064252 0.112338 
3574.664643 0.159426 0.114243 
3575.861861 0.273757 0.116670 
3577.059079 0.323255 0.116669 
3578.256297 0.338760 0.115889 
3579.453515 0.136113 0.110986 
3580.650733 0.084012 0.109943 
3581.847951 0.355145 0.117190 
3583.045169 0.417255 0.118990 
3584.242387 0.291447 0.115893 
3585.439605 0.223005 0.116547 
3586.636823 0.175445 0.118567 
3587.834041 0.266564 0.108933 
3589.031259 0.358511 0.100068 
3590.228477 0.396003 0.101075 
3591.425695 0.341319 0.100716 
3592.622913 0.109816 0.097735 
3593.820131 0.097475 0.097403 
3595.017349 0.265368 0.099249 
3596.214567 0.231425 0.097806 
3597.411785 0.131887 0.095294 
3598.609003 0.137161 0.094445 
3599.806221 0.155829 0.093701 
3601.003439 0.219909 0.093140 
3602.200657 0.255101 0.092788 
3603.397875 0.241798 0.092788 
3604.595093 0.245898 0.092481 
3605.792311 0.262628 0.091951 
3606.989529 0.224469 0.090359 
3608.186747 0.171322 0.088477 
3609.383965 0.376628 0.092645 
3610.581183 0.490012 0.095981 
3611.778401 0.219591 0.095719 
3612.975619 0.069859 0.096428 
3614.172837 0.099534 0.098583 
3615.370055 0.177131 0.100501 
3616.567273 0.285439 0.102269 
3617.764491 0.346164 0.102581 
3618.961709 0.392645 0.102517 
3620.158927 0.279667 0.100279 
3621.356145 0.138476 0.098048 
3622.553363 -0.098711 0.095843 
3623.750581 -0.111228 0.095997 
3624.947799 0.170442 0.099240 
3626.145017 0.230503 0.099818 
3627.342235 0.165245 0.098889 
3628.539453 0.105231 0.097975 
3629.736671 0.047260 0.097067 
3630.933889 0.009654 0.096195 
3632.131107 -0.018125 0.095910 
3633.328325 -0.017384 0.097326 
3634.525543 -0.010188 0.097011 
3635.722761 0.004531 0.094676 
3636.919979 0.149266 0.095074 
3638.117197 0.358248 0.096822 
3639.314415 0.169176 0.094394 
3640.511633 -0.034294 0.091744 
3641.708851 0.273275 0.093610 
3642.906069 0.467561 0.094356 
3644.103287 0.376002 0.092271 
3645.300505 0.312966 0.091437 
3646.497723 0.279634 0.091903 
3647.694941 0.275250 0.091469 
3648.892159 0.283481 0.090643 
3650.089377 0.239881 0.089900 
3651.286595 0.180649 0.088988 
3652.483813 0.037964 0.086571 
3653.681031 -0.047883 0.085263 
3654.878249 -0.008370 0.086401 
3656.075467 0.103480 0.088665 
3657.272685 0.282805 0.091979 
3658.469903 0.302077 0.091937 
3659.667121 0.259976 0.090610 
3660.864339 0.337626 0.092088 
3662.061557 0.411660 0.093270 
3663.258775 0.402230 0.091129 
3664.455993 0.368207 0.088784 
3665.653211 0.286210 0.086042 
3666.850429 0.181249 0.084038 
3668.047647 0.057067 0.082652 
3669.244865 0.043381 0.082396 
3670.442083 0.066591 0.082516 
3671.639301 0.157712 0.083247 
3672.836519 0.237764 0.083723 
3674.033737 0.242966 0.082708 
3675.230955 0.233234 0.081353 
3676.428173 0.197565 0.079406 
3677.625391 0.189833 0.077647 
3678.822609 0.203141 0.076031 
3680.019827 0.245021 0.076176 
3681.217045 0.295210 0.076833 
3682.414263 0.281298 0.076480 
3683.611481 0.264584 0.076112 
3684.808699 0.241347 0.075768 
3686.005917 0.205931 0.075717 
3687.203135 0.151482 0.076123 
3688.400353 0.159782 0.077390 
3689.597571 0.210572 0.079240 
3690.794789 0.310609 0.080195 
3691.992007 0.421854 0.080921 
3693.189225 0.385316 0.080754 
3694.386443 0.348057 0.080860 
3695.583661 0.308120 0.081986 
3696.780879 0.270194 0.083165 
3697.978097 0.235087 0.084420 
3699.175315 0.194712 0.084916 
3700.372533 0.151128 0.084951 
3701.569751 0.216212 0.084868 
3702.766969 0.295557 0.084637 
3703.964187 0.106722 0.080546 
3705.161405 0.010418 0.077806 
3706.358623 0.213420 0.079435 
3707.555841 0.289431 0.080129 
3708.753059 0.204427 0.079639 
3709.950277 0.137910 0.078609 
3711.147495 0.081526 0.077283 
3712.344713 0.174655 0.078467 
3713.541931 0.286661 0.079953 
3714.739149 0.273752 0.079111 
3715.936367 0.236347 0.077750 
3717.133585 0.129340 0.074915 
3718.330803 0.109018 0.073076 
3719.528021 0.188344 0.072383 
3720.725239 0.142084 0.071613 
3721.922457 0.033959 0.070805 
3723.119675 0.091922 0.075383 
3724.316893 0.171414 0.080472 
3725.514111 0.227147 0.082628 
3726.711329 0.301198 0.084739 
3727.908547 0.421414 0.086735 
3729.105765 0.374151 0.085882 
3730.302983 0.151762 0.082049 
3731.500201 0.129957 0.080564 
3732.697419 0.196789 0.080117 
3733.894637 0.151109 0.078952 
3735.091855 0.100486 0.077868 
3736.289073 0.118198 0.078195 
3737.486291 0.161964 0.079147 
3738.683509 0.264494 0.081509 
3739.880727 0.314079 0.082803 
3741.077945 0.313162 0.083078 
3742.275163 0.228290 0.081224 
3743.472381 0.110174 0.078526 
3744.669599 0.215161 0.077438 
3745.866817 0.321502 0.076418 
3747.064035 0.303437 0.074920 
3748.261253 0.281951 0.073726 
3749.458471 0.253510 0.073152 
3750.655689 0.199869 0.072670 
3751.852907 0.124265 0.072269 
3753.050125 0.117994 0.072797 
3754.247343 0.136254 0.073653 
3755.444561 0.083771 0.072147 
3756.641779 0.049146 0.070722 
3757.838997 0.142506 0.070583 
3759.036215 0.178786 0.069891 
3760.233433 0.109846 0.068176 
3761.430651 0.129734 0.067874 
3762.627869 0.220541 0.068698 
3763.825087 0.175302 0.067691 
3765.022305 0.087178 0.066107 
3766.219523 0.204238 0.067149 
3767.416741 0.303772 0.068119 
3768.613959 0.279482 0.068253 
3769.811177 0.271222 0.068482 
3771.008395 0.289927 0.068871 
3772.205613 0.276041 0.069223 
3773.402831 0.238265 0.069548 
3774.600049 0.176444 0.069511 
3775.797267 0.107884 0.069373 
3776.994485 0.292706 0.071281 
3778.191703 0.436617 0.072683 
3779.388921 0.388677 0.071777 
3780.586139 0.314119 0.070822 
3781.783357 0.198469 0.069793 
3782.980575 0.164165 0.069191 
3784.177793 0.184749 0.068877 
3785.375011 0.158089 0.067937 
3786.572229 0.119930 0.066846 
3787.769447 0.130646 0.066615 
3788.966665 0.128399 0.066314 
3790.163883 0.076880 0.065744 
3791.361101 0.110226 0.065961 
3792.558319 0.264715 0.067299 
3793.755537 0.315787 0.067688 
3794.952756 0.302381 0.067485 
3796.149974 0.326489 0.066892 
3797.347192 0.357739 0.066221 
3798.544410 0.342765 0.065897 
3799.741628 0.322731 0.065367 
3800.938846 0.285521 0.064136 
3802.136064 0.257206 0.063714 
3803.333282 0.240663 0.064361 
3804.530500 0.197510 0.064291 
3805.727718 0.138976 0.063807 
3806.924936 0.152464 0.063317 
3808.122154 0.179120 0.062869 
3809.319372 0.185406 0.063456 
3810.516590 0.209026 0.064242 
3811.713808 0.286448 0.065642 
3812.911026 0.284716 0.066120 
3814.108244 0.184977 0.065457 
3815.305462 0.245396 0.066168 
3816.502680 0.392081 0.067621 
3817.699898 0.290763 0.066886 
3818.897116 0.157678 0.065807 
3820.094334 0.209832 0.065263 
3821.291552 0.252690 0.064706 
3822.488770 0.268940 0.064111 
3823.685988 0.228003 0.063202 
3824.883206 0.120415 0.061927 
3826.080424 0.213460 0.062911 
3827.277642 0.407756 0.065035 
3828.474860 0.360403 0.066049 
3829.672078 0.277979 0.066865 
3830.869296 0.223694 0.067325 
3832.066514 0.195220 0.067918 
3833.263732 0.235600 0.068863 
3834.460950 0.246800 0.068503 
3835.658168 0.225789 0.066700 
3836.855386 0.174472 0.064844 
3838.052604 0.108754 0.062962 
3839.249822 0.149528 0.062608 
3840.447040 0.203816 0.062556 
3841.644258 0.247215 0.063548 
3842.841476 0.245254 0.064062 
3844.038694 0.129535 0.063376 
3845.235912 0.077736 0.063319 
3846.433130 0.093156 0.063921 
3847.630348 0.160466 0.064720 
3848.827566 0.251141 0.065608 
3850.024784 0.245821 0.065470 
3851.222002 0.229824 0.065112 
3852.419220 0.224039 0.063842 
3853.616438 0.197618 0.062570 
3854.813656 0.122042 0.061291 
3856.010874 0.130037 0.061139 
3857.208092 0.222330 0.062124 
3858.405310 0.254369 0.062308 
3859.602528 0.260571 0.062148 
3860.799746 0.231024 0.061702 
3861.996964 0.210788 0.061384 
3863.194182 0.304879 0.062440 
3864.391400 0.363653 0.063178 
3865.588618 0.342068 0.063190 
3866.785836 0.263399 0.062632 
3867.983054 0.129231 0.061520 
3869.180272 0.168627 0.061741 
3870.377490 0.279327 0.062509 
3871.574708 0.253040 0.061871 
3872.771926 0.210063 0.061162 
3873.969144 0.141588 0.060993 
3875.166362 0.121365 0.061265 
3876.363580 0.206788 0.062503 
3877.560798 0.219902 0.063223 
3878.758016 0.164909 0.063456 
3879.955234 0.165879 0.063230 
3881.152452 0.189008 0.062823 
3882.349670 0.267342 0.063871 
3883.546888 0.342490 0.065001 
3884.744106 0.357392 0.065772 
3885.941324 0.307046 0.066230 
3887.138542 0.118271 0.066022 
3888.335760 0.085099 0.067182 
3889.532978 0.194606 0.069597 
3890.730196 0.193352 0.069361 
3891.927414 0.149617 0.068108 
3893.124632 0.120474 0.067358 
3894.321850 0.104435 0.066588 
3895.519068 0.171698 0.065387 
3896.716286 0.228480 0.064660 
3897.913504 0.263596 0.064914 
3899.110722 0.265705 0.064892 
3900.307940 0.238198 0.064624 
3901.505158 0.212223 0.064410 
3902.702376 0.186820 0.064216 
3903.899594 0.189979 0.065027 
3905.096812 0.208993 0.066046 
3906.294030 0.319588 0.067948 
3907.491248 0.372722 0.069318 
3908.688466 0.309578 0.069614 
3909.885684 0.322432 0.071333 
3911.082902 0.402257 0.074307 
3912.280120 0.376981 0.077060 
3913.477338 0.313294 0.079732 
3914.674556 0.293059 0.080685 
3915.871774 0.305875 0.081290 
3917.068992 0.512626 0.080430 
3918.266210 0.595449 0.077397 
3919.463428 0.431519 0.070034 
3920.660646 0.332679 0.063582 
3921.857864 0.290308 0.057920 
3923.055082 0.244884 0.055612 
3924.252300 0.198368 0.054504 
3925.449518 0.220862 0.053590 
3926.646736 0.246763 0.052888 
3927.843954 0.264244 0.053437 
3929.041172 0.263841 0.053240 
3930.238390 0.228230 0.051575 
3931.435608 0.248777 0.051031 
3932.632826 0.317705 0.051454 
3933.830044 0.309837 0.051211 
3935.027262 0.274644 0.050733 
3936.224480 0.294143 0.050875 
3937.421698 0.307974 0.051022 
3938.618916 0.263861 0.050940 
3939.816134 0.238858 0.051085 
3941.013352 0.251225 0.051671 
3942.210570 0.267251 0.052404 
3943.407788 0.286414 0.053263 
3944.605006 0.327299 0.054519 
3945.802224 0.375869 0.055916 
3946.999442 0.314321 0.056377 
3948.196660 0.260029 0.056840 
3949.393878 0.295048 0.057689 
3950.591096 0.310666 0.058096 
3951.788314 0.288386 0.057639 
3952.985532 0.340658 0.057423 
3954.182750 0.456807 0.057414 
3955.379968 0.353563 0.055273 
3956.577186 0.172580 0.052377 
3957.774404 0.284070 0.053706 
3958.971622 0.398179 0.055078 
3960.168840 0.408238 0.054983 
3961.366058 0.366131 0.054091 
3962.563276 0.221731 0.051634 
3963.760494 0.206900 0.050754 
3964.957712 0.303612 0.051233 
3966.154930 0.308064 0.050281 
3967.352148 0.279583 0.048819 
3968.549366 0.294600 0.048696 
3969.746584 0.307610 0.048612 
3970.943802 0.289190 0.048201 
3972.141020 0.277889 0.047982 
3973.338238 0.280676 0.048143 
3974.535456 0.276609 0.048683 
3975.732674 0.266587 0.049552 
3976.929892 0.301246 0.051139 
3978.127110 0.352067 0.052986 
3979.324328 0.306846 0.053637 
3980.521546 0.275531 0.054250 
3981.718764 0.379069 0.055176 
3982.915982 0.437997 0.055700 
3984.113200 0.407323 0.055420 
3985.310418 0.340279 0.054926 
3986.507636 0.241184 0.054244 
3987.704854 0.249951 0.054342 
3988.902072 0.298573 0.054729 
3990.099290 0.354026 0.056973 
3991.296508 0.388572 0.058866 
3992.493726 0.267103 0.057122 
3993.690944 0.203612 0.056275 
3994.888162 0.263274 0.057333 
3996.085380 0.308176 0.057918 
3997.282598 0.339351 0.058063 
3998.479816 0.383141 0.057140 
3999.677034 0.431829 0.055801 
4000.874252 0.386916 0.055769 
4002.071470 0.335375 0.055781 
4003.268688 0.291647 0.055348 
4004.465906 0.283017 0.055354 
4005.663124 0.348294 0.056285 
4006.860342 0.372507 0.056487 
4008.057560 0.358915 0.056016 
4009.254778 0.367446 0.056453 
4010.451996 0.384620 0.057244 
4011.649214 0.381942 0.057517 
4012.846432 0.383908 0.057907 
4014.043650 0.434584 0.059538 
4015.240868 0.471266 0.060546 
4016.438086 0.477490 0.060197 
4017.635304 0.455911 0.059552 
4018.832522 0.407958 0.058627 
4020.029740 0.360729 0.057934 
4021.226958 0.313794 0.057334 
4022.424177 0.359637 0.057794 
4023.621395 0.407781 0.058236 
4024.818613 0.399036 0.057661 
4026.015831 0.372893 0.056940 
4027.213049 0.307325 0.055890 
4028.410267 0.302995 0.055741 
4029.607485 0.358792 0.056479 
4030.804703 0.395863 0.056476 
4032.001921 0.425002 0.056159 
4033.199139 0.364314 0.055466 
4034.396357 0.305655 0.054864 
4035.593575 0.356667 0.055467 
4036.790793 0.406525 0.056009 
4037.988011 0.453644 0.056407 
4039.185229 0.452231 0.056468 
4040.382447 0.401117 0.056185 
4041.579665 0.375253 0.056456 
4042.776883 0.360638 0.056975 
4043.974101 0.349623 0.056934 
4045.171319 0.343150 0.056880 
4046.368537 0.379576 0.057430 
4047.565755 0.399858 0.057711 
4048.762973 0.379539 0.057316 
4049.960191 0.338985 0.056667 
4051.157409 0.276707 0.055746 
4052.354627 0.318380 0.056227 
4053.551845 0.409037 0.057368 
4054.749063 0.384273 0.056820 
4055.946281 0.346367 0.056073 
4057.143499 0.346150 0.055787 
4058.340717 0.341601 0.055473 
4059.537935 0.325440 0.055079 
4060.735153 0.339725 0.055135 
4061.932371 0.388488 0.055700 
4063.129589 0.389958 0.055978 
4064.326807 0.367713 0.056111 
4065.524025 0.309323 0.056036 
4066.721243 0.247272 0.055967 
4067.918461 0.217368 0.056531 
4069.115679 0.212755 0.056927 
4070.312897 0.281055 0.056841 
4071.510115 0.378380 0.057518 
4072.707333 0.510608 0.059112 
4073.904551 0.523613 0.058798 
4075.101769 0.472653 0.057462 
4076.298987 0.410640 0.056817 
4077.496205 0.348299 0.056297 
4078.693423 0.321800 0.055808 
4079.890641 0.327588 0.055705 
4081.087859 0.435101 0.056816 
4082.285077 0.511844 0.057647 
4083.482295 0.549024 0.058117 
4084.679513 0.511786 0.057727 
4085.876731 0.431581 0.056839 
4087.073949 0.370645 0.056230 
4088.271167 0.316156 0.055703 
4089.468385 0.353002 0.056081 
4090.665603 0.369464 0.056189 
4091.862821 0.315220 0.055353 
4093.060039 0.310844 0.055009 
4094.257257 0.375289 0.055343 
4095.454475 0.402863 0.055642 
4096.651693 0.407393 0.055920 
4097.848911 0.423460 0.055823 
4099.046129 0.442060 0.055639 
4100.243347 0.440707 0.055494 
4101.440565 0.445167 0.055333 
4102.637783 0.472410 0.055112 
4103.835001 0.452099 0.054411 
4105.032219 0.360218 0.052989 
4106.229437 0.297426 0.051898 
4107.426655 0.254439 0.051033 
4108.623873 0.343282 0.052693 
4109.821091 0.467027 0.055022 
4111.018309 0.372088 0.053941 
4112.215527 0.326172 0.053452 
4113.412745 0.515424 0.055847 
4114.609963 0.594467 0.056869 
4115.807181 0.491078 0.055621 
4117.004399 0.444845 0.055300 
4118.201617 0.441269 0.055671 
4119.398835 0.395260 0.055134 
4120.596053 0.336480 0.054323 
4121.793271 0.351100 0.054435 
4122.990489 0.378938 0.054825 
4124.187707 0.462493 0.056515 
4125.384925 0.511906 0.057483 
4126.582143 0.498862 0.057132 
4127.779361 0.469898 0.056820 
4128.976579 0.427824 0.056541 
4130.173797 0.411570 0.056405 
4131.371015 0.404232 0.056319 
4132.568233 0.416857 0.056463 
4133.765451 0.431012 0.056627 
4134.962669 0.446561 0.056814 
4136.159887 0.468910 0.057138 
4137.357105 0.505211 0.057742 
4138.554323 0.473941 0.057714 
4139.751541 0.380847 0.057110 
4140.948759 0.416039 0.057849 
4142.145977 0.501743 0.059116 
4143.343195 0.449758 0.057637 
4144.540413 0.396374 0.056127 
4145.737631 0.443495 0.056603 
4146.934849 0.455161 0.056534 
4148.132067 0.384052 0.055194 
4149.329285 0.364542 0.054733 
4150.526503 0.397872 0.055173 
4151.723721 0.412147 0.055515 
4152.920939 0.417790 0.055812 
4154.118157 0.463127 0.056453 
4155.315375 0.506312 0.057057 
4156.512593 0.459120 0.056653 
4157.709811 0.428574 0.056589 
4158.907029 0.443014 0.057443 
4160.104247 0.432825 0.057680 
4161.301465 0.394170 0.057204 
4162.498683 0.405530 0.057521 
4163.695901 0.442926 0.058250 
4164.893119 0.538407 0.059622 
4166.090337 0.635681 0.061021 
4167.287555 0.554921 0.060603 
4168.484773 0.479013 0.060078 
4169.681991 0.418625 0.059214 
4170.879209 0.386018 0.058915 
4172.076427 0.389993 0.059361 
4173.273645 0.423128 0.059553 
4174.470863 0.473750 0.059591 
4175.668081 0.536333 0.060037 
4176.865299 0.599970 0.060549 
4178.062517 0.528639 0.059076 
4179.259735 0.468749 0.057866 
4180.456953 0.453311 0.057685 
4181.654171 0.441384 0.057473 
4182.851389 0.434767 0.057216 
4184.048607 0.464900 0.057259 
4185.245825 0.520495 0.057511 
4186.443043 0.512329 0.057549 
4187.640261 0.486551 0.057530 
4188.837479 0.476680 0.056850 
4190.034697 0.467342 0.056304 
4191.231915 0.458754 0.056495 
4192.429133 0.473144 0.056811 
4193.626351 0.528040 0.057349 
4194.823569 0.594725 0.058065 
4196.020787 0.670883 0.058923 
4197.218005 0.622561 0.058521 
4198.415223 0.532092 0.057691 
4199.612441 0.530905 0.057667 
4200.809659 0.530176 0.057561 
4202.006877 0.494633 0.056579 
4203.204095 0.475153 0.055922 
4204.401313 0.489164 0.055941 
4205.598531 0.512997 0.056170 
4206.795749 0.546030 0.056596 
4207.992967 0.550343 0.056698 
4209.190185 0.542846 0.056666 
4210.387403 0.574229 0.057082 
4211.584621 0.604457 0.057495 
4212.781839 0.581473 0.057403 
4213.979057 0.565327 0.057315 
4215.176275 0.566354 0.057238 
4216.373493 0.536353 0.056730 
4217.570711 0.472289 0.055747 
4218.767929 0.531284 0.056164 
4219.965147 0.651301 0.057275 
4221.162365 0.684634 0.057904 
4222.359583 0.700938 0.058404 
4223.556801 0.663403 0.057995 
4224.754019 0.630236 0.057600 
4225.951237 0.610629 0.057244 
4227.148455 0.601027 0.057115 
4228.345673 0.604413 0.057278 
4229.542891 0.626270 0.057347 
4230.740109 0.659133 0.057359 
4231.937327 0.643277 0.057155 
4233.134545 0.617322 0.056916 
4234.331763 0.670236 0.058217 
4235.528981 0.713524 0.059315 
4236.726199 0.718444 0.059602 
4237.923417 0.702533 0.059530 
4239.120635 0.654272 0.058899 
4240.317853 0.564796 0.057535 
4241.515071 0.445816 0.055647 
4242.712289 0.501329 0.055910 
4243.909507 0.607839 0.056803 
4245.106725 0.537321 0.055971 
4246.303943 0.477522 0.055415 
4247.501161 0.510313 0.056681 
4248.698379 0.547759 0.057695 
4249.895598 0.593949 0.058236 
4251.092816 0.610742 0.058517 
4252.290034 0.602285 0.058576 
4253.487252 0.687319 0.059358 
4254.684470 0.807153 0.060410 
4255.881688 0.734264 0.059841 
4257.078906 0.654714 0.059184 
4258.276124 0.661044 0.058989 
4259.473342 0.654318 0.058644 
4260.670560 0.616974 0.057948 
4261.867778 0.603060 0.057573 
4263.064996 0.613592 0.057533 
4264.262214 0.612855 0.057570 
4265.459432 0.606809 0.057642 
4266.656650 0.609188 0.058226 
4267.853868 0.612400 0.058872 
4269.051086 0.608904 0.059295 
4270.248304 0.618379 0.059616 
4271.445522 0.666796 0.059629 
4272.642740 0.668757 0.059273 
4273.839958 0.611528 0.058447 
4275.037176 0.665205 0.059651 
4276.234394 0.783955 0.062047 
4277.431612 0.728788 0.061569 
4278.628830 0.635999 0.060468 
4279.826048 0.602428 0.060228 
4281.023266 0.571706 0.059865 
4282.220484 0.552509 0.059004 
4283.417702 0.556356 0.058285 
4284.614920 0.596597 0.057791 
4285.812138 0.641429 0.057549 
4287.009356 0.689623 0.057491 
4288.206574 0.671462 0.057027 
4289.403792 0.633087 0.056440 
4290.601010 0.683889 0.056190 
4291.798228 0.728203 0.056040 
4292.995446 0.710047 0.056389 
4294.192664 0.696867 0.056714 
4295.389882 0.693616 0.056994 
4296.587100 0.700848 0.057141 
4297.784318 0.717652 0.057168 
4298.981536 0.695482 0.056738 
4300.178754 0.657500 0.056122 
4301.375972 0.682521 0.056290 
4302.573190 0.712234 0.056456 
4303.770408 0.718318 0.055703 
4304.967626 0.731402 0.055361 
4306.164844 0.762727 0.056091 
4307.362062 0.761468 0.057082 
4308.559280 0.722841 0.058373 
4309.756498 0.695872 0.057691 
4310.953716 0.677414 0.055570 
4312.150934 0.659304 0.055560 
4313.348152 0.641542 0.055943 
4314.545370 0.632684 0.056328 
4315.742588 0.632086 0.056793 
4316.939806 0.660982 0.057544 
4318.137024 0.661596 0.058110 
4319.334242 0.620971 0.058405 
4320.531460 0.604135 0.058503 
4321.728678 0.603508 0.058468 
4322.925896 0.632614 0.058838 
4324.123114 0.669983 0.059321 
4325.320332 0.781145 0.060009 
4326.517550 0.862778 0.060318 
4327.714768 0.774648 0.058566 
4328.911986 0.692310 0.057240 
4330.109204 0.620952 0.056724 
4331.306422 0.640983 0.057285 
4332.503640 0.741152 0.058792 
4333.700858 0.796125 0.060819 
4334.898076 0.833530 0.063050 
4336.095294 0.801783 0.068136 
4337.292512 0.759854 0.073045 
4338.489730 0.688055 0.073472 
4339.686948 0.676995 0.072682 
4340.884166 0.820863 0.068790 
4342.081384 0.875425 0.064737 
4343.278602 0.828696 0.060502 
4344.475820 0.802115 0.058852 
4345.673038 0.786134 0.058562 
4346.870256 0.769117 0.058803 
4348.067474 0.752984 0.059140 
4349.264692 0.773400 0.059376 
4350.461910 0.783203 0.059591 
4351.659128 0.754296 0.059734 
4352.856346 0.722823 0.059369 
4354.053564 0.687525 0.058245 
4355.250782 0.692363 0.058259 
4356.448000 0.725324 0.059069 
4357.645218 0.733520 0.059100 
4358.842436 0.734497 0.058904 
4360.039654 0.702626 0.058209 
4361.236872 0.690484 0.057893 
4362.434090 0.801620 0.059913 
4363.631308 0.876539 0.061220 
4364.828526 0.878715 0.061095 
4366.025744 0.820549 0.060463 
4367.222962 0.706299 0.059361 
4368.420180 0.657940 0.059606 
4369.617398 0.637272 0.060418 
4370.814616 0.728016 0.061476 
4372.011834 0.824655 0.062460 
4373.209052 0.823995 0.062170 
4374.406270 0.821153 0.061720 
4375.603488 0.812122 0.060819 
4376.800706 0.799343 0.060045 
4377.997924 0.781907 0.059429 
4379.195142 0.800162 0.059658 
4380.392360 0.839265 0.060381 
4381.589578 0.833087 0.060401 
4382.786796 0.816847 0.060264 
4383.984014 0.883742 0.060711 
4385.181232 0.962862 0.061293 
4386.378450 1.095332 0.062462 
4387.575668 1.205850 0.063504 
4388.772886 1.279183 0.064331 
4389.970104 1.240550 0.064032 
4391.167322 1.112463 0.062833 
4392.364540 1.033503 0.062213 
4393.561758 0.971759 0.061794 
4394.758976 0.867403 0.060573 
4395.956194 0.775339 0.059491 
4397.153412 0.811388 0.060061 
4398.350630 0.820175 0.060301 
4399.547848 0.763435 0.059747 
4400.745066 0.800048 0.060391 
4401.942284 0.938591 0.062341 
4403.139502 0.914147 0.062471 
4404.336720 0.806533 0.061672 
4405.533938 0.796966 0.061728 
4406.731156 0.804303 0.061928 
4407.928374 0.781487 0.061788 
4409.125592 0.770799 0.061808 
4410.322810 0.804713 0.062411 
4411.520028 0.824120 0.062962 
4412.717246 0.821532 0.063434 
4413.914464 0.849733 0.064070 
4415.111682 0.900139 0.064825 
4416.308900 0.821263 0.064074 
4417.506118 0.702545 0.062858 
4418.703336 0.818643 0.063883 
4419.900554 0.921619 0.064752 
4421.097772 0.851735 0.063772 
4422.294990 0.815610 0.063191 
4423.492208 0.853185 0.063481 
4424.689426 0.831125 0.062994 
4425.886644 0.748834 0.061724 
4427.083862 0.724243 0.061694 
4428.281080 0.726742 0.062247 
4429.478298 0.706876 0.061729 
4430.675516 0.691094 0.061150 
4431.872734 0.835308 0.062857 
4433.069952 0.926157 0.063852 
4434.267170 0.836445 0.062436 
4435.464388 0.756892 0.061436 
4436.661606 0.691978 0.061034 
4437.858824 0.683934 0.060897 
4439.056042 0.715105 0.060942 
4440.253260 0.750784 0.061462 
4441.450478 0.787771 0.062120 
4442.647696 0.753520 0.061544 
4443.844914 0.723761 0.060971 
4445.042132 0.741314 0.060763 
4446.239350 0.755185 0.060647 
4447.436568 0.761279 0.060728 
4448.633786 0.773909 0.061040 
4449.831004 0.792992 0.061579 
4451.028222 0.814282 0.061887 
4452.225440 0.836588 0.062087 
4453.422658 0.859001 0.062223 
4454.619876 0.877736 0.062296 
4455.817094 0.822882 0.061316 
4457.014312 0.787069 0.060587 
4458.211530 0.815303 0.060704 
4459.408748 0.828199 0.060621 
4460.605966 0.819078 0.060253 
4461.803184 0.844947 0.060460 
4463.000402 0.894959 0.061066 
4464.197620 0.910736 0.061313 
4465.394838 0.916434 0.061455 
4466.592056 0.811047 0.060579 
4467.789274 0.722861 0.059859 
4468.986492 0.780608 0.060466 
4470.183710 0.825868 0.060864 
4471.380928 0.843957 0.060806 
4472.578146 0.881526 0.061173 
4473.775364 0.938936 0.061973 
4474.972582 0.974964 0.062631 
4476.169801 1.000736 0.063221 
4477.367019 0.909862 0.062319 
4478.564237 0.806483 0.061244 
4479.761455 0.890963 0.062244 
4480.958673 0.929203 0.062615 
4482.155891 0.799575 0.060702 
4483.353109 0.757052 0.060043 
4484.550327 0.847482 0.061298 
4485.747545 0.939438 0.062691 
4486.944763 1.032516 0.064184 
4488.141981 0.957027 0.062958 
4489.339199 0.827157 0.060855 
4490.536417 0.940770 0.062639 
4491.733635 1.035914 0.064219 
4492.930853 0.860590 0.062185 
4494.128071 0.768853 0.061143 
4495.325289 0.877303 0.062475 
4496.522507 0.897765 0.062815 
4497.719725 0.820518 0.062055 
4498.916943 0.891965 0.063094 
4500.114161 1.042438 0.065090 
4501.311379 0.982114 0.065731 
4502.508597 0.880443 0.066099 
4503.705815 0.888401 0.066663 
4504.903033 0.919821 0.067167 
4506.100251 1.051410 0.067413 
4507.297469 1.050854 0.066309 
4508.494687 0.823791 0.062889 
4509.691905 0.788756 0.062114 
4510.889123 0.912744 0.063528 
4512.086341 0.952949 0.063906 
4513.283559 0.961447 0.063891 
4514.480777 0.961582 0.063660 
4515.677995 0.960763 0.063441 
4516.875213 0.959231 0.063616 
4518.072431 0.954476 0.063602 
4519.269649 0.940547 0.063046 
4520.466867 0.920486 0.062846 
4521.664085 0.892560 0.063102 
4522.861303 0.905647 0.063573 
4524.058521 0.944307 0.064179 
4525.255739 0.932604 0.064092 
4526.452957 0.907809 0.063825 
4527.650175 0.976043 0.064583 
4528.847393 1.025384 0.065070 
4530.044611 0.950951 0.063837 
4531.241829 0.873316 0.062774 
4532.439047 0.789065 0.062064 
4533.636265 0.792345 0.062230 
4534.833483 0.881950 0.063260 
4536.030701 0.983373 0.064626 
4537.227919 1.090342 0.066148 
4538.425137 1.030584 0.065665 
4539.622355 0.943756 0.064851 
4540.819573 0.874160 0.064148 
4542.016791 0.832250 0.063475 
4543.214009 0.893910 0.062918 
4544.411227 0.985165 0.063272 
4545.608445 1.123273 0.065069 
4546.805663 1.112048 0.064869 
4548.002881 0.984873 0.063117 
4549.200099 0.919490 0.062432 
4550.397317 0.875804 0.062120 
4551.594535 0.946760 0.063673 
4552.791753 1.016104 0.065170 
4553.988971 0.968540 0.064469 
4555.186189 0.934882 0.063994 
4556.383407 0.938947 0.064127 
4557.580625 0.952777 0.064286 
4558.777843 0.978770 0.064476 
4559.975061 0.974015 0.064601 
4561.172279 0.950503 0.064687 
4562.369497 0.918271 0.063981 
4563.566715 0.883815 0.063072 
4564.763933 0.898822 0.062886 
4565.961151 0.919785 0.062844 
4567.158369 0.966977 0.063508 
4568.355587 1.027640 0.064286 
4569.552805 1.116542 0.065304 
4570.750023 1.119914 0.065297 
4571.947241 1.037119 0.064258 
4573.144459 1.003803 0.063837 
4574.341677 0.994505 0.063714 
4575.538895 1.021013 0.064318 
4576.736113 1.051521 0.065026 
4577.933331 0.979165 0.064621 
4579.130549 0.932161 0.064408 
4580.327767 0.988130 0.064976 
4581.524985 0.993428 0.064965 
4582.722203 0.913229 0.063980 
4583.919421 0.888302 0.063529 
4585.116639 0.909235 0.063521 
4586.313857 0.889726 0.063021 
4587.511075 0.854554 0.062332 
4588.708293 0.910172 0.063091 
4589.905511 0.966591 0.063907 
4591.102729 0.890152 0.063204 
4592.299947 0.821065 0.062452 
4593.497165 0.774884 0.061550 
4594.694383 0.800333 0.061587 
4595.891601 0.926040 0.062938 
4597.088819 0.934799 0.063042 
4598.286037 0.862412 0.062282 
4599.483255 0.931493 0.063124 
4600.680473 1.044300 0.064462 
4601.877691 0.942243 0.063291 
4603.074909 0.849158 0.062219 
4604.272127 0.944002 0.063298 
4605.469345 1.014594 0.063938 
4606.666563 1.023940 0.063469 
4607.863781 1.048952 0.063678 
4609.060999 1.092603 0.064695 
4610.258217 1.043655 0.064251 
4611.455435 0.940184 0.062947 
4612.652653 0.954670 0.063378 
4613.849871 0.998257 0.064236 
4615.047089 1.009772 0.064113 
4616.244307 1.008863 0.063851 
4617.441525 0.940707 0.062928 
4618.638743 0.927861 0.062936 
4619.835961 1.032915 0.064924 
4621.033179 1.024290 0.065192 
4622.230397 0.898282 0.063681 
4623.427615 0.896190 0.063582 
4624.624833 0.956783 0.064198 
4625.822051 0.961908 0.063933 
4627.019269 0.956033 0.063498 
4628.216487 0.937987 0.063360 
4629.413705 0.913716 0.063167 
4630.610923 0.861008 0.062723 
4631.808141 0.859430 0.062699 
4633.005359 0.952334 0.063452 
4634.202577 0.974731 0.063694 
4635.399795 0.932713 0.063469 
4636.597013 0.929937 0.063248 
4637.794231 0.944474 0.063030 
4638.991449 0.958897 0.063151 
4640.188667 0.976363 0.063365 
4641.385885 1.075670 0.064664 
4642.583103 1.122309 0.065362 
4643.780321 0.967142 0.063759 
4644.977539 0.927314 0.063316 
4646.174757 1.077490 0.064785 
4647.371975 1.100081 0.064981 
4648.569193 1.017617 0.064130 
4649.766411 1.003143 0.063859 
4650.963629 1.015259 0.063815 
4652.160847 0.927591 0.063052 
4653.358065 0.837728 0.062331 
4654.555283 0.909686 0.063695 
4655.752501 0.950495 0.064618 
4656.949719 0.886774 0.064065 
4658.146937 0.868094 0.063934 
4659.344155 0.917098 0.064436 
4660.541373 0.935963 0.064613 
4661.738591 0.932036 0.064543 
4662.935809 0.947318 0.064641 
4664.133027 0.969382 0.064797 
4665.330245 0.951784 0.064244 
4666.527463 0.934774 0.063695 
4667.724681 0.971805 0.064036 
4668.921899 0.997612 0.064220 
4670.119117 0.989259 0.063931 
4671.316335 0.970909 0.063654 
4672.513553 0.938551 0.063395 
4673.710771 0.947750 0.063904 
4674.907989 0.986369 0.064958 
4676.105207 0.946425 0.064742 
4677.302425 0.880907 0.064114 
4678.499643 1.007782 0.065028 
4679.696861 1.123089 0.065820 
4680.894079 0.965234 0.064133 
4682.091297 0.890486 0.063334 
4683.288515 1.052005 0.065061 
4684.485733 1.108856 0.065676 
4685.682951 1.025756 0.064804 
4686.880169 1.005655 0.064410 
4688.077387 1.028126 0.064337 
4689.274605 1.067009 0.065029 
4690.471823 1.110939 0.065956 
4691.669041 1.055765 0.065217 
4692.866259 1.007867 0.064521 
4694.063477 1.088949 0.065285 
4695.260695 1.123829 0.065586 
4696.457913 1.032621 0.064626 
4697.655131 1.034117 0.064678 
4698.852349 1.155703 0.066040 
4700.049567 1.106940 0.065370 
4701.246785 0.945734 0.063357 
4702.444003 0.939997 0.063017 
4703.641222 0.980638 0.063175 
4704.838440 0.947457 0.062851 
4706.035658 0.920478 0.062632 
4707.232876 0.989133 0.063603 
4708.430094 1.040571 0.064350 
4709.627312 1.045714 0.064495 
4710.824530 1.069040 0.064636 
4712.021748 1.115714 0.064774 
4713.218966 1.116303 0.064850 
4714.416184 1.086731 0.064886 
4715.613402 1.112599 0.065129 
4716.810620 1.154963 0.065433 
4718.007838 1.023515 0.064092 
4719.205056 0.901252 0.062840 
4720.402274 0.960802 0.063344 
4721.599492 0.999621 0.063721 
4722.796710 0.982107 0.063752 
4723.993928 0.977961 0.063718 
4725.191146 0.991193 0.063601 
4726.388364 1.004331 0.063466 
4727.585582 1.017407 0.063319 
4728.782800 0.939343 0.062252 
4729.980018 0.833524 0.060906 
4731.177236 0.978345 0.062901 
4732.374454 1.113624 0.064756 
4733.571672 0.989286 0.063041 
4734.768890 0.938582 0.062276 
4735.966108 1.095455 0.064185 
4737.163326 1.175112 0.065201 
4738.360544 1.151057 0.065016 
4739.557762 1.147318 0.065085 
4740.754980 1.157605 0.065330 
4741.952198 1.116932 0.064805 
4743.149416 1.059837 0.064032 
4744.346634 0.989982 0.063314 
4745.543852 0.931705 0.062750 
4746.741070 1.009458 0.063805 
4747.938288 1.049804 0.064388 
4749.135506 0.978027 0.063558 
4750.332724 0.959037 0.063210 
4751.529942 1.014638 0.063543 
4752.727160 1.031852 0.063612 
4753.924378 1.020989 0.063488 
4755.121596 0.975168 0.062773 
4756.318814 0.917153 0.061852 
4757.516032 1.008165 0.062988 
4758.713250 1.100675 0.064170 
4759.910468 1.001176 0.063025 
4761.107686 0.928461 0.062173 
4762.304904 0.944425 0.062294 
4763.502122 0.943100 0.062183 
4764.699340 0.915316 0.061718 
4765.896558 0.928900 0.061935 
4767.093776 0.975211 0.062692 
4768.290994 1.032450 0.063474 
4769.488212 1.093914 0.064265 
4770.685430 1.040412 0.063907 
4771.882648 0.977368 0.063469 
4773.079866 1.027381 0.064482 
4774.277084 1.054548 0.065223 
4775.474302 0.995353 0.064935 
4776.671520 0.980637 0.064972 
4777.868738 1.041153 0.065557 
4779.065956 1.089570 0.065762 
4780.263174 1.127418 0.065633 
4781.460392 1.118655 0.065156 
4782.657610 1.089517 0.064526 
4783.854828 1.089712 0.064453 
4785.052046 1.092437 0.064449 
4786.249264 0.977399 0.063306 
4787.446482 0.915734 0.062716 
4788.643700 1.095434 0.064628 
4789.840918 1.193181 0.065639 
4791.038136 1.133630 0.064925 
4792.235354 1.083061 0.064465 
4793.432572 1.041337 0.064257 
4794.629790 1.038531 0.064342 
4795.827008 1.055326 0.064575 
4797.024226 1.016495 0.064136 
4798.221444 0.965951 0.063555 
4799.418662 0.942300 0.063709 
4800.615880 0.927492 0.063899 
4801.813098 0.961676 0.064242 
4803.010316 0.983236 0.064367 
4804.207534 0.976460 0.064007 
4805.404752 0.995132 0.064129 
4806.601970 1.042661 0.064797 
4807.799188 1.059657 0.064929 
4808.996406 1.058634 0.064745 
4810.193624 1.037181 0.064591 
4811.390842 1.010265 0.064445 
4812.588060 1.034393 0.064330 
4813.785278 1.068405 0.064366 
4814.982496 1.160915 0.065632 
4816.179714 1.217278 0.066599 
4817.376932 1.175117 0.066754 
4818.574150 1.145342 0.066809 
4819.771368 1.132129 0.066733 
4820.968586 1.070364 0.066231 
4822.165804 0.974474 0.065428 
4823.363022 0.982148 0.065472 
4824.560240 1.025001 0.065804 
4825.757458 1.051961 0.066136 
4826.954676 1.079820 0.066480 
4828.151894 1.144823 0.066987 
4829.349112 1.183131 0.067305 
4830.546330 1.128510 0.066969 
4831.743548 1.074710 0.066540 
4832.940766 1.022241 0.065962 
4834.137984 1.010133 0.065757 
4835.335202 1.032379 0.065869 
4836.532420 0.966829 0.065203 
4837.729638 0.863384 0.064199 
4838.926856 1.039723 0.066210 
4840.124074 1.258856 0.068676 
4841.321292 1.203675 0.067856 
4842.518510 1.146476 0.067010 
4843.715728 1.079597 0.066039 
4844.912946 1.026961 0.065325 
4846.110164 1.003234 0.065131 
4847.307382 1.005945 0.064997 
4848.504600 1.036512 0.064926 
4849.701818 0.995363 0.064576 
4850.899036 0.914752 0.064073 
4852.096254 0.985792 0.064516 
4853.293472 1.094198 0.065192 
4854.490690 0.984285 0.064043 
4855.687908 0.896584 0.063111 
4856.885126 1.048833 0.064426 
4858.082344 1.150341 0.065210 
4859.279562 1.116586 0.064581 
4860.476780 1.102233 0.064697 
4861.673998 1.113666 0.065802 
4862.871216 1.088562 0.065883 
4864.068434 1.037624 0.065240 
4865.265652 1.004668 0.064466 
4866.462870 0.977964 0.063645 
4867.660088 0.891890 0.062487 
4868.857306 0.809805 0.061406 
4870.054524 0.915182 0.062347 
4871.251742 0.997975 0.063069 
4872.448960 0.995760 0.062964 
4873.646178 0.998484 0.062969 
4874.843396 1.009777 0.063165 
4876.040614 1.001211 0.063016 
4877.237832 0.974391 0.062550 
4878.435050 1.056568 0.063624 
4879.632268 1.190900 0.065435 
4880.829486 1.113327 0.064832 
4882.026704 0.992819 0.063740 
4883.223922 1.052850 0.064434 
4884.421140 1.095170 0.064925 
4885.618358 1.014944 0.064034 
4886.815576 0.971270 0.063561 
4888.012794 1.014495 0.064085 
4889.210012 1.060601 0.064693 
4890.407230 1.110220 0.065402 
4891.604448 1.065104 0.064828 
4892.801666 0.958141 0.063417 
4893.998884 1.001094 0.063823 
4895.196102 1.091610 0.064806 
4896.393320 1.118830 0.065597 
4897.590538 1.137850 0.066304 
4898.787756 1.126553 0.066089 
4899.984974 1.118874 0.065926 
4901.182192 1.123960 0.065952 
4902.379410 1.126913 0.066002 
4903.576628 1.126300 0.066091 
4904.773846 1.109496 0.065994 
4905.971064 1.078210 0.065730 
4907.168282 1.058150 0.065430 
4908.365500 1.043346 0.065113 
4909.562718 1.072163 0.065435 
4910.759936 1.109682 0.065884 
4911.957154 1.093725 0.065656 
4913.154372 1.073407 0.065405 
4914.351590 1.030545 0.065071 
4915.548808 0.981548 0.064596 
4916.746026 0.917679 0.063777 
4917.943244 0.930829 0.063681 
4919.140462 1.040315 0.064488 
4920.337680 1.074177 0.064780 
4921.534898 1.057054 0.064725 
4922.732116 1.002161 0.064096 
4923.929334 0.934638 0.063275 
4925.126552 0.947020 0.064833 
4926.323770 0.971197 0.066537 
4927.520988 1.049915 0.066266 
4928.718206 1.081954 0.065691 
4929.915424 0.932770 0.063935 
4931.112643 0.846012 0.062826 
4932.309861 0.872100 0.062889 
4933.507079 0.942033 0.063950 
4934.704297 1.054526 0.065981 
4935.901515 1.101350 0.066532 
4937.098733 1.114160 0.066316 
4938.295951 1.130761 0.066590 
4939.493169 1.148251 0.066979 
4940.690387 1.141176 0.066535 
4941.887605 1.136799 0.066152 
4943.084823 1.161934 0.066531 
4944.282041 1.163282 0.066954 
4945.479259 1.097614 0.067500 
4946.676477 1.058929 0.067567 
4947.873695 1.065592 0.066828 
4949.070913 1.054017 0.066165 
4950.268131 1.028231 0.065561 
4951.465349 0.985239 0.065159 
4952.662567 0.935295 0.064838 
4953.859785 1.058990 0.066238 
4955.057003 1.208077 0.067888 
4956.254221 1.154071 0.067231 
4957.451439 1.105971 0.066662 
4958.648657 1.088616 0.066550 
4959.845875 1.062184 0.066250 
4961.043093 1.015599 0.065536 
4962.240311 1.002022 0.065206 
4963.437529 1.027242 0.065325 
4964.634747 1.078114 0.066034 
4965.831965 1.145476 0.067122 
4967.029183 1.071936 0.067065 
4968.226401 0.953293 0.066643 
4969.423619 0.933729 0.066901 
4970.620837 0.931874 0.067287 
4971.818055 1.058959 0.068657 
4973.015273 1.155444 0.069609 
4974.212491 1.131777 0.068920 
4975.409709 1.107566 0.068100 
4976.606927 1.082349 0.067037 
4977.804145 1.081935 0.066580 
4979.001363 1.106405 0.066731 
4980.198581 1.078719 0.066818 
4981.395799 1.022575 0.066871 
4982.593017 0.964239 0.065488 
4983.790235 0.905195 0.063642 
4984.987453 0.923916 0.063909 
4986.184671 0.947785 0.064263 
4987.381889 0.975429 0.064174 
4988.579107 0.976618 0.063945 
4989.776325 0.892457 0.063261 
4990.973543 0.862039 0.063322 
4992.170761 0.917982 0.064580 
4993.367979 0.957855 0.065193 
4994.565197 0.983502 0.065236 
4995.762415 1.000379 0.065527 
4996.959633 1.013073 0.065935 
4998.156851 0.943859 0.064824 
4999.354069 0.857093 0.063386 
5000.551287 0.997824 0.065058 
5001.748505 1.123251 0.066579 
5002.945723 1.077971 0.066214 
5004.142941 1.085420 0.066391 
5005.340159 1.241476 0.068098 
5006.537377 1.232383 0.068073 
5007.734595 0.983357 0.065531 
5008.931813 0.937464 0.065125 
5010.129031 1.055566 0.066444 
5011.326249 1.087643 0.066807 
5012.523467 1.082628 0.066757 
5013.720685 1.145968 0.067240 
5014.917903 1.221943 0.067821 
5016.115121 1.047019 0.065542 
5017.312339 0.904189 0.063694 
5018.509557 0.986608 0.064835 
5019.706775 1.053964 0.065879 
5020.903993 1.082355 0.066670 
5022.101211 1.080673 0.066851 
5023.298429 1.038031 0.066200 
5024.495647 1.029586 0.065888 
5025.692865 1.047172 0.065835 
5026.890083 1.020602 0.065513 
5028.087301 0.976173 0.065082 
5029.284519 0.978187 0.065102 
5030.481737 0.988009 0.065198 
5031.678955 1.029833 0.065658 
5032.876173 1.053770 0.065909 
5034.073391 0.971113 0.064909 
5035.270609 0.914733 0.064270 
5036.467827 0.923556 0.064527 
5037.665045 0.955910 0.064885 
5038.862263 1.019378 0.065375 
5040.059481 1.046046 0.065481 
5041.256699 1.045381 0.065301 
5042.453917 1.081370 0.065739 
5043.651135 1.131840 0.066421 
5044.848353 1.119179 0.066553 
5046.045571 1.096287 0.066595 
5047.242789 1.106020 0.066755 
5048.440007 1.107805 0.066752 
5049.637225 1.062655 0.065785 
5050.834443 1.032900 0.065098 
5052.031661 1.041366 0.065110 
5053.228879 1.026887 0.064890 
5054.426097 0.981901 0.064363 
5055.623315 0.997219 0.064772 
5056.820533 1.057800 0.065885 
5058.017751 1.132022 0.066860 
5059.214969 1.211735 0.067781 
5060.412187 1.156444 0.067206 
5061.609405 1.078083 0.066375 
5062.806623 1.106870 0.066708 
5064.003841 1.133937 0.067024 
5065.201059 1.147538 0.067211 
5066.398277 1.143609 0.067083 
5067.595495 1.094265 0.066141 
5068.792713 1.048780 0.065460 
5069.989931 1.008639 0.065141 
5071.187149 0.998456 0.065068 
5072.384367 1.011807 0.065190 
5073.581585 1.065711 0.065897 
5074.778803 1.136943 0.066854 
5075.976021 1.146717 0.066817 
5077.173239 1.144873 0.066592 
5078.370457 1.053238 0.065772 
5079.567675 0.980979 0.065146 
5080.764893 1.061717 0.066010 
5081.962111 1.119939 0.066560 
5083.159329 1.114423 0.066220 
5084.356547 1.122367 0.065953 
5085.553765 1.150426 0.065795 
5086.750983 1.153718 0.066005 
5087.948201 1.135949 0.066528 
5089.145419 1.149729 0.067028 
5090.342637 1.178388 0.067519 
5091.539855 1.156258 0.067197 
5092.737073 1.122875 0.066695 
5093.934291 1.035493 0.065741 
5095.131509 0.958986 0.064921 
5096.328727 1.006927 0.065542 
5097.525945 1.038006 0.066010 
5098.723163 1.014177 0.065981 
5099.920381 1.051077 0.066456 
5101.117599 1.189892 0.067776 
5102.314817 1.243351 0.068136 
5103.512035 1.215326 0.067578 
5104.709253 1.165066 0.066955 
5105.906471 1.102783 0.066297 
5107.103689 1.067061 0.066042 
5108.300907 1.038508 0.065897 
5109.498125 1.073579 0.066699 
5110.695343 1.110475 0.067465 
5111.892561 1.096310 0.066535 
5113.089779 1.094307 0.065945 
5114.286997 1.140956 0.066718 
5115.484215 1.182666 0.067379 
5116.681433 1.214666 0.067820 
5117.878651 1.180711 0.067625 
5119.075869 1.073593 0.066726 
5120.273087 1.072829 0.067027 
5121.470305 1.139808 0.068092 
5122.667523 1.166466 0.068063 
5123.864741 1.179504 0.067665 
5125.061959 1.194598 0.067652 
5126.259177 1.209389 0.067686 
5127.456395 1.195400 0.067514 
5128.653613 1.186818 0.067483 
5129.850831 1.207571 0.068219 
5131.048049 1.234870 0.068689 
5132.245267 1.278101 0.068509 
5133.442485 1.233623 0.067890 
5134.639703 1.071423 0.066682 
5135.836921 1.013362 0.066378 
5137.034139 1.036056 0.066775 
5138.231357 1.092910 0.067512 
5139.428575 1.164504 0.068396 
5140.625793 1.067544 0.067387 
5141.823011 0.936956 0.066001 
5143.020229 1.039459 0.067585 
5144.217447 1.146774 0.069148 
5145.414665 1.216481 0.069127 
5146.611883 1.270291 0.069165 
5147.809101 1.273192 0.069396 
5149.006319 1.268404 0.069381 
5150.203537 1.250627 0.068950 
5151.400755 1.193922 0.068544 
5152.597973 1.099307 0.068163 
5153.795191 1.094753 0.068038 
5154.992409 1.140724 0.068057 
5156.189627 1.251320 0.069128 
5157.386846 1.380739 0.070506 
5158.584064 1.303109 0.069979 
5159.781282 1.203614 0.069226 
5160.978500 1.083166 0.067702 
5162.175718 0.996225 0.066579 
5163.372936 1.067411 0.067350 
5164.570154 1.134577 0.068109 
5165.767372 1.192710 0.068843 
5166.964590 1.194966 0.068834 
5168.161808 1.126345 0.067884 
5169.359026 1.173634 0.068115 
5170.556244 1.307103 0.069226 
5171.753462 1.294806 0.068835 
5172.950680 1.221830 0.067818 
5174.147898 1.205636 0.067591 
5175.345116 1.200427 0.067515 
5176.542334 1.175438 0.067267 
5177.739552 1.154118 0.067096 
5178.936770 1.170134 0.067653 
5180.133988 1.173509 0.068044 
5181.331206 1.135586 0.067892 
5182.528424 1.147140 0.068334 
5183.725642 1.244413 0.069803 
5184.922860 1.312153 0.070462 
5186.120078 1.350052 0.070301 
5187.317296 1.345054 0.070026 
5188.514514 1.314654 0.069684 
5189.711732 1.277804 0.069730 
5190.908950 1.238914 0.069899 
5192.106168 1.307746 0.071456 
5193.303386 1.386892 0.073137 
5194.500604 1.330304 0.072631 
5195.697822 1.283445 0.072244 
5196.895040 1.291027 0.072522 
5198.092258 1.314406 0.075517 
5199.289476 1.378020 0.085435 
5200.486694 1.378884 0.096082 
5201.683912 1.290200 0.107769 
5202.881130 1.271345 0.116164 
5204.078348 1.311514 0.121776 
5205.275566 1.200581 0.119998 
5206.472784 1.015774 0.114608 
5207.670002 1.085000 0.104678 
5208.867220 1.217281 0.093621 
5210.064438 1.243002 0.084753 
5211.261656 1.265411 0.076465 
5212.458874 1.361203 0.074749 
5213.656092 1.432799 0.073244 
5214.853310 1.399884 0.072648 
5216.050528 1.372889 0.072235 
5217.247746 1.358661 0.072218 
5218.444964 1.304945 0.071698 
5219.642182 1.202160 0.070552 
5220.839400 1.224100 0.070573 
5222.036618 1.338466 0.071459 
5223.233836 1.336400 0.071745 
5224.431054 1.285047 0.071778 
5225.628272 1.308451 0.072401 
5226.825490 1.347118 0.073145 
5228.022708 1.320120 0.073230 
5229.219926 1.296722 0.073303 
5230.417144 1.342090 0.073537 
5231.614362 1.394077 0.073802 
5232.811580 1.470480 0.074182 
5234.008798 1.505977 0.074151 
5235.206016 1.462068 0.073320 
5236.403234 1.387744 0.072255 
5237.600452 1.278788 0.070921 
5238.797670 1.283027 0.071162 
5239.994888 1.364497 0.072477 
5241.192106 1.397992 0.073337 
5242.389324 1.412929 0.074021 
5243.586542 1.261287 0.072965 
5244.783760 1.079556 0.071595 
5245.980978 1.158094 0.072248 
5247.178196 1.247520 0.072948 
5248.375414 1.371967 0.073579 
5249.572632 1.465916 0.073992 
5250.769850 1.455253 0.073654 
5251.967068 1.433571 0.073321 
5253.164286 1.391508 0.072995 
5254.361504 1.357639 0.072715 
5255.558722 1.332757 0.072485 
5256.755940 1.359688 0.072944 
5257.953158 1.420917 0.073859 
5259.150376 1.409428 0.073840 
5260.347594 1.370685 0.073471 
5261.544812 1.424355 0.074627 
5262.742030 1.494039 0.076047 
5263.939248 1.424065 0.075205 
5265.136466 1.349212 0.074210 
5266.333684 1.260951 0.072332 
5267.530902 1.246539 0.071285 
5268.728120 1.485323 0.073084 
5269.925338 1.630889 0.074176 
5271.122556 1.602879 0.073950 
5272.319774 1.484627 0.072574 
5273.516992 1.265962 0.069919 
5274.714210 1.252635 0.069949 
5275.911428 1.377566 0.071787 
5277.108646 1.368481 0.071930 
5278.305864 1.307438 0.071417 
5279.503082 1.395890 0.073204 
5280.700300 1.511872 0.075414 
5281.897518 1.455256 0.074710 
5283.094736 1.405455 0.074084 
5284.291954 1.483440 0.075242 
5285.489172 1.523418 0.075844 
5286.686390 1.422794 0.074385 
5287.883608 1.363160 0.073242 
5289.080826 1.384564 0.072720 
5290.278044 1.370692 0.072275 
5291.475262 1.315032 0.071921 
5292.672480 1.329000 0.072310 
5293.869698 1.393302 0.073236 
5295.066916 1.394334 0.073388 
5296.264134 1.368556 0.073213 
5297.461352 1.366003 0.073391 
5298.658570 1.368424 0.073644 
5299.855788 1.419744 0.075193 
5301.053006 1.466010 0.076610 
5302.250224 1.403643 0.075175 
5303.447442 1.356081 0.074190 
5304.644660 1.372577 0.075152 
5305.841878 1.379318 0.075891 
5307.039096 1.364269 0.076133 
5308.236314 1.333753 0.076160 
5309.433532 1.282736 0.075903 
5310.630750 1.328932 0.076015 
5311.827968 1.454483 0.076430 
5313.025186 1.453587 0.075881 
5314.222404 1.390677 0.074859 
5315.419622 1.479764 0.076098 
5316.616840 1.608982 0.077934 
5317.814058 1.580754 0.077322 
5319.011276 1.538851 0.076513 
5320.208494 1.554531 0.077112 
5321.405712 1.541539 0.077286 
5322.602930 1.366645 0.075064 
5323.800148 1.258279 0.073373 
5324.997366 1.329981 0.073119 
5326.194584 1.358868 0.072970 
5327.391802 1.320480 0.072988 
5328.589020 1.334394 0.073528 
5329.786238 1.398988 0.074572 
5330.983456 1.467239 0.075089 
5332.180674 1.537669 0.075292 
5333.377892 1.592871 0.077212 
5334.575110 1.642871 0.079718 
5335.772328 1.505027 0.079227 
5336.969546 1.337382 0.078261 
5338.166764 1.259265 0.078100 
5339.363982 1.209988 0.078083 
5340.561200 1.405970 0.079234 
5341.758418 1.549482 0.079728 
5342.955636 1.503233 0.077846 
5344.152854 1.473731 0.076455 
5345.350072 1.477614 0.076041 
5346.547290 1.393779 0.074947 
5347.744508 1.203791 0.073028 
5348.941726 1.240532 0.073240 
5350.138944 1.448599 0.075063 
5351.336162 1.457838 0.075315 
5352.533380 1.376291 0.074849 
5353.730598 1.379464 0.075125 
5354.927816 1.403453 0.075582 
5356.125034 1.397465 0.075582 
5357.322252 1.386484 0.075515 
5358.519470 1.312581 0.074718 
5359.716688 1.261196 0.074172 
5360.913906 1.335157 0.075025 
5362.111124 1.413816 0.075957 
5363.308342 1.505293 0.077107 
5364.505560 1.503034 0.077143 
5365.702778 1.350380 0.075392 
5366.899996 1.245815 0.074624 
5368.097214 1.189525 0.074843 
5369.294432 1.292416 0.075725 
5370.491650 1.495284 0.077023 
5371.688868 1.482304 0.076416 
5372.886086 1.389218 0.075102 
5374.083304 1.357916 0.074733 
5375.280522 1.338015 0.074539 
5376.477740 1.355325 0.074728 
5377.674958 1.370897 0.074897 
5378.872176 1.345032 0.074610 
5380.069394 1.328105 0.074395 
5381.266612 1.349721 0.074489 
5382.463830 1.366685 0.074507 
5383.661048 1.372901 0.074350 
5384.858267 1.350944 0.073967 
5386.055485 1.289395 0.073269 
5387.252703 1.300884 0.073378 
5388.449921 1.377241 0.074203 
5389.647139 1.350590 0.073755 
5390.844357 1.266827 0.072601 
5392.041575 1.280014 0.072695 
5393.238793 1.324397 0.073191 
5394.436011 1.332864 0.072235 
5395.633229 1.335949 0.071062 
5396.830447 1.260059 0.068995 
5398.027665 1.197733 0.067107 
5399.224883 1.283659 0.068232 
5400.422101 1.321411 0.068119 
5401.619319 1.261765 0.067524 
5402.816537 1.205269 0.067324 
5404.013755 1.150209 0.067759 
5405.210973 1.144994 0.068424 
5406.408191 1.204931 0.069659 
5407.605409 1.209876 0.069977 
5408.802627 1.171883 0.069620 
5409.999845 1.197425 0.069925 
5411.197063 1.248948 0.070449 
5412.394281 1.172994 0.069776 
5413.591499 1.061423 0.068237 
5414.788717 1.148621 0.069865 
5415.985935 1.261025 0.072136 
5417.183153 1.164315 0.070846 
5418.380371 1.082672 0.069960 
5419.577589 1.149993 0.071446 
5420.774807 1.230102 0.072803 
5421.972025 1.233416 0.073462 
5423.169243 1.244960 0.074212 
5424.366461 1.267600 0.074672 
5425.563679 1.284274 0.075143 
5426.760897 1.334454 0.076016 
5427.958115 1.309333 0.076108 
5429.155333 1.209862 0.075698 
5430.352551 1.262371 0.077123 
5431.549769 1.392604 0.077780 
5432.746987 1.346084 0.077027 
5433.944205 1.239883 0.076583 
5435.141423 1.262622 0.078072 
5436.338641 1.302077 0.077618 
5437.535859 1.347494 0.078915 
5438.733077 1.360263 0.078839 
5439.930295 1.325690 0.079033 
5441.127513 1.290414 0.078199 
5442.324731 1.314352 0.079289 
5443.521949 1.345224 0.078536 
5444.719167 1.341338 0.081626 
5445.916385 1.360370 0.082370 
5447.113603 1.381305 0.083395 
5448.310821 1.417225 0.083924 
5449.508039 1.474493 0.083827 
5450.705257 1.405624 0.082479 
5451.902475 1.247629 0.080523 
5453.099693 1.252288 0.080447 
5454.296911 1.304077 0.080931 
5455.494129 1.310380 0.080507 
5456.691347 1.271268 0.080376 
5457.888565 1.284253 0.080163 
5459.085783 1.291146 0.080466 
5460.283001 1.262460 0.078140 
5461.480219 1.306958 0.079407 
5462.677437 1.286723 0.080382 
5463.874655 1.311983 0.080877 
5465.071873 1.251034 0.080007 
5466.269091 1.225451 0.079901 
5467.466309 1.269208 0.080371 
5468.663527 1.310070 0.078787 
5469.860745 1.329641 0.077992 
5471.057963 1.339156 0.082370 
5472.255181 1.329182 0.082254 
5473.452399 1.369574 0.081698 
5474.649617 1.404842 0.083361 
5475.846835 1.438168 0.085062 
5477.044053 1.477183 0.085609 
5478.241271 1.338361 0.084082 
5479.438489 1.145661 0.081936 
5480.635707 1.323644 0.083934 
5481.832925 1.419462 0.084043 
5483.030143 1.357894 0.084013 
5484.227361 1.412212 0.086567 
5485.424579 1.366767 0.086586 
5486.621797 1.411841 0.086390 
5487.819015 1.452684 0.086785 
5489.016233 1.415829 0.086790 
5490.213451 1.332633 0.086059 
5491.410669 1.252637 0.085432 
5492.607887 1.211134 0.085157 
5493.805105 1.233930 0.085170 
5495.002323 1.248828 0.085442 
5496.199541 1.306231 0.085850 
5497.396759 1.377910 0.087288 
5498.593977 1.329785 0.087108 
5499.791195 1.289167 0.086407 
5500.988413 1.318764 0.084042 
5502.185631 1.289281 0.085212 
5503.382849 1.269831 0.085381 
5504.580067 1.191065 0.085820 
5505.777285 1.283094 0.086564 
5506.974503 1.374612 0.087023 
5508.171721 1.445898 0.089364 
5509.368939 1.398060 0.089408 
5510.566157 1.262562 0.086127 
5511.763375 1.118637 0.088016 
5512.960593 1.204357 0.087828 
5514.157811 1.224810 0.088715 
5515.355029 1.250702 0.089494 
5516.552247 1.235098 0.089304 
5517.749465 1.181790 0.088847 
5518.946683 1.226048 0.089447 
5520.143901 1.271763 0.090684 
5521.341119 1.277187 0.090782 
5522.538337 1.253353 0.090417 
5523.735555 1.240968 0.091357 
5524.932773 1.286283 0.091910 
5526.129991 1.346979 0.093664 
5527.327209 1.373768 0.094704 
5528.524427 1.290353 0.093194 
5529.721645 1.203013 0.092743 
5530.918863 1.393897 0.095109 
5532.116081 1.356808 0.095644 
5533.313299 1.253586 0.093195 
5534.510517 1.146678 0.092096 
5535.707735 1.126799 0.092642 
5536.904953 1.170509 0.093497 
5538.102171 1.261552 0.094825 
5539.299389 1.215165 0.094110 
5540.496607 1.175563 0.092753 
5541.693825 1.138438 0.092967 
5542.891043 1.154296 0.093077 
5544.088261 1.259443 0.095339 
5545.285479 1.289756 0.098309 
5546.482697 1.232096 0.093275 
5547.679915 1.185519 0.094030 
5548.877133 1.313291 0.097536 
5550.074351 1.416780 0.099729 
5551.271569 1.129830 0.098647 
5552.468787 1.172464 0.098037 
5553.666005 1.230008 0.094845 
5554.863223 1.215026 0.101232 
5556.060441 1.282846 0.103871 
5557.257659 1.287311 0.104813 
5558.454877 1.122812 0.103678 
5559.652095 1.134149 0.103222 
5560.849313 1.133459 0.103731 
5562.046531 1.224784 0.104168 
5563.243749 1.293894 0.104887 
5564.440967 1.246767 0.104320 
5565.638185 1.148634 0.103402 
5566.835403 1.257801 0.104253 
5568.032621 1.317559 0.105958 
5569.229839 1.175909 0.104679 
5570.427057 1.120512 0.103285 
5571.624275 1.090217 0.104795 
5572.821493 1.268811 0.105292 
5574.018711 1.333073 0.103973 
5575.215929 1.354057 0.101921 
5576.413147 1.231107 0.099631 
5577.610365 1.123026 0.098622 
5578.807583 0.988978 0.098988 
5580.004801 1.015780 0.100629 
5581.202019 1.330549 0.104910 
5582.399237 1.320980 0.108357 
5583.596455 1.098935 0.110276 
5584.793673 1.040232 0.113346 
5585.990891 1.316895 0.116691 
5587.188109 0.973726 0.164532 
5588.385327 0.356204 0.217722 
5589.582545 1.140111 0.263497 
5590.779763 1.627497 0.363958 
5591.976981 0.413308 0.481296 
5593.174199 -2.934586 0.513589 
5594.371417 0.524912 0.269606 
5595.568635 1.651771 0.264803 
5596.765853 1.112680 0.247230 
5597.963071 1.379167 0.215425 
5599.160289 1.295078 0.181699 
5600.357507 1.257808 0.140935 
5601.554725 1.219338 0.132337 
5602.751943 0.969316 0.126392 
5603.949161 1.407113 0.124867 
5605.146379 1.350280 0.123310 
5606.343597 1.171605 0.121925 
5607.540815 1.087156 0.120015 
5608.738033 1.191384 0.118124 
5609.935251 1.112905 0.117541 
5611.132469 1.112609 0.118063 
5612.329688 1.144391 0.118066 
5613.526906 1.229221 0.117807 
5614.724124 1.217126 0.117349 
5615.921342 1.077901 0.116427 
5617.118560 1.170213 0.117878 
5618.315778 1.250736 0.119327 
5619.512996 1.260038 0.119342 
5620.710214 0.987919 0.119252 
5621.907432 1.097580 0.119362 
5623.104650 1.099581 0.119054 
5624.301868 0.937540 0.118318 
5625.499086 1.140442 0.117419 
5626.696304 0.933761 0.116697 
5627.893522 1.160991 0.116501 
5629.090740 0.999127 0.116009 
5630.287958 0.890976 0.115188 
5631.485176 0.969238 0.114891 
5632.682394 0.994848 0.114612 
5633.879612 0.900634 0.113824 
5635.076830 0.827093 0.114730 
5636.274048 0.957365 0.115607 
5637.471266 0.869292 0.117139 
5638.668484 0.920644 0.118821 
5639.865702 0.926075 0.119585 
5641.062920 0.903280 0.120029 
5642.260138 1.063507 0.120211 
5643.457356 0.962964 0.119585 
5644.654574 0.890549 0.119522 
5645.851792 1.026738 0.119951 
5647.049010 0.997643 0.118208 
5648.246228 0.879194 0.116931 
5649.443446 0.864090 0.116052 
5650.640664 0.994616 0.118014 
5651.837882 1.278064 0.123563 
5653.035100 1.255270 0.126941 
5654.232318 1.158093 0.124135 
5655.429536 1.148747 0.122442 
5656.626754 0.895547 0.119932 
5657.823972 0.998453 0.121281 
5659.021190 0.995164 0.122910 
5660.218408 0.940734 0.122888 
5661.415626 0.887867 0.121852 
5662.612844 0.798502 0.122563 
5663.810062 0.851934 0.124646 
5665.007280 0.938475 0.127231 
5666.204498 1.029412 0.128523 
5667.401716 1.041998 0.129372 
5668.598934 0.935770 0.128661 
5669.796152 1.005256 0.127791 
5670.993370 0.956785 0.126285 
5672.190588 1.084310 0.128882 
5673.387806 1.163790 0.129400 
5674.585024 1.144756 0.130583 
5675.782242 1.139612 0.131735 
5676.979460 1.320697 0.132813 
5678.176678 1.105701 0.131126 
5679.373896 0.909809 0.127682 
5680.571114 1.084463 0.131280 
5681.768332 1.076195 0.131204 
5682.965550 1.096854 0.132033 
5684.162768 1.027793 0.131961 
5685.359986 1.042121 0.134110 
5686.557204 1.166324 0.135775 
5687.754422 1.139178 0.136407 
5688.951640 1.189402 0.136438 
5690.148858 1.035952 0.146420 
5691.346076 0.903943 0.144069 
5692.543294 0.925358 0.135840 
5693.740512 0.961416 0.139162 
5694.937730 1.005141 0.143537 
5696.134948 1.110615 0.142721 
5697.332166 1.242917 0.144273 
5698.529384 1.070009 0.145037 
5699.726602 1.118791 0.142962 
5700.923820 0.835873 0.141367 
5702.121038 1.027782 0.142102 
5703.318256 1.092647 0.141531 
5704.515474 1.005487 0.144699 
5705.712692 0.912174 0.139930 
5706.909910 1.090733 0.142921 
5708.107128 0.913758 0.139758 
5709.304346 0.838478 0.137080 
5710.501564 0.845151 0.138060 
5711.698782 1.059843 0.140192 
5712.896000 0.787261 0.136722 
5714.093218 0.730463 0.136527 
5715.290436 0.810055 0.138241 
5716.487654 0.864242 0.140802 
5717.684872 0.886977 0.141032 
5718.882090 1.058197 0.144796 
5720.079308 1.138349 0.147866 
5721.276526 1.079050 0.145758 
5722.473744 0.914399 0.143151 
5723.670962 0.921706 0.141780 
5724.868180 0.683309 0.140119 
5726.065398 0.841702 0.144199 
5727.262616 0.949532 0.142298 
5728.459834 0.948108 0.144430 
5729.657052 0.829330 0.144288 
5730.854270 0.848867 0.145291 
5732.051488 1.128561 0.143843 
5733.248706 0.902460 0.140703 
5734.445924 0.822564 0.139867 
5735.643142 1.045741 0.143449 
5736.840360 1.082270 0.139697 
5738.037578 1.082776 0.139794 
5739.234796 1.107924 0.141030 
5740.432014 1.099868 0.141951 
5741.629232 0.908061 0.138631 
5742.826450 0.977689 0.139682 
5744.023668 1.106709 0.142915 
5745.220886 1.006416 0.139826 
5746.418104 0.921959 0.138899 
5747.615322 0.955381 0.139431 
5748.812540 0.709089 0.134445 
5750.009758 0.921249 0.136591 
5751.206976 1.024321 0.139796 
5752.404194 0.901450 0.134148 
5753.601412 1.152415 0.135619 
5754.798630 0.844224 0.134979 
5755.995848 0.954688 0.136198 
5757.193066 0.816521 0.131257 
5758.390284 0.668335 0.128628 
5759.587502 0.898460 0.136320 
5760.784720 0.909720 0.136849 
5761.981938 0.600591 0.137352 
5763.179156 0.675683 0.132272 
5764.376374 0.894973 0.134805 
5765.573592 0.985861 0.134062 
5766.770810 0.915240 0.134539 
5767.968028 0.969439 0.133805 
5769.165246 0.741689 0.127563 
5770.362464 0.748896 0.127064 
5771.559682 0.755659 0.127078 
5772.756900 0.941323 0.127402 
5773.954118 1.002025 0.127526 
5775.151336 0.844082 0.123968 
5776.348554 0.707066 0.121351 
5777.545772 0.871263 0.123628 
5778.742990 0.837861 0.122948 
5779.940208 0.907226 0.124251 
5781.137426 0.845780 0.120907 
5782.334644 0.874315 0.121569 
5783.531862 0.854492 0.119821 
5784.729080 0.847626 0.121083 
5785.926298 0.720517 0.118510 
5787.123516 0.771160 0.115452 
5788.320734 0.673450 0.116021 
5789.517952 0.756834 0.115708 
5790.715170 0.661353 0.116795 
5791.912388 0.825209 0.117823 
5793.109606 0.859865 0.117663 
5794.306824 0.899031 0.117890 
5795.504042 0.879770 0.115033 
5796.701260 0.800474 0.116001 
5797.898478 0.827888 0.116275 
5799.095696 0.845317 0.115363 
5800.292914 0.704628 0.113502 
5801.490132 0.903294 0.115803 
5802.687350 0.986049 0.117521 
5803.884568 0.822790 0.116458 
5805.081786 0.878212 0.115865 
5806.279004 0.636333 0.112160 
5807.476222 0.768218 0.111262 
5808.673440 0.762530 0.112141 
5809.870658 0.896158 0.112961 
5811.067876 0.674715 0.109096 
5812.265094 0.737898 0.107983 
5813.462312 0.805240 0.107507 
5814.659530 0.815381 0.107403 
5815.856748 1.027797 0.113905 
5817.053966 0.848541 0.110732 
5818.251184 0.726002 0.107115 
5819.448402 0.700555 0.106695 
5820.645620 0.631631 0.104932 
5821.842838 0.682505 0.105740 
5823.040056 0.891454 0.108946 
5824.237274 0.949208 0.110360 
5825.434492 0.877735 0.108729 
5826.631710 0.819337 0.108154 
5827.828928 0.892762 0.107874 
5829.026146 0.842902 0.106364 
5830.223364 0.929830 0.107507 
5831.420582 0.871380 0.107744 
5832.617800 1.094875 0.110080 
5833.815018 0.959708 0.108996 
5835.012236 0.823328 0.106410 
5836.209454 0.949701 0.105596 
5837.406672 0.781504 0.104775 
5838.603891 0.840737 0.103253 
5839.801109 0.826003 0.105124 
5840.998327 0.864134 0.105723 
5842.195545 0.886425 0.106425 
5843.392763 0.800273 0.106854 
5844.589981 0.815710 0.105191 
5845.787199 0.896012 0.107103 
5846.984417 0.908318 0.108290 
5848.181635 0.889186 0.106964 
5849.378853 0.944697 0.106625 
5850.576071 0.800702 0.102697 
5851.773289 0.707691 0.102336 
5852.970507 0.936705 0.105093 
5854.167725 0.825974 0.100618 
5855.364943 0.928047 0.100922 
5856.562161 0.993763 0.102417 
5857.759379 0.946529 0.101119 
5858.956597 0.842898 0.099626 
5860.153815 0.843656 0.099178 
5861.351033 0.877356 0.101356 
5862.548251 0.822091 0.103439 
5863.745469 0.836472 0.108561 
5864.942687 0.843228 0.114242 
5866.139905 0.951717 0.118790 
5867.337123 1.070514 0.124854 
5868.534341 0.718873 0.118653 
5869.731559 0.777221 0.117367 
5870.928777 0.743247 0.113938 
5872.125995 0.782063 0.110395 
5873.323213 0.944829 0.109991 
5874.520431 0.959613 0.098263 
5875.717649 0.706209 0.098421 
5876.914867 0.908987 0.097550 
5878.112085 0.897267 0.097537 
5879.309303 1.012617 0.098645 
5880.506521 0.874308 0.097078 
5881.703739 0.978115 0.096700 
5882.900957 0.795389 0.096251 
5884.098175 0.820262 0.099718 
5885.295393 0.720670 0.105702 
5886.492611 0.758291 0.119178 
5887.689829 0.934621 0.136696 
5888.887047 1.075979 0.147890 
5890.084265 1.120593 0.153618 
5891.281483 1.031200 0.152433 
5892.478701 1.066615 0.149708 
5893.675919 1.102751 0.143716 
5894.873137 0.945890 0.133305 
5896.070355 0.873016 0.128438 
5897.267573 0.836486 0.125008 
5898.464791 0.924082 0.120403 
5899.662009 1.034299 0.117505 
5900.859227 0.763437 0.104211 
5902.056445 0.769400 0.098336 
5903.253663 0.991368 0.101096 
5904.450881 0.806291 0.097408 
5905.648099 1.027602 0.100748 
5906.845317 0.863674 0.098870 
5908.042535 0.990805 0.099485 
5909.239753 0.809794 0.096922 
5910.436971 0.941902 0.099603 
5911.634189 0.932377 0.099024 
5912.831407 0.884755 0.101919 
5914.028625 0.881158 0.104356 
5915.225843 0.895075 0.106706 
5916.423061 0.736191 0.105864 
5917.620279 0.802971 0.106284 
5918.817497 0.922365 0.104494 
5920.014715 0.859478 0.098655 
5921.211933 0.857941 0.097475 
5922.409151 0.901506 0.098056 
5923.606369 0.814130 0.097951 
5924.803587 0.718413 0.096909 
5926.000805 0.885469 0.099547 
5927.198023 1.022438 0.099699 
5928.395241 0.858936 0.095678 
5929.592459 0.877732 0.098057 
5930.789677 0.962315 0.103606 
5931.986895 0.709644 0.105538 
5933.184113 0.843030 0.105585 
5934.381331 0.882913 0.107355 
5935.578549 0.794349 0.104192 
5936.775767 0.848041 0.100985 
5937.972985 0.855942 0.094718 
5939.170203 0.953844 0.092202 
5940.367421 0.898257 0.092476 
5941.564639 0.843781 0.092446 
5942.761857 0.809786 0.092992 
5943.959075 0.918323 0.095900 
5945.156293 0.961087 0.097903 
5946.353511 0.824868 0.096928 
5947.550729 0.797180 0.097539 
5948.747947 0.791051 0.097066 
5949.945165 0.769047 0.097581 
5951.142383 0.717968 0.097948 
5952.339601 0.708718 0.099608 
5953.536819 0.815509 0.103622 
5954.734037 0.739386 0.102981 
5955.931255 0.797029 0.102260 
5957.128473 0.870760 0.101109 
5958.325691 0.752099 0.095969 
5959.522909 0.828680 0.094838 
5960.720127 0.589346 0.088121 
5961.917345 0.868551 0.092257 
5963.114563 0.765092 0.088196 
5964.311781 1.086841 0.092304 
5965.508999 0.934638 0.090702 
5966.706217 0.841698 0.089944 
5967.903435 0.784433 0.090562 
5969.100653 0.987655 0.094658 
5970.297871 0.741733 0.091043 
5971.495089 0.839492 0.092322 
5972.692307 1.038135 0.095132 
5973.889525 0.876470 0.094901 
5975.086743 0.821345 0.098158 
5976.283961 1.036764 0.105242 
5977.481179 0.900958 0.107888 
5978.678397 0.947110 0.112779 
5979.875615 0.987882 0.107962 
5981.072833 1.095239 0.096480 
5982.270051 0.892217 0.091573 
5983.467269 0.729914 0.088680 
5984.664487 0.763172 0.089762 
5985.861705 0.844365 0.091587 
5987.058923 0.947976 0.093125 
5988.256141 0.846541 0.091367 
5989.453359 0.820525 0.090204 
5990.650577 0.669168 0.088228 
5991.847795 0.876436 0.088754 
5993.045013 0.907825 0.088518 
5994.242231 0.989785 0.090972 
5995.439449 0.858488 0.088292 
5996.636667 1.026524 0.091394 
5997.833885 0.799056 0.089109 
5999.031103 0.839327 0.087466 
6000.228321 0.933520 0.090774 
6001.425539 0.858090 0.132442 
6002.622757 1.891613 0.491674 
6003.819975 2.050355 0.614805 
6005.017193 1.738637 0.610959 
6006.214411 0.888997 0.089257 
6007.411629 0.882287 0.088198 
6008.608847 0.749985 0.087099 
6009.806065 0.853343 0.087097 
6011.003283 0.893606 0.086863 
6012.200501 0.893296 0.085860 
6013.397719 0.884503 0.085766 
6014.594937 0.806526 0.085319 
6015.792155 0.970288 0.087363 
6016.989373 0.944894 0.086833 
6018.186591 0.844045 0.084750 
6019.383809 0.816448 0.083082 
6020.581027 0.821492 0.083129 
6021.778245 0.994448 0.085891 
6022.975463 0.827720 0.083657 
6024.172681 0.966159 0.086220 
6025.369899 0.894971 0.085267 
6026.567117 0.761977 0.083874 
6027.764335 0.754340 0.084478 
6028.961553 1.015819 0.085657 
6030.158771 0.794749 0.085201 
6031.355989 0.823154 0.085717 
6032.553207 0.979696 0.087131 
6033.750425 0.956579 0.088278 
6034.947643 0.900451 0.085895 
6036.144861 0.947749 0.087796 
6037.342079 0.912584 0.086966 
6038.539297 0.888156 0.086185 
6039.736515 0.931203 0.085597 
6040.933733 0.788920 0.083863 
6042.130951 0.941241 0.085723 
6043.328169 1.082031 0.088210 
6044.525387 0.934659 0.085232 
6045.722605 0.710260 0.082303 
6046.919823 0.857134 0.083917 
6048.117041 0.869056 0.083222 
6049.314259 0.865136 0.083314 
6050.511477 0.877262 0.083461 
6051.708695 0.919108 0.085220 
6052.905913 0.928099 0.085060 
6054.103131 0.893838 0.083679 
6055.300349 0.818226 0.083373 
6056.497567 0.812324 0.082844 
6057.694785 0.932201 0.085175 
6058.892003 0.900110 0.084183 
6060.089221 0.884137 0.083765 
6061.286439 0.940242 0.085916 
6062.483657 1.055821 0.086330 
6063.680875 0.943371 0.086795 
6064.878093 0.945553 0.086006 
6066.075312 0.816710 0.083808 
6067.272530 0.859110 0.085921 
6068.469748 0.972256 0.085713 
6069.666966 0.800190 0.084282 
6070.864184 0.850588 0.083514 
6072.061402 0.850303 0.084747 
6073.258620 0.893766 0.082609 
6074.455838 0.777760 0.082451 
6075.653056 0.923177 0.084439 
6076.850274 1.068305 0.086022 
6078.047492 0.902782 0.083548 
6079.244710 0.933686 0.083831 
6080.441928 0.921918 0.083336 
6081.639146 0.834121 0.083560 
6082.836364 0.884780 0.084272 
6084.033582 0.801302 0.082232 
6085.230800 0.788512 0.082712 
6086.428018 0.911475 0.085042 
6087.625236 0.957168 0.086412 
6088.822454 0.957229 0.086642 
6090.019672 0.903877 0.084507 
6091.216890 0.919595 0.085293 
6092.414108 0.988656 0.085912 
6093.611326 0.788207 0.083257 
6094.808544 0.901723 0.083710 
6096.005762 0.973586 0.086826 
6097.202980 1.014894 0.087234 
6098.400198 0.883127 0.084950 
6099.597416 0.979197 0.087105 
6100.794634 0.890016 0.084640 
6101.991852 1.035793 0.086601 
6103.189070 1.077056 0.086149 
6104.386288 0.779912 0.082415 
6105.583506 0.809946 0.082542 
6106.780724 0.941233 0.083782 
6107.977942 0.861141 0.083749 
6109.175160 0.785311 0.081260 
6110.372378 0.918932 0.083613 
6111.569596 0.897537 0.082858 
6112.766814 0.919911 0.084273 
6113.964032 0.920216 0.084826 
6115.161250 0.928099 0.085565 
6116.358468 0.949611 0.086645 
6117.555686 0.840180 0.085888 
6118.752904 0.925244 0.086875 
6119.950122 0.987713 0.087109 
6121.147340 0.946355 0.085274 
6122.344558 0.928851 0.085302 
6123.541776 0.926753 0.085410 
6124.738994 0.947275 0.085174 
6125.936212 0.930424 0.084346 
6127.133430 0.871210 0.084512 
6128.330648 0.979769 0.085169 
6129.527866 0.932087 0.085060 
6130.725084 0.885374 0.083944 
6131.922302 0.983451 0.085349 
6133.119520 0.936670 0.083767 
6134.316738 0.951728 0.085830 
6135.513956 0.897114 0.083805 
6136.711174 0.941293 0.086568 
6137.908392 0.863018 0.083448 
6139.105610 1.004380 0.089385 
6140.302828 1.074806 0.089353 
6141.500046 1.120478 0.090648 
6142.697264 0.903818 0.087207 
6143.894482 0.980491 0.089685 
6145.091700 1.062481 0.089544 
6146.288918 0.956764 0.087494 
6147.486136 0.957624 0.086619 
6148.683354 0.978183 0.086473 
6149.880572 1.051778 0.086234 
6151.077790 1.001304 0.086085 
6152.275008 0.937097 0.085687 
6153.472226 0.946869 0.087592 
6154.669444 0.906128 0.091472 
6155.866662 0.946330 0.094603 
6157.063880 0.982638 0.097244 
6158.261098 1.077583 0.100184 
6159.458316 0.968201 0.097245 
6160.655534 0.913295 0.092158 
6161.852752 0.951556 0.089274 
6163.049970 0.953584 0.086171 
6164.247188 0.896825 0.083160 
6165.444406 0.911099 0.083591 
6166.641624 0.922726 0.084206 
6167.838842 0.832797 0.084437 
6169.036060 0.896733 0.087980 
6170.233278 0.928370 0.089422 
6171.430496 0.852230 0.089832 
6172.627714 0.883809 0.090115 
6173.824932 0.925089 0.090727 
6175.022150 0.944017 0.088146 
6176.219368 0.852668 0.086446 
6177.416586 0.780320 0.083572 
6178.613804 0.835932 0.084856 
6179.811022 1.048961 0.088513 
6181.008240 0.888403 0.089952 
6182.205458 1.163410 0.101334 
6183.402676 1.079748 0.091894 
6184.599894 1.241817 0.091783 
6185.797112 0.981760 0.089730 
6186.994330 1.064333 0.088175 
6188.191548 0.834888 0.085580 
6189.388766 0.935814 0.086500 
6190.585984 0.964614 0.088271 
6191.783202 1.018483 0.088489 
6192.980420 1.024821 0.088983 
6194.177638 1.040051 0.088653 
6195.374856 1.041873 0.087126 
6196.572074 0.936245 0.085204 
6197.769292 1.005674 0.086701 
6198.966510 0.936439 0.085974 
6200.163728 1.066263 0.088473 
6201.360946 1.086085 0.089995 
6202.558164 1.018021 0.091556 
6203.755382 0.949599 0.090693 
6204.952600 0.942729 0.088554 
6206.149818 1.064487 0.088943 
6207.347036 1.039227 0.086354 
6208.544254 0.912358 0.083722 
6209.741472 1.061126 0.084612 
6210.938690 0.892550 0.084016 
6212.135908 0.964951 0.085272 
6213.333126 1.066377 0.086937 
6214.530344 1.101821 0.087772 
6215.727562 0.830995 0.083201 
6216.924780 0.971855 0.086557 
6218.121998 0.960902 0.087044 
6219.319216 1.010047 0.090097 
6220.516434 0.946357 0.091162 
6221.713652 0.805557 0.090736 
6222.910870 0.994658 0.092309 
6224.108088 0.850447 0.090282 
6225.305306 1.030904 0.090155 
6226.502524 1.016275 0.087269 
6227.699742 1.051243 0.086901 
6228.896960 1.037860 0.085614 
6230.094178 0.929191 0.084771 
6231.291396 0.899647 0.087748 
6232.488614 0.983739 0.095240 
6233.685832 1.046745 0.104311 
6234.883050 0.987917 0.110059 
6236.080268 0.872980 0.111948 
6237.277486 0.972963 0.113320 
6238.474704 1.041315 0.112501 
6239.671922 0.998591 0.107955 
6240.869140 1.002811 0.102889 
6242.066358 1.035938 0.100901 
6243.263576 0.864108 0.096258 
6244.460794 0.969272 0.095889 
6245.658012 1.039340 0.093634 
6246.855230 0.891229 0.089904 
6248.052448 1.038992 0.089404 
6249.249666 0.975716 0.086895 
6250.446884 0.995646 0.085986 
6251.644102 0.927024 0.085570 
6252.841320 1.094485 0.086835 
6254.038538 0.941488 0.089954 
6255.235756 1.221635 0.098050 
6256.432974 0.997865 0.105569 
6257.630192 1.398307 0.111839 
6258.827410 0.924117 0.110354 
6260.024628 0.965459 0.108907 
6261.221846 0.900871 0.107095 
6262.419064 0.928382 0.100842 
6263.616282 1.073458 0.100706 
6264.813500 1.077811 0.099306 
6266.010718 0.997528 0.101270 
6267.207936 1.162136 0.101596 
6268.405154 1.005656 0.097225 
6269.602372 1.137713 0.095480 
6270.799590 1.154747 0.094187 
6271.996808 1.040090 0.091276 
6273.194026 0.960926 0.089992 
6274.391244 1.033171 0.092449 
6275.588462 1.038783 0.092534 
6276.785680 1.007408 0.093836 
6277.982898 1.097162 0.095316 
6279.180116 1.139892 0.095615 
6280.377334 0.966642 0.093090 
6281.574552 0.907595 0.091163 
6282.771770 0.954844 0.091372 
6283.968988 1.091032 0.096561 
6285.166206 1.115511 0.103048 
6286.363424 1.119141 0.106662 
6287.560642 0.974544 0.107789 
6288.757860 1.228806 0.109269 
6289.955078 0.894848 0.107072 
6291.152296 0.825167 0.101648 
6292.349514 0.948665 0.096487 
6293.546733 1.075492 0.098835 
6294.743951 1.205738 0.121124 
6295.941169 1.630364 0.225073 
6297.138387 3.056345 0.422571 
6298.335605 3.364039 0.632344 
6299.532823 2.915291 0.762894 
6300.730041 1.989457 0.826531 
6301.927259 0.208860 0.817570 
6303.124477 0.208336 0.734685 
6304.321695 -0.689670 0.548984 
6305.518913 -0.126918 0.359996 
6306.716131 0.623365 0.223406 
6307.913349 0.735882 0.150806 
6309.110567 0.886404 0.123332 
6310.307785 1.120346 0.109805 
6311.505003 1.108552 0.100971 
6312.702221 1.136722 0.095659 
6313.899439 1.002805 0.091388 
6315.096657 1.157659 0.090631 
6316.293875 1.137268 0.091126 
6317.491093 1.152176 0.092592 
6318.688311 1.180479 0.094041 
6319.885529 1.128453 0.095363 
6321.082747 1.088815 0.095375 
6322.279965 1.092862 0.095596 
6323.477183 0.939205 0.094855 
6324.674401 1.019287 0.094090 
6325.871619 1.130602 0.094436 
6327.068837 0.966879 0.096666 
6328.266055 0.990211 0.101577 
6329.463273 0.964138 0.104255 
6330.660491 1.070130 0.107514 
6331.857709 1.170081 0.105961 
6333.054927 1.094031 0.101648 
6334.252145 0.976707 0.095559 
6335.449363 1.055628 0.090837 
6336.646581 1.124483 0.088291 
6337.843799 0.831015 0.084387 
6339.041017 1.073300 0.087356 
6340.238235 1.154936 0.086303 
6341.435453 0.984393 0.086688 
6342.632671 0.984509 0.084114 
6343.829889 1.086268 0.086653 
6345.027107 0.863886 0.086837 
6346.224325 0.903073 0.087988 
6347.421543 1.095553 0.091423 
6348.618761 1.020520 0.091909 
6349.815979 1.071568 0.092272 
6351.013197 0.916513 0.090473 
6352.210415 1.026999 0.091215 
6353.407633 1.091813 0.094189 
6354.604851 1.156086 0.096809 
6355.802069 0.960595 0.097129 
6356.999287 0.997517 0.099012 
6358.196505 0.816983 0.110044 
6359.393723 0.938931 0.150357 
6360.590941 0.684884 0.233746 
6361.788159 0.479074 0.321023 
6362.985377 0.922783 0.383745 
6364.182595 0.743532 0.412699 
6365.379813 1.596832 0.410764 
6366.577031 1.102460 0.371342 
6367.774249 0.941719 0.295237 
6368.971467 1.079033 0.209150 
6370.168685 0.903389 0.141430 
6371.365903 1.067567 0.104789 
6372.563121 0.861693 0.088865 
6373.760339 0.955834 0.085724 
6374.957557 1.107818 0.085958 
6376.154775 1.073596 0.086038 
6377.351993 1.063150 0.086266 
6378.549211 1.115043 0.087806 
6379.746429 1.156437 0.088517 
6380.943647 0.973542 0.087747 
6382.140865 0.972547 0.085033 
6383.338083 0.887530 0.087076 
6384.535301 1.083332 0.089949 
6385.732519 1.123231 0.091251 
6386.929737 0.881948 0.089198 
6388.126955 1.114746 0.090242 
6389.324173 0.824691 0.087619 
6390.521391 1.176939 0.086421 
6391.718609 1.004311 0.085976 
6392.915827 1.092809 0.085352 
6394.113045 0.834647 0.080306 
6395.310263 0.921169 0.081716 
6396.507481 1.074333 0.082969 
6397.704699 0.982496 0.081427 
6398.901917 1.004130 0.080916 
6400.099135 0.854875 0.079655 
6401.296353 1.039969 0.081946 
6402.493571 0.997588 0.081967 
6403.690789 1.099214 0.081481 
6404.888007 1.062747 0.082171 
6406.085225 1.058253 0.080649 
6407.282443 0.879082 0.079186 
6408.479661 0.903223 0.079023 
6409.676879 0.993528 0.080465 
6410.874097 0.957870 0.081443 
6412.071315 1.029263 0.081080 
6413.268533 0.970774 0.081701 
6414.465751 1.031541 0.082815 
6415.662969 1.102299 0.083259 
6416.860187 1.103420 0.083093 
6418.057405 1.220803 0.084248 
6419.254623 1.093737 0.083649 
6420.451841 0.966980 0.082526 
6421.649059 0.994499 0.083250 
6422.846277 0.937253 0.082037 
6424.043495 0.933800 0.081279 
6425.240713 1.029247 0.082315 
6426.437931 1.134363 0.081255 
6427.635149 1.031655 0.081504 
6428.832367 1.065828 0.080461 
6430.029585 0.959154 0.081390 
6431.226803 1.005410 0.081209 
6432.424021 1.131560 0.081260 
6433.621239 1.107564 0.081149 
6434.818457 0.928545 0.080566 
6436.015675 0.993464 0.076807 
6437.212893 0.814389 0.077645 
6438.410111 1.052692 0.078031 
6439.607329 0.898119 0.077562 
6440.804547 0.871913 0.076671 
6442.001765 0.898228 0.077246 
6443.198983 0.918385 0.075599 
6444.396201 0.864888 0.076414 
6445.593419 0.941512 0.076851 
6446.790637 0.978867 0.079945 
6447.987855 1.025493 0.079978 
6449.185073 0.918591 0.079028 
6450.382291 0.901089 0.078985 
6451.579509 1.095627 0.083090 
6452.776727 0.903357 0.082691 
6453.973945 1.011934 0.083784 
6455.171163 1.034502 0.084426 
6456.368381 0.936882 0.083000 
6457.565599 0.944061 0.083659 
6458.762817 1.086667 0.083535 
6459.960035 0.998944 0.083369 
6461.157253 0.978291 0.084410 
6462.354471 0.877719 0.086463 
6463.551689 0.887509 0.091463 
6464.748907 0.963204 0.095615 
6465.946125 0.949906 0.097519 
6467.143343 0.905005 0.097512 
6468.340561 0.922548 0.098334 
6469.537779 0.860202 0.097358 
6470.734997 0.886540 0.096249 
6471.932215 0.833481 0.094537 
6473.129433 0.995032 0.093651 
6474.326651 1.026433 0.090548 
6475.523869 0.964454 0.088001 
6476.721087 1.188350 0.086723 
6477.918305 0.980810 0.085578 
6479.115523 0.814848 0.082681 
6480.312741 0.936910 0.081114 
6481.509959 0.865077 0.080739 
6482.707177 0.772084 0.079052 
6483.904395 1.005315 0.078209 
6485.101613 0.954787 0.079027 
6486.298831 0.769539 0.077554 
6487.496049 0.939013 0.077848 
6488.693267 0.684997 0.074778 
6489.890485 0.984681 0.076408 
6491.087703 0.776081 0.075425 
6492.284921 1.017303 0.079621 
6493.482139 0.953400 0.077450 
6494.679357 0.879257 0.083382 
6495.876575 1.062689 0.089231 
6497.073793 0.663970 0.098645 
6498.271011 0.847526 0.099717 
6499.468229 0.901921 0.104297 
6500.665447 0.902111 0.103569 
6501.862665 1.084438 0.101178 
6503.059883 0.778077 0.105434 
6504.257101 0.956645 0.101623 
6505.454319 0.786157 0.087265 
6506.651537 0.807344 0.084510 
6507.848755 0.908287 0.080834 
6509.045973 0.961238 0.081160 
6510.243191 0.977817 0.079814 
6511.440409 0.879912 0.077181 
6512.637627 0.925351 0.077898 
6513.834845 0.883120 0.079609 
6515.032063 0.928835 0.079749 
6516.229281 0.927535 0.079543 
6517.426499 0.861791 0.079176 
6518.623717 0.867707 0.078977 
6519.820936 0.949361 0.080100 
6521.018154 0.886766 0.081023 
6522.215372 1.016284 0.083966 
6523.412590 0.883760 0.082621 
6524.609808 0.762670 0.081720 
6525.807026 0.825526 0.081532 
6527.004244 0.912054 0.078214 
6528.201462 0.836652 0.078736 
6529.398680 0.771929 0.080278 
6530.595898 0.851221 0.086713 
6531.793116 0.850816 0.094466 
6532.990334 0.843199 0.096194 
6534.187552 0.749517 0.098591 
6535.384770 0.893424 0.098625 
6536.581988 0.859691 0.096704 
6537.779206 1.130090 0.094146 
6538.976424 0.793055 0.090713 
6540.173642 0.860718 0.092973 
6541.370860 0.776721 0.097116 
6542.568078 0.861143 0.122502 
6543.765296 0.400116 0.126016 
6544.962514 0.954026 0.137674 
6546.159732 0.846554 0.138782 
6547.356950 0.575307 0.132646 
6548.554168 0.797117 0.127062 
6549.751386 0.959228 0.111504 
6550.948604 0.649738 0.098123 
6552.145822 0.616366 0.106370 
6553.343040 0.938160 0.101553 
6554.540258 0.859974 0.100458 
6555.737476 0.723727 0.098327 
6556.934694 0.881944 0.090350 
6558.131912 0.738903 0.085394 
6559.329130 0.804910 0.084305 
6560.526348 0.758669 0.086479 
6561.723566 1.047958 0.094168 
6562.920784 0.707924 0.094219 
6564.118002 0.877323 0.095848 
6565.315220 0.997252 0.095759 
6566.512438 0.830347 0.091090 
6567.709656 0.822851 0.085575 
6568.906874 0.822830 0.081694 
6570.104092 0.887777 0.082240 
6571.301310 0.967620 0.083215 
6572.498528 0.913163 0.080246 
6573.695746 0.671706 0.078893 
6574.892964 0.666661 0.087756 
6576.090182 0.782181 0.100176 
6577.287400 0.917970 0.097601 
6578.484618 0.789288 0.089213 
6579.681836 0.645322 0.086667 
6580.879054 0.785234 0.082921 
6582.076272 0.602534 0.076908 
6583.273490 0.738299 0.074699 
6584.470708 0.828403 0.073978 
6585.667926 0.839164 0.074127 
6586.865144 0.832255 0.073288 
6588.062362 0.763134 0.071357 
6589.259580 0.822124 0.070985 
6590.456798 0.685860 0.071115 
6591.654016 0.732537 0.070516 
6592.851234 0.718236 0.071812 
6594.048452 0.689458 0.072722 
6595.245670 0.741518 0.074071 
6596.442888 0.687184 0.074264 
6597.640106 0.786565 0.073425 
6598.837324 0.670049 0.072886 
6600.034542 0.860259 0.075165 
6601.231760 0.854009 0.076023 
6602.428978 0.597389 0.076596 
6603.626196 1.001473 0.079999 
6604.823414 0.573967 0.079428 
6606.020632 0.944222 0.078967 
6607.217850 0.657973 0.076139 
6608.415068 0.871721 0.072746 
6609.612286 0.812165 0.071290 
6610.809504 0.748491 0.069511 
6612.006722 0.738223 0.068351 
6613.203940 0.794749 0.069614 
6614.401158 0.809138 0.068116 
6615.598376 0.754589 0.069982 
6616.795594 0.727288 0.067975 
6617.992812 0.755475 0.068576 
6619.190030 0.661161 0.067531 
6620.387248 0.745741 0.068660 
6621.584466 0.913347 0.070883 
6622.781684 0.957061 0.071055 
6623.978902 0.862306 0.080032 
6625.176120 0.711802 0.075434 
6626.373338 0.808661 0.071481 
6627.570556 0.975030 0.071826 
6628.767774 0.779153 0.070759 
6629.964992 0.837363 0.070851 
6631.162210 0.879688 0.073283 
6632.359428 0.732518 0.073794 
6633.556646 0.771986 0.072767 
6634.753864 0.828514 0.073140 
6635.951082 0.695724 0.072035 
6637.148300 0.768678 0.071514 
6638.345518 0.828628 0.071162 
6639.542736 0.869998 0.071064 
6640.739954 0.806852 0.069312 
6641.937172 0.877391 0.068625 
6643.134390 0.811055 0.068603 
6644.331608 0.771658 0.067712 
6645.528826 0.690562 0.066803 
6646.726044 0.777160 0.066709 
6647.923262 0.797741 0.067598 
6649.120480 0.791422 0.067884 
6650.317698 0.751594 0.066652 
6651.514916 0.692704 0.067537 
6652.712134 0.781590 0.067912 
6653.909352 0.665703 0.067263 
6655.106570 0.775219 0.066243 
6656.303788 0.808816 0.068600 
6657.501006 0.782472 0.067971 
6658.698224 0.824841 0.066387 
6659.895442 0.552520 0.067556 
6661.092660 0.798277 0.068793 
6662.289878 0.795650 0.067890 
6663.487096 0.570812 0.066414 
6664.684314 0.765428 0.068963 
6665.881532 0.680231 0.068918 
6667.078750 0.812304 0.068623 
6668.275968 0.660122 0.068875 
6669.473186 0.804367 0.068669 
6670.670404 0.701675 0.067799 
6671.867622 0.704592 0.067718 
6673.064840 0.740415 0.068009 
6674.262058 0.925018 0.067074 
6675.459276 0.840483 0.067478 
6676.656494 0.780724 0.067399 
6677.853712 0.834088 0.066417 
6679.050930 0.641288 0.065675 
6680.248148 0.884985 0.066662 
6681.445366 0.867975 0.067906 
6682.642584 0.724342 0.066220 
6683.839802 0.831285 0.067688 
6685.037020 0.801936 0.067007 
6686.234238 0.691831 0.066811 
6687.431456 0.739289 0.067832 
6688.628674 0.615769 0.067104 
6689.825892 0.785331 0.070103 
6691.023110 0.802407 0.073074 
6692.220328 0.776544 0.076017 
6693.417546 0.851554 0.079656 
6694.614764 0.853791 0.082389 
6695.811982 0.642252 0.081255 
6697.009200 0.693726 0.080576 
6698.206418 0.739986 0.078758 
6699.403636 0.739725 0.075761 
6700.600854 0.711471 0.072028 
6701.798072 0.721323 0.069097 
6702.995290 0.785401 0.068765 
6704.192508 0.736812 0.067563 
6705.389726 0.698833 0.066723 
6706.586944 0.778592 0.066961 
6707.784162 0.826330 0.071287 
6708.981380 0.779367 0.070095 
6710.178598 0.748936 0.065793 
6711.375816 0.747658 0.065738 
6712.573034 0.671989 0.064829 
6713.770252 0.760489 0.065436 
6714.967470 0.818894 0.066456 
6716.164688 0.663478 0.064767 
6717.361906 0.690698 0.064634 
6718.559124 0.721741 0.065064 
6719.756342 0.778100 0.066323 
6720.953560 0.835532 0.066312 
6722.150778 0.709641 0.065032 
6723.347996 0.819915 0.066045 
6724.545214 0.879446 0.065160 
6725.742432 0.805611 0.064383 
6726.939650 0.775925 0.064116 
6728.136868 0.792588 0.065087 
6729.334086 0.812094 0.066197 
6730.531304 0.700695 0.065134 
6731.728522 0.749400 0.064501 
6732.925740 0.772773 0.066302 
6734.122958 0.748287 0.064405 
6735.320176 0.734707 0.065249 
6736.517394 0.762898 0.063916 
6737.714612 0.824197 0.065205 
6738.911830 0.856433 0.066604 
6740.109048 0.844599 0.064265 
6741.306266 0.595562 0.063674 
6742.503484 0.823322 0.066263 
6743.700702 0.814487 0.066007 
6744.897920 0.704818 0.065223 
6746.095138 0.818813 0.066381 
6747.292357 0.724569 0.062828 
6748.489575 0.644345 0.064302 
6749.686793 0.839196 0.074091 
6750.884011 0.867712 0.074995 
6752.081229 0.754588 0.071142 
6753.278447 0.740899 0.062945 
6754.475665 0.795881 0.062762 
6755.672883 0.688252 0.062508 
6756.870101 0.721745 0.062564 
6758.067319 0.824368 0.063877 
6759.264537 0.758366 0.062410 
6760.461755 0.770529 0.062199 
6761.658973 0.769872 0.061507 
6762.856191 0.734837 0.062012 
6764.053409 0.847493 0.062609 
6765.250627 0.801697 0.062304 
6766.447845 0.841231 0.065788 
6767.645063 0.876482 0.071337 
6768.842281 0.910830 0.066322 
6770.039499 0.769902 0.066451 
6771.236717 0.795530 0.066252 
6772.433935 0.729364 0.065285 
6773.631153 0.730766 0.066114 
6774.828371 0.787729 0.066249 
6776.025589 0.803472 0.067824 
6777.222807 0.864628 0.067245 
6778.420025 0.789457 0.065320 
6779.617243 0.639990 0.063284 
6780.814461 0.659029 0.063754 
6782.011679 0.794138 0.063139 
6783.208897 0.773087 0.060870 
6784.406115 0.679590 0.060414 
6785.603333 0.737678 0.062351 
6786.800551 0.753491 0.062572 
6787.997769 0.785700 0.063035 
6789.194987 0.785983 0.063195 
6790.392205 0.721755 0.061659 
6791.589423 0.661739 0.060689 
6792.786641 0.723033 0.061357 
6793.983859 0.862611 0.062674 
6795.181077 0.754711 0.063069 
6796.378295 0.890013 0.063444 
6797.575513 0.855644 0.063383 
6798.772731 0.757615 0.061584 
6799.969949 0.767977 0.061573 
6801.167167 0.756164 0.062225 
6802.364385 0.652124 0.061074 
6803.561603 0.778370 0.061923 
6804.758821 0.884682 0.063348 
6805.956039 0.793498 0.061539 
6807.153257 0.777635 0.061621 
6808.350475 0.751425 0.062842 
6809.547693 0.930029 0.061999 
6810.744911 0.876559 0.071756 
6811.942129 0.801011 0.061800 
6813.139347 0.696710 0.061013 
6814.336565 0.894675 0.062106 
6815.533783 0.562484 0.060180 
6816.731001 0.906091 0.062783 
6817.928219 0.732039 0.061432 
6819.125437 0.778242 0.062956 
6820.322655 0.934451 0.062035 
6821.519873 0.697413 0.061757 
6822.717091 0.924060 0.064083 
6823.914309 0.692639 0.064741 
6825.111527 0.764877 0.073500 
6826.308745 0.799458 0.082548 
6827.505963 0.432378 0.087766 
6828.703181 0.502103 0.095943 
6829.900399 0.865393 0.101041 
6831.097617 0.632735 0.103566 
6832.294835 0.892277 0.105643 
6833.492053 0.633210 0.101491 
6834.689271 0.780349 0.098577 
6835.886489 0.747024 0.093668 
6837.083707 0.799602 0.088726 
6838.280925 0.646440 0.082086 
6839.478143 0.804077 0.075164 
6840.675361 0.686990 0.073289 
6841.872579 0.623821 0.070128 
6843.069797 0.758133 0.070388 
6844.267015 0.728547 0.068912 
6845.464233 0.641098 0.065541 
6846.661451 0.779064 0.064376 
6847.858669 0.834746 0.063322 
6849.055887 0.742097 0.062210 
6850.253105 0.765189 0.061821 
6851.450323 0.780195 0.062962 
6852.647541 0.824262 0.062644 
6853.844759 0.770151 0.062001 
6855.041977 0.709423 0.061437 
6856.239195 0.772686 0.060628 
6857.436413 0.809882 0.065079 
6858.633631 0.721406 0.068011 
6859.830849 0.673887 0.072581 
6861.028067 0.649782 0.085952 
6862.225285 0.746308 0.098788 
6863.422503 0.782113 0.107751 
6864.619721 0.718520 0.111575 
6865.816939 0.578744 0.111347 
6867.014157 0.715205 0.105818 
6868.211375 0.518947 0.097331 
6869.408593 0.652428 0.091427 
6870.605811 0.687002 0.087395 
6871.803029 0.639315 0.083648 
6873.000247 0.763250 0.081473 
6874.197465 0.737783 0.075726 
6875.394683 0.620460 0.071940 
6876.591901 0.646198 0.069515 
6877.789119 0.773458 0.070097 
6878.986337 0.697263 0.071014 
6880.183555 0.756969 0.071247 
6881.380773 0.769925 0.071613 
6882.577991 0.902030 0.072328 
6883.775209 0.658627 0.069655 
6884.972427 0.834502 0.069191 
6886.169645 0.589900 0.070649 
6887.366863 0.650705 0.072696 
6888.564081 0.488028 0.075413 
6889.761299 0.691679 0.075336 
6890.958517 0.676385 0.086425 
6892.155735 0.704582 0.076260 
6893.352953 0.717484 0.072068 
6894.550171 0.784561 0.078471 
6895.747389 0.923924 0.069046 
6896.944607 0.605193 0.067758 
6898.141825 0.713774 0.072933 
6899.339043 0.789459 0.074608 
6900.536261 0.586153 0.075916 
6901.733479 0.870429 0.079027 
6902.930697 0.567096 0.075647 
6904.127915 0.634306 0.070639 
6905.325133 0.428278 0.066160 
6906.522351 0.821858 0.065036 
6907.719569 0.732742 0.063410 
6908.916787 0.812731 0.078127 
6910.114005 1.013432 0.073507 
6911.311223 0.696219 0.077849 
6912.508441 0.790739 0.079562 
6913.705659 0.651930 0.077782 
6914.902877 0.746381 0.078937 
6916.100095 0.592500 0.072589 
6917.297313 0.637018 0.068225 
6918.494531 0.718104 0.067991 
6919.691749 0.701618 0.074912 
6920.888967 0.887966 0.081691 
6922.086185 0.692210 0.089180 
6923.283403 0.943150 0.094561 
6924.480621 0.506503 0.096312 
6925.677839 0.399723 0.091630 
6926.875057 0.428344 0.089782 
6928.072275 0.598019 0.083372 
6929.269493 0.672605 0.076223 
6930.466711 0.766850 0.073109 
6931.663929 0.657557 0.062681 
6932.861147 0.662774 0.061693 
6934.058365 0.477574 0.060420 
6935.255583 0.634300 0.061576 
6936.452801 0.683076 0.067027 
6937.650019 0.710463 0.073129 
6938.847237 0.649049 0.080669 
6940.044455 0.710255 0.087815 
6941.241673 0.708424 0.080192 
6942.438891 0.850453 0.080640 
6943.636109 0.700330 0.078466 
6944.833327 0.764417 0.074319 
6946.030545 0.689481 0.081081 
6947.227763 0.720548 0.086974 
6948.424981 0.777470 0.093140 
6949.622199 0.727385 0.095654 
6950.819417 0.697923 0.095046 
6952.016635 0.845983 0.090313 
6953.213853 0.746230 0.081092 
6954.411071 0.694547 0.072795 
6955.608289 0.824685 0.068406 
6956.805507 0.797645 0.064367 
6958.002725 0.657186 0.062217 
6959.199943 0.668610 0.062084 
6960.397161 0.756480 0.062371 
6961.594379 0.729074 0.061789 
6962.791597 0.599518 0.060468 
6963.988815 0.659594 0.060579 
6965.186033 0.617449 0.060657 
6966.383251 0.640568 0.062977 
6967.580469 0.703851 0.065829 
6968.777687 0.719874 0.068062 
6969.974905 0.617190 0.069036 
6971.172123 0.745679 0.069297 
6972.369341 0.721255 0.068367 
6973.566559 0.723308 0.067057 
6974.763778 0.506276 0.068221 
6975.960996 0.718693 0.073376 
6977.158214 0.597033 0.077673 
6978.355432 0.679314 0.079359 
6979.552650 0.762162 0.081571 
6980.749868 0.666231 0.078916 
6981.947086 0.680701 0.073005 
6983.144304 0.613271 0.067565 
6984.341522 0.643178 0.064414 
6985.538740 0.778530 0.061257 
6986.735958 0.612911 0.059972 
6987.933176 0.514025 0.059187 
6989.130394 0.772462 0.060337 
6990.327612 0.661276 0.060865 
6991.524830 0.782409 0.061455 
6992.722048 0.750677 0.060196 
6993.919266 0.609515 0.060210 
6995.116484 0.823098 0.061336 
6996.313702 0.679026 0.060448 
6997.510920 0.627148 0.061065 
6998.708138 0.630213 0.062375 
6999.905356 0.672264 0.062466 
7001.102574 0.499424 0.065133 
7002.299792 0.864197 0.069779 
7003.497010 0.653743 0.078080 
7004.694228 0.637741 0.078413 
7005.891446 0.494335 0.068353 
7007.088664 0.738796 0.066349 
7008.285882 0.526905 0.066624 
7009.483100 0.753653 0.068406 
7010.680318 0.538466 0.068274 
7011.877536 0.598802 0.069734 
7013.074754 0.542337 0.068410 
7014.271972 0.684813 0.067420 
7015.469190 0.682231 0.064299 
7016.666408 0.787871 0.062175 
7017.863626 0.760831 0.060231 
7019.060844 0.628078 0.064800 
7020.258062 0.703902 0.056454 
7021.455280 0.706540 0.057816 
7022.652498 0.765883 0.057737 
7023.849716 0.516586 0.057875 
7025.046934 0.578847 0.063116 
7026.244152 0.548176 0.055923 
7027.441370 0.619896 0.056798 
7028.638588 0.768947 0.125829 
7029.835806 0.917994 0.442811 
7031.033024 1.925363 0.245530 
7032.230242 1.209626 0.465226 
7033.427460 0.643335 0.524304 
7034.624678 0.694486 0.056420 
7035.821896 0.706809 0.056691 
7037.019114 0.695659 0.057171 
7038.216332 0.732335 0.059421 
7039.413550 0.605982 0.063898 
7040.610768 0.736090 0.060350 
7041.807986 0.734660 0.060461 
7043.005204 0.653200 0.061206 
7044.202422 0.635500 0.061938 
7045.399640 0.657534 0.063587 
7046.596858 0.773808 0.068357 
7047.794076 0.642986 0.075708 
7048.991294 0.555739 0.071678 
7050.188512 0.654851 0.067292 
7051.385730 0.692446 0.065741 
7052.582948 0.659382 0.064403 
7053.780166 0.637303 0.062590 
7054.977384 0.629638 0.060272 
7056.174602 0.603693 0.058837 
7057.371820 0.642994 0.058732 
7058.569038 0.712444 0.060005 
7059.766256 0.642368 0.059851 
7060.963474 0.649225 0.059217 
7062.160692 0.770254 0.065158 
7063.357910 0.715417 0.064842 
7064.555128 0.715703 0.060868 
7065.752346 0.668922 0.060876 
7066.949564 0.543650 0.059234 
7068.146782 0.594582 0.059503 
7069.344000 0.630858 0.059862 
7070.541218 0.637249 0.059667 
7071.738436 0.589676 0.058778 
7072.935654 0.570444 0.058317 
7074.132872 0.668873 0.058313 
7075.330090 0.574743 0.057171 
7076.527308 0.559639 0.057775 
7077.724526 0.639329 0.101831 
7078.921744 0.785484 0.122295 
7080.118962 0.742821 0.122301 
7081.316180 0.655754 0.078827 
7082.513398 0.597714 0.058741 
7083.710616 0.607687 0.059683 
7084.907834 0.695065 0.059781 
7086.105052 0.661061 0.060159 
7087.302270 0.620528 0.060078 
7088.499488 0.590996 0.060075 
7089.696706 0.626543 0.060607 
7090.893924 0.600791 0.059574 
7092.091142 0.567083 0.058812 
7093.288360 0.602304 0.057396 
7094.485578 0.515913 0.056226 
7095.682796 0.670821 0.056412 
7096.880014 0.591997 0.055316 
7098.077232 0.623880 0.055066 
7099.274450 0.618334 0.055985 
7100.471668 0.639476 0.055156 
7101.668886 0.460646 0.053670 
7102.866104 0.575726 0.054384 
7104.063322 0.474828 0.053632 
7105.260540 0.402357 0.053616 
7106.457758 0.568095 0.054426 
7107.654976 0.622325 0.056109 
7108.852194 0.579656 0.054761 
7110.049412 0.669777 0.055500 
7111.246630 0.611623 0.055365 
7112.443848 0.705975 0.055512 
7113.641066 0.585989 0.055635 
7114.838284 0.513345 0.055945 
7116.035502 0.601270 0.054651 
7117.232720 0.540249 0.052966 
7118.429938 0.655180 0.055997 
7119.627156 0.654084 0.054187 
7120.824374 0.602903 0.053883 
7122.021592 0.627306 0.053687 
7123.218810 0.459678 0.054120 
7124.416028 0.676319 0.054480 
7125.613246 0.509366 0.055453 
7126.810464 0.696091 0.056096 
7128.007682 0.587035 0.063840 
7129.204900 0.508852 0.063668 
7130.402118 0.458890 0.057425 
7131.599336 0.503292 0.056032 
7132.796554 0.727142 0.059015 
7133.993772 0.635340 0.058297 
7135.190990 0.612425 0.056817 
7136.388208 0.424459 0.056161 
7137.585426 0.605794 0.063610 
7138.782644 0.475814 0.060669 
7139.979862 0.662462 0.055296 
7141.177080 0.562368 0.057056 
7142.374298 0.581983 0.057705 
7143.571516 0.572653 0.059639 
7144.768734 0.563683 0.059627 
7145.965952 0.537006 0.059619 
7147.163170 0.535545 0.059860 
7148.360388 0.594781 0.060931 
7149.557606 0.606505 0.059648 
7150.754824 0.575031 0.057544 
7151.952042 0.474371 0.055100 
7153.149260 0.634745 0.055286 
7154.346478 0.465832 0.053979 
7155.543696 0.561939 0.054245 
7156.740914 0.647641 0.056200 
7157.938132 0.529983 0.055392 
7159.135350 0.619343 0.057458 
7160.332568 0.596579 0.058015 
7161.529786 0.782318 0.060045 
7162.727004 0.529469 0.065626 
7163.924222 0.499338 0.064487 
7165.121440 0.443412 0.058537 
7166.318658 0.502890 0.058909 
7167.515876 0.595487 0.060145 
7168.713094 0.679986 0.062785 
7169.910312 0.679558 0.063106 
7171.107530 0.577354 0.062766 
7172.304748 0.640748 0.063021 
7173.501966 0.596692 0.062999 
7174.699184 0.648818 0.063872 
7175.896402 0.605810 0.063555 
7177.093620 0.626961 0.063777 
7178.290838 0.614031 0.063203 
7179.488056 0.554419 0.062045 
7180.685274 0.590915 0.061744 
7181.882492 0.637262 0.062290 
7183.079710 0.538414 0.061015 
7184.276928 0.594165 0.061367 
7185.474146 0.652606 0.061764 
7186.671364 0.623148 0.060869 
7187.868582 0.623134 0.061041 
7189.065800 0.619066 0.061033 
7190.263018 0.645166 0.059883 
7191.460236 0.689875 0.059561 
7192.657454 0.619121 0.058840 
7193.854672 0.600015 0.059177 
7195.051890 0.656200 0.059827 
7196.249108 0.648603 0.059456 
7197.446326 0.603718 0.059222 
7198.643544 0.578180 0.059360 
7199.840762 0.619545 0.060381 
7201.037981 0.623680 0.059696 
7202.235199 0.578100 0.059424 
7203.432417 0.583386 0.059575 
7204.629635 0.594698 0.059857 
7205.826853 0.667581 0.060264 
7207.024071 0.654273 0.059150 
7208.221289 0.566997 0.057872 
7209.418507 0.637196 0.057679 
7210.615725 0.608979 0.056242 
7211.812943 0.581622 0.055348 
7213.010161 0.613896 0.055634 
7214.207379 0.583166 0.054885 
7215.404597 0.558767 0.054179 
7216.601815 0.628213 0.055266 
7217.799033 0.671804 0.055121 
7218.996251 0.578420 0.055157 
7220.193469 0.594636 0.055546 
7221.390687 0.577557 0.056101 
7222.587905 0.652934 0.056385 
7223.785123 0.577302 0.057378 
7224.982341 0.585787 0.057391 
7226.179559 0.646329 0.058176 
7227.376777 0.604478 0.057003 
7228.573995 0.537538 0.056900 
7229.771213 0.641524 0.058387 
7230.968431 0.611177 0.059642 
7232.165649 0.604796 0.066099 
7233.362867 0.642828 0.071924 
7234.560085 0.673179 0.070769 
7235.757303 0.596972 0.079876 
7236.954521 0.729780 0.096656 
7238.151739 0.668787 0.112448 
7239.348957 0.630470 0.124304 
7240.546175 0.563410 0.133650 
7241.743393 0.682576 0.143410 
7242.940611 0.785341 0.147307 
7244.137829 0.421822 0.145155 
7245.335047 0.862425 0.142381 
7246.532265 0.621667 0.133145 
7247.729483 0.562623 0.120758 
7248.926701 0.634028 0.106706 
7250.123919 0.563440 0.093773 
7251.321137 0.500655 0.086325 
7252.518355 0.707174 0.085239 
7253.715573 0.686689 0.084918 
7254.912791 0.648877 0.082453 
7256.110009 0.634378 0.079877 
7257.307227 0.657378 0.075003 
7258.504445 0.629371 0.069554 
7259.701663 0.639187 0.065986 
7260.898881 0.705738 0.064524 
7262.096099 0.700625 0.064142 
7263.293317 0.616327 0.063544 
7264.490535 0.613160 0.063142 
7265.687753 0.563641 0.063730 
7266.884971 0.595840 0.063091 
7268.082189 0.545008 0.063095 
7269.279407 0.615350 0.064092 
7270.476625 0.675904 0.065170 
7271.673843 0.531261 0.075298 
7272.871061 0.804850 0.097680 
7274.068279 0.625648 0.120360 
7275.265497 0.673152 0.141145 
7276.462715 0.897386 0.156194 
7277.659933 0.942688 0.159302 
7278.857151 0.572699 0.148520 
7280.054369 0.292544 0.128446 
7281.251587 0.757475 0.112949 
7282.448805 0.632011 0.104824 
7283.646023 0.644146 0.101054 
7284.843241 0.619699 0.098384 
7286.040459 0.353746 0.096789 
7287.237677 0.613299 0.093195 
7288.434895 0.854621 0.086978 
7289.632113 0.464330 0.075240 
7290.829331 0.640816 0.068967 
7292.026549 0.681748 0.070108 
7293.223767 0.720921 0.071465 
7294.420985 0.828111 0.075234 
7295.618203 0.583499 0.075384 
7296.815421 0.745580 0.074085 
7298.012639 0.546085 0.071703 
7299.209857 0.764684 0.071456 
7300.407075 0.531711 0.072313 
7301.604293 0.618660 0.078051 
7302.801511 0.538519 0.081848 
7303.998729 0.608581 0.086337 
7305.195947 0.650956 0.085671 
7306.393165 0.418841 0.080449 
7307.590383 0.609968 0.075183 
7308.787601 0.612877 0.070926 
7309.984819 0.602372 0.067625 
7311.182037 0.574250 0.068168 
7312.379255 0.638980 0.081455 
7313.576473 0.674160 0.100324 
7314.773691 0.469158 0.116170 
7315.970909 0.598440 0.126745 
7317.168127 0.586689 0.131898 
7318.365345 0.795311 0.129883 
7319.562563 0.627668 0.117482 
7320.759781 0.582288 0.097511 
7321.956999 0.661592 0.082273 
7323.154217 0.626628 0.068821 
7324.351435 0.597211 0.062048 
7325.548653 0.562527 0.067447 
7326.745871 0.619611 0.077341 
7327.943089 0.571672 0.085971 
7329.140307 0.573160 0.091807 
7330.337525 0.608214 0.094667 
7331.534743 0.641254 0.092219 
7332.731961 0.751073 0.086395 
7333.929179 0.615527 0.075817 
7335.126397 0.697778 0.069763 
7336.323615 0.582275 0.073097 
7337.520833 0.633867 0.086080 
7338.718051 0.570926 0.106602 
7339.915269 0.367924 0.122317 
7341.112487 0.498720 0.128596 
7342.309705 0.505147 0.131304 
7343.506923 0.711780 0.124219 
7344.704141 0.659707 0.109378 
7345.901359 0.803149 0.091545 
7347.098577 0.678683 0.076147 
7348.295795 0.641794 0.065395 
7349.493013 0.621033 0.060609 
7350.690231 0.643389 0.059863 
7351.887449 0.657943 0.059694 
7353.084667 0.598098 0.059129 
7354.281885 0.627515 0.062051 
7355.479103 0.502397 0.067873 
7356.676321 0.513049 0.075942 
7357.873539 0.586566 0.082245 
7359.070757 0.533344 0.086032 
7360.267975 0.623276 0.086788 
7361.465193 0.744202 0.083545 
7362.662411 0.653415 0.076221 
7363.859629 0.631734 0.070795 
7365.056847 0.683220 0.073112 
7366.254065 0.572733 0.084671 
7367.451283 0.486678 0.099134 
7368.648501 0.737964 0.113179 
7369.845719 0.757045 0.121202 
7371.042937 0.661544 0.119457 
7372.240155 0.624629 0.110858 
7373.437373 0.620556 0.095818 
7374.634591 0.612821 0.080872 
7375.831809 0.688843 0.071338 
7377.029027 0.655923 0.064976 
7378.226245 0.769678 0.063272 
7379.423463 0.694434 0.062589 
7380.620681 0.564144 0.056004 
7381.817899 0.564882 0.055035 
7383.015117 0.650697 0.055472 
7384.212335 0.628446 0.054962 
7385.409553 0.626246 0.055223 
7386.606771 0.565356 0.055257 
7387.803989 0.563041 0.057584 
7389.001207 0.554756 0.063309 
7390.198425 0.618673 0.070289 
7391.395643 0.619948 0.075084 
7392.592861 0.519210 0.076726 
7393.790079 0.430999 0.075373 
7394.987297 0.472335 0.072356 
7396.184515 0.509519 0.067711 
7397.381733 0.517985 0.066166 
7398.578951 0.531063 0.072172 
7399.776169 0.482032 0.081095 
7400.973387 0.449872 0.088630 
7402.170605 0.453630 0.093368 
7403.367823 0.481627 0.093874 
7404.565041 0.615073 0.089475 
7405.762259 0.722215 0.080802 
7406.959477 0.721986 0.070650 
7408.156695 0.688550 0.061413 
7409.353913 0.585441 0.055679 
7410.551131 0.669397 0.055081 
7411.748349 0.730335 0.055285 
7412.945567 0.584098 0.054498 
7414.142785 0.664841 0.055594 
7415.340003 0.678079 0.055822 
7416.537221 0.615269 0.054562 
7417.734439 0.595615 0.053501 
7418.931657 0.554882 0.053520 
7420.128875 0.650641 0.053942 
7421.326093 0.614325 0.053368 
7422.523311 0.611213 0.053303 
7423.720529 0.621348 0.053518 
7424.917747 0.600364 0.053641 
7426.114965 0.568814 0.055740 
7427.312183 0.512094 0.058882 
7428.509402 0.608858 0.062248 
7429.706620 0.594113 0.065545 
7430.903838 0.561533 0.065980 
7432.101056 0.646974 0.063556 
7433.298274 0.609300 0.061010 
7434.495492 0.646015 0.061736 
7435.692710 0.634016 0.065406 
7436.889928 0.514022 0.069289 
7438.087146 0.615694 0.073407 
7439.284364 0.605883 0.076088 
7440.481582 0.651805 0.075647 
7441.678800 0.581222 0.070883 
7442.876018 0.609187 0.065662 
7444.073236 0.637621 0.059980 
7445.270454 0.586500 0.054766 
7446.467672 0.576939 0.052467 
7447.664890 0.535136 0.051130 
7448.862108 0.609320 0.051330 
7450.059326 0.553633 0.050602 
7451.256544 0.604756 0.051727 
7452.453762 0.679582 0.052724 
7453.650980 0.646420 0.053006 
7454.848198 0.637546 0.052391 
7456.045416 0.550497 0.051196 
7457.242634 0.542403 0.051836 
7458.439852 0.651769 0.054018 
7459.637070 0.551939 0.055115 
7460.834288 0.495265 0.055836 
7462.031506 0.617882 0.058988 
7463.228724 0.561706 0.061079 
7464.425942 0.561239 0.063154 
7465.623160 0.583459 0.064656 
7466.820378 0.553781 0.066421 
7468.017596 0.701679 0.068343 
7469.214814 0.506743 0.068847 
7470.412032 0.644155 0.072388 
7471.609250 0.650547 0.076520 
7472.806468 0.668500 0.077469 
7474.003686 0.629857 0.077707 
7475.200904 0.506770 0.075712 
7476.398122 0.587026 0.074930 
7477.595340 0.442229 0.074501 
7478.792558 0.637659 0.075404 
7479.989776 0.661847 0.077492 
7481.186994 0.481996 0.081367 
7482.384212 0.587980 0.082932 
7483.581430 0.607969 0.081769 
7484.778648 0.544155 0.078900 
7485.975866 0.534579 0.074553 
7487.173084 0.614748 0.068616 
7488.370302 0.553501 0.062275 
7489.567520 0.564354 0.058387 
7490.764738 0.612674 0.058277 
7491.961956 0.639441 0.058574 
7493.159174 0.619660 0.060235 
7494.356392 0.552285 0.060268 
7495.553610 0.542157 0.058612 
7496.750828 0.527115 0.058296 
7497.948046 0.591077 0.056279 
7499.145264 0.545818 0.054742 
7500.342482 0.753509 0.055046 
7501.539700 0.664350 0.053979 
7502.736918 0.668190 0.053853 
7503.934136 0.611179 0.052521 
7505.131354 0.537314 0.051481 
7506.328572 0.608857 0.052195 
7507.525790 0.670219 0.052473 
7508.723008 0.560184 0.051211 
7509.920226 0.644558 0.051718 
7511.117444 0.600170 0.051886 
7512.314662 0.632934 0.051542 
7513.511880 0.609161 0.052082 
7514.709098 0.673338 0.053749 
7515.906316 0.570838 0.054949 
7517.103534 0.583327 0.055774 
7518.300752 0.626108 0.058261 
7519.497970 0.521509 0.063626 
7520.695188 0.624776 0.075628 
7521.892406 0.386328 0.088347 
7523.089624 0.673193 0.099860 
7524.286842 0.519466 0.106175 
7525.484060 0.574509 0.106822 
7526.681278 0.517849 0.103062 
7527.878496 0.510744 0.093716 
7529.075714 0.615458 0.086199 
7530.272932 0.443932 0.079053 
7531.470150 0.563953 0.075200 
7532.667368 0.527919 0.070891 
7533.864586 0.484098 0.065334 
7535.061804 0.530311 0.061787 
7536.259022 0.601834 0.058797 
7537.456240 0.576149 0.057659 
7538.653458 0.737335 0.057345 
7539.850676 0.548500 0.057887 
7541.047894 0.565187 0.057916 
7542.245112 0.569400 0.057465 
7543.442330 0.594126 0.056811 
7544.639548 0.558473 0.054917 
7545.836766 0.586602 0.053703 
7547.033984 0.572821 0.052382 
7548.231202 0.612710 0.052442 
7549.428420 0.627587 0.052288 
7550.625638 0.584959 0.053083 
7551.822856 0.674422 0.053162 
7553.020074 0.470056 0.053245 
7554.217292 0.677366 0.057636 
7555.414510 0.627130 0.061393 
7556.611728 0.592073 0.063999 
7557.808946 0.498987 0.065484 
7559.006164 0.684080 0.066326 
7560.203382 0.542783 0.064437 
7561.400600 0.593818 0.060870 
7562.597818 0.615364 0.058030 
7563.795036 0.511405 0.053580 
7564.992254 0.501065 0.053856 
7566.189472 0.797717 0.056712 
7567.386690 0.415898 0.058561 
7568.583908 0.720504 0.069915 
7569.781126 0.697006 0.081749 
7570.978344 0.678785 0.088023 
7572.175562 0.486413 0.093975 
7573.372780 0.767899 0.095420 
7574.569998 0.586887 0.089828 
7575.767216 0.433423 0.080169 
7576.964434 0.716429 0.070514 
7578.161652 0.561827 0.062525 
7579.358870 0.673715 0.056813 
7580.556088 0.506398 0.051746 
7581.753306 0.640933 0.052370 
7582.950524 0.687677 0.059024 
7584.147742 0.792683 0.063767 
7585.344960 0.556351 0.066083 
7586.542178 0.920080 0.069746 
7587.739396 0.426866 0.068554 
7588.936614 0.609727 0.066611 
7590.133832 0.483970 0.060679 
7591.331050 0.573958 0.058527 
7592.528268 0.578859 0.056562 
7593.725486 0.519787 0.060329 
7594.922704 0.616662 0.139736 
7596.119922 0.592575 0.336677 
7597.317140 0.568488 0.533619 
7598.514358 0.544401 0.730560 
7599.711576 0.070723 0.275668 
7600.908794 0.444415 0.130086 
7602.106012 0.530908 0.128042 
7603.303230 0.461919 0.118931 
7604.500448 0.523999 0.112401 
7605.697666 0.654145 0.103131 
7606.894884 0.357613 0.097609 
7608.092102 0.640201 0.098518 
7609.289320 0.348092 0.093546 
7610.486538 0.700219 0.092527 
7611.683756 0.395612 0.083516 
7612.880974 0.791902 0.084580 
7614.078192 0.639661 0.078534 
7615.275410 0.438635 0.080405 
7616.472628 0.648474 0.080788 
7617.669846 0.656469 0.080803 
7618.867064 0.455712 0.078336 
7620.064282 0.971714 0.079641 
7621.261500 0.589916 0.087541 
7622.458718 0.529508 0.073663 
7623.655936 0.597817 0.076545 
7624.853154 0.672735 0.079396 
7626.050372 0.453738 0.089142 
7627.247590 0.572663 0.098007 
7628.444808 0.534658 0.105172 
7629.642026 0.284471 0.104555 
7630.839244 0.805077 0.107746 
7632.036462 0.427840 0.098063 
7633.233680 0.355827 0.085844 
7634.430898 0.556671 0.079824 
7635.628116 0.344187 0.070234 
7636.825334 0.461169 0.066829 
7638.022552 0.348968 0.063534 
7639.219770 0.520577 0.063526 
7640.416988 0.507153 0.064221 
7641.614206 0.405150 0.061236 
7642.811424 0.458802 0.062207 
7644.008642 0.494504 0.061292 
7645.205860 0.479858 0.060745 
7646.403078 0.485016 0.059044 
7647.600296 0.543734 0.059296 
7648.797514 0.623296 0.075218 
7649.994732 0.889984 0.118923 
7651.191950 0.502604 0.112480 
7652.389168 0.579219 0.066258 
7653.586386 0.589705 0.066154 
7654.783605 0.442890 0.063292 
7655.980823 0.483326 0.063382 
7657.178041 0.544959 0.061081 
7658.375259 0.455664 0.060485 
7659.572477 0.654015 0.064063 
7660.769695 0.535172 0.068031 
7661.966913 0.625634 0.070613 
7663.164131 0.334942 0.070373 
7664.361349 0.731619 0.071328 
7665.558567 0.534145 0.067153 
7666.755785 0.515082 0.061736 
7667.953003 0.472453 0.056381 
7669.150221 0.612091 0.053771 
7670.347439 0.494252 0.052257 
7671.544657 0.500622 0.051348 
7672.741875 0.563899 0.051777 
7673.939093 0.645848 0.052775 
7675.136311 0.501333 0.051669 
7676.333529 0.555192 0.051061 
7677.530747 0.550920 0.051191 
7678.727965 0.526962 0.051590 
7679.925183 0.579802 0.053112 
7681.122401 0.514719 0.054854 
7682.319619 0.592169 0.058194 
7683.516837 0.550076 0.060609 
7684.714055 0.573019 0.064761 
7685.911273 0.529568 0.066174 
7687.108491 0.542418 0.068007 
7688.305709 0.413173 0.068075 
7689.502927 0.563271 0.068069 
7690.700145 0.534230 0.066678 
7691.897363 0.468438 0.066427 
7693.094581 0.686797 0.064574 
7694.291799 0.425198 0.063215 
7695.489017 0.611819 0.063390 
7696.686235 0.607985 0.070774 
7697.883453 0.655397 0.061735 
7699.080671 0.486731 0.062396 
7700.277889 0.653630 0.063454 
7701.475107 0.497560 0.062196 
7702.672325 0.730566 0.062275 
7703.869543 0.530231 0.059374 
7705.066761 0.480295 0.056322 
7706.263979 0.619377 0.054065 
7707.461197 0.569947 0.057375 
7708.658415 0.611518 0.067057 
7709.855633 0.518546 0.084589 
7711.052851 0.619092 0.101761 
7712.250069 0.376251 0.115518 
7713.447287 0.375035 0.130789 
7714.644505 0.288412 0.148061 
7715.841723 0.514939 0.166751 
7717.038941 0.505667 0.147041 
7718.236159 0.805247 0.142079 
7719.433377 1.126641 0.133078 
7720.630595 1.155277 0.117323 
7721.827813 1.132875 0.102924 
7723.025031 0.904519 0.090867 
7724.222249 0.806272 0.085151 
7725.419467 0.502892 0.082465 
7726.616685 0.602422 0.081851 
7727.813903 0.577894 0.080164 
7729.011121 0.458930 0.074929 
7730.208339 0.522316 0.068125 
7731.405557 0.455098 0.063938 
7732.602775 0.522739 0.062100 
7733.799993 0.514526 0.061469 
7734.997211 0.514836 0.061330 
7736.194429 0.489457 0.061430 
7737.391647 0.556380 0.062317 
7738.588865 0.509067 0.061102 
7739.786083 0.537412 0.060197 
7740.983301 0.433063 0.058849 
7742.180519 0.552019 0.058009 
7743.377737 0.554859 0.118174 
7744.574955 0.116489 0.455974 
7745.772173 0.774446 0.065103 
7746.969391 0.516225 0.081117 
7748.166609 0.538867 0.105572 
7749.363827 0.420952 0.127812 
7750.561045 0.676023 0.140672 
7751.758263 0.709257 0.147002 
7752.955481 0.277232 0.143129 
7754.152699 0.749408 0.128450 
7755.349917 0.388520 0.108220 
7756.547135 0.470878 0.094662 
7757.744353 0.518606 0.090287 
7758.941571 0.721204 0.090803 
7760.138789 0.363199 0.093252 
7761.336007 0.562740 0.094507 
7762.533225 0.467312 0.091247 
7763.730443 0.424430 0.083787 
7764.927661 0.604143 0.073959 
7766.124879 0.603472 0.066029 
7767.322097 0.458170 0.062271 
7768.519315 0.584256 0.066748 
7769.716533 0.454014 0.081884 
7770.913751 0.408646 0.098493 
7772.110969 0.605733 0.115982 
7773.308187 0.520481 0.128770 
7774.505405 0.780208 0.134241 
7775.702623 0.698697 0.131215 
7776.899841 0.616179 0.121962 
7778.097059 0.702334 0.112565 
7779.294277 0.459105 0.102206 
7780.491495 0.409151 0.093192 
7781.688713 0.514409 0.088570 
7782.885931 0.598105 0.084377 
7784.083149 0.419327 0.076595 
7785.280367 0.415290 0.070402 
7786.477585 0.612773 0.065960 
7787.674803 0.616759 0.062195 
7788.872021 0.379217 0.062305 
7790.069239 0.425454 0.070043 
7791.266457 0.396342 0.088397 
7792.463675 0.472727 0.105521 
7793.660893 0.282119 0.118947 
7794.858111 0.340166 0.125902 
7796.055329 0.551165 0.126844 
7797.252547 0.759697 0.117382 
7798.449765 0.615405 0.100309 
7799.646983 0.397950 0.081110 
7800.844201 0.609922 0.068533 
7802.041419 0.546061 0.058474 
7803.238637 0.460845 0.055134 
7804.435855 0.482593 0.058604 
7805.633073 0.574804 0.068216 
7806.830291 0.338114 0.077666 
7808.027509 0.565264 0.085218 
7809.224727 0.426797 0.087966 
7810.421945 0.314521 0.089496 
7811.619163 0.788862 0.086813 
7812.816381 0.375489 0.077472 
7814.013599 0.681175 0.069776 
7815.210817 0.511494 0.063048 
7816.408035 0.601679 0.061985 
7817.605253 0.602700 0.071854 
7818.802471 0.434515 0.093394 
7819.999689 0.407483 0.115176 
7821.196907 0.562339 0.130978 
7822.394125 0.351646 0.134053 
7823.591343 0.481568 0.135945 
7824.788561 0.875754 0.125121 
7825.985779 0.386548 0.108554 
7827.182997 0.496513 0.097222 
7828.380215 0.518734 0.071665 
7829.577433 0.686998 0.062248 
7830.774651 0.451485 0.056648 
7831.971869 0.523041 0.055469 
7833.169087 0.522119 0.055594 
7834.366305 0.406554 0.054570 
7835.563523 0.463146 0.054124 
7836.760741 0.375303 0.056026 
7837.957959 0.536991 0.063098 
7839.155177 0.513596 0.071911 
7840.352395 0.344792 0.079093 
7841.549613 0.635261 0.085620 
7842.746831 0.467890 0.088751 
7843.944049 0.409812 0.083813 
7845.141267 0.477616 0.076882 
7846.338485 0.580614 0.071721 
7847.535703 0.513149 0.069426 
7848.732921 0.432235 0.074526 
7849.930139 0.584573 0.089238 
7851.127357 0.382135 0.113179 
7852.324575 0.569039 0.131324 
7853.521793 0.543293 0.142280 
7854.719011 0.510192 0.145154 
7855.916229 0.482262 0.141830 
7857.113447 0.879004 0.131958 
7858.310665 0.597675 0.123241 
7859.507883 0.398714 0.126046 
7860.705101 0.314760 0.107869 
7861.902319 0.522372 0.102981 
7863.099537 0.723159 0.098494 
7864.296755 0.563364 0.091725 
7865.493973 0.588899 0.084957 
7866.691191 0.420746 0.084033 
7867.888409 0.290590 0.090779 
7869.085627 0.451120 0.102134 
7870.282845 0.454217 0.109339 
7871.480063 0.382940 0.109895 
7872.677281 0.737163 0.107774 
7873.874499 0.195048 0.101231 
7875.071717 0.510171 0.100149 
7876.268935 0.530296 0.083451 
7877.466153 0.499687 0.082836 
7878.663371 0.590706 0.085619 
7879.860589 0.393060 0.091970 
7881.057807 0.412598 0.094442 
7882.255026 0.470570 0.093611 
7883.452244 0.681759 0.088857 
7884.649462 0.338237 0.083444 
7885.846680 0.518702 0.080854 
7887.043898 0.586172 0.085712 
7888.241116 0.451312 0.095923 
7889.438334 0.776456 0.104768 
7890.635552 0.476188 0.108358 
7891.832770 0.351266 0.108029 
7893.029988 0.593226 0.102901 
7894.227206 0.479373 0.089082 
7895.424424 0.537133 0.078626 
7896.621642 0.556436 0.068458 
7897.818860 0.600589 0.062129 
7899.016078 0.613225 0.058620 
7900.213296 0.512591 0.056361 
7901.410514 0.635691 0.056833 
7902.607732 0.501561 0.057203 
7903.804950 0.644164 0.057360 
7905.002168 0.572655 0.056952 
7906.199386 0.389080 0.056190 
7907.396604 0.545557 0.057993 
7908.593822 0.303348 0.062209 
7909.791040 0.430429 0.080197 
7910.988258 0.493241 0.109570 
7912.185476 0.342778 0.138074 
7913.382694 0.351009 0.153503 
7914.579912 0.413686 0.162338 
7915.777130 0.903229 0.163320 
7916.974348 0.165070 0.151217 
7918.171566 0.881260 0.154372 
7919.368784 1.970935 0.229603 
7920.566002 0.314895 0.118130 
7921.763220 0.747858 0.115687 
7922.960438 0.568266 0.111859 
7924.157656 0.549738 0.103847 
7925.354874 0.694662 0.090532 
7926.552092 0.455030 0.078634 
7927.749310 0.377900 0.074010 
7928.946528 0.540365 0.077849 
7930.143746 0.447297 0.085019 
7931.340964 0.288171 0.092558 
7932.538182 0.506267 0.093626 
7933.735400 0.128112 0.090940 
7934.932618 0.400583 0.083208 
7936.129836 0.631682 0.074049 
7937.327054 0.526651 0.064861 
7938.524272 0.523328 0.057830 
7939.721490 0.421042 0.053215 
7940.918708 0.571935 0.053578 
7942.115926 0.426273 0.053409 
7943.313144 0.431252 0.055106 
7944.510362 0.557861 0.059302 
7945.707580 0.459213 0.063886 
7946.904798 0.334895 0.071232 
7948.102016 0.519644 0.079800 
7949.299234 0.512790 0.084013 
7950.496452 0.525394 0.086193 
7951.693670 0.493414 0.084628 
7952.890888 0.553419 0.077286 
7954.088106 0.645526 0.069369 
7955.285324 0.440794 0.060840 
7956.482542 0.554745 0.056117 
7957.679760 0.454177 0.051520 
7958.876978 0.517416 0.052463 
7960.074196 0.437973 0.058585 
7961.271414 0.496073 0.077162 
7962.468632 0.467661 0.104969 
7963.665850 0.491087 0.125319 
7964.863068 0.450433 0.136758 
7966.060286 0.613533 0.142237 
7967.257504 0.309276 0.137559 
7968.454722 0.509505 0.121628 
7969.651940 0.517738 0.100479 
7970.849158 0.758006 0.083831 
7972.046376 0.607107 0.069993 
7973.243594 0.656091 0.060824 
7974.440812 0.348439 0.060343 
7975.638030 0.424650 0.065116 
7976.835248 0.566132 0.076901 
7978.032466 0.519138 0.088523 
7979.229684 0.408395 0.095932 
7980.426902 0.566414 0.098497 
7981.624120 0.348237 0.096794 
7982.821338 0.380564 0.089838 
7984.018556 0.272001 0.078232 
7985.215774 0.728756 0.069660 
7986.412992 0.573773 0.061951 
7987.610210 0.347613 0.058740 
7988.807428 0.586532 0.072848 
7990.004646 0.670812 0.095487 
7991.201864 0.499110 0.108510 
7992.399082 0.438988 0.127843 
7993.596300 0.374765 0.139757 
7994.793518 0.884362 0.146390 
7995.990736 0.576813 0.141204 
7997.187954 0.769269 0.128405 
7998.385172 1.500364 0.195137 
7999.582390 0.394824 0.081610 
8000.779608 0.650411 0.067395 
8001.976826 0.473135 0.057674 
8003.174044 0.588967 0.054545 
8004.371262 0.340561 0.053014 
8005.568480 0.357189 0.052663 
8006.765698 0.501736 0.052861 
8007.962916 0.408522 0.052356 
8009.160134 0.456897 0.053833 
8010.357352 0.398757 0.057210 
8011.554570 0.474478 0.069232 
8012.751788 0.376876 0.077613 
8013.949006 0.480459 0.084136 
8015.146224 0.434395 0.086170 
8016.343442 0.740004 0.086827 
8017.540660 0.183783 0.081329 
8018.737878 0.451027 0.084887 
8019.935096 0.341115 0.066871 
8021.132314 0.701637 0.066965 
8022.329532 0.364968 0.075125 
8023.526750 0.768362 0.094543 
8024.723968 0.448679 0.109352 
8025.921186 0.596903 0.121252 
8027.118404 0.291605 0.127411 
8028.315622 0.761101 0.125513 
8029.512840 0.712415 0.114615 
8030.710058 0.787723 0.098034 
8031.907276 0.162433 0.079438 
8033.104494 0.678356 0.068351 
8034.301712 0.516951 0.059325 
8035.498930 0.346782 0.055081 
8036.696148 0.714393 0.054154 
8037.893366 0.354543 0.052104 
8039.090584 0.558039 0.052713 
8040.287802 0.535719 0.051900 
8041.485020 0.376163 0.051828 
8042.682238 0.593946 0.051440 
8043.879456 0.498474 0.051409 
8045.076674 0.293671 0.050238 
8046.273892 0.614593 0.052314 
8047.471110 0.390275 0.052136 
8048.668328 0.426373 0.056649 
8049.865546 0.454227 0.063427 
8051.062764 0.422216 0.069272 
8052.259982 0.663561 0.073538 
8053.457200 0.447902 0.073661 
8054.654418 0.559750 0.072017 
8055.851636 0.663788 0.067659 
8057.048854 0.434430 0.061601 
8058.246072 0.488777 0.060349 
8059.443290 0.340268 0.066008 
8060.640508 0.467019 0.077555 
8061.837726 0.345896 0.085964 
8063.034944 0.182589 0.089756 
8064.232162 0.240090 0.091115 
8065.429380 0.605839 0.087678 
8066.626598 0.338617 0.076939 
8067.823816 0.525386 0.066624 
8069.021034 0.470503 0.057444 
8070.218252 0.470063 0.051675 
8071.415470 0.465080 0.050145 
8072.612688 0.554018 0.050498 
8073.809906 0.371627 0.050139 
8075.007124 0.505496 0.051869 
8076.204342 0.346580 0.051758 
8077.401560 0.425444 0.051986 
8078.598778 0.329311 0.052494 
8079.795996 0.502469 0.052451 
8080.993214 0.410772 0.052029 
8082.190432 0.479651 0.052618 
8083.387650 0.537340 0.054012 
8084.584868 0.367643 0.052838 
8085.782086 0.468144 0.053114 
8086.979304 0.391540 0.053253 
8088.176522 0.451575 0.052901 
8089.373740 0.302263 0.051313 
8090.570958 0.495217 0.052818 
8091.768176 0.595462 0.056824 
8092.965394 0.492205 0.182024 
8094.162612 0.365787 0.322188 
8095.359830 0.239368 0.462352 
8096.557048 0.752654 0.553704 
8097.754266 0.663851 0.165415 
8098.951484 0.413428 0.065006 
8100.148702 0.493372 0.061545 
8101.345920 0.490179 0.065583 
8102.543138 0.531670 0.068904 
8103.740356 0.476940 0.080813 
8104.937574 0.615790 0.072752 
8106.134792 0.500075 0.069213 
8107.332010 0.539895 0.063994 
8108.529228 0.345763 0.058154 
8109.726447 0.585227 0.056045 
8110.923665 0.500657 0.053085 
8112.120883 0.542076 0.052438 
8113.318101 0.535060 0.053102 
8114.515319 0.544072 0.052768 
8115.712537 0.377959 0.050543 
8116.909755 0.396506 0.050815 
8118.106973 0.590272 0.051432 
8119.304191 0.484724 0.050761 
8120.501409 0.552022 0.051471 
8121.698627 0.510371 0.051501 
8122.895845 0.545188 0.051413 
8124.093063 0.451427 0.053204 
8125.290281 0.496201 0.052931 
8126.487499 0.481207 0.052010 
8127.684717 0.393173 0.052397 
8128.881935 0.583307 0.053588 
8130.079153 0.580773 0.054476 
8131.276371 0.474528 0.054525 
8132.473589 0.500678 0.054700 
8133.670807 0.381716 0.054763 
8134.868025 0.474664 0.054849 
8136.065243 0.547019 0.055734 
8137.262461 0.532119 0.058096 
8138.459679 0.602238 0.060229 
8139.656897 0.506696 0.061014 
8140.854115 0.514600 0.060409 
8142.051333 0.546458 0.060199 
8143.248551 0.595492 0.059163 
8144.445769 0.510966 0.060127 
8145.642987 0.533892 0.060569 
8146.840205 0.380558 0.062392 
8148.037423 0.502095 0.062801 
8149.234641 0.409923 0.062892 
8150.431859 0.538609 0.061834 
8151.629077 0.451618 0.058219 
8152.826295 0.560577 0.056574 
8154.023513 0.491238 0.053467 
8155.220731 0.430229 0.051667 
8156.417949 0.523548 0.052197 
8157.615167 0.450901 0.051393 
8158.812385 0.510772 0.051140 
8160.009603 0.490971 0.051207 
8161.206821 0.469386 0.052346 
8162.404039 0.478596 0.053342 
8163.601257 0.524223 0.054554 
8164.798475 0.494448 0.053585 
8165.995693 0.480637 0.053539 
8167.192911 0.480136 0.052483 
8168.390129 0.434761 0.052564 
8169.587347 0.428895 0.051897 
8170.784565 0.437094 0.051638 
8171.981783 0.506288 0.051750 
8173.179001 0.546845 0.052495 
8174.376219 0.491614 0.051886 
8175.573437 0.428892 0.052208 
8176.770655 0.412247 0.051611 
8177.967873 0.506788 0.053213 
8179.165091 0.440705 0.052920 
8180.362309 0.533330 0.053192 
8181.559527 0.406329 0.051790 
8182.756745 0.438847 0.052111 
8183.953963 0.440531 0.051696 
8185.151181 0.487419 0.051582 
8186.348399 0.432907 0.052766 
8187.545617 0.411442 0.053398 
8188.742835 0.489051 0.054797 
8189.940053 0.427723 0.054212 
8191.137271 0.455035 0.054418 
8192.334489 0.483859 0.055164 
8193.531707 0.426236 0.054433 
8194.728925 0.396566 0.053955 
8195.926143 0.558458 0.055250 
8197.123361 0.525798 0.055811 
8198.320579 0.448560 0.055294 
8199.517797 0.498267 0.054700 
8200.715015 0.488216 0.052589 
8201.912233 0.446315 0.051068 
8203.109451 0.453524 0.050888 
8204.306669 0.529149 0.050538 
8205.503887 0.410106 0.048904 
8206.701105 0.383952 0.048788 
8207.898323 0.533049 0.050828 
8209.095541 0.410904 0.050941 
8210.292759 0.452644 0.050451 
8211.489977 0.480395 0.050767 
8212.687195 0.434098 0.050305 
8213.884413 0.466024 0.050609 
8215.081631 0.392579 0.050378 
8216.278849 0.346805 0.049570 
8217.476067 0.414549 0.049982 
8218.673285 0.473657 0.050203 
8219.870503 0.473008 0.050415 
8221.067721 0.416375 0.049952 
8222.264939 0.385912 0.050189 
8223.462157 0.401109 0.051283 
8224.659375 0.372716 0.052133 
8225.856593 0.478224 0.054446 
8227.053811 0.470340 0.055043 
8228.251029 0.382579 0.054474 
8229.448247 0.348601 0.053692 
8230.645465 0.382911 0.053733 
8231.842683 0.456275 0.054244 
8233.039901 0.496425 0.053598 
8234.237119 0.487702 0.052255 
8235.434337 0.537177 0.052180 
8236.631555 0.512352 0.051637 
8237.828773 0.468001 0.050955 
8239.025991 0.508070 0.051205 
8240.223209 0.487346 0.051695 
8241.420427 0.416091 0.051807 
8242.617645 0.438433 0.051780 
8243.814863 0.408304 0.052534 
8245.012081 0.513741 0.053227 
8246.209299 0.478409 0.052329 
8247.406517 0.420692 0.051738 
8248.603735 0.440583 0.051644 
8249.800953 0.431067 0.050945 
8250.998171 0.433447 0.050497 
8252.195389 0.437605 0.051028 
8253.392607 0.440310 0.051126 
8254.589825 0.508599 0.051386 
8255.787043 0.461235 0.050776 
8256.984261 0.526588 0.050407 
8258.181479 0.472914 0.050885 
8259.378697 0.378556 0.049849 
8260.575915 0.419915 0.049756 
8261.773133 0.418449 0.049732 
8262.970351 0.448337 0.049120 
8264.167569 0.433971 0.049132 
8265.364787 0.437244 0.049252 
8266.562005 0.420696 0.048897 
8267.759223 0.413786 0.048305 
8268.956441 0.413805 0.048207 
8270.153659 0.350426 0.048327 
8271.350877 0.419034 0.049310 
8272.548095 0.504860 0.050572 
8273.745313 0.410468 0.052480 
8274.942531 0.366111 0.057139 
8276.139749 0.419099 0.066263 
8277.336967 0.561052 0.078435 
8278.534185 0.538565 0.092544 
8279.731403 0.398841 0.106849 
8280.928621 0.494460 0.117606 
8282.125839 0.422990 0.122476 
8283.323057 0.398377 0.120981 
8284.520275 0.598191 0.120063 
8285.717493 0.668073 0.122742 
8286.914711 0.609050 0.127291 
8288.111929 0.714833 0.133805 
8289.309147 0.610821 0.137240 
8290.506365 0.324842 0.133893 
8291.703583 0.481815 0.125062 
8292.900801 0.505672 0.111939 
8294.098019 0.538154 0.101577 
8295.295237 0.662428 0.102299 
8296.492455 0.605802 0.113900 
8297.689673 0.420516 0.129416 
8298.886891 0.423476 0.140880 
8300.084109 0.496904 0.144920 
8301.281327 0.465155 0.140434 
8302.478545 0.522130 0.127164 
8303.675763 0.523274 0.106219 
8304.872981 0.953800 0.121502 
8306.070199 1.171918 0.130479 
8307.267417 0.746582 0.089346 
8308.464635 0.481351 0.068643 
8309.661853 0.446176 0.075662 
8310.859071 0.466042 0.082516 
8312.056289 0.464221 0.086163 
8313.253507 0.435566 0.084480 
8314.450725 0.425793 0.079434 
8315.647943 0.362759 0.070546 
8316.845161 0.376304 0.062014 
8318.042379 0.435425 0.057153 
8319.239597 0.563707 0.055446 
8320.436815 0.460940 0.054112 
8321.634033 0.431995 0.052471 
8322.831251 0.368741 0.051518 
8324.028469 0.422308 0.050135 
8325.225687 0.535589 0.052436 
8326.422905 0.485455 0.054549 
8327.620123 0.514830 0.048689 
8328.817341 0.448249 0.048694 
8330.014559 0.364978 0.048120 
8331.211777 0.370679 0.047595 
8332.408995 0.417575 0.048306 
8333.606213 0.390533 0.048928 
8334.803431 0.348349 0.049104 
8336.000650 0.404075 0.050942 
8337.197868 0.411425 0.051820 
8338.395086 0.344667 0.053943 
8339.592304 0.424606 0.063182 
8340.789522 0.571485 0.087875 
8341.986740 0.492406 0.126078 
8343.183958 0.301448 0.164466 
8344.381176 0.004647 0.191277 
8345.578394 0.136302 0.205588 
8346.775612 0.512242 0.204511 
8347.972830 0.211683 0.195714 
8349.170048 0.401440 0.178023 
8350.367266 0.690611 0.137904 
8351.564484 1.014025 0.158557 
8352.761702 1.004128 0.192103 
8353.958920 0.329379 0.122828 
8355.156138 0.583744 0.120664 
8356.353356 0.253236 0.110046 
8357.550574 0.389224 0.094048 
8358.747792 0.554266 0.077519 
8359.945010 0.353586 0.065228 
8361.142228 0.396567 0.060853 
8362.339446 0.325708 0.067527 
8363.536664 0.371560 0.075046 
8364.733882 0.265659 0.080222 
8365.931100 0.448587 0.081737 
8367.128318 0.353712 0.079995 
8368.325536 0.346930 0.074376 
8369.522754 0.410296 0.065618 
8370.719972 0.377889 0.057635 
8371.917190 0.348623 0.050904 
8373.114408 0.297919 0.048319 
8374.311626 0.515682 0.048631 
8375.508844 0.319694 0.047782 
8376.706062 0.324126 0.049838 
8377.903280 0.236741 0.054725 
8379.100498 0.332713 0.064544 
8380.297716 0.288743 0.078247 
8381.494934 0.420923 0.090495 
8382.692152 0.216382 0.098910 
8383.889370 0.496296 0.102329 
8385.086588 0.319804 0.097857 
8386.283806 0.616328 0.089531 
8387.481024 0.186043 0.076749 
8388.678242 0.297933 0.069036 
8389.875460 0.371576 0.053096 
8391.072678 0.410218 0.049703 
8392.269896 0.364279 0.049019 
8393.467114 0.392001 0.050042 
8394.664332 0.371352 0.057715 
8395.861550 0.302927 0.186998 
8397.058768 0.102333 0.794321 
8398.255986 -0.142336 0.171147 
8399.453204 -1.181247 0.339365 
8400.650422 -1.015293 0.357270 
8401.847640 1.099208 0.356406 
8403.044858 0.974449 0.261637 
8404.242076 0.721434 0.178989 
8405.439294 0.321355 0.519470 
8406.636512 0.568284 0.060501 
8407.833730 0.518458 0.049079 
8409.030948 0.317705 0.046862 
8410.228166 0.383286 0.048766 
8411.425384 0.129030 0.064184 
8412.622602 -0.208045 0.116628 
8413.819820 0.396927 0.087781 
8415.017038 0.134035 0.099347 
8416.214256 0.216299 0.105535 
8417.411474 0.367108 0.107299 
8418.608692 0.156900 0.099135 
8419.805910 0.560103 0.086008 
8421.003128 0.616727 0.106635 
8422.200346 0.599507 0.398750 
8423.397564 0.329014 0.050058 
8424.594782 0.390302 0.051924 
8425.792000 0.224972 0.113430 
8426.989218 0.106701 0.626861 
8428.186436 0.247521 0.123485 
8429.383654 0.087532 0.154609 
8430.580872 -0.177676 0.174610 
8431.778090 0.522620 0.182287 
8432.975308 0.353598 0.176304 
8434.172526 0.126602 0.192130 
8435.369744 -0.087112 0.647356 
8436.566962 -0.099612 0.735767 
8437.764180 1.191213 0.112863 
8438.961398 0.569725 0.053321 
8440.158616 0.539864 0.085899 
8441.355834 0.339520 0.045630 
8442.553052 0.408003 0.049317 
8443.750270 0.284462 0.058916 
8444.947488 0.253434 0.069665 
8446.144706 0.491780 0.079339 
8447.341924 0.315533 0.085080 
8448.539142 0.400985 0.089107 
8449.736360 0.336433 0.095281 
8450.933578 0.488741 0.100227 
8452.130796 0.323812 0.101683 
8453.328014 0.461673 0.101570 
8454.525232 0.359309 0.098305 
8455.722450 0.120535 0.090647 
8456.919668 0.266902 0.090342 
8458.116886 0.741620 0.119906 
8459.314104 0.409326 0.052206 
8460.511322 0.309469 0.051153 
8461.708540 0.235443 0.064898 
8462.905758 0.150701 0.092489 
8464.102976 0.171986 0.134443 
8465.300194 0.615119 0.140528 
8466.497412 0.257947 0.148514 
8467.694630 0.186248 0.146990 
8468.891848 0.830296 0.134667 
8470.089066 1.899996 0.230872 
8471.286284 1.562764 0.487882 
8472.483502 0.456208 0.086689 
8473.680720 0.868993 0.094682 
8474.877938 0.271003 0.050356 
8476.075156 0.455472 0.049756 
8477.272374 0.418385 0.049424 
8478.469592 0.278922 0.048537 
8479.666810 0.537067 0.046972 
8480.864028 0.397726 0.044703 
8482.061246 0.272089 0.043704 
8483.258464 0.508178 0.044564 
8484.455682 0.295469 0.044204 
8485.652900 0.434972 0.044613 
8486.850118 0.372746 0.043841 
8488.047336 0.400323 0.044380 
8489.244554 0.410542 0.047967 
8490.441772 0.309365 0.054049 
8491.638990 0.416866 0.065512 
8492.836208 0.272587 0.076115 
8494.033426 0.495701 0.081067 
8495.230644 0.247804 0.083412 
8496.427862 0.369456 0.080483 
8497.625080 0.275399 0.074229 
8498.822298 0.357825 0.064332 
8500.019516 0.469507 0.057521 
8501.216734 0.233589 0.060568 
8502.413952 0.311615 0.075300 
8503.611170 0.150913 0.092828 
8504.808388 0.386956 0.106086 
8506.005606 0.086247 0.110631 
8507.202824 0.709766 0.110989 
8508.400042 0.665101 0.102394 
8509.597260 0.697131 0.161284 
8510.794478 0.351488 0.088182 
8511.991696 0.361774 0.054006 
8513.188914 0.357806 0.045100 
8514.386132 0.325549 0.043005 
8515.583350 0.357098 0.043137 
8516.780568 0.383079 0.043852 
8517.977786 0.435929 0.043802 
8519.175004 0.296227 0.044233 
8520.372222 0.355824 0.045106 
8521.569440 0.289664 0.044963 
8522.766658 0.429127 0.045768 
8523.963876 0.326485 0.045364 
8525.161094 0.456587 0.045288 
8526.358312 0.316057 0.044263 
8527.555530 0.416220 0.044159 
8528.752748 0.441718 0.044249 
8529.949966 0.306496 0.043297 
8531.147184 0.449766 0.042828 
8532.344402 0.272100 0.042709 
8533.541620 0.339040 0.042552 
8534.738838 0.292961 0.043875 
8535.936056 0.355367 0.047912 
8537.133274 0.238104 0.053902 
8538.330492 0.329429 0.059419 
8539.527710 0.307946 0.061868 
8540.724928 0.382587 0.062630 
8541.922146 0.402531 0.061319 
8543.119364 0.383598 0.056465 
8544.316582 0.278040 0.051590 
8545.513800 0.287166 0.052338 
8546.711018 0.341726 0.060318 
8547.908236 0.298117 0.068599 
8549.105454 0.346140 0.074892 
8550.302672 0.318963 0.077868 
8551.499890 0.362042 0.076730 
8552.697108 0.421737 0.071134 
8553.894326 0.449041 0.062744 
8555.091544 0.353535 0.052590 
8556.288762 0.279921 0.046080 
8557.485980 0.290379 0.043188 
8558.683198 0.341657 0.043319 
8559.880416 0.297392 0.042378 
8561.077634 0.395570 0.043996 
8562.274852 0.240945 0.043635 
8563.472071 0.257457 0.044154 
8564.669289 0.477199 0.240357 
8565.866507 0.533735 0.459485 
8567.063725 -0.017409 0.293961 
8568.260943 0.260783 0.047841 
8569.458161 0.104564 0.047734 
8570.655379 0.346403 0.239936 
8571.852597 0.594799 0.311989 
8573.049815 0.325123 0.048425 
8574.247033 0.335807 0.048935 
8575.444251 0.291689 0.049456 
8576.641469 0.306633 0.047959 
8577.838687 0.286126 0.046366 
8579.035905 0.346276 0.046105 
8580.233123 0.354563 0.044944 
8581.430341 0.328944 0.043122 
8582.627559 0.277950 0.042099 
8583.824777 0.309823 0.041622 
8585.021995 0.277534 0.043616 
8586.219213 0.371885 0.046873 
8587.416431 0.424918 0.050263 
8588.613649 0.438234 0.052773 
8589.810867 0.191520 0.054119 
8591.008085 0.325154 0.055508 
8592.205303 0.467804 0.054590 
8593.402521 0.347992 0.053928 
8594.599739 0.279362 0.060443 
8595.796957 0.350171 0.061541 
8596.994175 0.353631 0.060022 
8598.191393 0.377667 0.065441 
8599.388611 0.336137 0.067119 
8600.585829 0.428159 0.065501 
8601.783047 0.350823 0.062306 
8602.980265 0.274414 0.057806 
8604.177483 0.224318 0.053240 
8605.374701 0.301052 0.047755 
8606.571919 0.319798 0.044984 
8607.769137 0.354787 0.044628 
8608.966355 0.372578 0.045052 
8610.163573 0.321778 0.045611 
8611.360791 0.338564 0.046583 
8612.558009 0.305179 0.048542 
8613.755227 0.318471 0.051340 
8614.952445 0.396513 0.054369 
8616.149663 0.326161 0.057787 
8617.346881 0.202014 0.060371 
8618.544099 0.332778 0.063473 
8619.741317 0.256273 0.067340 
8620.938535 0.274359 0.071351 
8622.135753 0.148995 0.074780 
8623.332971 0.333176 0.078678 
8624.530189 0.501353 0.082606 
8625.727407 0.268103 0.084708 
8626.924625 0.313518 0.087391 
8628.121843 0.402995 0.090391 
8629.319061 0.368867 0.091556 
8630.516279 0.359740 0.092298 
8631.713497 0.488126 0.092153 
8632.910715 0.239814 0.090761 
8634.107933 0.166028 0.089384 
8635.305151 0.328144 0.087960 
8636.502369 0.381615 0.085576 
8637.699587 0.315427 0.082458 
8638.896805 0.315760 0.079122 
8640.094023 0.350232 0.075686 
8641.291241 0.347712 0.072206 
8642.488459 0.397890 0.067591 
8643.685677 0.326378 0.063306 
8644.882895 0.319550 0.061060 
8646.080113 0.281832 0.060514 
8647.277331 0.312282 0.062725 
8648.474549 0.295666 0.067655 
8649.671767 0.298407 0.074340 
8650.868985 0.314564 0.079880 
8652.066203 0.263257 0.083561 
8653.263421 0.326937 0.087450 
8654.460639 0.284556 0.089737 
8655.657857 0.101570 0.089819 
8656.855075 0.208494 0.089623 
8658.052293 0.337651 0.090395 
8659.249511 0.253295 0.091574 
8660.446729 0.264716 0.090708 
8661.643947 0.377462 0.088778 
8662.841165 0.342702 0.088179 
8664.038383 0.120852 0.088010 
8665.235601 0.370805 0.086981 
8666.432819 0.441363 0.084998 
8667.630037 0.415775 0.083872 
8668.827255 0.365589 0.083620 
8670.024473 0.443007 0.082261 
8671.221691 0.387137 0.079027 
8672.418909 0.235550 0.076397 
8673.616127 0.125528 0.074443 
8674.813345 0.141336 0.072561 
8676.010563 0.331172 0.070414 
8677.207781 0.429443 0.068635 
8678.404999 0.332118 0.067001 
8679.602217 0.357755 0.066514 
8680.799435 0.379164 0.065547 
8681.996653 0.313205 0.062593 
8683.193871 0.309170 0.060029 
8684.391089 0.253812 0.058174 
8685.588307 0.307818 0.057645 
8686.785525 0.373823 0.056263 
8687.982743 0.339635 0.054500 
8689.179961 0.292300 0.053401 
8690.377179 0.275220 0.052417 
8691.574397 0.271289 0.051587 
8692.771615 0.301691 0.050241 
8693.968833 0.300585 0.049558 
8695.166051 0.289788 0.049990 
8696.363269 0.260158 0.050224 
8697.560487 0.335269 0.050619 
8698.757705 0.176561 0.050685 
8699.954923 0.165022 0.050690 
8701.152141 0.261271 0.051405 
8702.349359 0.293808 0.052131 
8703.546577 0.196034 0.054487 
8704.743795 0.277306 0.058457 
8705.941013 0.173860 0.052170 
8707.138231 0.178363 0.051560 
8708.335449 0.276439 0.052727 
8709.532667 0.290448 0.052782 
8710.729885 0.311166 0.051825 
8711.927103 0.247024 0.049712 
8713.124321 0.248526 0.047623 
8714.321539 0.306331 0.046464 
8715.518757 0.299792 0.046205 
8716.715975 0.344725 0.045725 
8717.913193 0.279289 0.044866 
8719.110411 0.251069 0.044887 
8720.307629 0.262823 0.045166 
8721.504847 0.291409 0.044989 
8722.702065 0.335655 0.044866 
8723.899283 0.258638 0.045006 
8725.096501 0.340847 0.045389 
8726.293719 0.307947 0.045896 
8727.490937 0.211513 0.046249 
8728.688155 0.186378 0.046385 
8729.885373 0.179479 0.045802 
8731.082591 0.210740 0.045428 
8732.279809 0.211617 0.044726 
8733.477027 0.252084 0.044537 
8734.674245 0.407869 0.045545 
8735.871463 0.337958 0.046101 
8737.068681 0.353018 0.047981 
8738.265899 0.333180 0.046824 
8739.463117 0.296197 0.047405 
8740.660335 0.249862 0.047294 
8741.857553 0.219036 0.047258 
8743.054771 0.255435 0.048207 
8744.251989 0.426263 0.048095 
8745.449207 0.297040 0.047616 
8746.646425 0.305445 0.046652 
8747.843643 0.279534 0.046033 
8749.040861 0.328672 0.047069 
8750.238079 0.286902 0.046956 
8751.435297 0.262833 0.046661 
8752.632515 0.247547 0.046000 
8753.829733 0.261887 0.046472 
8755.026951 0.309586 0.049203 
8756.224169 0.298737 0.055712 
8757.421387 0.285650 0.069857 
8758.618605 0.387977 0.090356 
8759.815823 0.485546 0.114166 
8761.013041 0.215422 0.131938 
8762.210259 0.427192 0.141208 
8763.407477 -0.090130 0.143643 
8764.604695 0.575283 0.144339 
8765.801913 0.167220 0.148344 
8766.999131 0.565730 0.155368 
8768.196349 0.750061 0.158897 
8769.393567 0.281917 0.158315 
8770.590785 0.746825 0.151814 
8771.788003 0.139310 0.134436 
8772.985221 0.336394 0.112343 
8774.182439 0.298893 0.095941 
8775.379657 0.308414 0.103904 
8776.576875 0.486510 0.127829 
8777.774093 0.162713 0.152800 
8778.971311 0.795755 0.166691 
8780.168529 0.151370 0.164800 
8781.365747 0.657409 0.153190 
8782.562965 0.040006 0.129370 
8783.760183 -0.023215 0.098006 
8784.957401 0.307165 0.070827 
8786.154619 0.348553 0.063056 
8787.351837 0.363027 0.059203 
8788.549055 0.396686 0.059459 
8789.746273 0.207279 0.074124 
8790.943492 0.332594 0.086684 
8792.140710 0.480907 0.093770 
8793.337928 0.309636 0.093576 
8794.535146 0.329062 0.089990 
8795.732364 0.179352 0.079060 
8796.929582 0.236422 0.064477 
8798.126800 0.172915 0.051538 
8799.324018 0.349653 0.046219 
8800.521236 0.243504 0.045581 
8801.718454 0.258855 0.045757 
8802.915672 0.348255 0.045236 
8804.112890 0.220850 0.044624 
8805.310108 0.328182 0.044795 
8806.507326 0.258525 0.045625 
8807.704544 0.210586 0.046944 
8808.901762 0.367402 0.048608 
8810.098980 0.230079 0.050387 
8811.296198 0.299313 0.051903 
8812.493416 0.435619 0.053071 
8813.690634 0.258127 0.050755 
8814.887852 0.321072 0.049291 
8816.085070 0.247403 0.046379 
8817.282288 0.229482 0.044158 
8818.479506 0.300485 0.044674 
8819.676724 0.278365 0.044795 
8820.873942 0.334898 0.044960 
8822.071160 0.356711 0.051937 
8823.268378 0.356870 0.083977 
8824.465596 0.259665 0.114015 
8825.662814 0.228947 0.170894 
8826.860032 0.314009 0.218219 
8828.057250 0.740367 0.242711 
8829.254468 1.247974 0.246179 
8830.451686 0.276967 0.231327 
8831.648904 0.334125 0.222619 
8832.846122 2.571136 0.286146 
8834.043340 1.833414 0.218522 
8835.240558 0.019313 0.120619 
8836.437776 0.371600 0.136063 
8837.634994 0.061891 0.142934 
8838.832212 0.248457 0.138953 
8840.029430 0.625323 0.128623 
8841.226648 0.435659 0.108268 
8842.423866 0.338664 0.079630 
8843.621084 0.397902 0.059104 
8844.818302 0.334990 0.051182 
8846.015520 0.342196 0.051994 
8847.212738 0.309658 0.058759 
8848.409956 0.389269 0.070876 
8849.607174 0.295641 0.078731 
8850.804392 0.270374 0.083168 
8852.001610 0.345874 0.083851 
8853.198828 0.394910 0.081375 
8854.396046 0.328671 0.072610 
8855.593264 0.408011 0.061369 
8856.790482 0.366603 0.051597 
8857.987700 0.371724 0.047800 
8859.184918 0.322091 0.047634 
8860.382136 0.235011 0.047249 
8861.579354 0.244358 0.049774 
8862.776572 0.360213 0.052231 
8863.973790 0.248098 0.057629 
8865.171008 0.362243 0.071640 
8866.368226 0.178577 0.091682 
8867.565444 0.144076 0.108178 
8868.762662 0.186389 0.113782 
8869.959880 0.308770 0.113499 
8871.157098 0.226569 0.108424 
8872.354316 0.250772 0.092362 
8873.551534 0.370175 0.070361 
8874.748752 0.296316 0.053628 
8875.945970 0.473486 0.047660 
8877.143188 0.248856 0.044458 
8878.340406 0.292652 0.043440 
8879.537624 0.240595 0.043450 
8880.734842 0.350555 0.044923 
8881.932060 0.212270 0.054283 
8883.129278 0.137542 0.084011 
8884.326496 -0.136906 0.129107 
8885.523714 -0.095831 0.171701 
8886.720932 -0.052454 0.191527 
8887.918150 0.331414 0.197986 
8889.115368 0.974698 0.193263 
8890.312586 0.733847 0.166248 
8891.509804 0.747176 0.123380 
8892.707022 1.143097 0.148831 
8893.904240 0.369919 0.066121 
8895.101458 0.410308 0.051125 
8896.298676 0.303221 0.057166 
8897.495894 0.383826 0.049401 
8898.693112 0.220456 0.049495 
8899.890330 0.234896 0.058354 
8901.087548 0.098553 0.078358 
8902.284766 0.180276 0.102239 
8903.481984 0.068224 0.118035 
8904.679202 0.273035 0.122798 
8905.876420 0.306616 0.124320 
8907.073638 0.564253 0.114857 
8908.270856 0.359115 0.096183 
8909.468074 0.317107 0.073693 
8910.665292 0.303794 0.057838 
8911.862510 0.387696 0.051758 
8913.059728 0.343400 0.049138 
8914.256946 0.292632 0.047786 
8915.454164 0.230230 0.052906 
8916.651382 0.370166 0.080561 
8917.848600 0.050924 0.127804 
8919.045818 -0.011005 0.177218 
8920.243036 0.165108 0.207113 
8921.440254 0.138498 0.215783 
8922.637472 0.315125 0.211403 
8923.834690 0.746206 0.188199 
8925.031908 0.613898 0.143079 
8926.229126 0.318122 0.108097 
8927.426344 0.469460 0.071162 
8928.623562 0.449903 0.058771 
8929.820780 0.329658 0.056504 
8931.017998 0.354403 0.054531 
8932.215216 0.286091 0.053568 
8933.412434 0.191224 0.050846 
8934.609652 0.299043 0.050215 
8935.806870 0.208183 0.049013 
8937.004088 0.240077 0.048248 
8938.201306 0.214547 0.048428 
8939.398524 0.253543 0.051264 
8940.595742 0.425269 0.063987 
8941.792960 0.254923 0.084941 
8942.990178 0.408045 0.107250 
8944.187396 0.203489 0.118855 
8945.384614 0.457322 0.122295 
8946.581832 0.443469 0.119239 
8947.779050 0.262774 0.106524 
8948.976268 0.269413 0.094468 
8950.173486 0.746427 0.109401 
8951.370704 0.457430 0.063938 
8952.567922 0.412822 0.048684 
8953.765140 0.375858 0.052147 
8954.962358 0.227802 0.072334 
8956.159576 0.165339 0.113307 
8957.356794 0.351119 0.157829 
8958.554012 0.472018 0.184884 
8959.751230 0.338990 0.194866 
8960.948448 0.401443 0.193962 
8962.145666 0.693249 0.176585 
8963.342884 0.404987 0.138040 
8964.540102 0.197084 0.104163 
8965.737320 0.332037 0.069049 
8966.934538 0.331819 0.052966 
8968.131756 0.328839 0.050437 
8969.328974 0.428783 0.051499 
8970.526192 0.369468 0.052863 
8971.723410 0.393173 0.054071 
8972.920628 0.237493 0.053863 
8974.117846 0.325441 0.053613 
8975.315064 0.301961 0.052854 
8976.512282 0.354825 0.050738 
8977.709500 0.244051 0.049429 
8978.906718 0.313270 0.050049 
8980.103936 0.308360 0.051422 
8981.301154 0.362127 0.052420 
8982.498372 0.307332 0.053500 
8983.695590 0.315858 0.054259 
8984.892808 0.349557 0.059548 
8986.090026 0.298462 0.072006 
8987.287244 0.223101 0.091767 
8988.484462 0.279036 0.107702 
8989.681680 0.281959 0.116203 
8990.878898 0.359548 0.117239 
8992.076116 0.376367 0.110787 
8993.273334 0.353503 0.093597 
8994.470552 0.380358 0.073661 
8995.667770 0.323324 0.059140 
8996.864988 0.405764 0.054460 
8998.062206 0.306320 0.062428 
8999.259424 0.321124 0.086697 
9000.456642 0.333504 0.118860 
9001.653860 0.200049 0.141121 
9002.851078 0.112937 0.150653 
9004.048296 0.272263 0.151483 
9005.245514 0.299004 0.139900 
9006.442732 0.290840 0.113501 
9007.639950 0.390090 0.081639 
9008.837168 0.392402 0.059361 
9010.034386 0.404163 0.050415 
9011.231604 0.309225 0.048463 
9012.428822 0.293890 0.046289 
9013.626040 0.324850 0.045516 
9014.823258 0.353521 0.044716 
9016.020476 0.270211 0.044213 
9017.217695 0.285302 0.044761 
9018.414913 0.337904 0.046269 
9019.612131 0.289975 0.047280 
9020.809349 0.290625 0.048403 
9022.006567 0.305591 0.050032 
9023.203785 0.344676 0.050382 
9024.401003 0.277652 0.050046 
9025.598221 0.314313 0.049177 
9026.795439 0.274225 0.048429 
9027.992657 0.351167 0.048848 
9029.189875 0.360335 0.048621 
9030.387093 0.348024 0.048208 
9031.584311 0.284954 0.047542 
9032.781529 0.253119 0.046241 
9033.978747 0.333549 0.046705 
9035.175965 0.396198 0.050651 
9036.373183 0.351367 0.058758 
9037.570401 0.330729 0.068909 
9038.767619 0.284880 0.074239 
9039.964837 0.267789 0.076286 
9041.162055 0.204809 0.075667 
9042.359273 0.317671 0.071514 
9043.556491 0.455931 0.063134 
9044.753709 0.303719 0.054005 
9045.950927 0.276118 0.059041 
9047.148145 0.217570 0.066195 
9048.345363 0.259134 0.079122 
9049.542581 0.400824 0.093843 
9050.739799 0.381625 0.100023 
9051.937017 0.424960 0.100836 
9053.134235 0.384196 0.095745 
9054.331453 0.241903 0.082542 
9055.528671 0.396121 0.066517 
9056.725889 0.398420 0.054379 
9057.923107 0.380426 0.048359 
9059.120325 0.350511 0.046886 
9060.317543 0.317675 0.046745 
9061.514761 0.371083 0.046381 
9062.711979 0.287959 0.045519 
9063.909197 0.237171 0.046259 
9065.106415 0.274588 0.047862 
9066.303633 0.319009 0.049715 
9067.500851 0.332617 0.051573 
9068.698069 0.282288 0.052451 
9069.895287 0.314449 0.053117 
9071.092505 0.339247 0.053309 
9072.289723 0.303370 0.052185 
9073.486941 0.286708 0.050511 
9074.684159 0.342237 0.049349 
9075.881377 0.382577 0.047829 
9077.078595 0.308599 0.046068 
9078.275813 0.230098 0.044820 
9079.473031 0.276772 0.044918 
9080.670249 0.313357 0.045843 
9081.867467 0.288484 0.045958 
9083.064685 0.361891 0.046818 
9084.261903 0.324857 0.046708 
9085.459121 0.250654 0.047071 
9086.656339 0.292106 0.047472 
9087.853557 0.319064 0.047263 
9089.050775 0.326523 0.048626 
9090.247993 0.316178 0.052434 
9091.445211 0.258059 0.058610 
9092.642429 0.327981 0.064538 
9093.839647 0.380140 0.067094 
9095.036865 0.338089 0.067815 
9096.234083 0.406663 0.066555 
9097.431301 0.374515 0.061505 
9098.628519 0.350395 0.055548 
9099.825737 0.359030 0.054997 
9101.022955 0.281639 0.061991 
9102.220173 0.207158 0.070784 
9103.417391 0.196897 0.076378 
9104.614609 0.302566 0.078701 
9105.811827 0.330497 0.077691 
9107.009045 0.400098 0.072421 
9108.206263 0.406228 0.062754 
9109.403481 0.313513 0.052257 
9110.600699 0.327203 0.046519 
9111.797917 0.304684 0.044535 
9112.995135 0.245750 0.043762 
9114.192353 0.326427 0.044227 
9115.389571 0.347713 0.044558 
9116.586789 0.324982 0.044552 
9117.784007 0.281388 0.044102 
9118.981225 0.244675 0.044064 
9120.178443 0.308477 0.044059 
9121.375661 0.275420 0.043639 
9122.572879 0.276318 0.043609 
9123.770097 0.295832 0.043495 
9124.967315 0.310781 0.043836 
9126.164533 0.387176 0.044730 
9127.361751 0.329872 0.044708 
9128.558969 0.308422 0.044956 
9129.756187 0.330884 0.045531 
9130.953405 0.334914 0.046146 
9132.150623 0.389436 0.046552 
9133.347841 0.277214 0.046031 
9134.545059 0.188758 0.045991 
9135.742277 0.283665 0.046756 
9136.939495 0.315539 0.047495 
9138.136713 0.314232 0.047304 
9139.333931 0.349024 0.047472 
9140.531149 0.376833 0.046970 
9141.728367 0.311459 0.045567 
9142.925585 0.254621 0.045208 
9144.122803 0.308175 0.045274 
9145.320021 0.335683 0.045648 
9146.517239 0.350428 0.046079 
9147.714457 0.312405 0.046265 
9148.911675 0.276503 0.048053 
9150.108893 0.309453 0.052648 
9151.306111 0.375551 0.058798 
9152.503329 0.408451 0.063400 
9153.700547 0.337904 0.065291 
9154.897765 0.223120 0.065326 
9156.094983 0.238045 0.063176 
9157.292201 0.340449 0.060025 
9158.489419 0.385913 0.059149 
9159.686637 0.389505 0.061912 
9160.883855 0.286126 0.064525 
9162.081073 0.294617 0.065748 
9163.278291 0.349322 0.065708 
9164.475509 0.330743 0.063192 
9165.672727 0.383429 0.058749 
9166.869945 0.375375 0.052511 
9168.067163 0.355310 0.048224 
9169.264381 0.282924 0.046419 
9170.461599 0.298369 0.045268 
9171.658817 0.321393 0.046068 
9172.856035 0.347148 0.047736 
9174.053253 0.419278 0.048200 
9175.250471 0.360329 0.047609 
9176.447689 0.369731 0.047523 
9177.644907 0.308306 0.046609 
9178.842125 0.347058 0.046002 
9180.039343 0.316748 0.046085 
9181.236561 0.255249 0.045669 
9182.433779 0.339358 0.045476 
9183.630997 0.313921 0.045414 
9184.828215 0.296697 0.044705 
9186.025433 0.288228 0.044194 
9187.222651 0.304513 0.043976 
9188.419869 0.328500 0.043784 
9189.617087 0.254615 0.044201 
9190.814305 0.298312 0.044851 
9192.011523 0.280601 0.043847 
9193.208741 0.227277 0.043036 
9194.405959 0.362547 0.044732 
9195.603177 0.344438 0.045188 
9196.800395 0.335457 0.043859 
9197.997613 0.308730 0.042270 
9199.194831 0.310418 0.042113 
9200.392049 0.332433 0.042491 
9201.589267 0.320403 0.042610 
9202.786485 0.353479 0.042562 
9203.983703 0.338731 0.042771 
9205.180921 0.318818 0.042619 
9206.378139 0.309163 0.042942 
9207.575357 0.251627 0.042765 
9208.772575 0.287313 0.043048 
9209.969793 0.317187 0.043450 
9211.167011 0.273178 0.043295 
9212.364229 0.333713 0.044000 
9213.561447 0.403749 0.045952 
9214.758665 0.348497 0.048440 
9215.955883 0.244402 0.051444 
9217.153101 0.298728 0.054418 
9218.350319 0.283239 0.054915 
9219.547537 0.331135 0.054438 
9220.744755 0.370217 0.052881 
9221.941973 0.289125 0.050140 
9223.139191 0.329343 0.050802 
9224.336409 0.371073 0.054245 
9225.533627 0.301652 0.056548 
9226.730845 0.296915 0.057118 
9227.928063 0.243387 0.056594 
9229.125281 0.277550 0.054668 
9230.322499 0.312006 0.050784 
9231.519717 0.310901 0.046906 
9232.716935 0.318058 0.045271 
9233.914153 0.319775 0.045029 
9235.111371 0.349693 0.044691 
9236.308589 0.364679 0.044458 
9237.505807 0.293207 0.043733 
9238.703025 0.253690 0.043583 
9239.900243 0.333184 0.044279 
9241.097461 0.287840 0.044331 
9242.294679 0.325925 0.044397 
9243.491897 0.337652 0.044521 
9244.689116 0.261030 0.044304 
9245.886334 0.291912 0.045059 
9247.083552 0.314840 0.046635 
9248.280770 0.339352 0.047720 
9249.477988 0.324012 0.048947 
9250.675206 0.260983 0.050098 
9251.872424 0.271969 0.050640 
9253.069642 0.254645 0.050461 
9254.266860 0.255811 0.049438 
9255.464078 0.306621 0.048728 
9256.661296 0.349970 0.048093 
9257.858514 0.331820 0.047441 
9259.055732 0.331637 0.049353 
9260.252950 0.360876 0.055650 
9261.450168 0.411895 0.063329 
9262.647386 0.424762 0.068115 
9263.844604 0.342156 0.072591 
9265.041822 0.265152 0.077126 
9266.239040 0.309661 0.077229 
9267.436258 0.326493 0.073574 
9268.633476 0.349251 0.069003 
9269.830694 0.332221 0.063636 
9271.027912 0.288719 0.056662 
9272.225130 0.302946 0.049998 
9273.422348 0.324618 0.047126 
9274.619566 0.386131 0.047442 
9275.816784 0.376495 0.047443 
9277.014002 0.321814 0.046986 
9278.211220 0.311974 0.046720 
9279.408438 0.346880 0.047290 
9280.605656 0.341099 0.047661 
9281.802874 0.347921 0.048129 
9283.000092 0.395451 0.049265 
9284.197310 0.305795 0.051178 
9285.394528 0.297180 0.054783 
9286.591746 0.391625 0.058930 
9287.788964 0.269980 0.060365 
9288.986182 0.243130 0.060745 
9290.183400 0.325944 0.060879 
9291.380618 0.314094 0.060019 
9292.577836 0.290758 0.060554 
9293.775054 0.360768 0.062556 
9294.972272 0.376722 0.063679 
9296.169490 0.281495 0.063557 
9297.366708 0.351722 0.062640 
9298.563926 0.328065 0.059090 
9299.761144 0.265294 0.054832 
9300.958362 0.324835 0.052893 
9302.155580 0.315309 0.055021 
9303.352798 0.308458 0.069935 
9304.550016 0.420450 0.105277 
9305.747234 0.393964 0.153699 
9306.944452 0.334043 0.196821 
9308.141670 0.334270 0.224965 
9309.338888 0.325647 0.242263 
9310.536106 0.726283 0.257330 
9311.733324 0.996322 0.279973 
9312.930542 0.408913 0.300608 
9314.127760 0.066596 0.304053 
9315.324978 0.211151 0.302951 
9316.522196 0.509183 0.296655 
9317.719414 0.674695 0.262637 
9318.916632 0.206197 0.466785 
9320.113850 -0.942927 1.027463 
9321.311068 0.526347 0.164414 
9322.508286 0.390096 0.212575 
9323.705504 -0.046560 0.253511 
9324.902722 0.027430 0.271752 
9326.099940 0.219598 0.272819 
9327.297158 0.558577 0.255893 
9328.494376 0.622979 0.464149 
9329.691594 -0.207527 0.991778 
9330.888812 0.572734 0.105223 
9332.086030 0.422622 0.088715 
9333.283248 0.433787 0.083478 
9334.480466 0.308048 0.084395 
9335.677684 0.272853 0.096676 
9336.874902 0.228088 0.119225 
9338.072120 0.117298 0.136940 
9339.269338 0.258881 0.145056 
9340.466556 0.435416 0.149561 
9341.663774 0.547423 0.145324 
9342.860992 0.496405 0.123010 
9344.058210 0.285769 0.091577 
9345.255428 0.191414 0.072161 
9346.452646 0.164592 0.067889 
9347.649864 0.287824 0.072249 
9348.847082 0.397401 0.079578 
9350.044300 0.298311 0.084081 
9351.241518 0.258027 0.085160 
9352.438736 0.229039 0.084702 
9353.635954 0.306045 0.080707 
9354.833172 0.403731 0.074982 
9356.030390 0.380271 0.068626 
9357.227608 0.270533 0.062863 
9358.424826 0.280767 0.061922 
9359.622044 0.404970 0.064274 
9360.819262 0.438286 0.068050 
9362.016480 0.318482 0.069819 
9363.213698 0.317737 0.070557 
9364.410916 0.405630 0.071328 
9365.608134 0.310483 0.071641 
9366.805352 0.295202 0.070439 
9368.002570 0.318306 0.069490 
9369.199788 0.301967 0.069886 
9370.397006 0.227611 0.073320 
9371.594224 0.249359 0.092206 
9372.791442 0.090956 0.146355 
9373.988660 -0.327673 0.253013 
9375.185878 -0.747586 0.376968 
9376.383096 -0.356207 0.453410 
9377.580314 0.831398 0.476117 
9378.777532 1.347430 0.466449 
9379.974750 1.457559 0.412381 
9381.171968 0.778715 0.646384 
9382.369186 -1.048081 1.257531 
9383.566404 1.660187 0.184028 
9384.763622 0.640814 0.104427 
9385.960840 0.548455 0.100739 
9387.158058 0.470226 0.097104 
9388.355276 0.327643 0.088467 
9389.552494 0.356607 0.080616 
9390.749712 0.304703 0.074624 
9391.946930 0.359741 0.067776 
9393.144148 0.399771 0.062210 
9394.341366 0.242831 0.060079 
9395.538584 0.320833 0.062279 
9396.735802 0.478567 0.065934 
9397.933020 0.344072 0.068045 
9399.130238 0.262635 0.075563 
9400.327456 0.396881 0.095918 
9401.524674 0.407327 0.118783 
9402.721892 0.344510 0.130452 
9403.919110 0.295181 0.134175 
9405.116328 0.343927 0.133247 
9406.313546 0.495503 0.122585 
9407.510764 0.453646 0.099262 
9408.707982 0.411980 0.075120 
9409.905200 0.425956 0.062290 
9411.102418 0.339292 0.057698 
9412.299636 0.316561 0.056644 
9413.496854 0.402818 0.057336 
9414.694072 0.394410 0.059105 
9415.891290 0.306548 0.065559 
9417.088508 0.168074 0.085647 
9418.285726 0.289314 0.126162 
9419.482944 0.308189 0.164044 
9420.680162 0.329450 0.181509 
9421.877380 0.487809 0.189012 
9423.074598 0.435670 0.188085 
9424.271816 0.413178 0.168592 
9425.469034 0.540901 0.131779 
9426.666252 0.564612 0.099629 
9427.863470 0.421729 0.081347 
9429.060688 0.422897 0.069376 
9430.257906 0.286386 0.062192 
9431.455124 0.200688 0.059216 
9432.652342 0.273864 0.059190 
9433.849560 0.244754 0.061550 
9435.046778 0.261033 0.067226 
9436.243996 0.363623 0.090451 
9437.441214 0.077103 0.158947 
9438.638432 0.016979 0.262126 
9439.835650 0.430618 0.341664 
9441.032868 -0.152520 0.373817 
9442.230086 -0.313829 0.375951 
9443.427304 0.682948 0.346724 
9444.624522 0.929237 0.265510 
9445.821740 0.773845 0.165834 
9447.018958 0.727422 0.140049 
9448.216176 0.821133 0.153633 
9449.413394 0.633459 0.148113 
9450.610612 0.403223 0.111720 
9451.807830 0.289758 0.080186 
9453.005048 0.226029 0.074476 
9454.202266 0.305722 0.073504 
9455.399484 0.196271 0.085914 
9456.596702 0.118813 0.130000 
9457.793920 0.416219 0.188826 
9458.991138 0.273264 0.223202 
9460.188356 0.294934 0.232686 
9461.385574 0.354375 0.230097 
9462.582792 0.214634 0.208116 
9463.780010 0.371596 0.157866 
9464.977228 0.262989 0.103142 
9466.174446 0.121206 0.073700 
9467.371664 0.187306 0.064164 
9468.568882 0.184727 0.059125 
9469.766100 0.159781 0.057602 
9470.963318 0.235935 0.059065 
9472.160537 0.299376 0.062080 
9473.357755 0.296323 0.077454 
9474.554973 0.220163 0.130736 
9475.752191 0.450410 0.215889 
9476.949409 0.738251 0.282435 
9478.146627 0.399275 0.311723 
9479.343845 0.137993 0.319985 
9480.541063 0.173761 0.307867 
9481.738281 -0.059430 0.249796 
9482.935499 0.130281 0.163380 
9484.132717 0.290824 0.102477 
9485.329935 0.297706 0.076863 
9486.527153 0.396707 0.067852 
9487.724371 0.431920 0.064663 
9488.921589 0.412250 0.064819 
9490.118807 0.339314 0.066618 
9491.316025 0.302910 0.067898 
9492.513243 0.178327 0.069533 
9493.710461 0.249880 0.071265 
9494.907679 0.350624 0.070347 
9496.104897 0.312222 0.067210 
9497.302115 0.270078 0.064643 
9498.499333 0.258298 0.065190 
9499.696551 0.192549 0.079171 
9500.893769 0.120225 0.121287 
9502.090987 0.324172 0.171822 
9503.288205 0.162140 0.196871 
9504.485423 -0.290717 0.198807 
9505.682641 0.048402 0.191520 
9506.879859 0.271693 0.172585 
9508.077077 0.210654 0.131730 
9509.274295 0.407341 0.090264 
9510.471513 0.410912 0.069569 
9511.668731 0.381563 0.062714 
9512.865949 0.376770 0.060700 
9514.063167 0.235711 0.060531 
9515.260385 0.302866 0.064050 
9516.457603 0.371951 0.086763 
9517.654821 0.603199 0.142631 
9518.852039 0.698350 0.205139 
9520.049257 0.544794 0.239131 
9521.246475 0.684388 0.250064 
9522.443693 0.686367 0.248472 
9523.640911 0.410352 0.219923 
9524.838129 0.367567 0.159777 
9526.035347 0.403351 0.104081 
9527.232565 0.529691 0.077725 
9528.429783 0.429739 0.070588 
9529.627001 0.353252 0.069010 
9530.824219 0.248289 0.066965 
9532.021437 0.210686 0.066964 
9533.218655 0.205149 0.067598 
9534.415873 0.272790 0.069273 
9535.613091 0.287928 0.072579 
9536.810309 0.416476 0.076716 
9538.007527 0.319094 0.078319 
9539.204745 0.419440 0.077883 
9540.401963 0.392294 0.076161 
9541.599181 0.313394 0.071544 
9542.796399 0.323512 0.064766 
9543.993617 0.291760 0.059955 
9545.190835 0.279491 0.058008 
9546.388053 0.257671 0.057745 
9547.585271 0.243734 0.056625 
9548.782489 0.246817 0.059611 
9549.979707 0.240645 0.077149 
9551.176925 0.260861 0.112565 
9552.374143 0.001614 0.140971 
9553.571361 0.149555 0.154035 
9554.768579 0.449288 0.158002 
9555.965797 0.315814 0.153591 
9557.163015 0.597678 0.133320 
9558.360233 0.423080 0.098782 
9559.557451 0.284133 0.077593 
9560.754669 0.248727 0.070610 
9561.951887 0.320116 0.069584 
9563.149105 0.262541 0.072139 
9564.346323 0.235345 0.088717 
9565.543541 -0.317612 0.139344 
9566.740759 0.082262 0.199371 
9567.937977 0.351544 0.229834 
9569.135195 0.198163 0.235725 
9570.332413 0.343327 0.229901 
9571.529631 0.487525 0.203109 
9572.726849 0.450006 0.146878 
9573.924067 0.465587 0.095482 
9575.121285 0.309393 0.070737 
9576.318503 0.360975 0.062508 
9577.515721 0.307743 0.057858 
9578.712939 0.239753 0.056321 
9579.910157 0.304865 0.055325 
9581.107375 0.364995 0.054756 
9582.304593 0.299982 0.052951 
9583.501811 0.197567 0.052928 
9584.699029 0.272791 0.053877 
9585.896247 0.281046 0.054450 
9587.093465 0.266077 0.054928 
9588.290683 0.200985 0.054490 
9589.487901 0.382694 0.056370 
9590.685119 0.220363 0.056792 
9591.882337 0.254406 0.058448 
9593.079555 0.303901 0.059436 
9594.276773 0.227555 0.059947 
9595.473991 0.250263 0.060083 
9596.671209 0.204849 0.058135 
9597.868427 0.329158 0.056891 
9599.065645 0.290990 0.054922 
9600.262863 0.318357 0.055341 
9601.460081 0.208623 0.054911 
9602.657299 0.224959 0.054957 
9603.854517 0.383742 0.057087 
9605.051735 0.166195 0.064171 
9606.248953 0.134618 0.084789 
9607.446171 -0.126936 0.104337 
9608.643389 0.381832 0.111902 
9609.840607 0.085573 0.111949 
9611.037825 0.218939 0.109993 
9612.235043 0.414578 0.098485 
9613.432261 0.332153 0.076441 
9614.629479 0.351806 0.063798 
9615.826697 0.359514 0.059712 
9617.023915 0.235948 0.060421 
9618.221133 0.333551 0.070543 
9619.418351 0.532790 0.097180 
9620.615569 0.355742 0.118331 
9621.812787 0.081865 0.126210 
9623.010005 0.345585 0.130925 
9624.207223 0.632166 0.135235 
9625.404441 0.504450 0.292684 
9626.601659 0.322758 0.470423 
9627.798877 0.231373 0.238267 
9628.996095 0.496550 0.071602 
9630.193313 0.339069 0.064878 
9631.390531 0.295685 0.063888 
9632.587749 0.205685 0.062474 
9633.784967 0.210325 0.060970 
9634.982185 0.237332 0.059902 
9636.179403 0.289601 0.057205 
9637.376621 0.154007 0.056054 
9638.573839 0.223953 0.055284 
9639.771057 0.273977 0.053789 
9640.968275 0.240766 0.054322 
9642.165493 0.206324 0.053806 
9643.362711 0.373453 0.054687 
9644.559929 0.255058 0.052182 
9645.757147 0.218574 0.051080 
9646.954365 0.257693 0.051944 
9648.151583 0.207146 0.051692 
9649.348801 0.309026 0.052423 
9650.546019 0.303661 0.054980 
9651.743237 0.286699 0.058653 
9652.940455 0.328313 0.062563 
9654.137673 0.178976 0.064976 
9655.334891 0.401516 0.065551 
9656.532109 0.248939 0.066577 
9657.729327 0.377072 0.068651 
9658.926545 0.332303 0.069909 
9660.123763 0.214764 0.070041 
9661.320981 0.343502 0.071487 
9662.518199 0.235688 0.072510 
9663.715417 0.312121 0.070900 
9664.912635 0.286369 0.066134 
9666.109853 0.282742 0.071719 
9667.307071 0.514568 0.093217 
9668.504289 0.472503 0.112817 
9669.701507 0.261917 0.115991 
9670.898725 -0.033534 0.114965 
9672.095943 0.265798 0.112334 
9673.293161 0.310660 0.103448 
9674.490379 0.033642 0.084494 
9675.687597 0.359368 0.073054 
9676.884815 0.155915 0.070460 
9678.082033 0.354656 0.075971 
9679.279251 0.288107 0.092135 
9680.476469 0.170351 0.113756 
9681.673687 0.494605 0.137699 
9682.870905 -0.023287 0.147241 
9684.068123 0.467599 0.146893 
9685.265341 0.155995 0.136750 
9686.462559 0.013375 0.116334 
9687.659777 0.454978 0.091878 
9688.856995 0.185579 0.079077 
9690.054213 0.325187 0.085366 
9691.251431 0.246898 0.086843 
9692.448649 0.324212 0.088026 
9693.645867 0.371194 0.087117 
9694.843085 0.285353 0.081704 
9696.040303 0.249146 0.074543 
9697.237521 0.321572 0.091507 
9698.434740 0.253239 0.130846 
9699.631958 0.127767 0.155025 
9700.829176 0.297352 0.162658 
9702.026394 0.027341 0.162949 
9703.223612 0.116621 0.151134 
9704.420830 0.195694 0.119985 
9705.618048 0.192203 0.080307 
9706.815266 0.359269 0.061160 
9708.012484 0.330811 0.056252 
9709.209702 0.304191 0.062003 
9710.406920 0.313262 0.080760 
9711.604138 0.106106 0.097077 
9712.801356 0.290114 0.103338 
9713.998574 0.390041 0.105969 
9715.195792 0.239025 0.104188 
9716.393010 0.315900 0.097371 
9717.590228 0.503614 0.101625 
9718.787446 0.594599 0.140284 
9719.984664 0.689153 0.171720 
9721.181882 0.368797 0.179831 
9722.379100 0.235306 0.181488 
9723.576318 0.255694 0.175078 
9724.773536 0.362017 0.145002 
9725.970754 0.167884 0.099094 
9727.167972 0.124094 0.073512 
9728.365190 0.348021 0.066750 
9729.562408 0.286280 0.063085 
9730.759626 0.408657 0.061936 
9731.956844 0.325423 0.062417 
9733.154062 0.282636 0.065641 
9734.351280 0.322247 0.073391 
9735.548498 0.374280 0.085539 
9736.745716 0.321515 0.105028 
9737.942934 0.357395 0.123648 
9739.140152 0.247414 0.127514 
9740.337370 0.186668 0.124131 
9741.534588 0.307661 0.117705 
9742.731806 0.254946 0.103691 
9743.929024 0.294200 0.086530 
9745.126242 0.333229 0.081441 
9746.323460 0.313065 0.083098 
9747.520678 0.279775 0.082443 
9748.717896 0.237391 0.081340 
9749.915114 0.398040 0.077619 
9751.112332 0.386706 0.067627 
9752.309550 0.275755 0.057865 
9753.506768 0.271882 0.053862 
9754.703986 0.303086 0.053576 
9755.901204 0.275314 0.054447 
9757.098422 0.321625 0.054478 
9758.295640 0.314164 0.054262 
9759.492858 0.264517 0.053572 
9760.690076 0.299808 0.053256 
9761.887294 0.316902 0.051790 
9763.084512 0.280109 0.050660 
9764.281730 0.304202 0.050047 
9765.478948 0.275038 0.049505 
9766.676166 0.267260 0.048981 
9767.873384 0.306052 0.049023 
9769.070602 0.306467 0.048669 
9770.267820 0.312166 0.048608 
9771.465038 0.357326 0.049184 
9772.662256 0.294030 0.048141 
9773.859474 0.266479 0.047789 
9775.056692 0.271174 0.048087 
9776.253910 0.240753 0.048624 
9777.451128 0.240589 0.050045 
9778.648346 0.235461 0.050313 
9779.845564 0.304945 0.051108 
9781.042782 0.328584 0.050547 
9782.240000 0.250503 0.049399 
9783.437218 0.202072 0.069017 
9784.634436 0.231210 0.092888 
9785.831654 0.254469 0.078701 
9787.028872 0.327554 0.070829 
9788.226090 0.411115 0.113818 
9789.423308 0.608024 0.186255 
9790.620526 0.710362 0.254037 
9791.817744 0.342910 0.285939 
9793.014962 0.184787 0.306971 
9794.212180 2.041260 0.386124 
9795.409398 1.870821 0.392350 
9796.606616 0.156736 0.254492 
9797.803834 0.140625 0.154121 
9799.001052 0.267668 0.142901 
9800.198270 0.261142 0.151435 
9801.395488 0.168750 0.151037 
9802.592706 0.320877 0.147246 
9803.789924 0.449022 0.134207 
9804.987142 0.298169 0.106311 
9806.184360 0.204195 0.083036 
9807.381578 0.289567 0.075909 
9808.578796 0.257482 0.076002 
9809.776014 0.255894 0.083423 
9810.973232 0.159892 0.095358 
9812.170450 0.183321 0.102215 
9813.367668 0.348057 0.103016 
9814.564886 0.255288 0.101935 
9815.762104 0.274361 0.101620 
9816.959322 0.384112 0.094302 
9818.156540 0.287279 0.083431 
9819.353758 0.297882 0.077457 
9820.550976 0.293835 0.073887 
9821.748194 0.303206 0.068955 
9822.945412 0.298437 0.063154 
9824.142630 0.324988 0.059478 
9825.339848 0.355428 0.060430 
9826.537066 0.248893 0.063478 
9827.734284 0.245522 0.068201 
9828.931502 0.267723 0.071281 
9830.128720 0.294828 0.072224 
9831.325938 0.341834 0.070998 
9832.523156 0.369816 0.067813 
9833.720374 0.257421 0.061764 
9834.917592 0.247655 0.056953 
9836.114810 0.299701 0.055650 
9837.312028 0.292954 0.054156 
9838.509246 0.320734 0.053493 
9839.706464 0.224275 0.052663 
9840.903682 0.268929 0.052039 
9842.100900 0.299982 0.051736 
9843.298118 0.369959 0.053236 
9844.495336 0.288875 0.055328 
9845.692554 0.333448 0.069419 
9846.889772 0.426490 0.103326 
9848.086990 0.441467 0.133000 
9849.284208 0.418324 0.145199 
9850.481426 0.414011 0.147441 
9851.678644 0.129263 0.143208 
9852.875862 0.364895 0.127142 
9854.073080 0.219017 0.093492 
9855.270298 0.144359 0.069016 
9856.467516 0.299661 0.059303 
9857.664734 0.278295 0.054948 
9858.861952 0.277035 0.053805 
9860.059170 0.293517 0.053229 
9861.256388 0.282113 0.052517 
9862.453606 0.288071 0.052842 
9863.650824 0.301211 0.052893 
9864.848042 0.213125 0.052894 
9866.045260 0.307563 0.054723 
9867.242478 0.288108 0.056875 
9868.439696 0.215432 0.066667 
9869.636914 0.174917 0.112961 
9870.834132 0.801978 0.199614 
9872.031350 0.608776 0.259947 
9873.228568 0.280913 0.282427 
9874.425786 0.589104 0.265889 
9875.623004 0.328319 0.275120 
9876.820222 0.598634 0.220458 
9878.017440 0.428903 0.137943 
9879.214658 0.201921 0.090379 
9880.411876 0.436405 0.072227 
9881.609094 0.324053 0.063719 
9882.806312 0.341858 0.061401 
9884.003530 0.361887 0.062725 
9885.200748 0.289274 0.066205 
9886.397966 0.293885 0.068845 
9887.595184 0.438225 0.069707 
9888.792402 0.262812 0.068609 
9889.989620 0.250188 0.066783 
9891.186838 0.268525 0.067795 
9892.384056 0.418036 0.090869 
9893.581274 0.455455 0.133507 
9894.778492 0.055064 0.160211 
9895.975710 0.270877 0.170087 
9897.172928 0.415728 0.173359 
9898.370146 0.277475 0.167340 
9899.567364 -0.043866 0.138563 
9900.764582 0.142916 0.098991 
9901.961800 0.125469 0.076915 
9903.159018 0.324084 0.069498 
9904.356236 0.274529 0.065156 
9905.553454 0.265674 0.062120 
9906.750672 0.348561 0.060477 
9907.947890 0.278581 0.059985 
9909.145108 0.304646 0.061040 
9910.342326 0.263923 0.065862 
9911.539544 0.391520 0.092733 
9912.736762 0.523971 0.164727 
9913.933980 0.936159 0.246372 
9915.131198 0.083641 0.282791 
9916.328416 0.163055 0.294315 
9917.525634 0.463107 0.292311 
9918.722852 0.116179 0.261190 
9919.920070 0.219609 0.188516 
9921.117288 0.157137 0.118381 
9922.314506 0.290970 0.086977 
9923.511724 0.262335 0.072784 
9924.708942 0.282696 0.065949 
9925.906161 0.226445 0.062541 
9927.103379 0.276495 0.062277 
9928.300597 0.336583 0.062328 
9929.497815 0.314528 0.062111 
9930.695033 0.241010 0.061933 
9931.892251 0.277682 0.062380 
9933.089469 0.337339 0.063034 
9934.286687 0.268365 0.063091 
9935.483905 0.323742 0.064048 
9936.681123 0.290505 0.065301 
9937.878341 0.247927 0.070862 
9939.075559 0.309034 0.093521 
9940.272777 0.448681 0.137951 
9941.469995 0.359923 0.179059 
9942.667213 0.221837 0.208901 
9943.864431 0.379345 0.252123 
9945.061649 0.386179 0.303111 
9946.258867 0.363976 0.331374 
9947.456085 0.408161 0.330328 
9948.653303 0.524192 0.320064 
9949.850521 0.351197 0.294269 
9951.047739 0.293842 0.243425 
9952.244957 0.138686 0.185035 
9953.442175 0.262975 0.151992 
9954.639393 0.401994 0.170243 
9955.836611 0.090534 0.216024 
9957.033829 -0.106427 0.243579 
9958.231047 0.206008 0.258822 
9959.428265 0.412476 0.282925 
9960.625483 0.684515 0.303792 
9961.822701 0.246791 0.298972 
9963.019919 -0.174768 0.285178 
9964.217137 0.166953 0.270996 
9965.414355 0.404400 0.245081 
9966.611573 0.461909 0.198421 
9967.808791 0.468378 0.140988 
9969.006009 0.348683 0.109464 
9970.203227 0.330872 0.110837 
9971.400445 0.488885 0.127165 
9972.597663 0.462907 0.143704 
9973.794881 0.498857 0.149698 
9974.992099 0.432173 0.147549 
9976.189317 0.288866 0.141557 
9977.386535 0.177832 0.128279 
9978.583753 0.205496 0.157624 
9979.780971 0.286307 0.151467 
9980.978189 0.360219 0.150365 
9982.175407 0.496966 0.121645 
9983.372625 0.407653 0.088720 
9984.569843 0.250558 0.082096 
9985.767061 0.243881 0.074138 
9986.964279 0.356452 0.071077 
9988.161497 0.470319 0.072605 
9989.358715 0.526028 0.074008 
9990.555933 0.377987 0.075244 
9991.753151 0.326875 0.073060 
9992.950369 0.328972 0.074542 
9994.147587 0.516968 0.073641 
9995.344805 0.428319 0.071232 
9996.542023 0.241705 0.073471 
9997.739241 0.222348 0.088760 
9998.936459 0.172362 0.110550 
10000.133677 0.383010 0.126585 
10001.330895 0.599989 0.133791 
10002.528113 0.379435 0.134896 
10003.725331 0.429088 0.130546 
10004.922549 0.336243 0.112048 
10006.119767 0.249855 0.092542 
10007.316985 0.205535 0.084175 
10008.514203 0.288514 0.093896 
10009.711421 0.352311 0.142288 
10010.908639 0.476707 0.243868 
10012.105857 0.571197 0.350092 
10013.303075 -0.512944 0.408405 
10014.500293 -0.269741 0.432990 
10015.697511 -0.117679 0.431552 
10016.894729 0.466526 0.382496 
10018.091947 0.243945 0.278944 
10019.289165 0.247834 0.186983 
10020.486383 0.367315 0.137724 
10021.683601 0.337147 0.120899 
10022.880819 0.304022 0.139102 
10024.078037 0.287864 0.181158 
10025.275255 -0.030197 0.209431 
10026.472473 -0.122413 0.217785 
10027.669691 0.349626 0.219561 
10028.866909 0.204914 0.210187 
10030.064127 0.286357 0.174648 
10031.261345 0.351419 0.125837 
10032.458563 0.198656 0.098502 
10033.655781 0.209467 0.087650 
10034.852999 0.179601 0.084021 
10036.050217 0.411553 0.085872 
10037.247435 0.293643 0.086751 
10038.444653 0.264512 0.087010 
10039.641871 0.210996 0.087209 
10040.839089 0.299316 0.098003 
10042.036307 0.301139 0.120558 
10043.233525 0.060482 0.135825 
10044.430743 0.357965 0.141931 
10045.627961 0.190980 0.141671 
10046.825179 0.489238 0.139832 
10048.022397 0.339789 0.122557 
10049.219615 0.290343 0.097859 
10050.416833 0.286047 0.083843 
10051.614051 0.303039 0.077873 
10052.811269 0.341811 0.076785 
10054.008487 0.318237 0.075793 
10055.205705 0.323901 0.077375 
10056.402923 0.366572 0.085176 
10057.600141 0.150175 0.104938 
10058.797359 0.223271 0.141775 
10059.994577 0.367306 0.175822 
10061.191795 0.457592 0.191151 
10062.389013 0.068661 0.195792 
10063.586231 0.096960 0.192129 
10064.783449 0.444348 0.177124 
10065.980667 0.347817 0.150308 
10067.177885 0.149035 0.133110 
10068.375103 0.153189 0.133380 
10069.572321 -0.082700 0.144065 
10070.769539 0.224287 0.152687 
10071.966757 0.117890 0.150893 
10073.163975 0.276893 0.145650 
10074.361193 0.261067 0.137825 
10075.558411 0.280608 0.123319 
10076.755629 0.250662 0.107679 
10077.952847 0.340441 0.104596 
10079.150065 0.126055 0.128928 
10080.347283 -0.196340 0.198131 
10081.544501 -0.228779 0.276860 
10082.741719 0.286324 0.320441 
10083.938937 0.044219 0.334402 
10085.136155 -0.029832 0.332265 
10086.333373 -0.169549 0.299613 
10087.530591 -0.170139 0.227083 
10088.727809 0.041532 0.157634 
10089.925027 0.173375 0.121937 
10091.122245 0.281546 0.104949 
10092.319463 0.254391 0.096797 
10093.516681 0.243943 0.094481 
10094.713899 0.260536 0.096606 
10095.911117 0.285922 0.098737 
10097.108335 0.345268 0.101251 
10098.305553 0.413353 0.104282 
10099.502771 0.346104 0.108765 
10100.699989 0.405314 0.130373 
10101.897207 0.448735 0.170862 
10103.094425 0.269207 0.205030 
10104.291643 0.214301 0.220809 
10105.488861 0.088005 0.226707 
10106.686079 -0.095485 0.219479 
10107.883297 0.177557 0.190718 
10109.080515 0.309624 0.148785 
10110.277733 0.183076 0.117790 
10111.474951 0.121856 0.103117 
10112.672169 0.156781 0.097044 
10113.869387 0.252577 0.095484 
10115.066605 0.287440 0.095328 
10116.263823 0.248222 0.096024 
10117.461041 0.246929 0.097426 
10118.658259 0.334573 0.101014 
10119.855477 0.207468 0.115360 
10121.052695 -0.128091 0.169890 
10122.249913 -0.222149 0.271318 
10123.447131 0.695643 0.359307 
10124.644349 0.414843 0.399419 
10125.841567 -0.066419 0.411151 
10127.038785 -0.504273 0.399555 
10128.236003 -0.247852 0.340001 
10129.433221 0.238821 0.246897 
10130.630439 0.362548 0.181380 
10131.827657 0.115195 0.149383 
10133.024875 0.260614 0.136217 
10134.222093 0.238307 0.129903 
10135.419311 0.370301 0.127591 
10136.616529 0.175725 0.122197 
10137.813747 0.070843 0.115612 
10139.010965 0.143701 0.112779 
10140.208183 0.426830 0.114020 
10141.405401 0.346115 0.120130 
10142.602619 0.308157 0.129948 
10143.799837 0.259493 0.139775 
10144.997055 0.427249 0.147362 
10146.194273 0.380915 0.155240 
10147.391491 -0.028035 0.165054 
10148.588709 0.325200 0.164096 
10149.785927 0.061461 0.173869 
10150.983145 -0.114676 0.211083 
10152.180363 0.215539 0.250537 
10153.377582 0.083723 0.263527 
10154.574800 0.016527 0.268407 
10155.772018 0.058043 0.272818 
10156.969236 -0.114048 0.265406 
10158.166454 0.800627 0.236642 
10159.363672 0.602547 0.213178 
10160.560890 0.379485 0.203424 
10161.758108 0.226927 0.200395 
10162.955326 0.041742 0.192188 
10164.152544 0.428246 0.182241 
10165.349762 0.124946 0.176397 
10166.546980 0.269719 0.180985 
10167.744198 0.201942 0.192522 
10168.941416 0.291870 0.249503 
10170.138634 0.154013 0.372354 
10171.335852 -0.307790 0.452805 
10172.533070 0.548986 0.491791 
10173.730288 0.313584 0.501472 
10174.927506 0.279480 0.482275 
10176.124724 -0.316419 0.401769 
10177.321942 0.602257 0.289380 
10178.519160 0.661920 0.227788 
10179.716378 0.481180 0.217381 
10180.913596 0.443831 0.222264 
10182.110814 0.505973 0.224872 
10183.308032 0.105681 0.225818 
10184.505250 0.269728 0.221491 
10185.702468 0.273153 0.211984 
10186.899686 0.418108 0.238579 
10188.096904 0.122997 0.315456 
10189.294122 0.371633 0.378412 
10190.491340 0.111311 0.403275 
10191.688558 0.552117 0.412997 
10192.885776 -0.121406 0.393632 
10194.082994 -0.126795 0.331579 
10195.280212 0.315872 0.251456 
10196.477430 0.185972 0.197877 
10197.674648 0.307571 0.175717 
10198.871866 0.525193 0.169394 
10200.069084 0.312541 0.184130 
10201.266302 0.081154 0.224262 
10202.463520 0.236767 0.259912 
10203.660738 0.013640 0.275305 
10204.857956 0.250546 0.282932 
10206.055174 0.377321 0.290740 
10207.252392 0.241775 0.263977 
10208.449610 0.291530 0.358198 
10209.646828 0.299745 0.470194 
10210.844046 0.418844 0.497417 
10212.041264 0.537943 0.524640 
10213.238482 0.712950 0.518348 
10214.435700 0.091583 0.461688 
10215.632918 0.101850 0.366366 
10216.830136 0.650858 0.268649 
10218.027354 0.551979 0.209080 
10219.224572 0.331302 0.180738 
10220.421790 0.207891 0.169228 
10221.619008 0.309048 0.173780 
10222.816226 0.424615 0.207626 
10224.013444 0.306017 0.268480 
10225.210662 -0.012085 0.318228 
10226.407880 0.236084 0.345300 
10227.605098 -0.023127 0.367953 
10228.802316 0.198376 0.393466 
10229.999534 0.731159 0.389529 
10231.196752 0.006422 0.353048 
10232.393970 0.078259 0.329118 
10233.591188 0.044269 0.309477 
10234.788406 0.048386 0.269443 
10235.985624 0.094773 0.218344 
10237.182842 0.545321 0.187207 
10238.380060 0.592080 0.174066 
10239.577278 0.563093 0.159254 
10240.774496 0.338560 0.192577 
10241.971714 1.325936 0.287550 
10243.168932 1.069113 0.206248 
10244.366150 0.483236 0.564535 
10245.563368 0.810471 0.729087 
10246.760586 2.753568 0.347209 
10247.957804 1.579365 0.273706 
10249.155022 0.844547 0.168489 
10250.352240 0.064865 0.140912 
10251.549458 0.548930 0.140871 
10252.746676 0.105918 0.140284 
10253.943894 0.616682 0.147003 
10255.141112 0.412623 0.147721 
10256.338330 0.393297 0.149421 
10257.535548 0.286226 0.149278 
10258.732766 0.469712 0.152362 
10259.929984 0.137938 0.150147 
10261.127202 0.398154 0.153446 
10262.324420 0.419027 0.155526 
10263.521638 0.332421 0.157755 
10264.718856 0.123829 0.163090 
10265.916074 0.329928 0.167849 
10267.113292 0.367350 0.181914 
10268.310510 0.374905 0.204201 
10269.507728 0.325957 0.228489 
10270.704946 -0.073160 0.239760 
10271.902164 0.197497 0.243508 
10273.099382 0.504969 0.239547 
10274.296600 0.213228 0.224423 
10275.493818 0.275870 0.209370 
10276.691036 0.180161 0.205485 
10277.888254 0.615286 0.238098 
10279.085472 -0.678780 0.328626 
10280.282690 0.000000 0.000000 
10281.479908 0.000000 0.000000 
