# wavelength flux(cal) flux
3585.2196 -8.131417e+02 -7.711438e+03
3586.4465 -1.685840e+02 -1.589188e+03
3587.6735 -2.881209e+03 -2.699522e+04
3588.9004 -9.201416e+02 -8.568094e+03
3590.1274 1.448182e+02 1.340094e+03
3591.3543 4.599797e+02 4.229594e+03
3592.5812 1.202924e+03 1.099038e+04
3593.8082 8.121006e+02 7.371656e+03
3595.0351 7.115424e+02 6.416594e+03
3596.2621 3.636721e+02 3.257844e+03
3597.4890 9.600180e+01 8.542500e+02
3598.7160 1.109172e+03 9.803000e+03
3599.9429 8.643239e+02 7.586844e+03
3601.1699 -1.869103e+02 -1.629344e+03
3602.3968 -1.131836e+02 -9.797812e+02
3603.6238 -1.186198e+02 -1.019625e+03
3604.8507 3.609817e+02 3.080906e+03
3606.0777 5.721302e+02 4.848094e+03
3607.3046 6.830496e+01 5.746250e+02
3608.5316 2.915359e+02 2.434750e+03
3609.7585 4.989225e+02 4.136188e+03
3610.9854 5.102954e+02 4.199219e+03
3612.2124 7.550393e+02 6.166969e+03
3613.4393 7.478600e+02 6.062531e+03
3614.6663 8.259526e+02 6.645031e+03
3615.8932 9.403152e+02 7.507594e+03
3617.1202 6.586942e+02 5.218844e+03
3618.3471 6.123814e+02 4.814531e+03
3619.5741 7.755582e+02 6.050156e+03
3620.8010 1.035900e+03 8.018062e+03
3622.0280 8.188270e+02 6.288156e+03
3623.2549 8.720406e+02 6.643969e+03
3624.4819 9.220670e+02 6.969375e+03
3625.7088 9.816192e+02 7.360312e+03
3626.9358 1.115684e+03 8.298469e+03
3628.1627 1.068034e+03 7.880031e+03
3629.3896 3.720202e+02 2.722562e+03
3630.6166 4.626686e+02 3.358406e+03
3631.8435 3.344097e+02 2.407562e+03
3633.0705 9.453210e+02 6.749906e+03
3634.2974 4.904621e+02 3.473188e+03
3635.5244 6.828489e+02 4.795531e+03
3636.7513 2.958775e+02 2.060625e+03
3637.9783 7.337779e+02 5.067719e+03
3639.2052 5.907229e+02 4.045562e+03
3640.4322 4.350656e+02 2.954500e+03
3641.6591 2.218939e+02 1.494156e+03
3642.8861 5.667499e+02 3.784000e+03
3644.1130 5.364630e+02 3.551375e+03
3645.3400 9.165836e+02 6.016094e+03
3646.5669 8.942744e+02 5.819531e+03
3647.7938 6.215364e+02 4.010031e+03
3649.0208 5.132240e+02 3.282781e+03
3650.2477 7.404918e+02 4.695688e+03
3651.4747 9.484661e+02 5.962594e+03
3652.7016 1.068309e+03 6.657875e+03
3653.9286 7.889296e+02 4.874094e+03
3655.1555 4.562328e+02 2.794156e+03
3656.3825 2.009996e+02 1.220281e+03
3657.6094 2.274553e+02 1.368844e+03
3658.8364 4.449417e+02 2.654281e+03
3660.0633 4.576885e+02 2.706406e+03
3661.2903 5.068981e+02 2.971094e+03
3662.5172 5.939355e+02 3.450656e+03
3663.7441 8.054627e+02 4.638406e+03
3664.9711 9.833954e+02 5.613156e+03
3666.1980 9.690067e+02 5.482219e+03
3667.4250 8.592164e+02 4.818125e+03
3668.6519 6.408464e+02 3.561812e+03
3669.8789 1.186988e+03 6.538844e+03
3671.1058 7.527139e+02 4.109781e+03
3672.3328 8.447427e+02 4.571344e+03
3673.5597 2.656563e+02 1.424844e+03
3674.7867 6.636736e+02 3.527984e+03
3676.0136 1.737774e+02 9.155625e+02
3677.2406 5.184365e+02 2.707141e+03
3678.4675 9.732922e+02 5.037062e+03
3679.6945 8.239493e+02 4.226219e+03
3680.9214 7.952078e+02 4.042484e+03
3682.1483 4.461149e+02 2.247656e+03
3683.3753 8.075847e+02 4.032609e+03
3684.6022 7.040672e+02 3.484391e+03
3685.8292 7.815830e+02 3.833562e+03
3687.0561 9.517830e+02 4.626797e+03
3688.2831 1.110046e+03 5.348094e+03
3689.5100 1.331226e+03 6.356625e+03
3690.7370 1.169726e+03 5.535750e+03
3691.9639 8.918549e+02 4.183172e+03
3693.1909 1.069658e+03 4.972531e+03
3694.4178 1.181420e+03 5.443266e+03
3695.6448 9.396454e+02 4.290859e+03
3696.8717 7.011198e+02 3.173219e+03
3698.0987 6.472047e+02 2.903219e+03
3699.3256 1.072479e+03 4.768266e+03
3700.5525 1.055874e+03 4.652859e+03
3701.7795 5.929530e+02 2.589812e+03
3703.0064 6.355549e+02 2.751344e+03
3704.2334 9.042612e+02 3.880016e+03
3705.4603 7.664915e+02 3.259859e+03
3706.6873 3.906723e+02 1.646875e+03
3707.9142 4.943402e+02 2.065547e+03
3709.1412 7.632835e+02 3.161266e+03
3710.3681 8.744614e+02 3.589938e+03
3711.5951 8.822325e+02 3.590094e+03
3712.8220 5.896633e+02 2.378531e+03
3714.0490 6.684763e+02 2.672875e+03
3715.2759 4.692661e+02 1.859969e+03
3716.5029 7.676532e+02 3.016141e+03
3717.7298 7.868563e+02 3.064703e+03
3718.9567 1.182574e+03 4.565984e+03
3720.1837 5.767941e+02 2.207734e+03
3721.4106 6.849044e+02 2.598859e+03
3722.6376 1.029668e+03 3.873328e+03
3723.8645 9.412891e+02 3.510359e+03
3725.0915 5.613477e+02 2.075438e+03
3726.3184 4.361303e+02 1.598641e+03
3727.5454 8.199282e+02 2.979719e+03
3728.7723 5.922816e+02 2.134031e+03
3729.9993 1.090559e+03 3.895859e+03
3731.2262 6.963259e+02 2.466359e+03
3732.4532 6.373283e+02 2.238234e+03
3733.6801 8.202369e+02 2.856203e+03
3734.9071 1.123097e+03 3.877781e+03
3736.1340 8.248871e+02 2.824141e+03
3737.3609 7.757641e+02 2.633641e+03
3738.5879 1.071634e+03 3.607594e+03
3739.8148 1.253407e+03 4.184250e+03
3741.0418 1.193194e+03 3.950031e+03
3742.2687 1.052676e+03 3.455875e+03
3743.4957 9.109581e+02 2.965828e+03
3744.7226 9.647866e+02 3.115109e+03
3745.9496 9.349320e+02 2.993828e+03
3747.1765 1.103508e+03 3.504594e+03
3748.4035 1.054062e+03 3.320125e+03
3749.6304 6.121656e+02 1.912469e+03
3750.8574 6.590054e+02 2.042031e+03
3752.0843 6.150215e+02 1.890266e+03
3753.3113 1.127919e+02 3.438594e+02
3754.5382 3.996749e+02 1.208625e+03
3755.7651 7.622477e+02 2.286516e+03
3756.9921 7.247714e+02 2.156672e+03
3758.2190 1.036572e+03 3.059844e+03
3759.4460 9.691344e+02 2.838000e+03
3760.6729 6.739532e+02 1.957938e+03
3761.8999 3.887133e+02 1.120344e+03
3763.1268 4.316838e+02 1.234391e+03
3764.3538 6.259236e+02 1.775766e+03
3765.5807 1.078424e+03 3.035594e+03
3766.8077 8.605612e+02 2.403469e+03
3768.0346 6.764268e+02 1.874531e+03
3769.2616 1.218643e+03 3.351016e+03
3770.4885 1.169594e+03 3.191359e+03
3771.7155 1.043658e+03 2.825875e+03
3772.9424 1.254594e+03 3.371047e+03
3774.1693 1.635834e+03 4.361953e+03
3775.3963 1.044114e+03 2.763016e+03
3776.6232 1.120689e+03 2.943250e+03
3777.8502 1.071858e+03 2.793828e+03
3779.0771 1.341576e+03 3.470656e+03
3780.3041 8.295184e+02 2.129953e+03
3781.5310 6.263987e+02 1.596453e+03
3782.7580 1.127315e+03 2.851844e+03
3783.9849 1.389699e+03 3.489719e+03
3785.2119 1.270659e+03 3.167391e+03
3786.4388 8.933008e+02 2.210484e+03
3787.6658 9.319825e+02 2.289438e+03
3788.8927 9.477785e+02 2.311391e+03
3790.1197 1.034105e+03 2.503750e+03
3791.3466 1.394049e+03 3.351031e+03
3792.5735 1.279695e+03 3.054188e+03
3793.8005 1.346159e+03 3.189984e+03
3795.0274 1.477420e+03 3.476273e+03
3796.2544 1.304031e+03 3.046703e+03
3797.4813 1.307250e+03 3.032828e+03
3798.7083 8.854606e+02 2.039953e+03
3799.9352 6.995001e+02 1.600352e+03
3801.1622 7.444351e+02 1.691398e+03
3802.3891 7.748278e+02 1.748359e+03
3803.6161 1.065730e+03 2.388328e+03
3804.8430 1.271236e+03 2.829500e+03
3806.0700 1.198468e+03 2.649484e+03
3807.2969 1.617985e+03 3.552844e+03
3808.5238 1.540314e+03 3.359641e+03
3809.7508 1.014171e+03 2.197312e+03
3810.9777 1.729314e+03 3.721922e+03
3812.2047 1.247280e+03 2.666766e+03
3813.4316 1.388828e+03 2.949938e+03
3814.6586 1.170689e+03 2.470383e+03
3815.8855 1.068685e+03 2.240508e+03
3817.1125 1.793458e+03 3.735750e+03
3818.3394 1.697039e+03 3.512234e+03
3819.5664 1.583671e+03 3.256695e+03
3820.7933 1.814582e+03 3.707875e+03
3822.0203 1.895537e+03 3.848867e+03
3823.2472 1.561119e+03 3.149953e+03
3824.4742 1.719558e+03 3.448008e+03
3825.7011 1.536174e+03 3.061195e+03
3826.9280 1.650002e+03 3.267758e+03
3828.1550 1.793962e+03 3.531094e+03
3829.3819 1.809202e+03 3.539398e+03
3830.6089 1.581665e+03 3.075523e+03
3831.8358 1.504955e+03 2.908750e+03
3833.0628 1.696823e+03 3.259969e+03
3834.2897 1.720603e+03 3.286000e+03
3835.5167 1.476204e+03 2.802586e+03
3836.7436 1.484263e+03 2.801336e+03
3837.9706 1.613553e+03 3.027578e+03
3839.1975 1.106635e+03 2.064383e+03
3840.4245 1.330575e+03 2.467828e+03
3841.6514 1.427642e+03 2.632695e+03
3842.8784 1.410077e+03 2.585508e+03
3844.1053 1.069845e+03 1.950570e+03
3845.3322 1.679898e+03 3.045633e+03
3846.5592 1.255953e+03 2.264320e+03
3847.7861 1.337999e+03 2.398867e+03
3849.0131 1.978092e+03 3.526945e+03
3850.2400 2.419822e+03 4.290953e+03
3851.4670 2.983525e+03 5.261797e+03
3852.6939 2.144933e+03 3.762430e+03
3853.9209 2.513191e+03 4.384766e+03
3855.1478 3.525289e+03 6.117836e+03
3856.3748 3.137683e+03 5.416398e+03
3857.6017 3.586179e+03 6.158117e+03
3858.8287 2.999938e+03 5.124586e+03
3860.0556 2.956837e+03 5.024820e+03
3861.2826 2.670770e+03 4.515359e+03
3862.5095 1.888052e+03 3.175766e+03
3863.7364 1.237983e+03 2.071781e+03
3864.9634 1.491230e+03 2.483047e+03
3866.1903 1.926812e+03 3.192320e+03
3867.4173 1.869341e+03 3.081758e+03
3868.6442 1.697710e+03 2.785047e+03
3869.8712 1.918298e+03 3.131555e+03
3871.0981 1.870294e+03 3.038398e+03
3872.3251 2.174240e+03 3.515195e+03
3873.5520 2.268662e+03 3.650352e+03
3874.7790 1.694517e+03 2.713625e+03
3876.0059 1.337176e+03 2.131312e+03
3877.2329 1.696006e+03 2.690648e+03
3878.4598 2.246405e+03 3.547352e+03
3879.6868 2.181895e+03 3.429672e+03
3880.9137 2.361641e+03 3.695312e+03
3882.1406 2.186723e+03 3.406164e+03
3883.3676 1.647323e+03 2.554469e+03
3884.5945 1.301642e+03 2.009461e+03
3885.8215 1.619637e+03 2.489359e+03
3887.0484 1.645703e+03 2.518367e+03
3888.2754 1.329935e+03 2.026336e+03
3889.5023 1.507290e+03 2.286688e+03
3890.7293 2.107104e+03 3.183031e+03
3891.9562 2.137965e+03 3.216000e+03
3893.1832 1.236007e+03 1.851453e+03
3894.4101 1.555936e+03 2.321000e+03
3895.6371 1.665504e+03 2.474211e+03
3896.8640 1.714455e+03 2.536531e+03
3898.0910 1.272394e+03 1.874883e+03
3899.3179 2.582906e+03 3.790664e+03
3900.5448 2.064365e+03 3.017609e+03
3901.7718 1.687719e+03 2.457320e+03
3902.9987 1.823215e+03 2.644234e+03
3904.2257 2.315774e+03 3.345602e+03
3905.4526 1.979648e+03 2.849031e+03
3906.6796 1.676620e+03 2.403758e+03
3907.9065 1.458065e+03 2.082547e+03
3909.1335 1.394313e+03 1.984062e+03
3910.3604 1.483851e+03 2.103672e+03
3911.5874 1.240290e+03 1.751938e+03
3912.8143 1.314201e+03 1.849609e+03
3914.0413 1.784829e+03 2.502953e+03
3915.2682 1.882407e+03 2.630406e+03
3916.4952 1.302432e+03 1.813562e+03
3917.7221 1.165472e+03 1.617195e+03
3918.9490 1.757623e+03 2.430438e+03
3920.1760 1.815592e+03 2.502016e+03
3921.4029 1.807307e+03 2.482172e+03
3922.6299 1.501545e+03 2.055328e+03
3923.8568 1.447580e+03 1.974891e+03
3925.0838 1.767399e+03 2.403297e+03
3926.3107 1.709176e+03 2.316578e+03
3927.5377 1.631596e+03 2.204320e+03
3928.7646 2.903504e+03 3.910219e+03
3929.9916 2.158519e+03 2.897781e+03
3931.2185 1.741074e+03 2.330090e+03
3932.4455 1.885788e+03 2.515988e+03
3933.6724 1.720349e+03 2.288270e+03
3934.8993 2.237841e+03 2.967625e+03
3936.1263 1.736206e+03 2.295539e+03
3937.3532 2.046911e+03 2.698363e+03
3938.5802 1.904181e+03 2.502891e+03
3939.8071 2.073204e+03 2.717203e+03
3941.0341 2.419068e+03 3.161469e+03
3942.2610 1.736572e+03 2.263125e+03
3943.4880 1.700729e+03 2.210242e+03
3944.7149 2.185346e+03 2.832227e+03
3945.9419 2.238678e+03 2.893453e+03
3947.1688 2.564810e+03 3.306062e+03
3948.3958 2.188187e+03 2.813102e+03
3949.6227 1.824399e+03 2.339266e+03
3950.8497 1.635271e+03 2.091328e+03
3952.0766 1.960595e+03 2.500961e+03
3953.3035 2.371988e+03 3.018086e+03
3954.5305 2.273440e+03 2.885469e+03
3955.7574 2.059189e+03 2.607094e+03
3956.9844 1.892532e+03 2.390258e+03
3958.2113 1.861626e+03 2.345570e+03
3959.4383 1.792608e+03 2.253250e+03
3960.6652 1.962920e+03 2.461547e+03
3961.8922 1.909278e+03 2.388742e+03
3963.1191 2.017218e+03 2.518031e+03
3964.3461 2.181844e+03 2.717398e+03
3965.5730 2.544821e+03 3.162434e+03
3966.8000 2.544674e+03 3.155324e+03
3968.0269 2.662045e+03 3.293730e+03
3969.2539 1.863560e+03 2.300859e+03
3970.4808 2.074656e+03 2.556109e+03
3971.7077 2.082656e+03 2.560652e+03
3972.9347 1.796259e+03 2.204016e+03
3974.1616 2.273567e+03 2.784062e+03
3975.3886 2.351764e+03 2.874109e+03
3976.6155 1.630573e+03 1.988844e+03
3977.8425 2.065011e+03 2.513891e+03
3979.0694 1.625881e+03 1.975555e+03
3980.2964 2.347024e+03 2.846469e+03
3981.5233 2.286138e+03 2.767531e+03
3982.7503 3.237552e+03 3.912195e+03
3983.9772 2.125879e+03 2.564297e+03
3985.2042 1.595258e+03 1.920875e+03
3986.4311 1.673055e+03 2.011078e+03
3987.6581 2.035793e+03 2.442953e+03
3988.8850 1.904648e+03 2.281766e+03
3990.1119 1.725358e+03 2.063586e+03
3991.3389 1.754930e+03 2.095570e+03
3992.5658 1.162224e+03 1.385617e+03
3993.7928 1.307712e+03 1.556641e+03
3995.0197 1.782641e+03 2.118727e+03
3996.2467 1.721988e+03 2.043562e+03
3997.4736 2.443447e+03 2.895469e+03
3998.7006 2.854932e+03 3.378172e+03
3999.9275 2.828956e+03 3.342672e+03
4001.1545 2.884298e+03 3.403305e+03
4002.3814 2.280487e+03 2.687156e+03
4003.6084 2.578994e+03 3.034812e+03
4004.8353 2.984870e+03 3.507797e+03
4006.0623 1.980731e+03 2.324734e+03
4007.2892 2.000609e+03 2.345094e+03
4008.5161 1.561384e+03 1.827969e+03
4009.7431 1.948356e+03 2.278242e+03
4010.9700 1.766046e+03 2.062609e+03
4012.1970 1.181833e+03 1.378688e+03
4013.4239 2.766204e+03 3.223289e+03
4014.6509 1.427785e+03 1.661859e+03
4015.8778 1.304386e+03 1.516578e+03
4017.1048 1.337887e+03 1.553875e+03
4018.3317 1.703954e+03 1.976984e+03
4019.5587 1.123954e+03 1.302727e+03
4020.7856 1.801718e+03 2.086227e+03
4022.0126 2.368323e+03 2.739656e+03
4023.2395 2.030940e+03 2.347164e+03
4024.4665 2.392623e+03 2.762625e+03
4025.6934 2.214270e+03 2.554406e+03
4026.9203 2.335417e+03 2.691820e+03
4028.1473 2.013541e+03 2.318859e+03
4029.3742 2.626079e+03 3.021789e+03
4030.6012 2.787758e+03 3.205266e+03
4031.8281 2.214597e+03 2.544289e+03
4033.0551 2.126553e+03 2.441297e+03
4034.2820 1.939757e+03 2.225227e+03
4035.5090 1.964172e+03 2.251641e+03
4036.7359 1.866995e+03 2.138773e+03
4037.9629 1.618028e+03 1.852336e+03
4039.1898 2.204512e+03 2.522133e+03
4040.4168 2.364952e+03 2.704016e+03
4041.6437 2.617724e+03 2.991242e+03
4042.8707 2.544047e+03 2.905383e+03
4044.0976 2.375686e+03 2.711609e+03
4045.3245 2.632855e+03 3.003547e+03
4046.5515 2.526516e+03 2.880766e+03
4047.7784 2.896687e+03 3.301227e+03
4049.0054 1.648883e+03 1.878281e+03
4050.2323 1.831281e+03 2.085125e+03
4051.4593 1.952206e+03 2.221867e+03
4052.6862 1.906307e+03 2.168750e+03
4053.9132 2.725905e+03 3.099992e+03
4055.1401 1.750165e+03 1.989625e+03
4056.3671 1.397845e+03 1.588555e+03
4057.5940 2.111697e+03 2.399023e+03
4058.8210 1.904236e+03 2.162680e+03
4060.0479 1.978867e+03 2.246805e+03
4061.2749 1.831466e+03 2.078898e+03
4062.5018 1.801387e+03 2.044258e+03
4063.7287 1.858337e+03 2.108414e+03
4064.9557 1.839267e+03 2.086352e+03
4066.1826 1.740048e+03 1.973438e+03
4067.4096 1.784555e+03 2.023578e+03
4068.6365 2.131613e+03 2.416766e+03
4069.8635 1.944973e+03 2.204875e+03
4071.0904 1.836756e+03 2.081969e+03
4072.3174 2.318225e+03 2.627477e+03
4073.5443 2.473800e+03 2.803602e+03
4074.7713 2.205164e+03 2.499016e+03
4075.9982 2.169367e+03 2.458359e+03
4077.2252 2.473111e+03 2.802516e+03
4078.4521 2.533016e+03 2.870398e+03
4079.6790 2.418054e+03 2.740172e+03
4080.9060 2.491568e+03 2.823578e+03
4082.1329 2.165030e+03 2.453656e+03
4083.3599 2.294144e+03 2.600164e+03
4084.5868 2.739409e+03 3.105094e+03
4085.8138 2.437102e+03 2.762719e+03
4087.0407 1.827075e+03 2.071438e+03
4088.2677 1.781425e+03 2.019961e+03
4089.4946 2.176337e+03 2.468133e+03
4090.7216 2.473327e+03 2.805422e+03
4091.9485 2.399751e+03 2.722477e+03
4093.1755 2.123719e+03 2.409812e+03
4094.4024 1.899532e+03 2.155898e+03
4095.6294 2.678063e+03 3.040219e+03
4096.8563 1.828698e+03 2.076516e+03
4098.0832 1.616991e+03 1.836609e+03
4099.3102 2.141846e+03 2.433438e+03
4100.5371 1.831747e+03 2.081742e+03
4101.7641 2.505530e+03 2.848375e+03
4102.9910 3.139291e+03 3.570031e+03
4104.2180 2.992140e+03 3.403859e+03
4105.4449 2.819873e+03 3.209039e+03
4106.6719 2.683443e+03 3.054922e+03
4107.8988 2.739936e+03 3.120445e+03
4109.1258 2.302798e+03 2.623656e+03
4110.3527 2.396522e+03 2.731578e+03
4111.5797 2.477361e+03 2.824938e+03
4112.8066 1.992240e+03 2.272766e+03
4114.0336 1.853129e+03 2.115039e+03
4115.2605 1.878696e+03 2.145234e+03
4116.4874 1.971721e+03 2.252555e+03
4117.7144 1.608640e+03 1.838680e+03
4118.9413 2.088064e+03 2.387891e+03
4120.1683 2.517710e+03 2.880750e+03
4121.3952 1.752789e+03 2.006617e+03
4122.6222 1.942301e+03 2.224805e+03
4123.8491 1.805590e+03 2.069383e+03
4125.0761 1.868568e+03 2.142805e+03
4126.3030 2.970539e+03 3.408523e+03
4127.5300 2.408364e+03 2.765133e+03
4128.7569 1.821065e+03 2.092125e+03
4129.9839 2.720504e+03 3.127414e+03
4131.2108 2.107937e+03 2.424781e+03
4132.4378 2.146846e+03 2.471156e+03
4133.6647 1.802951e+03 2.076695e+03
4134.8916 2.059167e+03 2.373422e+03
4136.1186 2.009384e+03 2.317641e+03
4137.3455 1.729295e+03 1.995984e+03
4138.5725 2.008902e+03 2.320367e+03
4139.7994 2.276100e+03 2.630898e+03
4141.0264 2.235218e+03 2.585547e+03
4142.2533 1.996851e+03 2.311547e+03
4143.4803 2.456788e+03 2.846125e+03
4144.7072 2.536281e+03 2.940477e+03
4145.9342 2.316775e+03 2.688086e+03
4147.1611 1.890339e+03 2.195039e+03
4148.3881 1.787850e+03 2.077695e+03
4149.6150 2.398180e+03 2.789234e+03
4150.8420 2.771357e+03 3.225914e+03
4152.0689 2.587183e+03 3.014039e+03
4153.2958 2.157523e+03 2.515609e+03
4154.5228 1.770351e+03 2.065938e+03
4155.7497 1.984717e+03 2.318094e+03
4156.9767 2.287844e+03 2.674469e+03
4158.2036 2.545732e+03 2.978562e+03
4159.4306 2.171594e+03 2.543078e+03
4160.6575 1.721772e+03 2.018125e+03
4161.8845 1.993514e+03 2.338766e+03
4163.1114 1.485063e+03 1.743859e+03
4164.3384 1.617075e+03 1.900641e+03
4165.5653 2.367652e+03 2.785445e+03
4166.7923 2.178913e+03 2.565828e+03
4168.0192 1.295292e+03 1.526758e+03
4169.2462 1.312301e+03 1.548297e+03
4170.4731 1.666299e+03 1.967867e+03
4171.7000 1.577602e+03 1.864945e+03
4172.9270 1.602425e+03 1.896164e+03
4174.1539 1.821863e+03 2.157977e+03
4175.3809 2.690439e+03 3.190000e+03
4176.6078 2.291304e+03 2.719508e+03
4177.8348 2.171223e+03 2.579617e+03
4179.0617 1.900770e+03 2.260617e+03
4180.2887 2.274986e+03 2.708484e+03
4181.5156 1.951307e+03 2.325555e+03
4182.7426 2.490217e+03 2.970945e+03
4183.9695 2.259076e+03 2.698039e+03
4185.1965 1.908481e+03 2.281750e+03
4186.4234 1.935129e+03 2.316094e+03
4187.6504 2.066291e+03 2.475750e+03
4188.8773 1.851028e+03 2.220242e+03
4190.1042 1.708307e+03 2.051297e+03
4191.3312 1.979863e+03 2.379992e+03
4192.5581 2.070531e+03 2.491742e+03
4193.7851 2.012024e+03 2.424031e+03
4195.0120 1.912559e+03 2.306781e+03
4196.2390 2.271540e+03 2.742844e+03
4197.4659 2.490388e+03 3.010508e+03
4198.6929 1.677711e+03 2.030414e+03
4199.9198 1.805081e+03 2.187062e+03
4201.1468 1.482914e+03 1.798789e+03
4202.3737 1.710708e+03 2.077508e+03
4203.6007 2.240066e+03 2.723531e+03
4204.8276 1.545431e+03 1.881172e+03
4206.0546 2.447512e+03 2.982727e+03
4207.2815 1.721937e+03 2.100961e+03
4208.5084 2.251615e+03 2.750484e+03
4209.7354 1.896888e+03 2.319922e+03
4210.9623 1.449707e+03 1.775133e+03
4212.1893 1.767300e+03 2.166617e+03
4213.4162 1.874134e+03 2.300359e+03
4214.6432 1.823680e+03 2.241141e+03
4215.8701 1.442018e+03 1.774266e+03
4217.0971 1.834308e+03 2.259695e+03
4218.3240 2.127073e+03 2.623562e+03
4219.5510 1.975142e+03 2.439164e+03
4220.7779 2.059941e+03 2.547023e+03
4222.0049 1.765072e+03 2.185133e+03
4223.2318 1.546518e+03 1.916945e+03
4224.4587 1.530870e+03 1.899914e+03
4225.6857 1.572282e+03 1.953750e+03
4226.9126 1.362488e+03 1.695180e+03
4228.1396 1.227384e+03 1.529008e+03
4229.3665 1.506915e+03 1.879602e+03
4230.5935 1.977964e+03 2.470273e+03
4231.8204 1.848586e+03 2.311625e+03
4233.0474 1.478671e+03 1.851406e+03
4234.2743 1.506953e+03 1.889227e+03
4235.5013 1.815670e+03 2.279172e+03
4236.7282 2.167137e+03 2.723852e+03
4237.9552 2.092640e+03 2.633602e+03
4239.1821 2.056038e+03 2.590875e+03
4240.4091 2.193502e+03 2.767672e+03
4241.6360 2.153140e+03 2.720266e+03
4242.8629 2.161778e+03 2.734727e+03
4244.0899 1.952573e+03 2.473289e+03
4245.3168 1.877363e+03 2.381125e+03
4246.5438 2.108723e+03 2.678062e+03
4247.7707 2.046870e+03 2.602914e+03
4248.9977 1.830733e+03 2.331117e+03
4250.2246 1.170289e+03 1.492117e+03
4251.4516 1.581785e+03 2.019430e+03
4252.6785 1.871908e+03 2.392977e+03
4253.9055 1.579301e+03 2.021586e+03
4255.1324 1.387268e+03 1.778125e+03
4256.3594 1.409622e+03 1.809172e+03
4257.5863 1.283254e+03 1.649172e+03
4258.8133 2.299764e+03 2.959469e+03
4260.0402 2.197972e+03 2.832242e+03
4261.2671 1.848291e+03 2.384828e+03
4262.4941 2.140057e+03 2.764977e+03
4263.7210 1.904040e+03 2.463328e+03
4264.9480 1.868533e+03 2.420625e+03
4266.1749 2.040628e+03 2.647109e+03
4267.4019 1.760879e+03 2.287281e+03
4268.6288 1.372245e+03 1.784859e+03
4269.8558 1.515505e+03 1.973844e+03
4271.0827 1.999148e+03 2.607258e+03
4272.3097 2.140395e+03 2.795227e+03
4273.5366 2.009966e+03 2.628430e+03
4274.7636 1.941036e+03 2.541711e+03
4275.9905 1.551457e+03 2.034312e+03
4277.2175 1.573625e+03 2.066164e+03
4278.4444 1.610412e+03 2.117320e+03
4279.6713 1.653285e+03 2.176625e+03
4280.8983 1.617986e+03 2.133031e+03
4282.1252 1.673882e+03 2.209703e+03
4283.3522 1.692241e+03 2.236961e+03
4284.5791 1.481510e+03 1.961047e+03
4285.8061 1.933897e+03 2.563328e+03
4287.0330 1.784387e+03 2.368359e+03
4288.2600 1.911101e+03 2.539977e+03
4289.4869 2.118459e+03 2.819383e+03
4290.7139 2.082630e+03 2.775453e+03
4291.9408 1.771071e+03 2.363445e+03
4293.1678 1.429926e+03 1.910781e+03
4294.3947 1.664219e+03 2.226875e+03
4295.6217 1.817070e+03 2.434695e+03
4296.8486 1.872351e+03 2.512164e+03
4298.0755 2.049412e+03 2.753453e+03
4299.3025 1.661758e+03 2.235648e+03
4300.5294 1.657424e+03 2.232836e+03
4301.7564 1.905996e+03 2.571180e+03
4302.9833 1.598214e+03 2.158898e+03
4304.2103 1.402893e+03 1.897617e+03
4305.4372 1.625966e+03 2.202328e+03
4306.6642 1.916947e+03 2.599961e+03
4307.8911 1.833553e+03 2.490211e+03
4309.1181 1.735951e+03 2.360836e+03
4310.3450 1.734996e+03 2.362719e+03
4311.5720 1.471674e+03 2.006828e+03
4312.7989 1.191792e+03 1.627359e+03
4314.0259 1.028376e+03 1.406109e+03
4315.2528 1.179542e+03 1.614969e+03
4316.4797 1.226185e+03 1.681086e+03
4317.7067 1.505325e+03 2.066555e+03
4318.9336 1.227896e+03 1.687953e+03
4320.1606 1.438995e+03 1.980797e+03
4321.3875 1.595916e+03 2.199742e+03
4322.6145 1.560014e+03 2.153133e+03
4323.8414 1.542342e+03 2.131586e+03
4325.0684 1.763016e+03 2.439820e+03
4326.2953 1.915522e+03 2.654406e+03
4327.5223 1.872694e+03 2.598516e+03
4328.7492 2.082873e+03 2.894000e+03
4329.9762 1.405114e+03 1.954898e+03
4331.2031 1.708379e+03 2.379977e+03
4332.4301 1.430058e+03 1.994883e+03
4333.6570 1.518742e+03 2.121398e+03
4334.8839 1.124765e+03 1.573164e+03
4336.1109 1.444589e+03 2.023156e+03
4337.3378 1.486058e+03 2.083977e+03
4338.5648 1.354983e+03 1.902664e+03
4339.7917 1.493536e+03 2.099977e+03
4341.0187 1.711050e+03 2.408969e+03
4342.2456 1.674180e+03 2.360148e+03
4343.4726 1.778572e+03 2.510594e+03
4344.6995 1.821588e+03 2.574672e+03
4345.9265 2.069307e+03 2.928617e+03
4347.1534 1.977329e+03 2.802086e+03
4348.3804 1.946683e+03 2.762242e+03
4349.6073 2.083482e+03 2.960188e+03
4350.8343 1.511567e+03 2.150398e+03
4352.0612 1.522406e+03 2.168617e+03
4353.2881 1.795911e+03 2.561516e+03
4354.5151 1.541066e+03 2.200859e+03
4355.7420 1.629818e+03 2.330602e+03
4356.9690 1.621892e+03 2.322242e+03
4358.1959 1.515855e+03 2.173195e+03
4359.4229 1.616338e+03 2.320211e+03
4360.6498 1.678740e+03 2.412859e+03
4361.8768 2.080562e+03 2.994203e+03
4363.1037 1.461982e+03 2.106656e+03
4364.3307 1.917885e+03 2.767094e+03
4365.5576 1.530726e+03 2.211297e+03
4366.7846 2.093070e+03 3.027477e+03
4368.0115 1.905141e+03 2.759117e+03
4369.2384 1.860152e+03 2.697344e+03
4370.4654 1.287445e+03 1.869219e+03
4371.6923 1.851311e+03 2.691242e+03
4372.9193 1.745123e+03 2.540039e+03
4374.1462 1.838615e+03 2.679445e+03
4375.3732 2.434861e+03 3.552766e+03
4376.6001 1.813021e+03 2.648695e+03
4377.8271 1.756163e+03 2.568797e+03
4379.0540 1.991356e+03 2.916406e+03
4380.2810 1.875408e+03 2.749969e+03
4381.5079 1.996784e+03 2.931531e+03
4382.7349 1.986248e+03 2.919625e+03
4383.9618 2.351357e+03 3.460516e+03
4385.1888 2.174917e+03 3.204734e+03
4386.4157 1.774020e+03 2.617180e+03
4387.6426 1.794469e+03 2.650547e+03
4388.8696 1.821239e+03 2.693328e+03
4390.0965 1.533046e+03 2.269859e+03
4391.3235 1.497884e+03 2.220453e+03
4392.5504 2.093955e+03 3.107773e+03
4393.7774 2.081081e+03 3.092344e+03
4395.0043 9.865928e+02 1.467750e+03
4396.2313 -1.894944e+03 -2.822438e+03
4397.4582 -4.611284e+03 -6.876414e+03
4398.6852 6.725900e+02 1.004156e+03
4399.9121 1.687627e+03 2.522531e+03
4401.1391 1.927616e+03 2.884617e+03
4402.3660 2.278392e+03 3.413516e+03
4403.5930 2.126159e+03 3.189141e+03
4404.8199 2.736024e+03 4.108664e+03
4406.0468 2.008825e+03 3.020117e+03
4407.2738 1.926795e+03 2.900125e+03
4408.5007 1.515137e+03 2.283133e+03
4409.7277 2.180233e+03 3.289109e+03
4410.9546 1.898517e+03 2.867375e+03
4412.1816 2.271158e+03 3.434078e+03
4413.4085 1.515845e+03 2.294609e+03
4414.6355 2.084000e+03 3.158211e+03
4415.8624 1.666307e+03 2.528055e+03
4417.0894 1.728945e+03 2.626023e+03
4418.3163 1.662310e+03 2.527633e+03
4419.5433 1.470248e+03 2.238078e+03
4420.7702 1.501369e+03 2.287984e+03
4421.9972 1.806598e+03 2.756172e+03
4423.2241 1.470013e+03 2.245141e+03
4424.4510 1.507534e+03 2.304969e+03
4425.6780 1.835874e+03 2.810055e+03
4426.9049 1.854273e+03 2.841305e+03
4428.1319 1.834109e+03 2.813453e+03
4429.3588 1.903605e+03 2.923211e+03
4430.5858 1.985541e+03 3.052312e+03
4431.8127 2.176115e+03 3.348859e+03
4433.0397 2.315733e+03 3.567523e+03
4434.2666 2.404626e+03 3.708406e+03
4435.4936 2.037916e+03 3.146195e+03
4436.7205 1.527146e+03 2.360141e+03
4437.9475 1.685573e+03 2.607719e+03
4439.1744 1.916976e+03 2.968820e+03
4440.4014 2.219873e+03 3.441500e+03
4441.6283 1.950665e+03 3.027281e+03
4442.8552 2.103862e+03 3.268406e+03
4444.0822 2.118383e+03 3.294352e+03
4445.3091 2.034251e+03 3.166758e+03
4446.5361 1.921635e+03 2.994500e+03
4447.7630 2.055767e+03 3.206773e+03
4448.9900 3.246455e+03 5.069242e+03
4450.2169 3.017766e+03 4.716898e+03
4451.4439 2.975370e+03 4.655297e+03
4452.6708 2.990404e+03 4.683492e+03
4453.8978 2.781996e+03 4.361422e+03
4455.1247 2.278936e+03 3.576297e+03
4456.3517 2.242166e+03 3.522062e+03
4457.5786 2.186268e+03 3.437625e+03
4458.8056 2.506114e+03 3.944391e+03
4460.0325 1.953019e+03 3.076859e+03
4461.2594 1.974766e+03 3.114133e+03
4462.4864 2.394364e+03 3.779461e+03
4463.7133 2.474171e+03 3.909180e+03
4464.9403 2.114972e+03 3.344836e+03
4466.1672 1.981604e+03 3.136891e+03
4467.3942 2.069009e+03 3.278352e+03
4468.6211 2.179444e+03 3.456586e+03
4469.8481 2.006734e+03 3.185648e+03
4471.0750 1.746711e+03 2.775453e+03
4472.3020 1.859227e+03 2.956977e+03
4473.5289 2.058143e+03 3.276359e+03
4474.7559 2.319372e+03 3.695602e+03
4475.9828 2.482986e+03 3.959914e+03
4477.2098 2.380291e+03 3.799586e+03
4478.4367 2.558050e+03 4.087031e+03
4479.6636 2.446174e+03 3.911805e+03
4480.8906 2.323887e+03 3.719578e+03
4482.1175 1.589492e+03 2.546383e+03
4483.3445 1.908632e+03 3.060359e+03
4484.5714 2.473087e+03 3.968922e+03
4485.7984 2.411391e+03 3.873305e+03
4487.0253 2.858817e+03 4.595992e+03
4488.2523 2.659802e+03 4.279758e+03
4489.4792 2.562448e+03 4.126672e+03
4490.7062 2.991258e+03 4.821383e+03
4491.9331 2.788903e+03 4.499062e+03
4493.1601 3.032919e+03 4.896867e+03
4494.3870 2.504734e+03 4.047492e+03
4495.6140 2.484274e+03 4.017805e+03
4496.8409 2.219832e+03 3.593125e+03
4498.0678 2.079281e+03 3.368422e+03
4499.2948 1.775839e+03 2.879227e+03
4500.5217 2.175654e+03 3.530359e+03
4501.7487 2.002478e+03 3.252008e+03
4502.9756 2.478653e+03 4.028586e+03
4504.2026 2.414185e+03 3.926977e+03
4505.4295 2.410716e+03 3.924484e+03
4506.6565 2.453022e+03 3.996547e+03
4507.8834 2.508480e+03 4.090148e+03
4509.1104 2.499315e+03 4.078422e+03
4510.3373 2.633397e+03 4.300594e+03
4511.5643 2.457180e+03 4.015945e+03
4512.7912 2.364728e+03 3.867844e+03
4514.0181 2.890828e+03 4.732000e+03
4515.2451 3.015414e+03 4.939719e+03
4516.4720 2.644786e+03 4.335875e+03
4517.6990 2.396926e+03 3.932508e+03
4518.9259 2.201824e+03 3.615133e+03
4520.1529 2.065277e+03 3.393477e+03
4521.3798 2.168986e+03 3.566531e+03
4522.6068 2.388474e+03 3.930344e+03
4523.8337 2.545068e+03 4.191102e+03
4525.0607 2.343661e+03 3.862250e+03
4526.2876 2.464901e+03 4.064992e+03
4527.5146 2.181328e+03 3.599930e+03
4528.7415 2.251118e+03 3.717766e+03
4529.9685 2.013823e+03 3.328234e+03
4531.1954 2.659906e+03 4.399117e+03
4532.4223 2.209826e+03 3.657312e+03
4533.6493 2.139877e+03 3.544016e+03
4534.8762 1.870895e+03 3.100680e+03
4536.1032 2.364249e+03 3.921023e+03
4537.3301 2.356326e+03 3.910555e+03
4538.5571 2.558163e+03 4.248406e+03
4539.7840 2.196443e+03 3.650148e+03
4541.0110 2.363056e+03 3.929664e+03
4542.2379 2.332739e+03 3.881828e+03
4543.4649 2.292394e+03 3.817211e+03
4544.6918 2.152078e+03 3.585914e+03
4545.9188 1.704795e+03 2.842477e+03
4547.1457 1.566138e+03 2.612977e+03
4548.3727 2.264222e+03 3.780102e+03
4549.5996 2.697851e+03 4.506914e+03
4550.8265 2.669938e+03 4.463109e+03
4552.0535 2.479401e+03 4.147211e+03
4553.2804 2.350443e+03 3.933961e+03
4554.5074 2.492867e+03 4.174922e+03
4555.7343 2.525842e+03 4.232750e+03
4556.9613 2.445547e+03 4.100695e+03
4558.1882 2.421492e+03 4.062820e+03
4559.4152 2.455044e+03 4.121594e+03
4560.6421 2.389408e+03 4.013797e+03
4561.8691 2.246907e+03 3.776656e+03
4563.0960 2.166477e+03 3.643609e+03
4564.3230 2.359565e+03 3.970664e+03
4565.5499 2.244736e+03 3.779617e+03
4566.7769 2.475776e+03 4.171031e+03
4568.0038 2.635880e+03 4.443297e+03
4569.2307 2.591187e+03 4.370430e+03
4570.4577 2.369918e+03 3.999469e+03
4571.6846 2.041754e+03 3.447578e+03
4572.9116 2.160264e+03 3.649703e+03
4574.1385 2.553723e+03 4.316805e+03
4575.3655 1.920676e+03 3.248469e+03
4576.5924 2.006966e+03 3.396242e+03
4577.8194 2.553759e+03 4.323852e+03
4579.0463 2.065521e+03 3.499055e+03
4580.2733 2.448265e+03 4.149617e+03
4581.5002 2.045935e+03 3.469508e+03
4582.7272 2.377189e+03 4.033336e+03
4583.9541 1.869171e+03 3.173016e+03
4585.1811 2.216275e+03 3.764156e+03
4586.4080 2.375842e+03 4.037203e+03
4587.6349 2.275517e+03 3.868656e+03
4588.8619 2.379969e+03 4.048242e+03
4590.0888 1.965420e+03 3.344750e+03
4591.3158 2.001134e+03 3.407188e+03
4592.5427 2.606283e+03 4.439672e+03
4593.7697 2.969858e+03 5.061422e+03
4594.9966 2.508435e+03 4.277062e+03
4596.2236 2.423219e+03 4.133703e+03
4597.4505 2.638856e+03 4.503648e+03
4598.6775 2.834269e+03 4.839383e+03
4599.9044 2.598517e+03 4.438875e+03
4601.1314 2.242590e+03 3.832602e+03
4602.3583 2.479833e+03 4.239953e+03
4603.5853 2.433758e+03 4.163023e+03
4604.8122 2.295875e+03 3.928898e+03
4606.0391 2.329497e+03 3.988172e+03
4607.2661 2.356234e+03 4.035688e+03
4608.4930 2.604356e+03 4.462570e+03
4609.7200 2.397221e+03 4.109383e+03
4610.9469 1.834720e+03 3.146445e+03
4612.1739 2.375274e+03 4.075156e+03
4613.4008 2.406197e+03 4.129906e+03
4614.6278 2.319226e+03 3.982250e+03
4615.8547 2.442087e+03 4.194898e+03
4617.0817 1.959085e+03 3.366562e+03
4618.3086 2.166628e+03 3.724680e+03
4619.5356 1.826601e+03 3.141359e+03
4620.7625 2.234283e+03 3.843969e+03
4621.9895 2.403814e+03 4.137219e+03
4623.2164 2.301370e+03 3.962398e+03
4624.4433 2.435781e+03 4.195391e+03
4625.6703 2.092879e+03 3.606109e+03
4626.8972 2.687106e+03 4.631680e+03
4628.1242 2.587276e+03 4.461219e+03
4629.3511 2.019894e+03 3.484133e+03
4630.5781 2.482586e+03 4.283750e+03
4631.8050 2.430175e+03 4.194781e+03
4633.0320 2.243171e+03 3.873328e+03
4634.2589 2.228147e+03 3.848703e+03
4635.4859 2.136939e+03 3.692406e+03
4636.7128 2.137148e+03 3.694000e+03
4637.9398 2.220101e+03 3.838648e+03
4639.1667 2.365689e+03 4.091711e+03
4640.3937 2.143659e+03 3.708883e+03
4641.6206 2.158045e+03 3.734961e+03
4642.8475 2.394630e+03 4.145727e+03
4644.0745 2.321459e+03 4.020297e+03
4645.3014 2.034675e+03 3.524727e+03
4646.5284 2.121897e+03 3.676938e+03
4647.7553 2.391942e+03 4.146125e+03
4648.9823 2.452897e+03 4.253039e+03
4650.2092 2.413344e+03 4.185680e+03
4651.4362 2.053148e+03 3.561984e+03
4652.6631 2.206233e+03 3.828656e+03
4653.8901 2.312240e+03 4.013742e+03
4655.1170 2.235656e+03 3.881875e+03
4656.3440 1.857840e+03 3.226734e+03
4657.5709 2.356349e+03 4.093656e+03
4658.7978 2.686432e+03 4.668344e+03
4660.0248 2.247229e+03 3.906141e+03
4661.2517 2.065942e+03 3.591953e+03
4662.4787 2.513150e+03 4.370602e+03
4663.7056 2.000309e+03 3.479594e+03
4664.9326 2.412685e+03 4.197969e+03
4666.1595 2.483873e+03 4.322883e+03
4667.3865 2.257160e+03 3.929258e+03
4668.6134 2.824127e+03 4.917391e+03
4669.8404 2.393993e+03 4.169406e+03
4671.0673 2.513014e+03 4.377695e+03
4672.2943 2.014851e+03 3.510680e+03
4673.5212 2.569331e+03 4.477797e+03
4674.7482 2.314349e+03 4.034297e+03
4675.9751 2.403309e+03 4.190266e+03
4677.2020 2.297565e+03 4.006742e+03
4678.4290 1.998088e+03 3.485203e+03
4679.6559 2.173162e+03 3.791352e+03
4680.8829 2.464257e+03 4.300062e+03
4682.1098 2.332094e+03 4.070242e+03
4683.3368 2.295616e+03 4.007352e+03
4684.5637 2.258620e+03 3.943516e+03
4685.7907 2.034110e+03 3.552188e+03
4687.0176 2.129213e+03 3.718945e+03
4688.2446 2.147520e+03 3.751594e+03
4689.4715 2.104352e+03 3.676828e+03
4690.6985 2.266091e+03 3.960109e+03
4691.9254 2.221475e+03 3.882797e+03
4693.1524 2.325857e+03 4.065914e+03
4694.3793 2.553314e+03 4.464266e+03
4695.6062 2.398164e+03 4.193664e+03
4696.8332 2.453417e+03 4.290953e+03
4698.0601 2.413187e+03 4.221234e+03
4699.2871 2.185526e+03 3.823570e+03
4700.5140 2.405654e+03 4.209297e+03
4701.7410 2.377084e+03 4.159898e+03
4702.9679 2.528861e+03 4.426125e+03
4704.1949 2.470766e+03 4.325031e+03
4705.4218 2.442597e+03 4.276289e+03
4706.6488 2.771306e+03 4.852391e+03
4707.8757 2.181490e+03 3.820141e+03
4709.1027 2.090584e+03 3.661398e+03
4710.3296 2.511926e+03 4.399852e+03
4711.5566 1.928984e+03 3.379172e+03
4712.7835 2.146300e+03 3.760289e+03
4714.0104 2.083128e+03 3.650016e+03
4715.2374 2.245218e+03 3.934445e+03
4716.4643 1.897344e+03 3.325188e+03
4717.6913 2.385215e+03 4.180625e+03
4718.9182 2.280076e+03 3.996734e+03
4720.1452 2.669037e+03 4.678984e+03
4721.3721 2.613347e+03 4.581773e+03
4722.5991 2.431520e+03 4.263367e+03
4723.8260 2.357761e+03 4.134391e+03
4725.0530 2.357505e+03 4.134281e+03
4726.2799 2.306782e+03 4.045648e+03
4727.5069 2.332584e+03 4.091211e+03
4728.7338 2.364692e+03 4.147828e+03
4729.9608 2.199904e+03 3.859047e+03
4731.1877 2.185595e+03 3.834203e+03
4732.4146 2.187388e+03 3.837594e+03
4733.6416 2.318123e+03 4.067203e+03
4734.8685 2.513409e+03 4.410094e+03
4736.0955 2.342910e+03 4.111156e+03
4737.3224 2.143083e+03 3.760711e+03
4738.5494 2.164093e+03 3.797766e+03
4739.7763 2.054925e+03 3.606352e+03
4741.0033 2.102017e+03 3.689156e+03
4742.2302 2.274694e+03 3.992375e+03
4743.4572 2.124550e+03 3.728992e+03
4744.6841 2.235456e+03 3.923789e+03
4745.9111 2.466760e+03 4.329922e+03
4747.1380 2.398135e+03 4.209586e+03
4748.3650 2.391428e+03 4.197922e+03
4749.5919 1.997785e+03 3.507000e+03
4750.8188 2.266515e+03 3.978820e+03
4752.0458 2.544262e+03 4.466477e+03
4753.2727 2.499860e+03 4.388594e+03
4754.4997 2.307384e+03 4.050742e+03
4755.7266 2.347254e+03 4.120773e+03
4756.9536 1.815689e+03 3.187594e+03
4758.1805 1.941798e+03 3.409000e+03
4759.4075 1.732537e+03 3.041625e+03
4760.6344 2.554078e+03 4.483906e+03
4761.8614 1.938481e+03 3.403156e+03
4763.0883 2.546979e+03 4.471391e+03
4764.3153 2.385811e+03 4.188406e+03
4765.5422 2.496861e+03 4.383305e+03
4766.7692 2.284055e+03 4.009656e+03
4767.9961 2.092160e+03 3.672719e+03
4769.2230 2.194814e+03 3.852844e+03
4770.4500 2.325009e+03 4.081297e+03
4771.6769 2.235575e+03 3.924203e+03
4772.9039 2.169945e+03 3.808891e+03
4774.1308 2.120571e+03 3.722109e+03
4775.3578 2.315931e+03 4.064875e+03
4776.5847 1.733192e+03 3.041953e+03
4777.8117 1.893120e+03 3.322516e+03
4779.0386 2.318232e+03 4.068438e+03
4780.2656 2.052542e+03 3.602000e+03
4781.4925 2.141447e+03 3.757844e+03
4782.7195 2.304176e+03 4.043203e+03
4783.9464 1.842461e+03 3.232852e+03
4785.1734 1.978783e+03 3.471859e+03
4786.4003 2.267813e+03 3.978750e+03
4787.6272 1.975650e+03 3.465961e+03
4788.8542 1.898984e+03 3.331258e+03
4790.0811 2.104525e+03 3.691586e+03
4791.3081 2.199043e+03 3.857125e+03
4792.5350 1.979410e+03 3.471648e+03
4793.7620 2.309981e+03 4.051141e+03
4794.9889 2.434136e+03 4.268562e+03
4796.2159 2.429768e+03 4.260578e+03
4797.4428 2.425139e+03 4.252125e+03
4798.6698 1.979823e+03 3.471047e+03
4799.8967 1.947028e+03 3.413266e+03
4801.1237 2.200367e+03 3.857055e+03
4802.3506 2.366768e+03 4.148375e+03
4803.5775 2.573658e+03 4.510594e+03
4804.8045 1.952089e+03 3.420914e+03
4806.0314 2.680714e+03 4.697336e+03
4807.2584 2.476467e+03 4.339016e+03
4808.4853 2.026397e+03 3.550094e+03
4809.7123 2.318113e+03 4.060742e+03
4810.9392 1.705839e+03 2.987883e+03
4812.1662 2.104383e+03 3.685562e+03
4813.3931 2.030516e+03 3.555805e+03
4814.6201 1.400317e+03 2.451938e+03
4815.8470 2.128282e+03 3.726172e+03
4817.0740 2.123682e+03 3.717688e+03
4818.3009 2.278168e+03 3.987656e+03
4819.5279 1.900541e+03 3.326266e+03
4820.7548 1.990598e+03 3.483453e+03
4821.9817 1.724109e+03 3.016734e+03
4823.2087 2.062521e+03 3.608406e+03
4824.4356 1.902209e+03 3.327508e+03
4825.6626 1.935258e+03 3.384875e+03
4826.8895 2.109397e+03 3.688961e+03
4828.1165 2.241125e+03 3.918797e+03
4829.3434 2.065660e+03 3.611484e+03
4830.5704 1.927460e+03 3.369391e+03
4831.7973 2.250685e+03 3.933859e+03
4833.0243 2.268614e+03 3.964625e+03
4834.2512 1.981854e+03 3.462977e+03
4835.4782 2.000416e+03 3.494891e+03
4836.7051 2.167892e+03 3.786914e+03
4837.9321 2.187941e+03 3.821352e+03
4839.1590 1.864355e+03 3.255688e+03
4840.3859 1.746727e+03 3.049797e+03
4841.6129 1.818724e+03 3.175000e+03
4842.8398 1.963505e+03 3.427195e+03
4844.0668 1.811633e+03 3.161594e+03
4845.2937 1.801397e+03 3.143211e+03
4846.5207 1.807797e+03 3.153852e+03
4847.7476 1.584373e+03 2.763602e+03
4848.9746 1.874641e+03 3.269352e+03
4850.2015 1.808691e+03 3.153789e+03
4851.4285 2.151268e+03 3.750477e+03
4852.6554 2.617893e+03 4.563172e+03
4853.8824 2.232260e+03 3.890289e+03
4855.1093 2.080365e+03 3.624914e+03
4856.3363 1.448786e+03 2.523961e+03
4857.5632 2.223487e+03 3.872867e+03
4858.7901 2.232804e+03 3.888367e+03
4860.0171 1.750067e+03 3.047117e+03
4861.2440 2.408388e+03 4.192547e+03
4862.4710 2.103019e+03 3.660250e+03
4863.6979 1.894735e+03 3.297094e+03
4864.9249 1.923870e+03 3.347133e+03
4866.1518 3.092778e+03 5.379719e+03
4867.3788 2.881198e+03 5.010680e+03
4868.6057 2.643630e+03 4.596594e+03
4869.8327 2.209726e+03 3.841359e+03
4871.0596 2.115696e+03 3.677141e+03
4872.2866 2.119680e+03 3.683297e+03
4873.5135 2.123656e+03 3.689430e+03
4874.7405 2.127638e+03 3.695562e+03
4875.9674 2.131634e+03 3.701711e+03
4877.1943 2.135627e+03 3.707844e+03
4878.4213 2.139625e+03 3.713977e+03
4879.6482 2.143624e+03 3.720102e+03
4880.8752 2.147643e+03 3.726250e+03
4882.1021 2.151653e+03 3.732375e+03
4883.3291 2.155674e+03 3.738508e+03
4884.5560 2.159700e+03 3.744641e+03
4885.7830 2.163750e+03 3.750805e+03
4887.0099 2.167779e+03 3.756922e+03
4888.2369 2.171835e+03 3.763078e+03
4889.4638 2.175875e+03 3.769195e+03
4890.6908 2.179939e+03 3.775344e+03
4891.9177 2.184008e+03 3.781492e+03
4893.1447 2.188074e+03 3.787625e+03
4894.3716 2.192141e+03 3.793750e+03
4895.5985 2.196228e+03 3.799898e+03
4896.8255 2.200311e+03 3.806031e+03
4898.0524 2.204408e+03 3.812180e+03
4899.2794 2.208503e+03 3.818312e+03
4900.5063 2.212612e+03 3.824461e+03
4901.7333 2.216718e+03 3.830594e+03
4902.9602 2.220844e+03 3.836750e+03
4904.1872 2.224961e+03 3.842883e+03
4905.4141 2.229084e+03 3.849016e+03
4906.6411 2.233223e+03 3.855164e+03
4907.8680 2.237362e+03 3.861305e+03
4909.0950 2.241503e+03 3.867438e+03
4910.3219 2.245663e+03 3.873594e+03
4911.5489 2.249806e+03 3.879711e+03
4912.7758 2.253974e+03 3.885859e+03
4914.0027 2.258133e+03 3.891984e+03
4915.2297 2.262312e+03 3.898133e+03
4916.4566 2.266502e+03 3.904289e+03
4917.6836 2.270688e+03 3.910430e+03
4918.9105 2.274875e+03 3.916562e+03
4920.1375 2.279083e+03 3.922719e+03
4921.3644 2.283282e+03 3.928852e+03
4922.5914 2.287492e+03 3.934992e+03
4923.8183 2.291708e+03 3.941133e+03
4925.0453 2.295939e+03 3.947289e+03
4926.2722 2.300166e+03 3.953430e+03
4927.4992 2.304396e+03 3.959562e+03
4928.7261 2.308635e+03 3.965703e+03
4929.9531 2.312876e+03 3.971836e+03
4931.1800 2.317142e+03 3.978000e+03
4932.4069 2.321399e+03 3.984141e+03
4933.6339 2.325663e+03 3.990281e+03
4934.8608 2.329937e+03 3.996430e+03
4936.0878 2.334209e+03 4.002562e+03
4937.3147 2.338486e+03 4.008695e+03
4938.5417 2.342788e+03 4.014859e+03
4939.7686 2.347077e+03 4.020992e+03
4940.9956 2.351382e+03 4.027141e+03
4942.2225 2.355697e+03 4.033297e+03
4943.4495 2.360010e+03 4.039438e+03
4944.6764 2.364333e+03 4.045586e+03
4945.9034 2.367593e+03 4.049906e+03
4947.1303 2.184568e+03 3.735664e+03
4948.3572 1.958879e+03 3.348680e+03
4949.5842 1.927364e+03 3.293766e+03
4950.8111 1.602109e+03 2.737055e+03
4952.0381 1.908667e+03 3.259742e+03
4953.2650 1.811962e+03 3.093594e+03
4954.4920 1.852519e+03 3.161820e+03
4955.7189 1.845288e+03 3.148461e+03
4956.9459 1.833699e+03 3.127672e+03
4958.1728 1.539044e+03 2.624234e+03
4959.3998 1.691816e+03 2.883781e+03
4960.6267 1.921074e+03 3.273484e+03
4961.8537 8.995809e+02 1.532367e+03
4963.0806 2.248743e+03 3.829289e+03
4964.3076 1.755389e+03 2.988180e+03
4965.5345 1.562152e+03 2.658344e+03
4966.7614 1.939097e+03 3.298688e+03
4967.9884 1.899519e+03 3.230266e+03
4969.2153 2.213125e+03 3.762297e+03
4970.4423 2.177314e+03 3.700156e+03
4971.6692 1.946578e+03 3.306906e+03
4972.8962 1.891381e+03 3.212031e+03
4974.1231 1.966665e+03 3.338727e+03
4975.3501 1.866379e+03 3.167375e+03
4976.5770 2.324360e+03 3.943227e+03
4977.8040 2.120990e+03 3.596953e+03
4979.0309 2.350250e+03 3.984352e+03
4980.2579 2.515043e+03 4.262219e+03
4981.4848 2.237891e+03 3.791188e+03
4982.7118 1.666639e+03 2.822430e+03
4983.9387 2.243813e+03 3.798508e+03
4985.1656 2.261252e+03 3.826656e+03
4986.3926 1.891500e+03 3.199781e+03
4987.6195 2.203386e+03 3.726039e+03
4988.8465 2.377163e+03 4.018445e+03
4990.0734 2.338774e+03 3.952109e+03
4991.3004 2.322643e+03 3.923414e+03
4992.5273 2.342953e+03 3.956266e+03
4993.7543 2.326193e+03 3.926516e+03
4994.9812 2.207098e+03 3.724109e+03
4996.2082 2.225266e+03 3.753367e+03
4997.4351 2.241012e+03 3.778516e+03
4998.6621 2.019415e+03 3.403609e+03
4999.8890 1.824312e+03 3.073617e+03
5001.1160 1.913476e+03 3.222625e+03
5002.3429 1.830639e+03 3.081945e+03
5003.5698 1.848531e+03 3.110883e+03
5004.7968 2.217764e+03 3.730836e+03
5006.0237 2.372406e+03 3.989453e+03
5007.2507 2.040785e+03 3.430477e+03
5008.4776 1.769586e+03 2.973453e+03
5009.7046 1.865562e+03 3.133508e+03
5010.9315 1.927769e+03 3.236734e+03
5012.1585 1.709208e+03 2.868648e+03
5013.3854 2.000963e+03 3.357000e+03
5014.6124 1.964161e+03 3.293961e+03
5015.8393 1.984687e+03 3.327070e+03
5017.0663 1.749957e+03 2.932414e+03
5018.2932 2.589546e+03 4.337594e+03
5019.5202 2.025713e+03 3.391797e+03
5020.7471 2.483152e+03 4.156055e+03
5021.9740 2.199561e+03 3.679930e+03
5023.2010 2.731272e+03 4.567656e+03
5024.4279 2.976426e+03 4.975625e+03
5025.6549 3.289475e+03 5.496711e+03
5026.8818 4.117744e+03 6.877945e+03
5028.1088 4.154587e+03 6.936648e+03
5029.3357 3.683638e+03 6.147812e+03
5030.5627 3.083051e+03 5.143344e+03
5031.7896 2.856707e+03 4.763773e+03
5033.0166 2.708065e+03 4.514031e+03
5034.2435 2.210050e+03 3.682367e+03
5035.4705 2.336803e+03 3.891938e+03
5036.6974 2.725220e+03 4.536945e+03
5037.9244 3.056592e+03 5.086477e+03
5039.1513 4.438060e+03 7.382266e+03
5040.3782 3.921239e+03 6.519828e+03
5041.6052 3.185496e+03 5.294266e+03
5042.8321 2.178704e+03 3.619445e+03
5044.0591 2.001434e+03 3.323531e+03
5045.2860 1.992793e+03 3.307766e+03
5046.5130 2.235495e+03 3.709023e+03
5047.7399 2.137542e+03 3.544977e+03
5048.9669 1.968085e+03 3.262531e+03
5050.1938 2.105212e+03 3.488336e+03
5051.4208 2.121931e+03 3.514508e+03
5052.6477 1.832518e+03 3.033836e+03
5053.8747 1.930603e+03 3.194820e+03
5055.1016 2.289368e+03 3.786852e+03
5056.3286 2.489213e+03 4.115602e+03
5057.5555 2.238454e+03 3.699367e+03
5058.7824 1.930718e+03 3.189375e+03
5060.0094 1.932226e+03 3.190445e+03
5061.2363 1.978294e+03 3.265055e+03
5062.4633 2.176915e+03 3.591258e+03
5063.6902 2.174405e+03 3.585508e+03
5064.9172 2.094317e+03 3.451891e+03
5066.1441 2.293076e+03 3.777781e+03
5067.3711 2.471185e+03 4.069367e+03
5068.5980 2.433393e+03 4.005312e+03
5069.8250 2.320014e+03 3.816953e+03
5071.0519 2.177773e+03 3.581297e+03
5072.2789 2.542305e+03 4.178844e+03
5073.5058 2.542595e+03 4.177398e+03
5074.7328 2.733880e+03 4.489602e+03
5075.9597 2.185288e+03 3.587039e+03
5077.1866 2.167418e+03 3.556055e+03
5078.4136 1.917796e+03 3.145039e+03
5079.6405 2.253567e+03 3.693953e+03
5080.8675 2.392749e+03 3.920258e+03
5082.0944 2.101056e+03 3.440734e+03
5083.3214 1.976146e+03 3.234656e+03
5084.5483 2.767175e+03 4.527312e+03
5085.7753 2.214928e+03 3.622078e+03
5087.0022 2.409290e+03 3.938047e+03
5088.2292 2.370002e+03 3.871984e+03
5089.4561 1.786290e+03 2.916953e+03
5090.6831 2.389455e+03 3.900031e+03
5091.9100 2.072774e+03 3.381523e+03
5093.1369 2.114526e+03 3.447977e+03
5094.3639 1.538761e+03 2.507914e+03
5095.5908 2.341074e+03 3.813695e+03
5096.8178 2.323269e+03 3.782852e+03
5098.0447 2.493920e+03 4.058734e+03
5099.2717 2.540161e+03 4.131969e+03
5100.4986 2.187367e+03 3.556352e+03
5101.7256 2.172371e+03 3.530234e+03
5102.9525 2.145709e+03 3.485188e+03
5104.1795 2.166769e+03 3.517656e+03
5105.4064 2.412846e+03 3.915211e+03
5106.6334 2.291404e+03 3.716305e+03
5107.8603 2.686169e+03 4.354383e+03
5109.0873 2.269414e+03 3.676969e+03
5110.3142 2.098012e+03 3.397555e+03
5111.5411 2.096247e+03 3.392992e+03
5112.7681 2.233166e+03 3.612789e+03
5113.9950 2.492470e+03 4.030250e+03
5115.2220 2.239956e+03 3.620109e+03
5116.4489 2.301057e+03 3.716969e+03
5117.6759 2.362116e+03 3.813656e+03
5118.9028 2.333374e+03 3.765328e+03
5120.1298 2.561238e+03 4.130914e+03
5121.3567 2.656263e+03 4.281977e+03
5122.5837 2.459361e+03 3.962523e+03
5123.8106 2.697057e+03 4.343258e+03
5125.0376 4.043130e+03 6.507562e+03
5126.2645 5.789779e+03 9.314023e+03
5127.4915 6.674373e+03 1.073148e+04
5128.7184 6.609406e+03 1.062148e+04
5129.9453 6.433328e+03 1.033312e+04
5131.1723 6.116283e+03 9.818734e+03
5132.3992 5.697708e+03 9.141969e+03
5133.6262 4.458904e+03 7.150539e+03
5134.8531 3.028452e+03 4.854023e+03
5136.0801 2.670117e+03 4.277414e+03
5137.3070 2.599911e+03 4.162734e+03
5138.5340 2.639136e+03 4.223289e+03
5139.7609 2.758095e+03 4.411297e+03
5140.9879 2.412195e+03 3.856000e+03
5142.2148 2.658508e+03 4.247461e+03
5143.4418 2.694808e+03 4.303141e+03
5144.6687 2.491483e+03 3.976320e+03
5145.8957 2.408422e+03 3.841680e+03
5147.1226 2.873635e+03 4.581258e+03
5148.3495 2.650188e+03 4.222734e+03
5149.5765 2.313260e+03 3.683875e+03
5150.8034 2.041166e+03 3.248789e+03
5152.0304 2.076265e+03 3.302844e+03
5153.2573 2.487251e+03 3.954453e+03
5154.4843 2.757365e+03 4.381492e+03
5155.7112 2.349042e+03 3.730602e+03
5156.9382 1.763850e+03 2.799688e+03
5158.1651 2.399622e+03 3.806711e+03
5159.3921 2.323906e+03 3.684547e+03
5160.6190 2.809847e+03 4.452523e+03
5161.8460 2.431800e+03 3.851312e+03
5163.0729 2.798969e+03 4.430328e+03
5164.2999 2.582235e+03 4.084977e+03
5165.5268 2.330037e+03 3.683938e+03
5166.7537 2.476213e+03 3.912844e+03
5167.9807 2.554503e+03 4.034273e+03
5169.2076 2.432200e+03 3.838945e+03
5170.4346 2.834948e+03 4.472094e+03
5171.6615 2.985956e+03 4.707625e+03
5172.8885 3.206167e+03 5.051922e+03
5174.1154 5.186911e+03 8.168281e+03
5175.3424 1.108887e+04 1.745259e+04
5176.5693 1.507750e+04 2.371659e+04
5177.7963 1.676300e+04 2.635265e+04
5179.0232 1.606886e+04 2.524682e+04
5180.2502 1.442430e+04 2.264983e+04
5181.4771 1.258067e+04 1.974339e+04
5182.7041 1.010685e+04 1.585188e+04
5183.9310 6.958948e+03 1.090826e+04
5185.1579 4.097655e+03 6.419383e+03
5186.3849 2.946152e+03 4.612734e+03
5187.6118 2.675672e+03 4.186789e+03
5188.8388 2.718203e+03 4.250836e+03
5190.0657 2.840825e+03 4.439977e+03
5191.2927 2.615993e+03 4.086164e+03
5192.5196 2.687859e+03 4.195930e+03
5193.7466 2.604619e+03 4.063570e+03
5194.9735 2.579840e+03 4.022516e+03
5196.2005 2.700748e+03 4.208523e+03
5197.4274 2.299095e+03 3.580492e+03
5198.6544 2.266256e+03 3.527234e+03
5199.8813 2.632845e+03 4.095336e+03
5201.1083 2.882209e+03 4.480516e+03
5202.3352 2.736486e+03 4.251414e+03
5203.5621 2.365209e+03 3.672375e+03
5204.7891 2.337015e+03 3.626398e+03
5206.0160 2.470956e+03 3.831906e+03
5207.2430 2.639304e+03 4.090484e+03
5208.4699 2.718532e+03 4.210703e+03
5209.6969 2.524524e+03 3.907812e+03
5210.9238 2.826712e+03 4.372898e+03
5212.1508 2.713898e+03 4.195797e+03
5213.3777 2.540621e+03 3.925484e+03
5214.6047 2.420080e+03 3.736930e+03
5215.8316 2.477454e+03 3.823156e+03
5217.0586 2.430537e+03 3.748430e+03
5218.2855 2.372210e+03 3.656203e+03
5219.5125 2.508428e+03 3.863742e+03
5220.7394 2.446107e+03 3.765398e+03
5221.9663 2.975202e+03 4.576992e+03
5223.1933 2.252933e+03 3.463695e+03
5224.4202 2.479136e+03 3.809070e+03
5225.6472 2.349795e+03 3.608070e+03
5226.8741 2.712279e+03 4.162031e+03
5228.1011 2.368879e+03 3.632781e+03
5229.3280 2.998333e+03 4.595164e+03
5230.5550 2.588990e+03 3.965297e+03
5231.7819 2.720691e+03 4.164359e+03
5233.0089 2.553245e+03 3.905570e+03
5234.2358 2.406132e+03 3.678188e+03
5235.4628 2.798853e+03 4.275789e+03
5236.6897 2.523804e+03 3.853125e+03
5237.9166 2.588420e+03 3.949234e+03
5239.1436 2.558322e+03 3.900797e+03
5240.3705 2.330757e+03 3.551523e+03
5241.5975 3.230875e+03 4.919906e+03
5242.8244 2.295692e+03 3.493562e+03
5244.0514 2.313155e+03 3.517852e+03
5245.2783 2.493997e+03 3.790406e+03
5246.5053 2.699694e+03 4.100352e+03
5247.7322 2.495466e+03 3.787688e+03
5248.9592 2.344877e+03 3.556789e+03
5250.1861 2.759256e+03 4.182586e+03
5251.4131 2.920928e+03 4.424742e+03
5252.6400 2.661438e+03 4.029000e+03
5253.8670 2.449005e+03 3.704961e+03
5255.0939 2.482045e+03 3.752461e+03
5256.3208 2.601977e+03 3.931172e+03
5257.5478 2.550897e+03 3.851438e+03
5258.7747 2.501107e+03 3.773750e+03
5260.0017 2.670288e+03 4.026328e+03
5261.2286 2.551113e+03 3.844062e+03
5262.4556 2.512779e+03 3.783766e+03
5263.6825 2.543306e+03 3.827164e+03
5264.9095 2.467219e+03 3.710172e+03
5266.1364 2.387111e+03 3.587289e+03
5267.3634 2.473040e+03 3.713914e+03
5268.5903 2.458305e+03 3.689289e+03
5269.8173 2.630565e+03 3.945133e+03
5271.0442 2.761926e+03 4.139328e+03
5272.2712 2.394007e+03 3.585484e+03
5273.4981 2.326100e+03 3.481406e+03
5274.7250 2.662613e+03 3.982336e+03
5275.9520 2.931554e+03 4.381578e+03
5277.1789 2.847028e+03 4.252328e+03
5278.4059 2.789816e+03 4.164016e+03
5279.6328 2.849640e+03 4.250383e+03
5280.8598 2.484924e+03 3.703836e+03
5282.0867 2.221670e+03 3.309164e+03
5283.3137 2.433618e+03 3.622352e+03
5284.5406 2.390634e+03 3.555906e+03
5285.7676 2.178875e+03 3.238680e+03
5286.9945 2.298092e+03 3.413508e+03
5288.2215 2.387507e+03 3.543852e+03
5289.4484 2.533564e+03 3.758023e+03
5290.6754 2.633719e+03 3.903852e+03
5291.9023 2.411004e+03 3.571227e+03
5293.1292 2.539033e+03 3.758227e+03
5294.3562 2.478616e+03 3.666219e+03
5295.5831 2.573901e+03 3.804477e+03
5296.8101 2.671649e+03 3.946172e+03
5298.0370 2.465678e+03 3.639367e+03
5299.2640 2.031324e+03 2.996133e+03
5300.4909 2.396183e+03 3.531781e+03
5301.7179 2.616884e+03 3.854336e+03
5302.9448 2.310845e+03 3.401156e+03
5304.1718 2.886187e+03 4.244930e+03
5305.3987 2.890610e+03 4.248398e+03
5306.6257 2.588494e+03 3.801648e+03
5307.8526 1.915709e+03 2.811531e+03
5309.0796 2.270355e+03 3.329625e+03
5310.3065 2.339638e+03 3.428766e+03
5311.5334 2.720919e+03 3.984664e+03
5312.7604 2.529285e+03 3.701352e+03
5313.9873 2.128261e+03 3.112242e+03
5315.2143 2.263884e+03 3.308172e+03
5316.4412 2.478369e+03 3.618969e+03
5317.6682 2.379101e+03 3.471492e+03
5318.8951 2.598867e+03 3.789406e+03
5320.1221 2.671347e+03 3.892250e+03
5321.3490 2.305739e+03 3.357094e+03
5322.5760 2.596599e+03 3.777812e+03
5323.8029 2.345637e+03 3.410188e+03
5325.0299 2.663914e+03 3.870070e+03
5326.2568 2.205263e+03 3.201398e+03
5327.4838 2.739750e+03 3.974391e+03
5328.7107 2.306324e+03 3.343180e+03
5329.9376 2.319042e+03 3.359133e+03
5331.1646 2.499027e+03 3.617164e+03
5332.3915 2.115801e+03 3.060203e+03
5333.6185 2.322413e+03 3.356547e+03
5334.8454 2.233801e+03 3.226078e+03
5336.0724 2.488256e+03 3.590891e+03
5337.2993 2.469119e+03 3.560617e+03
5338.5263 2.289126e+03 3.298594e+03
5339.7532 2.531512e+03 3.645141e+03
5340.9802 2.643492e+03 3.803531e+03
5342.2071 2.565658e+03 3.688773e+03
5343.4341 2.327790e+03 3.344266e+03
5344.6610 2.658877e+03 3.817055e+03
5345.8880 2.763552e+03 3.964336e+03
5347.1149 2.360048e+03 3.382953e+03
5348.3418 2.475763e+03 3.546141e+03
5349.5688 2.363386e+03 3.382617e+03
5350.7957 2.558341e+03 3.658875e+03
5352.0227 2.373955e+03 3.392594e+03
5353.2496 2.679610e+03 3.826492e+03
5354.4766 2.385295e+03 3.403617e+03
5355.7035 2.330962e+03 3.323555e+03
5356.9305 2.577365e+03 3.672078e+03
5358.1574 2.678459e+03 3.813195e+03
5359.3844 2.581344e+03 3.672125e+03
5360.6113 2.417266e+03 3.436078e+03
5361.8383 2.385697e+03 3.388602e+03
5363.0652 2.602296e+03 3.693414e+03
5364.2922 2.357513e+03 3.343422e+03
5365.5191 2.209516e+03 3.131117e+03
5366.7460 2.553115e+03 3.615242e+03
5367.9730 2.532959e+03 3.583930e+03
5369.1999 2.371108e+03 3.352328e+03
5370.4269 2.439213e+03 3.445945e+03
5371.6538 2.375646e+03 3.353539e+03
5372.8808 2.118073e+03 2.987617e+03
5374.1077 2.290096e+03 3.227750e+03
5375.3347 2.458799e+03 3.462828e+03
5376.5616 2.191203e+03 3.083555e+03
5377.7886 2.289939e+03 3.219984e+03
5379.0155 2.360440e+03 3.316523e+03
5380.2425 2.275908e+03 3.195250e+03
5381.4694 2.106362e+03 2.954898e+03
5382.6963 2.268920e+03 3.180445e+03
5383.9233 2.253525e+03 3.156383e+03
5385.1502 2.105629e+03 2.946914e+03
5386.3772 1.951591e+03 2.729180e+03
5387.6041 2.354095e+03 3.289461e+03
5388.8311 2.328901e+03 3.251688e+03
5390.0580 2.312343e+03 3.226016e+03
5391.2850 2.360135e+03 3.290086e+03
5392.5119 2.460310e+03 3.427016e+03
5393.7389 2.534494e+03 3.527547e+03
5394.9658 2.432256e+03 3.382562e+03
5396.1928 2.273265e+03 3.158938e+03
5397.4197 2.588662e+03 3.594352e+03
5398.6467 2.565269e+03 3.559031e+03
5399.8736 2.578645e+03 3.574734e+03
5401.1005 2.115157e+03 2.929867e+03
5402.3275 2.103839e+03 2.911859e+03
5403.5544 2.541703e+03 3.515078e+03
5404.7814 2.397318e+03 3.312742e+03
5406.0083 2.504898e+03 3.458625e+03
5407.2353 2.385672e+03 3.291359e+03
5408.4622 2.171198e+03 2.993055e+03
5409.6892 2.134327e+03 2.939859e+03
5410.9161 2.256899e+03 3.106188e+03
5412.1431 1.917758e+03 2.637297e+03
5413.3700 2.189982e+03 3.009227e+03
5414.5970 2.709259e+03 3.719750e+03
5415.8239 2.606275e+03 3.575461e+03
5417.0509 2.009783e+03 2.754922e+03
5418.2778 2.138112e+03 2.928453e+03
5419.5047 2.319374e+03 3.174141e+03
5420.7317 1.628795e+03 2.227250e+03
5421.9586 2.486961e+03 3.397961e+03
5423.1856 2.176555e+03 2.971430e+03
5424.4125 1.851588e+03 2.525727e+03
5425.6395 2.237197e+03 3.049242e+03
5426.8664 2.366566e+03 3.222938e+03
5428.0934 2.443936e+03 3.325586e+03
5429.3203 2.555564e+03 3.474641e+03
5430.5473 2.061674e+03 2.800836e+03
5431.7742 2.052325e+03 2.785852e+03
5433.0012 2.194631e+03 2.976578e+03
5434.2281 2.486943e+03 3.370273e+03
5435.4551 1.882807e+03 2.549461e+03
5436.6820 2.044074e+03 2.765555e+03
5437.9089 1.912872e+03 2.585914e+03
5439.1359 2.065448e+03 2.789875e+03
5440.3628 2.224434e+03 3.002148e+03
5441.5898 2.292506e+03 3.091469e+03
5442.8167 2.481826e+03 3.344008e+03
5444.0437 2.278126e+03 3.067008e+03
5445.2706 2.460407e+03 3.309672e+03
5446.4976 2.256271e+03 3.032562e+03
5447.7245 2.414605e+03 3.242688e+03
5448.9515 2.176451e+03 2.920438e+03
5450.1784 2.186490e+03 2.931477e+03
5451.4054 2.349669e+03 3.147641e+03
5452.6323 2.284907e+03 3.058344e+03
5453.8593 2.492917e+03 3.333992e+03
5455.0862 2.250655e+03 3.007492e+03
5456.3131 2.023004e+03 2.701039e+03
5457.5401 2.032731e+03 2.711766e+03
5458.7670 1.993644e+03 2.657406e+03
5459.9940 1.990298e+03 2.650734e+03
5461.2209 2.200453e+03 2.928180e+03
5462.4479 2.029707e+03 2.698711e+03
5463.6748 2.300858e+03 3.056680e+03
5464.9018 2.201903e+03 2.922773e+03
5466.1287 2.419452e+03 3.208859e+03
5467.3557 2.489365e+03 3.298820e+03
5468.5826 2.110148e+03 2.793953e+03
5469.8096 2.071052e+03 2.739891e+03
5471.0365 2.286147e+03 3.021914e+03
5472.2635 2.424260e+03 3.201789e+03
5473.4904 2.219413e+03 2.928781e+03
5474.7173 1.904432e+03 2.511016e+03
5475.9443 2.056554e+03 2.709312e+03
5477.1712 2.164376e+03 2.848961e+03
5478.3982 2.124646e+03 2.794312e+03
5479.6251 1.951575e+03 2.564531e+03
5480.8521 2.034636e+03 2.671430e+03
5482.0790 2.366396e+03 3.104406e+03
5483.3060 2.142022e+03 2.807688e+03
5484.5329 1.796494e+03 2.352797e+03
5485.7599 1.941173e+03 2.540133e+03
5486.9868 2.128754e+03 2.783242e+03
5488.2138 2.174509e+03 2.840664e+03
5489.4407 2.429999e+03 3.171742e+03
5490.6677 2.335960e+03 3.046422e+03
5491.8946 1.806192e+03 2.353539e+03
5493.1215 1.855948e+03 2.416328e+03
5494.3485 2.099858e+03 2.731570e+03
5495.5754 2.101456e+03 2.731336e+03
5496.8024 2.071670e+03 2.690344e+03
5498.0293 2.090996e+03 2.713141e+03
5499.2563 2.162629e+03 2.803711e+03
5500.4832 2.480947e+03 3.213664e+03
5501.7102 2.184940e+03 2.827836e+03
5502.9371 2.070495e+03 2.677445e+03
5504.1641 2.226176e+03 2.876320e+03
5505.3910 2.266319e+03 2.925703e+03
5506.6180 2.359333e+03 3.043195e+03
5507.8449 2.232119e+03 2.876664e+03
5509.0719 2.503957e+03 3.224258e+03
5510.2988 2.320484e+03 2.985469e+03
5511.5257 1.954276e+03 2.512180e+03
5512.7527 2.134695e+03 2.741773e+03
5513.9796 2.231316e+03 2.863438e+03
5515.2066 1.665576e+03 2.135609e+03
5516.4335 2.201324e+03 2.820148e+03
5517.6605 2.006369e+03 2.568203e+03
5518.8874 1.800904e+03 2.303242e+03
5520.1144 1.800780e+03 2.301125e+03
5521.3413 1.908429e+03 2.436609e+03
5522.5683 1.857422e+03 2.369469e+03
5523.7952 2.223220e+03 2.833695e+03
5525.0222 2.196440e+03 2.797180e+03
5526.2491 1.916786e+03 2.438961e+03
5527.4760 2.139322e+03 2.719805e+03
5528.7030 1.860444e+03 2.363242e+03
5529.9299 2.026659e+03 2.572188e+03
5531.1569 1.945227e+03 2.466734e+03
5532.3838 1.597398e+03 2.023930e+03
5533.6108 2.023512e+03 2.561641e+03
5534.8377 1.972543e+03 2.494992e+03
5536.0647 2.284361e+03 2.886938e+03
5537.2916 2.111911e+03 2.666727e+03
5538.5186 2.207271e+03 2.784766e+03
5539.7455 1.942317e+03 2.448406e+03
5540.9725 2.227384e+03 2.805359e+03
5542.1994 2.201282e+03 2.770125e+03
5543.4264 1.974662e+03 2.482828e+03
5544.6533 1.997195e+03 2.509023e+03
5545.8802 2.216552e+03 2.782227e+03
5547.1072 2.175450e+03 2.728312e+03
5548.3341 2.522349e+03 3.160680e+03
5549.5611 2.070986e+03 2.592883e+03
5550.7880 1.900522e+03 2.377438e+03
5552.0150 2.034158e+03 2.542445e+03
5553.2419 2.402012e+03 2.999664e+03
5554.4689 1.829998e+03 2.283383e+03
5555.6958 2.435910e+03 3.036828e+03
5556.9228 2.504508e+03 3.119695e+03
5558.1497 2.213320e+03 2.754641e+03
5559.3767 2.271883e+03 2.825125e+03
5560.6036 2.228628e+03 2.768984e+03
5561.8306 1.898735e+03 2.357102e+03
5563.0575 1.996275e+03 2.476086e+03
5564.2844 2.104917e+03 2.608625e+03
5565.5114 2.343921e+03 2.902359e+03
5566.7383 2.142976e+03 2.651289e+03
5567.9653 2.185412e+03 2.701500e+03
5569.1922 2.018789e+03 2.493414e+03
5570.4192 2.605683e+03 3.215562e+03
5571.6461 1.972151e+03 2.431688e+03
5572.8731 1.696040e+03 2.089469e+03
5574.1000 2.161456e+03 2.660594e+03
5575.3270 2.077328e+03 2.554875e+03
5576.5539 1.972093e+03 2.423398e+03
5577.7809 2.024003e+03 2.485086e+03
5579.0078 2.290135e+03 2.809469e+03
5580.2348 1.820051e+03 2.230898e+03
5581.4617 2.329327e+03 2.852727e+03
5582.6886 1.816658e+03 2.222984e+03
5583.9156 1.888039e+03 2.308383e+03
5585.1425 2.224904e+03 2.717953e+03
5586.3695 1.825471e+03 2.228125e+03
5587.5964 1.954669e+03 2.383812e+03
5588.8234 2.682932e+03 3.269211e+03
5590.0503 1.888839e+03 2.299656e+03
5591.2773 1.843449e+03 2.242508e+03
5592.5042 1.793616e+03 2.180055e+03
5593.7312 1.711256e+03 2.078203e+03
5594.9581 1.666329e+03 2.021945e+03
5596.1851 2.033243e+03 2.465094e+03
5597.4120 1.839516e+03 2.228352e+03
5598.6390 2.062556e+03 2.496445e+03
5599.8659 1.673075e+03 2.023336e+03
5601.0928 1.851092e+03 2.236750e+03
5602.3198 1.999446e+03 2.413992e+03
5603.5467 1.762666e+03 2.126344e+03
5604.7737 1.762758e+03 2.124680e+03
5606.0006 1.706312e+03 2.054930e+03
5607.2276 2.260366e+03 2.719914e+03
5608.4545 1.862731e+03 2.239570e+03
5609.6815 1.662867e+03 1.997609e+03
5610.9084 2.251719e+03 2.702750e+03
5612.1354 1.794869e+03 2.152602e+03
5613.3623 1.961241e+03 2.350180e+03
5614.5893 2.044745e+03 2.448211e+03
5615.8162 1.694954e+03 2.027719e+03
5617.0432 1.671307e+03 1.997773e+03
5618.2701 2.319743e+03 2.770578e+03
5619.4970 1.925518e+03 2.297836e+03
5620.7240 1.540604e+03 1.836977e+03
5621.9509 1.583562e+03 1.886641e+03
5623.1779 1.851302e+03 2.203805e+03
5624.4048 2.327820e+03 2.768773e+03
5625.6318 2.092558e+03 2.486898e+03
5626.8587 1.808161e+03 2.147141e+03
5628.0857 1.829691e+03 2.170922e+03
5629.3126 1.780398e+03 2.110703e+03
5630.5396 1.952031e+03 2.312281e+03
5631.7665 2.223224e+03 2.631367e+03
5632.9935 1.939791e+03 2.294023e+03
5634.2204 1.853325e+03 2.189977e+03
5635.4474 2.043249e+03 2.412430e+03
5636.6743 1.689430e+03 1.993055e+03
5637.9012 1.660803e+03 1.957688e+03
5639.1282 1.770096e+03 2.084820e+03
5640.3551 1.553878e+03 1.828672e+03
5641.5821 1.677907e+03 1.973031e+03
5642.8090 1.630735e+03 1.916008e+03
5644.0360 1.553751e+03 1.824078e+03
5645.2629 1.942739e+03 2.278898e+03
5646.4899 1.757216e+03 2.059609e+03
5647.7168 1.686871e+03 1.975562e+03
5648.9438 1.826516e+03 2.137383e+03
5650.1707 1.812847e+03 2.119680e+03
5651.3977 1.711479e+03 1.999547e+03
5652.6246 1.539904e+03 1.797648e+03
5653.8516 1.644439e+03 1.918141e+03
5655.0785 2.033189e+03 2.369695e+03
5656.3054 2.089980e+03 2.433938e+03
5657.5324 2.287828e+03 2.662219e+03
5658.7593 2.077966e+03 2.416086e+03
5659.9863 1.852340e+03 2.152031e+03
5661.2132 1.723719e+03 2.001008e+03
5662.4402 1.590048e+03 1.844367e+03
5663.6671 1.668524e+03 1.933859e+03
5664.8941 1.872338e+03 2.168367e+03
5666.1210 1.958495e+03 2.266352e+03
5667.3480 1.967765e+03 2.275281e+03
5668.5749 1.713014e+03 1.979156e+03
5669.8019 1.643680e+03 1.897555e+03
5671.0288 1.816475e+03 2.095391e+03
5672.2557 1.703322e+03 1.963320e+03
5673.4827 1.672186e+03 1.925922e+03
5674.7096 1.529966e+03 1.760742e+03
5675.9366 1.581226e+03 1.818312e+03
5677.1635 1.941013e+03 2.230305e+03
5678.3905 1.915288e+03 2.199031e+03
5679.6174 1.961866e+03 2.250758e+03
5680.8444 2.122773e+03 2.433469e+03
5682.0713 1.984998e+03 2.273766e+03
5683.2983 1.718726e+03 1.967234e+03
5684.5252 1.641049e+03 1.876875e+03
5685.7522 1.715462e+03 1.960469e+03
5686.9791 1.833696e+03 2.093977e+03
5688.2061 1.708600e+03 1.949625e+03
5689.4330 1.554578e+03 1.772516e+03
5690.6599 1.549948e+03 1.765883e+03
5691.8869 1.735046e+03 1.975258e+03
5693.1138 1.647688e+03 1.874375e+03
5694.3408 1.584256e+03 1.800844e+03
5695.5677 1.915226e+03 2.175406e+03
5696.7947 1.903058e+03 2.159945e+03
5698.0216 1.620023e+03 1.837312e+03
5699.2486 1.511148e+03 1.712539e+03
5700.4755 1.710213e+03 1.936672e+03
5701.7025 2.264567e+03 2.562500e+03
5702.9294 2.629550e+03 2.973266e+03
5704.1564 2.419171e+03 2.733336e+03
5705.3833 2.124701e+03 2.398828e+03
5706.6103 1.990533e+03 2.245672e+03
5707.8372 2.030664e+03 2.289238e+03
5709.0641 1.958984e+03 2.206789e+03
5710.2911 1.943488e+03 2.187707e+03
5711.5180 1.986831e+03 2.234840e+03
5712.7450 2.034807e+03 2.287113e+03
5713.9719 1.910705e+03 2.146039e+03
5715.1989 1.789622e+03 2.008562e+03
5716.4258 1.603697e+03 1.798570e+03
5717.6528 1.736879e+03 1.946508e+03
5718.8797 2.050085e+03 2.295836e+03
5720.1067 1.984219e+03 2.220453e+03
5721.3336 1.837958e+03 2.055281e+03
5722.5606 1.930022e+03 2.156664e+03
5723.7875 1.984967e+03 2.216453e+03
5725.0145 2.297765e+03 2.563875e+03
5726.2414 2.106691e+03 2.348977e+03
5727.4683 1.699937e+03 1.894078e+03
5728.6953 1.895185e+03 2.110109e+03
5729.9222 1.994140e+03 2.218695e+03
5731.1492 1.771059e+03 1.969086e+03
5732.3761 1.691189e+03 1.878945e+03
5733.6031 1.860699e+03 2.065805e+03
5734.8300 1.716557e+03 1.904422e+03
5736.0570 1.425908e+03 1.580844e+03
5737.2839 1.711222e+03 1.895820e+03
5738.5109 1.742757e+03 1.929398e+03
5739.7378 1.319298e+03 1.459562e+03
5740.9648 1.393363e+03 1.540422e+03
5742.1917 1.681508e+03 1.857680e+03
5743.4187 1.754125e+03 1.936555e+03
5744.6456 1.788097e+03 1.972688e+03
5745.8725 1.862029e+03 2.052828e+03
5747.0995 2.091720e+03 2.304461e+03
5748.3264 2.057498e+03 2.265195e+03
5749.5534 2.015579e+03 2.217520e+03
5750.7803 1.663965e+03 1.829422e+03
5752.0073 1.791437e+03 1.968223e+03
5753.2342 1.839894e+03 2.020082e+03
5754.4612 1.812582e+03 1.988742e+03
5755.6881 1.563489e+03 1.714277e+03
5756.9151 2.018180e+03 2.211324e+03
5758.1420 1.719521e+03 1.882812e+03
5759.3690 1.557206e+03 1.703938e+03
5760.5959 1.897288e+03 2.074672e+03
5761.8229 1.966454e+03 2.148867e+03
5763.0498 1.736245e+03 1.896039e+03
5764.2767 1.790439e+03 1.953922e+03
5765.5037 1.909177e+03 2.082121e+03
5766.7306 1.936754e+03 2.110801e+03
5767.9576 1.879652e+03 2.047219e+03
5769.1845 1.602354e+03 1.744055e+03
5770.4115 1.478745e+03 1.608461e+03
5771.6384 1.832135e+03 1.991551e+03
5772.8654 1.581250e+03 1.717719e+03
5774.0923 1.657965e+03 1.799887e+03
5775.3193 1.814870e+03 1.968949e+03
5776.5462 1.675992e+03 1.817109e+03
5777.7732 1.695996e+03 1.837617e+03
5779.0001 1.922472e+03 2.081672e+03
5780.2271 2.090375e+03 2.262035e+03
5781.4540 1.882181e+03 2.035449e+03
5782.6809 1.706240e+03 1.844012e+03
5783.9079 1.821272e+03 1.967090e+03
5785.1348 1.949724e+03 2.104500e+03
5786.3618 2.113624e+03 2.279980e+03
5787.5887 1.686018e+03 1.817582e+03
5788.8157 1.859967e+03 2.003855e+03
5790.0426 2.070778e+03 2.229590e+03
5791.2696 1.894765e+03 2.038816e+03
5792.4965 1.717022e+03 1.846422e+03
5793.7235 1.931636e+03 2.075934e+03
5794.9504 2.140551e+03 2.299047e+03
5796.1774 1.896253e+03 2.035418e+03
5797.4043 1.749208e+03 1.876441e+03
5798.6313 1.765050e+03 1.892289e+03
5799.8582 1.861310e+03 1.994285e+03
5801.0851 1.475258e+03 1.579703e+03
5802.3121 1.743808e+03 1.866148e+03
5803.5390 2.006163e+03 2.145629e+03
5804.7660 1.846429e+03 1.973617e+03
5805.9929 1.837839e+03 1.963273e+03
5807.2199 1.967316e+03 2.100348e+03
5808.4468 1.752499e+03 1.869906e+03
5809.6738 1.701450e+03 1.814375e+03
5810.9007 1.878986e+03 2.002527e+03
5812.1277 1.795228e+03 1.912152e+03
5813.3546 1.898550e+03 2.021035e+03
5814.5816 1.704078e+03 1.812973e+03
5815.8085 1.835018e+03 1.951160e+03
5817.0354 2.005878e+03 2.131617e+03
5818.2624 1.579369e+03 1.677418e+03
5819.4893 1.481868e+03 1.572973e+03
5820.7163 1.807117e+03 1.917137e+03
5821.9432 2.090427e+03 2.216449e+03
5823.1702 2.119394e+03 2.245906e+03
5824.3971 2.068743e+03 2.191012e+03
5825.6241 1.687198e+03 1.785926e+03
5826.8510 1.561453e+03 1.651910e+03
5828.0780 1.713186e+03 1.811438e+03
5829.3049 1.885880e+03 1.992945e+03
5830.5319 1.776902e+03 1.876758e+03
5831.7588 1.837757e+03 1.939980e+03
5832.9858 1.635672e+03 1.725723e+03
5834.2127 1.940401e+03 2.046129e+03
5835.4396 2.583683e+03 2.723004e+03
5836.6666 2.617555e+03 2.757234e+03
5837.8935 2.208692e+03 2.325320e+03
5839.1205 2.225486e+03 2.341766e+03
5840.3474 1.987566e+03 2.090316e+03
5841.5744 1.923456e+03 2.021836e+03
5842.8013 2.129336e+03 2.237082e+03
5844.0283 2.103948e+03 2.209266e+03
5845.2552 2.086385e+03 2.189695e+03
5846.4822 1.914544e+03 2.008316e+03
5847.7091 2.143966e+03 2.247828e+03
5848.9361 2.078419e+03 2.178000e+03
5850.1630 1.891504e+03 1.981129e+03
5851.3900 1.750243e+03 1.832254e+03
5852.6169 1.702119e+03 1.780984e+03
5853.8438 1.909193e+03 1.996660e+03
5855.0708 1.858470e+03 1.942652e+03
5856.2977 1.888821e+03 1.973406e+03
5857.5247 1.940955e+03 2.026883e+03
5858.7516 1.980744e+03 2.067426e+03
5859.9786 2.056495e+03 2.145453e+03
5861.2055 2.380107e+03 2.481867e+03
5862.4325 2.219099e+03 2.312867e+03
5863.6594 1.965352e+03 2.047422e+03
5864.8864 1.764884e+03 1.837711e+03
5866.1133 2.065362e+03 2.149574e+03
5867.3403 2.077794e+03 2.161500e+03
5868.5672 1.911367e+03 1.987441e+03
5869.7942 1.978120e+03 2.055898e+03
5871.0211 2.070837e+03 2.151270e+03
5872.2480 2.097082e+03 2.177535e+03
5873.4750 1.569799e+03 1.629281e+03
5874.7019 1.535572e+03 1.593035e+03
5875.9289 1.894106e+03 1.964102e+03
5877.1558 1.712012e+03 1.774484e+03
5878.3828 1.577549e+03 1.634387e+03
5879.6097 2.012088e+03 2.083660e+03
5880.8367 2.180141e+03 2.256699e+03
5882.0636 2.128201e+03 2.201973e+03
5883.2906 1.820996e+03 1.883301e+03
5884.5175 1.622670e+03 1.677465e+03
5885.7445 1.748085e+03 1.806340e+03
5886.9714 1.631898e+03 1.685562e+03
5888.1984 1.553677e+03 1.604090e+03
5889.4253 1.403984e+03 1.448930e+03
5890.6522 1.311983e+03 1.353418e+03
5891.8792 1.566927e+03 1.615742e+03
5893.1061 1.737546e+03 1.790938e+03
5894.3331 1.720902e+03 1.773055e+03
5895.5600 1.839198e+03 1.894164e+03
5896.7870 1.794743e+03 1.847633e+03
5898.0139 1.717912e+03 1.767828e+03
5899.2409 1.353300e+03 1.392066e+03
5900.4678 1.067064e+03 1.097195e+03
5901.6948 1.472929e+03 1.513926e+03
5902.9217 1.760594e+03 1.808891e+03
5904.1487 1.636643e+03 1.680887e+03
5905.3756 1.565555e+03 1.607258e+03
5906.6026 1.719991e+03 1.765133e+03
5907.8295 1.503581e+03 1.542457e+03
5909.0564 1.293707e+03 1.326656e+03
5910.2834 1.612213e+03 1.652656e+03
5911.5103 1.773522e+03 1.817336e+03
5912.7373 1.781620e+03 1.824961e+03
5913.9642 1.625816e+03 1.664758e+03
5915.1912 1.416855e+03 1.450266e+03
5916.4181 1.648375e+03 1.686637e+03
5917.6451 1.740632e+03 1.780398e+03
5918.8720 1.619120e+03 1.655523e+03
5920.0990 1.452751e+03 1.484891e+03
5921.3259 1.497242e+03 1.529832e+03
5922.5529 1.769179e+03 1.807062e+03
5923.7798 1.503888e+03 1.535562e+03
5925.0068 1.234629e+03 1.260203e+03
5926.2337 1.378595e+03 1.406676e+03
5927.4606 1.391442e+03 1.419309e+03
5928.6876 1.377424e+03 1.404543e+03
5929.9145 1.484325e+03 1.513051e+03
5931.1415 1.572414e+03 1.602320e+03
5932.3684 1.692209e+03 1.723836e+03
5933.5954 1.820493e+03 1.853922e+03
5934.8223 1.610634e+03 1.639688e+03
5936.0493 2.045313e+03 2.081551e+03
5937.2762 2.065753e+03 2.101695e+03
5938.5032 1.873021e+03 1.905020e+03
5939.7301 1.595275e+03 1.622031e+03
5940.9571 1.701304e+03 1.729312e+03
5942.1840 1.522226e+03 1.546820e+03
5943.4110 1.552582e+03 1.577195e+03
5944.6379 1.889238e+03 1.918621e+03
5945.8648 1.912815e+03 1.941996e+03
5947.0918 1.772489e+03 1.799008e+03
5948.3187 1.430518e+03 1.451504e+03
5949.5457 1.242833e+03 1.260707e+03
5950.7726 1.409460e+03 1.429328e+03
5951.9996 1.628824e+03 1.651324e+03
5953.2265 1.485196e+03 1.505297e+03
5954.4535 1.864963e+03 1.889688e+03
5955.6804 2.042825e+03 2.069348e+03
5956.9074 1.584154e+03 1.604293e+03
5958.1343 1.250793e+03 1.266359e+03
5959.3613 1.443002e+03 1.460578e+03
5960.5882 1.525131e+03 1.543309e+03
5961.8151 1.697999e+03 1.717797e+03
5963.0421 1.655230e+03 1.674105e+03
5964.2690 1.821402e+03 1.841711e+03
5965.4960 1.909545e+03 1.930359e+03
5966.7229 1.666825e+03 1.684582e+03
5967.9499 1.611913e+03 1.628691e+03
5969.1768 1.392780e+03 1.406941e+03
5970.4038 1.515527e+03 1.530574e+03
5971.6307 1.701081e+03 1.717570e+03
5972.8577 1.490608e+03 1.504711e+03
5974.0846 1.448352e+03 1.461723e+03
5975.3116 1.624791e+03 1.639422e+03
5976.5385 1.560032e+03 1.573730e+03
5977.7655 1.558472e+03 1.571812e+03
5978.9924 1.398320e+03 1.409984e+03
5980.2193 1.441175e+03 1.452887e+03
5981.4463 1.350344e+03 1.361031e+03
5982.6732 1.541893e+03 1.553773e+03
5983.9002 1.304511e+03 1.314293e+03
5985.1271 1.772060e+03 1.784988e+03
5986.3541 1.631398e+03 1.642973e+03
5987.5810 1.975484e+03 1.989109e+03
5988.8080 1.393593e+03 1.402934e+03
5990.0349 1.699001e+03 1.710062e+03
5991.2619 1.805373e+03 1.816785e+03
5992.4888 5.500978e+02 5.534727e+02
5993.7158 1.355852e+03 1.363922e+03
5994.9427 1.438996e+03 1.447301e+03
5996.1697 1.359011e+03 1.366613e+03
5997.3966 1.501038e+03 1.509172e+03
5998.6235 1.720076e+03 1.729102e+03
5999.8505 1.355247e+03 1.362129e+03
6001.0774 1.737349e+03 1.745883e+03
6002.3044 1.643248e+03 1.651051e+03
6003.5313 1.458978e+03 1.465672e+03
6004.7583 1.463205e+03 1.469688e+03
6005.9852 1.509806e+03 1.516262e+03
6007.2122 1.367552e+03 1.373191e+03
6008.4391 1.327283e+03 1.332559e+03
6009.6661 1.421316e+03 1.426758e+03
6010.8930 1.320766e+03 1.325633e+03
6012.1200 1.447561e+03 1.452691e+03
6013.3469 1.363605e+03 1.368250e+03
6014.5739 1.585547e+03 1.590734e+03
6015.8008 1.547696e+03 1.552555e+03
6017.0277 1.545095e+03 1.549746e+03
6018.2547 1.216302e+03 1.219809e+03
6019.4816 1.484353e+03 1.488449e+03
6020.7086 1.355700e+03 1.359277e+03
6021.9355 1.405867e+03 1.409410e+03
6023.1625 1.338516e+03 1.341734e+03
6024.3894 1.111963e+03 1.114512e+03
6025.6164 1.607469e+03 1.610977e+03
6026.8433 1.622267e+03 1.625633e+03
6028.0703 1.166428e+03 1.168727e+03
6029.2972 1.289496e+03 1.291906e+03
6030.5242 1.248232e+03 1.250441e+03
6031.7511 1.525610e+03 1.528164e+03
6032.9781 1.099992e+03 1.101730e+03
6034.2050 1.540997e+03 1.543293e+03
6035.4319 1.607118e+03 1.609371e+03
6036.6589 1.656502e+03 1.658684e+03
6037.8858 1.495505e+03 1.497352e+03
6039.1128 1.460247e+03 1.461934e+03
6040.3397 1.074689e+03 1.075848e+03
6041.5667 1.206571e+03 1.207781e+03
6042.7936 1.230443e+03 1.231590e+03
6044.0206 1.161650e+03 1.162652e+03
6045.2475 1.173908e+03 1.174844e+03
6046.4745 1.339772e+03 1.340754e+03
6047.7014 1.513276e+03 1.514293e+03
6048.9284 1.433624e+03 1.434504e+03
6050.1553 1.405539e+03 1.406324e+03
6051.3823 7.873205e+02 7.877188e+02
6052.6092 1.122137e+03 1.122648e+03
6053.8361 1.001111e+03 1.001520e+03
6055.0631 1.328006e+03 1.328488e+03
6056.2900 1.187724e+03 1.188105e+03
6057.5170 1.230205e+03 1.230551e+03
6058.7439 1.576736e+03 1.577121e+03
6059.9709 1.249366e+03 1.249629e+03
6061.1978 1.280502e+03 1.280730e+03
6062.4248 1.612689e+03 1.612930e+03
6063.6517 1.105677e+03 1.105812e+03
6064.8787 1.156475e+03 1.156590e+03
6066.1056 1.385916e+03 1.386023e+03
6067.3326 1.211198e+03 1.211270e+03
6068.5595 1.196136e+03 1.196188e+03
6069.7865 1.279338e+03 1.279375e+03
6071.0134 1.206790e+03 1.206812e+03
6072.2403 1.459853e+03 1.459867e+03
6073.4673 1.137234e+03 1.137238e+03
6074.6942 1.109058e+03 1.109059e+03
6075.9212 1.324445e+03 1.324445e+03
6077.1481 1.340337e+03 1.340340e+03
6078.3751 1.819075e+03 1.819086e+03
6079.6020 1.915526e+03 1.915551e+03
6080.8290 1.609163e+03 1.609199e+03
6082.0559 1.286163e+03 1.286207e+03
6083.2829 1.033540e+03 1.033590e+03
6084.5098 1.114771e+03 1.114844e+03
6085.7368 1.270279e+03 1.270387e+03
6086.9637 1.425766e+03 1.425918e+03
6088.1907 1.696934e+03 1.697156e+03
6089.4176 1.520842e+03 1.521082e+03
6090.6445 1.143704e+03 1.143918e+03
6091.8715 1.239307e+03 1.239578e+03
6093.0984 1.362144e+03 1.362488e+03
6094.3254 1.468645e+03 1.469070e+03
6095.5523 1.732626e+03 1.733195e+03
6096.7793 1.611193e+03 1.611789e+03
6098.0062 1.418452e+03 1.419039e+03
6099.2332 1.501684e+03 1.502375e+03
6100.4601 1.486978e+03 1.487734e+03
6101.6871 1.233493e+03 1.234184e+03
6102.9140 1.085694e+03 1.086359e+03
6104.1410 1.298826e+03 1.299695e+03
6105.3679 1.343488e+03 1.344465e+03
6106.5948 1.360608e+03 1.361680e+03
6107.8218 1.369983e+03 1.371148e+03
6109.0487 1.322464e+03 1.323676e+03
6110.2757 1.361844e+03 1.363184e+03
6111.5026 1.306018e+03 1.307395e+03
6112.7296 1.327291e+03 1.328785e+03
6113.9565 1.464640e+03 1.466398e+03
6115.1835 1.741845e+03 1.744070e+03
6116.4104 1.349564e+03 1.351395e+03
6117.6374 1.271238e+03 1.273066e+03
6118.8643 1.524399e+03 1.526719e+03
6120.0913 1.390389e+03 1.392625e+03
6121.3182 1.463498e+03 1.465980e+03
6122.5452 1.174663e+03 1.176762e+03
6123.7721 1.033787e+03 1.035730e+03
6124.9990 1.412999e+03 1.415789e+03
6126.2260 1.511236e+03 1.514367e+03
6127.4529 1.502475e+03 1.505738e+03
6128.6799 1.484917e+03 1.488293e+03
6129.9068 1.670068e+03 1.674039e+03
6131.1338 1.460061e+03 1.463688e+03
6132.3607 1.495896e+03 1.499773e+03
6133.5877 1.644365e+03 1.648809e+03
6134.8146 1.628494e+03 1.633078e+03
6136.0416 1.631326e+03 1.636105e+03
6137.2685 1.350829e+03 1.354945e+03
6138.4955 1.604872e+03 1.609953e+03
6139.7224 1.139200e+03 1.142945e+03
6140.9494 1.435833e+03 1.440730e+03
6142.1763 1.515387e+03 1.520746e+03
6143.4032 1.440713e+03 1.445992e+03
6144.6302 1.307543e+03 1.312504e+03
6145.8571 1.503632e+03 1.509535e+03
6147.0841 1.163958e+03 1.168684e+03
6148.3110 1.578984e+03 1.585609e+03
6149.5380 1.215588e+03 1.220855e+03
6150.7649 1.229857e+03 1.235359e+03
6151.9919 1.203795e+03 1.209352e+03
6153.2188 1.212568e+03 1.218340e+03
6154.4458 1.572737e+03 1.580453e+03
6155.6727 1.153148e+03 1.158977e+03
6156.8997 1.343181e+03 1.350172e+03
6158.1266 1.307896e+03 1.314902e+03
6159.3536 1.573698e+03 1.582371e+03
6160.5805 1.666610e+03 1.676055e+03
6161.8074 1.433016e+03 1.441363e+03
6163.0344 1.224088e+03 1.231414e+03
6164.2613 1.349540e+03 1.357836e+03
6165.4883 1.774554e+03 1.785754e+03
6166.7152 1.004847e+03 1.011355e+03
6167.9422 1.307181e+03 1.315867e+03
6169.1691 1.113510e+03 1.121098e+03
6170.3961 1.349110e+03 1.358535e+03
6171.6230 1.439432e+03 1.449738e+03
6172.8500 1.725050e+03 1.737703e+03
6174.0769 1.594650e+03 1.606629e+03
6175.3039 1.603003e+03 1.615332e+03
6176.5308 1.361331e+03 1.372047e+03
6177.7578 1.539622e+03 1.552023e+03
6178.9847 1.482307e+03 1.494520e+03
6180.2116 1.433322e+03 1.445398e+03
6181.4386 1.239689e+03 1.250367e+03
6182.6655 1.100480e+03 1.110168e+03
6183.8925 1.555272e+03 1.569262e+03
6185.1194 1.749871e+03 1.765949e+03
6186.3464 1.405479e+03 1.418668e+03
6187.5733 1.141969e+03 1.152910e+03
6188.8003 1.215682e+03 1.227570e+03
6190.0272 1.426576e+03 1.440812e+03
6191.2542 1.516772e+03 1.532215e+03
6192.4811 1.459564e+03 1.474723e+03
6193.7081 1.520154e+03 1.536254e+03
6194.9350 1.379808e+03 1.394707e+03
6196.1620 1.349954e+03 1.364812e+03
6197.3889 1.167258e+03 1.180352e+03
6198.6158 1.515275e+03 1.532594e+03
6199.8428 1.512333e+03 1.529941e+03
6201.0697 1.509406e+03 1.527305e+03
6202.2967 1.506473e+03 1.524664e+03
6203.5236 1.503536e+03 1.522020e+03
6204.7506 1.500593e+03 1.519371e+03
6205.9775 1.497653e+03 1.516727e+03
6207.2045 1.494713e+03 1.514082e+03
6208.4314 1.491775e+03 1.511441e+03
6209.6584 1.488828e+03 1.508793e+03
6210.8853 1.485889e+03 1.506152e+03
6212.1123 1.482944e+03 1.503508e+03
6213.3392 1.479995e+03 1.500859e+03
6214.5662 1.477049e+03 1.498215e+03
6215.7931 1.474098e+03 1.495566e+03
6217.0200 1.471150e+03 1.492922e+03
6218.2470 1.468210e+03 1.490285e+03
6219.4739 1.465249e+03 1.487629e+03
6220.7009 1.462303e+03 1.484988e+03
6221.9278 1.459352e+03 1.482344e+03
6223.1548 1.456394e+03 1.479691e+03
6224.3817 1.453442e+03 1.477047e+03
6225.6087 1.450486e+03 1.474398e+03
6226.8356 1.447537e+03 1.471758e+03
6228.0626 1.444576e+03 1.469105e+03
6229.2895 1.441623e+03 1.466461e+03
6230.5165 1.438669e+03 1.463816e+03
6231.7434 1.435703e+03 1.461160e+03
6232.9704 1.432752e+03 1.458520e+03
6234.1973 1.429793e+03 1.455871e+03
6235.4242 1.426837e+03 1.453227e+03
6236.6512 1.423878e+03 1.450578e+03
6237.8781 1.420918e+03 1.447930e+03
6239.1051 1.417958e+03 1.445281e+03
6240.3320 1.415001e+03 1.442637e+03
6241.5590 1.412041e+03 1.439988e+03
6242.7859 1.409080e+03 1.437340e+03
6244.0129 1.406127e+03 1.434699e+03
6245.2398 1.403171e+03 1.432055e+03
6246.4668 1.400206e+03 1.429402e+03
6247.6937 1.397234e+03 1.426742e+03
6248.9207 1.394288e+03 1.424109e+03
6250.1476 1.391316e+03 1.421449e+03
6251.3745 1.388351e+03 1.418797e+03
6252.6015 1.385398e+03 1.416156e+03
6253.8284 1.382445e+03 1.413516e+03
6255.0554 1.379477e+03 1.410859e+03
6256.2823 1.376513e+03 1.408207e+03
6257.5093 1.373553e+03 1.405559e+03
6258.7362 1.370597e+03 1.402914e+03
6259.9632 1.367642e+03 1.400270e+03
6261.1901 1.364675e+03 1.397613e+03
6262.4171 1.361720e+03 1.394969e+03
6263.6440 1.358761e+03 1.392320e+03
6264.8710 1.355784e+03 1.389652e+03
6266.0979 1.352837e+03 1.387016e+03
6267.3249 1.350067e+03 1.384559e+03
6268.5518 1.380912e+03 1.416586e+03
6269.7787 1.642044e+03 1.684934e+03
6271.0057 1.865115e+03 1.914367e+03
6272.2326 1.632708e+03 1.676293e+03
6273.4596 1.422370e+03 1.460750e+03
6274.6865 1.322304e+03 1.358367e+03
6275.9135 1.449755e+03 1.489715e+03
6277.1404 1.313457e+03 1.350043e+03
6278.3674 1.303179e+03 1.339859e+03
6279.5943 1.426118e+03 1.466676e+03
6280.8213 1.364550e+03 1.403758e+03
6282.0482 1.455732e+03 1.497988e+03
6283.2752 1.394830e+03 1.435730e+03
6284.5021 1.597337e+03 1.644648e+03
6285.7291 1.563334e+03 1.610102e+03
6286.9560 1.507683e+03 1.553234e+03
6288.1829 1.485569e+03 1.530895e+03
6289.4099 1.650269e+03 1.701113e+03
6290.6368 1.762764e+03 1.817602e+03
6291.8638 1.699329e+03 1.752703e+03
6293.0907 1.607519e+03 1.658492e+03
6294.3177 1.522665e+03 1.571406e+03
6295.5446 1.679451e+03 1.733719e+03
6296.7716 1.657454e+03 1.711512e+03
6297.9985 1.480809e+03 1.529555e+03
6299.2255 1.596553e+03 1.649594e+03
6300.4524 1.691940e+03 1.748664e+03
6301.6794 1.700078e+03 1.757594e+03
6302.9063 1.572527e+03 1.626207e+03
6304.1333 1.690570e+03 1.748797e+03
6305.3602 1.678182e+03 1.736496e+03
6306.5871 1.624672e+03 1.681625e+03
6307.8141 1.434492e+03 1.485219e+03
6309.0410 1.573774e+03 1.629910e+03
6310.2680 1.507909e+03 1.562160e+03
6311.4949 1.270703e+03 1.316812e+03
6312.7219 1.758461e+03 1.822812e+03
6313.9488 1.442868e+03 1.496117e+03
6315.1758 1.285071e+03 1.332895e+03
6316.4027 1.340973e+03 1.391293e+03
6317.6297 1.464034e+03 1.519426e+03
6318.8566 1.503307e+03 1.560652e+03
6320.0836 1.453636e+03 1.509539e+03
6321.3105 1.570869e+03 1.631770e+03
6322.5375 1.445543e+03 1.502035e+03
6323.7644 1.492575e+03 1.551371e+03
6324.9913 1.787666e+03 1.858645e+03
6326.2183 1.706470e+03 1.774758e+03
6327.4452 1.783156e+03 1.855070e+03
6328.6722 1.517448e+03 1.579121e+03
6329.8991 1.648170e+03 1.715672e+03
6331.1261 1.765825e+03 1.838699e+03
6332.3530 1.401679e+03 1.459965e+03
6333.5800 1.733216e+03 1.805832e+03
6334.8069 1.760321e+03 1.834625e+03
6336.0339 1.445166e+03 1.506621e+03
6337.2608 1.714061e+03 1.787488e+03
6338.4878 1.455294e+03 1.518094e+03
6339.7147 1.748131e+03 1.824117e+03
6340.9417 1.676061e+03 1.749441e+03
6342.1686 1.603930e+03 1.674656e+03
6343.3955 1.663267e+03 1.737133e+03
6344.6225 1.620687e+03 1.693172e+03
6345.8494 1.453366e+03 1.518824e+03
6347.0764 1.317572e+03 1.377328e+03
6348.3033 1.590333e+03 1.662961e+03
6349.5303 1.422511e+03 1.487922e+03
6350.7572 1.317978e+03 1.378996e+03
6351.9842 1.389723e+03 1.454500e+03
6353.2111 1.767202e+03 1.850129e+03
6354.4381 1.471308e+03 1.540812e+03
6355.6650 1.405477e+03 1.472312e+03
6356.8920 1.545139e+03 1.619102e+03
6358.1189 1.568703e+03 1.644285e+03
6359.3459 1.562749e+03 1.638535e+03
6360.5728 1.493711e+03 1.566617e+03
6361.7997 1.451388e+03 1.522684e+03
6363.0267 1.397839e+03 1.466941e+03
6364.2536 1.737898e+03 1.824355e+03
6365.4806 1.639525e+03 1.721602e+03
6366.7075 1.659659e+03 1.743262e+03
6367.9345 1.674331e+03 1.759195e+03
6369.1614 1.452266e+03 1.526328e+03
6370.3884 1.407798e+03 1.480031e+03
6371.6153 1.323838e+03 1.392176e+03
6372.8423 1.381056e+03 1.452777e+03
6374.0692 1.489854e+03 1.567688e+03
6375.2962 1.299367e+03 1.367652e+03
6376.5231 1.086691e+03 1.144137e+03
6377.7501 1.348729e+03 1.420445e+03
6378.9770 1.582612e+03 1.667254e+03
6380.2039 1.609086e+03 1.695641e+03
6381.4309 1.643464e+03 1.732375e+03
6382.6578 1.815704e+03 1.914492e+03
6383.8848 1.817911e+03 1.917379e+03
6385.1117 1.510742e+03 1.593867e+03
6386.3387 1.327588e+03 1.401043e+03
6387.5656 1.663386e+03 1.755930e+03
6388.7926 1.571731e+03 1.659656e+03
6390.0195 1.631891e+03 1.723680e+03
6391.2465 1.401457e+03 1.480711e+03
6392.4734 1.677921e+03 1.773320e+03
6393.7004 1.460485e+03 1.543965e+03
6394.9273 1.412624e+03 1.493797e+03
6396.1542 1.369770e+03 1.448895e+03
6397.3812 1.511982e+03 1.599777e+03
6398.6081 1.251972e+03 1.325047e+03
6399.8351 1.800898e+03 1.906555e+03
6401.0620 1.956075e+03 2.071422e+03
6402.2890 1.831317e+03 1.939855e+03
6403.5159 1.777422e+03 1.883297e+03
6404.7429 1.724457e+03 1.827691e+03
6405.9698 1.777794e+03 1.884750e+03
6407.1968 1.172540e+03 1.243430e+03
6408.4237 1.427091e+03 1.513793e+03
6409.6507 1.495192e+03 1.586473e+03
6410.8776 1.670487e+03 1.772961e+03
6412.1046 1.592554e+03 1.690715e+03
6413.3315 1.437145e+03 1.526148e+03
6414.5584 1.677798e+03 1.782195e+03
6415.7854 1.532039e+03 1.627812e+03
6417.0123 1.571708e+03 1.670418e+03
6418.2393 1.634682e+03 1.737820e+03
6419.4662 1.845217e+03 1.962172e+03
6420.6932 1.896036e+03 2.016758e+03
6421.9201 1.694925e+03 1.803328e+03
6423.1471 1.513120e+03 1.610328e+03
6424.3740 1.454630e+03 1.548496e+03
6425.6010 1.552422e+03 1.653039e+03
6426.8279 1.608396e+03 1.713098e+03
6428.0549 1.600949e+03 1.705617e+03
6429.2818 1.371952e+03 1.462035e+03
6430.5088 1.374541e+03 1.465180e+03
6431.7357 1.534948e+03 1.636594e+03
6432.9626 1.536899e+03 1.639102e+03
6434.1896 1.517022e+03 1.618324e+03
6435.4165 1.889187e+03 2.015863e+03
6436.6435 2.027583e+03 2.164098e+03
6437.8704 1.659017e+03 1.771172e+03
6439.0974 1.488738e+03 1.589789e+03
6440.3243 1.710293e+03 1.826848e+03
6441.5513 1.787785e+03 1.910105e+03
6442.7782 2.023384e+03 2.162371e+03
6444.0052 1.712190e+03 1.830262e+03
6445.2321 1.437468e+03 1.536980e+03
6446.4591 1.510268e+03 1.615223e+03
6447.6860 1.532353e+03 1.639250e+03
6448.9130 1.817062e+03 1.944301e+03
6450.1399 1.634615e+03 1.749508e+03
6451.3668 1.851250e+03 1.981855e+03
6452.5938 1.520442e+03 1.628105e+03
6453.8207 1.519428e+03 1.627414e+03
6455.0477 1.746626e+03 1.871211e+03
6456.2746 1.874477e+03 2.008664e+03
6457.5016 1.908160e+03 2.045246e+03
6458.7285 1.391366e+03 1.491680e+03
6459.9555 1.741316e+03 1.867301e+03
6461.1824 1.567307e+03 1.681098e+03
6462.4094 1.200751e+03 1.288230e+03
6463.6363 1.859640e+03 1.995586e+03
6464.8633 1.350439e+03 1.449496e+03
6466.0902 1.627037e+03 1.746785e+03
6467.3172 1.326502e+03 1.424457e+03
6468.5441 1.545605e+03 1.660117e+03
6469.7710 1.539634e+03 1.654078e+03
6470.9980 1.642156e+03 1.764617e+03
6472.2249 1.324165e+03 1.423230e+03
6473.4519 1.332500e+03 1.432508e+03
6474.6788 1.587472e+03 1.706992e+03
6475.9058 1.226584e+03 1.319223e+03
6477.1327 1.427635e+03 1.535793e+03
6478.3597 1.570489e+03 1.689836e+03
6479.5866 1.424162e+03 1.532719e+03
6480.8136 1.341291e+03 1.443840e+03
6482.0405 1.490387e+03 1.604676e+03
6483.2675 1.699870e+03 1.830609e+03
6484.4944 1.602385e+03 1.725988e+03
6485.7214 1.487260e+03 1.602316e+03
6486.9483 1.633312e+03 1.760031e+03
6488.1752 1.685847e+03 1.817016e+03
6489.4022 1.543748e+03 1.664199e+03
6490.6291 1.306961e+03 1.409223e+03
6491.8561 1.451704e+03 1.565605e+03
6493.0830 1.424892e+03 1.536996e+03
6494.3100 1.506060e+03 1.624871e+03
6495.5369 1.727545e+03 1.864195e+03
6496.7639 1.834156e+03 1.979625e+03
6497.9908 1.638934e+03 1.769262e+03
6499.2178 1.603693e+03 1.731551e+03
6500.4447 1.410711e+03 1.523473e+03
6501.6717 1.375292e+03 1.485504e+03
6502.8986 1.713123e+03 1.850754e+03
6504.1256 1.637774e+03 1.769680e+03
6505.3525 1.423101e+03 1.538000e+03
6506.5794 1.609969e+03 1.740273e+03
6507.8064 1.347109e+03 1.456402e+03
6509.0333 1.389599e+03 1.502609e+03
6510.2603 1.668156e+03 1.804141e+03
6511.4872 1.958031e+03 2.118020e+03
6512.7142 1.802255e+03 1.949855e+03
6513.9411 1.564280e+03 1.692684e+03
6515.1681 1.915194e+03 2.072758e+03
6516.3950 1.768858e+03 1.914707e+03
6517.6220 1.581827e+03 1.712543e+03
6518.8489 1.686282e+03 1.825934e+03
6520.0759 1.802200e+03 1.951773e+03
6521.3028 1.787333e+03 1.935988e+03
6522.5298 1.832642e+03 1.985387e+03
6523.7567 1.551425e+03 1.681000e+03
6524.9836 1.728486e+03 1.873145e+03
6526.2106 1.634925e+03 1.772031e+03
6527.4375 1.718524e+03 1.862930e+03
6528.6645 1.600208e+03 1.734938e+03
6529.8914 1.378003e+03 1.494250e+03
6531.1184 1.523537e+03 1.652309e+03
6532.3453 1.670035e+03 1.811457e+03
6533.5723 1.402499e+03 1.521488e+03
6534.7992 1.680487e+03 1.823324e+03
6536.0262 1.703670e+03 1.848742e+03
6537.2531 1.674175e+03 1.816992e+03
6538.4801 1.646768e+03 1.787496e+03
6539.7070 1.630176e+03 1.769730e+03
6540.9339 1.626331e+03 1.765797e+03
6542.1609 1.659773e+03 1.802348e+03
6543.3878 1.514326e+03 1.644625e+03
6544.6148 1.613634e+03 1.752707e+03
6545.8417 1.615806e+03 1.755293e+03
6547.0687 1.596714e+03 1.734773e+03
6548.2956 1.493487e+03 1.622824e+03
6549.5226 1.235790e+03 1.342977e+03
6550.7495 1.270803e+03 1.381195e+03
6551.9765 1.435597e+03 1.560492e+03
6553.2034 1.535627e+03 1.669422e+03
6554.4304 1.293701e+03 1.406582e+03
6555.6573 1.549483e+03 1.684875e+03
6556.8843 1.537756e+03 1.672312e+03
6558.1112 1.435366e+03 1.561137e+03
6559.3381 1.607865e+03 1.748941e+03
6560.5651 1.369343e+03 1.489652e+03
6561.7920 1.558268e+03 1.695355e+03
6563.0190 1.576186e+03 1.715027e+03
6564.2459 1.537637e+03 1.673254e+03
6565.4729 1.264054e+03 1.375680e+03
6566.6998 1.857622e+03 2.021863e+03
6567.9268 1.594442e+03 1.735582e+03
6569.1537 1.517782e+03 1.652293e+03
6570.3807 1.721592e+03 1.874340e+03
6571.6076 1.474655e+03 1.605641e+03
6572.8346 1.038499e+03 1.130844e+03
6574.0615 1.054671e+03 1.148555e+03
6575.2885 1.365159e+03 1.486809e+03
6576.5154 1.507375e+03 1.641836e+03
6577.7423 1.364896e+03 1.486770e+03
6578.9693 1.101233e+03 1.199660e+03
6580.1962 1.382754e+03 1.506461e+03
6581.4232 1.606888e+03 1.750781e+03
6582.6501 1.317137e+03 1.435191e+03
6583.8771 8.820986e+02 9.612305e+02
6585.1040 1.081448e+03 1.178547e+03
6586.3310 1.272624e+03 1.386984e+03
6587.5579 1.202946e+03 1.311133e+03
6588.7849 1.401339e+03 1.527469e+03
6590.0118 1.692883e+03 1.845371e+03
6591.2388 1.842210e+03 2.008273e+03
6592.4657 1.532469e+03 1.670711e+03
6593.6927 1.608013e+03 1.753172e+03
6594.9196 1.725479e+03 1.881348e+03
6596.1465 1.644107e+03 1.792723e+03
6597.3735 1.405361e+03 1.532477e+03
6598.6004 1.145430e+03 1.249098e+03
6599.8274 1.189811e+03 1.297559e+03
6601.0543 1.593450e+03 1.737832e+03
6602.2813 1.650987e+03 1.800664e+03
6603.5082 1.659922e+03 1.810488e+03
6604.7352 1.447271e+03 1.578613e+03
6605.9621 1.484296e+03 1.619062e+03
6607.1891 1.647224e+03 1.796852e+03
6608.4160 1.637876e+03 1.786719e+03
6609.6430 1.643392e+03 1.792797e+03
6610.8699 1.288834e+03 1.406051e+03
6612.0969 1.521882e+03 1.660344e+03
6613.3238 1.659071e+03 1.810066e+03
6614.5507 1.638798e+03 1.787996e+03
6615.7777 1.409516e+03 1.537879e+03
6617.0046 1.372444e+03 1.497465e+03
6618.2316 1.424111e+03 1.553871e+03
6619.4585 1.602115e+03 1.748129e+03
6620.6855 1.696651e+03 1.851312e+03
6621.9124 2.194418e+03 2.394492e+03
6623.1394 1.310071e+03 1.429535e+03
6624.3663 1.353549e+03 1.476996e+03
6625.5933 1.539778e+03 1.680227e+03
6626.8202 1.160277e+03 1.266121e+03
6628.0472 9.360352e+02 1.021430e+03
6629.2741 1.347939e+03 1.470918e+03
6630.5011 1.868688e+03 2.039184e+03
6631.7280 1.910864e+03 2.085211e+03
6632.9549 1.600675e+03 1.746719e+03
6634.1819 1.567950e+03 1.711004e+03
6635.4088 1.571923e+03 1.715332e+03
6636.6358 1.625932e+03 1.774258e+03
6637.8627 1.495217e+03 1.631605e+03
6639.0897 1.364169e+03 1.488590e+03
6640.3166 1.609011e+03 1.755742e+03
6641.5436 1.803131e+03 1.967539e+03
6642.7705 1.704374e+03 1.859750e+03
6643.9975 1.384734e+03 1.510945e+03
6645.2244 1.346167e+03 1.468836e+03
6646.4514 1.468054e+03 1.601797e+03
6647.6783 1.446351e+03 1.578082e+03
6648.9053 1.767392e+03 1.928316e+03
6650.1322 1.634856e+03 1.783668e+03
6651.3591 1.580611e+03 1.724438e+03
6652.5861 1.468528e+03 1.602109e+03
6653.8130 1.339530e+03 1.461332e+03
6655.0400 1.417863e+03 1.546738e+03
6656.2669 1.311921e+03 1.431117e+03
6657.4939 1.468445e+03 1.601805e+03
6658.7208 1.001580e+03 1.092500e+03
6659.9478 9.368484e+02 1.021852e+03
6661.1747 7.028425e+02 7.665820e+02
6662.4017 1.517137e+03 1.654652e+03
6663.6286 1.637276e+03 1.785602e+03
6664.8556 1.742083e+03 1.899816e+03
6666.0825 1.239605e+03 1.351777e+03
6667.3095 1.508090e+03 1.644477e+03
6668.5364 1.279893e+03 1.395570e+03
6669.7633 1.330322e+03 1.450480e+03
6670.9903 1.412388e+03 1.539875e+03
6672.2172 1.388844e+03 1.514121e+03
6673.4442 1.437567e+03 1.567148e+03
6674.6711 1.504735e+03 1.640273e+03
6675.8981 1.386311e+03 1.511090e+03
6677.1250 1.494095e+03 1.628473e+03
6678.3520 1.426354e+03 1.554539e+03
6679.5789 1.478859e+03 1.611656e+03
6680.8059 1.354271e+03 1.475781e+03
6682.0328 1.259516e+03 1.372430e+03
6683.2598 1.382163e+03 1.505965e+03
6684.4867 1.448130e+03 1.577727e+03
6685.7136 1.411430e+03 1.537629e+03
6686.9406 1.277380e+03 1.391488e+03
6688.1675 1.113654e+03 1.213043e+03
6689.3945 1.173578e+03 1.278215e+03
6690.6214 1.264948e+03 1.377621e+03
6691.8484 1.443120e+03 1.571535e+03
6693.0753 1.268191e+03 1.380926e+03
6694.3023 1.513465e+03 1.647863e+03
6695.5292 1.699025e+03 1.849742e+03
6696.7562 1.408225e+03 1.533012e+03
6697.9831 1.304676e+03 1.420160e+03
6699.2101 7.909280e+02 8.608594e+02
6700.4370 6.654415e+02 7.242109e+02
6701.6640 1.217914e+03 1.325352e+03
6702.8909 1.237957e+03 1.347035e+03
6704.1178 1.566171e+03 1.704004e+03
6705.3448 1.675716e+03 1.823012e+03
6706.5717 1.600458e+03 1.740965e+03
6707.7987 1.460186e+03 1.588219e+03
6709.0256 1.513579e+03 1.646125e+03
6710.2526 1.304130e+03 1.418188e+03
6711.4795 1.349816e+03 1.467715e+03
6712.7065 1.355050e+03 1.473250e+03
6713.9334 1.720700e+03 1.870594e+03
6715.1604 1.520136e+03 1.652379e+03
6716.3873 1.279997e+03 1.391195e+03
6717.6143 1.348208e+03 1.465168e+03
6718.8412 1.269949e+03 1.379965e+03
6720.0682 1.175058e+03 1.276707e+03
6721.2951 1.155493e+03 1.255305e+03
6722.5220 1.277464e+03 1.387648e+03
6723.7490 1.459910e+03 1.585645e+03
6724.9759 1.411400e+03 1.532773e+03
6726.2029 1.417704e+03 1.539434e+03
6727.4298 1.318721e+03 1.431777e+03
6728.6568 1.511800e+03 1.641207e+03
6729.8837 1.388049e+03 1.506676e+03
6731.1107 1.356879e+03 1.472656e+03
6732.3376 1.390390e+03 1.508836e+03
6733.5646 1.532159e+03 1.662469e+03
6734.7915 1.217249e+03 1.320605e+03
6736.0185 1.449730e+03 1.572621e+03
6737.2454 1.338134e+03 1.451375e+03
6738.4724 1.230152e+03 1.334078e+03
6739.6993 1.310179e+03 1.420676e+03
6740.9262 1.484834e+03 1.609844e+03
6742.1532 1.241031e+03 1.345332e+03
6743.3801 1.328632e+03 1.440098e+03
6744.6071 1.265980e+03 1.372000e+03
6745.8340 1.420453e+03 1.539195e+03
6747.0610 1.427982e+03 1.547137e+03
6748.2879 1.558091e+03 1.687863e+03
6749.5149 1.283394e+03 1.390090e+03
6750.7418 1.396739e+03 1.512641e+03
6751.9688 1.212451e+03 1.312871e+03
6753.1957 1.084623e+03 1.174285e+03
6754.4227 1.413196e+03 1.529797e+03
6755.6496 1.425126e+03 1.542484e+03
6756.8766 1.521100e+03 1.646117e+03
6758.1035 1.409438e+03 1.525051e+03
6759.3304 1.513640e+03 1.637555e+03
6760.5574 1.407074e+03 1.522035e+03
6761.7843 1.290614e+03 1.395848e+03
6763.0113 1.409605e+03 1.524309e+03
6764.2382 1.460431e+03 1.579027e+03
6765.4652 1.361388e+03 1.471715e+03
6766.6921 1.453127e+03 1.570645e+03
6767.9191 1.476021e+03 1.595141e+03
6769.1460 1.549267e+03 1.674035e+03
6770.3730 1.593275e+03 1.721316e+03
6771.5999 1.361284e+03 1.470449e+03
6772.8269 1.250974e+03 1.351078e+03
6774.0538 1.448670e+03 1.564344e+03
6775.2808 1.180850e+03 1.274934e+03
6776.5077 1.287300e+03 1.389641e+03
6777.7346 1.343902e+03 1.450508e+03
6778.9616 1.445040e+03 1.559414e+03
6780.1885 1.327633e+03 1.432480e+03
6781.4155 1.741415e+03 1.878633e+03
6782.6424 2.080504e+03 2.244070e+03
6783.8694 3.438226e+03 3.707922e+03
6785.0963 6.138157e+03 6.618539e+03
6786.3233 7.577520e+03 8.169188e+03
6787.5502 7.779360e+03 8.385387e+03
6788.7772 7.319021e+03 7.887863e+03
6790.0041 6.341293e+03 6.832996e+03
6791.2311 5.209191e+03 5.612164e+03
6792.4580 4.127569e+03 4.446117e+03
6793.6850 2.844233e+03 3.063219e+03
6794.9119 1.950242e+03 2.100039e+03
6796.1388 1.563526e+03 1.683332e+03
6797.3658 1.443613e+03 1.553965e+03
6798.5927 1.352227e+03 1.455344e+03
6799.8197 1.242551e+03 1.337074e+03
6801.0466 1.274520e+03 1.371238e+03
6802.2736 1.454503e+03 1.564609e+03
6803.5005 1.570274e+03 1.688852e+03
6804.7275 1.540857e+03 1.656926e+03
6805.9544 1.527093e+03 1.641840e+03
6807.1814 1.393833e+03 1.498305e+03
6808.4083 1.212070e+03 1.302691e+03
6809.6353 1.266947e+03 1.361434e+03
6810.8622 1.601680e+03 1.720828e+03
6812.0892 1.488471e+03 1.598918e+03
6813.3161 1.479018e+03 1.588484e+03
6814.5430 1.271121e+03 1.364961e+03
6815.7700 1.278651e+03 1.372805e+03
6816.9969 1.100632e+03 1.181469e+03
6818.2239 1.446593e+03 1.552566e+03
6819.4508 1.131409e+03 1.214078e+03
6820.6778 1.150967e+03 1.234848e+03
6821.9047 1.165435e+03 1.250148e+03
6823.1317 1.278381e+03 1.371062e+03
6824.3586 1.389623e+03 1.490105e+03
6825.5856 1.358458e+03 1.456430e+03
6826.8125 1.396255e+03 1.496688e+03
6828.0395 1.426316e+03 1.528641e+03
6829.2664 1.149437e+03 1.231680e+03
6830.4933 1.014630e+03 1.087035e+03
6831.7203 9.759504e+02 1.045410e+03
6832.9472 1.292597e+03 1.384348e+03
6834.1742 1.431876e+03 1.533242e+03
6835.4011 1.359415e+03 1.455395e+03
6836.6281 1.203024e+03 1.287734e+03
6837.8550 1.309687e+03 1.401660e+03
6839.0820 1.120807e+03 1.199305e+03
6840.3089 1.213023e+03 1.297750e+03
6841.5359 1.133177e+03 1.212113e+03
6842.7628 1.116790e+03 1.194375e+03
6843.9898 1.189162e+03 1.271551e+03
6845.2167 1.231747e+03 1.316855e+03
6846.4437 1.212777e+03 1.296348e+03
6847.6706 1.042996e+03 1.114672e+03
6848.8975 1.484703e+03 1.586457e+03
6850.1245 1.051338e+03 1.123195e+03
6851.3514 1.354052e+03 1.446348e+03
6852.5784 1.396343e+03 1.491262e+03
6853.8053 1.185182e+03 1.265527e+03
6855.0323 1.123980e+03 1.199969e+03
6856.2592 1.062028e+03 1.133633e+03
6857.4862 1.105430e+03 1.179758e+03
6858.7131 1.273525e+03 1.358922e+03
6859.9401 1.211909e+03 1.292953e+03
6861.1670 1.823169e+03 1.944758e+03
6862.3940 2.443193e+03 2.605688e+03
6863.6209 2.246264e+03 2.395254e+03
6864.8479 1.122573e+03 1.196828e+03
6866.0748 7.356104e+02 7.841367e+02
6867.3017 9.842481e+02 1.049000e+03
6868.5287 8.588944e+02 9.152461e+02
6869.7556 5.999219e+02 6.391758e+02
6870.9826 7.845251e+02 8.357188e+02
6872.2095 8.230877e+02 8.766523e+02
6873.4365 6.770063e+02 7.209453e+02
6874.6634 8.263417e+02 8.798281e+02
6875.8904 6.934839e+02 7.382500e+02
6877.1173 9.129885e+02 9.717656e+02
6878.3443 8.021164e+02 8.536172e+02
6879.5712 1.104960e+03 1.175715e+03
6880.7982 1.329673e+03 1.414590e+03
6882.0251 1.234753e+03 1.313398e+03
6883.2521 1.043990e+03 1.110309e+03
6884.4790 7.602520e+02 8.084180e+02
6885.7059 1.334375e+03 1.418691e+03
6886.9329 1.188288e+03 1.263176e+03
6888.1598 8.597195e+02 9.137578e+02
6889.3868 1.258160e+03 1.337035e+03
6890.6137 1.406008e+03 1.493922e+03
6891.8407 1.106736e+03 1.175758e+03
6893.0676 1.075889e+03 1.142812e+03
6894.2946 1.163865e+03 1.236074e+03
6895.5215 1.312732e+03 1.393969e+03
6896.7485 1.252163e+03 1.329453e+03
6897.9754 1.209719e+03 1.284199e+03
6899.2024 1.179137e+03 1.251551e+03
6900.4293 1.143297e+03 1.213332e+03
6901.6563 1.205790e+03 1.279469e+03
6902.8832 1.379113e+03 1.463172e+03
6904.1101 1.456959e+03 1.545543e+03
6905.3371 1.471175e+03 1.560402e+03
6906.5640 1.275767e+03 1.352953e+03
6907.7910 1.367169e+03 1.449684e+03
6909.0179 1.256040e+03 1.331664e+03
6910.2449 1.260623e+03 1.336340e+03
6911.4718 1.310760e+03 1.389301e+03
6912.6988 1.399906e+03 1.483590e+03
6913.9257 1.275894e+03 1.351984e+03
6915.1527 1.047589e+03 1.109918e+03
6916.3796 1.087910e+03 1.152488e+03
6917.6066 1.338761e+03 1.418047e+03
6918.8335 1.284082e+03 1.359957e+03
6920.0605 8.970517e+02 9.499375e+02
6921.2874 1.143191e+03 1.210438e+03
6922.5143 1.139200e+03 1.206062e+03
6923.7413 1.306436e+03 1.382945e+03
6924.9682 1.171436e+03 1.239891e+03
6926.1952 1.047361e+03 1.108434e+03
6927.4221 8.204080e+02 8.681445e+02
6928.6491 8.847603e+02 9.361328e+02
6929.8760 1.371999e+03 1.451496e+03
6931.1030 1.362371e+03 1.441148e+03
6932.3299 1.093113e+03 1.156191e+03
6933.5569 1.226495e+03 1.297129e+03
6934.7838 1.211102e+03 1.280711e+03
6936.0108 9.223602e+02 9.752695e+02
6937.2377 8.990101e+02 9.504805e+02
6938.4647 8.777452e+02 9.279023e+02
6939.6916 1.000121e+03 1.057164e+03
6940.9185 7.936270e+02 8.388086e+02
6942.1455 8.432155e+02 8.911328e+02
6943.3724 1.133118e+03 1.197395e+03
6944.5994 1.526429e+03 1.612863e+03
6945.8263 1.266794e+03 1.338402e+03
6947.0533 1.391954e+03 1.470504e+03
6948.2802 1.570407e+03 1.658879e+03
6949.5072 1.109506e+03 1.171910e+03
6950.7341 9.784023e+02 1.033344e+03
6951.9611 1.165987e+03 1.231359e+03
6953.1880 9.296353e+02 9.816758e+02
6954.4150 1.205553e+03 1.272938e+03
6955.6419 1.082271e+03 1.142676e+03
6956.8689 1.096983e+03 1.158121e+03
6958.0958 1.413086e+03 1.491730e+03
6959.3227 1.303977e+03 1.376449e+03
6960.5497 1.159436e+03 1.223789e+03
6961.7766 1.141731e+03 1.205020e+03
6963.0036 1.421328e+03 1.500016e+03
6964.2305 1.517193e+03 1.601086e+03
6965.4575 1.145934e+03 1.209223e+03
6966.6844 1.074716e+03 1.134004e+03
6967.9114 8.629512e+02 9.105039e+02
6969.1383 7.674948e+02 8.097422e+02
6970.3653 8.969213e+02 9.462422e+02
6971.5922 9.593714e+02 1.012074e+03
6972.8192 1.222659e+03 1.289762e+03
6974.0461 1.232745e+03 1.300340e+03
6975.2730 1.110615e+03 1.171461e+03
6976.5000 1.169256e+03 1.233262e+03
6977.7269 1.325577e+03 1.398082e+03
6978.9539 9.737247e+02 1.026945e+03
6980.1808 1.041631e+03 1.098523e+03
6981.4078 7.777623e+02 8.202148e+02
6982.6347 1.073274e+03 1.131820e+03
6983.8617 7.078244e+02 7.464141e+02
6985.0886 8.558600e+02 9.024961e+02
6986.3156 8.269973e+02 8.720391e+02
6987.5425 9.633995e+02 1.015848e+03
6988.7695 1.086761e+03 1.145902e+03
6989.9964 8.783051e+02 9.260859e+02
6991.2234 1.096003e+03 1.155609e+03
6992.4503 1.305472e+03 1.376453e+03
6993.6772 1.515229e+03 1.597598e+03
6994.9042 1.205809e+03 1.271348e+03
6996.1311 1.110207e+03 1.170543e+03
6997.3581 1.139909e+03 1.201855e+03
6998.5850 1.354720e+03 1.428340e+03
6999.8120 1.287266e+03 1.357223e+03
7001.0389 1.180219e+03 1.244363e+03
7002.2659 1.036502e+03 1.092844e+03
7003.4928 1.112804e+03 1.173305e+03
7004.7198 1.224371e+03 1.290953e+03
7005.9467 1.053280e+03 1.110574e+03
7007.1737 9.641462e+02 1.016609e+03
7008.4006 7.477048e+02 7.884062e+02
7009.6276 1.140055e+03 1.202141e+03
7010.8545 1.191102e+03 1.256000e+03
7012.0814 1.012784e+03 1.067996e+03
7013.3084 7.142582e+02 7.532188e+02
7014.5353 9.437316e+02 9.952422e+02
7015.7623 1.322504e+03 1.394738e+03
7016.9892 1.158923e+03 1.222270e+03
7018.2162 1.135009e+03 1.197098e+03
7019.4431 9.223676e+02 9.728672e+02
7020.6701 9.461888e+02 9.980391e+02
7021.8970 1.010717e+03 1.066156e+03
7023.1240 9.283741e+02 9.793477e+02
7024.3509 9.212620e+02 9.718984e+02
7025.5779 1.017200e+03 1.073172e+03
7026.8048 1.025165e+03 1.081641e+03
7028.0318 1.205927e+03 1.272441e+03
7029.2587 1.057153e+03 1.115535e+03
7030.4856 1.103805e+03 1.164844e+03
7031.7126 1.030940e+03 1.088027e+03
7032.9395 1.054790e+03 1.113281e+03
7034.1665 1.270409e+03 1.340961e+03
7035.3934 1.397687e+03 1.475426e+03
7036.6204 1.141200e+03 1.204773e+03
7037.8473 9.055531e+02 9.560820e+02
7039.0743 9.558629e+02 1.009289e+03
7040.3012 8.390709e+02 8.860508e+02
7041.5282 5.688432e+02 6.007500e+02
7042.7551 1.329671e+03 1.404391e+03
7043.9821 1.287165e+03 1.359633e+03
7045.2090 9.934401e+02 1.049480e+03
7046.4360 7.931823e+02 8.380156e+02
7047.6629 8.360046e+02 8.833555e+02
7048.8898 8.835945e+02 9.337461e+02
7050.1168 8.538538e+02 9.024219e+02
7051.3437 1.086614e+03 1.148559e+03
7052.5707 1.045193e+03 1.104910e+03
7053.7976 9.170825e+02 9.696016e+02
7055.0246 1.037754e+03 1.097324e+03
7056.2515 1.003008e+03 1.060723e+03
7057.4785 1.071401e+03 1.133203e+03
7058.7054 1.135773e+03 1.201453e+03
7059.9324 9.795156e+02 1.036305e+03
7061.1593 9.632391e+02 1.019230e+03
7062.3863 1.049219e+03 1.110371e+03
7063.6132 1.108702e+03 1.173496e+03
7064.8402 9.648661e+02 1.021410e+03
7066.0671 8.899753e+02 9.422773e+02
7067.2940 1.159566e+03 1.227906e+03
7068.5210 1.431681e+03 1.516305e+03
7069.7479 9.007607e+02 9.541602e+02
7070.9749 1.056382e+03 1.119195e+03
7072.2018 8.071451e+02 8.552852e+02
7073.4288 1.100983e+03 1.166852e+03
7074.6557 1.054259e+03 1.117531e+03
7075.8827 1.146271e+03 1.215285e+03
7077.1096 1.031635e+03 1.093949e+03
7078.3366 1.226813e+03 1.301160e+03
7079.5635 1.097215e+03 1.163930e+03
7080.7905 1.072185e+03 1.137598e+03
7082.0174 1.119682e+03 1.188227e+03
7083.2444 1.248823e+03 1.325539e+03
7084.4713 1.251988e+03 1.329168e+03
7085.6982 1.521817e+03 1.615965e+03
7086.9252 1.355816e+03 1.439996e+03
7088.1521 1.034662e+03 1.099137e+03
7089.3791 9.623754e+02 1.022566e+03
7090.6060 8.964828e+02 9.527617e+02
7091.8330 1.133639e+03 1.205074e+03
7093.0599 1.050302e+03 1.116738e+03
7094.2869 1.146126e+03 1.218902e+03
7095.5138 1.271157e+03 1.352188e+03
7096.7408 1.278483e+03 1.360301e+03
7097.9677 1.269236e+03 1.350785e+03
7099.1947 1.347989e+03 1.434945e+03
7100.4216 1.115199e+03 1.187430e+03
7101.6486 9.748439e+02 1.038242e+03
7102.8755 1.070910e+03 1.140844e+03
7104.1024 1.126072e+03 1.199914e+03
7105.3294 9.920448e+02 1.057371e+03
7106.5563 8.383752e+02 8.938164e+02
7107.7833 8.356476e+02 8.911445e+02
7109.0102 8.806673e+02 9.394062e+02
7110.2372 1.225441e+03 1.307531e+03
7111.4641 1.211526e+03 1.293039e+03
7112.6911 8.466592e+02 9.038750e+02
7113.9180 1.051080e+03 1.122426e+03
7115.1450 1.144935e+03 1.223000e+03
7116.3719 1.267274e+03 1.354070e+03
7117.5989 1.065602e+03 1.138918e+03
7118.8258 1.072453e+03 1.146578e+03
7120.0527 1.277806e+03 1.366531e+03
7121.2797 1.096006e+03 1.172461e+03
7122.5066 1.500635e+03 1.605805e+03
7123.7336 1.277260e+03 1.367195e+03
7124.9605 1.148484e+03 1.229734e+03
7126.1875 7.919959e+02 8.482930e+02
7127.4144 1.121260e+03 1.201344e+03
7128.6414 1.284864e+03 1.377074e+03
7129.8683 1.415380e+03 1.517449e+03
7131.0953 1.193166e+03 1.279629e+03
7132.3222 1.043355e+03 1.119332e+03
7133.5492 9.806409e+02 1.052402e+03
7134.7761 1.143963e+03 1.228090e+03
7136.0031 1.036229e+03 1.112812e+03
7137.2300 8.382507e+02 9.005117e+02
7138.4569 1.084825e+03 1.165805e+03
7139.6839 1.140963e+03 1.226562e+03
7140.9108 1.092936e+03 1.175348e+03
7142.1378 1.161474e+03 1.249500e+03
7143.3647 1.239532e+03 1.333953e+03
7144.5917 8.242534e+02 8.873633e+02
7145.8186 8.099508e+02 8.722852e+02
7147.0456 1.042959e+03 1.123641e+03
7148.2725 1.011842e+03 1.090523e+03
7149.4995 8.870206e+02 9.563555e+02
7150.7264 1.020368e+03 1.100543e+03
7151.9534 8.716540e+02 9.405039e+02
7153.1803 1.180227e+03 1.273941e+03
7154.4073 1.090969e+03 1.178055e+03
7155.6342 1.126525e+03 1.216926e+03
7156.8611 9.544822e+02 1.031484e+03
7158.0881 8.003169e+02 8.652266e+02
7159.3150 8.272859e+02 8.947422e+02
7160.5420 9.423685e+02 1.019621e+03
7161.7689 8.217529e+02 8.894805e+02
7162.9959 8.378249e+02 9.072500e+02
7164.2228 8.994046e+02 9.743359e+02
7165.4498 8.673760e+02 9.400312e+02
7166.6767 6.325651e+02 6.858398e+02
7167.9037 4.958190e+02 5.378047e+02
7169.1306 6.146119e+02 6.669414e+02
7170.3576 7.164399e+02 7.777734e+02
7171.5845 1.006534e+03 1.093176e+03
7172.8115 9.412404e+02 1.022707e+03
7174.0384 1.098108e+03 1.193676e+03
7175.2653 8.785765e+02 9.554609e+02
7176.4923 5.979968e+02 6.506172e+02
7177.7192 7.933066e+02 8.635000e+02
7178.9462 8.443088e+02 9.194297e+02
7180.1731 7.470891e+02 8.139297e+02
7181.4001 9.083351e+02 9.900547e+02
7182.6270 7.641788e+02 8.333125e+02
7183.8540 7.486005e+02 8.167031e+02
7185.0809 7.122770e+02 7.774375e+02
7186.3079 6.836618e+02 7.465547e+02
7187.5348 7.878826e+02 8.607695e+02
7188.7618 7.661515e+02 8.374258e+02
7189.9887 1.010069e+03 1.104562e+03
7191.2157 8.588999e+02 9.397031e+02
7192.4426 8.947703e+02 9.794219e+02
7193.6695 8.202505e+02 8.982891e+02
7194.8965 7.640402e+02 8.371406e+02
7196.1234 6.462394e+02 7.084180e+02
7197.3504 6.831562e+02 7.492578e+02
7198.5773 6.191765e+02 6.794258e+02
7199.8043 6.275054e+02 6.889102e+02
7201.0312 5.619066e+02 6.172031e+02
7202.2582 8.211702e+02 9.024375e+02
7203.4851 8.156788e+02 8.968594e+02
7204.7121 8.001948e+02 8.802852e+02
7205.9390 7.734456e+02 8.512969e+02
7207.1660 9.448284e+02 1.040469e+03
7208.3929 9.160450e+02 1.009297e+03
7209.6199 1.034156e+03 1.140027e+03
7210.8468 1.100202e+03 1.213473e+03
7212.0737 9.153870e+02 1.010164e+03
7213.3007 9.804895e+02 1.082582e+03
7214.5276 8.099102e+02 8.947188e+02
7215.7546 8.339211e+02 9.217383e+02
7216.9815 8.430156e+02 9.322930e+02
7218.2085 9.955998e+02 1.101633e+03
7219.4354 1.141760e+03 1.264047e+03
7220.6624 9.445941e+02 1.046336e+03
7221.8893 9.834366e+02 1.089961e+03
7223.1163 9.535829e+02 1.057457e+03
7224.3432 8.120197e+02 9.009727e+02
7225.5702 1.095739e+03 1.216449e+03
7226.7971 1.178298e+03 1.308836e+03
7228.0241 9.767794e+02 1.085602e+03
7229.2510 9.025600e+02 1.003680e+03
7230.4779 1.012408e+03 1.126473e+03
7231.7049 7.068720e+02 7.869609e+02
7232.9318 5.544559e+02 6.176289e+02
7234.1588 5.716997e+02 6.372031e+02
7235.3857 5.620392e+02 6.267969e+02
7236.6127 7.903974e+02 8.819766e+02
7237.8396 7.980691e+02 8.910547e+02
7239.0666 7.321828e+02 8.179688e+02
7240.2935 5.656243e+02 6.322656e+02
7241.5205 8.063005e+02 9.018281e+02
7242.7474 9.837872e+02 1.100992e+03
7243.9744 1.273470e+03 1.426031e+03
7245.2013 1.116451e+03 1.250945e+03
7246.4283 7.916751e+02 8.875742e+02
7247.6552 6.960107e+02 7.807891e+02
7248.8821 7.362288e+02 8.264023e+02
7250.1091 3.980477e+02 4.470703e+02
7251.3360 6.175826e+02 6.940625e+02
7252.5630 7.553915e+02 8.494531e+02
7253.7899 8.370552e+02 9.418594e+02
7255.0169 7.232101e+02 8.142578e+02
7256.2438 7.228429e+02 8.143438e+02
7257.4708 9.358201e+02 1.054930e+03
7258.6977 9.524540e+02 1.074344e+03
7259.9247 1.011894e+03 1.142098e+03
7261.1516 1.062199e+03 1.199621e+03
7262.3786 8.954022e+02 1.011875e+03
7263.6055 9.749724e+02 1.102484e+03
7264.8324 8.546426e+02 9.670234e+02
7266.0594 7.298010e+02 8.262852e+02
7267.2863 6.463247e+02 7.322344e+02
7268.5133 8.569590e+02 9.714805e+02
7269.7402 8.709650e+02 9.879844e+02
7270.9672 4.363963e+02 4.953438e+02
7272.1941 8.038719e+02 9.130391e+02
7273.4211 6.445789e+02 7.325820e+02
7274.6480 6.954818e+02 7.909414e+02
7275.8750 7.112093e+02 8.093477e+02
7277.1019 6.898602e+02 7.855586e+02
7278.3289 9.270176e+02 1.056297e+03
7279.5558 8.798177e+02 1.003164e+03
7280.7828 8.207148e+02 9.363828e+02
7282.0097 8.841561e+02 1.009422e+03
7283.2366 9.589780e+02 1.095559e+03
7284.4636 8.112070e+02 9.273477e+02
7285.6905 7.646205e+02 8.746641e+02
7286.9175 9.289722e+02 1.063367e+03
7288.1444 9.025792e+02 1.033836e+03
7289.3714 7.369830e+02 8.447148e+02
7290.5983 9.028768e+02 1.035543e+03
7291.8253 4.058263e+02 4.657656e+02
7293.0522 8.757866e+02 1.005805e+03
7294.2792 7.462247e+02 8.575781e+02
7295.5061 6.353157e+02 7.306055e+02
7296.7331 6.981146e+02 8.033594e+02
7297.9600 8.905579e+02 1.025500e+03
7299.1870 9.955558e+02 1.147176e+03
7300.4139 9.069875e+02 1.045820e+03
7301.6408 9.321547e+02 1.075562e+03
7302.8678 7.980457e+02 9.214414e+02
7304.0947 8.671533e+02 1.001910e+03
7305.3217 7.642679e+02 8.836328e+02
7306.5486 7.867335e+02 9.102227e+02
7307.7756 7.384348e+02 8.549219e+02
7309.0025 9.101983e+02 1.054496e+03
7310.2295 9.331525e+02 1.081824e+03
7311.4564 1.344820e+03 1.560141e+03
7312.6834 1.955332e+03 2.269949e+03
7313.9103 1.652617e+03 1.919836e+03
7315.1373 6.732795e+02 7.826797e+02
7316.3642 6.934235e+02 8.066484e+02
7317.5912 7.705380e+02 8.969688e+02
7318.8181 7.838222e+02 9.130586e+02
7320.0450 8.517328e+02 9.928477e+02
7321.2720 8.146027e+02 9.502188e+02
7322.4989 7.620085e+02 8.894805e+02
7323.7259 7.487928e+02 8.746562e+02
7324.9528 6.928557e+02 8.098750e+02
7326.1798 6.745913e+02 7.890703e+02
7327.4067 7.515490e+02 8.796953e+02
7328.6337 7.038804e+02 8.244688e+02
7329.8606 1.032922e+03 1.210719e+03
7331.0876 1.057620e+03 1.240527e+03
7332.3145 9.274980e+02 1.088656e+03
7333.5415 8.733546e+02 1.025816e+03
7334.7684 8.166664e+02 9.598984e+02
7335.9954 7.452576e+02 8.765742e+02
7337.2223 8.022106e+02 9.442188e+02
7338.4492 1.009976e+03 1.189590e+03
7339.6762 8.929531e+02 1.052488e+03
7340.9031 8.928149e+02 1.053059e+03
7342.1301 8.719287e+02 1.029141e+03
7343.3570 5.985479e+02 7.069609e+02
7344.5840 6.034481e+02 7.132461e+02
7345.8109 7.476617e+02 8.843164e+02
7347.0379 7.868328e+02 9.312969e+02
7348.2648 7.845817e+02 9.292812e+02
7349.4918 9.149390e+02 1.084438e+03
7350.7187 8.624452e+02 1.022934e+03
7351.9457 6.694254e+02 7.945508e+02
7353.1726 6.298832e+02 7.481406e+02
7354.3996 7.831589e+02 9.308438e+02
7355.6265 7.800562e+02 9.278047e+02
7356.8534 9.353419e+02 1.113281e+03
7358.0804 6.275460e+02 7.474531e+02
7359.3073 8.329583e+02 9.928086e+02
7360.5343 7.114324e+02 8.485547e+02
7361.7612 7.320961e+02 8.738125e+02
7362.9882 7.744725e+02 9.250391e+02
7364.2151 8.004125e+02 9.566914e+02
7365.4421 8.417013e+02 1.006746e+03
7366.6690 8.877653e+02 1.062586e+03
7367.8960 8.460651e+02 1.013383e+03
7369.1229 6.474947e+02 7.760859e+02
7370.3499 9.747119e+02 1.169105e+03
7371.5768 8.891411e+02 1.067215e+03
7372.8038 8.790069e+02 1.055789e+03
7374.0307 1.008808e+03 1.212543e+03
7375.2576 7.521893e+02 9.047305e+02
7376.4846 9.246228e+02 1.112910e+03
7377.7115 7.194052e+02 8.665078e+02
7378.9385 8.244053e+02 9.936719e+02
7380.1654 9.512261e+02 1.147332e+03
7381.3924 8.750267e+02 1.056160e+03
7382.6193 9.942451e+02 1.200895e+03
7383.8463 6.302449e+02 7.617695e+02
7385.0732 7.983176e+02 9.655898e+02
7386.3002 9.225422e+02 1.116621e+03
7387.5271 6.856964e+02 8.305273e+02
7388.7541 7.944438e+02 9.629141e+02
7389.9810 7.160016e+02 8.684414e+02
7391.2080 6.730477e+02 8.169102e+02
7392.4349 5.285115e+02 6.419258e+02
7393.6618 6.560340e+02 7.973672e+02
7394.8888 8.789770e+02 1.069082e+03
7396.1157 6.413524e+02 7.806055e+02
7397.3427 8.837110e+02 1.076332e+03
7398.5696 8.458604e+02 1.030945e+03
7399.7966 8.409958e+02 1.025727e+03
7401.0235 6.234309e+02 7.608984e+02
7402.2505 5.387051e+02 6.579453e+02
7403.4774 7.015451e+02 8.574219e+02
7404.7044 6.519769e+02 7.973906e+02
7405.9313 7.709538e+02 9.435547e+02
7407.1583 7.648150e+02 9.366875e+02
7408.3852 8.216944e+02 1.007043e+03
7409.6121 8.928188e+02 1.094965e+03
7410.8391 8.573134e+02 1.052145e+03
7412.0660 9.459462e+02 1.161719e+03
7413.2930 8.385579e+02 1.030543e+03
7414.5199 7.167502e+02 8.814531e+02
7415.7469 6.103173e+02 7.510781e+02
7416.9738 8.465774e+02 1.042543e+03
7418.2008 1.071632e+03 1.320598e+03
7419.4277 8.410436e+02 1.037148e+03
7420.6547 7.959172e+02 9.821719e+02
7421.8816 8.741208e+02 1.079414e+03
7423.1086 7.887098e+02 9.746094e+02
7424.3355 6.639373e+02 8.209883e+02
7425.5625 6.061434e+02 7.500352e+02
7426.7894 5.177047e+02 6.410391e+02
7428.0163 6.145988e+02 7.615352e+02
7429.2433 4.275002e+02 5.300664e+02
7430.4702 5.626854e+02 6.981602e+02
7431.6972 6.855679e+02 8.512070e+02
7432.9241 6.708538e+02 8.335039e+02
7434.1511 7.259620e+02 9.025859e+02
7435.3780 9.010803e+02 1.121070e+03
7436.6050 5.224998e+02 6.505039e+02
7437.8319 4.510962e+02 5.619883e+02
7439.0589 5.274605e+02 6.575703e+02
7440.2858 5.874329e+02 7.328320e+02
7441.5128 7.657419e+02 9.559219e+02
7442.7397 8.758386e+02 1.094102e+03
7443.9667 9.608811e+02 1.201148e+03
7445.1936 1.033374e+03 1.292641e+03
7446.4205 1.056484e+03 1.322441e+03
7447.6475 9.175416e+02 1.149297e+03
7448.8744 7.944932e+02 9.958398e+02
7450.1014 8.758684e+02 1.098578e+03
7451.3283 7.594932e+02 9.532539e+02
7452.5553 5.320365e+02 6.682188e+02
7453.7822 5.253410e+02 6.602539e+02
7455.0092 5.444899e+02 6.847812e+02
7456.2361 4.752515e+02 5.981055e+02
7457.4631 7.480389e+02 9.420430e+02
7458.6900 8.284601e+02 1.044023e+03
7459.9170 6.662316e+02 8.401484e+02
7461.1439 6.290922e+02 7.938477e+02
7462.3709 7.050346e+02 8.902773e+02
7463.5978 8.345967e+02 1.054590e+03
7464.8247 6.034498e+02 7.630273e+02
7466.0517 5.281818e+02 6.683047e+02
7467.2786 5.231588e+02 6.623945e+02
7468.5056 4.180995e+02 5.297305e+02
7469.7325 1.508329e+02 1.912334e+02
7470.9595 0.000000e+00 0.000000e+00
7472.1864 0.000000e+00 0.000000e+00
7473.4134 0.000000e+00 0.000000e+00
7474.6403 0.000000e+00 0.000000e+00
7475.8673 0.000000e+00 0.000000e+00
