# Wavelength in nm, Data in W / (nm m2)
wavelength data
328.8276296837413 -4.0374198491502893e-19
328.88970514823006 -5.210317679804924e-19
328.9517806127188 -4.881011975419263e-19
329.0138560772075 1.0877923044542764e-18
329.07593154169626 7.546429912762832e-19
329.13800700618503 1.2530752417147295e-18
329.20008247067375 5.064438202464148e-19
329.26215793516246 -3.790829237250223e-19
329.32423339965123 -1.1295965395216896e-18
329.38630886413995 -4.439541437211286e-19
329.44838432862866 4.343891539739754e-19
329.51045979311743 1.052628538664752e-18
329.5725352576062 1.303233687771058e-18
329.6346107220949 5.736241037195306e-19
329.69668618658363 2.9604954457515693e-19
329.7587616510724 -8.784497301221274e-20
329.8208371155612 -1.4379651554143939e-19
329.88291258004983 7.963832371133411e-19
329.9449880445386 -4.516390434933824e-19
330.0070635090274 -9.284351468115782e-19
330.0691389735161 -1.1207065539560676e-18
330.1312144380048 -5.70990915225019e-19
330.1932899024936 -1.183332183377061e-18
330.25536536698235 -3.7414750084972424e-22
330.31744083147106 1.2881258014196487e-18
330.3795162959598 1.5606195591065888e-18
330.44159176044855 9.87431755143082e-19
330.50366722493726 -5.939519140486155e-19
330.565742689426 -2.1838814827783817e-19
330.62781815391475 4.733044840360864e-19
330.6898936184035 1.0510728106046361e-18
330.75196908289223 3.330908453155958e-18
330.81404454738095 1.9624019745211696e-18
330.8761200118697 -4.2260130192966557e-19
330.9381954763585 -9.993375748654136e-19
331.00027094084714 -5.131806573258033e-19
331.0623464053359 -9.72265492081313e-19
331.1244218698247 -1.371362594331974e-18
331.1864973343134 -5.042605421361006e-19
331.2485727988021 -8.019344637566151e-19
331.3106482632909 -7.61356736185648e-19
331.37272372777966 1.4543118686542186e-18
331.4347991922684 1.5424747613054952e-18
331.4968746567571 7.376948019563429e-19
331.55895012124586 -1.6899067684103198e-18
331.62102558573457 -5.315776998391194e-19
331.6831010502233 3.195579124059733e-19
331.74517651471206 -3.7164003569997815e-19
331.8072519792008 4.064602405732475e-18
331.86932744368954 1.895156686726416e-18
331.93140290817826 9.696920271509387e-19
331.993478372667 1.5480953510989255e-18
332.0555538371558 8.35663775071085e-20
332.11762930164446 1.0346063680883629e-18
332.1797047661332 3.455892167641741e-18
332.241780230622 2.997687645296363e-18
332.3038556951107 8.786747704536167e-19
332.3659311595994 1.9594967179987857e-18
332.4280066240882 3.7557562759054386e-18
332.49008208857697 1.5141174481911903e-18
332.5521575530657 -9.975631567347636e-20
332.6142330175544 2.2580916282835723e-18
332.67630848204317 4.254716194691287e-18
332.7383839465319 3.2745084672356e-18
332.8004594110206 5.532108605486164e-18
332.86253487550937 3.539725617021029e-18
332.92461033999814 1.6756946405271752e-18
332.98668580448685 1.8567499996748415e-18
333.04876126897557 -2.258314488283231e-19
333.11083673346434 -3.790388717383001e-18
333.17291219795305 6.875570461640686e-19
333.23498766244177 3.0714896591023457e-18
333.29706312693054 2.280786777876088e-18
333.3591385914193 3.861502007151752e-18
333.421214055908 4.9948225312804815e-18
333.48328952039674 2.9918387670563746e-18
333.5453649848855 2.2778010213032348e-18
333.6074404493743 2.8553359441790505e-18
333.669515913863 4.3563361245116e-18
333.7315913783517 1.052154086576678e-18
333.7936668428405 3.335174545508337e-18
333.8557423073292 3.6825962351015905e-18
333.9178177718179 2.1723117086242693e-19
333.9798932363067 2.3296513880576032e-18
334.04196870079545 4.113683635942934e-18
334.10404416528417 2.031107097114034e-18
334.1661196297729 -7.159175572777664e-19
334.22819509426165 -2.8025183021038428e-18
334.29027055875036 -1.6126519334159746e-18
334.3523460232391 1.7815434706560334e-18
334.41442148772785 2.1047783827777037e-18
334.4764969522166 1.3549859891721888e-18
334.53857241670534 -3.710642746151122e-18
334.60064788119405 -4.510043956301495e-18
334.6627233456828 -7.581113908823529e-19
334.7247988101716 4.969999443658713e-18
334.7868742746603 5.254114460735847e-18
334.848949739149 -2.2941346521128333e-18
334.9110252036378 2.1693068690248097e-18
334.9731006681265 3.9151780690794576e-18
335.0351761326152 -3.4478567685955195e-18
335.097251597104 4.950341909914435e-18
335.15932706159276 7.055809623967969e-18
335.2214025260815 5.692920964933756e-18
335.2834779905702 1.0389747770029649e-17
335.34555345505896 8.244371775242213e-18
335.4076289195477 5.4339786402532145e-18
335.4697043840364 7.355703957851796e-18
335.53177984852516 2.5400483512416574e-18
335.59385531301393 3.860810686358305e-19
335.65593077750265 -1.0175932603469043e-18
335.71800624199136 6.565155452647779e-19
335.78008170648013 1.96827914983652e-18
335.8421571709689 5.091941246689524e-18
335.9042326354576 1.0822891325820928e-17
335.96630809994633 3.655379613927177e-18
336.0283835644351 -2.199112738707498e-18
336.0904590289238 5.165068961181424e-18
336.15253449341253 5.3083618360814526e-18
336.2146099579013 2.0025508904904066e-18
336.2766854223901 -7.397023829438478e-19
336.3387608868788 -4.0876789333905285e-18
336.4008363513675 -3.2636219820285366e-18
336.4629118158563 6.7758587220605505e-18
336.524987280345 8.837370611055381e-18
336.5870627448337 7.01219642143355e-18
336.6491382093225 1.003840881867973e-18
336.71121367381124 -1.4458523998945898e-17
336.77328913829996 1.6694143439800929e-19
336.8353646027887 1.079022282328875e-17
336.89744006727744 -5.457888312920785e-19
336.9595155317662 1.7659857939268314e-18
337.02159099625493 1.021570367425665e-17
337.08366646074364 9.565692279813922e-18
337.1457419252324 1.1938982747842595e-17
337.20781738972113 -2.0981556863283402e-18
337.26989285420984 -9.66905551757863e-18
337.3319683186986 -5.950893261193454e-18
337.3940437831874 2.377930731196583e-18
337.4561192476761 5.940826691252643e-18
337.5181947121648 6.723570625548887e-18
337.5802701766536 6.3990643614425506e-18
337.6423456411423 2.4678056330665815e-19
337.704421105631 8.821804837462825e-19
337.7664965701198 5.8183168091746574e-18
337.82857203460856 6.870464727425243e-18
337.89064749909727 7.909032751010656e-18
337.952722963586 8.015865473761203e-18
338.01479842807476 1.2741805324545983e-17
338.0768738925635 7.061167205270668e-18
338.13894935705224 5.966132107460038e-19
338.20102482154095 1.1150561578733778e-17
338.2631002860297 1.3631377142291621e-17
338.32517575051844 -2.584556383086512e-18
338.38725121500715 1.3373286613669992e-18
338.4493266794959 9.02203652094602e-18
338.5114021439847 1.8333351943488046e-18
338.5734776084734 8.04472217803369e-18
338.6355530729621 1.3633814557481923e-18
338.6976285374509 1.9906136774093294e-18
338.7597040019396 1.1534201357514595e-17
338.8217794664283 9.269188044589364e-18
338.8838549309171 1.9119201374503836e-17
338.94593039540587 8.162351394558801e-18
339.0080058598946 -4.062065274038643e-18
339.0700813243833 7.244115039788417e-18
339.13215678887207 1.1980305290351126e-17
339.19423225336084 1.747574655920727e-18
339.25630771784955 8.449516374481323e-18
339.31838318233827 8.628894406952211e-18
339.38045864682704 6.04245392824635e-19
339.44253411131575 3.015036407827354e-18
339.50460957580447 5.917978666154939e-18
339.56668504029324 -1.6025970748284196e-18
339.628760504782 2.302304126900223e-18
339.6908359692707 1.5144411520450106e-18
339.75291143375944 -4.0770694432879e-18
339.8149868982482 1.2400906731580439e-18
339.8770623627369 3.4499604491652233e-18
339.93913782722564 1.093934568349231e-17
340.0012132917144 1.0024250908005356e-17
340.0632887562032 5.322388277317298e-18
340.1253642206919 2.420436460715037e-18
340.1874396851806 1.974593514774146e-18
340.2495151496694 -4.9273435738378945e-19
340.31159061415815 8.376622946340401e-18
340.3736660786468 5.7138932557351735e-18
340.4357415431356 9.528923260809781e-18
340.49781700762435 1.814217426785429e-17
340.55989247211306 1.5298006200813104e-17
340.6219679366018 8.33108249704892e-18
340.68404340109055 5.992347626689814e-18
340.7461188655793 4.7399038626696094e-18
340.80819433006803 1.3270607556503228e-17
340.87026979455675 4.814665281736912e-18
340.9323452590455 6.068997515268841e-19
340.99442072353423 5.850854306076917e-18
341.05649618802295 9.38734674145463e-18
341.1185716525117 1.7323046695626148e-17
341.1806471170005 2.110558535038559e-17
341.2427225814892 1.6210895719466292e-17
341.3047980459779 9.506890092086174e-18
341.3668735104667 1.1607471648675211e-17
341.42894897495546 1.1673814794387866e-17
341.4910244394441 -1.4283345447207956e-18
341.5530999039329 3.956727341723889e-18
341.61517536842166 8.883809742936818e-18
341.6772508329104 6.822629894069957e-18
341.7393262973991 1.618689208507822e-17
341.80140176188786 1.7297694336835604e-17
341.86347722637663 4.297049215081671e-18
341.92555269086535 3.4786046860305707e-19
341.98762815535406 7.836023192237237e-18
342.04970361984283 8.794865677883555e-18
342.11177908433154 9.949116846105876e-18
342.17385454882026 1.031764677804092e-17
342.23593001330903 9.683173861092222e-18
342.2980054777978 1.3461897829555142e-17
342.3600809422865 6.962488310689752e-18
342.42215640677523 4.602743470366122e-18
342.484231871264 8.218999748952643e-18
342.5463073357528 6.8978983889678754e-18
342.60838280024143 1.8933407591207592e-17
342.6704582647302 1.8637473412642874e-17
342.73253372921897 6.5874644464601985e-18
342.7946091937077 8.242299848050615e-18
342.8566846581964 1.227441381992037e-17
342.91876012268517 3.723898570555531e-18
342.98083558717394 -9.086786463977237e-19
343.04291105166266 5.62947969290412e-18
343.10498651615137 1.7724781622819987e-17
343.16706198064014 1.404353533083169e-17
343.22913744512886 1.6168963741074086e-17
343.29121290961757 1.2395161907675371e-17
343.35328837410634 9.669218958576194e-18
343.4153638385951 1.0258435261829566e-17
343.4774393030838 1.1932219077663269e-17
343.53951476757254 8.696428237513563e-18
343.6015902320613 1.2245887202406229e-20
343.6636656965501 5.640893617759349e-18
343.72574116103874 1.4104353074589797e-17
343.7878166255275 4.647313076908342e-18
343.8498920900163 -2.2600302433797543e-18
343.911967554505 8.707035025533932e-19
343.9740430189937 3.0802505379062067e-18
344.0361184834825 4.4958499521179764e-18
344.09819394797125 5.849351018196215e-18
344.16026941245997 8.185045730703522e-18
344.2223448769487 1.3418294081099423e-17
344.28442034143745 1.5231375988863013e-17
344.34649580592617 9.650329880216152e-18
344.4085712704149 1.1306264933776868e-17
344.47064673490365 1.2573927776033521e-17
344.5327221993924 6.160424435096267e-18
344.59479766388114 6.874830381352818e-18
344.65687312836985 7.510690089751787e-18
344.7189485928586 -5.6311741944848255e-18
344.7810240573474 -8.290732407580148e-18
344.84309952183605 -3.409531625007795e-18
344.9051749863248 1.520779452613336e-18
344.9672504508136 6.520568105551455e-18
345.0293259153023 1.5712982834024488e-17
345.091401379791 2.6860949379230682e-18
345.1534768442798 7.57884399543195e-19
345.21555230876857 8.811155479311111e-18
345.2776277732573 7.765098348512332e-18
345.339703237746 1.2942124446684188e-17
345.40177870223476 1.3687314644130854e-17
345.4638541667235 6.084364064939016e-18
345.5259296312122 1.2196797242099034e-17
345.58800509570096 1.0406271085170415e-17
345.65008056018974 3.2698917966867887e-18
345.71215602467845 5.332320246724131e-18
345.77423148916716 1.9596176938924883e-17
345.83630695365594 1.5107720689541174e-17
345.8983824181447 1.096860865533207e-17
345.96045788263336 1.951659273027505e-17
346.02253334712213 1.918773894569907e-17
346.0846088116109 6.716264067172859e-18
346.1466842760996 2.190845431174083e-18
346.20875974058833 1.9087845663039978e-17
346.2708352050771 1.1320974068448544e-17
346.3329106695659 4.834636862867359e-19
346.3949861340546 1.412723125304405e-17
346.4570615985433 7.01885771656973e-18
346.5191370630321 8.780895623653153e-18
346.5812125275208 1.322753415865463e-17
346.6432879920095 6.61303296031398e-18
346.7053634564983 6.042049879800757e-18
346.76743892098705 9.550175822946317e-18
346.82951438547576 6.390448133125409e-18
346.8915898499645 1.2763544700935845e-17
346.95366531445325 8.555681216929578e-18
347.015740778942 -4.813895952955423e-18
347.0778162434307 3.189663165691092e-19
347.13989170791945 6.362999315060752e-18
347.2019671724082 3.148278158090521e-18
347.26404263689693 9.804464311992161e-19
347.32611810138565 2.95711837404909e-18
347.3881935658744 1.261946818514936e-17
347.4502690303632 7.65768102566217e-18
347.5123444948519 7.717164551629241e-18
347.5744199593406 1.0818483293211251e-17
347.6364954238294 7.587654268662054e-18
347.6985708883181 6.166262221054393e-18
347.7606463528068 1.1742442048887386e-17
347.8227218172956 9.281937733754247e-18
347.88479728178436 7.203249664867708e-18
347.9468727462731 1.0694791067142302e-17
348.0089482107618 1.0561145432981484e-17
348.07102367525056 7.179759027286319e-18
348.1330991397393 1.6653658186196946e-17
348.195174604228 9.098354588452156e-18
348.25725006871676 5.554587847726602e-18
348.31932553320553 6.561253749638865e-18
348.38140099769424 5.951263264317858e-18
348.44347646218296 1.7062721183980081e-18
348.5055519266717 1.3973294137198302e-18
348.5676273911605 1.0851033683289352e-17
348.6297028556492 1.0175762326388464e-17
348.6917783201379 9.450854119992685e-18
348.7538537846267 7.449037868268479e-18
348.8159292491154 1.1921860154938087e-17
348.8780047136041 5.686607519014882e-18
348.9400801780929 6.0207270503673326e-18
349.00215564258167 6.1992175245753076e-18
349.0642311070704 9.739066817918354e-18
349.1263065715591 6.449941588312828e-18
349.18838203604787 5.810399596658159e-18
349.2504575005366 1.0848082298612643e-17
349.3125329650253 5.6574276661051916e-18
349.37460842951407 3.872176798347308e-18
349.43668389400284 5.643758805925876e-18
349.49875935849155 2.7648307864227046e-18
349.56083482298027 3.4308527377207174e-18
349.62291028746904 5.920820364153257e-18
349.6849857519578 7.429482607355439e-18
349.7470612164465 1.2276455881321756e-17
349.80913668093524 9.564378621288757e-18
349.871212145424 8.849423019185075e-18
349.9332876099127 8.448695216657493e-18
349.99536307440144 7.062319867668388e-18
350.0574385388902 8.974951071420779e-18
350.119514003379 9.21870074353139e-18
350.1815894678677 1.2228083748852997e-17
350.2436649323564 8.484820379378898e-18
350.3057403968452 8.836883343227545e-18
350.3678158613339 7.771378244093583e-18
350.4298913258226 1.2754369742589052e-17
350.4919667903114 6.697578093179233e-18
350.55404225480015 8.212600168307028e-18
350.61611771928887 5.3725786401648325e-18
350.6781931837776 8.720162267240032e-18
350.74026864826635 8.296565662045237e-18
350.8023441127551 8.169933490443032e-18
350.86441957724384 7.4485029393775e-18
350.92649504173255 5.912285800631018e-18
350.9885705062213 7.872328069536877e-18
351.05064597071004 9.73899159002323e-18
351.11272143519875 1.0065172077073535e-17
351.1747968996875 1.0529410817798255e-17
351.2368723641763 1.3934511810217538e-17
351.298947828665 6.669470815299291e-18
351.3610232931537 8.782008987284137e-18
351.4230987576425 1.1574209539376877e-17
351.4851742221312 7.857223857022009e-18
351.5472496866199 3.3812707485758864e-18
351.6093251511087 2.4525675233215387e-18
351.67140061559746 3.6242075458019495e-18
351.7334760800862 3.5417747939715386e-18
351.7955515445749 3.877100226041062e-18
351.85762700906366 5.743391446548543e-18
351.91970247355243 4.787947518126322e-18
351.98177793804115 1.622342989209853e-18
352.04385340252986 1.0045562617780782e-17
352.10592886701863 8.636824525210999e-18
352.16800433150735 1.1841924081298946e-18
352.23007979599606 1.2216700717815434e-18
352.29215526048483 3.485722058391154e-18
352.3542307249736 6.600910368310445e-18
352.4163061894623 7.810415801981623e-18
352.47838165395103 1.5068387660290368e-18
352.5404571184398 1.619861911104996e-18
352.6025325829285 3.891672754734954e-18
352.66460804741723 5.613114451311739e-18
352.726683511906 8.686763388552011e-18
352.7887589763948 7.666159469329603e-18
352.8508344408835 7.832839953090794e-18
352.9129099053722 8.358806865632572e-18
352.974985369861 4.100617057060326e-18
353.03706083434975 1.7117543776327371e-18
353.09913629883846 6.4389980997379565e-18
353.1612117633272 7.526681597410447e-18
353.22328722781594 2.3726302488692614e-18
353.28536269230466 7.245106915151455e-18
353.3474381567934 1.0648384848652066e-17
353.40951362128214 6.172326809956276e-18
353.4715890857709 6.84565189216311e-18
353.53366455025963 5.423537644321693e-18
353.59574001474834 9.709308622663243e-18
353.6578154792371 5.524568394925475e-18
353.71989094372583 3.501805184267073e-18
353.78196640821454 5.256607523286497e-18
353.8440418727033 7.029244528403156e-18
353.9061173371921 7.774749215513684e-18
353.9681928016808 1.0899751090545175e-17
354.0302682661695 1.2585038910311011e-17
354.0923437306583 8.707627934489097e-18
354.15441919514706 8.055046557151976e-18
354.21649465963577 6.225122644589428e-18
354.2785701241245 6.367887751447225e-18
354.34064558861326 5.023448050552978e-18
354.40272105310197 1.3431472059613969e-18
354.4647965175907 3.0421062089227248e-18
354.52687198207946 2.165074421576806e-18
354.5889474465682 5.244673855341376e-18
354.65102291105694 4.181528144562325e-18
354.71309837554566 3.993848985420944e-18
354.7751738400344 7.515293334596133e-18
354.83724930452314 3.493194862178763e-18
354.89932476901186 3.702052768044865e-18
354.9614002335006 3.600671105210305e-18
355.0234756979894 1.7710073705985595e-18
355.0855511624781 2.7938082997266517e-18
355.1476266269668 8.497479978429183e-18
355.2097020914556 9.925744926357584e-18
355.27177755594437 8.63612786672071e-18
355.333853020433 6.849379300475689e-18
355.3959284849218 7.01013067029216e-18
355.45800394941057 8.032158837060132e-18
355.5200794138993 4.9139631771657646e-18
355.582154878388 5.7922493397842094e-18
355.64423034287677 7.036797314571479e-18
355.70630580736554 3.291497092440381e-18
355.76838127185425 4.6216384350090054e-18
355.83045673634297 6.078483471890135e-18
355.89253220083174 8.181456464814967e-18
355.95460766532045 6.380134916288334e-18
356.01668312980917 6.603807112738528e-18
356.07875859429794 5.078027175715513e-18
356.1408340587867 5.258885336995599e-18
356.2029095232754 5.754050914192144e-18
356.26498498776414 4.886451159253813e-18
356.3270604522529 3.9840064815432345e-18
356.3891359167417 5.1652383561097014e-18
356.45121138123034 6.735657412829467e-18
356.5132868457191 5.260539793653373e-18
356.5753623102079 4.443156563539776e-18
356.6374377746966 1.1707906587615967e-18
356.6995132391853 3.2984075231208967e-18
356.7615887036741 9.368569380077254e-18
356.82366416816285 7.093588598189744e-18
356.88573963265156 5.7725346075130554e-18
356.9478150971403 4.2387947841229835e-18
357.00989056162905 3.645012851695774e-18
357.07196602611776 5.620634203945965e-18
357.1340414906065 3.0487615739244538e-18
357.19611695509525 5.5214392101578276e-18
357.258192419584 6.095507414759499e-18
357.32026788407273 4.718151715474439e-18
357.38234334856145 4.243883534590836e-18
357.4444188130502 5.851985426987201e-18
357.506494277539 4.386670665229047e-18
357.56856974202765 2.3202579540568202e-18
357.6306452065164 3.592919062010462e-18
357.6927206710052 5.102514901058163e-18
357.7547961354939 4.790695036841252e-18
357.8168715999826 2.831388088894996e-18
357.8789470644714 3.8438579430989126e-18
357.94102252896016 3.652614964417577e-18
358.0030979934489 5.1007884643722236e-18
358.0651734579376 6.835139130801653e-18
358.12724892242636 4.0973008099998835e-18
358.1893243869151 1.7562566210049975e-18
358.2513998514038 2.166866395162495e-18
358.31347531589256 4.555656010655998e-18
358.37555078038133 6.272637828080297e-18
358.43762624487005 4.4546649167095735e-18
358.49970170935876 3.4616667642193217e-18
358.56177717384753 3.4223180548130717e-18
358.6238526383363 5.249951096837432e-18
358.68592810282496 2.701676650114878e-18
358.74800356731373 3.2713483894507825e-18
358.8100790318025 3.631389591682905e-18
358.8721544962912 4.479177923587567e-18
358.93422996077993 2.670794816570948e-18
358.9963054252687 3.701944612482998e-18
359.0583808897575 4.322735471251647e-18
359.1204563542462 4.263686569071759e-18
359.1825318187349 5.851691636423505e-18
359.2446072832237 2.490743232157291e-18
359.3066827477124 2.5795931173942594e-18
359.3687582122011 5.601412602661952e-18
359.4308336766899 4.133783042571218e-18
359.49290914117864 4.524606608041796e-18
359.55498460566736 2.307667128081097e-18
359.61706007015607 1.935860619350541e-18
359.67913553464484 4.630380232036439e-18
359.7412109991336 5.2993365558008995e-18
359.80328646362227 4.400298149523505e-18
359.86536192811104 4.3661759548597675e-18
359.9274373925998 4.315292802934607e-18
359.9895128570885 4.8524442923298494e-18
360.05158832157724 5.193029221186044e-18
360.113663786066 3.713918559354664e-18
360.1757392505548 4.063339644903974e-18
360.2378147150435 4.813763377968057e-18
360.2998901795322 3.853200432331165e-18
360.361965644021 3.1212600828507667e-18
360.4240411085097 3.149293190889759e-18
360.4861165729984 3.826514765743529e-18
360.5481920374872 2.8291402749008974e-18
360.61026750197595 3.0457061402350817e-18
360.67234296646467 3.608205585022768e-18
360.7344184309534 4.598206369521537e-18
360.79649389544215 4.829435623998024e-18
360.8585693599309 4.12899966162474e-18
360.9206448244196 3.2265110583560942e-18
360.98272028890835 3.336662320637504e-18
361.0447957533971 3.643903080532736e-18
361.10687121788584 4.653251049878953e-18
361.16894668237455 4.735490840780232e-18
361.2310221468633 4.575698260902915e-18
361.2930976113521 4.109644266949342e-18
361.3551730758408 4.4852922946013835e-18
361.4172485403295 3.703116968217833e-18
361.4793240048183 3.390929631441756e-18
361.541399469307 3.617793560493976e-18
361.6034749337957 3.5438100749159085e-18
361.6655503982845 3.8288761085535605e-18
361.72762586277327 3.2781198165431606e-18
361.789701327262 3.47150455611219e-18
361.8517767917507 5.01374762127655e-18
361.91385225623947 4.831651255470061e-18
361.9759277207282 3.8920588885944054e-18
362.0380031852169 4.0506535210003215e-18
362.10007864970567 4.6438290781359065e-18
362.16215411419444 3.11047295852372e-18
362.22422957868315 2.7995919320201443e-18
362.28630504317186 3.3322381436728137e-18
362.34838050766064 2.5174021942634263e-18
362.4104559721494 3.0945306966807104e-18
362.4725314366381 2.6473627409025294e-18
362.53460690112684 2.750933506549921e-18
362.5966823656156 4.399024391221349e-18
362.6587578301043 2.3364449689163567e-18
362.72083329459304 2.9231713946509954e-18
362.7829087590818 1.239582977029615e-18
362.8449842235706 2.80453666126235e-18
362.9070596880593 5.125350538575463e-18
362.969135152548 2.611763182656991e-18
363.0312106170368 2.8407053808871593e-18
363.0932860815255 2.1198417701493165e-18
363.1553615460142 2.833353642382962e-18
363.217437010503 3.70522812803979e-18
363.27951247499175 4.0819194461138425e-18
363.34158793948046 3.998035956300302e-18
363.4036634039692 3.824579079173251e-18
363.46573886845795 3.921910148686032e-18
363.5278143329467 3.588934088231028e-18
363.58988979743543 3.0444491689824797e-18
363.65196526192415 3.750760012172299e-18
363.7140407264129 4.490839821334824e-18
363.77611619090163 3.936165279271362e-18
363.83819165539035 3.228201413629302e-18
363.9002671198791 2.3961421380020524e-18
363.9623425843679 3.119214650989915e-18
364.0244180488566 2.890334444167328e-18
364.0864935133453 3.567596295468316e-18
364.1485689778341 3.257978681022919e-18
364.2106444423228 2.9053263989763833e-18
364.2727199068115 3.8630593502224154e-18
364.3347953713003 4.160127044224446e-18
364.39687083578906 2.897208640517073e-18
364.4589463002778 2.353400661540241e-18
364.5210217647665 2.8568406336811786e-18
364.58309722925526 4.2199642639920944e-18
364.64517269374403 4.205164302228432e-18
364.70724815823274 3.554664156832893e-18
364.76932362272146 3.534457191342827e-18
364.83139908721023 3.217026157114729e-18
364.89347455169894 2.3728289386479427e-18
364.95555001618766 3.4000116928825832e-18
365.01762548067643 4.374595868010662e-18
365.0797009451652 3.252294859682812e-18
365.1417764096539 3.169353611293594e-18
365.20385187414263 3.641648305336783e-18
365.2659273386314 3.7928371872506196e-18
365.3280028031201 3.224792740261445e-18
365.3900782676088 1.8108772597236675e-18
365.4521537320976 2.11515953753994e-18
365.51422919658637 3.0921891265605453e-18
365.5763046610751 2.872754565744984e-18
365.6383801255638 4.459574618211717e-18
365.70045559005257 4.757882887229035e-18
365.76253105454134 5.384455299774137e-18
365.82460651903006 5.6246933272311794e-18
365.88668198351877 4.2821367463703885e-18
365.94875744800754 3.137755200166439e-18
366.01083291249626 2.640952821744198e-18
366.07290837698497 2.9694648883780173e-18
366.13498384147374 3.748655521207353e-18
366.1970593059625 4.123797706133858e-18
366.2591347704512 2.7579592640535575e-18
366.32121023493994 2.267035799986271e-18
366.3832856994287 4.116517694270288e-18
366.4453611639174 3.870523714913319e-18
366.50743662840614 3.2542008250693885e-18
366.5695120928949 2.962844621444283e-18
366.6315875573837 3.62620093012966e-18
366.6936630218724 3.809019584735889e-18
366.7557384863611 2.826318413998456e-18
366.8178139508499 2.908586303448663e-18
366.87988941533865 3.0001516359996045e-18
366.94196487982737 2.727062598825343e-18
367.0040403443161 3.390092716130498e-18
367.06611580880485 3.2364424545496422e-18
367.12819127329357 1.9556933640161156e-18
367.1902667377823 2.914748765890513e-18
367.25234220227105 4.1268761951939044e-18
367.3144176667598 3.765890978407199e-18
367.37649313124854 3.76811115346553e-18
367.43856859573725 3.448731443745602e-18
367.500644060226 3.301669954743962e-18
367.56271952471474 2.9374588936592165e-18
367.62479498920345 2.243638161498183e-18
367.6868704536922 2.727581521641192e-18
367.748945918181 3.1789363694591888e-18
367.8110213826697 3.0465373846039405e-18
367.8730968471584 3.363892792974104e-18
367.9351723116472 3.217405429653034e-18
367.99724777613596 2.9743641040880163e-18
368.0593232406247 3.3217989953549524e-18
368.1213987051134 3.2639242473341048e-18
368.18347416960216 3.62303703039237e-18
368.2455496340909 2.2628548309612837e-18
368.3076250985796 2.344525531952331e-18
368.36970056306836 3.1719479448960413e-18
368.43177602755713 2.501939421090228e-18
368.49385149204585 1.8801848205546562e-18
368.55592695653456 2.1494415929689356e-18
368.61800242102333 2.9755292644329583e-18
368.68007788551205 3.555765289587086e-18
368.74215335000076 3.2798107657518677e-18
368.80422881448953 2.8075537383206333e-18
368.8663042789783 2.925148738998328e-18
368.928379743467 2.6556462068697346e-18
368.99045520795573 2.5261370964115916e-18
369.0525306724445 2.7815200024807523e-18
369.1146061369333 2.9294604671472067e-18
369.17668160142193 2.1846171304658784e-18
369.2387570659107 2.2468620718918953e-18
369.3008325303995 2.5586872818259732e-18
369.3629079948882 2.651650371439188e-18
369.4249834593769 3.2266355397445803e-18
369.4870589238657 2.7278821141500017e-18
369.54913438835445 2.9629444134293216e-18
369.61120985284316 3.2234548417929924e-18
369.6732853173319 3.3699449093702124e-18
369.73536078182065 2.863965876785668e-18
369.79743624630936 2.776372235866636e-18
369.8595117107981 2.566979687427108e-18
369.92158717528685 2.3026553638389838e-18
369.9836626397756 2.272186282310928e-18
370.04573810426433 2.9922629652379385e-18
370.10781356875304 3.253471272199629e-18
370.1698890332418 2.9621115449241706e-18
370.2319644977306 2.988104653399579e-18
370.29403996221924 2.8182199088082406e-18
370.356115426708 2.9857056346402223e-18
370.4181908911968 3.495212637232077e-18
370.4802663556855 2.5809597963412953e-18
370.5423418201742 2.5461349577931934e-18
370.604417284663 3.1066531739753613e-18
370.66649274915176 3.1512877721057166e-18
370.7285682136405 2.7793824451315005e-18
370.7906436781292 2.940506956510887e-18
370.85271914261796 3.065042455605355e-18
370.91479460710667 2.7618626487986172e-18
370.9768700715954 2.481029342254825e-18
371.03894553608416 3.0706126309778276e-18
371.1010210005729 3.396208479009053e-18
371.16309646506164 2.9457225351742006e-18
371.22517192955036 2.967467401983944e-18
371.2872473940391 3.2568730478058915e-18
371.3493228585279 2.5623350576714692e-18
371.41139832301656 2.590910184170411e-18
371.4734737875053 2.1608778962313146e-18
371.5355492519941 3.0184129881792474e-18
371.5976247164828 3.2141460459488747e-18
371.6597001809715 2.5990596719148798e-18
371.7217756454603 2.834772656151679e-18
371.78385110994907 3.2862193283449174e-18
371.8459265744378 3.349659324904747e-18
371.9080020389265 3.911737452184815e-18
371.97007750341527 2.7484461899393036e-18
372.032152967904 2.12855895114253e-18
372.0942284323927 3.3394713998289388e-18
372.15630389688147 3.0564922084402524e-18
372.21837936137024 2.9015931406859792e-18
372.28045482585895 2.3921521942550726e-18
372.34253029034767 2.69732522531075e-18
372.40460575483644 2.9351298148729923e-18
372.4666812193252 2.2829071100004653e-18
372.52875668381387 2.9216942500389944e-18
372.59083214830264 3.760386426939091e-18
372.6529076127914 2.982500202897509e-18
372.7149830772801 3.1626071220473944e-18
372.77705854176884 3.632232917514463e-18
372.8391340062576 3.1721887632968777e-18
372.9012094707464 3.286272470793011e-18
372.9632849352351 3.0348671883783516e-18
373.0253603997238 3.074246056226012e-18
373.0874358642126 2.8618435883809633e-18
373.1495113287013 2.8633066442771567e-18
373.21158679319 3.0417037465628647e-18
373.2736622576788 2.8866195047641227e-18
373.33573772216755 3.191979925993063e-18
373.39781318665626 3.062893980023967e-18
373.459888651145 3.0825597519217195e-18
373.52196411563375 3.638863506906363e-18
373.5840395801225 3.0484498310202623e-18
373.6461150446112 2.752169996883595e-18
373.70819050909995 3.546144528261614e-18
373.7702659735887 3.1172057686094342e-18
373.83234143807744 2.7083784592031252e-18
373.89441690256615 3.3863469814915525e-18
373.9564923670549 3.902685759418987e-18
374.0185678315437 3.5743566725221186e-18
374.0806432960324 3.537364704221095e-18
374.1427187605211 3.828167107216902e-18
374.2047942250099 3.085995648922288e-18
374.2668696894986 2.8057708493903112e-18
374.3289451539873 3.238251522484977e-18
374.3910206184761 3.600918734589477e-18
374.45309608296486 3.7366275676646176e-18
374.5151715474536 3.458371577412688e-18
374.5772470119423 2.7632469611596474e-18
374.63932247643106 3.341465335817283e-18
374.70139794091983 3.22158670325718e-18
374.7634734054085 2.4499270907337416e-18
374.82554886989726 3.3838337663397516e-18
374.88762433438603 3.797806467848277e-18
374.94969979887475 3.547097524904633e-18
375.01177526336346 4.001369661982636e-18
375.07385072785223 3.742469995708928e-18
375.135926192341 3.155871835479423e-18
375.1980016568297 3.155888674934254e-18
375.26007712131843 2.934712164193246e-18
375.3221525858072 3.3467169398083343e-18
375.3842280502959 2.600076328175549e-18
375.44630351478463 3.4220077266607613e-18
375.5083789792734 3.6000941888757775e-18
375.5704544437622 3.346878166604128e-18
375.6325299082509 3.3596627957386672e-18
375.6946053727396 3.333697222419505e-18
375.7566808372284 1.734854105711888e-18
375.81875630171714 3.044378487826552e-18
375.8808317662058 3.742285753595741e-18
375.9429072306946 3.693198894442336e-18
376.00498269518334 3.990267444275001e-18
376.06705815967206 3.501713900891384e-18
376.1291336241608 3.738521542565251e-18
376.19120908864954 3.662447009656608e-18
376.2532845531383 4.018250751258786e-18
376.31536001762703 3.3874744842292896e-18
376.37743548211574 3.529703717245031e-18
376.4395109466045 3.474855890370312e-18
376.50158641109323 3.5793477736875e-18
376.56366187558194 3.9398475263967276e-18
376.6257373400707 3.883462503846145e-18
376.6878128045595 3.4040612520465285e-18
376.7498882690482 3.055573350278874e-18
376.8119637335369 3.700044775500104e-18
376.8740391980257 4.200349244729738e-18
376.9361146625144 3.904988319786079e-18
376.9981901270031 3.6743702805970354e-18
377.0602655914919 3.513826229432909e-18
377.12234105598066 3.629249535367533e-18
377.18441652046937 3.664982006145274e-18
377.2464919849581 3.7939786399762375e-18
377.30856744944685 3.8704942399253145e-18
377.3706429139356 3.8916980026028374e-18
377.43271837842434 3.490842835253247e-18
377.49479384291305 3.678033751265538e-18
377.5568693074018 3.372949384299945e-18
377.61894477189054 3.3701439879760877e-18
377.68102023637925 4.028250145504287e-18
377.743095700868 3.833432750739496e-18
377.8051711653568 3.3049708789928394e-18
377.8672466298455 3.579624092070668e-18
377.9293220943342 3.852338133868922e-18
377.991397558823 4.6427780821906046e-18
378.0534730233117 4.138427672405389e-18
378.1155484878004 4.1538531888406656e-18
378.1776239522892 3.826047392952841e-18
378.23969941677797 3.4215436394256805e-18
378.3017748812667 3.702990789088165e-18
378.3638503457554 4.1761835558758135e-18
378.42592581024417 3.665241622410737e-18
378.48800127473294 4.0413377159328144e-18
378.55007673922165 4.184589102223667e-18
378.61215220371037 4.372041160568812e-18
378.67422766819914 4.554595018621565e-18
378.73630313268785 3.961440841924933e-18
378.79837859717657 3.748851335100294e-18
378.86045406166534 3.5611647376804045e-18
378.9225295261541 4.27609807840587e-18
378.9846049906428 3.9691879399154324e-18
379.04668045513154 4.38989083956046e-18
379.1087559196203 4.468706581754237e-18
379.170831384109 3.920320642397607e-18
379.23290684859774 4.198126326268175e-18
379.2949823130865 4.2289086456316075e-18
379.3570577775753 3.910258537340624e-18
379.419133242064 3.858974670184972e-18
379.4812087065527 3.8635461341128545e-18
379.5432841710415 4.767230214321692e-18
379.60535963553025 4.538005656317643e-18
379.66743510001896 4.1604570877877315e-18
379.7295105645077 4.032645573296697e-18
379.79158602899645 4.1117403203647475e-18
379.85366149348516 3.7992353437193325e-18
379.9157369579739 3.897345322678744e-18
379.97781242246265 4.0210583608947266e-18
380.0398878869514 4.0329043551672036e-18
380.10196335144013 4.231696858688127e-18
380.16403881592885 4.212429161623556e-18
380.2261142804176 3.790081343737895e-18
380.28818974490633 3.862245381034526e-18
380.35026520939505 4.17001410730458e-18
380.4123406738838 3.523000175343621e-18
380.4744161383726 4.133620247585384e-18
380.5364916028613 4.248427119299912e-18
380.59856706735 4.017046059907152e-18
380.6606425318388 4.183293028962855e-18
380.72271799632756 4.248029703640513e-18
380.7847934608163 4.143467382200395e-18
380.846868925305 4.704605478726738e-18
380.90894438979376 4.949394305142049e-18
380.9710198542825 4.7123927762594275e-18
381.0330953187712 3.908049081984101e-18
381.09517078325996 4.226051086999389e-18
381.15724624774873 4.7926270726335814e-18
381.21932171223744 4.5290452770025934e-18
381.28139717672616 4.307699157823882e-18
381.34347264121493 4.2442182713298914e-18
381.40554810570364 4.282238215981143e-18
381.46762357019236 3.835844711299841e-18
381.52969903468113 4.376859067573488e-18
381.5917744991699 4.657065059167911e-18
381.6538499636586 4.355015209439787e-18
381.71592542814733 4.439019283657807e-18
381.7780008926361 4.52431782216941e-18
381.8400763571249 4.240752977077749e-18
381.9021518216136 4.182768337903044e-18
381.9642272861023 4.484943797794713e-18
382.02630275059107 4.970221364488033e-18
382.0883782150798 4.331232735696394e-18
382.1504536795685 4.350362018261484e-18
382.21252914405727 4.727904474060789e-18
382.27460460854604 4.1969804379772446e-18
382.33668007303476 4.5268560422709614e-18
382.39875553752347 4.2489653421609886e-18
382.46083100201224 4.897358838150635e-18
382.52290646650096 4.9376017232276695e-18
382.58498193098967 4.7636450709507725e-18
382.64705739547844 4.814834512086337e-18
382.7091328599672 5.154664294563528e-18
382.7712083244559 4.922034178983811e-18
382.83328378894464 5.0807090681511354e-18
382.8953592534334 4.745264651533154e-18
382.9574347179222 4.675766078810769e-18
383.0195101824109 4.791152511808377e-18
383.0815856468996 4.785389019578541e-18
383.1436611113884 4.606577680895216e-18
383.2057365758771 4.490615148348789e-18
383.2678120403658 5.0011387995640654e-18
383.3298875048546 4.619595989601548e-18
383.39196296934335 4.423006253014773e-18
383.45403843383207 4.800730766725308e-18
383.5161138983208 5.106982759360581e-18
383.57818936280955 4.680262059024409e-18
383.64026482729827 4.435961141319267e-18
383.702340291787 4.31414622395033e-18
383.76441575627575 4.809675366850127e-18
383.8264912207645 5.156716059752568e-18
383.88856668525324 4.780490342083815e-18
383.95064214974195 4.3117988139596e-18
384.0127176142307 4.521332816917528e-18
384.0747930787195 4.728970397486279e-18
384.13686854320815 4.616149402123654e-18
384.1989440076969 4.938889719623681e-18
384.2610194721857 5.199540850507811e-18
384.3230949366744 5.2400411640807825e-18
384.3851704011631 4.758891918708535e-18
384.4472458656519 4.6071130997556636e-18
384.50932133014066 5.001656011978662e-18
384.5713967946294 4.724478033780184e-18
384.6334722591181 4.635078111999155e-18
384.69554772360686 5.204124552165316e-18
384.7576231880956 4.72637827804445e-18
384.8196986525843 4.805739089992479e-18
384.88177411707306 5.195375004802901e-18
384.94384958156184 5.211297360062916e-18
385.00592504605055 5.027466404062749e-18
385.06800051053926 4.7753237612039456e-18
385.13007597502803 5.337017508687513e-18
385.1921514395168 5.753123316208609e-18
385.25422690400546 5.870315970787395e-18
385.31630236849423 5.990015236688332e-18
385.378377832983 6.1489754161853806e-18
385.4404532974717 6.677554620805213e-18
385.50252876196043 7.950532255551685e-18
385.5646042264492 8.10741787685545e-18
385.626679690938 9.212870850426668e-18
385.6887551554267 9.736517113345612e-18
385.7508306199154 9.482783121680185e-18
385.8129060844042 9.716735491405735e-18
385.8749815488929 1.0018997161771216e-17
385.9370570133816 8.943103389070055e-18
385.9991324778704 8.759912483451758e-18
386.06120794235915 7.76975207627847e-18
386.12328340684786 6.124933691084589e-18
386.1853588713366 5.17942483865547e-18
386.24743433582535 5.003593242586416e-18
386.3095098003141 4.956648577169261e-18
386.3715852648028 4.7111637398012784e-18
386.43366072929155 4.354220739191909e-18
386.4957361937803 4.977052240850995e-18
386.55781165826903 5.2252702264932074e-18
386.61988712275775 4.908776775975574e-18
386.6819625872465 4.666616694472262e-18
386.7440380517353 4.848167879728226e-18
386.806113516224 4.646558240467092e-18
386.8681889807127 4.912055075116837e-18
386.9302644452015 5.329558263331261e-18
386.9923399096902 5.1453327596309644e-18
387.0544153741789 5.081331628930213e-18
387.1164908386677 5.2676459441085935e-18
387.17856630315646 5.3797301643057304e-18
387.2406417676452 5.077223547572726e-18
387.3027172321339 4.5999110664837616e-18
387.36479269662266 4.7571783132148346e-18
387.42686816111143 4.984771218469242e-18
387.4889436256001 4.938247104955601e-18
387.55101909008886 4.6434453755473665e-18
387.61309455457763 4.8747706617881265e-18
387.67517001906634 4.85920622419978e-18
387.73724548355506 5.123382341425292e-18
387.7993209480438 4.999408745991928e-18
387.8613964125326 5.160494659475757e-18
387.9234718770213 5.27137824798368e-18
387.98554734151 5.412599051253173e-18
388.0476228059988 5.007582818660914e-18
388.1096982704875 4.5971648217236075e-18
388.1717737349762 5.345985791778531e-18
388.233849199465 5.066933447463264e-18
388.29592466395377 5.293498200269958e-18
388.3580001284425 5.085231688840646e-18
388.4200755929312 4.970581948518199e-18
388.48215105741997 4.5549039848317115e-18
388.54422652190874 4.999959616078445e-18
388.6063019863974 5.017289162008937e-18
388.66837745088617 5.276224130694548e-18
388.73045291537494 5.0648885268827905e-18
388.79252837986365 4.973770073097368e-18
388.85460384435237 5.361819731118668e-18
388.91667930884114 5.102337985286111e-18
388.9787547733299 4.6157411317200705e-18
389.0408302378186 5.0028713003957476e-18
389.10290570230734 5.373095550816531e-18
389.1649811667961 5.243899498043925e-18
389.2270566312848 5.129035753913311e-18
389.28913209577354 4.905697070645816e-18
389.3512075602623 5.157175004282573e-18
389.4132830247511 4.9475994036861656e-18
389.4753584892398 5.093751370010161e-18
389.5374339537285 5.502161583406696e-18
389.5995094182173 5.060089869935508e-18
389.66158488270605 4.885772286756582e-18
389.7236603471947 4.767960274130773e-18
389.7857358116835 5.374529824847946e-18
389.84781127617225 5.408058156465221e-18
389.90988674066097 4.980499589056585e-18
389.9719622051497 5.180854522903309e-18
390.03403766963845 5.7583319488334804e-18
390.0961131341272 5.492588908807645e-18
390.15818859861594 4.889388884132789e-18
390.22026406310465 5.2869596694769866e-18
390.2823395275934 4.900544827218134e-18
390.34441499208214 5.280598021917986e-18
390.40649045657085 5.5203474183995875e-18
390.4685659210596 5.189708937560252e-18
390.5306413855484 5.152206301782135e-18
390.5927168500371 4.761816461983343e-18
390.6547923145258 4.574474235293031e-18
390.7168677790146 5.513681825611781e-18
390.77894324350336 5.3348031534142326e-18
390.841018707992 5.333174306541237e-18
390.9030941724808 5.369218998891915e-18
390.96516963696956 5.506054033713498e-18
391.0272451014583 5.157360944280228e-18
391.089320565947 5.1381550996786426e-18
391.15139603043576 5.333443568722082e-18
391.21347149492453 5.034752987677733e-18
391.27554695941325 4.817352586124732e-18
391.33762242390196 4.9586783811029015e-18
391.39969788839073 5.237135315564596e-18
391.46177335287945 5.2589545922555975e-18
391.52384881736816 5.235239625364379e-18
391.58592428185693 4.994114578388932e-18
391.6479997463457 4.835005553198786e-18
391.7100752108344 5.1628015811535195e-18
391.77215067532313 5.231212797896968e-18
391.8342261398119 5.111852436477511e-18
391.8963016043006 5.072775751967994e-18
391.95837706878933 5.330669953602413e-18
392.0204525332781 5.327714170963772e-18
392.0825279977669 5.328333784481359e-18
392.1446034622556 5.439990706796669e-18
392.2066789267443 5.200165234593526e-18
392.2687543912331 5.134362241870947e-18
392.3308298557218 5.290884549629215e-18
392.39290532021056 5.237861491277345e-18
392.4549807846993 4.984522926567459e-18
392.51705624918804 5.1882495859236245e-18
392.57913171367676 5.3859415725384185e-18
392.6412071781655 5.3428125906767606e-18
392.70328264265424 5.267280685676931e-18
392.765358107143 5.447417225375158e-18
392.82743357163173 5.416116575808723e-18
392.88950903612044 5.4644574138694135e-18
392.9515845006092 5.55229841380834e-18
393.01365996509793 5.822208514626474e-18
393.0757354295867 5.742789718961835e-18
393.1378108940754 6.101529545446707e-18
393.1998863585642 5.807525427258659e-18
393.2619618230529 5.51491439590075e-18
393.3240372875416 5.2702291001335324e-18
393.3861127520304 5.2518932378614155e-18
393.4481882165191 5.2141600543717624e-18
393.51026368100787 5.216751431834874e-18
393.5723391454966 5.416288794302143e-18
393.63441460998536 5.344568432477902e-18
393.69649007447407 5.0453214588667786e-18
393.7585655389628 4.9019006251933626e-18
393.82064100345156 4.553932496406464e-18
393.8827164679403 4.730744944823308e-18
393.94479193242904 5.115745830983174e-18
394.00686739691776 5.121567041334589e-18
394.0689428614065 5.3814761771447826e-18
394.13101832589524 5.580312181625859e-18
394.193093790384 5.482833208492334e-18
394.2551692548727 5.4676899596082e-18
394.3172447193615 5.427356536308278e-18
394.3793201838502 5.468993166915776e-18
394.4413956483389 5.760654417538243e-18
394.5034711128277 5.587389023593035e-18
394.5655465773164 5.300280922688469e-18
394.6276220418052 5.450344919685379e-18
394.6896975062939 5.481054626946805e-18
394.75177297078267 5.818370883558727e-18
394.8138484352714 5.687929334278023e-18
394.8759238997601 5.2711568639028766e-18
394.93799936424887 5.2614595854246464e-18
395.00007482873764 5.1086504339811706e-18
395.06215029322635 5.426095940638957e-18
395.12422575771507 5.6453954689261125e-18
395.18630122220384 5.3118522114146646e-18
395.24837668669255 5.471000251610846e-18
395.3104521511813 5.557940286796731e-18
395.37252761567004 5.7956690312784986e-18
395.4346030801588 5.60313430170972e-18
395.4966785446475 4.867388498777358e-18
395.55875400913624 4.659129087788276e-18
395.620829473625 5.4559704477391975e-18
395.6829049381137 5.18795788129805e-18
395.7449804026025 5.419002042318211e-18
395.8070558670912 5.264027713672358e-18
395.86913133158 5.5906723690177935e-18
395.9312067960687 5.3265203244362215e-18
395.9932822605574 5.349591994411309e-18
396.0553577250462 5.4428101042283016e-18
396.11743318953495 5.102534715670829e-18
396.17950865402366 5.301149522656135e-18
396.2415841185124 5.6232727023735734e-18
396.30365958300115 5.542620006879131e-18
396.36573504748986 5.128390319121783e-18
396.42781051197863 5.4792672028627075e-18
396.48988597646735 5.676266022813748e-18
396.5519614409561 5.6960795091725164e-18
396.61403690544483 5.904013071327886e-18
396.67611236993355 5.755338537603972e-18
396.7381878344223 5.452968348492281e-18
396.80026329891103 5.9033620965038765e-18
396.8623387633998 6.155455012083025e-18
396.9244142278885 6.219241455224613e-18
396.9864896923773 5.985436418086957e-18
397.048565156866 5.936514986478711e-18
397.1106406213547 5.7396130235325086e-18
397.1727160858435 5.377422371225996e-18
397.23479155033226 5.284403100021549e-18
397.296867014821 5.2312289555011206e-18
397.3589424793097 5.5184309717440086e-18
397.42101794379846 5.730302171778601e-18
397.4830934082872 5.39684082784427e-18
397.54516887277595 5.26049273045552e-18
397.60724433726466 5.534508700066383e-18
397.66931980175343 5.338124210219283e-18
397.73139526624215 5.341417917913655e-18
397.79347073073086 5.572951620614007e-18
397.85554619521963 5.557290515823933e-18
397.91762165970835 5.500976437401269e-18
397.9796971241971 5.263837888839751e-18
398.04177258868583 5.588060669656666e-18
398.1038480531746 5.6405412248910216e-18
398.1659235176633 5.3633122098868524e-18
398.22799898215203 5.494417786262695e-18
398.2900744466408 5.297629089426054e-18
398.3521499111296 5.5745986620527425e-18
398.4142253756183 5.4386428472845355e-18
398.476300840107 5.6206682203278554e-18
398.5383763045958 5.522468948395906e-18
398.6004517690845 5.3273157745325655e-18
398.66252723357326 5.3166806249921214e-18
398.724602698062 5.240737244131343e-18
398.78667816255074 5.019012024564958e-18
398.84875362703946 5.066105221855596e-18
398.91082909152817 4.830820094733173e-18
398.97290455601694 5.3132025228984426e-18
399.03498002050566 5.517053577595199e-18
399.0970554849944 5.860792925210804e-18
399.15913094948314 5.5228122431190716e-18
399.2212064139719 5.48508648163036e-18
399.2832818784606 5.5800999860729404e-18
399.34535734294934 5.342059044887645e-18
399.4074328074381 5.547072830437468e-18
399.4695082719269 5.607193397214305e-18
399.5315837364156 5.095219482355079e-18
399.5936592009043 5.1650898033092474e-18
399.6557346653931 5.373554290284409e-18
399.7178101298818 5.724522977955081e-18
399.77988559437057 5.683317520327385e-18
399.8419610588593 5.786790933943091e-18
399.90403652334805 5.9537221702076906e-18
399.96611198783677 6.318930920945712e-18
400.0281874523255 6.69314464456435e-18
400.09026291681425 7.188772134094941e-18
400.15233838130297 7.7864584424681e-18
400.21441384579174 8.678938635707555e-18
400.27648931028045 9.438291266664625e-18
400.3385647747692 1.0058188354874658e-17
400.40064023925794 1.0249955576662159e-17
400.46271570374665 1.0155267215346862e-17
400.5247911682354 8.910593539529484e-18
400.5868666327242 6.974840306764778e-18
400.6489420972129 5.733861212857964e-18
400.7110175617016 5.5817583986129025e-18
400.7730930261904 5.377184069431458e-18
400.8351684906791 5.378507293807949e-18
400.8972439551678 5.2806947766564125e-18
400.9593194196566 5.479243355488085e-18
401.02139488414537 5.523647014839967e-18
401.0834703486341 5.342887303784897e-18
401.1455458131228 5.961945949471179e-18
401.20762127761157 5.9314966486034955e-18
401.2696967421003 5.771049362960593e-18
401.33177220658905 5.824907066452141e-18
401.39384767107776 5.338659517983867e-18
401.45592313556654 5.53529223202427e-18
401.51799860005525 5.999580840319689e-18
401.58007406454396 5.719665615434476e-18
401.64214952903274 5.676188980650541e-18
401.7042249935215 5.783554119313605e-18
401.7663004580102 5.4682867302090564e-18
401.82837592249894 5.66169617591422e-18
401.8904513869877 5.4977744398425284e-18
401.9525268514764 5.582949303661987e-18
402.01460231596513 5.9689323933646226e-18
402.0766777804539 5.758628747484766e-18
402.1387532449427 5.844744500164495e-18
402.2008287094314 6.006102533269866e-18
402.2629041739201 6.442539908555056e-18
402.3249796384089 6.718800877037112e-18
402.3870551028976 6.8132995810204e-18
402.44913056738636 6.956668518712938e-18
402.5112060318751 7.089399755805737e-18
402.57328149636385 7.223600765097155e-18
402.63535696085256 6.827858451346045e-18
402.6974324253413 6.141185597079916e-18
402.75950788983005 5.892998345723047e-18
402.8215833543188 5.589871172385899e-18
402.88365881880753 5.65986028240345e-18
402.94573428329625 5.7337030287745226e-18
403.007809747785 5.6684343523061155e-18
403.06988521227373 5.637426762077707e-18
403.13196067676245 5.837482408625984e-18
403.1940361412512 5.6392881906868925e-18
403.25611160574 5.508274324102794e-18
403.3181870702287 5.616307979006363e-18
403.3802625347174 5.737270634148341e-18
403.4423379992062 5.649679999824995e-18
403.5044134636949 5.577364674920661e-18
403.5664889281837 5.810529516106058e-18
403.6285643926724 5.656953560864975e-18
403.69063985716116 5.699635793261908e-18
403.7527153216499 5.602658303373819e-18
403.8147907861386 5.608907502738085e-18
403.87686625062736 5.6440960317192545e-18
403.9389417151161 5.4626066738455305e-18
404.00101717960484 5.6606189478969965e-18
404.06309264409356 5.800946422877666e-18
404.12516810858233 5.735238928739661e-18
404.18724357307104 5.671506573050482e-18
404.24931903755976 5.519517668166275e-18
404.31139450204853 5.653742314964953e-18
404.3734699665373 5.535902844906054e-18
404.435545431026 5.8371488762897215e-18
404.49762089551473 5.525855363489594e-18
404.5596963600035 5.2623266147765056e-18
404.6217718244922 4.9888401771672575e-18
404.683847288981 5.425994964484409e-18
404.7459227534697 5.0313390687974845e-18
404.80799821795847 5.256218938910138e-18
404.8700736824472 4.916028755042041e-18
404.9321491469359 5.214564490356759e-18
404.99422461142467 5.275761032914807e-18
405.0563000759134 5.045336182255693e-18
405.11837554040216 5.069866742983577e-18
405.18045100489087 5.582408623007754e-18
405.24252646937964 5.488613957638846e-18
405.30460193386835 5.5679633466799335e-18
405.36667739835707 5.5837065285163816e-18
405.42875286284584 5.347770328684164e-18
405.4908283273346 5.4792434559109096e-18
405.5529037918233 5.4760046496006414e-18
405.61497925631204 5.532995282792345e-18
405.6770547208008 5.327218165167461e-18
405.7391301852895 5.406551108816877e-18
405.8012056497783 5.529545205635384e-18
405.863281114267 5.365242543826804e-18
405.9253565787558 5.548788478894909e-18
405.9874320432445 5.660267661077113e-18
406.0495075077332 5.394540057972227e-18
406.111582972222 5.2824854191254534e-18
406.1736584367107 5.388555184954106e-18
406.23573390119947 5.4905935576449244e-18
406.2978093656882 5.3265205910917965e-18
406.35988483017695 5.357301358646561e-18
406.42196029466567 5.3786236590751036e-18
406.4840357591544 5.482448894259185e-18
406.54611122364315 5.352367608477055e-18
406.6081866881319 5.364937506760924e-18
406.67026215262064 5.330227779148114e-18
406.73233761710935 5.3783547664111025e-18
406.7944130815981 5.431261993648752e-18
406.85648854608684 5.303645539555263e-18
406.9185640105756 5.127451321704813e-18
406.9806394750643 5.1079974106326464e-18
407.0427149395531 4.86720915784187e-18
407.1047904040418 5.134767847476675e-18
407.1668658685305 5.361975944592653e-18
407.2289413330193 4.9094860913065574e-18
407.291016797508 5.0767977440914786e-18
407.3530922619968 5.554015710744248e-18
407.4151677264855 5.233805665213462e-18
407.47724319097426 5.174014062007258e-18
407.539318655463 5.341948717613949e-18
407.6013941199517 5.401551427232942e-18
407.66346958444046 5.304660676774323e-18
407.72554504892923 5.4750556145992385e-18
407.78762051341795 5.541523075495562e-18
407.84969597790666 5.348277037920474e-18
407.91177144239543 5.447368650002918e-18
407.97384690688415 5.2709026600316695e-18
408.0359223713729 5.534946953393259e-18
408.09799783586163 5.5968769829005465e-18
408.1600733003504 5.5220513448137596e-18
408.2221487648391 5.326136715031916e-18
408.28422422932783 5.29298136567022e-18
408.3462996938166 5.458518813632352e-18
408.4083751583053 5.079667113595506e-18
408.4704506227941 4.775951772160203e-18
408.5325260872828 4.65715216630928e-18
408.5946015517716 4.978529375867027e-18
408.6566770162603 5.005835835927253e-18
408.718752480749 4.729246174600878e-18
408.7808279452378 4.7203848012293175e-18
408.84290340972655 5.2324150080106256e-18
408.90497887421526 5.146495514238799e-18
408.967054338704 5.357921502008811e-18
409.02912980319275 5.491662045971996e-18
409.09120526768146 5.309225700602677e-18
409.15328073217023 5.252754167680106e-18
409.21535619665895 5.3907657830277834e-18
409.2774316611477 5.288593382011841e-18
409.33950712563643 5.3208045059367e-18
409.40158259012514 5.405479405928197e-18
409.4636580546139 5.431634432647631e-18
409.52573351910263 5.455401323462895e-18
409.5878089835914 5.376066373299986e-18
409.6498844480801 5.450819178782914e-18
409.7119599125689 5.235395285204343e-18
409.7740353770576 5.321870357327062e-18
409.8361108415463 5.387329837133429e-18
409.8981863060351 5.16155446305906e-18
409.96026177052386 5.1517223763778655e-18
410.02233723501257 5.185405447053527e-18
410.0844126995013 5.455077124306076e-18
410.14648816399006 5.724393088540528e-18
410.20856362847877 5.494607186429605e-18
410.27063909296754 5.922993227173833e-18
410.33271455745626 6.133919260534721e-18
410.394790021945 6.22763044715364e-18
410.45686548643374 6.609017882669912e-18
410.51894095092246 6.893869196331353e-18
410.5810164154112 7.125236502514933e-18
410.64309187989994 7.38310941596759e-18
410.7051673443887 7.573212303837299e-18
410.7672428088774 7.039487276712601e-18
410.8293182733662 6.6621788851918294e-18
410.8913937378549 6.557179190151211e-18
410.9534692023436 6.411620081050768e-18
411.0155446668324 5.9668407277760745e-18
411.07762013132117 5.785868265072842e-18
411.1396955958099 5.549526105970693e-18
411.2017710602986 5.246129346588347e-18
411.26384652478737 5.414343454696462e-18
411.3259219892761 5.357220495982223e-18
411.38799745376485 5.1966258193113e-18
411.45007291825357 5.056566645391966e-18
411.51214838274234 4.9295531791248756e-18
411.57422384723105 5.101170818999743e-18
411.63629931171977 5.2673448841223266e-18
411.69837477620854 5.159872785241538e-18
411.76045024069725 5.305539542339096e-18
411.822525705186 5.451147699507121e-18
411.88460116967474 5.419097533506002e-18
411.9466766341635 5.3421158906348565e-18
412.0087520986522 5.302257864179235e-18
412.07082756314094 5.185906825339006e-18
412.1329030276297 5.410609044886981e-18
412.1949784921185 5.421549217111133e-18
412.2570539566072 5.251972446699511e-18
412.3191294210959 5.2344188146533744e-18
412.3812048855847 5.2494418684308226e-18
412.4432803500734 5.251921781435388e-18
412.50535581456217 5.159375560070815e-18
412.5674312790509 5.354590080396479e-18
412.62950674353965 5.517904362204353e-18
412.69158220802836 5.287195296654216e-18
412.7536576725171 5.366162551861333e-18
412.81573313700585 5.2975423420777226e-18
412.87780860149456 5.333180104104681e-18
412.93988406598334 5.234017606721695e-18
413.00195953047205 5.224924258113044e-18
413.0640349949608 5.283539401152078e-18
413.12611045944954 5.2977462013187065e-18
413.18818592393825 5.210522633591518e-18
413.250261388427 5.272774943545006e-18
413.3123368529158 5.17488243274203e-18
413.3744123174045 5.0605095131439605e-18
413.4364877818932 5.4220902577859866e-18
413.498563246382 5.314400492457472e-18
413.5606387108707 5.3691826012771215e-18
413.6227141753595 5.304813719163498e-18
413.6847896398482 5.070177667129488e-18
413.74686510433696 5.192478327307406e-18
413.8089405688257 5.444945035708433e-18
413.8710160333144 5.340895719358551e-18
413.93309149780316 5.3202561329340804e-18
413.9951669622919 5.203373044972703e-18
414.05724242678065 5.613507375659123e-18
414.11931789126936 5.2634505978283596e-18
414.18139335575813 5.427629739665684e-18
414.24346882024685 5.56689556614493e-18
414.30554428473556 5.572269700022683e-18
414.36761974922433 5.302475411152083e-18
414.4296952137131 5.323580814592287e-18
414.4917706782018 5.346678748109828e-18
414.55384614269053 5.470771955429526e-18
414.6159216071793 5.1744386988147085e-18
414.677997071668 5.196763448472658e-18
414.74007253615673 5.405097314376078e-18
414.8021480006455 5.4381641982504336e-18
414.8642234651343 5.4189352902556704e-18
414.926298929623 5.3415614500315154e-18
414.9883743941117 5.1241019731115575e-18
415.0504498586005 5.289640864270147e-18
415.1125253230892 5.311172781214448e-18
415.17460078757796 5.127352415931706e-18
415.2366762520667 5.2319565408015824e-18
415.29875171655544 5.31989951837993e-18
415.36082718104416 5.3090982803007284e-18
415.4229026455329 5.328031303101557e-18
415.48497811002164 5.2875569425813e-18
415.5470535745104 5.341789917503072e-18
415.60912903899913 5.337611549364442e-18
415.67120450348784 5.24871790750936e-18
415.7332799679766 5.295623754765507e-18
415.7953554324653 5.213064156187448e-18
415.85743089695404 5.2003965544219814e-18
415.9195063614428 5.2015408108123236e-18
415.9815818259316 5.11865277868538e-18
416.0436572904203 5.205532250865522e-18
416.105732754909 5.251804502561674e-18
416.1678082193978 5.264490856423534e-18
416.2298836838865 5.270014322179989e-18
416.29195914837527 5.36276290679063e-18
416.354034612864 5.030835604788466e-18
416.41611007735276 4.883838883085465e-18
416.47818554184147 5.155618521682853e-18
416.5402610063302 5.177225534778753e-18
416.60233647081895 5.4499803194873185e-18
416.6644119353077 5.217131230071262e-18
416.72648739979644 5.340491225626453e-18
416.78856286428515 5.3682365802871764e-18
416.8506383287739 5.3743513462923965e-18
416.91271379326264 5.0899668910476145e-18
416.97478925775135 4.975107843353718e-18
417.0368647222401 5.169437541115599e-18
417.0989401867289 5.370207416532118e-18
417.1610156512176 5.231693115881919e-18
417.2230911157063 4.914935960491472e-18
417.2851665801951 5.0465653793693984e-18
417.3472420446838 5.268456372282612e-18
417.4093175091726 5.417539731183166e-18
417.4713929736613 5.097656528426447e-18
417.53346843815007 5.101467314145593e-18
417.5955439026388 5.0889002991592465e-18
417.6576193671275 5.0473302875043776e-18
417.71969483161627 5.007296558892602e-18
417.78177029610504 4.996972481538952e-18
417.84384576059375 4.967292642271371e-18
417.90592122508247 5.08604031061573e-18
417.96799668957124 5.089342275653132e-18
418.03007215405995 5.132442852717295e-18
418.09214761854867 5.229792813332794e-18
418.15422308303744 5.0614368236723186e-18
418.2162985475262 5.050687133231214e-18
418.2783740120149 5.112269112809033e-18
418.34044947650364 5.217671512382417e-18
418.4025249409924 5.070879946824686e-18
418.4646004054811 5.0966599368173486e-18
418.5266758699699 5.167801917721775e-18
418.5887513344586 5.0255050789769365e-18
418.6508267989474 5.138569456481888e-18
418.7129022634361 5.297208323903281e-18
418.7749777279248 5.178360319379859e-18
418.8370531924136 4.92307457478525e-18
418.8991286569023 4.9261228878460364e-18
418.96120412139106 5.036578164608451e-18
419.0232795858798 5.089795241236918e-18
419.08535505036855 5.069626767213911e-18
419.14743051485726 5.247773561174681e-18
419.209505979346 5.128548262632663e-18
419.27158144383475 4.9879188216405864e-18
419.3336569083235 4.9519598717229644e-18
419.39573237281223 4.956090822436694e-18
419.45780783730095 4.977764785986686e-18
419.5198833017897 4.9503608910908896e-18
419.58195876627843 4.904199413897741e-18
419.6440342307672 5.0970076366605785e-18
419.7061096952559 5.0117395664346276e-18
419.7681851597447 4.955690323558023e-18
419.8302606242334 4.758452668577634e-18
419.8923360887221 4.887695262017104e-18
419.9544115532109 5.1027578023784595e-18
420.0164870176996 4.937477546303291e-18
420.0785624821884 4.972738382867887e-18
420.1406379466771 4.984564817960229e-18
420.20271341116586 5.140976371417132e-18
420.2647888756546 4.912727513098306e-18
420.3268643401433 4.875634651471496e-18
420.38893980463206 4.864783016981787e-18
420.45101526912083 4.954111901035419e-18
420.51309073360954 5.030667412093176e-18
420.57516619809826 5.1006519576636314e-18
420.63724166258703 4.911853128830454e-18
420.69931712707574 5.163538245256872e-18
420.7613925915645 5.0255786578806665e-18
420.82346805605323 5.042126338019213e-18
420.885543520542 4.906101565122327e-18
420.9476189850307 4.832823833261818e-18
421.00969444951943 4.933996972421409e-18
421.0717699140082 5.039604902091611e-18
421.1338453784969 5.095356545366407e-18
421.1959208429857 5.058589772293212e-18
421.2579963074744 4.8631259814134244e-18
421.32007177196317 4.830924019956684e-18
421.3821472364519 4.869696491881643e-18
421.4442227009406 4.7808851901580706e-18
421.50629816542937 4.7838634214973326e-18
421.56837362991814 4.9731009968752215e-18
421.63044909440686 5.076497380672483e-18
421.69252455889557 5.036043175162031e-18
421.75460002338434 4.827884565151845e-18
421.81667548787306 4.887867498483776e-18
421.8787509523618 4.98019752232928e-18
421.94082641685054 5.106547634763865e-18
422.0029018813393 4.9135763354866325e-18
422.064977345828 4.9729493910300206e-18
422.12705281031674 4.806137656105599e-18
422.1891282748055 4.6595798109975745e-18
422.2512037392942 4.9340173852276154e-18
422.313279203783 5.1278722934096455e-18
422.3753546682717 4.829139599715998e-18
422.4374301327605 4.6163939995999375e-18
422.4995055972492 4.642405173966117e-18
422.5615810617379 4.716706247440316e-18
422.6236565262267 4.900789781041569e-18
422.68573199071545 4.777273759040957e-18
422.74780745520417 4.749360904757438e-18
422.8098829196929 4.736894992678703e-18
422.87195838418165 4.6545591258228605e-18
422.93403384867037 4.8105577821771955e-18
422.99610931315914 4.816689323983054e-18
423.05818477764785 4.854878025231562e-18
423.1202602421366 4.749671659864883e-18
423.18233570662534 4.977881712900534e-18
423.24441117111405 4.995427777897718e-18
423.3064866356028 5.0030266010208754e-18
423.36856210009154 4.861409643334505e-18
423.4306375645803 4.817584892150634e-18
423.492713029069 4.6537286719407924e-18
423.5547884935578 4.720033303430168e-18
423.6168639580465 4.852311673714898e-18
423.6789394225352 4.5451884090765705e-18
423.741014887024 4.7729255075854116e-18
423.80309035151276 4.91447932404624e-18
423.8651658160015 4.6313937485525814e-18
423.9272412804902 4.674924984867761e-18
423.98931674497896 4.913530134123898e-18
424.0513922094677 5.209733451236314e-18
424.11346767395645 5.3166002217546675e-18
424.17554313844516 5.6113761236263e-18
424.23761860293394 6.017230124218112e-18
424.29969406742265 5.915205249203608e-18
424.36176953191136 6.465761036227108e-18
424.42384499640013 6.7176564945184965e-18
424.48592046088885 6.7360101491126376e-18
424.5479959253776 6.3582614352935146e-18
424.61007138986633 6.022179393285831e-18
424.6721468543551 5.330352070652859e-18
424.7342223188438 4.871505931108545e-18
424.79629778333253 4.732410452267312e-18
424.8583732478213 4.781466020325734e-18
424.9204487123101 4.675075369963196e-18
424.9825241767988 4.661076431098139e-18
425.0445996412875 4.769925651091091e-18
425.1066751057763 4.541394880862097e-18
425.168750570265 4.492104238606409e-18
425.23082603475376 4.579356635606159e-18
425.2929014992425 4.825175023989616e-18
425.35497696373125 4.758045879771975e-18
425.41705242821996 4.5702649849948514e-18
425.4791278927087 4.6331319912047434e-18
425.54120335719745 4.565698913925501e-18
425.60327882168616 4.666148966054834e-18
425.66535428617493 4.6635534365778935e-18
425.72742975066365 4.660492454383071e-18
425.7895052151524 4.791501077710764e-18
425.85158067964113 4.764724910521884e-18
425.91365614412985 4.776687290307727e-18
425.9757316086186 4.630339105849159e-18
426.0378070731074 4.7066982773294754e-18
426.0998825375961 4.803118689288867e-18
426.1619580020848 4.77438507523052e-18
426.2240334665736 4.7533134596925276e-18
426.2861089310623 4.776446364337935e-18
426.3481843955511 4.7516237326654085e-18
426.4102598600398 4.79826340969598e-18
426.47233532452856 4.861949887801778e-18
426.5344107890173 4.762124371535051e-18
426.596486253506 4.7124489401769054e-18
426.65856171799476 4.763940327000798e-18
426.7206371824835 4.686984027638927e-18
426.78271264697224 4.6863588506968385e-18
426.84478811146096 4.771798145258359e-18
426.9068635759497 4.858551341667904e-18
426.96893904043844 4.912984900400294e-18
427.03101450492716 4.889914962432522e-18
427.0930899694159 4.77993334726974e-18
427.1551654339047 4.751378132402862e-18
427.2172408983934 4.726468174349521e-18
427.2793163628821 4.761913680860736e-18
427.3413918273709 4.79953600673443e-18
427.4034672918596 4.752640805140513e-18
427.4655427563484 4.843693798414117e-18
427.5276182208371 4.995078237036629e-18
427.58969368532587 4.883382044870215e-18
427.6517691498146 4.862472033182006e-18
427.7138446143033 4.906935986296599e-18
427.77592007879207 4.856249189047927e-18
427.8379955432808 4.883792560978634e-18
427.90007100776955 4.91982774887204e-18
427.96214647225827 4.888866429625313e-18
428.02422193674704 4.756116100817189e-18
428.08629740123575 4.822271348246103e-18
428.14837286572447 4.802683863093275e-18
428.21044833021324 4.906350022835025e-18
428.272523794702 4.9135353141194736e-18
428.3345992591907 4.931857362285456e-18
428.39667472367944 4.9407185406011135e-18
428.4587501881682 4.796121845967681e-18
428.5208256526569 4.721890986470809e-18
428.5829011171457 4.857742636564911e-18
428.6449765816344 4.758749549768375e-18
428.7070520461232 4.809249991166596e-18
428.7691275106119 4.962161463844487e-18
428.8312029751006 5.034577255026372e-18
428.8932784395894 4.8612311885730204e-18
428.9553539040781 4.978485243531549e-18
429.01742936856687 5.162847099379274e-18
429.0795048330556 4.9348387911031854e-18
429.14158029754435 5.0537411299166084e-18
429.20365576203307 5.05338252187806e-18
429.2657312265218 5.023479507814669e-18
429.32780669101055 4.982853163691311e-18
429.3898821554993 4.8984182990840225e-18
429.45195761998804 5.040570851136637e-18
429.51403308447675 5.048884646812459e-18
429.5761085489655 5.104924203692519e-18
429.63818401345424 5.0987299453882855e-18
429.70025947794295 4.890437563241117e-18
429.7623349424317 4.83044744341417e-18
429.8244104069205 5.067708811832935e-18
429.8864858714092 5.100344517152669e-18
429.9485613358979 5.090758832439632e-18
430.0106368003867 5.043583874841582e-18
430.0727122648754 5.0115401082644035e-18
430.1347877293642 5.222988096906643e-18
430.1968631938529 5.248792069576501e-18
430.25893865834166 4.98670420448717e-18
430.3210141228304 5.011644308488815e-18
430.3830895873191 5.1675189167326904e-18
430.44516505180786 5.096994946137669e-18
430.50724051629663 5.098250404769015e-18
430.56931598078535 5.156373658989683e-18
430.63139144527406 5.2151181966986485e-18
430.69346690976283 5.2508692341131444e-18
430.75554237425155 5.277318427933552e-18
430.81761783874026 5.215283968191078e-18
430.87969330322903 5.219821174734314e-18
430.9417687677178 5.1362511587486185e-18
431.0038442322065 5.1015278467571605e-18
431.06591969669523 5.2099653992959465e-18
431.127995161184 5.248563160283438e-18
431.1900706256727 5.392139711380493e-18
431.2521460901615 5.1293897495445675e-18
431.3142215546502 5.170599939157872e-18
431.376297019139 5.28505471784798e-18
431.4383724836277 5.2019730032514226e-18
431.5004479481164 5.359171860866605e-18
431.5625234126052 5.332350915858364e-18
431.62459887709394 5.2412656611658844e-18
431.68667434158266 5.2340500912645456e-18
431.7487498060714 5.404649602486992e-18
431.81082527056014 5.3048549641331e-18
431.87290073504886 5.228503297270588e-18
431.9349761995376 5.354980154043672e-18
431.99705166402634 5.4174355242002055e-18
432.0591271285151 5.5710353531267246e-18
432.12120259300383 5.325748835791074e-18
432.18327805749254 5.43119221629435e-18
432.2453535219813 5.438327751484712e-18
432.30742898647003 5.247990846324778e-18
432.3695044509588 5.317648692496613e-18
432.4315799154475 5.253716561161979e-18
432.4936553799363 5.237993342043713e-18
432.555730844425 5.447439338294799e-18
432.6178063089137 5.283291769833961e-18
432.6798817734025 5.27085577742429e-18
432.7419572378912 5.425400750690642e-18
432.80403270237997 5.399021940671524e-18
432.8661081668687 5.317233673848331e-18
432.92818363135746 5.394151999984405e-18
432.99025909584617 5.5274469449213654e-18
433.0523345603349 5.355375947256514e-18
433.11441002482366 5.376950812451887e-18
433.1764854893124 5.358604047068183e-18
433.23856095380114 5.066022109966141e-18
433.30063641828986 5.29174316168614e-18
433.3627118827786 5.426673567284263e-18
433.42478734726734 5.2647080628962175e-18
433.4868628117561 5.344193127858702e-18
433.5489382762448 5.339984240403075e-18
433.6110137407336 5.40555360432681e-18
433.6730892052223 5.448490961695385e-18
433.735164669711 5.285743797538037e-18
433.7972401341998 5.3683955834005926e-18
433.8593155986885 5.2364269840021104e-18
433.9213910631773 5.1811803710766465e-18
433.983466527666 5.238726347014707e-18
434.04554199215477 5.176161494467619e-18
434.1076174566435 4.947612054067519e-18
434.1696929211322 5.2263643534677046e-18
434.23176838562097 5.317672611680056e-18
434.29384385010974 5.366067773731775e-18
434.35591931459845 5.399484687078045e-18
434.41799477908717 5.223911787297608e-18
434.48007024357594 5.1864149374071466e-18
434.54214570806465 5.165489190727024e-18
434.6042211725534 5.200493745315771e-18
434.66629663704214 5.28252251882532e-18
434.7283721015309 5.3780038730699035e-18
434.7904475660196 5.2775523803599935e-18
434.85252303050834 5.2879585579017604e-18
434.9145984949971 5.407985651572312e-18
434.9766739594858 5.261747764965587e-18
435.0387494239746 5.431612192122061e-18
435.1008248884633 5.40963210214229e-18
435.1629003529521 5.268462119590964e-18
435.2249758174408 5.502762615814717e-18
435.2870512819295 5.4111189386184e-18
435.3491267464183 5.3122612778057205e-18
435.41120221090705 5.3456783450034735e-18
435.47327767539576 5.4967679292524635e-18
435.5353531398845 5.431605861840261e-18
435.59742860437325 5.509563919855941e-18
435.65950406886196 5.557717662446135e-18
435.72157953335073 5.5518483852364695e-18
435.78365499783945 5.452031404504075e-18
435.8457304623282 5.323424791093967e-18
435.90780592681693 5.250133217771747e-18
435.96988139130565 5.338398437646949e-18
436.0319568557944 5.406059263741223e-18
436.09403232028313 5.48225898442768e-18
436.1561077847719 5.428586945373984e-18
436.2181832492606 5.361742000374145e-18
436.2802587137494 5.326027561826811e-18
436.3423341782381 5.4130063550621494e-18
436.4044096427268 5.298845123651074e-18
436.4664851072156 5.246486154296277e-18
436.52856057170436 5.300171530607923e-18
436.5906360361931 5.282069436452165e-18
436.6527115006818 5.414214632324966e-18
436.71478696517056 5.570396417135282e-18
436.7768624296593 5.453750617494605e-18
436.83893789414805 5.291146795811074e-18
436.90101335863676 5.329091824418359e-18
436.96308882312553 5.394685236152602e-18
437.02516428761425 5.536698230723154e-18
437.08723975210296 5.508787758552065e-18
437.14931521659173 5.366949568085874e-18
437.21139068108045 5.533370040102423e-18
437.2734661455692 5.515355905918064e-18
437.33554161005793 5.492742615526424e-18
437.3976170745467 5.512794194567042e-18
437.4596925390354 5.48052139092018e-18
437.52176800352413 5.543624995246449e-18
437.5838434680129 5.544802706441521e-18
437.6459189325017 5.58472338503937e-18
437.7079943969904 5.4448967423958745e-18
437.7700698614791 5.517061681188674e-18
437.8321453259679 5.689325086886132e-18
437.8942207904566 5.587031516186353e-18
437.95629625494536 5.3794478084994474e-18
438.01837171943407 5.546722861254637e-18
438.08044718392284 5.533229597701475e-18
438.14252264841156 5.499380455602974e-18
438.20459811290027 5.719886077017778e-18
438.26667357738904 5.683697329395194e-18
438.32874904187776 5.688044831404404e-18
438.3908245063665 5.4996342396872925e-18
438.45289997085524 5.598407965782546e-18
438.514975435344 5.757196916109884e-18
438.5770508998327 5.560145971081136e-18
438.63912636432144 5.609769586138697e-18
438.7012018288102 5.648890797630534e-18
438.763277293299 5.5601495532973116e-18
438.8253527577877 5.575165490051853e-18
438.8874282222764 5.765150751577174e-18
438.9495036867652 5.786405085666351e-18
439.0115791512539 5.6326862352627e-18
439.07365461574267 5.716645675514565e-18
439.1357300802314 5.795509643095063e-18
439.19780554472015 5.888518260637156e-18
439.25988100920887 5.7550012202249154e-18
439.3219564736976 5.755421167511392e-18
439.38403193818635 5.637592682764433e-18
439.44610740267507 5.768537217913882e-18
439.50818286716384 5.74799250054501e-18
439.57025833165255 5.6182032981418355e-18
439.6323337961413 5.563378180873959e-18
439.69440926063004 5.645983808182066e-18
439.75648472511875 5.848223679135817e-18
439.8185601896075 5.690146211703427e-18
439.8806356540963 5.683657435698355e-18
439.942711118585 5.6813078764769754e-18
440.0047865830737 5.775044499121095e-18
440.0668620475625 5.834511558589583e-18
440.1289375120512 5.762678026539088e-18
440.19101297654 5.844784748831085e-18
440.2530884410287 5.743045939425838e-18
440.31516390551747 5.752304426527955e-18
440.3772393700062 5.68675505907869e-18
440.4393148344949 5.6782291187240686e-18
440.50139029898367 5.691440524957899e-18
440.5634657634724 5.9597542553436144e-18
440.62554122796115 5.907896387337923e-18
440.68761669244986 5.778957355768092e-18
440.74969215693864 5.689499258200384e-18
440.81176762142735 5.700922616777341e-18
440.87384308591606 5.8024474480800325e-18
440.93591855040484 5.918673858702304e-18
440.9979940148936 5.879694795380544e-18
441.0600694793823 5.832477437949067e-18
441.12214494387104 5.7596623023010025e-18
441.1842204083598 5.778489216863269e-18
441.2462958728485 5.8387527776857896e-18
441.3083713373373 5.930997170790701e-18
441.370446801826 5.9281832836298005e-18
441.4325222663148 5.879691937354917e-18
441.4945977308035 5.809113686699828e-18
441.5566731952922 5.820109415410977e-18
441.618748659781 5.738023872332643e-18
441.6808241242697 5.875799264154659e-18
441.74289958875846 5.832502874091178e-18
441.8049750532472 5.7904736953566885e-18
441.86705051773595 5.744258118111344e-18
441.92912598222466 5.638241924301401e-18
441.9912014467134 5.756747919595646e-18
442.05327691120215 5.738167326503877e-18
442.1153523756909 5.754522858198383e-18
442.17742784017963 6.006735778533202e-18
442.23950330466835 5.889177782017081e-18
442.3015787691571 5.745231559601738e-18
442.36365423364583 5.648725235428526e-18
442.4257296981346 5.641698733390214e-18
442.4878051626233 5.808648690975029e-18
442.5498806271121 5.814800791378023e-18
442.6119560916008 5.782600215485955e-18
442.6740315560895 5.690005225606782e-18
442.7361070205783 5.8341706806479454e-18
442.798182485067 5.79396566704214e-18
442.8602579495558 5.859048353156142e-18
442.9223334140445 5.893772185290231e-18
442.98440887853326 5.867023717101922e-18
443.046484343022 6.054147571650769e-18
443.1085598075107 5.913500848885119e-18
443.17063527199946 5.8034933546120786e-18
443.23271073648823 5.907666704248752e-18
443.29478620097694 6.040504382652298e-18
443.35686166546566 5.835322411099055e-18
443.41893712995443 5.777499544773789e-18
443.48101259444314 5.88154889128592e-18
443.54308805893186 5.645848810614091e-18
443.60516352342063 5.763313349716507e-18
443.6672389879094 5.836963853403016e-18
443.7293144523981 5.883332196866709e-18
443.7913899168868 5.95604979485471e-18
443.8534653813756 5.8471812525775625e-18
443.9155408458643 5.822211147473751e-18
443.9776163103531 5.901000041535055e-18
444.0396917748418 5.792465442974581e-18
444.10176723933057 5.739582486891977e-18
444.1638427038193 5.982461789903256e-18
444.225918168308 5.815066330512099e-18
444.28799363279677 5.723907557607806e-18
444.35006909728554 5.672307383572644e-18
444.41214456177426 5.775684812066584e-18
444.47422002626297 5.753839486022736e-18
444.53629549075174 5.721329017466233e-18
444.59837095524045 5.71392083812356e-18
444.66044641972917 5.786831278447209e-18
444.72252188421794 5.861735250262942e-18
444.7845973487067 5.822873278246327e-18
444.8466728131954 5.5262925698067054e-18
444.90874827768414 5.7440375448254685e-18
444.9708237421729 5.7804439373082314e-18
445.0328992066616 5.7016098592426214e-18
445.0949746711504 5.6568977823157666e-18
445.1570501356391 5.739746720909697e-18
445.2191256001279 5.722489569769247e-18
445.2812010646166 5.7470641403560904e-18
445.3432765291053 5.7638795297957484e-18
445.4053519935941 5.765708489098214e-18
445.46742745808285 5.732816541279537e-18
445.52950292257157 5.7010669447947384e-18
445.5915783870603 5.6709588118397376e-18
445.65365385154905 5.9010438052522525e-18
445.71572931603777 5.777684957408946e-18
445.7778047805265 5.6136889599377055e-18
445.83988024501525 5.724879254617404e-18
445.901955709504 5.790892564700863e-18
445.96403117399274 5.706924815609012e-18
446.02610663848145 5.898506047278524e-18
446.0881821029702 5.930054657520818e-18
446.15025756745894 5.958414100582982e-18
446.2123330319477 6.0417797792669814e-18
446.2744084964364 5.927860009341741e-18
446.3364839609252 5.901605971929919e-18
446.3985594254139 5.926176340865803e-18
446.4606348899026 5.739916148579659e-18
446.5227103543914 5.7509242640287334e-18
446.58478581888016 5.840343235073696e-18
446.6468612833689 5.852037300312404e-18
446.7089367478576 5.7623842505197675e-18
446.77101221234636 5.65947739414207e-18
446.8330876768351 5.569888391404999e-18
446.8951631413238 5.759363629030135e-18
446.95723860581256 5.914748696052485e-18
447.01931407030133 5.825486189695986e-18
447.08138953479005 5.73052441806847e-18
447.14346499927876 5.633050732794286e-18
447.20554046376753 5.755845528781951e-18
447.26761592825625 5.808501854201788e-18
447.329691392745 5.7584464797568706e-18
447.39176685723373 5.6392657452430515e-18
447.4538423217225 5.636281481277119e-18
447.5159177862112 5.716224091157534e-18
447.57799325069993 5.629640530828662e-18
447.6400687151887 5.633898702018179e-18
447.7021441796774 5.625587514926776e-18
447.7642196441662 5.739255314394513e-18
447.8262951086549 5.867162059850521e-18
447.8883705731437 5.834320401040471e-18
447.9504460376324 5.705789284044839e-18
448.0125215021211 5.5132182900373326e-18
448.0745969666099 5.4004707909116515e-18
448.13667243109865 5.605912204464388e-18
448.19874789558736 5.6321488014201524e-18
448.2608233600761 5.527132643090321e-18
448.32289882456485 5.574668039534348e-18
448.38497428905356 5.809398572901801e-18
448.44704975354233 5.606994205640405e-18
448.50912521803104 5.6042677265323636e-18
448.5712006825198 5.7789958858347566e-18
448.63327614700853 5.9601101591553625e-18
448.69535161149724 6.3210278744601955e-18
448.757427075986 6.808839545325596e-18
448.81950254047473 7.463152428715028e-18
448.8815780049635 7.991786965266083e-18
448.9436534694522 8.407223540917156e-18
449.005728933941 8.936724406595702e-18
449.0678043984297 9.389570911031635e-18
449.1298798629184 9.229206566822704e-18
449.1919553274072 8.90577030752738e-18
449.25403079189596 8.143888220494532e-18
449.31610625638467 7.265528193479869e-18
449.3781817208734 6.329170912013508e-18
449.44025718536216 5.7716083388856586e-18
449.50233264985087 5.545457280940156e-18
449.56440811433964 5.6121032625005194e-18
449.62648357882836 5.680932924761169e-18
449.6885590433171 5.613007382905081e-18
449.75063450780584 5.6250572357550794e-18
449.81270997229456 5.664132302052481e-18
449.8747854367833 5.51845131897908e-18
449.93686090127204 5.4667368425592885e-18
449.9989363657608 5.438462679175856e-18
450.0610118302495 5.689439247551732e-18
450.1230872947383 5.6362499131575666e-18
450.185162759227 5.60771745490614e-18
450.2472382237157 5.620959615780089e-18
450.3093136882045 5.51141851331711e-18
450.37138915269327 5.440667917769847e-18
450.433464617182 5.637085764389289e-18
450.4955400816707 5.590461771443781e-18
450.55761554615947 5.5160929886153464e-18
450.6196910106482 5.563786664374214e-18
450.68176647513695 5.583871408120489e-18
450.74384193962567 5.647417359650296e-18
450.80591740411444 5.641355786302945e-18
450.86799286860315 5.635099120891822e-18
450.93006833309187 5.4033107215976895e-18
450.99214379758064 5.595702210693003e-18
451.05421926206935 5.710437072477777e-18
451.1162947265581 5.836611397693413e-18
451.17837019104684 6.1925901679028375e-18
451.2404456555356 6.2434635319572614e-18
451.3025211200243 6.360531208331266e-18
451.36459658451304 6.4870476769206765e-18
451.4266720490018 6.575743559505587e-18
451.4887475134906 6.4697891666339425e-18
451.5508229779793 6.192381964994522e-18
451.612898442468 6.129781058135552e-18
451.6749739069568 5.905742397502279e-18
451.7370493714455 5.6055937700305034e-18
451.79912483593426 5.554742873051948e-18
451.861200300423 5.487078918972825e-18
451.92327576491175 5.468508175890585e-18
451.98535122940046 5.379860214612427e-18
452.0474266938892 5.5147808397702416e-18
452.10950215837795 5.590129242467293e-18
452.17157762286666 5.515986151644325e-18
452.23365308735544 5.4919563912822155e-18
452.29572855184415 5.774890781386667e-18
452.3578040163329 5.558460852956697e-18
452.41987948082163 5.6509220185838024e-18
452.48195494531035 5.78930352332739e-18
452.5440304097991 5.812749561414615e-18
452.6061058742879 5.8625079137766504e-18
452.6681813387766 5.62326775865938e-18
452.7302568032653 5.593781978150381e-18
452.7923322677541 5.81539759910914e-18
452.8544077322428 5.782501637105638e-18
452.9164831967316 5.6179146594777274e-18
452.9785586612203 5.6749115385325576e-18
453.04063412570906 5.824828085375007e-18
453.1027095901978 5.7415016829522304e-18
453.1647850546865 5.676271146354593e-18
453.22686051917526 5.683046360286486e-18
453.288935983664 5.635595028309192e-18
453.35101144815275 5.7453185119036946e-18
453.41308691264146 5.8229236217427165e-18
453.47516237713023 5.747271668367556e-18
453.53723784161895 5.650006605401953e-18
453.59931330610766 5.652903096640757e-18
453.66138877059643 5.789361714942584e-18
453.7234642350852 5.7596346095066894e-18
453.7855396995739 5.757094406633602e-18
453.84761516406263 5.779003828840821e-18
453.9096906285514 5.70594131387971e-18
453.9717660930401 5.6815536369351554e-18
454.0338415575289 5.727172794491824e-18
454.0959170220176 5.714515418051708e-18
454.1579924865064 5.7838760771961146e-18
454.2200679509951 5.69885408695968e-18
454.2821434154838 5.664565362052294e-18
454.3442188799726 5.8014466579622305e-18
454.4062943444613 5.889617060570799e-18
454.46836980895006 5.747997513257753e-18
454.5304452734388 5.677419673749548e-18
454.59252073792754 5.8984960463741985e-18
454.65459620241626 5.643654640466567e-18
454.716671666905 5.5882591732193346e-18
454.77874713139374 5.564586614457066e-18
454.8408225958825 5.7447186488709174e-18
454.90289806037123 5.869038903991887e-18
454.96497352485994 5.756244733846059e-18
455.0270489893487 5.53580050814371e-18
455.0891244538374 5.869300607081759e-18
455.1511999183262 5.8183832361752595e-18
455.2132753828149 5.7718191737031834e-18
455.2753508473037 5.776193578563983e-18
455.3374263117924 5.776712187527422e-18
455.3995017762811 5.835828672041066e-18
455.4615772407699 5.8704809425548204e-18
455.5236527052586 5.757473570568357e-18
455.58572816974737 5.705862883682607e-18
455.6478036342361 5.7887843340977994e-18
455.70987909872485 5.617685708189433e-18
455.77195456321357 5.754861935884443e-18
455.8340300277023 5.674942919849018e-18
455.89610549219105 5.523725947525889e-18
455.9581809566798 5.7630988701186775e-18
456.02025642116854 5.706668874985917e-18
456.08233188565725 5.900298683104946e-18
456.144407350146 5.760567361767781e-18
456.20648281463474 5.763733242698113e-18
456.2685582791235 5.58232062440534e-18
456.3306337436122 5.6266910206549454e-18
456.392709208101 5.807938596979759e-18
456.4547846725897 5.873338241642216e-18
456.5168601370784 5.6041464820349984e-18
456.5789356015672 5.756516153801223e-18
456.6410110660559 5.7475941801224794e-18
456.7030865305447 5.7463615849819816e-18
456.7651619950334 6.064469692564912e-18
456.82723745952217 5.688116521836744e-18
456.8893129240109 5.66193757841141e-18
456.9513883884996 5.834513907426109e-18
457.01346385298837 5.968798793458457e-18
457.0755393174771 5.7939801507349215e-18
457.13761478196585 5.858567886578233e-18
457.19969024645457 5.585361424652958e-18
457.26176571094334 5.683474122869798e-18
457.32384117543205 5.564603575837543e-18
457.3859166399208 5.753076046123506e-18
457.44799210440954 5.536475564381979e-18
457.5100675688983 5.475610084143035e-18
457.572143033387 5.434183178716618e-18
457.63421849787574 5.7271780831788495e-18
457.6962939623645 5.676668186007368e-18
457.7583694268532 5.527713957095526e-18
457.820444891342 5.5689534004578045e-18
457.8825203558307 5.446013859855567e-18
457.9445958203195 5.541890964149721e-18
458.0066712848082 5.6414877798461454e-18
458.0687467492969 5.568333017982514e-18
458.1308222137857 5.349415726892224e-18
458.1928976782744 5.484557098502556e-18
458.25497314276316 5.300817727022726e-18
458.3170486072519 5.222853464547773e-18
458.37912407174065 5.381156577137801e-18
458.44119953622936 5.341125461842124e-18
458.50327500071813 5.288287071030322e-18
458.56535046520685 5.308130661106733e-18
458.6274259296956 5.236005211706268e-18
458.68950139418433 5.452121864847918e-18
458.75157685867305 5.440113539827271e-18
458.8136523231618 5.408490291872046e-18
458.87572778765053 5.489464952784364e-18
458.9378032521393 5.420100365115186e-18
458.999878716628 5.395935223651029e-18
459.0619541811168 5.37988698246242e-18
459.1240296456055 5.4226478595819665e-18
459.1861051100942 5.4496541048054326e-18
459.248180574583 5.464427259874813e-18
459.3102560390717 5.5228226624310335e-18
459.3723315035605 5.528389330488305e-18
459.4344069680492 5.414735435611956e-18
459.49648243253796 5.4141272131101976e-18
459.5585578970267 5.413447294541009e-18
459.62063336151544 5.449860195870838e-18
459.68270882600416 5.5037178345247616e-18
459.74478429049293 5.604145199570368e-18
459.80685975498164 5.550559278891673e-18
459.86893521947036 5.385392508591917e-18
459.93101068395913 5.500397526484594e-18
459.99308614844784 5.5918668052338165e-18
460.0551616129366 5.538195986033533e-18
460.11723707742533 5.4227583368406975e-18
460.1793125419141 5.315364613514167e-18
460.2413880064028 5.4022427708289485e-18
460.30346347089153 5.507893415671473e-18
460.3655389353803 5.450496938590944e-18
460.427614399869 5.303963050498377e-18
460.4896898643578 5.424352837536921e-18
460.5517653288465 5.491321242287415e-18
460.61384079333527 5.487909664944798e-18
460.675916257824 5.337349788614102e-18
460.73799172231276 5.299355440729808e-18
460.80006718680147 5.502928549781422e-18
460.86214265129024 5.485463684379011e-18
460.92421811577896 5.3801751532453936e-18
460.98629358026767 5.3929066329961484e-18
461.04836904475644 5.5215887440838526e-18
461.11044450924516 5.624575734674276e-18
461.1725199737339 5.376666264232862e-18
461.23459543822264 5.3382119934084864e-18
461.2966709027114 5.543585189211961e-18
461.3587463672001 5.5442158765486286e-18
461.42082183168884 5.31510319801111e-18
461.4828972961776 5.262679197684775e-18
461.5449727606663 5.359796116202944e-18
461.6070482251551 5.314956105182013e-18
461.6691236896438 5.508517163049075e-18
461.7311991541326 5.436431525486192e-18
461.7932746186213 5.407299363812274e-18
461.85535008311007 5.388665399117902e-18
461.9174255475988 5.5480483484444684e-18
461.97950101208755 5.525242060174677e-18
462.04157647657627 5.512220966035345e-18
462.103651941065 5.085873564927128e-18
462.16572740555375 5.530330641052295e-18
462.22780287004247 5.343018876014347e-18
462.28987833453124 5.343170573507679e-18
462.35195379901995 5.296692429359743e-18
462.4140292635087 5.35348084030295e-18
462.47610472799744 5.622233219444338e-18
462.53818019248615 5.422214955795523e-18
462.6002556569749 5.560964380085425e-18
462.66233112146364 5.4757086066942245e-18
462.7244065859524 5.5343718939398894e-18
462.7864820504411 5.349037675373968e-18
462.8485575149299 5.7459644593922645e-18
462.9106329794186 5.374922801428826e-18
462.9727084439074 5.150169588589221e-18
463.0347839083961 5.34509295146588e-18
463.09685937288486 5.130746225535562e-18
463.1589348373736 5.133581160792375e-18
463.2210103018623 5.437877806392835e-18
463.28308576635106 5.275855342879393e-18
463.3451612308398 5.316384468484256e-18
463.40723669532855 5.0532448698364575e-18
463.46931215981726 5.294327771419489e-18
463.53138762430603 5.299911281308125e-18
463.59346308879475 5.039196478146437e-18
463.65553855328346 5.372291174570363e-18
463.71761401777223 5.459162007697889e-18
463.77968948226095 5.406676481287357e-18
463.8417649467497 5.160360901085524e-18
463.90384041123843 5.0874536835886214e-18
463.9659158757272 5.241082611555476e-18
464.0279913402159 5.1819096713925534e-18
464.0900668047047 5.122376130840703e-18
464.1521422691934 5.285964462340619e-18
464.2142177336822 5.391431004225209e-18
464.2762931981709 5.220905739704839e-18
464.3383686626596 5.109189075745746e-18
464.4004441271484 5.1799953345995294e-18
464.4625195916371 5.1050064682488964e-18
464.52459505612586 5.184536684136199e-18
464.5866705206146 5.356743137441838e-18
464.64874598510335 5.163444366277767e-18
464.71082144959206 5.1492163020273285e-18
464.7728969140808 5.320197275798747e-18
464.83497237856955 5.1249822242362634e-18
464.89704784305826 5.002074192419765e-18
464.95912330754703 5.05716822765886e-18
465.02119877203575 5.107206973117393e-18
465.0832742365245 5.150081953770281e-18
465.14534970101323 5.016644500670501e-18
465.207425165502 4.997994368261402e-18
465.2695006299907 5.161861565166961e-18
465.3315760944795 5.086247881405875e-18
465.3936515589682 5.336834219646359e-18
465.4557270234569 5.450665652401685e-18
465.5178024879457 5.2939505970259555e-18
465.5798779524344 5.167554257493841e-18
465.6419534169232 5.0743018370623144e-18
465.7040288814119 5.129392137972682e-18
465.76610434590066 5.099917734479389e-18
465.8281798103894 4.984870556402476e-18
465.8902552748781 4.9631391397962925e-18
465.95233073936686 5.000018807534743e-18
466.0144062038556 4.99633080121237e-18
466.07648166834434 5.0299401712237804e-18
466.13855713283306 5.1067595780961305e-18
466.2006325973218 5.060852220200792e-18
466.26270806181054 4.898220421808464e-18
466.32478352629926 5.057992265608634e-18
466.386858990788 5.0817459528527346e-18
466.4489344552768 5.015636357454395e-18
466.5110099197655 4.963499886313132e-18
466.5730853842542 4.893049006033719e-18
466.635160848743 4.965662251830127e-18
466.6972363132317 4.939110612076727e-18
466.7593117777205 4.911600184238164e-18
466.8213872422092 4.959947997515621e-18
466.88346270669797 5.005875254031387e-18
466.9455381711867 5.004363377214182e-18
467.0076136356754 5.034051032063032e-18
467.06968910016417 5.0964784034559764e-18
467.1317645646529 4.786036216616637e-18
467.19384002914165 4.950747052101553e-18
467.25591549363037 5.224137131411948e-18
467.31799095811914 5.1492935220211016e-18
467.38006642260785 5.096856263188438e-18
467.44214188709657 5.038326678499769e-18
467.50421735158534 4.9941909942091544e-18
467.5662928160741 4.98096837466989e-18
467.6283682805628 5.0441870801972265e-18
467.69044374505154 4.972951424371783e-18
467.7525192095403 5.069985382423817e-18
467.814594674029 5.083745281795541e-18
467.8766701385178 5.100468552815979e-18
467.9387456030065 5.2420003433499205e-18
468.0008210674953 5.203455661239331e-18
468.062896531984 5.050752610533451e-18
468.1249719964727 5.092196599075431e-18
468.1870474609615 5.2380843770186184e-18
468.2491229254502 5.221975526311113e-18
468.31119838993897 5.238820940329093e-18
468.3732738544277 5.179130000836086e-18
468.43534931891645 5.081857559576437e-18
468.49742478340517 5.0279999875614274e-18
468.5595002478939 5.0816168178187124e-18
468.62157571238265 5.0655310132227e-18
468.68365117687136 4.969234861022205e-18
468.74572664136014 5.0919401976308485e-18
468.80780210584885 5.0699558844470806e-18
468.8698775703376 5.1276340489135815e-18
468.93195303482634 5.202860315003148e-18
468.9940284993151 5.046753507980655e-18
469.0561039638038 5.092740074126095e-18
469.1181794282926 5.1160781600543495e-18
469.1802548927813 5.055142413278943e-18
469.24233035727 5.225571589791818e-18
469.3044058217588 5.192238125438804e-18
469.3664812862475 5.1782329561084595e-18
469.4285567507363 5.03267369118118e-18
469.490632215225 5.0012220018818e-18
469.55270767971376 5.0378756907804675e-18
469.6147831442025 4.9446347833585005e-18
469.6768586086912 5.12129957357221e-18
469.73893407317996 5.039601702380413e-18
469.8010095376687 4.932239753921661e-18
469.86308500215745 5.197746154527037e-18
469.92516046664616 5.07724536432964e-18
469.98723593113493 4.951260146432962e-18
470.04931139562365 4.915886734985843e-18
470.1113868601124 5.117567103609508e-18
470.17346232460113 5.1205955403846026e-18
470.2355377890899 4.970975055317288e-18
470.2976132535786 4.960168058083892e-18
470.35968871806733 5.1673719454967e-18
470.4217641825561 5.129666410982844e-18
470.4838396470448 4.861530345127014e-18
470.5459151115336 4.9355967648148246e-18
470.6079905760223 5.037624579261429e-18
470.6700660405111 5.1392238912413265e-18
470.7321415049998 5.055421954950065e-18
470.7942169694885 4.969412087361654e-18
470.8562924339773 5.080577372132011e-18
470.918367898466 5.225309793743763e-18
470.98044336295476 5.0368905390854214e-18
471.0425188274435 5.053658020705269e-18
471.10459429193224 4.9792972296781885e-18
471.16666975642096 4.954801752648431e-18
471.22874522090973 4.896555766785644e-18
471.29082068539844 4.8219301188270516e-18
471.3528961498872 5.071673734099115e-18
471.41497161437593 4.891211535578009e-18
471.47704707886464 4.898190090085978e-18
471.5391225433534 4.997580480396927e-18
471.60119800784213 4.8766171701018876e-18
471.6632734723309 4.978092331389439e-18
471.7253489368196 4.8539350755077635e-18
471.7874244013084 4.990650818454909e-18
471.8494998657971 4.978699440878877e-18
471.9115753302858 4.961045525003594e-18
471.9736507947746 4.991757264900145e-18
472.0357262592633 4.917001736462814e-18
472.09780172375207 4.951854232376528e-18
472.1598771882408 5.0225850500712575e-18
472.22195265272956 4.9540777629796825e-18
472.28402811721827 4.911528636718272e-18
472.34610358170704 4.9535575937975464e-18
472.40817904619576 5.011447607545515e-18
472.4702545106845 5.025144495771378e-18
472.53232997517324 4.968899723657046e-18
472.59440543966195 4.973501896975432e-18
472.6564809041507 4.881548500530343e-18
472.71855636863944 4.940759979644693e-18
472.7806318331282 4.760687088082184e-18
472.8427072976169 4.8848633515088186e-18
472.9047827621057 4.9944530762541976e-18
472.9668582265944 4.9532992952226744e-18
473.0289336910831 4.920369189956021e-18
473.0910091555719 4.839155930305072e-18
473.1530846200606 4.97224308412961e-18
473.2151600845494 5.089583923772415e-18
473.2772355490381 4.9348889556817826e-18
473.33931101352687 4.9429312753305184e-18
473.4013864780156 4.867887865610451e-18
473.46346194250435 5.0319795232850676e-18
473.52553740699307 4.852377608910504e-18
473.58761287148184 4.842848678790361e-18
473.64968833597055 4.902698338853502e-18
473.71176380045927 4.815734495702365e-18
473.77383926494804 4.848608741726675e-18
473.83591472943675 4.8670440261402285e-18
473.8979901939255 4.7798447784360235e-18
473.96006565841424 4.86252962205659e-18
474.022141122903 4.993864454290712e-18
474.0842165873917 4.996637757706658e-18
474.14629205188044 4.904516134609563e-18
474.2083675163692 4.909204472094149e-18
474.2704429808579 4.951531445088483e-18
474.3325184453467 4.893440824373087e-18
474.3945939098354 4.799792643721558e-18
474.4566693743242 4.820867334897586e-18
474.5187448388129 4.8535567887127165e-18
474.58082030330166 4.8615681603487616e-18
474.6428957677904 4.730407899038434e-18
474.70497123227915 4.608521322276048e-18
474.76704669676786 4.639813803894945e-18
474.8291221612566 4.731817559975414e-18
474.89119762574535 4.791354563696367e-18
474.95327309023406 4.724878964632481e-18
475.01534855472283 4.7469933064583074e-18
475.07742401921155 4.764768521561788e-18
475.1394994837003 4.793779638328721e-18
475.20157494818903 4.808906706278609e-18
475.26365041267775 4.925773285763093e-18
475.3257258771665 4.976298435614858e-18
475.38780134165523 4.778563384771799e-18
475.449876806144 4.766973495033269e-18
475.5119522706327 4.585412652124103e-18
475.5740277351215 4.7683822609685445e-18
475.6361031996102 4.686809651662517e-18
475.698178664099 4.7671163926087984e-18
475.7602541285877 4.969584292856743e-18
475.82232959307646 4.876937799743458e-18
475.8844050575652 4.859817350270238e-18
475.9464805220539 4.873550874107645e-18
476.00855598654266 4.856877614972125e-18
476.0706314510314 4.836358413307385e-18
476.13270691552015 4.724192533357864e-18
476.19478238000886 4.735191468721674e-18
476.25685784449763 4.764851624429431e-18
476.31893330898635 4.728996193034073e-18
476.38100877347506 4.668850208468436e-18
476.44308423796383 4.638557774331483e-18
476.50515970245254 4.652123630865754e-18
476.5672351669413 4.7944371028901604e-18
476.62931063143003 4.8293547696667615e-18
476.6913860959188 4.771445902551879e-18
476.7534615604075 4.7061052866775355e-18
476.8155370248963 4.7832271452816695e-18
476.877612489385 4.824802800416245e-18
476.9396879538738 4.7751664734780164e-18
477.0017634183625 4.7194820776002924e-18
477.0638388828512 4.741943475318024e-18
477.12591434734 4.69462652389651e-18
477.1879898118287 4.633033122501101e-18
477.25006527631746 4.554190641742775e-18
477.31214074080617 4.647689086625813e-18
477.37421620529494 4.744272923417165e-18
477.43629166978366 4.7631687389292505e-18
477.49836713427237 4.663787710858151e-18
477.56044259876114 4.705852592203517e-18
477.62251806324986 4.718487686854482e-18
477.6845935277386 4.642484190513256e-18
477.74666899222734 4.63042444150876e-18
477.8087444567161 4.735732240542304e-18
477.8708199212048 4.888776959447365e-18
477.9328953856936 4.792220086623074e-18
477.9949708501823 4.609719890295965e-18
478.0570463146711 4.6577498320616935e-18
478.1191217791598 4.718037378929864e-18
478.1811972436485 4.610688123885784e-18
478.2432727081373 4.707571663583193e-18
478.305348172626 4.6190884955866666e-18
478.36742363711477 4.8221826412337566e-18
478.4294991016035 4.866153321354222e-18
478.49157456609225 4.668322034922205e-18
478.55365003058097 4.774604340760267e-18
478.6157254950697 4.563649440822797e-18
478.67780095955845 4.745238726995437e-18
478.73987642404717 4.833861239204896e-18
478.80195188853594 4.727285991830947e-18
478.86402735302465 4.724424910055301e-18
478.9261028175134 4.649560792748599e-18
478.98817828200214 4.612589784080958e-18
479.0502537464909 4.641772865644011e-18
479.1123292109796 4.660774106496185e-18
479.1744046754684 4.6023288122768884e-18
479.2364801399571 4.687606629838885e-18
479.2985556044458 4.736179048966479e-18
479.3606310689346 4.692695074328269e-18
479.4227065334233 4.645383133775401e-18
479.4847819979121 4.791076283272992e-18
479.5468574624008 4.557956196374378e-18
479.60893292688957 4.753417418300682e-18
479.6710083913783 4.850553314028214e-18
479.733083855867 4.87634006714849e-18
479.79515932035576 4.6315382966455015e-18
479.8572347848445 4.883715965551953e-18
479.91931024933325 4.7494042843505816e-18
479.98138571382196 4.738206443416239e-18
480.04346117831074 4.647741591882793e-18
480.10553664279945 4.56903949898933e-18
480.1676121072882 4.723198243092064e-18
480.22968757177694 4.579113197172662e-18
480.2917630362657 4.590637144355209e-18
480.3538385007544 4.760335045047283e-18
480.41591396524313 4.745655765397058e-18
480.4779894297319 4.7966580837798644e-18
480.5400648942206 4.68367259229521e-18
480.6021403587094 4.6297288232455366e-18
480.6642158231981 4.6204443291908305e-18
480.7262912876869 4.656163429849101e-18
480.7883667521756 4.639204379068384e-18
480.8504422166643 4.678953242632834e-18
480.9125176811531 4.615669596323015e-18
480.9745931456418 4.617065489627959e-18
481.03666861013056 4.629893310004573e-18
481.0987440746193 4.758020652729439e-18
481.16081953910805 4.4993680191115085e-18
481.22289500359676 4.695097111477489e-18
481.2849704680855 4.695201502282698e-18
481.34704593257425 4.729323157035136e-18
481.409121397063 4.6770620976077786e-18
481.47119686155173 4.628458476967186e-18
481.53327232604045 4.894280346531966e-18
481.5953477905292 4.752208732432775e-18
481.65742325501793 4.706418522813928e-18
481.7194987195067 4.679631409834248e-18
481.7815741839954 4.68535433323174e-18
481.8436496484842 4.656433724267386e-18
481.9057251129729 4.69531701373591e-18
481.9678005774616 4.7000214157119625e-18
482.0298760419504 4.598142845716223e-18
482.0919515064391 4.753484914791649e-18
482.1540269709279 4.622276564084594e-18
482.2161024354166 4.7442495545229144e-18
482.27817789990536 4.7789047041565985e-18
482.3402533643941 4.534461640576837e-18
482.4023288288828 4.669395053052228e-18
482.46440429337156 4.6985364443832886e-18
482.52647975786033 4.6803882749359295e-18
482.58855522234904 4.755439399772329e-18
482.65063068683776 4.730742982232631e-18
482.71270615132653 4.5544881292946225e-18
482.77478161581524 4.557646978633943e-18
482.836857080304 4.6799357430264826e-18
482.89893254479273 4.750285534430799e-18
482.9610080092815 4.688495634374346e-18
483.0230834737702 4.768859230484825e-18
483.0851589382589 4.713073335125262e-18
483.1472344027477 4.661452778568521e-18
483.2093098672364 4.757743293919189e-18
483.2713853317252 4.767431306235722e-18
483.3334607962139 4.81350229464728e-18
483.39553626070267 4.694853838071367e-18
483.4576117251914 4.675372680834e-18
483.5196871896801 4.848165939579634e-18
483.58176265416887 4.7215037602625e-18
483.6438381186576 4.7721642268762205e-18
483.70591358314635 4.772154657944157e-18
483.76798904763507 4.65936968336727e-18
483.83006451212384 4.744937710827473e-18
483.89213997661255 4.5476605099506446e-18
483.9542154411013 4.849876571541428e-18
484.01629090559004 4.69417611256291e-18
484.0783663700788 4.637318622425947e-18
484.1404418345675 4.794553833208494e-18
484.20251729905624 4.693764915577103e-18
484.264592763545 4.805336579800536e-18
484.3266682280337 4.7900377029896336e-18
484.3887436925225 4.770529759367756e-18
484.4508191570112 4.768949172691247e-18
484.5128946215 4.7583077278649474e-18
484.5749700859887 4.720317348161443e-18
484.6370455504774 4.752925123679042e-18
484.6991210149662 4.711772235115145e-18
484.7611964794549 4.827844852248175e-18
484.82327194394367 4.7687082859172955e-18
484.8853474084324 4.684991210993315e-18
484.94742287292115 4.76368005185006e-18
485.00949833740987 4.790928779867641e-18
485.07157380189864 4.82886359127716e-18
485.13364926638735 4.8005667309933565e-18
485.1957247308761 4.8346586425022625e-18
485.25780019536484 4.666737109982972e-18
485.31987565985355 4.782122159738657e-18
485.3819511243423 4.791551215399731e-18
485.44402658883104 4.742656951842689e-18
485.5061020533198 4.672160379727579e-18
485.5681775178085 4.684963602972483e-18
485.6302529822973 4.863254497287e-18
485.692328446786 4.8164119822814495e-18
485.7544039112747 4.72640356567789e-18
485.8164793757635 4.8493572921029805e-18
485.8785548402522 4.7537928999779566e-18
485.940630304741 4.721198286184534e-18
486.0027057692297 4.7308819784893635e-18
486.06478123371846 4.575358637214297e-18
486.1268566982072 4.6349310705541765e-18
486.18893216269595 4.578016248638302e-18
486.25100762718466 4.615575395074846e-18
486.31308309167343 4.690544577729799e-18
486.37515855616215 4.715730012390299e-18
486.43723402065086 4.716981698843422e-18
486.49930948513963 4.728539828985608e-18
486.56138494962835 4.719269390878666e-18
486.6234604141171 4.7540848512892804e-18
486.68553587860583 4.649281958115618e-18
486.7476113430946 4.704692829123008e-18
486.8096868075833 4.8118523993522145e-18
486.87176227207203 4.771941979107555e-18
486.9338377365608 4.753687631868241e-18
486.9959132010495 4.842763468860624e-18
487.0579886655383 4.859437571214132e-18
487.120064130027 4.777847117331942e-18
487.1821395945158 4.852244937549743e-18
487.2442150590045 4.766531706771731e-18
487.30629052349326 4.795782764590018e-18
487.368365987982 4.882956387189526e-18
487.43044145247075 4.801530021515791e-18
487.49251691695946 4.927808969481189e-18
487.5545923814482 4.980144760769212e-18
487.61666784593695 4.79571177702624e-18
487.67874331042566 4.743746958523111e-18
487.74081877491443 4.733792011106991e-18
487.80289423940314 4.692830143698267e-18
487.8649697038919 4.842646787868731e-18
487.92704516838063 4.787614334222577e-18
487.98912063286934 4.719631870696824e-18
488.0511960973581 4.685852954605503e-18
488.11327156184683 4.640978414458102e-18
488.1753470263356 4.7026928961780925e-18
488.2374224908243 4.710364811717649e-18
488.2994979553131 4.6679986345601555e-18
488.3615734198018 4.693642799199451e-18
488.42364888429057 4.7951320070213195e-18
488.4857243487793 4.7469782120976945e-18
488.54779981326806 4.68668751939249e-18
488.60987527775677 4.6173194064189945e-18
488.6719507422455 4.640104741404582e-18
488.73402620673426 4.774592639301424e-18
488.79610167122297 4.8017238775799736e-18
488.85817713571174 4.664682126792633e-18
488.92025260020046 4.689827033383078e-18
488.9823280646892 4.753547066740165e-18
489.04440352917794 4.716366770331592e-18
489.10647899366666 4.807295979901713e-18
489.1685544581554 4.686129999235339e-18
489.23062992264414 4.6636391038306425e-18
489.2927053871329 4.631540014422824e-18
489.3547808516216 4.6993133977701106e-18
489.4168563161104 4.639545233714254e-18
489.4789317805991 4.544371885116178e-18
489.5410072450879 4.687777048755357e-18
489.6030827095766 4.746658392765071e-18
489.66515817406537 4.589478104622599e-18
489.7272336385541 4.6856110122906624e-18
489.7893091030428 4.683374315528524e-18
489.85138456753157 4.722575357990373e-18
489.9134600320203 4.8175409701373345e-18
489.97553549650905 4.7351867627266105e-18
490.03761096099777 4.638752497373283e-18
490.09968642548654 4.690339427626768e-18
490.16176188997525 4.792172815728087e-18
490.22383735446397 4.899457944843297e-18
490.28591281895274 4.830722417448557e-18
490.34798828344145 4.731234337076167e-18
490.4100637479302 4.779355490672949e-18
490.47213921241894 4.738943937071075e-18
490.5342146769077 4.6982689999483385e-18
490.5962901413964 4.6545687750361326e-18
490.6583656058852 4.690547556321359e-18
490.7204410703739 4.738644150303713e-18
490.7825165348627 4.667981294338035e-18
490.8445919993514 4.6488504246619195e-18
490.9066674638401 4.735086576235695e-18
490.9687429283289 4.751884452701516e-18
491.0308183928176 4.6725294475906836e-18
491.09289385730636 4.700201730343794e-18
491.1549693217951 4.646662337322617e-18
491.21704478628385 4.617077497075616e-18
491.27912025077256 4.70997351685343e-18
491.3411957152613 4.8486583981701424e-18
491.40327117975005 4.797462704442889e-18
491.46534664423876 4.8917809560617e-18
491.52742210872754 4.873243541423993e-18
491.58949757321625 4.6813455198457035e-18
491.651573037705 4.705910220073138e-18
491.71364850219373 4.762728393339243e-18
491.7757239666825 4.686405040182619e-18
491.8377994311712 4.8472709189760894e-18
491.89987489566 4.799227886520969e-18
491.9619503601487 4.724345704537157e-18
492.0240258246374 4.8406987622816e-18
492.0861012891262 4.764133514614786e-18
492.1481767536149 4.706255876202501e-18
492.2102522181037 4.7823802420472175e-18
492.2723276825924 4.738439461972612e-18
492.33440314708116 4.718032606756862e-18
492.3964786115699 4.813444200135601e-18
492.4585540760586 4.654737669463894e-18
492.52062954054736 4.694390826312999e-18
492.5827050050361 4.830710777129035e-18
492.64478046952485 4.6762340769877924e-18
492.70685593401356 4.717165539505074e-18
492.76893139850233 4.710980514911193e-18
492.83100686299105 4.743276468332175e-18
492.8930823274798 4.728130495518656e-18
492.95515779196853 4.739713507669726e-18
493.0172332564573 4.711173770683393e-18
493.079308720946 4.761517563542256e-18
493.14138418543473 4.736412329899449e-18
493.2034596499235 4.698526315092615e-18
493.2655351144122 4.680377640927495e-18
493.327610578901 4.6953503979989345e-18
493.3896860433897 4.7029115069986696e-18
493.4517615078785 4.62341545243336e-18
493.5138369723672 4.89884421496005e-18
493.5759124368559 4.9203760809321806e-18
493.6379879013447 4.8374760775154956e-18
493.7000633658334 4.606206466458752e-18
493.76213883032216 4.6772523707209085e-18
493.8242142948109 4.766477651853131e-18
493.88628975929964 4.6834751826823735e-18
493.94836522378836 4.670984813353661e-18
494.01044068827713 4.709418989685631e-18
494.07251615276584 4.788830395882194e-18
494.13459161725456 4.78310548218916e-18
494.1966670817433 4.813561528012097e-18
494.25874254623204 4.768343133095644e-18
494.3208180107208 4.7656425078353135e-18
494.3828934752095 4.8021158641370755e-18
494.4449689396983 4.807175609712638e-18
494.507044404187 4.780907971642529e-18
494.5691198686758 4.732391047988649e-18
494.6311953331645 4.8136650877784205e-18
494.6932707976532 4.771780709063067e-18
494.755346262142 4.654279583440352e-18
494.8174217266307 4.810468940818136e-18
494.87949719111947 4.86496203770996e-18
494.9415726556082 4.850224067124329e-18
495.00364812009695 4.7574615208563335e-18
495.06572358458567 4.8389934114942194e-18
495.12779904907444 4.8876076694180586e-18
495.18987451356315 4.7619842909593e-18
495.25194997805187 4.923147307938202e-18
495.31402544254064 4.773309754155974e-18
495.37610090702935 4.750944653902447e-18
495.4381763715181 4.917367614043496e-18
495.50025183600684 4.768761542329836e-18
495.5623273004956 4.847812161194961e-18
495.6244027649843 4.664920460272914e-18
495.6864782294731 4.728646831133439e-18
495.7485536939618 4.833100535224663e-18
495.8106291584505 4.831075746458541e-18
495.8727046229393 4.953673654396492e-18
495.934780087428 4.953546279404668e-18
495.9968555519168 4.8435475856303586e-18
496.0589310164055 4.804230967285634e-18
496.12100648089427 4.835017859652538e-18
496.183081945383 4.891488041524058e-18
496.24515740987175 4.864521298592153e-18
496.30723287436047 4.913148876614166e-18
496.3693083388492 4.783120073861242e-18
496.43138380333795 4.8198273774100154e-18
496.49345926782667 4.97462874835798e-18
496.55553473231544 4.836171944569735e-18
496.61761019680415 4.7975526030528334e-18
496.6796856612929 4.908129467723585e-18
496.74176112578164 4.7772526697266856e-18
496.8038365902704 4.942447626242904e-18
496.8659120547591 4.905259368534651e-18
496.92798751924784 4.8769002856545825e-18
496.9900629837366 4.784482365578531e-18
497.0521384482253 4.716108067242209e-18
497.1142139127141 4.710610969478778e-18
497.1762893772028 4.881397996573891e-18
497.2383648416916 4.947952254740725e-18
497.3004403061803 4.907816693127551e-18
497.36251577066906 4.759518470508072e-18
497.4245912351578 4.992609151431821e-18
497.4866666996465 4.9544051598392565e-18
497.54874216413526 4.788766213022397e-18
497.610817628624 4.880551343694347e-18
497.67289309311275 4.959706347328317e-18
497.73496855760146 4.946639262793705e-18
497.79704402209023 4.865930300485161e-18
497.85911948657895 4.9511502427400356e-18
497.9211949510677 4.915766914237597e-18
497.98327041555643 4.734128823877143e-18
498.04534588004515 4.8105843479629336e-18
498.1074213445339 4.867760111405084e-18
498.16949680902263 4.9533960775519185e-18
498.2315722735114 4.972018965501171e-18
498.2936477380001 4.9419480167340304e-18
498.3557232024889 4.857195187872107e-18
498.4177986669776 4.827950739939551e-18
498.4798741314664 4.864733638608763e-18
498.5419495959551 4.906456378269804e-18
498.6040250604438 4.953951738072571e-18
498.6661005249326 5.01747129486644e-18
498.7281759894213 4.916711432718449e-18
498.79025145391006 4.9955777718134634e-18
498.8523269183988 4.964054856656158e-18
498.91440238288754 4.940428065031752e-18
498.97647784737626 4.9731251399792395e-18
499.03855331186503 4.9171016301115036e-18
499.10062877635374 4.772983678702639e-18
499.16270424084246 5.004342568582912e-18
499.22477970533123 4.9904939140443395e-18
499.28685516981994 4.992099927686696e-18
499.3489306343087 4.9685002990286795e-18
499.41100609879743 4.927381867861963e-18
499.4730815632862 5.0513183684022134e-18
499.5351570277749 4.967074764529949e-18
499.59723249226363 5.070641274245462e-18
499.6593079567524 4.921815222588323e-18
499.7213834212411 4.958104856648078e-18
499.7834588857299 4.9454336169531764e-18
499.8455343502186 5.063787707372565e-18
499.90760981470737 5.00866857212678e-18
499.9696852791961 4.9246567145090604e-18
500.03176074368486 5.0342235294817e-18
500.09383620817357 4.992732348524248e-18
500.15591167266234 4.894413044979706e-18
500.21798713715106 4.962208103788282e-18
500.28006260163977 4.889330963352538e-18
500.34213806612854 4.949960483769217e-18
500.40421353061726 4.884181359074758e-18
500.466288995106 4.964173394483217e-18
500.52836445959474 5.075837166102115e-18
500.5904399240835 4.820854331311453e-18
500.6525153885722 4.7867158083287294e-18
500.71459085306094 4.783298814282699e-18
500.7766663175497 4.945946911942024e-18
500.8387417820384 5.012831404482562e-18
500.9008172465272 4.9802000005572685e-18
500.9628927110159 4.900160170832669e-18
501.0249681755047 4.9275426817376515e-18
501.0870436399934 4.875418774612845e-18
501.14911910448217 4.984221183362513e-18
501.2111945689709 4.98624054936159e-18
501.27327003345965 5.0066581434630764e-18
501.33534549794837 4.9297433662169654e-18
501.3974209624371 4.881386355585746e-18
501.45949642692585 4.980118481956818e-18
501.52157189141457 4.9099445430072585e-18
501.58364735590334 4.951424468521581e-18
501.64572282039205 4.9728255351427134e-18
501.7077982848808 4.9537331032537205e-18
501.76987374936954 5.004199820921145e-18
501.83194921385825 4.959470655459686e-18
501.894024678347 4.958814594331461e-18
501.95610014283574 4.9441619503004945e-18
502.0181756073245 4.8665723369625394e-18
502.0802510718132 4.978939414301754e-18
502.142326536302 4.826312770839781e-18
502.2044020007907 4.950563569923106e-18
502.2664774652795 5.057481953314675e-18
502.3285529297682 5.005599524287885e-18
502.39062839425696 5.110556332334257e-18
502.4527038587457 5.6911769134227636e-18
502.5147793232344 6.99038969191722e-18
502.57685478772316 8.419104586067105e-18
502.6389302522119 9.89193363150147e-18
502.70100571670065 1.1269715641828369e-17
502.76308118118936 1.2404194601085274e-17
502.82515664567813 1.329955296420513e-17
502.88723211016685 1.2802924690523604e-17
502.94930757465556 1.1912995312071312e-17
503.01138303914433 1.059748255868749e-17
503.07345850363305 9.211134160891466e-18
503.1355339681218 7.847563474076846e-18
503.19760943261053 6.502316234947289e-18
503.2596848970993 5.433655398139482e-18
503.321760361588 5.184238505171437e-18
503.3838358260768 4.925944741249315e-18
503.4459112905655 4.908693143890022e-18
503.5079867550543 4.926991856935492e-18
503.570062219543 5.098651888384889e-18
503.6321376840317 4.913381223662862e-18
503.6942131485205 5.00788482335857e-18
503.7562886130092 4.9549937055789125e-18
503.81836407749796 4.995675760192333e-18
503.8804395419867 4.8347436075642225e-18
503.94251500647545 4.9434416051006e-18
504.00459047096416 4.983352188816422e-18
504.0666659354529 4.921110465630415e-18
504.12874139994165 4.925708273869335e-18
504.19081686443036 4.890383125742066e-18
504.25289232891913 4.9832371354975365e-18
504.31496779340785 4.846166602195398e-18
504.3770432578966 4.853455172531168e-18
504.43911872238533 4.889026887036595e-18
504.5011941868741 4.7736703780696295e-18
504.5632696513628 4.9360497895631545e-18
504.6253451158516 4.848589455286363e-18
504.6874205803403 4.784244904202298e-18
504.749496044829 4.8810184762818206e-18
504.8115715093178 4.901244490211391e-18
504.8736469738065 4.9212963553948245e-18
504.9357224382953 4.800456484759313e-18
504.997797902784 4.929491975161703e-18
505.05987336727276 4.957822829573946e-18
505.1219488317615 4.7771885391915355e-18
505.1840242962502 4.998852427986789e-18
505.24609976073896 4.902054752051135e-18
505.30817522522767 4.917373376892405e-18
505.37025068971644 4.914707389227311e-18
505.43232615420516 4.978324921867155e-18
505.4944016186939 4.907380064178054e-18
505.55647708318264 4.838262409633855e-18
505.6185525476714 4.856112935636903e-18
505.6806280121601 4.837075362831413e-18
505.74270347664884 4.898329529897225e-18
505.8047789411376 4.8311308442559094e-18
505.8668544056263 4.7372322397795e-18
505.9289298701151 4.779869115672387e-18
505.9910053346038 4.8364951634294444e-18
506.0530807990926 4.7864968191118885e-18
506.1151562635813 4.8200439454128405e-18
506.17723172807007 4.811280630138539e-18
506.2393071925588 4.890250446590104e-18
506.3013826570475 5.010356120733806e-18
506.36345812153627 4.793599513691004e-18
506.425533586025 4.921345825500528e-18
506.48760905051375 4.909642507159789e-18
506.54968451500247 4.904994070964139e-18
506.61175997949124 4.959546786187155e-18
506.67383544397995 4.850059073183269e-18
506.7359109084687 4.849738051425733e-18
506.79798637295744 4.848198296616187e-18
506.86006183744615 4.867189814844799e-18
506.9221373019349 4.934669433792282e-18
506.98421276642364 4.69693954855353e-18
507.0462882309124 4.755426800013792e-18
507.1083636954011 4.704944920262657e-18
507.1704391598899 4.9292657093681866e-18
507.2325146243786 4.892430806191101e-18
507.2945900888674 4.880040173767378e-18
507.3566655533561 4.9218989023152444e-18
507.4187410178448 4.957813703346116e-18
507.4808164823336 4.796785259081271e-18
507.5428919468223 4.9745271578826115e-18
507.60496741131107 4.990816198980997e-18
507.6670428757998 4.959886646010242e-18
507.72911834028855 4.878982506080719e-18
507.79119380477727 4.928276855571476e-18
507.85326926926604 4.867509438432692e-18
507.91534473375475 4.7976679311683066e-18
507.97742019824346 4.8191492036607846e-18
508.03949566273224 4.848084180407757e-18
508.10157112722095 4.9310576358851064e-18
508.1636465917097 4.814087957832733e-18
508.22572205619844 4.815170531039578e-18
508.2877975206872 4.781302840603702e-18
508.3498729851759 4.82975508480249e-18
508.4119484496647 4.874643562982886e-18
508.4740239141534 4.940024359023141e-18
508.5360993786421 4.852356182586986e-18
508.5981748431309 4.932323314213628e-18
508.6602503076196 4.89590946822799e-18
508.7223257721084 4.706743167245543e-18
508.7844012365971 4.897087939444837e-18
508.84647670108586 4.904238306816713e-18
508.9085521655746 4.9612819078276925e-18
508.97062763006335 4.9876204514204944e-18
509.03270309455206 5.07889206871768e-18
509.0947785590408 5.018118227032669e-18
509.15685402352955 4.984928838765812e-18
509.21892948801826 4.954609703234968e-18
509.28100495250703 5.0230167622197336e-18
509.34308041699575 4.916690271769091e-18
509.4051558814845 4.924189593169245e-18
509.46723134597323 4.887972462325062e-18
509.529306810462 4.902605936445145e-18
509.5913822749507 4.805022456075345e-18
509.65345773943943 4.764694025047447e-18
509.7155332039282 4.9368218086094436e-18
509.7776086684169 4.796397696485098e-18
509.8396841329057 4.916375786023727e-18
509.9017595973944 4.936440708081609e-18
509.9638350618832 4.801780800424756e-18
510.0259105263719 4.869460659277508e-18
510.08798599086066 4.950243882981611e-18
510.1500614553494 4.908266381155639e-18
510.2121369198381 4.871149731675356e-18
510.27421238432686 4.859238996563412e-18
510.3362878488156 4.8789024487883855e-18
510.39836331330434 4.840597564561236e-18
510.46043877779306 4.894515186994758e-18
510.52251424228183 4.875631331715699e-18
510.58458970677054 4.929205992323025e-18
510.6466651712593 4.969371065950456e-18
510.70874063574803 4.916663073888154e-18
510.77081610023674 4.871208850534698e-18
510.8328915647255 4.911826290693333e-18
510.89496702921423 4.9824834911147136e-18
510.957042493703 4.882046281779911e-18
511.0191179581917 4.759811983515111e-18
511.0811934226805 4.810350147376885e-18
511.1432688871692 4.9616819287601956e-18
511.20534435165797 4.948624684724522e-18
511.2674198161467 4.953154941480268e-18
511.3294952806354 4.872428195402924e-18
511.39157074512417 4.99676890909888e-18
511.4536462096129 4.92091924159301e-18
511.51572167410166 4.787117199597306e-18
511.57779713859037 4.87550258460334e-18
511.63987260307914 4.946608450533538e-18
511.70194806756786 4.910399785408251e-18
511.7640235320566 4.95555317300823e-18
511.82609899654534 5.027877839868061e-18
511.88817446103405 4.9261970498887e-18
511.9502499255228 4.8331149579398306e-18
512.0123253900116 4.876856801946611e-18
512.0744008545003 4.957491319544421e-18
512.136476318989 4.803969702454234e-18
512.1985517834778 4.789757012247744e-18
512.2606272479666 4.937093610408556e-18
512.3227027124552 4.972480611563764e-18
512.384778176944 4.985083901335052e-18
512.4468536414328 4.886810232990817e-18
512.5089291059214 5.3911664967868274e-18
512.5710045704102 7.721419562837874e-18
512.633080034899 1.1875502449631662e-17
512.6951554993877 1.5868698593068214e-17
512.7572309638764 1.9438381970160125e-17
512.8193064283652 2.290184436892686e-17
512.8813818928539 2.44449019224803e-17
512.9434573573426 2.4788716658950903e-17
513.0055328218314 2.2947197785513547e-17
513.0676082863201 2.0259714378773797e-17
513.1296837508089 1.6759170563457644e-17
513.1917592152976 1.3381352660459415e-17
513.2538346797863 1.0281466499873581e-17
513.3159101442751 7.134335985614325e-18
513.3779856087639 5.3876363247416466e-18
513.4400610732525 4.919212069220632e-18
513.5021365377413 4.890353676193941e-18
513.5642120022301 4.8489210756140105e-18
513.6262874667187 4.871032664086761e-18
513.6883629312075 4.90350557332779e-18
513.7504383956963 4.94356269467389e-18
513.812513860185 4.8583181890733346e-18
513.8745893246737 5.0007719481714204e-18
513.9366647891625 4.8047009817615534e-18
513.9987402536512 4.7415521280055115e-18
514.0608157181399 4.917128276704568e-18
514.1228911826287 4.780012781123093e-18
514.1849666471174 4.7672700723687876e-18
514.2470421116062 4.751129888035966e-18
514.3091175760949 4.844003546562502e-18
514.3711930405836 4.717957729608631e-18
514.4332685050724 4.8589414204818225e-18
514.4953439695612 4.796364569734106e-18
514.5574194340498 4.911247876547093e-18
514.6194948985386 4.7575646326897835e-18
514.6815703630274 4.711321706344537e-18
514.743645827516 4.781083066794734e-18
514.8057212920048 4.8589851632049125e-18
514.8677967564936 4.797739275232625e-18
514.9298722209824 4.894238365187464e-18
514.991947685471 4.93071373169848e-18
515.0540231499598 4.920398427418701e-18
515.1160986144486 4.867642448268654e-18
515.1781740789372 4.835628601921337e-18
515.240249543426 4.8122873505677845e-18
515.3023250079148 4.648850249765784e-18
515.3644004724035 4.776452705309943e-18
515.4264759368922 4.815969890307731e-18
515.488551401381 4.9330680533497376e-18
515.5506268658697 4.682687825762519e-18
515.6127023303585 4.841571916423176e-18
515.6747777948472 4.785946961535551e-18
515.7368532593359 4.932226679765519e-18
515.7989287238247 4.97028539612455e-18
515.8610041883134 4.695899686100001e-18
515.9230796528021 4.625507056677077e-18
515.9851551172909 4.7976552805549804e-18
516.0472305817797 4.76903674470512e-18
516.1093060462683 4.634402454969219e-18
516.1713815107571 4.814805868063625e-18
516.2334569752459 4.821277423057456e-18
516.2955324397345 4.77903576085161e-18
516.3576079042233 4.7197647777830286e-18
516.4196833687121 4.694729304992411e-18
516.4817588332008 4.727629965994709e-18
516.5438342976895 4.843789844874092e-18
516.6059097621783 4.879798835983442e-18
516.667985226667 4.836496021176312e-18
516.7300606911558 4.795662594586806e-18
516.7921361556445 4.781506212787481e-18
516.8542116201332 4.837495852701606e-18
516.916287084622 4.915992956580484e-18
516.9783625491107 4.836327360056092e-18
517.0404380135994 4.867814881149241e-18
517.1025134780882 4.894534557143411e-18
517.164588942577 4.96149410231278e-18
517.2266644070656 4.9794331981653006e-18
517.2887398715544 4.932810166008717e-18
517.3508153360432 5.063162913190352e-18
517.4128908005318 5.3457614823067836e-18
517.4749662650206 7.210365039090167e-18
517.5370417295094 1.456069168983663e-17
517.5991171939982 2.753200527556809e-17
517.6611926584868 4.0282330863949306e-17
517.7232681229756 5.154892586558707e-17
517.7853435874644 6.131399457696018e-17
517.8474190519531 6.498600975143004e-17
517.9094945164418 6.371631661242571e-17
517.9715699809306 5.750471061509701e-17
518.0336454454193 4.796713261988318e-17
518.095720909908 3.789292499208104e-17
518.1577963743968 2.8625161829959714e-17
518.2198718388855 1.8701990436891415e-17
518.2819473033743 1.0128727569914477e-17
518.344022767863 5.7147983363471866e-18
518.4060982323517 4.986889282771436e-18
518.4681736968405 5.040168594980754e-18
518.5302491613292 4.9358660065351076e-18
518.5923246258179 4.971615117835341e-18
518.6544000903067 4.9423041350043856e-18
518.7164755547955 4.846273108964068e-18
518.7785510192841 4.96899648856184e-18
518.8406264837729 4.8748417322522055e-18
518.9027019482617 4.949779981406444e-18
518.9647774127504 4.978384100600962e-18
519.0268528772391 4.819150389406881e-18
519.0889283417279 4.649673050779153e-18
519.1510038062166 4.657394566191668e-18
519.2130792707053 4.680835366434713e-18
519.2751547351941 4.784112207926027e-18
519.3372301996828 4.7099563449268226e-18
519.3993056641716 4.6500498895721075e-18
519.4613811286603 4.691045807679064e-18
519.523456593149 4.576610186284305e-18
519.5855320576378 4.718761649235674e-18
519.6476075221265 4.7744817946164424e-18
519.7096829866152 4.657556415903066e-18
519.771758451104 4.607968530637518e-18
519.8338339155928 4.8582369791071666e-18
519.8959093800814 4.7527820131150985e-18
519.9579848445702 4.774253823924447e-18
520.020060309059 4.909996680982164e-18
520.0821357735477 4.750367693036395e-18
520.1442112380364 4.7605411211290245e-18
520.2062867025252 4.492103093182055e-18
520.268362167014 4.7097627876224285e-18
520.3304376315026 4.6333728559499e-18
520.3925130959914 4.9164530442702544e-18
520.4545885604801 4.6665809294501265e-18
520.5166640249689 4.559942277919447e-18
520.5787394894576 4.647094434016208e-18
520.6408149539463 4.662383643894487e-18
520.7028904184351 4.5778831925691036e-18
520.7649658829238 4.610476074486225e-18
520.8270413474125 4.54942823795309e-18
520.8891168119013 4.5875731657794176e-18
520.9511922763901 4.563057688248103e-18
521.0132677408787 4.512915369529214e-18
521.0753432053675 4.5771801560622206e-18
521.1374186698563 4.689679606377548e-18
521.1994941343451 4.668004375848652e-18
521.2615695988337 4.559065610797063e-18
521.3236450633225 4.5842890034231066e-18
521.3857205278113 4.53527380886505e-18
521.4477959922999 4.536842678397456e-18
521.5098714567887 4.468854375540289e-18
521.5719469212775 4.578630086935768e-18
521.6340223857662 4.411542220538257e-18
521.6960978502549 4.443529642617709e-18
521.7581733147437 4.551155549343107e-18
521.8202487792324 4.691927265915015e-18
521.8823242437211 4.6237505243092506e-18
521.9443997082099 4.636309472046497e-18
522.0064751726986 4.499280516978807e-18
522.0685506371874 4.625465451286954e-18
522.1306261016761 4.632398291285808e-18
522.1927015661648 4.462174159660917e-18
522.2547770306536 4.5639852867768376e-18
522.3168524951424 4.5038798638254655e-18
522.378927959631 4.6224928320932345e-18
522.4410034241198 4.606029548782917e-18
522.5030788886086 4.52676897109889e-18
522.5651543530972 4.564399434713067e-18
522.627229817586 4.5489758021413486e-18
522.6893052820748 4.6009822861510365e-18
522.7513807465635 4.6283736017146495e-18
522.8134562110522 4.61102992951338e-18
522.875531675541 4.5402285354019095e-18
522.9376071400297 4.539032202465492e-18
522.9996826045184 4.49544011631405e-18
523.0617580690072 4.43518336556313e-18
523.1238335334959 4.440027708824505e-18
523.1859089979847 4.482480636107327e-18
523.2479844624734 4.5565894497323785e-18
523.3100599269621 4.478144961738659e-18
523.3721353914509 4.3545662715489735e-18
523.4342108559397 4.434468623011957e-18
523.4962863204283 4.55612682259049e-18
523.5583617849171 4.436819534630527e-18
523.6204372494059 4.507438918410645e-18
523.6825127138945 4.501575681020166e-18
523.7445881783833 4.4839298445395285e-18
523.8066636428721 4.551073007914435e-18
523.8687391073609 4.487618729511027e-18
523.9308145718495 4.501407151806761e-18
523.9928900363383 4.424593411682694e-18
524.054965500827 4.5490896210865086e-18
524.1170409653157 4.408432283771743e-18
524.1791164298045 4.373982743362574e-18
524.2411918942933 4.480210363893382e-18
524.303267358782 4.5026946903170555e-18
524.3653428232707 4.5098039070536056e-18
524.4274182877595 4.517090002140693e-18
524.4894937522482 4.349257450988987e-18
524.5515692167369 4.3122578774177124e-18
524.6136446812257 4.562382373174696e-18
524.6757201457144 4.54082077024405e-18
524.7377956102032 4.4392231663409174e-18
524.7998710746919 4.555016409184663e-18
524.8619465391806 4.4928084789966494e-18
524.9240220036694 4.4045843502998685e-18
524.9860974681582 4.423282127963911e-18
525.0481729326468 4.398184851034536e-18
525.1102483971356 4.4510187109022e-18
525.1723238616244 4.480875107412621e-18
525.234399326113 4.35097134196338e-18
525.2964747906018 4.4454186171275955e-18
525.3585502550906 4.3859524192109825e-18
525.4206257195793 4.348435507513265e-18
525.482701184068 4.341145378322686e-18
525.5447766485568 4.36811637382001e-18
525.6068521130455 4.38656230959746e-18
525.6689275775343 4.4027699845611156e-18
525.731003042023 4.464684689262262e-18
525.7930785065117 4.496524592101036e-18
525.8551539710005 4.4669437287140725e-18
525.9172294354892 4.475118312417782e-18
525.9793048999779 4.318859040663288e-18
526.0413803644667 4.319315882943468e-18
526.1034558289555 4.4197001893210025e-18
526.1655312934441 4.27664821734973e-18
526.2276067579329 4.3085149726725966e-18
526.2896822224217 4.390379605315426e-18
526.3517576869103 4.418918196588659e-18
526.4138331513991 4.3516750887464254e-18
526.4759086158879 4.411002854616922e-18
526.5379840803766 4.329623776112959e-18
526.6000595448653 4.295347448940627e-18
526.6621350093541 4.333226463478021e-18
526.7242104738428 4.30826838912571e-18
526.7862859383315 4.3556601769231656e-18
526.8483614028203 4.309935555458621e-18
526.910436867309 4.437503327946868e-18
526.9725123317978 4.407061130098242e-18
527.0345877962865 4.400912702783487e-18
527.0966632607752 4.366850531553186e-18
527.158738725264 4.331910451442767e-18
527.2208141897528 4.294224597047095e-18
527.2828896542414 4.29830863874015e-18
527.3449651187302 4.434583472315835e-18
527.407040583219 4.450267087426741e-18
527.4691160477076 4.382815023644987e-18
527.5311915121964 4.274937294325666e-18
527.5932669766852 4.2905891931801875e-18
527.655342441174 4.348287436428559e-18
527.7174179056626 4.365500284936986e-18
527.7794933701514 4.45692778429685e-18
527.8415688346402 4.284042411155312e-18
527.9036442991288 4.465931653414232e-18
527.9657197636176 4.377862741458074e-18
528.0277952281064 4.359253013228056e-18
528.0898706925951 4.324850064134826e-18
528.1519461570838 4.20507131186377e-18
528.2140216215726 4.4064604946956065e-18
528.2760970860613 4.379591073783493e-18
528.3381725505501 4.288629342444726e-18
528.4002480150388 4.269041056072274e-18
528.4623234795275 4.273649743987781e-18
528.5243989440163 4.363437086406933e-18
528.586474408505 4.310230251165715e-18
528.6485498729937 4.3691699219700214e-18
528.7106253374825 4.4188716328144706e-18
528.7727008019713 4.2961817328723826e-18
528.8347762664599 4.3410226408249706e-18
528.8968517309487 4.305437880130564e-18
528.9589271954375 4.3897470916356366e-18
529.0210026599261 4.34708565519674e-18
529.0830781244149 4.340540065563296e-18
529.1451535889037 4.2369985960529324e-18
529.2072290533924 4.29143426807806e-18
529.2693045178811 4.366503943414787e-18
529.3313799823699 4.275466876602892e-18
529.3934554468586 4.242281832218222e-18
529.4555309113474 4.325496480954101e-18
529.5176063758361 4.30620732253673e-18
529.5796818403248 4.341154486677626e-18
529.6417573048136 4.066165001670372e-18
529.7038327693023 4.079918494503262e-18
529.765908233791 4.2927286239706755e-18
529.8279836982798 4.040486040047041e-18
529.8900591627686 4.147706701705322e-18
529.9521346272572 4.084836600867748e-18
530.014210091746 4.0743614424379144e-18
530.0762855562348 3.965939437766897e-18
530.1383610207234 4.082960168895771e-18
530.2004364852122 4.21302771032457e-18
530.262511949701 4.085708542749417e-18
530.3245874141898 3.908789386416514e-18
530.3866628786784 4.247627471109803e-18
530.4487383431672 4.2891139575170545e-18
530.510813807656 4.188168764301011e-18
530.5728892721447 4.2408576159262264e-18
530.6349647366334 4.2525903199234124e-18
530.6970402011221 4.187121991362638e-18
530.7591156656109 4.254543728528849e-18
530.8211911300996 4.29484389362957e-18
530.8832665945883 4.26998109547256e-18
530.9453420590771 4.271246280022684e-18
531.0074175235659 4.329481469592562e-18
531.0694929880545 4.239325563796314e-18
531.1315684525433 4.291728627010918e-18
531.1936439170321 4.299376290491034e-18
531.2557193815207 4.288556394880284e-18
531.3177948460095 4.122675172133576e-18
531.3798703104983 4.258110456217689e-18
531.4419457749871 4.268660776890874e-18
531.5040212394757 4.295746487418448e-18
531.5660967039645 4.211909480629265e-18
531.6281721684533 4.200668593609041e-18
531.690247632942 4.123199394093397e-18
531.7523230974307 4.199870732817824e-18
531.8143985619195 4.242432032565034e-18
531.8764740264082 4.227932200648684e-18
531.9385494908969 4.293777131252258e-18
532.0006249553857 4.194167011918612e-18
532.0627004198744 4.215974641095743e-18
532.1247758843632 4.187277298165571e-18
532.1868513488519 4.1874521066675466e-18
532.2489268133406 4.141599203027864e-18
532.3110022778294 4.1975846204676735e-18
532.3730777423181 4.180706977468602e-18
532.4351532068068 4.212707155209195e-18
532.4972286712956 4.1577740695031585e-18
532.5593041357844 4.229280257418084e-18
532.621379600273 4.247826260494633e-18
532.6834550647618 4.306231510676589e-18
532.7455305292506 4.2320145128774095e-18
532.8076059937393 4.1283659449553914e-18
532.869681458228 4.151098324448898e-18
532.9317569227168 4.242773413985459e-18
532.9938323872055 4.190058527880386e-18
533.0559078516942 4.2362413201073514e-18
533.117983316183 4.270635052369644e-18
533.1800587806717 4.188316967579897e-18
533.2421342451605 4.2025346830161775e-18
533.3042097096492 4.1838554953350625e-18
533.3662851741379 4.251665186937921e-18
533.4283606386267 4.193148512658344e-18
533.4904361031154 4.166908428925412e-18
533.5525115676041 4.182198382578112e-18
533.6145870320929 4.0943224226219485e-18
533.6766624965817 4.07176608189161e-18
533.7387379610703 4.131691570488025e-18
533.8008134255591 4.069456785587466e-18
533.8628888900479 4.0482035139793136e-18
533.9249643545367 4.223977978237897e-18
533.9870398190253 4.1232477634734476e-18
534.0491152835141 4.038343095057807e-18
534.1111907480029 4.110727240143527e-18
534.1732662124915 4.075575730256188e-18
534.2353416769803 4.0050660388406036e-18
534.297417141469 3.924201493525142e-18
534.3594926059578 4.025208246533002e-18
534.4215680704465 3.97587127948709e-18
534.4836435349353 3.9764768907109344e-18
534.545718999424 3.971860695135218e-18
534.6077944639127 4.010608914602259e-18
534.6698699284015 3.8827418267494024e-18
534.7319453928902 3.979631996392327e-18
534.794020857379 4.274295934906516e-18
534.8560963218677 4.132203910871344e-18
534.9181717863564 4.033896766249494e-18
534.9802472508452 4.172695191141525e-18
535.042322715334 4.2161563805862124e-18
535.1043981798226 4.0805392643306934e-18
535.1664736443114 4.092157994740314e-18
535.2285491088002 4.1989872877625314e-18
535.2906245732888 4.20896722142493e-18
535.3527000377776 4.217603291900508e-18
535.4147755022664 4.1443351433934325e-18
535.4768509667551 4.084755763354327e-18
535.5389264312438 4.118142582656143e-18
535.6010018957326 3.988576960650749e-18
535.6630773602213 4.0575695182104574e-18
535.72515282471 4.157340201544518e-18
535.7872282891988 4.123399507940635e-18
535.8493037536875 4.114730241683684e-18
535.9113792181763 4.095807840209926e-18
535.973454682665 3.987239671510745e-18
536.0355301471537 4.0803763352634515e-18
536.0976056116425 4.191858673586205e-18
536.1596810761312 4.102651237606866e-18
536.2217565406199 4.0219442080832785e-18
536.2838320051087 4.062957267449821e-18
536.3459074695975 4.140896211668218e-18
536.4079829340861 4.073640586610344e-18
536.4700583985749 4.095525818957101e-18
536.5321338630637 4.0807939930427196e-18
536.5942093275524 4.0127470185663995e-18
536.6562847920411 4.119203649753389e-18
536.7183602565299 4.132479311774832e-18
536.7804357210186 4.119190713432932e-18
536.8425111855073 4.117599219001178e-18
536.9045866499961 4.104074570705308e-18
536.9666621144848 4.14156971742038e-18
537.0287375789736 4.073238693459425e-18
537.0908130434623 4.0955234371950235e-18
537.152888507951 4.147481526632294e-18
537.2149639724398 4.062487905161627e-18
537.2770394369286 4.078520035360374e-18
537.3391149014172 4.072715093961699e-18
537.401190365906 4.144265631330473e-18
537.4632658303948 4.137277282123497e-18
537.5253412948834 4.111324588621752e-18
537.5874167593722 4.126634557435069e-18
537.649492223861 4.03629010381167e-18
537.7115676883498 4.204534379823545e-18
537.7736431528384 4.178386844940755e-18
537.8357186173272 4.169138005836859e-18
537.897794081816 4.169898745222947e-18
537.9598695463046 3.9453885607635474e-18
538.0219450107934 4.04462595057858e-18
538.0840204752822 4.0404685859915635e-18
538.1460959397709 4.016816207222154e-18
538.2081714042596 3.981764057165988e-18
538.2702468687484 3.989122987321037e-18
538.3323223332371 4.12897281445995e-18
538.3943977977258 4.050238622398756e-18
538.4564732622146 4.0149482830035984e-18
538.5185487267033 4.049978569114131e-18
538.5806241911921 4.09900715451081e-18
538.6426996556808 4.135889191736367e-18
538.7047751201695 4.2184310367336055e-18
538.7668505846583 3.966513627979239e-18
538.8289260491471 4.043526011692988e-18
538.8910015136357 3.94399114317674e-18
538.9530769781245 4.026546631833735e-18
539.0151524426133 4.026240682008936e-18
539.0772279071019 4.1139205940081336e-18
539.1393033715907 3.971532713320684e-18
539.2013788360795 4.1383401044324745e-18
539.2634543005682 3.9676584249673305e-18
539.3255297650569 4.089321249335794e-18
539.3876052295457 4.0450179369311855e-18
539.4496806940344 4.004896790903203e-18
539.5117561585232 4.0415542505381246e-18
539.5738316230119 4.016004605092228e-18
539.6359070875006 4.029317849361109e-18
539.6979825519894 4.0578330663462175e-18
539.7600580164781 4.041153775269711e-18
539.8221334809668 3.876590586957356e-18
539.8842089454556 3.991277191482462e-18
539.9462844099444 3.975208771572306e-18
540.008359874433 4.150280050169949e-18
540.0704353389218 4.140190166218981e-18
540.1325108034106 4.028217500751645e-18
540.1945862678992 4.013443584966077e-18
540.256661732388 4.0365229520836715e-18
540.3187371968768 4.079119100250902e-18
540.3808126613656 3.992315475499295e-18
540.4428881258542 4.00778444185696e-18
540.504963590343 3.912875081051978e-18
540.5670390548318 4.096891705759726e-18
540.6291145193204 3.9808154004470586e-18
540.6911899838092 4.033026210283237e-18
540.753265448298 4.0985391806072e-18
540.8153409127867 4.057190328301372e-18
540.8774163772754 4.089554998421219e-18
540.9394918417642 4.0027124678884866e-18
541.0015673062529 4.0777599497369866e-18
541.0636427707417 4.1125926279377395e-18
541.1257182352304 4.07943952741189e-18
541.1877936997191 4.034479377431162e-18
541.2498691642079 4.034873072818845e-18
541.3119446286966 3.906144085136764e-18
541.3740200931853 3.907530856322281e-18
541.4360955576741 4.000564425896643e-18
541.4981710221629 3.988028021709936e-18
541.5602464866515 3.98210153766699e-18
541.6223219511403 4.0286509763412626e-18
541.6843974156291 4.034253939089439e-18
541.7464728801178 3.987906221565817e-18
541.8085483446065 3.939294729810693e-18
541.8706238090953 4.052271911564909e-18
541.932699273584 3.975219278052327e-18
541.9947747380727 3.972245243395696e-18
542.0568502025615 4.001803282823394e-18
542.1189256670502 3.97838021718452e-18
542.181001131539 3.927043937527038e-18
542.2430765960277 3.994812406738654e-18
542.3051520605164 3.985422224103911e-18
542.3672275250052 3.99754557425181e-18
542.4293029894939 3.944992047187408e-18
542.4913784539826 3.939918748131288e-18
542.5534539184714 3.952384087430361e-18
542.6155293829602 3.987713140721585e-18
542.6776048474488 3.9183062460875124e-18
542.7396803119376 3.9206474579032995e-18
542.8017557764264 3.99214140613737e-18
542.863831240915 3.915399289984951e-18
542.9259067054038 4.018835925554934e-18
542.9879821698926 4.120053905386384e-18
543.0500576343813 4.018389168801776e-18
543.11213309887 3.928626428813083e-18
543.1742085633588 3.9416054300285865e-18
543.2362840278475 4.009031434170527e-18
543.2983594923363 3.8946213143937705e-18
543.360434956825 3.886679264154706e-18
543.4225104213137 3.9570812991159974e-18
543.4845858858025 3.942818342938798e-18
543.5466613502912 3.976767081862837e-18
543.60873681478 3.898512496236321e-18
543.6708122792687 3.906250101303859e-18
543.7328877437575 3.923112925114551e-18
543.7949632082461 3.8672454591094634e-18
543.8570386727349 3.916547099208459e-18
543.9191141372237 3.853071757944698e-18
543.9811896017123 3.8438912953791204e-18
544.0432650662011 3.826115232266648e-18
544.1053405306899 3.84361504339968e-18
544.1674159951787 3.8274536114778944e-18
544.2294914596673 3.838603956165144e-18
544.2915669241561 3.8548359024836255e-18
544.3536423886449 3.8745259728656255e-18
544.4157178531336 3.866066367028159e-18
544.4777933176223 3.78077198467444e-18
544.5398687821111 3.8426674188575054e-18
544.6019442465998 3.876379285382109e-18
544.6640197110885 3.865089417606543e-18
544.7260951755773 3.8648574292272916e-18
544.788170640066 3.77318589402394e-18
544.8502461045548 3.800263624103014e-18
544.9123215690435 3.90874735466974e-18
544.9743970335322 3.85835011955746e-18
545.036472498021 3.836174561753206e-18
545.0985479625097 3.804472204407723e-18
545.1606234269984 3.85793241046847e-18
545.2226988914872 3.839070257023927e-18
545.284774355976 3.839704401140493e-18
545.3468498204646 3.868583782341085e-18
545.4089252849534 3.838140591584377e-18
545.4710007494422 3.8622034641093764e-18
545.5330762139309 3.785004660610106e-18
545.5951516784196 3.729313672370059e-18
545.6572271429084 3.819116881917676e-18
545.7193026073971 3.84428935386881e-18
545.7813780718858 3.834526798759752e-18
545.8434535363746 3.853103083417714e-18
545.9055290008633 3.793694186153375e-18
545.9676044653521 3.712440274059729e-18
546.0296799298408 3.8284198639668255e-18
546.0917553943295 3.8700584360047686e-18
546.1538308588183 3.812041618312452e-18
546.215906323307 3.78875166228094e-18
546.2779817877957 3.796015375284103e-18
546.3400572522845 3.711437228366177e-18
546.4021327167733 3.691281508988086e-18
546.4642081812619 3.744337336422736e-18
546.5262836457507 3.690083879375884e-18
546.5883591102395 3.695225108216191e-18
546.6504345747283 3.813512327573957e-18
546.7125100392169 3.726496086678216e-18
546.7745855037057 3.765263720233042e-18
546.8366609681945 3.708343987779683e-18
546.8987364326831 3.729270266771312e-18
546.9608118971719 3.786627045039673e-18
547.0228873616607 3.745222414232031e-18
547.0849628261494 3.694101539060206e-18
547.1470382906381 3.682532199318905e-18
547.2091137551269 3.647984600728342e-18
547.2711892196156 3.630464063256253e-18
547.3332646841043 3.595988863751886e-18
547.395340148593 3.696608207379109e-18
547.4574156130818 3.751998481401424e-18
547.5194910775706 3.721438219474476e-18
547.5815665420592 3.698428410943213e-18
547.643642006548 3.70826538446357e-18
547.7057174710368 3.726729231294195e-18
547.7677929355256 3.741158757658665e-18
547.8298684000142 3.741755691540256e-18
547.891943864503 3.587974002500762e-18
547.9540193289918 3.675189816745605e-18
548.0160947934804 3.736411560799992e-18
548.0781702579692 3.76378840878335e-18
548.140245722458 3.791303431922843e-18
548.2023211869467 3.725863293796056e-18
548.2643966514354 3.7183252504445756e-18
548.3264721159242 3.667413499764701e-18
548.3885475804129 3.708632791770808e-18
548.4506230449016 3.679226148169124e-18
548.5126985093904 3.655362709330612e-18
548.5747739738791 3.588524665292142e-18
548.6368494383679 3.630704120027699e-18
548.6989249028566 3.600268314768601e-18
548.7610003673453 3.752043404543682e-18
548.8230758318341 3.698681400991715e-18
548.8851512963229 3.745697288790976e-18
548.9472267608115 3.615000213122437e-18
549.0093022253003 3.743460548842559e-18
549.0713776897891 3.848858962701037e-18
549.1334531542777 3.751789849754904e-18
549.1955286187665 3.7038010067355384e-18
549.2576040832553 3.707135991270294e-18
549.319679547744 3.623906453467682e-18
549.3817550122327 3.716505167448018e-18
549.4438304767215 3.716523434769814e-18
549.5059059412102 3.724110589915888e-18
549.5679814056989 3.643054348609082e-18
549.6300568701877 3.850171530541948e-18
549.6921323346764 3.727098539617628e-18
549.7542077991652 3.667539775212752e-18
549.8162832636539 3.708669678491656e-18
549.8783587281426 3.708139549402181e-18
549.9404341926314 3.726379490390431e-18
550.0025096571202 3.743111268088666e-18
550.0645851216088 3.579917627081738e-18
550.1266605860976 3.659770918161069e-18
550.1887360505864 3.668766866063944e-18
550.250811515075 3.769925928525828e-18
550.3128869795638 3.781228429581391e-18
550.3749624440526 3.747763685722782e-18
550.4370379085414 3.876145134980944e-18
550.49911337303 3.857797073621377e-18
550.5611888375188 3.696315673946975e-18
550.6232643020076 3.74861311935217e-18
550.6853397664962 3.775427303759872e-18
550.747415230985 3.759563557196401e-18
550.8094906954738 3.777234080705953e-18
550.8715661599625 3.8499038177502664e-18
550.9336416244512 3.704214833495073e-18
550.99571708894 3.811507313159554e-18
551.0577925534287 3.763092078203194e-18
551.1198680179175 3.635447678505834e-18
551.1819434824062 3.605994642265905e-18
551.2440189468949 3.615507700385104e-18
551.3060944113837 3.70475900193896e-18
551.3681698758724 3.779699555831509e-18
551.4302453403611 3.697923359916308e-18
551.4923208048499 3.652124596890308e-18
551.5543962693387 3.661843298288275e-18
551.6164717338273 3.697071377718635e-18
551.6785471983161 3.755820495063298e-18
551.7406226628049 3.6276247073623575e-18
551.8026981272935 3.638217179636296e-18
551.8647735917823 3.698679840751458e-18
551.9268490562711 3.685900623293907e-18
551.9889245207598 3.716357380831077e-18
552.0509999852485 3.6648582169834336e-18
552.1130754497373 3.668289229199473e-18
552.175150914226 3.651514652666328e-18
552.2372263787147 3.655847868713401e-18
552.2993018432035 3.719523324532661e-18
552.3613773076922 3.72781328501365e-18
552.423452772181 3.673996322651967e-18
552.4855282366697 3.682864670267424e-18
552.5476037011584 3.728043767662337e-18
552.6096791656472 3.7152262253959884e-18
552.671754630136 3.689391866836166e-18
552.7338300946246 3.734106626478991e-18
552.7959055591134 3.8013966184948e-18
552.8579810236022 3.7568720500993514e-18
552.9200564880908 3.6923535114407935e-18
552.9821319525796 3.712767601319092e-18
553.0442074170684 3.746902859938141e-18
553.1062828815571 3.743979964727737e-18
553.1683583460458 3.675336846668943e-18
553.2304338105346 3.725604127118209e-18
553.2925092750233 3.715731767569024e-18
553.3545847395121 3.72160045431206e-18
553.4166602040008 3.8055507179733625e-18
553.4787356684895 3.756866077849984e-18
553.5408111329783 3.700367441156934e-18
553.602886597467 3.702413534570454e-18
553.6649620619557 3.7131279039248855e-18
553.7270375264445 3.713873230446301e-18
553.7891129909333 3.6625288877090514e-18
553.851188455422 3.690842447494923e-18
553.9132639199107 3.7023394046823196e-18
553.9753393843995 3.6773448570925146e-18
554.0374148488881 3.714024050492922e-18
554.0994903133769 3.682764821782308e-18
554.1615657778657 3.692840887120269e-18
554.2236412423545 3.712803063317615e-18
554.2857167068431 3.694449995603564e-18
554.3477921713319 3.675567736902521e-18
554.4098676358207 3.684160495119217e-18
554.4719431003093 3.689897489335266e-18
554.5340185647981 3.736666548840846e-18
554.5960940292869 3.66086353918932e-18
554.6581694937756 3.693925755681491e-18
554.7202449582643 3.6518784650119646e-18
554.7823204227531 3.657401480283458e-18
554.8443958872418 3.676440545117656e-18
554.9064713517306 3.67427910091105e-18
554.9685468162193 3.697267623695586e-18
555.030622280708 3.7953222614888436e-18
555.0926977451968 3.814397851267117e-18
555.1547732096855 3.74726135593061e-18
555.2168486741742 3.698072263302462e-18
555.278924138663 3.7113100562348665e-18
555.3409996031518 3.69529048490507e-18
555.4030750676404 3.69622477147518e-18
555.4651505321292 3.689863369778116e-18
555.527225996618 3.756771849772176e-18
555.5893014611067 3.699032767001455e-18
555.6513769255954 3.7399908593005885e-18
555.7134523900842 3.7031905865192824e-18
555.7755278545729 3.671717407488624e-18
555.8376033190616 3.731704959044317e-18
555.8996787835504 3.7349843288874866e-18
555.9617542480391 3.717584279503601e-18
556.0238297125279 3.7348865815605606e-18
556.0859051770166 3.731015670877411e-18
556.1479806415053 3.696123731761593e-18
556.2100561059941 3.65908200283274e-18
556.2721315704828 3.61002148544598e-18
556.3342070349715 3.605532175753178e-18
556.3962824994603 3.6205233989824185e-18
556.4583579639491 3.7330991941611354e-18
556.5204334284377 3.670661177097975e-18
556.5825088929265 3.692769389969079e-18
556.6445843574153 3.775210059996478e-18
556.7066598219039 3.608596642506902e-18
556.7687352863927 3.606265075667949e-18
556.8308107508815 3.703450751033141e-18
556.8928862153703 3.6095803275538944e-18
556.9549616798589 3.618228077625303e-18
557.0170371443477 3.634321412738168e-18
557.0791126088365 3.56619191401941e-18
557.1411880733252 3.4507246311151544e-18
557.2032635378139 3.649931668417383e-18
557.2653390023027 3.625690450406343e-18
557.3274144667914 3.4037598758988015e-18
557.3894899312801 3.656091156897697e-18
557.4515653957689 3.4763644116868574e-18
557.5136408602576 3.570708020867607e-18
557.5757163247464 3.6026571808312635e-18
557.637791789235 3.609489078340003e-18
557.6998672537238 3.8395592176559774e-18
557.7619427182126 3.805281074763127e-18
557.8240181827014 3.748589223761049e-18
557.88609364719 3.618055476182424e-18
557.9481691116788 3.589701526185169e-18
558.0102445761676 3.6772214080655425e-18
558.0723200406562 3.56279262492932e-18
558.134395505145 3.666395499899657e-18
558.1964709696338 3.525814852639803e-18
558.2585464341225 3.5600522181126874e-18
558.3206218986112 3.534053698067449e-18
558.3826973631 3.5562217578227894e-18
558.4447728275887 3.8804664512628425e-18
558.5068482920774 3.720497358172635e-18
558.5689237565662 3.7227491060208474e-18
558.6309992210549 3.831033982332254e-18
558.6930746855437 3.6639433883343536e-18
558.7551501500324 3.649863063159573e-18
558.8172256145211 3.7249862575984646e-18
558.8793010790099 3.6765899493513724e-18
558.9413765434986 3.561347509769572e-18
559.0034520079873 3.650147012838397e-18
559.0655274724761 3.6213082150946224e-18
559.1276029369649 3.6479433359927155e-18
559.1896784014535 3.605382999887671e-18
559.2517538659423 3.685215529320863e-18
559.3138293304311 3.7154137849654015e-18
559.3759047949198 3.723863265537436e-18
559.4379802594085 3.694907824275462e-18
559.5000557238973 3.646759377870799e-18
559.562131188386 3.742064254951054e-18
559.6242066528747 3.712497459231336e-18
559.6862821173635 3.6347009215343884e-18
559.7483575818522 3.6923023323168736e-18
559.810433046341 3.608775281665366e-18
559.8725085108297 3.618179140256818e-18
559.9345839753184 3.624696118528427e-18
559.9966594398072 3.7083999199974366e-18
560.058734904296 3.654681959132946e-18
560.1208103687846 3.661532960173919e-18
560.1828858332734 3.695631496057143e-18
560.2449612977622 3.6133136667152254e-18
560.3070367622508 3.586217320857463e-18
560.3691122267396 3.538590162661577e-18
560.4311876912284 3.583685335487283e-18
560.4932631557172 3.5677101235620504e-18
560.5553386202058 3.615290590200073e-18
560.6174140846946 3.5862253993546275e-18
560.6794895491834 3.6069697328740916e-18
560.741565013672 3.669536905248535e-18
560.8036404781608 3.5594698300190434e-18
560.8657159426496 3.4335777332877464e-18
560.9277914071383 3.565929016470429e-18
560.989866871627 3.555022480304036e-18
561.0519423361158 3.6353447028497956e-18
561.1140178006045 3.665762415889064e-18
561.1760932650932 3.625947515914974e-18
561.238168729582 3.602316479478848e-18
561.3002441940707 3.6020757758401206e-18
561.3623196585595 3.641845106898888e-18
561.4243951230482 3.684591304842063e-18
561.4864705875369 3.642429949975963e-18
561.5485460520257 3.643043953441096e-18
561.6106215165144 3.731564352991237e-18
561.6726969810031 3.6899369918944114e-18
561.7347724454919 3.655397240758617e-18
561.7968479099807 3.682359673639127e-18
561.8589233744693 3.661580173194374e-18
561.9209988389581 3.682398874291905e-18
561.9830743034469 3.749212835609886e-18
562.0451497679356 3.727056804090747e-18
562.1072252324243 3.652705738278217e-18
562.1693006969131 3.6977568497661005e-18
562.2313761614018 3.6856224132978275e-18
562.2934516258906 3.662849359166236e-18
562.3555270903793 3.64837057046777e-18
562.417602554868 3.623834426324963e-18
562.4796780193568 3.65012551921459e-18
562.5417534838455 3.853996514888689e-18
562.6038289483342 3.795782936165437e-18
562.665904412823 3.65716889242666e-18
562.7279798773118 3.662759472237777e-18
562.7900553418004 3.618302632831665e-18
562.8521308062892 3.649797034246267e-18
562.914206270778 3.687280557049223e-18
562.9762817352666 3.703010750892973e-18
563.0383571997554 3.639046599219589e-18
563.1004326642442 3.684989856871804e-18
563.162508128733 3.724294506812662e-18
563.2245835932216 3.7191529187575466e-18
563.2866590577104 3.668875206883848e-18
563.3487345221992 3.644618852844041e-18
563.4108099866878 3.726574828387196e-18
563.4728854511766 3.77992185440951e-18
563.5349609156654 3.5702034223710136e-18
563.5970363801541 3.683738669659412e-18
563.6591118446428 3.626178508830886e-18
563.7211873091316 3.605699747166378e-18
563.7832627736203 3.616144310808235e-18
563.845338238109 3.658065381737073e-18
563.9074137025978 3.732672507882233e-18
563.9694891670865 3.661448184948305e-18
564.0315646315753 3.616250937581802e-18
564.093640096064 3.58760460633861e-18
564.1557155605527 3.6554951444876005e-18
564.2177910250415 3.622673398483982e-18
564.2798664895303 3.579313562866411e-18
564.3419419540189 3.727468606577098e-18
564.4040174185077 3.627344983384628e-18
564.4660928829965 3.6285869758820056e-18
564.5281683474851 3.642289252229775e-18
564.5902438119739 3.555259597927732e-18
564.6523192764627 3.554672731309221e-18
564.7143947409514 3.691844299003594e-18
564.7764702054401 3.78650337866246e-18
564.8385456699289 3.672745593500466e-18
564.9006211344176 3.699127898050184e-18
564.9626965989064 3.7149081100971505e-18
565.0247720633951 3.643439027902767e-18
565.0868475278838 3.663606303738561e-18
565.1489229923726 3.707053465183158e-18
565.2109984568613 3.627338768945068e-18
565.27307392135 3.54533549500674e-18
565.3351493858388 3.5901101361986314e-18
565.3972248503276 3.6235823750060656e-18
565.4593003148162 3.699962877323354e-18
565.521375779305 3.724969213299597e-18
565.5834512437938 3.654479138055125e-18
565.6455267082824 3.569490766341066e-18
565.7076021727712 3.6894183202548265e-18
565.76967763726 3.7523148638842626e-18
565.8317531017487 3.5863240689828984e-18
565.8938285662374 3.717912036491429e-18
565.9559040307262 3.6316241031172534e-18
566.017979495215 3.6221159656296016e-18
566.0800549597036 3.680215639797444e-18
566.1421304241924 3.567934578016753e-18
566.2042058886811 3.590917108060752e-18
566.2662813531699 3.5370938891336495e-18
566.3283568176586 3.6741770600640724e-18
566.3904322821473 3.65813612313671e-18
566.4525077466361 3.65267164059587e-18
566.5145832111249 3.614301818517207e-18
566.5766586756135 3.725370619214286e-18
566.6387341401023 3.576662893605547e-18
566.7008096045911 3.581481067379168e-18
566.7628850690797 3.6429387216478414e-18
566.8249605335685 3.636128779163171e-18
566.8870359980573 3.612732268795069e-18
566.949111462546 3.565450706764091e-18
567.0111869270347 3.4825479531478254e-18
567.0732623915235 3.537439326724821e-18
567.1353378560123 3.5544322878360495e-18
567.197413320501 3.556197308786423e-18
567.2594887849897 3.612263760067676e-18
567.3215642494785 3.602992223094388e-18
567.3836397139672 3.61314029273821e-18
567.4457151784559 3.614006213183328e-18
567.5077906429447 3.622020216107022e-18
567.5698661074334 3.5788999302058106e-18
567.6319415719222 3.547253288638891e-18
567.6940170364109 3.544163277316721e-18
567.7560925008996 3.5518807497245944e-18
567.8181679653884 3.596808283175614e-18
567.880243429877 3.575721687744894e-18
567.9423188943658 3.5717154283345985e-18
568.0043943588546 3.617569521249508e-18
568.0664698233434 3.554921299565442e-18
568.128545287832 3.599783111963632e-18
568.1906207523208 3.7215650811920315e-18
568.2526962168096 3.66624102687927e-18
568.3147716812982 3.558771727302302e-18
568.376847145787 3.4942661776220596e-18
568.4389226102758 3.5928920758486e-18
568.5009980747645 3.5636510336953344e-18
568.5630735392532 3.504399404561184e-18
568.625149003742 3.597999456190521e-18
568.6872244682307 3.5586994244816365e-18
568.7492999327195 3.587580569375347e-18
568.8113753972082 3.589392399173588e-18
568.8734508616969 3.551584341020271e-18
568.9355263261857 3.656464032795647e-18
568.9976017906744 3.5861740938766416e-18
569.0596772551631 3.6091688904710634e-18
569.1217527196519 3.65583564932027e-18
569.1838281841407 3.57053529892775e-18
569.2459036486293 3.518298240498979e-18
569.3079791131181 3.547743161227789e-18
569.3700545776069 3.6217406276665896e-18
569.4321300420957 3.528766638740567e-18
569.4942055065843 3.4844177626495895e-18
569.5562809710731 3.488683754227256e-18
569.6183564355619 3.534811870181838e-18
569.6804319000505 3.637867896256088e-18
569.7425073645393 3.609945547304929e-18
569.804582829028 3.5251062362001344e-18
569.8666582935168 3.506712578925567e-18
569.9287337580055 3.610913305131255e-18
569.9908092224942 3.634516558767517e-18
570.052884686983 3.5445260982541244e-18
570.1149601514717 3.582955625447237e-18
570.1770356159604 3.6447764796931726e-18
570.2391110804492 3.586980197887727e-18
570.301186544938 3.567965291615931e-18
570.3632620094266 3.54558678697423e-18
570.4253374739154 3.616063107938754e-18
570.4874129384042 3.5583993482587635e-18
570.5494884028928 3.559504348217127e-18
570.6115638673816 3.588089534190398e-18
570.6736393318704 3.536960798851651e-18
570.7357147963592 3.6332810382917935e-18
570.7977902608478 3.4360059517005753e-18
570.8598657253366 3.48168755398048e-18
570.9219411898254 3.6208618683388705e-18
570.9840166543141 3.966023932164901e-18
571.0460921188028 4.225617866556533e-18
571.1081675832916 3.514940073957721e-18
571.1702430477803 3.4810066343811896e-18
571.232318512269 3.506403641311515e-18
571.2943939767578 3.494248002110982e-18
571.3564694412465 3.583474190943478e-18
571.4185449057353 3.5234083434981575e-18
571.480620370224 3.5528968382332674e-18
571.5426958347127 3.5699088102360395e-18
571.6047712992015 3.6488975111979965e-18
571.6668467636903 3.5031493773364094e-18
571.7289222281789 3.549179933177264e-18
571.7909976926677 3.5053443092635974e-18
571.8530731571565 3.4936106357072176e-18
571.9151486216451 3.5474599414431555e-18
571.9772240861339 3.528370948908934e-18
572.0392995506227 3.630058298516493e-18
572.1013750151114 3.539103764999523e-18
572.1634504796001 3.548944168294578e-18
572.2255259440889 3.476403116847214e-18
572.2876014085776 3.537048131568662e-18
572.3496768730663 3.551092215523861e-18
572.4117523375551 3.530582160565635e-18
572.4738278020438 3.592894338461193e-18
572.5359032665326 3.667144812591902e-18
572.5979787310213 3.539587347447446e-18
572.66005419551 3.499935776503537e-18
572.7221296599988 3.463165668005411e-18
572.7842051244875 3.518685780728718e-18
572.8462805889762 3.525376165379527e-18
572.908356053465 3.652437793417661e-18
572.9704315179538 3.599053788456282e-18
573.0325069824424 3.540604342602446e-18
573.0945824469312 3.550360103212496e-18
573.15665791142 3.558626279891745e-18
573.2187333759088 3.5750402059565805e-18
573.2808088403974 3.5634530940473494e-18
573.3428843048862 3.589536537934302e-18
573.404959769375 3.599344813112887e-18
573.4670352338636 3.619808988417049e-18
573.5291106983524 3.546141384250256e-18
573.5911861628412 3.4467702428174988e-18
573.6532616273299 3.490632364128207e-18
573.7153370918186 3.517668351527794e-18
573.7774125563074 3.572015517671601e-18
573.8394880207961 3.615085882062867e-18
573.9015634852849 3.626698256018206e-18
573.9636389497736 3.588030464952852e-18
574.0257144142623 3.5415335744960524e-18
574.0877898787511 3.537225924071358e-18
574.1498653432398 3.541852264727565e-18
574.2119408077285 3.572531406494288e-18
574.2740162722173 3.584636860547821e-18
574.3360917367061 3.5474634789660046e-18
574.3981672011947 3.472998918676858e-18
574.4602426656835 3.472398851235602e-18
574.5223181301723 3.54539613564721e-18
574.5843935946609 3.532418920018126e-18
574.6464690591497 3.562259590663692e-18
574.7085445236385 3.497990719530177e-18
574.7706199881272 3.4777134919608e-18
574.8326954526159 3.593730173944824e-18
574.8947709171047 3.5797134109635105e-18
574.9568463815934 3.609198990669975e-18
575.0189218460821 3.574289547389617e-18
575.0809973105709 3.5209956666341064e-18
575.1430727750596 3.428430031172376e-18
575.2051482395484 3.5123654110006216e-18
575.2672237040371 3.5059463743691095e-18
575.3292991685258 3.477810818275862e-18
575.3913746330146 3.4233919815031384e-18
575.4534500975033 3.5386855079096206e-18
575.515525561992 3.600672082598174e-18
575.5776010264808 3.540737070308945e-18
575.6396764909696 3.592593909951434e-18
575.7017519554582 3.553788777598135e-18
575.763827419947 3.513998807780906e-18
575.8259028844358 3.5030161865478074e-18
575.8879783489245 3.552473256614801e-18
575.9500538134132 3.486365532825514e-18
576.012129277902 3.507804835128524e-18
576.0742047423907 3.535198594156926e-18
576.1362802068795 3.5158979574946076e-18
576.1983556713682 3.564691944376354e-18
576.260431135857 3.5858367478813684e-18
576.3225066003457 3.5421489869806055e-18
576.3845820648344 3.616535608554876e-18
576.4466575293231 3.4299822417946344e-18
576.5087329938119 3.506483585106573e-18
576.5708084583007 3.483020795653761e-18
576.6328839227893 3.591692306633855e-18
576.6949593872781 3.581367639814795e-18
576.7570348517669 3.493159160936815e-18
576.8191103162555 3.487984767387604e-18
576.8811857807443 3.4630984648942338e-18
576.9432612452331 3.5617939759911436e-18
577.0053367097219 3.4654752398557918e-18
577.0674121742105 3.5460983249056005e-18
577.1294876386993 3.5229231854047216e-18
577.1915631031881 3.4949302491738385e-18
577.2536385676767 3.560383872946567e-18
577.3157140321655 3.5685745178610556e-18
577.3777894966543 3.498937096960974e-18
577.439864961143 3.524667855364994e-18
577.5019404256317 3.4599126419034197e-18
577.5640158901205 3.4799699651167664e-18
577.6260913546092 3.503911170816672e-18
577.6881668190979 3.603730883623121e-18
577.7502422835867 3.638729069942162e-18
577.8123177480754 3.490499970340266e-18
577.8743932125642 3.483922455512769e-18
577.9364686770529 3.466014855246097e-18
577.9985441415416 3.5232724535893954e-18
578.0606196060304 3.4206030700444452e-18
578.1226950705192 3.489449857770919e-18
578.1847705350078 3.478748577559528e-18
578.2468459994966 3.5021906315522485e-18
578.3089214639854 3.460313851172159e-18
578.370996928474 3.473142775375664e-18
578.4330723929628 3.5987763804477535e-18
578.4951478574516 3.5031562843489915e-18
578.5572233219403 3.5642119201491805e-18
578.619298786429 3.534488212008679e-18
578.6813742509178 3.472319962790261e-18
578.7434497154065 3.523986640473581e-18
578.8055251798953 3.501138529695262e-18
578.867600644384 3.6394308280465246e-18
578.9296761088727 3.52231069926464e-18
578.9917515733615 3.425459136790805e-18
579.0538270378502 3.574042142178556e-18
579.1159025023389 3.4904487868038194e-18
579.1779779668277 3.4097640492643158e-18
579.2400534313165 3.449208577227251e-18
579.3021288958051 3.469227296175301e-18
579.3642043602939 3.4236972338053904e-18
579.4262798247827 3.470355430423289e-18
579.4883552892713 3.52502753912634e-18
579.5504307537601 3.5225002220666154e-18
579.6125062182489 3.514381805068911e-18
579.6745816827377 3.5591482996233874e-18
579.7366571472263 3.4257323421149187e-18
579.7987326117151 3.4089681576140048e-18
579.8608080762039 3.5509675422326734e-18
579.9228835406925 3.555203701622868e-18
579.9849590051813 3.4385598562640043e-18
580.04703446967 3.480030663427236e-18
580.1091099341588 3.5067627231109994e-18
580.1711853986475 3.519136912206056e-18
580.2332608631363 3.515823710734556e-18
580.295336327625 3.4545759558029233e-18
580.3574117921138 3.524741571062192e-18
580.4194872566025 3.5549450663987435e-18
580.4815627210912 3.6072549292462554e-18
580.54363818558 3.580547093587354e-18
580.6057136500687 3.507811738934853e-18
580.6677891145574 3.4539401071146278e-18
580.7298645790462 3.4480426408260534e-18
580.791940043535 3.5417186362821644e-18
580.8540155080236 3.491014039465682e-18
580.9160909725124 3.478555390635219e-18
580.9781664370012 3.4626410621157385e-18
581.0402419014899 3.4576323537010974e-18
581.1023173659786 3.486362614436239e-18
581.1643928304674 3.544577622298946e-18
581.2264682949561 3.514497699166918e-18
581.2885437594448 3.2966434461220603e-18
581.3506192239336 3.4306267984585287e-18
581.4126946884223 3.538040031874667e-18
581.4747701529111 3.551935124357092e-18
581.5368456173998 3.464927403500289e-18
581.5989210818885 3.49206945850357e-18
581.6609965463773 3.403626787407017e-18
581.723072010866 3.46981056695579e-18
581.7851474753547 3.593442394299234e-18
581.8472229398435 3.6469936923731835e-18
581.9092984043323 3.4527179286631706e-18
581.9713738688209 3.4519050902212105e-18
582.0334493333097 3.4619542366735514e-18
582.0955247977985 3.516176000768743e-18
582.1576002622871 3.4650757475208683e-18
582.2196757267759 3.479146104546822e-18
582.2817511912647 3.527638425088453e-18
582.3438266557534 3.489683773686274e-18
582.4059021202421 3.596794492320265e-18
582.4679775847309 3.548040695689911e-18
582.5300530492196 3.3793243681594066e-18
582.5921285137084 3.4555680146604766e-18
582.6542039781971 3.451173475406323e-18
582.7162794426858 3.497016172970402e-18
582.7783549071746 3.4459065000405976e-18
582.8404303716633 3.3538615469829514e-18
582.902505836152 3.3668405530947473e-18
582.9645813006408 3.4853461043374575e-18
583.0266567651296 3.4213969430181248e-18
583.0887322296182 3.4037634500418676e-18
583.150807694107 3.3407445040165744e-18
583.2128831585958 3.518320380890055e-18
583.2749586230846 3.3762243894577917e-18
583.3370340875732 3.3572129992989557e-18
583.399109552062 3.424028655856641e-18
583.4611850165508 3.4434085126706217e-18
583.5232604810394 3.452098223276344e-18
583.5853359455282 3.3345445410472514e-18
583.647411410017 3.475902440519056e-18
583.7094868745057 3.3959789358100728e-18
583.7715623389944 3.580175680137645e-18
583.8336378034832 3.490179063551305e-18
583.8957132679719 3.473050802787649e-18
583.9577887324606 3.556641019504279e-18
584.0198641969494 3.524479569981033e-18
584.0819396614381 3.4353213200642596e-18
584.1440151259269 3.414684564242642e-18
584.2060905904156 3.5774126101902036e-18
584.2681660549043 3.4871803757871996e-18
584.3302415193931 3.464602849930897e-18
584.3923169838818 3.522559996193414e-18
584.4543924483705 3.566622021846798e-18
584.5164679128593 3.548018034568861e-18
584.5785433773481 3.4290653571675507e-18
584.6406188418367 3.465681616169112e-18
584.7026943063255 3.4038855980454602e-18
584.7647697708143 3.5215383240251746e-18
584.8268452353029 3.57367036414828e-18
584.8889206997917 3.4538752091714873e-18
584.9509961642805 3.3972084273359798e-18
585.0130716287692 3.4218517437638727e-18
585.075147093258 3.402020998114602e-18
585.1372225577467 3.392098351012192e-18
585.1992980222354 3.4592496672587987e-18
585.2613734867242 3.502205400682183e-18
585.3234489512129 3.513788955837283e-18
585.3855244157016 3.606913582848505e-18
585.4475998801904 3.629320916919276e-18
585.5096753446792 3.444084837384572e-18
585.5717508091678 3.473917737490911e-18
585.6338262736566 3.53931319850485e-18
585.6959017381454 3.4238559038793735e-18
585.757977202634 3.424458918854893e-18
585.8200526671228 3.4558716363545296e-18
585.8821281316116 3.567170019659712e-18
585.9442035961004 3.470490706561458e-18
586.006279060589 3.3837004834300796e-18
586.0683545250778 3.55775602113374e-18
586.1304299895666 3.442823969385265e-18
586.1925054540552 3.3165429554355633e-18
586.254580918544 3.3413814735163547e-18
586.3166563830328 3.3902972355203962e-18
586.3787318475215 3.2985461399357545e-18
586.4408073120102 3.3353530177515954e-18
586.502882776499 3.346565025730127e-18
586.5649582409877 3.405396691460371e-18
586.6270337054764 3.480118894517946e-18
586.6891091699651 3.417111103557965e-18
586.7511846344539 3.463556178445308e-18
586.8132600989427 3.4012977853625807e-18
586.8753355634313 3.3497073917381428e-18
586.9374110279201 3.513298101937586e-18
586.9994864924089 3.370415040046649e-18
587.0615619568975 3.3935601987427222e-18
587.1236374213863 3.472296933280411e-18
587.1857128858751 3.556747484953169e-18
587.2477883503639 3.412258171159043e-18
587.3098638148525 3.4452169706517325e-18
587.3719392793413 3.213213692657397e-18
587.4340147438301 3.3355966479384624e-18
587.4960902083188 3.4556898184049914e-18
587.5581656728075 3.3909119866729994e-18
587.6202411372963 3.4563256186720905e-18
587.682316601785 3.347700974832605e-18
587.7443920662738 3.490913180370949e-18
587.8064675307625 3.483219428907722e-18
587.8685429952512 3.356895192610586e-18
587.93061845974 3.4582847132939092e-18
587.9926939242287 3.443871671543719e-18
588.0547693887174 3.4191454100019804e-18
588.1168448532062 3.489770990102495e-18
588.178920317695 3.4037159642317686e-18
588.2409957821836 3.4550684386765515e-18
588.3030712466724 3.1654088908780315e-18
588.3651467111612 3.499810063492794e-18
588.4272221756498 3.329686517723489e-18
588.4892976401386 3.3707616282110832e-18
588.5513731046274 3.521124272076902e-18
588.6134485691161 3.3507734270986102e-18
588.6755240336048 3.2993204020073708e-18
588.7375994980936 3.192791959913898e-18
588.7996749625823 3.2937162882876077e-18
588.861750427071 3.2210452649293362e-18
588.9238258915598 3.165382560917597e-18
588.9859013560485 3.088570413711447e-18
589.0479768205373 3.173234865006767e-18
589.110052285026 3.1707551444146055e-18
589.1721277495147 3.0843394262606077e-18
589.2342032140035 3.099089310671601e-18
589.2962786784922 3.1354816655391693e-18
589.3583541429809 3.2032447560189314e-18
589.4204296074697 3.1641261477795297e-18
589.4825050719585 3.1639095680662336e-18
589.5445805364471 3.1886299420712163e-18
589.6066560009359 3.2120772982472795e-18
589.6687314654247 3.1328463984622686e-18
589.7308069299135 3.0690256529105094e-18
589.7928823944021 3.043670772613963e-18
589.8549578588909 3.1397709292373567e-18
589.9170333233797 3.150559915704066e-18
589.9791087878684 3.0926161661186005e-18
590.0411842523571 3.0930799989114623e-18
590.1032597168459 3.1031212992171938e-18
590.1653351813346 3.0460817350552435e-18
590.2274106458233 3.120595298754168e-18
590.289486110312 3.2146820513698478e-18
590.3515615748008 3.1641742775640314e-18
590.4136370392896 3.0699883026511705e-18
590.4757125037783 3.054554877877094e-18
590.537787968267 3.1002587470763213e-18
590.5998634327558 3.0488922774798313e-18
590.6619388972445 3.0311846034772576e-18
590.7240143617332 3.106773620244772e-18
590.786089826222 3.1410072527070725e-18
590.8481652907108 3.1269859730077817e-18
590.9102407551994 3.1273000227576063e-18
590.9723162196882 3.0964274767776694e-18
591.034391684177 3.0782281011372425e-18
591.0964671486656 3.1230434299506695e-18
591.1585426131544 3.0792094499016904e-18
591.2206180776432 2.9987733511123283e-18
591.2826935421319 3.0686028899987695e-18
591.3447690066206 3.0629448345293093e-18
591.4068444711094 2.956801525354821e-18
591.4689199355981 2.9770787676157298e-18
591.5309954000868 3.0673767217125104e-18
591.5930708645756 3.071232596627756e-18
591.6551463290643 3.064705039919405e-18
591.7172217935531 3.00083904032472e-18
591.7792972580418 2.933489433599985e-18
591.8413727225305 2.9044645724866207e-18
591.9034481870193 2.952647161145134e-18
591.9655236515081 3.056180632282258e-18
592.0275991159967 2.9724927407845476e-18
592.0896745804855 2.9486448200578557e-18
592.1517500449743 2.927194300419304e-18
592.213825509463 2.9760978123138877e-18
592.2759009739517 3.006785398289809e-18
592.3379764384405 2.966007050678627e-18
592.4000519029292 2.969472806343986e-18
592.4621273674179 2.9902246477725055e-18
592.5242028319067 2.9873202088747536e-18
592.5862782963954 2.9898321775327853e-18
592.6483537608842 2.910030384871394e-18
592.7104292253729 2.9940094739287996e-18
592.7725046898616 2.9585806223783785e-18
592.8345801543504 3.018971921835893e-18
592.8966556188391 2.905663067829233e-18
592.9587310833278 2.9261756340865556e-18
593.0208065478166 2.952609920625924e-18
593.0828820123054 2.8993690882956364e-18
593.144957476794 2.8664971190352176e-18
593.2070329412828 2.8713312495039953e-18
593.2691084057716 2.954103783060076e-18
593.3311838702602 2.984365506936519e-18
593.393259334749 2.8782735515492377e-18
593.4553347992378 2.7845129907031794e-18
593.5174102637266 2.764991181050565e-18
593.5794857282152 2.8034520214221115e-18
593.641561192704 2.8593432952955923e-18
593.7036366571928 2.831741951305938e-18
593.7657121216814 2.803553811657035e-18
593.8277875861702 2.827288210205643e-18
593.889863050659 2.8262022483610784e-18
593.9519385151477 2.8290615517099045e-18
594.0140139796364 2.8242886189078264e-18
594.0760894441252 2.7675975594776057e-18
594.1381649086139 2.754749909416234e-18
594.2002403731027 2.764970373449685e-18
594.2623158375914 2.7411475039175852e-18
594.3243913020801 2.7720676007768853e-18
594.3864667665689 2.8083482559370726e-18
594.4485422310577 2.8121262747597983e-18
594.5106176955463 2.796656894424846e-18
594.5726931600351 2.7347460777070085e-18
594.6347686245239 2.719497880284476e-18
594.6968440890125 2.7349071636578164e-18
594.7589195535013 2.8279250804890435e-18
594.8209950179901 2.882050062909479e-18
594.8830704824788 2.8063268039422065e-18
594.9451459469675 2.7568278452971566e-18
595.0072214114563 2.756338159268467e-18
595.069296875945 2.775982617370165e-18
595.1313723404337 2.7822610565395704e-18
595.1934478049225 2.7867986522101724e-18
595.2555232694112 2.860678756919611e-18
595.3175987339 2.8994340079637925e-18
595.3796741983887 2.7945472833688715e-18
595.4417496628774 2.8060363527592062e-18
595.5038251273662 2.8204157195591596e-18
595.5659005918549 2.7752233619105805e-18
595.6279760563436 2.799618905528156e-18
595.6900515208324 2.742662308124531e-18
595.7521269853212 2.7958393128822027e-18
595.8142024498098 2.801933447603867e-18
595.8762779142986 2.769990188657474e-18
595.9383533787874 2.7764366507214613e-18
596.000428843276 2.8613881614784746e-18
596.0625043077648 2.8192846058883116e-18
596.1245797722536 2.700577600209484e-18
596.1866552367424 2.77387817193976e-18
596.248730701231 2.772969322903982e-18
596.3108061657198 2.7432115259018075e-18
596.3728816302086 2.831397187351794e-18
596.4349570946972 2.841831468709557e-18
596.497032559186 2.7104292929675496e-18
596.5591080236748 2.7251416952439916e-18
596.6211834881635 2.735897661278075e-18
596.6832589526523 2.7163388700459393e-18
596.745334417141 2.7984654342140947e-18
596.8074098816297 2.8362712752787606e-18
596.8694853461185 2.740163271235908e-18
596.9315608106072 2.732287822905053e-18
596.9936362750959 2.7519505941350796e-18
597.0557117395847 2.6809468526762164e-18
597.1177872040735 2.720834158169054e-18
597.1798626685621 2.745341165613288e-18
597.2419381330509 2.6648973639490894e-18
597.3040135975397 2.657779655382963e-18
597.3660890620283 2.734139199105565e-18
597.4281645265171 2.817166179045433e-18
597.4902399910059 2.843639799674527e-18
597.5523154554946 2.8113587748254442e-18
597.6143909199833 2.811530371550491e-18
597.6764663844721 2.7938700521127155e-18
597.7385418489608 2.734414796448927e-18
597.8006173134495 2.730740167083672e-18
597.8626927779383 2.7856056166222542e-18
597.924768242427 2.788569687873727e-18
597.9868437069158 2.7737101428806075e-18
598.0489191714045 2.7874606332219476e-18
598.1109946358932 2.7756280952608514e-18
598.173070100382 2.7400397483597686e-18
598.2351455648707 2.7064707959696288e-18
598.2972210293594 2.6876170008785257e-18
598.3592964938482 2.693078150390485e-18
598.421371958337 2.750285301809657e-18
598.4834474228256 2.8119896576449043e-18
598.5455228873144 2.79684391585365e-18
598.6075983518032 2.752465223325815e-18
598.6696738162918 2.7164074037005144e-18
598.7317492807806 2.7018727244998113e-18
598.7938247452694 2.7602896353084385e-18
598.8559002097581 2.8298586935109833e-18
598.9179756742469 2.832126758785289e-18
598.9800511387356 2.793680795194749e-18
599.0421266032243 2.7678672700295747e-18
599.1042020677131 2.7394211090119374e-18
599.1662775322018 2.7712681944004507e-18
599.2283529966905 2.7910787893468636e-18
599.2904284611793 2.799423553682403e-18
599.3525039256681 2.8257698157719056e-18
599.4145793901567 2.822544467899611e-18
599.4766548546455 2.8509719278447244e-18
599.5387303191343 2.8982817554381458e-18
599.600805783623 2.8713669751119888e-18
599.6628812481117 2.8630557208212094e-18
599.7249567126005 2.8568142540064104e-18
599.7870321770893 2.815933071548403e-18
599.8491076415779 2.8476127671704432e-18
599.9111831060667 2.8765132344174885e-18
599.9732585705555 2.8164049634009803e-18
600.0353340350441 2.8005939730198117e-18
600.0974094995329 2.86093651767488e-18
600.1594849640217 2.877368943821826e-18
600.2215604285104 2.868521216657125e-18
600.2836358929991 2.831156390204772e-18
600.3457113574879 2.819938465150409e-18
600.4077868219766 2.8778369356924144e-18
600.4698622864653 2.914080007891225e-18
600.5319377509541 2.8967350561945794e-18
600.5940132154428 2.8681930808692555e-18
600.6560886799316 2.8418104863399348e-18
600.7181641444203 2.8646858842810067e-18
600.780239608909 2.8759877003413502e-18
600.8423150733978 2.78664831739656e-18
600.9043905378865 2.7949771172424778e-18
600.9664660023752 2.8398418310076596e-18
601.028541466864 2.8349136446886997e-18
601.0906169313528 2.8858789794545754e-18
601.1526923958414 2.90778491002216e-18
601.2147678603302 2.836362705442501e-18
601.276843324819 2.823821961939057e-18
601.3389187893077 2.9283361011650303e-18
601.4009942537964 2.946131810390974e-18
601.4630697182852 2.8680190075424305e-18
601.5251451827739 2.825010109343974e-18
601.5872206472627 2.8122140459664004e-18
601.6492961117514 2.801138018841863e-18
601.7113715762401 2.865642227380963e-18
601.7734470407289 2.917218893366842e-18
601.8355225052176 2.8220800161849825e-18
601.8975979697063 2.8563423797356852e-18
601.9596734341951 2.9240755245586337e-18
602.0217488986839 2.859763594502826e-18
602.0838243631725 2.8468040001645674e-18
602.1458998276613 2.8510282681980775e-18
602.2079752921501 2.870790340731308e-18
602.2700507566387 2.966136340431022e-18
602.3321262211275 2.9239737000578506e-18
602.3942016856163 2.950031563396828e-18
602.456277150105 2.957774979738496e-18
602.5183526145937 2.9226452924814994e-18
602.5804280790825 2.90620083734738e-18
602.6425035435713 2.8912696683593943e-18
602.7045790080599 2.90897142981584e-18
602.7666544725487 2.915978379148927e-18
602.8287299370375 2.9339812087990855e-18
602.8908054015262 2.9130061262108454e-18
602.9528808660149 2.9564364017498154e-18
603.0149563305037 2.907172668180558e-18
603.0770317949924 2.8558345267925347e-18
603.1391072594811 2.851247035725613e-18
603.2011827239699 2.8056151283697353e-18
603.2632581884586 2.7841852058553415e-18
603.3253336529474 2.7698866643923413e-18
603.387409117436 2.7950774130503232e-18
603.4494845819248 2.8130334447190207e-18
603.5115600464136 2.7886691904404008e-18
603.5736355109024 2.781893552243291e-18
603.635710975391 2.8319632628442366e-18
603.6977864398798 2.798141211108607e-18
603.7598619043686 2.765221309930996e-18
603.8219373688573 2.839449612278006e-18
603.884012833346 2.93641761680729e-18
603.9460882978348 2.9009494579313755e-18
604.0081637623235 2.865871805492068e-18
604.0702392268122 2.847350928802201e-18
604.132314691301 2.818592205421055e-18
604.1943901557897 2.8529675657034855e-18
604.2564656202785 2.8916310579126845e-18
604.3185410847672 2.8690142209062327e-18
604.3806165492559 2.857095282486672e-18
604.4426920137447 2.9182435349217024e-18
604.5047674782334 2.870849342646435e-18
604.5668429427221 2.8289734103584997e-18
604.6289184072109 2.86322794724409e-18
604.6909938716997 2.8984527546652332e-18
604.7530693361883 2.856095456675069e-18
604.8151448006771 2.845397501776451e-18
604.8772202651659 2.8821097234920427e-18
604.9392957296545 2.9021519870547373e-18
605.0013711941433 2.874279422408022e-18
605.0634466586321 2.850819262294843e-18
605.1255221231208 2.8565798416692377e-18
605.1875975876095 2.877103589455495e-18
605.2496730520983 2.9178698594792075e-18
605.311748516587 2.9000456068909455e-18
605.3738239810757 2.8816566256441928e-18
605.4358994455645 2.905842314607877e-18
605.4979749100532 2.943013307471536e-18
605.560050374542 2.919591600203969e-18
605.6221258390307 2.817969482663836e-18
605.6842013035194 2.8388587233912688e-18
605.7462767680082 2.8527911550816613e-18
605.808352232497 2.8159874355502588e-18
605.8704276969856 2.8519652188167594e-18
605.9325031614744 2.884582017495272e-18
605.9945786259632 2.8484719900285294e-18
606.056654090452 2.8367121971625333e-18
606.1187295549406 2.9246260751399498e-18
606.1808050194294 2.957983240809373e-18
606.2428804839182 2.9326949797674522e-18
606.3049559484068 2.91535978810608e-18
606.3670314128956 2.8993464408025854e-18
606.4291068773844 2.9308538041568817e-18
606.4911823418731 2.951432911179896e-18
606.5532578063618 2.9342313445618167e-18
606.6153332708506 2.9228536823119583e-18
606.6774087353393 2.8985776868519605e-18
606.739484199828 2.908726990133386e-18
606.8015596643168 2.900807510185436e-18
606.8636351288055 2.8988694420556604e-18
606.9257105932943 2.9004291509578608e-18
606.987786057783 2.907945117742796e-18
607.0498615222717 2.9750935771045585e-18
607.1119369867605 2.9459928682193497e-18
607.1740124512492 2.8523799806633206e-18
607.2360879157379 2.89989542667006e-18
607.2981633802267 2.9011094521478264e-18
607.3602388447155 2.9174982063416967e-18
607.4223143092041 3.152208847624465e-18
607.4843897736929 3.4271847557296372e-18
607.5464652381817 3.7126505332458994e-18
607.6085407026703 3.892461121420834e-18
607.6706161671591 3.95634372847464e-18
607.7326916316479 3.911689946745193e-18
607.7947670961366 3.7492699101106455e-18
607.8568425606253 3.5176069926460485e-18
607.9189180251141 3.3423235559998236e-18
607.9809934896028 3.264543680829439e-18
608.0430689540916 3.195945633672184e-18
608.1051444185803 3.061531029440168e-18
608.167219883069 2.9665971097732205e-18
608.2292953475578 2.952823017026817e-18
608.2913708120466 2.9432134369072756e-18
608.3534462765352 2.933733082464198e-18
608.415521741024 2.9357737242402386e-18
608.4775972055128 2.9016720096932273e-18
608.5396726700014 2.873197757716879e-18
608.6017481344902 2.8850422310072907e-18
608.663823598979 2.8974658343302103e-18
608.7258990634678 2.9322154692677104e-18
608.7879745279564 2.968410624095609e-18
608.8500499924452 2.9069133567189352e-18
608.912125456934 2.8357673727967746e-18
608.9742009214226 2.913632898624319e-18
609.0362763859114 2.9588679324918683e-18
609.0983518504001 2.9222874164498042e-18
609.1604273148889 2.9302060545847494e-18
609.2225027793776 2.9291350972511217e-18
609.2845782438663 2.9182362900297043e-18
609.3466537083551 2.968511776685655e-18
609.4087291728438 2.996150716371066e-18
609.4708046373325 2.970327226376877e-18
609.5328801018213 2.946894506871387e-18
609.5949555663101 2.937987842213151e-18
609.6570310307987 2.98435591019046e-18
609.7191064952875 3.004166885735537e-18
609.7811819597763 2.9067164214622302e-18
609.843257424265 2.885073908870683e-18
609.9053328887537 2.9772629934285424e-18
609.9674083532425 3.0081008940776234e-18
610.0294838177313 2.9756688763636187e-18
610.0915592822199 2.9266710251130536e-18
610.1536347467087 2.9374834586588205e-18
610.2157102111975 2.945783133086827e-18
610.2777856756862 2.907920645995385e-18
610.3398611401749 2.9924685235448118e-18
610.4019366046637 2.998186838027339e-18
610.4640120691524 2.895223138569852e-18
610.5260875336412 2.9428755466084456e-18
610.5881629981299 2.984000798885222e-18
610.6502384626186 2.9802377999796306e-18
610.7123139271074 2.9429583888231694e-18
610.7743893915961 2.9530807518028952e-18
610.8364648560848 3.0180465494032844e-18
610.8985403205736 2.989249389572731e-18
610.9606157850624 2.979024298911927e-18
611.022691249551 2.9844592803626816e-18
611.0847667140398 2.9416782260521833e-18
611.1468421785286 2.9255246745126206e-18
611.2089176430172 2.947844104857509e-18
611.270993107506 2.9488705972617124e-18
611.3330685719948 2.950903901085037e-18
611.3951440364835 2.9334866170280263e-18
611.4572195009722 2.9681732968081497e-18
611.519294965461 3.0466110561520926e-18
611.5813704299497 2.98388541596235e-18
611.6434458944384 2.918859102389078e-18
611.7055213589272 2.9328098658704314e-18
611.7675968234159 2.968798232864788e-18
611.8296722879047 2.937754831964485e-18
611.8917477523934 2.913748049361406e-18
611.9538232168821 2.9667159073744713e-18
612.0158986813709 2.9491976308841904e-18
612.0779741458596 2.9354874425632796e-18
612.1400496103483 2.9789127722600928e-18
612.2021250748371 2.904464369566599e-18
612.2642005393259 2.8811020111876067e-18
612.3262760038145 2.8456761761454244e-18
612.3883514683033 2.858978272422349e-18
612.4504269327921 2.8710871159982034e-18
612.5125023972807 2.8377140732798568e-18
612.5745778617695 2.7968764889698245e-18
612.6366533262583 2.7971194155268056e-18
612.698728790747 2.868660671743497e-18
612.7608042552358 2.825431426591766e-18
612.8228797197245 2.8565822064229042e-18
612.8849551842133 2.8775249880870082e-18
612.947030648702 2.7961622447500565e-18
613.0091061131907 2.9126465020511884e-18
613.0711815776795 2.931896632638104e-18
613.1332570421682 2.941601788598292e-18
613.195332506657 2.9548167419712793e-18
613.2574079711457 2.9473985526322474e-18
613.3194834356344 2.90681881958968e-18
613.3815589001232 2.960789089568686e-18
613.4436343646119 3.0185937165245567e-18
613.5057098291006 2.995586003024578e-18
613.5677852935894 2.9658549334758708e-18
613.6298607580782 2.927121991029706e-18
613.6919362225668 2.961735357222723e-18
613.7540116870556 2.9773789544393872e-18
613.8160871515444 2.931698403936415e-18
613.878162616033 2.9202761898646045e-18
613.9402380805218 2.969621288030842e-18
614.0023135450106 2.984950990844413e-18
614.0643890094993 2.958657576965957e-18
614.126464473988 2.9682876969778e-18
614.1885399384768 2.9564496834388534e-18
614.2506154029655 2.9219576560629173e-18
614.3126908674542 2.9067656145079268e-18
614.374766331943 2.946858837235365e-18
614.4368417964317 3.0055652802695555e-18
614.4989172609205 3.0035277538515165e-18
614.5609927254092 2.9508504738873167e-18
614.6230681898979 2.9685495442314534e-18
614.6851436543867 2.953534942883474e-18
614.7472191188754 2.9268664981989928e-18
614.8092945833641 2.9714528993560223e-18
614.8713700478529 2.9929122180685036e-18
614.9334455123417 3.002581188416182e-18
614.9955209768303 2.990867849596808e-18
615.0575964413191 2.92448866387286e-18
615.1196719058079 2.9726732334177385e-18
615.1817473702966 2.9853324291244897e-18
615.2438228347853 2.9577563443185517e-18
615.3058982992741 2.91247182318394e-18
615.3679737637628 2.9061521271385323e-18
615.4300492282516 2.950601356052848e-18
615.4921246927403 2.934915718196489e-18
615.554200157229 2.8695220190708927e-18
615.6162756217178 2.8980346620642172e-18
615.6783510862065 2.9851016547033346e-18
615.7404265506952 2.9684994922174468e-18
615.802502015184 2.966313735965588e-18
615.8645774796728 2.986680201937347e-18
615.9266529441614 2.9380094259427398e-18
615.9887284086502 2.9086320325937287e-18
616.050803873139 2.9236050392983473e-18
616.1128793376276 2.915593298456295e-18
616.1749548021164 2.963024879743377e-18
616.2370302666052 2.982900711224187e-18
616.299105731094 2.9537257250108483e-18
616.3611811955826 2.967040613313786e-18
616.4232566600714 2.9735209460179437e-18
616.4853321245602 2.9467230338749994e-18
616.5474075890488 2.9412675276459424e-18
616.6094830535376 2.9487603944523558e-18
616.6715585180264 2.9264178734019897e-18
616.7336339825151 2.943818929693036e-18
616.7957094470038 2.9759213423118453e-18
616.8577849114926 2.9278244803068324e-18
616.9198603759813 2.881079028971514e-18
616.98193584047 2.9180123558819095e-18
617.0440113049588 2.965181804310059e-18
617.1060867694475 2.934801110252857e-18
617.1681622339363 2.8704932434739872e-18
617.230237698425 2.864152058279222e-18
617.2923131629137 2.925936951517701e-18
617.3543886274025 2.9669238183280628e-18
617.4164640918913 2.9344821612379078e-18
617.4785395563799 2.889781898547739e-18
617.5406150208687 2.870257283795765e-18
617.6026904853575 2.9176603767628474e-18
617.6647659498462 2.9434901919172257e-18
617.7268414143349 2.9588125529478564e-18
617.7889168788237 2.935397137355206e-18
617.8509923433124 2.8546723391650317e-18
617.9130678078011 2.824959418958763e-18
617.9751432722899 2.8249634805654464e-18
618.0372187367786 2.866887299615272e-18
618.0992942012674 2.9172383710244146e-18
618.1613696657561 2.861251399661138e-18
618.2234451302448 2.85497958190434e-18
618.2855205947336 2.9495314425484605e-18
618.3475960592223 2.9468167823224816e-18
618.409671523711 2.9401270634973993e-18
618.4717469881998 2.9150313107932148e-18
618.5338224526886 2.8770216510341947e-18
618.5958979171772 2.9481873669060167e-18
618.657973381666 2.9744195052205635e-18
618.7200488461548 2.9348908467884687e-18
618.7821243106434 2.9081370827462643e-18
618.8441997751322 2.886223427636871e-18
618.906275239621 2.895004731483312e-18
618.9683507041098 2.8988107877093448e-18
619.0304261685984 2.866165557359948e-18
619.0925016330872 2.878834409976394e-18
619.154577097576 2.880938007475174e-18
619.2166525620646 2.8511488403069012e-18
619.2787280265534 2.9036522224095675e-18
619.3408034910422 2.92725184610579e-18
619.4028789555309 2.9066877468620557e-18
619.4649544200196 2.8908340681445545e-18
619.5270298845084 2.8728941159154585e-18
619.5891053489971 2.902532716460454e-18
619.6511808134859 2.975886823195598e-18
619.7132562779746 3.0107509414475314e-18
619.7753317424633 2.94204863197924e-18
619.8374072069521 2.8692072671181014e-18
619.8994826714409 2.845969098498948e-18
619.9615581359295 2.8609107292992965e-18
620.0236336004183 2.881147372120971e-18
620.0857090649071 2.8990851581562194e-18
620.1477845293957 2.903152250822092e-18
620.2098599938845 2.8739817475786815e-18
620.2719354583733 2.8801291761210617e-18
620.334010922862 2.9234659309809154e-18
620.3960863873507 2.899442453902931e-18
620.4581618518395 2.9252211802689154e-18
620.5202373163282 2.995753244832179e-18
620.5823127808169 2.9627915779392583e-18
620.6443882453057 2.898358407545736e-18
620.7064637097944 2.877047986666891e-18
620.7685391742832 2.8551013693875673e-18
620.8306146387719 2.8635350812566557e-18
620.8926901032606 2.8943203645204893e-18
620.9547655677494 2.918225982505339e-18
621.0168410322381 2.9220172407514945e-18
621.0789164967268 2.9440667901561825e-18
621.1409919612156 2.93829834615956e-18
621.2030674257044 2.982818127237846e-18
621.265142890193 2.928182985885619e-18
621.3272183546818 2.914767694902628e-18
621.3892938191706 2.960923135651722e-18
621.4513692836592 3.013726538867594e-18
621.513444748148 3.0236061071464955e-18
621.5755202126368 2.942509640986375e-18
621.6375956771255 2.950645544623643e-18
621.6996711416142 3.004614547740056e-18
621.761746606103 2.9155739796674704e-18
621.8238220705917 2.856738447266792e-18
621.8858975350805 2.8568619646427495e-18
621.9479729995692 2.8821626596388973e-18
622.010048464058 2.848154254888875e-18
622.0721239285467 2.87745138179922e-18
622.1341993930355 2.925316650712421e-18
622.1962748575241 2.9015130456392192e-18
622.2583503220129 2.848762310698863e-18
622.3204257865017 2.8089426973675937e-18
622.3825012509903 2.82985226223548e-18
622.4445767154791 2.8307759892507138e-18
622.5066521799679 2.787639508095856e-18
622.5687276444567 2.804954381482643e-18
622.6308031089453 2.8757919244518047e-18
622.6928785734341 2.8986174048104107e-18
622.7549540379229 2.9005251080017592e-18
622.8170295024115 2.8934196141873495e-18
622.8791049669003 2.8431174342695108e-18
622.9411804313891 2.809246033605409e-18
623.0032558958778 2.8428985266666476e-18
623.0653313603665 2.8594714403294546e-18
623.1274068248553 2.8672335183456824e-18
623.189482289344 2.9100604516559194e-18
623.2515577538327 2.8872282011056477e-18
623.3136332183215 2.8962811552786847e-18
623.3757086828102 2.8809443483922073e-18
623.437784147299 2.8448968477771085e-18
623.4998596117877 2.8248582223573103e-18
623.5619350762764 2.8152199663300624e-18
623.6240105407652 2.8600058786630204e-18
623.6860860052539 2.8868099165284568e-18
623.7481614697426 2.8659584884346873e-18
623.8102369342314 2.8327342609687706e-18
623.8723123987202 2.8589191083653035e-18
623.9343878632088 2.9222836996967414e-18
623.9964633276976 2.8990364451297332e-18
624.0585387921864 2.914200216437114e-18
624.1206142566751 2.9719191344160734e-18
624.1826897211638 2.912627808961881e-18
624.2447651856526 2.8697690805555267e-18
624.3068406501413 2.8860453838938654e-18
624.3689161146301 2.8724778525186892e-18
624.4309915791188 2.861833574121506e-18
624.4930670436075 2.8714989234476364e-18
624.5551425080963 2.861045307453067e-18
624.617217972585 2.831816485130405e-18
624.6792934370737 2.819370992304506e-18
624.7413689015625 2.8563078567812175e-18
624.8034443660513 2.8709628799964526e-18
624.8655198305399 2.8491733484171647e-18
624.9275952950287 2.863548826747129e-18
624.9896707595175 2.9114844862630764e-18
625.0517462240061 2.922533152312284e-18
625.1138216884949 2.882523791990511e-18
625.1758971529837 2.858398784443687e-18
625.2379726174725 2.835643713312225e-18
625.3000480819611 2.8501591657708393e-18
625.3621235464499 2.888882447687646e-18
625.4241990109387 2.888777954975119e-18
625.4862744754273 2.8949780668565664e-18
625.5483499399161 2.8755145835195834e-18
625.6104254044049 2.83912797186715e-18
625.6725008688936 2.8500182094759805e-18
625.7345763333823 2.8679685209390732e-18
625.796651797871 2.836455034290311e-18
625.8587272623598 2.8252115680458085e-18
625.9208027268485 2.874339519510543e-18
625.9828781913372 2.8912819540134033e-18
626.044953655826 2.8442270425929085e-18
626.1070291203148 2.8419135387307102e-18
626.1691045848034 2.817452649974454e-18
626.2311800492922 2.7595761634464688e-18
626.293255513781 2.8107277548178843e-18
626.3553309782696 2.80766358553291e-18
626.4174064427584 2.787762800602151e-18
626.4794819072472 2.846134119189807e-18
626.541557371736 2.899053243598892e-18
626.6036328362247 2.8203057885262208e-18
626.6657083007134 2.7469571578803335e-18
626.7277837652022 2.7503535185892946e-18
626.7898592296909 2.7278595511563294e-18
626.8519346941796 2.7422126400240645e-18
626.9140101586684 2.737737306540268e-18
626.9760856231571 2.750081733325381e-18
627.0381610876459 2.6892599439587815e-18
627.1002365521346 2.6957821430322475e-18
627.1623120166233 2.8140894868195087e-18
627.2243874811121 2.795530549058271e-18
627.2864629456008 2.7969564656107227e-18
627.3485384100895 2.7277526987485708e-18
627.4106138745783 2.6314582045817835e-18
627.4726893390671 2.6595072558963635e-18
627.5347648035557 2.710764707083514e-18
627.5968402680445 2.684303746559785e-18
627.6589157325333 2.7225683972010368e-18
627.7209911970219 2.71014329281907e-18
627.7830666615107 2.6816378730177754e-18
627.8451421259995 2.7233814896245238e-18
627.9072175904882 2.7104575496386918e-18
627.9692930549769 2.6737189567956003e-18
628.0313685194657 2.6925607861852655e-18
628.0934439839544 2.7142391254494498e-18
628.1555194484431 2.7211119965378925e-18
628.2175949129319 2.733946759486975e-18
628.2796703774206 2.766215853529577e-18
628.3417458419094 2.82439587095624e-18
628.4038213063981 2.8448599288427893e-18
628.4658967708868 2.7961032239960466e-18
628.5279722353756 2.828204457253049e-18
628.5900476998643 2.8424694442047806e-18
628.652123164353 2.8421448507079027e-18
628.7141986288418 2.9326789051326002e-18
628.7762740933306 2.951149570954764e-18
628.8383495578192 2.7674294154054645e-18
628.900425022308 2.6983496346041392e-18
628.9625004867968 2.7105970225107788e-18
629.0245759512856 2.718299186042359e-18
629.0866514157742 2.6722980713367323e-18
629.148726880263 2.7065535241363444e-18
629.2108023447518 2.7358809564505476e-18
629.2728778092405 2.709757415266254e-18
629.3349532737292 2.843941507264895e-18
629.397028738218 2.820427813203734e-18
629.4591042027067 2.802084002530599e-18
629.5211796671954 2.7993262761005505e-18
629.5832551316842 2.7473795814406838e-18
629.6453305961729 2.8283308101419055e-18
629.7074060606617 2.790835834116007e-18
629.7694815251504 2.8476423023402088e-18
629.8315569896391 2.782466174473073e-18
629.8936324541279 2.7624905916449317e-18
629.9557079186166 2.8016375752090165e-18
630.0177833831053 2.818603643310249e-18
630.0798588475941 2.7650701478074207e-18
630.1419343120829 2.783803516835613e-18
630.2040097765715 2.790993433805343e-18
630.2660852410603 2.872122227310467e-18
630.3281607055491 2.9165746598483374e-18
630.3902361700377 2.9412313091014097e-18
630.4523116345265 2.8311529614822087e-18
630.5143870990153 2.803360965183269e-18
630.576462563504 2.8006395326393937e-18
630.6385380279927 2.827995133174059e-18
630.7006134924815 2.807067440492058e-18
630.7626889569702 2.78176797082628e-18
630.8247644214589 2.7667410394395717e-18
630.8868398859477 2.7877438887512717e-18
630.9489153504364 2.8098139883442993e-18
631.0109908149252 2.7849164427738842e-18
631.0730662794139 2.8206886976094797e-18
631.1351417439026 2.8564947524666236e-18
631.1972172083914 2.8070231600761553e-18
631.2592926728802 2.7812742282707727e-18
631.3213681373688 2.8025364751591682e-18
631.3834436018576 2.7948575999840475e-18
631.4455190663464 2.7682917758825613e-18
631.5075945308351 2.801342199073751e-18
631.5696699953238 2.7510369696729492e-18
631.6317454598126 2.6965850457551712e-18
631.6938209243013 2.6845475521314424e-18
631.75589638879 2.6822556254688652e-18
631.8179718532788 2.727115510182066e-18
631.8800473177675 2.7417328631387145e-18
631.9421227822563 2.617599538530475e-18
632.004198246745 2.55336706096978e-18
632.0662737112337 2.749061818596516e-18
632.1283491757225 2.8018523980246135e-18
632.1904246402112 2.8030429758348588e-18
632.2525001047 2.8049300862577784e-18
632.3145755691887 2.8174786207628325e-18
632.3766510336775 2.754616659075245e-18
632.4387264981661 2.7263809417354762e-18
632.5008019626549 2.7783447646784494e-18
632.5628774271437 2.7795109486419035e-18
632.6249528916323 2.7467712631406043e-18
632.6870283561211 2.723960037797442e-18
632.7491038206099 2.7447261709418885e-18
632.8111792850987 2.7872890019257668e-18
632.8732547495873 2.7718825011089804e-18
632.9353302140761 2.784950110402072e-18
632.9974056785649 2.8436075466154174e-18
633.0594811430535 2.8007218129547563e-18
633.1215566075423 2.7416336703850877e-18
633.1836320720311 2.7536515803300272e-18
633.2457075365198 2.7968828356276443e-18
633.3077830010085 2.7240055965131e-18
633.3698584654973 2.75785372809463e-18
633.431933929986 2.7846008504141056e-18
633.4940093944748 2.723330700373663e-18
633.5560848589635 2.7573809280912552e-18
633.6181603234522 2.8072887785379675e-18
633.680235787941 2.8032934132530566e-18
633.7423112524298 2.7817299075873836e-18
633.8043867169184 2.8103203568234236e-18
633.8664621814072 2.7958603433665003e-18
633.928537645896 2.771317786795012e-18
633.9906131103846 2.8093859213632447e-18
634.0526885748734 2.810910193190955e-18
634.1147640393622 2.767130518280652e-18
634.1768395038509 2.7682057326956107e-18
634.2389149683396 2.7667169197261293e-18
634.3009904328284 2.7856896903208865e-18
634.3630658973171 2.779389074500494e-18
634.4251413618058 2.756769139733357e-18
634.4872168262946 2.8126397564335823e-18
634.5492922907833 2.771911573981621e-18
634.6113677552721 2.7294387717437666e-18
634.6734432197608 2.7538958867934585e-18
634.7355186842495 2.7574636849176335e-18
634.7975941487383 2.7882279823998146e-18
634.859669613227 2.8386638926799297e-18
634.9217450777157 2.799394197347104e-18
634.9838205422045 2.7503940253333e-18
635.0458960066933 2.7954385576126322e-18
635.1079714711819 2.8287252870194086e-18
635.1700469356707 2.7766519494044032e-18
635.2321224001595 2.7241197194019028e-18
635.2941978646481 2.7458235356577564e-18
635.3562733291369 2.784312871138238e-18
635.4183487936257 2.7677598890521443e-18
635.4804242581145 2.7404223957809564e-18
635.5424997226031 2.772726909222468e-18
635.6045751870919 2.8213277402166284e-18
635.6666506515807 2.8106095247955313e-18
635.7287261160694 2.7745013064764935e-18
635.7908015805581 2.7046443932852253e-18
635.8528770450469 2.7045146742112816e-18
635.9149525095356 2.7600036188209622e-18
635.9770279740244 2.7903831828275216e-18
636.039103438513 2.8244871225802815e-18
636.1011789030018 2.739173887802157e-18
636.1632543674906 2.709498577358392e-18
636.2253298319793 2.803933283395907e-18
636.287405296468 2.8571938668656964e-18
636.3494807609568 2.8100482482094502e-18
636.4115562254456 2.760868463844835e-18
636.4736316899342 2.731923391228931e-18
636.535707154423 2.761364980455016e-18
636.5977826189118 2.7954898829735283e-18
636.6598580834004 2.811167892986035e-18
636.7219335478892 2.8025252362865837e-18
636.784009012378 2.7931370404094255e-18
636.8460844768667 2.7864438717352237e-18
636.9081599413554 2.8259401978417443e-18
636.9702354058442 2.8265335270928305e-18
637.0323108703329 2.8020432190114123e-18
637.0943863348216 2.792897800815356e-18
637.1564617993104 2.7808858159307153e-18
637.2185372637991 2.7994921460881184e-18
637.2806127282879 2.7952363597729536e-18
637.3426881927766 2.8025684348593192e-18
637.4047636572653 2.791864518747847e-18
637.4668391217541 2.7063811800274195e-18
637.5289145862428 2.691528279008002e-18
637.5909900507315 2.7743207041182788e-18
637.6530655152203 2.8087417348904217e-18
637.7151409797091 2.8283644654801177e-18
637.7772164441977 2.798546418898375e-18
637.8392919086865 2.7251479670391187e-18
637.9013673731753 2.6977815146165813e-18
637.963442837664 2.713158977311417e-18
638.0255183021527 2.7498042244329557e-18
638.0875937666415 2.7733888626161056e-18
638.1496692311302 2.7902773110243264e-18
638.211744695619 2.7945873973033195e-18
638.2738201601077 2.761880774747985e-18
638.3358956245964 2.7607593217759788e-18
638.3979710890852 2.7218632714567273e-18
638.4600465535739 2.7095512294699825e-18
638.5221220180626 2.744846886083391e-18
638.5841974825514 2.742415792229977e-18
638.6462729470402 2.7197237998837105e-18
638.7083484115288 2.7442938256023107e-18
638.7704238760176 2.7798593843448037e-18
638.8324993405064 2.7661954378215966e-18
638.894574804995 2.746799650776911e-18
638.9566502694838 2.7697582827288183e-18
639.0187257339726 2.7799327328336975e-18
639.0808011984614 2.75826128437838e-18
639.14287666295 2.754763737768237e-18
639.2049521274388 2.7514993178837396e-18
639.2670275919276 2.739633400120407e-18
639.3291030564162 2.6929335890138677e-18
639.391178520905 2.6899372939257825e-18
639.4532539853938 2.739246079126252e-18
639.5153294498825 2.783712790196606e-18
639.5774049143712 2.818902773225316e-18
639.63948037886 2.7893812986122004e-18
639.7015558433487 2.7179205969632338e-18
639.7636313078374 2.7160214200345443e-18
639.8257067723262 2.8039710735891147e-18
639.8877822368149 2.7386118791139643e-18
639.9498577013037 2.772281514149276e-18
640.0119331657924 2.7687782285872398e-18
640.0740086302811 2.726618504158622e-18
640.1360840947699 2.7231608616580505e-18
640.1981595592586 2.75142793645536e-18
640.2602350237473 2.735133114713826e-18
640.3223104882361 2.7063654927421307e-18
640.3843859527249 2.7246333700047727e-18
640.4464614172136 2.7301653791953754e-18
640.5085368817023 2.8800098087266634e-18
640.5706123461911 2.883889576088199e-18
640.6326878106798 2.8171695361150616e-18
640.6947632751685 2.7705466419525367e-18
640.7568387396573 2.756600643860679e-18
640.818914204146 2.7435684564964216e-18
640.8809896686348 2.7566886948347376e-18
640.9430651331235 2.7196713074487165e-18
641.0051405976122 2.737736231893069e-18
641.067216062101 2.7614163591257274e-18
641.1292915265897 2.73489316171694e-18
641.1913669910784 2.6698450250061926e-18
641.2534424555672 2.679708971492799e-18
641.315517920056 2.7194158117292298e-18
641.3775933845446 2.699462754599382e-18
641.4396688490334 2.6932990917223295e-18
641.5017443135222 2.732198426613805e-18
641.5638197780108 2.766334712000936e-18
641.6258952424996 2.755670844912035e-18
641.6879707069884 2.6920057385087166e-18
641.7500461714772 2.673033616720208e-18
641.8121216359658 2.6985097794417413e-18
641.8741971004546 2.675926124709349e-18
641.9362725649434 2.6718567125759802e-18
641.998348029432 2.722275138784307e-18
642.0604234939208 2.733763201825986e-18
642.1224989584096 2.704596865709116e-18
642.1845744228983 2.6963490908659803e-18
642.246649887387 2.710160158684893e-18
642.3087253518758 2.6858290516060664e-18
642.3708008163645 2.6489325681120426e-18
642.4328762808532 2.6955714458983165e-18
642.494951745342 2.7641859886362566e-18
642.5570272098307 2.7604262677107696e-18
642.6191026743195 2.6607792788206987e-18
642.6811781388083 2.6283674599525443e-18
642.7432536032969 2.7019017616871848e-18
642.8053290677857 2.716747183557809e-18
642.8674045322745 2.691612518259005e-18
642.9294799967631 2.622924096745807e-18
642.9915554612519 2.639601513431869e-18
643.0536309257407 2.7381641814973327e-18
643.1157063902294 2.7076456266159997e-18
643.1777818547181 2.731472735657278e-18
643.2398573192069 2.7323977284296757e-18
643.3019327836956 2.6410198337353326e-18
643.3640082481843 2.688443222780246e-18
643.4260837126731 2.736239605063948e-18
643.4881591771618 2.6586259798321973e-18
643.5502346416506 2.675232620142775e-18
643.6123101061393 2.7394243218225818e-18
643.674385570628 2.7355864823965727e-18
643.7364610351168 2.6806193243627094e-18
643.7985364996055 2.6811297799384716e-18
643.8606119640942 2.6997390912271544e-18
643.922687428583 2.7258713535496037e-18
643.9847628930718 2.7282906177720636e-18
644.0468383575604 2.6849607545313575e-18
644.1089138220492 2.709925894286714e-18
644.170989286538 2.7372280130781507e-18
644.2330647510266 2.7191236913131005e-18
644.2951402155154 2.720236672565524e-18
644.3572156800042 2.7314353888782872e-18
644.419291144493 2.743879129832909e-18
644.4813666089816 2.693315751958282e-18
644.5434420734704 2.630761624861055e-18
644.6055175379591 2.65538780953268e-18
644.6675930024478 2.6873764051458717e-18
644.7296684669366 2.6505163543830522e-18
644.7917439314253 2.6411511139884078e-18
644.8538193959141 2.697085484220941e-18
644.9158948604028 2.712325237044638e-18
644.9779703248915 2.646928233053772e-18
645.0400457893803 2.596801588293969e-18
645.1021212538691 2.633926267220232e-18
645.1641967183577 2.6665715625632378e-18
645.2262721828465 2.6408114401356443e-18
645.2883476473353 2.6481959060286652e-18
645.350423111824 2.6799533324097493e-18
645.4124985763127 2.638298685904381e-18
645.4745740408015 2.6148224896754227e-18
645.5366495052903 2.6590940453566865e-18
645.5987249697789 2.7156103731179467e-18
645.6608004342677 2.717643491097648e-18
645.7228758987565 2.669099803539699e-18
645.7849513632452 2.6797312186343753e-18
645.8470268277339 2.7238573916921192e-18
645.9091022922227 2.6829250524870856e-18
645.9711777567114 2.6901910822509443e-18
646.0332532212001 2.6846961014261524e-18
646.0953286856889 2.6281303756514157e-18
646.1574041501776 2.6372213278280995e-18
646.2194796146664 2.681285753127438e-18
646.281555079155 2.69138675525932e-18
646.3436305436438 2.658606291525042e-18
646.4057060081326 2.6557876262909464e-18
646.4677814726213 2.6225284994115195e-18
646.52985693711 2.622381329260771e-18
646.5919324015988 2.7032538379002908e-18
646.6540078660876 2.6790364363697403e-18
646.7160833305762 2.6202878780853423e-18
646.778158795065 2.6264888252521068e-18
646.8402342595538 2.634891687190628e-18
646.9023097240424 2.6539242934578772e-18
646.9643851885312 2.6653999028798443e-18
647.02646065302 2.6638946653321283e-18
647.0885361175087 2.6301462835651565e-18
647.1506115819974 2.570376114446963e-18
647.2126870464862 2.5699387265445214e-18
647.2747625109749 2.5643814178944786e-18
647.3368379754637 2.6455369200749e-18
647.3989134399524 2.7077337784598357e-18
647.4609889044411 2.701941184362355e-18
647.5230643689299 2.6561241739284764e-18
647.5851398334187 2.646248601693945e-18
647.6472152979073 2.6808573934866355e-18
647.7092907623961 2.6183194581221116e-18
647.7713662268849 2.5709691868960865e-18
647.8334416913735 2.6439782966143203e-18
647.8955171558623 2.695668166989393e-18
647.9575926203511 2.700293980266297e-18
648.0196680848399 2.6673724110767597e-18
648.0817435493285 2.6445002151586827e-18
648.1438190138173 2.6469325505708833e-18
648.205894478306 2.618806468102719e-18
648.2679699427947 2.6077553618167674e-18
648.3300454072835 2.5828238460437214e-18
648.3921208717722 2.545214937662125e-18
648.454196336261 2.5934866898494157e-18
648.5162718007497 2.675768273041398e-18
648.5783472652384 2.6736198885867092e-18
648.6404227297272 2.6143927407638596e-18
648.7024981942159 2.628395915426595e-18
648.7645736587046 2.6542275452848146e-18
648.8266491231934 2.6108761940218568e-18
648.8887245876822 2.5845102771392826e-18
648.9508000521708 2.618093218220803e-18
649.0128755166596 2.6151375124962183e-18
649.0749509811484 2.6295017919782964e-18
649.137026445637 2.636477979847237e-18
649.1991019101258 2.644779549724314e-18
649.2611773746146 2.6209518317344953e-18
649.3232528391034 2.755914809685887e-18
649.3853283035921 2.7295854297354202e-18
649.4474037680808 2.6265773251431896e-18
649.5094792325696 2.6328150475704896e-18
649.5715546970582 2.5889398672820304e-18
649.633630161547 2.6062740027855146e-18
649.6957056260358 2.6216370183633796e-18
649.7577810905245 2.650062924265936e-18
649.8198565550133 2.6455290514075045e-18
649.881932019502 2.6952867032929002e-18
649.9440074839907 2.6749306050605932e-18
650.0060829484795 2.6507199626731157e-18
650.0681584129682 2.7074908057840007e-18
650.1302338774569 2.751486975501522e-18
650.1923093419457 2.7077278346643505e-18
650.2543848064345 2.6695774751441125e-18
650.3164602709231 2.647402036836558e-18
650.3785357354119 2.698294422699456e-18
650.4406111999007 2.669307475386224e-18
650.5026866643893 2.6254720457922333e-18
650.5647621288781 2.5961002896483246e-18
650.6268375933669 2.6333569005233726e-18
650.6889130578556 2.600004516705172e-18
650.7509885223443 2.56397708230195e-18
650.8130639868331 2.58694570713882e-18
650.8751394513218 2.6072145023714377e-18
650.9372149158105 2.6553955570979777e-18
650.9992903802993 2.6923361666905402e-18
651.061365844788 2.6518222949472613e-18
651.1234413092768 2.6094976633289245e-18
651.1855167737655 2.6038545285480075e-18
651.2475922382542 2.59108426954939e-18
651.309667702743 2.582810666571683e-18
651.3717431672317 2.621664810528843e-18
651.4338186317204 2.7033926616553774e-18
651.4958940962092 2.7401302593346e-18
651.557969560698 2.7093312372367167e-18
651.6200450251868 2.7212711644526625e-18
651.6821204896754 2.7317099694264207e-18
651.7441959541642 2.6995003866817236e-18
651.8062714186528 2.694490371339062e-18
651.8683468831416 2.6543616979075494e-18
651.9304223476304 2.619875323824614e-18
651.9924978121192 2.5966601205806135e-18
652.0545732766079 2.5853618644593092e-18
652.1166487410966 2.6168739340653453e-18
652.1787242055854 2.6023772151609735e-18
652.2407996700741 2.5810246838864768e-18
652.3028751345628 2.6267839251316642e-18
652.3649505990516 2.618725857547272e-18
652.4270260635403 2.613678685559322e-18
652.4891015280291 2.6555813457859227e-18
652.5511769925178 2.6589314300999556e-18
652.6132524570065 2.655702374791271e-18
652.6753279214953 2.6879515648913557e-18
652.737403385984 2.8848938719318176e-18
652.7994788504727 2.9277549305953642e-18
652.8615543149615 2.8698186478735707e-18
652.9236297794503 2.796781567407683e-18
652.9857052439389 2.732304020992522e-18
653.0477807084277 2.6488493320869194e-18
653.1098561729165 2.717972649207866e-18
653.1719316374051 2.7708475122876405e-18
653.2340071018939 2.678693888029706e-18
653.2960825663827 2.6508787389027892e-18
653.3581580308714 2.6072697989841647e-18
653.4202334953601 2.5999103843840614e-18
653.4823089598489 2.572724202386882e-18
653.5443844243376 2.5511920783565753e-18
653.6064598888263 2.494167370587469e-18
653.6685353533151 2.5067924524355145e-18
653.7306108178038 2.5579753058069998e-18
653.7926862822926 2.5398820503986767e-18
653.8547617467814 2.5315370184224232e-18
653.91683721127 2.5491261585799686e-18
653.9789126757588 2.5928075343188267e-18
654.0409881402475 2.509869975443049e-18
654.1030636047362 2.4763615267092126e-18
654.165139069225 2.4922511102652986e-18
654.2272145337138 2.478661217331198e-18
654.2892899982025 2.4837611701317744e-18
654.3513654626912 2.5659967610781075e-18
654.41344092718 2.5989598257351965e-18
654.4755163916686 2.604545874958708e-18
654.5375918561574 2.5625182662398238e-18
654.5996673206462 2.4786985597063806e-18
654.661742785135 2.4456098419092178e-18
654.7238182496237 2.4666649791728814e-18
654.7858937141124 2.5247761580981886e-18
654.8479691786011 2.5774501199120673e-18
654.9100446430899 2.5466949128866336e-18
654.9721201075786 2.5240181683473694e-18
655.0341955720673 2.532519357290257e-18
655.0962710365561 2.5490543427107983e-18
655.1583465010449 2.5559841380016064e-18
655.2204219655335 2.5499928692527035e-18
655.2824974300223 2.512612665741141e-18
655.3445728945111 2.5101198585398887e-18
655.4066483589997 2.503111207711523e-18
655.4687238234885 2.4680258416665986e-18
655.5307992879773 2.511053351559325e-18
655.5928747524661 2.5104430953501822e-18
655.6549502169547 2.4656631527727137e-18
655.7170256814435 2.511957901950549e-18
655.7791011459323 2.5876402465304214e-18
655.8411766104209 2.5875997016854247e-18
655.9032520749097 2.5395623428871373e-18
655.9653275393985 2.571641302490858e-18
656.0274030038872 2.5028327708104662e-18
656.089478468376 2.445342758822051e-18
656.1515539328647 2.5339399579752077e-18
656.2136293973534 2.5202196083266133e-18
656.2757048618421 2.4846480127743955e-18
656.3377803263309 2.5294688760273194e-18
656.3998557908196 2.6055104573658082e-18
656.4619312553084 2.6115198263476166e-18
656.5240067197972 2.5877231885520957e-18
656.5860821842858 2.5451208107659736e-18
656.6481576487746 2.6358909531309026e-18
656.7102331132633 2.6704495553899603e-18
656.772308577752 2.6294978692817547e-18
656.8343840422408 2.6277298467262508e-18
656.8964595067296 2.592650841963542e-18
656.9585349712183 2.5308087995256148e-18
657.020610435707 2.5579854449941997e-18
657.0826859001958 2.5791345508198922e-18
657.1447613646845 2.6192915417189424e-18
657.2068368291732 2.6932432378954715e-18
657.268912293662 2.6439149010356617e-18
657.3309877581507 2.5483522187258425e-18
657.3930632226395 2.506157033354597e-18
657.4551386871282 2.4737735901913888e-18
657.5172141516169 2.4830579377447587e-18
657.5792896161057 2.476025032104801e-18
657.6413650805944 2.493914483839695e-18
657.7034405450831 2.487580811370562e-18
657.7655160095719 2.445461811729167e-18
657.8275914740607 2.4664728437566453e-18
657.8896669385493 2.481965876111551e-18
657.9517424030381 2.514589783869599e-18
658.0138178675269 2.568711165432414e-18
658.0758933320155 2.5827752862959725e-18
658.1379687965043 2.463463303662456e-18
658.2000442609931 2.4121977713178556e-18
658.2621197254819 2.4016090802596305e-18
658.3241951899706 2.4058739913012158e-18
658.3862706544593 2.4663322008556656e-18
658.448346118948 2.4687795830953833e-18
658.5104215834367 2.4106014417617653e-18
658.5724970479255 2.4079837620245895e-18
658.6345725124143 2.4691717651424303e-18
658.696647976903 2.5189282702717826e-18
658.7587234413918 2.4755938619580926e-18
658.8207989058805 2.4236712629322828e-18
658.8828743703692 2.4823322832597847e-18
658.9449498348579 2.507926896534449e-18
659.0070252993467 2.4483658471634975e-18
659.0691007638354 2.454978814134286e-18
659.1311762283242 2.460494933036967e-18
659.193251692813 2.4766102261765466e-18
659.2553271573016 2.5071596650944447e-18
659.3174026217904 2.509399669402398e-18
659.3794780862792 2.528441483871868e-18
659.4415535507678 2.506371641494311e-18
659.5036290152566 2.4907328425475775e-18
659.5657044797454 2.502130239858314e-18
659.6277799442341 2.56338759231022e-18
659.6898554087228 2.5712882384247723e-18
659.7519308732116 2.502796923018423e-18
659.8140063377003 2.457768101456805e-18
659.876081802189 2.5069844504592556e-18
659.9381572666778 2.54788013163796e-18
660.0002327311665 2.5269059024151664e-18
660.0623081956553 2.4591318166287588e-18
660.124383660144 2.4265091283341685e-18
660.1864591246327 2.447843096397514e-18
660.2485345891215 2.4750903691078422e-18
660.3106100536102 2.52152094277896e-18
660.3726855180989 2.5259605224774393e-18
660.4347609825877 2.4827439343959867e-18
660.4968364470765 2.4619570157003753e-18
660.5589119115651 2.449068367132003e-18
660.6209873760539 2.42880009759049e-18
660.6830628405427 2.462177326699585e-18
660.7451383050313 2.526692583092037e-18
660.8072137695201 2.482538542283353e-18
660.8692892340089 2.4776984793782136e-18
660.9313646984976 2.4915477693729355e-18
660.9934401629864 2.495854470361606e-18
661.0555156274751 2.529031225214054e-18
661.1175910919638 2.4934102552927684e-18
661.1796665564525 2.470958165549283e-18
661.2417420209413 2.473010141101022e-18
661.30381748543 2.4190212483349866e-18
661.3658929499188 2.4379498281026483e-18
661.4279684144076 2.5163069746480076e-18
661.4900438788962 2.506128595384151e-18
661.552119343385 2.471768144557902e-18
661.6141948078738 2.4768185258590862e-18
661.6762702723624 2.4212718020438216e-18
661.7383457368512 2.4664167307043572e-18
661.80042120134 2.5186661869069008e-18
661.8624966658288 2.45788881348082e-18
661.9245721303174 2.4473497402549397e-18
661.9866475948062 2.4210778496743633e-18
662.048723059295 2.4176014474517843e-18
662.1107985237836 2.4389055919858032e-18
662.1728739882724 2.447717876460048e-18
662.2349494527612 2.4128090464700655e-18
662.2970249172499 2.417032571982997e-18
662.3591003817386 2.4573655214296222e-18
662.4211758462274 2.4702797984034e-18
662.4832513107161 2.4214839567904277e-18
662.5453267752048 2.3177327191766705e-18
662.6074022396936 2.3837535435580345e-18
662.6694777041823 2.356574141493354e-18
662.7315531686711 2.3872324296942916e-18
662.7936286331598 2.4073455310644045e-18
662.8557040976485 2.3327897469240257e-18
662.9177795621373 2.318817853130056e-18
662.979855026626 2.345137678305326e-18
663.0419304911147 2.368681361998833e-18
663.1040059556035 2.3874537050220243e-18
663.1660814200923 2.3412062858471576e-18
663.228156884581 2.325306135769922e-18
663.2902323490697 2.469814678907847e-18
663.3523078135585 2.4495291291501284e-18
663.4143832780471 2.424080153542251e-18
663.4764587425359 2.434543504979082e-18
663.5385342070247 2.446217538800026e-18
663.6006096715134 2.4224753889744517e-18
663.6626851360022 2.4261205606736848e-18
663.7247606004909 2.486630907931899e-18
663.7868360649796 2.4781841200449327e-18
663.8489115294684 2.459549175865124e-18
663.9109869939571 2.4374472740338476e-18
663.9730624584458 2.418861632797473e-18
664.0351379229346 2.446378435153629e-18
664.0972133874234 2.470927661272636e-18
664.159288851912 2.4644665371218456e-18
664.2213643164008 2.4257279379170554e-18
664.2834397808896 2.401338069892392e-18
664.3455152453782 2.4091074016168316e-18
664.407590709867 2.4070630114177136e-18
664.4696661743558 2.3977258528826785e-18
664.5317416388446 2.3950965778179407e-18
664.5938171033332 2.391203690742001e-18
664.655892567822 2.346980714208053e-18
664.7179680323108 2.39365572545421e-18
664.7800434967994 2.4502303209364716e-18
664.8421189612882 2.3725255407848246e-18
664.904194425777 2.4064738392684664e-18
664.9662698902657 2.455142583324551e-18
665.0283453547544 2.454650928361389e-18
665.0904208192431 2.4764336963986513e-18
665.1524962837319 2.3699085720620405e-18
665.2145717482206 2.371457417872561e-18
665.2766472127093 2.436557979728211e-18
665.3387226771981 2.43904584859564e-18
665.4007981416869 2.4628236276213065e-18
665.4628736061757 2.434203699788519e-18
665.5249490706643 2.3838344033476615e-18
665.5870245351531 2.3716867869361857e-18
665.6490999996417 2.4143874874331673e-18
665.7111754641305 2.4307485663163935e-18
665.7732509286193 2.4123952617953787e-18
665.8353263931081 2.3933317764903757e-18
665.8974018575968 2.398921245817572e-18
665.9594773220855 2.4030395379337254e-18
666.0215527865743 2.436693013475142e-18
666.083628251063 2.506242388552159e-18
666.1457037155517 2.402099408093707e-18
666.2077791800405 2.5140939070921852e-18
666.2698546445292 2.5295658662721334e-18
666.331930109018 2.45911935526654e-18
666.3940055735067 2.4461959164704794e-18
666.4560810379954 2.460750830374637e-18
666.5181565024842 9.271516770821455e-16
666.5802319669729 4.974985260422948e-16
666.6423074314616 -1.0359009508779545e-16
666.7043828959504 6.4661187579862e-18
666.7664583604392 2.4385860783793754e-18
666.8285338249278 2.2762575398086865e-18
666.8906092894166 2.353896848380515e-18
666.9526847539054 2.4171997524204204e-18
667.014760218394 2.2705891972241145e-18
667.0768356828828 2.2823441828745315e-18
667.1389111473716 2.3208358206169226e-18
667.2009866118603 2.2725185428626254e-18
667.263062076349 2.2815845241891205e-18
667.3251375408378 2.26528531555205e-18
667.3872130053265 2.381657075742438e-18
667.4492884698152 2.403246814933043e-18
667.511363934304 2.4079241785563478e-18
667.5734393987927 2.3798770602011234e-18
667.6355148632815 2.3909031802914464e-18
667.6975903277703 2.3982231666869603e-18
667.7596657922589 2.39704650838282e-18
667.8217412567477 2.4166541845603402e-18
667.8838167212364 2.4055600084374787e-18
667.9458921857251 2.398387103979638e-18
668.0079676502139 2.424883033500699e-18
668.0700431147027 2.406632071505002e-18
668.1321185791915 2.3875910763946017e-18
668.1941940436801 2.3952272924277513e-18
668.2562695081689 2.4157966983105516e-18
668.3183449726575 2.4232973092134005e-18
668.3804204371463 2.406374300952278e-18
668.4424959016351 2.382938987591208e-18
668.5045713661239 2.388694884696936e-18
668.5666468306126 2.357801601972168e-18
668.6287222951013 2.3390393239011026e-18
668.69079775959 2.375929056166249e-18
668.7528732240788 2.3528197521972737e-18
668.8149486885675 2.3341388939565878e-18
668.8770241530563 2.3640080503423977e-18
668.939099617545 2.3686786162788317e-18
669.0011750820338 2.3620342147505143e-18
669.0632505465225 2.361481637254073e-18
669.1253260110112 2.4057557922690867e-18
669.1874014755 2.427918457687823e-18
669.2494769399887 2.3417647140954285e-18
669.3115524044774 2.3049617844667507e-18
669.3736278689662 2.341926151913292e-18
669.435703333455 2.402023261087645e-18
669.4977787979436 2.439019102915236e-18
669.5598542624324 2.3844733281911336e-18
669.6219297269212 2.359523295774835e-18
669.6840051914098 2.3794791133929937e-18
669.7460806558986 2.373397448370552e-18
669.8081561203874 2.350515107802864e-18
669.8702315848761 2.313482067703695e-18
669.9323070493649 2.3239688466155263e-18
669.9943825138536 2.379039202601976e-18
670.0564579783423 2.3492538109074387e-18
670.118533442831 2.34055255262647e-18
670.1806089073198 2.3375527671176158e-18
670.2426843718085 2.3300719457460553e-18
670.3047598362973 2.3666461874166333e-18
670.3668353007861 2.3852295417884266e-18
670.4289107652747 2.3359693418253273e-18
670.4909862297635 2.310710640705109e-18
670.5530616942522 2.364417775755195e-18
670.6151371587409 2.341336787733477e-18
670.6772126232297 2.3355336844572168e-18
670.7392880877185 2.351886392780191e-18
670.8013635522072 2.3076135720335743e-18
670.8634390166959 2.3062161267455802e-18
670.9255144811847 2.3230406067958104e-18
670.9875899456734 2.33776635178729e-18
671.0496654101621 2.3736384875810355e-18
671.1117408746509 2.3665903194540743e-18
671.1738163391396 2.3383740137109824e-18
671.2358918036284 2.34752323599826e-18
671.2979672681171 2.3638189284015645e-18
671.3600427326058 2.369108446722763e-18
671.4221181970946 2.3664146027049665e-18
671.4841936615833 2.3253463303638377e-18
671.546269126072 2.3028767071342064e-18
671.6083445905608 2.330599135661847e-18
671.6704200550496 2.3463084866017977e-18
671.7324955195382 2.334977825680881e-18
671.794570984027 2.3378537910625562e-18
671.8566464485158 2.3452513155013058e-18
671.9187219130044 2.338640401467184e-18
671.9807973774932 2.3404957250972664e-18
672.042872841982 2.3285540379932058e-18
672.1049483064708 2.3077515580597285e-18
672.1670237709595 2.292553156090888e-18
672.2290992354482 2.3186117840607157e-18
672.291174699937 2.3398312591152055e-18
672.3532501644256 2.2964668516974936e-18
672.4153256289144 2.2633276074227565e-18
672.4774010934032 2.290085372960144e-18
672.5394765578919 2.3219128300099826e-18
672.6015520223807 2.3229764507882026e-18
672.6636274868694 2.3398871618293196e-18
672.7257029513581 2.3944884175101653e-18
672.7877784158468 2.3486211704234786e-18
672.8498538803356 2.2688250992047935e-18
672.9119293448243 2.3374606305965655e-18
672.9740048093131 2.3232323554830326e-18
673.0360802738019 2.2584464116977393e-18
673.0981557382905 2.2679641862329444e-18
673.1602312027793 2.3036955780362133e-18
673.2223066672681 2.3268482547324877e-18
673.2843821317567 2.3294074498181923e-18
673.3464575962455 2.335102615239233e-18
673.4085330607343 2.27081034486833e-18
673.470608525223 2.268582905573461e-18
673.5326839897117 2.3083772261512626e-18
673.5947594542005 2.265929312451978e-18
673.6568349186892 2.23232204895607e-18
673.7189103831779 2.2709956597144532e-18
673.7809858476667 2.3257177878973937e-18
673.8430613121554 2.293314690000618e-18
673.9051367766442 2.2638430813705356e-18
673.9672122411329 2.2746689764509174e-18
674.0292877056216 2.291329505325385e-18
674.0913631701104 2.2620250479041406e-18
674.1534386345991 2.243296384441336e-18
674.2155140990878 2.2855811409214304e-18
674.2775895635766 2.3197361338598563e-18
674.3396650280654 2.316432218971458e-18
674.401740492554 2.2695677673287267e-18
674.4638159570428 2.258996524026348e-18
674.5258914215316 2.295628245906699e-18
674.5879668860202 2.2918225150402866e-18
674.650042350509 2.262159001705268e-18
674.7121178149978 2.2491766026442705e-18
674.7741932794866 2.239606847490777e-18
674.8362687439753 2.2732983699538393e-18
674.898344208464 2.2618423694789487e-18
674.9604196729528 2.230272589454177e-18
675.0224951374414 2.2244431222462686e-18
675.0845706019302 2.2233738579192627e-18
675.146646066419 2.268703540487911e-18
675.2087215309077 2.261551703305248e-18
675.2707969953965 2.2109515264442128e-18
675.3328724598852 2.196498586209475e-18
675.3949479243739 2.2018418715793307e-18
675.4570233888627 2.2518730766122833e-18
675.5190988533514 2.194061859301888e-18
675.5811743178401 2.155157580266475e-18
675.6432497823289 2.133860392513706e-18
675.7053252468177 2.212166198681478e-18
675.7674007113063 2.1659673165687078e-18
675.8294761757951 2.1694764613043587e-18
675.8915516402839 2.161233282611105e-18
675.9536271047725 2.1961861401318027e-18
676.0157025692613 2.2706309253701603e-18
676.0777780337501 2.2666553087756035e-18
676.1398534982388 2.18530777529769e-18
676.2019289627275 2.193967203963566e-18
676.2640044272163 2.264202103838958e-18
676.326079891705 2.1965975879081583e-18
676.3881553561937 2.1893065271918847e-18
676.4502308206825 2.2332347693512847e-18
676.5123062851712 2.2126913063305653e-18
676.57438174966 2.1461059228245777e-18
676.6364572141487 2.135961844536046e-18
676.6985326786374 2.1370375523032557e-18
676.7606081431262 2.12031893405203e-18
676.8226836076149 2.188318922000845e-18
676.8847590721036 2.247669193617789e-18
676.9468345365924 2.2559529748637065e-18
677.0089100010812 2.2378885075141394e-18
677.07098546557 2.2821772945779512e-18
677.1330609300586 2.352483972653332e-18
677.1951363945474 2.3722102714110493e-18
677.257211859036 2.3551988034407448e-18
677.3192873235248 2.3125413338509358e-18
677.3813627880136 2.261113844602932e-18
677.4434382525023 2.2830300144344182e-18
677.5055137169911 2.3124131464322693e-18
677.5675891814798 2.245323151673183e-18
677.6296646459685 2.2504486806183665e-18
677.6917401104573 2.284494834793985e-18
677.753815574946 2.2312291279661354e-18
677.8158910394347 2.2640206280877547e-18
677.8779665039235 2.2751077004718873e-18
677.9400419684123 2.240304712557653e-18
678.002117432901 2.28497982084786e-18
678.0641928973897 2.2894704859171e-18
678.1262683618785 2.2353787524644146e-18
678.1883438263671 2.2418082286741905e-18
678.2504192908559 2.2535888236140847e-18
678.3124947553447 2.3127725011109146e-18
678.3745702198335 2.541984123051053e-18
678.4366456843221 3.786419902937953e-18
678.4987211488109 8.300835220315686e-18
678.5607966132997 1.6318268762187534e-17
678.6228720777883 2.39020945912891e-17
678.6849475422771 2.794785962430906e-17
678.7470230067659 2.856913852087173e-17
678.8090984712546 2.6281915745756457e-17
678.8711739357433 2.2003679771194407e-17
678.9332494002321 1.7342501904181655e-17
678.9953248647208 1.3351921585704624e-17
679.0574003292095 1.0031433442331469e-17
679.1194757936983 7.645909554038582e-18
679.181551258187 5.682311869776815e-18
679.2436267226758 3.904471522529084e-18
679.3057021871646 2.707838983977987e-18
679.3677776516532 2.2977186400112342e-18
679.429853116142 2.266519948717324e-18
679.4919285806307 2.2363538562332243e-18
679.5540040451194 2.2200296859535023e-18
679.6160795096082 2.2188403761479223e-18
679.678154974097 2.2276215041533834e-18
679.7402304385857 2.266968818410638e-18
679.8023059030744 2.2535540753892575e-18
679.8643813675632 2.2270795754928965e-18
679.9264568320519 2.207040538594463e-18
679.9885322965406 2.1825216824534725e-18
680.0506077610294 2.1817930454764505e-18
680.1126832255181 2.1560293458367884e-18
680.1747586900069 2.12610320678828e-18
680.2368341544956 2.170319763169674e-18
680.2989096189843 2.2070731818253035e-18
680.3609850834731 2.1833312349422465e-18
680.4230605479618 2.182811844576654e-18
680.4851360124505 2.1930063952439523e-18
680.5472114769393 2.1773172908661334e-18
680.6092869414281 2.1851436798338252e-18
680.6713624059167 2.2794866493047947e-18
680.7334378704055 2.387317024087248e-18
680.7955133348943 2.4419900056637086e-18
680.8575887993829 2.496027461974024e-18
680.9196642638717 2.5189420978653875e-18
680.9817397283605 2.4790706261040956e-18
681.0438151928493 2.3505508714602574e-18
681.1058906573379 2.327318115083148e-18
681.1679661218267 2.3020091772306682e-18
681.2300415863155 2.2319108249622265e-18
681.2921170508041 2.263648805939338e-18
681.3541925152929 2.2202828738435867e-18
681.4162679797817 2.168103926494421e-18
681.4783434442704 2.1977287664666795e-18
681.5404189087592 2.1995762977776545e-18
681.6024943732479 2.1270417957813793e-18
681.6645698377366 2.105630893799609e-18
681.7266453022253 2.1433383148669712e-18
681.788720766714 2.1805006617107727e-18
681.8507962312028 2.1820888578930293e-18
681.9128716956916 2.1334832702020976e-18
681.9749471601804 2.0976413997987904e-18
682.037022624669 2.1147864509174067e-18
682.0990980891578 2.15318493772843e-18
682.1611735536464 2.171270767333877e-18
682.2232490181352 2.154096467791699e-18
682.285324482624 2.1283064377851254e-18
682.3473999471128 2.1240222490695397e-18
682.4094754116015 2.1350767891847924e-18
682.4715508760902 2.1649801360114343e-18
682.533626340579 2.142622042170854e-18
682.5957018050677 2.0989932150326615e-18
682.6577772695564 2.120770463760674e-18
682.7198527340452 2.1496129980559108e-18
682.7819281985339 2.1840960611068584e-18
682.8440036630227 2.203113660375524e-18
682.9060791275114 2.177241470341449e-18
682.9681545920001 2.1596995495861745e-18
683.0302300564889 2.1054279164891783e-18
683.0923055209776 2.084532458619094e-18
683.1543809854663 2.1422585730671713e-18
683.2164564499551 2.1405899932091566e-18
683.2785319144439 2.1169337660239748e-18
683.3406073789325 2.116277373326699e-18
683.4026828434213 2.117374887580162e-18
683.4647583079101 2.123878227312229e-18
683.5268337723987 2.1248238158089187e-18
683.5889092368875 2.1346075358644324e-18
683.6509847013763 2.1723769148274663e-18
683.713060165865 2.2140063111209595e-18
683.7751356303538 2.194542698361859e-18
683.8372110948425 2.1576370743975205e-18
683.8992865593312 2.1361450568729225e-18
683.9613620238199 2.1189509997828083e-18
684.0234374883087 2.0808524095158456e-18
684.0855129527974 2.0883458735978302e-18
684.1475884172862 2.089677586797553e-18
684.209663881775 2.0495902974645986e-18
684.2717393462636 2.1032448749964616e-18
684.3338148107524 2.0935934785686386e-18
684.3958902752411 2.104011880975477e-18
684.4579657397298 2.134034019599315e-18
684.5200412042186 2.1337567557055136e-18
684.5821166687074 2.0899715841060414e-18
684.6441921331962 2.0607048499779186e-18
684.7062675976848 2.119790898568635e-18
684.7683430621736 2.155422896362959e-18
684.8304185266624 2.144655109167189e-18
684.892493991151 2.1279253444134932e-18
684.9545694556398 2.087038801794349e-18
685.0166449201286 2.093311579721669e-18
685.0787203846173 2.084245366817232e-18
685.140795849106 2.042010712806118e-18
685.2028713135948 2.081530248233414e-18
685.2649467780835 2.10711276579913e-18
685.3270222425722 2.0591144513100335e-18
685.389097707061 2.0679911092750397e-18
685.4511731715497 2.099091836978762e-18
685.5132486360385 2.1028459385983123e-18
685.5753241005272 2.103628102024186e-18
685.6373995650159 2.0981244375826266e-18
685.6994750295047 2.0809250266192973e-18
685.7615504939934 2.1004217082583313e-18
685.8236259584821 2.1050310065105082e-18
685.8857014229709 2.0674702709261227e-18
685.9477768874597 2.087612206033006e-18
686.0098523519484 2.187235254047718e-18
686.0719278164371 2.1125476372394664e-18
686.1340032809259 2.0972054282204514e-18
686.1960787454145 2.1028838776278603e-18
686.2581542099033 2.0993386390656163e-18
686.3202296743921 2.0817424051436434e-18
686.3823051388808 2.007240352001575e-18
686.4443806033696 1.9730606277496896e-18
686.5064560678583 1.8750573654974366e-18
686.568531532347 1.8446545293220636e-18
686.6306069968357 2.5112400669628087e-18
686.6926824613245 3.489703070756526e-18
686.7547579258132 3.1866714872287165e-18
686.816833390302 1.9633585599873026e-18
686.8789088547908 1.4353022042462016e-18
686.9409843192794 1.5063429217958048e-18
687.0030597837682 1.4708193324871679e-18
687.065135248257 1.4871910085932466e-18
687.1272107127456 1.5865848597808553e-18
687.1892861772344 1.5843559916946006e-18
687.2513616417232 1.5597225866614634e-18
687.313437106212 1.6082662372194956e-18
687.3755125707006 1.6510139932150896e-18
687.4375880351894 1.648191543917564e-18
687.4996634996781 1.6562381113066872e-18
687.5617389641668 1.6795861019898154e-18
687.6238144286556 1.7065028860062178e-18
687.6858898931443 1.7703758913885347e-18
687.7479653576331 1.8418057919352502e-18
687.8100408221218 1.856490946133027e-18
687.8721162866105 1.8534965520053027e-18
687.9341917510993 1.890047476980554e-18
687.996267215588 1.923799477094424e-18
688.0583426800767 1.932749922571511e-18
688.1204181445655 1.9547261112147202e-18
688.1824936090543 1.9559349405695205e-18
688.2445690735431 1.9290019193591124e-18
688.3066445380317 1.9159578701436336e-18
688.3687200025205 1.8949070255413824e-18
688.4307954670091 1.8625761406291194e-18
688.4928709314979 1.8463884319026034e-18
688.5549463959867 1.8278477893054863e-18
688.6170218604755 1.8377838662654678e-18
688.6790973249642 1.839342138758154e-18
688.7411727894529 1.831643863972258e-18
688.8032482539417 1.8397775524226466e-18
688.8653237184303 1.836965815690636e-18
688.9273991829191 1.837084691842909e-18
688.9894746474079 1.824438756077257e-18
689.0515501118966 1.8260411271727347e-18
689.1136255763854 1.7970596076186626e-18
689.1757010408741 1.764817922324985e-18
689.2377765053628 1.8075117015325607e-18
689.2998519698516 1.8253681549751346e-18
689.3619274343403 1.7959415229650925e-18
689.424002898829 1.7979876848215115e-18
689.4860783633178 1.801146437264668e-18
689.5481538278066 1.8509567227218928e-18
689.6102292922952 1.837433208169375e-18
689.672304756784 1.830249275263922e-18
689.7343802212728 1.8445206067408015e-18
689.7964556857614 1.8268247911015907e-18
689.8585311502502 1.8135817148284572e-18
689.920606614739 1.8183083471702924e-18
689.9826820792277 1.8459553671115636e-18
690.0447575437164 1.8672959951684404e-18
690.1068330082052 1.8685122611477477e-18
690.1689084726939 1.8573745124102238e-18
690.2309839371826 1.847276105295202e-18
690.2930594016714 1.8390191191114046e-18
690.3551348661601 1.87209626449926e-18
690.4172103306489 1.9511592762575414e-18
690.4792857951376 2.0403656794773528e-18
690.5413612596263 2.098454187796588e-18
690.6034367241151 2.123048471393935e-18
690.6655121886038 2.1161565744726206e-18
690.7275876530925 2.0926455718463194e-18
690.7896631175813 2.0556082143425194e-18
690.8517385820701 2.0399864668800485e-18
690.9138140465589 2.0295628239974652e-18
690.9758895110475 2.0184358584254623e-18
691.0379649755363 1.9851900178412167e-18
691.1000404400249 1.9459772319272624e-18
691.1621159045137 1.925424370288262e-18
691.2241913690025 1.884312160796963e-18
691.2862668334913 1.8878744479836042e-18
691.34834229798 1.9202557365077442e-18
691.4104177624687 1.9382703258638456e-18
691.4724932269575 1.9640159605346744e-18
691.5345686914462 1.9300416782039184e-18
691.5966441559349 1.886019356399541e-18
691.6587196204237 1.951998433044003e-18
691.7207950849124 1.9550530383109786e-18
691.7828705494012 1.9031968582144133e-18
691.8449460138899 1.9362837852923293e-18
691.9070214783786 1.9518250548430608e-18
691.9690969428674 1.9596300318835464e-18
692.031172407356 1.9664909706839875e-18
692.0932478718448 1.9126489149051783e-18
692.1553233363336 1.934168848672612e-18
692.2173988008224 1.988842956887026e-18
692.279474265311 1.9504294032649133e-18
692.3415497297998 1.9423583844557373e-18
692.4036251942886 1.9995303507098815e-18
692.4657006587772 1.948746915342986e-18
692.527776123266 1.9562896189026984e-18
692.5898515877548 2.004245612740588e-18
692.6519270522435 1.9646827851858368e-18
692.7140025167322 1.916865326687672e-18
692.776077981221 1.921397479080237e-18
692.8381534457097 1.953336162462831e-18
692.9002289101984 1.9784120587617278e-18
692.9623043746872 1.9617706800501823e-18
693.0243798391759 1.923696485998207e-18
693.0864553036647 1.9193626174218307e-18
693.1485307681535 1.948259419913854e-18
693.2106062326421 1.95406258992363e-18
693.2726816971309 1.928998628077124e-18
693.3347571616196 1.9486480705714105e-18
693.3968326261083 1.9486466109244438e-18
693.4589080905971 1.9145838148033137e-18
693.5209835550859 1.9312997343653627e-18
693.5830590195746 1.941876880755524e-18
693.6451344840633 1.9591960437866987e-18
693.7072099485521 1.9683565285474143e-18
693.7692854130408 1.9601340985150087e-18
693.8313608775295 1.954760283728261e-18
693.8934363420183 1.9595038869096373e-18
693.955511806507 1.952489587689528e-18
694.0175872709958 1.9585988493008316e-18
694.0796627354845 1.9595350822836718e-18
694.1417381999732 1.949028828064373e-18
694.203813664462 1.9464985355238984e-18
694.2658891289507 1.9505961962494486e-18
694.3279645934394 1.9739847381116537e-18
694.3900400579282 2.0892058097172234e-18
694.452115522417 2.3301884678246204e-18
694.5141909869056 2.5221530189911104e-18
694.5762664513944 2.593237999220629e-18
694.6383419158832 2.5953555784383482e-18
694.7004173803718 2.5998242692286782e-18
694.7624928448606 2.4828688131480735e-18
694.8245683093494 2.339580040986862e-18
694.8866437738382 2.280158859499474e-18
694.9487192383268 2.2216890132269743e-18
695.0107947028156 2.183406202246403e-18
695.0728701673044 2.105864107739784e-18
695.134945631793 2.0243017472441233e-18
695.1970210962818 1.980382726890332e-18
695.2590965607706 1.9106239925983873e-18
695.3211720252593 1.8859131868974783e-18
695.3832474897481 1.9205512285579023e-18
695.4453229542368 1.931752601536797e-18
695.5073984187255 1.9108818540044487e-18
695.5694738832142 1.9182589425186934e-18
695.631549347703 1.9348393183079904e-18
695.6936248121917 1.9243155183461544e-18
695.7557002766805 1.892120419602828e-18
695.8177757411693 1.9228864237514463e-18
695.8798512056579 2.078649055938399e-18
695.9419266701467 2.258572653218489e-18
696.0040021346354 2.407469730506713e-18
696.0660775991241 2.4822049862925684e-18
696.1281530636129 2.4691823714060875e-18
696.1902285281017 2.439116950295836e-18
696.2523039925904 2.392712158232674e-18
696.3143794570791 2.2913820637170044e-18
696.3764549215679 2.213289811435309e-18
696.4385303860566 2.1421425037420106e-18
696.5006058505453 2.0838955375174497e-18
696.5626813150341 2.057156060443801e-18
696.6247567795228 2.034611203650954e-18
696.6868322440116 2.080810931031731e-18
696.7489077085003 1.9850905029154e-18
696.810983172989 1.9383599242942926e-18
696.8730586374778 1.9197935628575267e-18
696.9351341019665 1.970681741073603e-18
696.9972095664552 1.9872154462700064e-18
697.059285030944 1.9604652160722034e-18
697.1213604954328 1.9493889007466108e-18
697.1834359599214 1.9271087836247187e-18
697.2455114244102 1.923941856720406e-18
697.307586888899 1.9363004976549927e-18
697.3696623533876 1.9499821790579027e-18
697.4317378178764 1.9499877447212916e-18
697.4938132823652 1.9512389083903807e-18
697.555888746854 1.9398867095116693e-18
697.6179642113427 1.95242465629899e-18
697.6800396758314 1.997042978330908e-18
697.7421151403202 1.999665253427624e-18
697.8041906048088 1.971021998103995e-18
697.8662660692976 1.9669779413743304e-18
697.9283415337864 1.9833976155216952e-18
697.9904169982751 1.9628062783013134e-18
698.0524924627639 1.9518392086411775e-18
698.1145679272526 1.961242733548454e-18
698.1766433917413 1.9421773060343854e-18
698.23871885623 1.9514496830852514e-18
698.3007943207188 1.9559047474204415e-18
698.3628697852075 1.899165410986307e-18
698.4249452496963 1.8794313925071455e-18
698.4870207141851 1.911028767589235e-18
698.5490961786737 1.9402418622029814e-18
698.6111716431625 1.9385423430298884e-18
698.6732471076513 1.939413896283596e-18
698.7353225721399 1.95342930912749e-18
698.7973980366287 1.918989438378784e-18
698.8594735011175 1.905879096130853e-18
698.9215489656062 1.921171916761444e-18
698.9836244300949 1.8942296698208937e-18
699.0456998945837 1.9097001569868187e-18
699.1077753590724 1.926930304598078e-18
699.1698508235611 1.9119115503450248e-18
699.2319262880499 1.907136827571643e-18
699.2940017525386 1.8892850618525263e-18
699.3560772170274 1.889362358343162e-18
699.4181526815161 1.938692764190154e-18
699.4802281460048 1.956878051594185e-18
699.5423036104936 1.890213153978111e-18
699.6043790749823 1.8957608354963407e-18
699.666454539471 1.9273132292355472e-18
699.7285300039598 1.887517780163526e-18
699.7906054684486 1.879272202096592e-18
699.8526809329373 1.9036901939923982e-18
699.914756397426 1.905384665913848e-18
699.9768318619148 1.9124226979188125e-18
700.0389073264034 1.917232221560113e-18
700.1009827908922 1.9310505973392773e-18
700.163058255381 1.906683906732471e-18
700.2251337198697 1.9090743205888927e-18
700.2872091843585 1.9744440782455553e-18
700.3492846488472 1.9497266607550085e-18
700.411360113336 1.8508176527875794e-18
700.4734355778246 1.8662016845803083e-18
700.5355110423134 1.9146773362808783e-18
700.5975865068021 1.8765145685790368e-18
700.6596619712909 1.872219457422898e-18
700.7217374357797 1.9005779397697304e-18
700.7838129002683 1.8940225326181784e-18
700.8458883647571 1.8997798404426404e-18
700.9079638292459 1.9051038997012736e-18
700.9700392937345 1.9310749976321858e-18
701.0321147582233 1.9388013505300497e-18
701.0941902227121 1.8802265929701978e-18
701.1562656872009 1.8433276256538742e-18
701.2183411516895 1.8932671597074407e-18
701.2804166161783 2.0028060824071743e-18
701.3424920806671 1.9666645684895514e-18
701.4045675451557 1.860228280041912e-18
701.4666430096445 1.873067455739422e-18
701.5287184741333 1.8768942177105663e-18
701.590793938622 1.880371278973838e-18
701.6528694031107 1.918530452826208e-18
701.7149448675995 1.941254017490932e-18
701.7770203320882 1.937616612197271e-18
701.8390957965769 1.9213153287880936e-18
701.9011712610657 1.952306893805406e-18
701.9632467255544 1.9953285422535726e-18
702.0253221900432 1.937282983188191e-18
702.087397654532 1.855492748749347e-18
702.1494731190206 1.8781342138941375e-18
702.2115485835094 1.94997882559196e-18
702.273624047998 1.934766981059302e-18
702.3356995124868 1.892843010154844e-18
702.3977749769756 1.879498457264281e-18
702.4598504414644 1.8942312759302474e-18
702.5219259059531 1.865063965375337e-18
702.5840013704418 1.8614067662570475e-18
702.6460768349306 1.9313790006953156e-18
702.7081522994192 1.94928772797249e-18
702.770227763908 1.8580318886008785e-18
702.8323032283968 1.864600458522197e-18
702.8943786928855 1.9251784754263177e-18
702.9564541573743 1.8861187634996014e-18
703.018529621863 1.906231878541844e-18
703.0806050863517 1.9499698131738615e-18
703.1426805508405 1.921032088048762e-18
703.2047560153292 1.9138708673495823e-18
703.2668314798179 1.9653809630969836e-18
703.3289069443067 1.968002232465754e-18
703.3909824087955 1.9114743702223157e-18
703.4530578732841 1.8527496430367476e-18
703.5151333377729 1.8012878785639146e-18
703.5772088022617 1.765810245894576e-18
703.6392842667503 1.754298180787117e-18
703.7013597312391 1.8088953036353236e-18
703.7634351957279 1.807536261228389e-18
703.8255106602167 1.8246338755715426e-18
703.8875861247053 1.8534080738442613e-18
703.9496615891941 1.8918973200065086e-18
704.0117370536829 1.8796486613067735e-18
704.0738125181715 1.869974983998562e-18
704.1358879826603 1.9025638716617416e-18
704.197963447149 1.9208871652259603e-18
704.2600389116378 1.8885437117296468e-18
704.3221143761265 1.8776310688663728e-18
704.3841898406152 1.9604725769466837e-18
704.446265305104 1.941338415353588e-18
704.5083407695927 1.8860892952877078e-18
704.5704162340814 1.9239298266092572e-18
704.6324916985702 1.9238472919297153e-18
704.694567163059 1.850971975936363e-18
704.7566426275478 1.8598477037619046e-18
704.8187180920364 1.9335163588343704e-18
704.8807935565252 1.9603940467663386e-18
704.9428690210138 1.9399113392379238e-18
705.0049444855026 1.9220726226227442e-18
705.0670199499914 1.896666381629307e-18
705.1290954144802 1.8528551662024664e-18
705.1911708789689 1.859825701955567e-18
705.2532463434576 1.871647451716025e-18
705.3153218079464 1.851315717062917e-18
705.3773972724351 1.8312449335317437e-18
705.4394727369238 1.8598693008331714e-18
705.5015482014126 1.880307345347525e-18
705.5636236659013 1.8910883773315235e-18
705.6256991303901 1.8988539853249023e-18
705.6877745948788 1.8970882318908244e-18
705.7498500593675 1.8812272650195317e-18
705.8119255238563 1.8866629910385475e-18
705.874000988345 1.906953479343914e-18
705.9360764528337 1.87211288585479e-18
705.9981519173225 1.8657019190608252e-18
706.0602273818113 1.884455643997963e-18
706.1223028462999 1.8773542558083706e-18
706.1843783107887 1.908670123197555e-18
706.2464537752775 1.9362877843429024e-18
706.3085292397661 1.9260997249794323e-18
706.3706047042549 1.889790202487351e-18
706.4326801687437 1.8638951229686905e-18
706.4947556332324 1.8899230462202003e-18
706.5568310977211 1.9154121130459237e-18
706.6189065622099 1.9080309980305907e-18
706.6809820266986 1.9015960683205636e-18
706.7430574911873 1.9160987038087246e-18
706.8051329556761 1.9306736345279217e-18
706.8672084201648 1.871114960853362e-18
706.9292838846536 1.8646607692384174e-18
706.9913593491424 1.8937876560582927e-18
707.053434813631 1.9002637527705656e-18
707.1155102781198 1.9095325959980933e-18
707.1775857426085 1.8706142273916257e-18
707.2396612070972 1.87067662980105e-18
707.301736671586 1.9061221116116985e-18
707.3638121360748 1.864718989526155e-18
707.4258876005636 1.8537650650342757e-18
707.4879630650522 1.8864176686597324e-18
707.550038529541 1.892561098087121e-18
707.6121139940298 1.9078522479813634e-18
707.6741894585184 1.9058967994150476e-18
707.7362649230072 1.8421433516180517e-18
707.798340387496 1.8294581523138285e-18
707.8604158519847 1.8755699892292806e-18
707.9224913164734 1.895000963696727e-18
707.9845667809622 1.861946890318088e-18
708.0466422454509 1.831468938622343e-18
708.1087177099396 1.8584610793599386e-18
708.1707931744284 1.8611750748878396e-18
708.2328686389171 1.8550355556391833e-18
708.2949441034059 1.8917016521682015e-18
708.3570195678946 1.9051701076682327e-18
708.4190950323833 1.8822436251406356e-18
708.4811704968721 1.8876249616522854e-18
708.5432459613608 1.8670782025706757e-18
708.6053214258495 1.8549843670008575e-18
708.6673968903383 1.895490549892207e-18
708.7294723548271 1.8977968339319935e-18
708.7915478193157 1.9359925975766418e-18
708.8536232838045 1.957789285094813e-18
708.9156987482933 1.888670957613484e-18
708.9777742127819 1.850239703234312e-18
709.0398496772707 1.9021518350730456e-18
709.1019251417595 1.9480878219809968e-18
709.1640006062482 1.894333615637863e-18
709.226076070737 1.8283073541663597e-18
709.2881515352257 1.854830262892929e-18
709.3502269997144 1.8452006438579952e-18
709.4123024642031 1.852544626234154e-18
709.4743779286919 1.8839254817784143e-18
709.5364533931806 1.8659248540460704e-18
709.5985288576694 1.860955375507153e-18
709.6606043221582 1.895943404662465e-18
709.7226797866468 1.8748320549006214e-18
709.7847552511356 1.8531550141881016e-18
709.8468307156244 1.8643731854335482e-18
709.908906180113 1.8448444988812626e-18
709.9709816446018 1.8302115495482235e-18
710.0330571090906 1.8409717208422307e-18
710.0951325735793 1.8390308318185153e-18
710.157208038068 1.8623354989871416e-18
710.2192835025568 1.874860661195209e-18
710.2813589670455 1.8432131248498e-18
710.3434344315342 1.8403629390457954e-18
710.405509896023 1.8337192351666624e-18
710.4675853605117 1.8494930188275506e-18
710.5296608250005 1.8795792340991543e-18
710.5917362894892 1.871530934656523e-18
710.653811753978 1.844113385906753e-18
710.7158872184667 1.8214383445421753e-18
710.7779626829554 1.8263189464961197e-18
710.8400381474441 1.8683236789636554e-18
710.9021136119329 1.8837418810754165e-18
710.9641890764217 1.8472445037044445e-18
711.0262645409103 1.8534291547419812e-18
711.0883400053991 1.8925879827432717e-18
711.1504154698879 1.881504258661332e-18
711.2124909343765 1.841885256904576e-18
711.2745663988653 1.8331137425031533e-18
711.3366418633541 1.8685071324891665e-18
711.3987173278429 1.84689202660855e-18
711.4607927923316 1.8267873409179802e-18
711.5228682568203 1.8247704708579708e-18
711.5849437213091 1.8624334763793902e-18
711.6470191857977 1.892609087778733e-18
711.7090946502865 1.875563623388813e-18
711.7711701147753 1.8302862917290698e-18
711.833245579264 1.8637278302415094e-18
711.8953210437528 1.827516938260827e-18
711.9573965082415 1.8442589299451494e-18
712.0194719727302 1.851747330981965e-18
712.0815474372189 1.8160546088290204e-18
712.1436229017077 1.857829840823391e-18
712.2056983661964 1.858555924116084e-18
712.2677738306852 1.8467977574630263e-18
712.329849295174 1.8515420765891252e-18
712.3919247596626 1.8276256882675423e-18
712.4540002241514 1.8182145503522373e-18
712.5160756886402 1.860561853863863e-18
712.5781511531288 1.885406798255952e-18
712.6402266176176 1.8630624513083275e-18
712.7023020821064 1.84634789740629e-18
712.7643775465951 1.8457524045674683e-18
712.8264530110838 1.8513902189946697e-18
712.8885284755726 1.8611270369436435e-18
712.9506039400613 1.8678983801141634e-18
713.01267940455 1.83953992763113e-18
713.0747548690388 1.8356767181190143e-18
713.1368303335275 1.8624921350493716e-18
713.1989057980163 1.8840687355331967e-18
713.260981262505 1.8931586211071047e-18
713.3230567269937 1.8757307155950638e-18
713.3851321914825 1.86506006697595e-18
713.4472076559712 1.8290257548384327e-18
713.5092831204599 1.7744997411271647e-18
713.5713585849487 1.771073138220797e-18
713.6334340494375 1.796435378185956e-18
713.6955095139263 1.822207588272069e-18
713.7575849784149 1.831933787409914e-18
713.8196604429037 1.809436966424688e-18
713.8817359073923 1.8263942717158584e-18
713.9438113718811 1.845342086606734e-18
714.0058868363699 1.818546459971314e-18
714.0679623008587 1.79147904246393e-18
714.1300377653474 1.7748988868519892e-18
714.1921132298361 1.8132835124370872e-18
714.2541886943249 1.863739433013511e-18
714.3162641588135 1.8679334077914756e-18
714.3783396233023 1.8523304000291126e-18
714.440415087791 1.8482039298302457e-18
714.5024905522798 1.8556652816400104e-18
714.5645660167686 1.843433717227656e-18
714.6266414812573 1.7871917994735012e-18
714.688716945746 1.7313339761964956e-18
714.7507924102348 1.7580930578161395e-18
714.8128678747235 1.815563254764209e-18
714.8749433392122 1.803598130026813e-18
714.937018803701 1.8325021097586087e-18
714.9990942681898 1.807569990884331e-18
715.0611697326784 1.7470828851102773e-18
715.1232451971672 1.7675571951060167e-18
715.185320661656 1.818243049190042e-18
715.2473961261446 1.8476256342085256e-18
715.3094715906334 1.816236250464084e-18
715.3715470551222 1.7950653541094413e-18
715.4336225196109 1.7880931864228847e-18
715.4956979840996 1.8156181501548437e-18
715.5577734485884 1.792969564532374e-18
715.6198489130771 1.773654633300389e-18
715.6819243775658 1.8173641594030253e-18
715.7439998420546 1.8195118284421678e-18
715.8060753065433 1.80344019626989e-18
715.8681507710321 1.8160119223692808e-18
715.9302262355209 1.7996792302795758e-18
715.9923017000095 1.7467337714664296e-18
716.0543771644983 1.7660187868490516e-18
716.116452628987 1.8035168813799578e-18
716.1785280934757 1.7680821535572986e-18
716.2406035579645 1.7603676451511103e-18
716.3026790224533 1.8025454660508228e-18
716.364754486942 1.7668040470579624e-18
716.4268299514307 1.7711552701161755e-18
716.4889054159195 1.751211276018165e-18
716.5509808804081 1.775964573935261e-18
716.6130563448969 1.7504672725214418e-18
716.6751318093857 1.7408239455604095e-18
716.7372072738744 1.7588266826333732e-18
716.7992827383632 1.7357246800819096e-18
716.8613582028519 1.7484167065060914e-18
716.9234336673406 1.7607138812104767e-18
716.9855091318294 1.7516152986255205e-18
717.0475845963181 1.736566459912766e-18
717.1096600608068 1.6800177251716246e-18
717.1717355252956 1.6588425449994025e-18
717.2338109897844 1.694344575467913e-18
717.295886454273 1.7165446354852547e-18
717.3579619187618 1.691890954505473e-18
717.4200373832506 1.6755548388341172e-18
717.4821128477392 1.7121915055758373e-18
717.544188312228 1.742242642593256e-18
717.6062637767168 1.7649268806172392e-18
717.6683392412056 1.778235782993376e-18
717.7304147056942 1.803205780743405e-18
717.792490170183 1.755456719923645e-18
717.8545656346718 1.7302175031520834e-18
717.9166410991604 1.754795892309058e-18
717.9787165636492 1.7262659461732976e-18
718.040792028138 1.707617560821709e-18
718.1028674926267 1.7560562233630716e-18
718.1649429571154 1.7441595115005324e-18
718.2270184216042 1.680417186233238e-18
718.2890938860929 1.655605819847515e-18
718.3511693505816 1.6752026010598326e-18
718.4132448150704 1.6548349943587535e-18
718.4753202795591 1.5821938480579398e-18
718.5373957440479 1.5963833338741573e-18
718.5994712085367 1.6473080323029578e-18
718.6615466730253 1.6840122680004077e-18
718.7236221375141 1.7613856258657995e-18
718.7856976020028 1.757622794016449e-18
718.8477730664915 1.7633101399367195e-18
718.9098485309803 1.7831394843626912e-18
718.9719239954691 1.743672030604631e-18
719.0339994599578 1.715002270847821e-18
719.0960749244465 1.6154795363908166e-18
719.1581503889353 1.569195001919133e-18
719.220225853424 1.65388876543305e-18
719.2823013179127 1.7236308032858961e-18
719.3443767824015 1.7409224356469386e-18
719.4064522468902 1.7599467759753893e-18
719.468527711379 1.7693656195804948e-18
719.5306031758677 1.7123060829407484e-18
719.5926786403564 1.6992579696906278e-18
719.6547541048452 1.7222855654058336e-18
719.7168295693339 1.7299789074417204e-18
719.7789050338226 1.7159637125055293e-18
719.8409804983114 1.7142964665239152e-18
719.9030559628002 1.7358141208726908e-18
719.9651314272888 1.709718696888317e-18
720.0272068917776 1.6590861540761397e-18
720.0892823562664 1.6371261343180363e-18
720.151357820755 1.6629090864382096e-18
720.2134332852438 1.7125198095028578e-18
720.2755087497326 1.6907882936045398e-18
720.3375842142214 1.666839922810577e-18
720.39965967871 1.7039823018836586e-18
720.4617351431988 1.6845883903342987e-18
720.5238106076876 1.6738664869836392e-18
720.5858860721762 1.7478801302104487e-18
720.647961536665 1.7459269222520528e-18
720.7100370011538 1.7071506123874575e-18
720.7721124656425 1.7642995878768135e-18
720.8341879301313 1.7896389770422764e-18
720.89626339462 1.7389017037595333e-18
720.9583388591087 1.7135498329717022e-18
721.0204143235974 1.7393394499900227e-18
721.0824897880861 1.817727373399427e-18
721.1445652525749 1.834170598773079e-18
721.2066407170637 1.775142431500262e-18
721.2687161815525 1.797719093017024e-18
721.3307916460411 1.7595337120733756e-18
721.3928671105299 1.7321771804494898e-18
721.4549425750187 1.8151510927925044e-18
721.5170180395073 1.8138763385201646e-18
721.5790935039961 1.8117839758563095e-18
721.6411689684849 1.7927534832813078e-18
721.7032444329736 1.7656252623463076e-18
721.7653198974623 1.8194575583676256e-18
721.8273953619511 1.8191329489023533e-18
721.8894708264398 1.7519655085893362e-18
721.9515462909285 1.7106195887639126e-18
722.0136217554173 1.7471940716956805e-18
722.075697219906 1.7579763012860413e-18
722.1377726843948 1.743981540525759e-18
722.1998481488835 1.770363292548209e-18
722.2619236133722 1.8414569121086932e-18
722.323999077861 1.8146333304787467e-18
722.3860745423497 1.7361469566244805e-18
722.4481500068384 1.720501422852751e-18
722.5102254713272 1.7660519502450167e-18
722.572300935816 1.806805340714707e-18
722.6343764003046 1.7840967356217278e-18
722.6964518647934 1.7562942489450936e-18
722.7585273292822 1.7998544256079682e-18
722.8206027937708 1.8106395313908814e-18
722.8826782582596 1.748806630229955e-18
722.9447537227484 1.7622048365338807e-18
723.0068291872371 1.82313680324296e-18
723.0689046517259 1.7907858228562116e-18
723.1309801162146 1.6726491677774343e-18
723.1930555807033 1.5867228076049116e-18
723.255131045192 1.6158779230562674e-18
723.3172065096808 1.67344022335371e-18
723.3792819741695 1.6909031619232708e-18
723.4413574386583 1.7049633832999847e-18
723.5034329031471 1.7120204873392619e-18
723.5655083676357 1.746245953545961e-18
723.6275838321245 1.756274515196196e-18
723.6896592966133 1.758510906869759e-18
723.7517347611019 1.720052619212311e-18
723.8138102255907 1.6892332537493567e-18
723.8758856900795 1.6394701956134976e-18
723.9379611545683 1.5749589742968732e-18
724.0000366190569 1.5686564537497571e-18
724.0621120835457 1.6792876287497379e-18
724.1241875480345 1.6589037298347695e-18
724.1862630125231 1.550106275743143e-18
724.2483384770119 1.6581229160976641e-18
724.3104139415007 1.6800782618784886e-18
724.3724894059894 1.6515604602669122e-18
724.4345648704781 1.7216874479256066e-18
724.4966403349669 1.7505282604022794e-18
724.5587157994556 1.7253799142386144e-18
724.6207912639443 1.6759053192045445e-18
724.682866728433 1.6877048649278192e-18
724.7449421929218 1.7370820601829712e-18
724.8070176574106 1.7543275008693756e-18
724.8690931218993 1.751607258193144e-18
724.931168586388 1.772594876859426e-18
724.9932440508768 1.7495681476076907e-18
725.0553195153655 1.6930345353549135e-18
725.1173949798542 1.7100111834081973e-18
725.179470444343 1.7263238373571071e-18
725.2415459088318 1.697352731061237e-18
725.3036213733205 1.6790168803945093e-18
725.3656968378092 1.7068348896963063e-18
725.427772302298 1.787553248427981e-18
725.4898477667866 1.822440661619309e-18
725.5519232312754 1.7514475993670513e-18
725.6139986957642 1.6714505768938803e-18
725.6760741602529 1.693968941682729e-18
725.7381496247417 1.7758681261232434e-18
725.8002250892304 1.7526835670362017e-18
725.8623005537191 1.6944800475215626e-18
725.9243760182078 1.706198342109928e-18
725.9864514826966 1.7253557458428337e-18
726.0485269471853 1.741355316558534e-18
726.1106024116741 1.7157563265161087e-18
726.1726778761629 1.6743645891665223e-18
726.2347533406515 1.6862411954605319e-18
726.2968288051403 1.6779582223129675e-18
726.3589042696291 1.6754926716291675e-18
726.4209797341177 1.6130803775124631e-18
726.4830551986065 1.6414858314081685e-18
726.5451306630953 1.7097585290017674e-18
726.607206127584 1.7345489514369117e-18
726.6692815920727 1.7675730428742037e-18
726.7313570565615 1.7666509764163878e-18
726.7934325210502 1.7671780536391092e-18
726.8555079855389 1.7600484395360704e-18
726.9175834500277 1.7554718012187683e-18
726.9796589145164 1.7142069059742502e-18
727.0417343790052 1.746948398439285e-18
727.1038098434939 1.7597438633951715e-18
727.1658853079826 1.7272033578306242e-18
727.2279607724714 1.7311446716599413e-18
727.2900362369601 1.709934616204975e-18
727.3521117014488 1.6626539746646737e-18
727.4141871659376 1.7450193327693456e-18
727.4762626304264 1.7606444026799545e-18
727.5383380949152 1.7337728615687889e-18
727.6004135594038 1.803579168553849e-18
727.6624890238926 1.8859709722842408e-18
727.7245644883812 1.9887698399498573e-18
727.78663995287 2.060879475546152e-18
727.8487154173588 1.9596480355342915e-18
727.9107908818476 1.7964808244314275e-18
727.9728663463363 0.0
