# Wavelength in nm, Data in W / (nm m2)
wavelength data
328.68318561800163 -2.3239573135228308e-17
328.745274567815 -1.919276983214432e-18
328.80736351762835 -1.4290531081143716e-17
328.86945246744165 2.407902704012009e-18
328.93154141725495 1.067474264393967e-17
328.99363036706825 5.5363785696409055e-18
329.0557193168816 9.42642618356242e-18
329.1178082666949 9.545316025824055e-18
329.17989721650827 2.240259456831959e-18
329.24198616632157 6.507427397412831e-18
329.30407511613487 7.584903764337667e-18
329.36616406594817 3.706863917778278e-18
329.4282530157615 4.772095530095491e-18
329.4903419655749 4.589560343552496e-18
329.5524309153882 3.0238511666210455e-18
329.6145198652015 -1.9961241300721396e-18
329.6766088150148 2.70188103935213e-18
329.73869776482815 9.8190135469056e-18
329.80078671464145 4.534698830195835e-18
329.8628756644548 5.7437436502212114e-18
329.9249646142681 9.862634089327972e-18
329.9870535640814 1.3336185511481074e-17
330.0491425138947 3.587087751490293e-18
330.11123146370807 -2.3574999009521624e-18
330.1733204135214 1.4419988155730715e-17
330.2354093633347 6.2467534214856264e-18
330.297498313148 3.4562583842670687e-18
330.3595872629613 4.75369034787588e-18
330.4216762127746 7.13281150926926e-18
330.483765162588 1.4887671110984522e-17
330.54585411240134 2.141014533733e-18
330.60794306221464 -5.600125657137611e-18
330.67003201202795 4.481032179234007e-18
330.73212096184125 -3.8059853841708135e-18
330.7942099116546 -9.393076329215814e-19
330.8562988614679 9.42494553026595e-18
330.91838781128126 7.856774043446083e-18
330.98047676109456 9.835742447613873e-18
331.04256571090787 1.2731903604231486e-17
331.10465466072117 2.1210030908409026e-17
331.1667436105345 2.540162142437246e-17
331.2288325603479 1.573748669381945e-17
331.2909215101612 1.02163993849822e-17
331.3530104599745 1.495244762475355e-17
331.4150994097878 1.9344942113532637e-17
331.47718835960114 1.659330595354029e-17
331.53927730941444 9.869115876607937e-18
331.6013662592278 8.204181628912229e-18
331.6634552090411 7.676496646385051e-18
331.7255441588544 1.1011914696506086e-17
331.7876331086677 1.629303608246109e-17
331.84972205848106 1.523263355055996e-17
331.9118110082944 9.749813271220639e-18
331.9738999581077 -2.2121386247276063e-18
332.035988907921 5.040059552158702e-19
332.0980778577343 -2.400126379073398e-18
332.1601668075477 1.1700126484608367e-17
332.222255757361 2.902595298294295e-17
332.28434470717434 2.5715491799083256e-17
332.34643365698764 4.84888146558787e-18
332.40852260680094 -8.258476937139597e-18
332.47061155661424 -2.8597693455683424e-18
332.5327005064276 1.0060820980626542e-18
332.59478945624096 1.4171061385272683e-17
332.65687840605426 1.6094580564258593e-17
332.71896735586756 6.956120767344258e-18
332.78105630568086 1.3487530612256839e-17
332.8431452554942 2.1183255071980685e-17
332.9052342053075 1.538249882521987e-17
332.9673231551209 -1.7604266659458205e-18
333.0294121049342 1.5448066123654497e-17
333.0915010547475 1.7188052122688366e-17
333.1535900045608 -1.912350586355219e-18
333.21567895437414 1.93379483014535e-18
333.2777679041875 1.5994609376581812e-18
333.3398568540008 -1.6223141802242197e-18
333.4019458038141 5.680344805762391e-18
333.4640347536274 2.4641131421525907e-17
333.5261237034407 2.2148578155552518e-17
333.58821265325406 -7.014278181851636e-18
333.6503016030674 -2.6885743916331427e-18
333.7123905528807 3.0202103311548933e-18
333.774479502694 1.7255935526838143e-17
333.8365684525073 3.4320272862751853e-17
333.8986574023207 3.0519100015384873e-17
333.960746352134 1.3196057806992141e-17
334.02283530194734 -6.348567774362328e-18
334.08492425176064 -2.4837303507647452e-18
334.14701320157394 2.841333309511883e-17
334.20910215138724 3.9713811402675264e-17
334.2711911012006 2.6883497293787733e-17
334.33328005101396 2.940921884796327e-17
334.39536900082726 1.8835087836289652e-17
334.45745795064056 1.849701911993923e-17
334.51954690045386 3.7847083135824795e-17
334.5816358502672 5.226583382935913e-17
334.6437248000805 4.002509270206877e-17
334.7058137498939 1.9703041835596644e-17
334.7679026997072 1.1190945532384e-17
334.8299916495205 1.734107888164945e-17
334.8920805993338 1.2136226856894286e-17
334.95416954914714 2.9211793996804017e-17
335.0162584989605 1.420637372562257e-17
335.0783474487738 -6.523793579422499e-18
335.1404363985871 6.328732396863613e-18
335.2025253484004 1.3706343045334266e-17
335.26461429821376 3.765460565190922e-18
335.32670324802706 -1.2128392008927337e-18
335.3887921978404 7.971983759162469e-18
335.4508811476537 7.830808016837431e-18
335.512970097467 1.0456447198745089e-17
335.5750590472803 2.6083027997575267e-17
335.6371479970937 3.6648627468411016e-17
335.69923694690704 2.5812756658590916e-17
335.76132589672034 1.9691716078649567e-17
335.82341484653364 2.5273127188018472e-17
335.88550379634694 2.1242405103223127e-17
335.9475927461603 2.5711853858749248e-17
336.0096816959736 2.682112291251756e-17
336.07177064578696 6.105305950329365e-18
336.13385959560026 2.4478736014947047e-17
336.19594854541356 3.777645514640257e-17
336.25803749522686 1.425719901118028e-17
336.3201264450402 1.1335382847864335e-17
336.3822153948536 2.920432290151144e-17
336.4443043446669 1.2971077088086906e-17
336.5063932944802 1.1185122180871627e-17
336.5684822442935 3.429246966800272e-17
336.6305711941068 4.250157550310148e-17
336.69266014392014 2.589572121966876e-17
336.7547490937335 5.9366272798175515e-18
336.8168380435468 2.987826334250534e-17
336.8789269933601 3.019865024608183e-17
336.9410159431734 8.358627829804455e-18
337.00310489298676 5.1364124243615076e-17
337.06519384280006 3.797472041306418e-17
337.1272827926134 2.0673273408923367e-17
337.1893717424267 2.3021632550516512e-17
337.25146069224 5.2180898924062186e-17
337.3135496420533 4.433509412271917e-17
337.3756385918667 1.5184508182521626e-17
337.43772754168003 1.7625220385145092e-17
337.49981649149333 1.7356684471085877e-17
337.56190544130664 2.3388842839847177e-17
337.62399439111994 1.4475167720032903e-17
337.6860833409333 8.163404106255202e-18
337.7481722907466 5.895266181238369e-18
337.81026124055995 -6.290911217715851e-18
337.87235019037325 -1.0201404254837839e-17
337.93443914018656 3.9465796185252265e-18
337.99652808999986 1.8906228677691663e-17
338.0586170398132 1.0313946313078741e-17
338.1207059896266 3.2225825081987986e-17
338.1827949394399 3.4088933606477923e-17
338.2448838892532 3.064911626406596e-17
338.3069728390665 3.146352189923872e-17
338.36906178887983 2.3220011968102654e-17
338.43115073869313 2.8321075987039566e-17
338.4932396885065 1.783350611774717e-17
338.5553286383198 2.6917327326479926e-17
338.6174175881331 3.998394212095548e-17
338.6795065379464 7.933672889092075e-18
338.74159548775975 4.7302931306595114e-18
338.8036844375731 3.020764997114641e-17
338.8657733873864 2.0371360757147637e-17
338.9278623371997 1.8741854655087575e-17
338.989951287013 1.5115923329212404e-17
339.0520402368264 7.22523901655471e-18
339.1141291866397 1.6056292028064738e-17
339.17621813645303 2.4415594010068424e-17
339.23830708626633 4.3527186818438627e-17
339.30039603607963 4.5016538746230154e-17
339.36248498589293 4.03375750677117e-17
339.4245739357063 3.486557348360396e-17
339.48666288551965 2.2400275981062604e-17
339.54875183533295 7.96880242252659e-18
339.61084078514625 8.70635884289011e-18
339.67292973495955 4.18998247685263e-18
339.73501868477285 4.066291264725432e-18
339.7971076345862 1.0725182463331929e-17
339.85919658439957 4.933728276149578e-18
339.92128553421287 1.3726414582897865e-17
339.98337448402617 2.2952278419237616e-17
340.0454634338395 2.3624354395130825e-17
340.10755238365283 1.4321735642571667e-17
340.16964133346613 7.250061052376201e-18
340.2317302832795 2.1002392031045965e-17
340.2938192330928 3.275421813111951e-17
340.3559081829061 1.77805549780152e-17
340.4179971327194 -1.4007823908830243e-18
340.48008608253275 -6.234698918418891e-18
340.5421750323461 6.360320356505482e-18
340.6042639821594 1.7311086966999504e-17
340.6663529319727 8.778228430411779e-18
340.728441881786 1.9201752186416033e-17
340.79053083159937 1.6431425053302437e-17
340.85261978141267 1.409902553444789e-17
340.914708731226 1.7168797012389357e-17
340.97679768103933 2.483155667034174e-17
341.03888663085263 2.284893047350524e-17
341.10097558066593 2.861270678380126e-17
341.1630645304793 1.2193868110699432e-17
341.22515348029265 1.0824324195649472e-17
341.28724243010595 1.733224955579106e-17
341.34933137991925 1.8790238103477027e-17
341.41142032973255 1.9584147857431947e-17
341.4735092795459 2.2598923405167213e-17
341.5355982293592 1.97600709757485e-17
341.59768717917257 7.790606211886741e-19
341.65977612898587 -8.271915313371134e-18
341.72186507879917 3.4307276614557727e-18
341.78395402861247 1.0571690001685977e-17
341.8460429784258 6.124075919199112e-18
341.9081319282392 1.3096223724501891e-17
341.9702208780525 2.2350729516731903e-17
342.0323098278658 1.5497582809483146e-17
342.0943987776791 1.6693985414616568e-17
342.15648772749245 1.808419478290994e-17
342.21857667730575 2.380203113634599e-17
342.2806656271191 1.5752010331014657e-17
342.3427545769324 1.1658307541560136e-17
342.4048435267457 1.3775714547406026e-17
342.466932476559 2.3522958595644075e-17
342.52902142637237 1.7743277256529885e-17
342.5911103761857 2.7234789319410428e-17
342.653199325999 1.8194047676979432e-17
342.7152882758123 4.592076213385576e-18
342.7773772256256 7.410230515926682e-18
342.83946617543893 6.339510146654873e-18
342.9015551252523 2.466073394768219e-17
342.96364407506564 2.327663578975436e-17
343.02573302487895 1.4393753295422984e-17
343.08782197469225 2.6007013408004094e-18
343.14991092450555 4.049205849173149e-18
343.2119998743189 1.7132955276447434e-17
343.2740888241322 -7.793593626367765e-20
343.33617777394556 -4.923146568163493e-18
343.39826672375887 1.593455916603776e-17
343.46035567357217 2.0764622272690048e-17
343.52244462338547 1.6001972731599606e-17
343.5845335731988 1.1747636430270963e-17
343.6466225230122 1.8549854454385442e-17
343.7087114728255 3.0978178637906903e-17
343.7708004226388 2.3022489509631117e-17
343.8328893724521 1.8677437137704396e-17
343.89497832226544 1.3476500985969057e-17
343.95706727207875 8.285004619384173e-18
344.0191562218921 5.6355889579492905e-18
344.0812451717054 1.8987757253226114e-17
344.1433341215187 3.053372456861481e-17
344.205423071332 2.1072722235447674e-17
344.26751202114536 1.4355658319492466e-17
344.3296009709587 1.100710794996654e-17
344.391689920772 1.3460316370103844e-17
344.4537788705853 1.567531414461874e-17
344.5158678203986 2.0545991819347382e-17
344.577956770212 2.2242876745383564e-17
344.6400457200253 6.854014006121018e-18
344.70213466983864 7.234391770032609e-18
344.76422361965194 7.938138837219249e-18
344.82631256946524 6.998031527440482e-18
344.88840151927855 -7.500973883484974e-18
344.9504904690919 -1.9698168914608094e-18
345.01257941890526 1.2490165860477151e-17
345.07466836871856 1.115810811642687e-17
345.13675731853186 6.041266868076428e-18
345.19884626834516 9.866791499086663e-18
345.2609352181585 8.070310718576647e-18
345.3230241679718 9.438302842797457e-18
345.3851131177852 -1.0933458269766656e-18
345.4472020675985 9.972039478686073e-18
345.5092910174118 3.026090716770502e-17
345.5713799672251 2.1489733760737707e-17
345.63346891703844 1.153209404895011e-18
345.6955578668518 2.2509526687646158e-17
345.7576468166651 2.731181803241259e-17
345.8197357664784 2.8224103535878443e-18
345.8818247162917 2.4226223830123903e-18
345.943913666105 2.9213206821290257e-18
346.00600261591836 1.1810411166957612e-17
346.0680915657317 1.8627617703771552e-17
346.130180515545 1.3518651628442921e-17
346.1922694653583 1.7763614319070114e-17
346.2543584151716 7.665898808377022e-18
346.316447364985 1.8078449755061818e-19
346.3785363147983 1.0405450686800582e-17
346.44062526461164 1.1107561590735592e-17
346.50271421442494 1.0241682160404884e-17
346.56480316423824 1.0305137666735664e-17
346.62689211405154 1.3231313071879764e-17
346.6889810638649 1.4104228500500848e-17
346.75107001367826 1.2033476962744787e-17
346.81315896349156 1.448385642518716e-17
346.87524791330486 3.21080784033329e-18
346.93733686311816 -3.697549036900318e-18
346.9994258129315 -2.7409653232952606e-18
347.0615147627448 1.7746973926687384e-18
347.1236037125582 9.887326257793292e-18
347.1856926623715 7.704876386021133e-18
347.2477816121848 6.827416427114682e-18
347.3098705619981 1.5945757537170502e-17
347.37195951181144 1.552385075701538e-17
347.4340484616248 1.2436546358810239e-17
347.4961374114381 1.3896333197147896e-17
347.5582263612514 1.0930683905992153e-17
347.6203153110647 1.5681739683617052e-17
347.68240426087806 1.23405876174898e-17
347.74449321069136 4.223870412187703e-18
347.8065821605047 8.905484377388775e-18
347.868671110318 1.048302203028458e-17
347.9307600601313 9.860121114627036e-18
347.9928490099446 1.5056897375061845e-17
348.054937959758 1.4346565950199283e-17
348.11702690957134 3.1688158097418824e-18
348.17911585938464 1.0013190886979973e-17
348.24120480919794 7.810561944164583e-18
348.30329375901124 6.359858789723677e-18
348.3653827088246 8.535964599787861e-18
348.4274716586379 9.882600574953777e-18
348.48956060845126 4.811896152449093e-18
348.55164955826456 5.222916408562404e-18
348.61373850807786 1.1394322775231188e-17
348.67582745789116 1.2140236201323331e-17
348.7379164077045 7.361825560841304e-18
348.8000053575179 2.539307168556111e-18
348.8620943073312 4.3815620562132805e-18
348.9241832571445 1.4687741556930455e-17
348.9862722069578 1.1897083151540918e-17
349.0483611567711 5.069598068435394e-18
349.11045010658444 8.316233169049887e-18
349.1725390563978 2.0098582233726638e-18
349.2346280062111 3.093497706246479e-18
349.2967169560244 1.1262292341758536e-17
349.3588059058377 9.063074691789315e-18
349.42089485565106 9.355549212775814e-18
349.48298380546436 9.555252946522654e-18
349.5450727552777 7.34827468804646e-18
349.607161705091 7.936927844802471e-18
349.6692506549043 7.482722143268991e-18
349.7313396047176 1.1517695109232247e-17
349.793428554531 1.2458211046233615e-17
349.85551750434433 9.564059111323894e-18
349.91760645415764 8.99057148391843e-18
349.97969540397094 8.139367892015637e-18
350.04178435378424 1.1690324394349614e-17
350.1038733035976 1.0700681373588109e-17
350.1659622534109 5.811509594724006e-18
350.22805120322425 3.856720093451447e-18
350.29014015303756 6.934287748666227e-18
350.35222910285086 6.858854253475372e-18
350.41431805266416 7.773545611752835e-18
350.4764070024775 1.0341663481044168e-17
350.5384959522909 9.399393093963575e-18
350.6005849021042 1.3303137991648355e-17
350.6626738519175 8.02306298916823e-18
350.7247628017308 9.100223373099071e-18
350.78685175154413 9.901433823140384e-18
350.84894070135744 8.263210891785238e-18
350.9110296511708 5.560625301346366e-18
350.9731186009841 5.558454365828721e-18
351.0352075507974 1.0830996234470325e-17
351.0972965006107 7.993382094428603e-18
351.15938545042405 5.266292519113766e-18
351.2214744002374 1.0324633486592926e-17
351.2835633500507 1.3110270905664266e-17
351.345652299864 7.011991027457927e-18
351.4077412496773 -1.6129892697813328e-18
351.4698301994907 2.027774335055103e-18
351.531919149304 3.1398646950976796e-18
351.59400809911733 6.8086758231566805e-18
351.65609704893063 7.432390684536977e-18
351.71818599874393 6.01282674425563e-18
351.78027494855723 5.370670718299076e-18
351.8423638983706 4.5867748128397234e-18
351.90445284818395 1.7915435462288403e-18
351.96654179799725 7.539622243245289e-18
352.02863074781055 5.635350729932875e-18
352.09071969762385 -2.0767453660228029e-19
352.15280864743715 -4.8467374134401325e-18
352.2148975972505 3.1834879258570417e-18
352.27698654706387 1.3268333540194574e-17
352.3390754968772 4.218117371027396e-18
352.4011644466905 1.2850555838862164e-18
352.4632533965038 4.048590840387716e-18
352.52534234631713 3.207006945418609e-18
352.58743129613043 3.2922150271128493e-18
352.6495202459438 3.161124064020905e-18
352.7116091957571 2.6973660807736625e-18
352.7736981455704 4.4008241975474965e-18
352.8357870953837 2.4158244059432764e-18
352.89787604519705 -2.9290238015834258e-18
352.9599649950104 -2.6405447697507105e-18
353.0220539448237 9.704258573730966e-19
353.084142894637 6.187213374584366e-18
353.1462318444503 8.59498724521597e-18
353.20832079426367 5.5051851751512245e-18
353.27040974407697 3.2055438697101557e-18
353.33249869389033 1.3024971006922033e-18
353.39458764370363 3.568444754844573e-18
353.45667659351693 3.242806081558985e-18
353.51876554333023 1.7965188308181936e-18
353.5808544931436 6.193364703209616e-18
353.64294344295695 4.0902608909256874e-18
353.70503239277025 4.1258863191374275e-18
353.76712134258355 4.435862327524324e-18
353.82921029239685 4.7297339565654256e-18
353.8912992422102 7.110581030306897e-18
353.9533881920235 5.595776341476807e-18
354.01547714183687 5.409057275395518e-18
354.07756609165017 4.5734510011230256e-18
354.13965504146347 1.3563742691199259e-18
354.20174399127677 3.904645697371851e-18
354.26383294109013 6.59283503642985e-18
354.3259218909035 3.679220368887368e-18
354.3880108407168 1.1283910913862763e-18
354.4500997905301 3.207243312278646e-18
354.5121887403434 4.4910092181923155e-18
354.57427769015675 4.730013957202775e-18
354.63636663997005 4.688064733208067e-18
354.6984555897834 5.1539125882729244e-18
354.7605445395967 3.399833913142989e-18
354.82263348941 3.599937175125692e-18
354.8847224392233 5.959475662697491e-18
354.94681138903667 6.5831061516553076e-18
355.00890033885 3.2251598375513913e-18
355.0709892886633 1.7757011763420715e-18
355.1330782384766 6.296821940180425e-19
355.19516718828993 5.037278881132029e-18
355.25725613810323 4.318824542654196e-18
355.3193450879166 2.2903204275036682e-18
355.38143403772995 3.244682954368868e-18
355.44352298754325 3.030636529185818e-18
355.50561193735655 3.8088991278785315e-18
355.56770088716985 3.2398484972788017e-18
355.6297898369832 1.1979872763919207e-18
355.6918787867965 2.7672214835037657e-18
355.75396773660987 2.2504852703594927e-18
355.81605668642317 2.752272055088248e-18
355.87814563623647 3.617456860499565e-18
355.94023458604977 6.501601977948926e-18
356.0023235358631 5.446313903775213e-18
356.0644124856765 4.331060611865387e-18
356.1265014354898 4.210169819701987e-18
356.1885903853031 3.4664413911979028e-18
356.2506793351164 4.298142545798533e-18
356.31276828492975 3.294817337319941e-18
356.37485723474305 2.876570210989907e-18
356.4369461845564 5.32098818275761e-18
356.4990351343697 2.4151308149996506e-18
356.561124084183 2.5846010973576773e-18
356.6232130339963 2.1557848775459e-18
356.68530198380967 2.3013577052121164e-18
356.747390933623 1.1371613772284463e-18
356.8094798834363 2.043569348851803e-18
356.8715688332496 2.338385204562134e-18
356.9336577830629 2.730846009271593e-18
356.9957467328763 3.344533787266522e-18
357.0578356826896 2.804544906717924e-18
357.11992463250294 3.6899600683704505e-18
357.18201358231624 4.265566105324663e-18
357.24410253212955 6.025082252211216e-19
357.30619148194285 1.068542816309263e-18
357.3682804317562 2.444754220686706e-18
357.43036938156956 2.7034487534080712e-18
357.49245833138286 4.077660035064361e-18
357.55454728119616 4.965046161321448e-18
357.61663623100947 4.630193523192632e-18
357.6787251808228 3.602176766634179e-18
357.7408141306361 3.495680157900121e-18
357.8029030804495 4.771815943048448e-18
357.8649920302628 4.6558042757281924e-18
357.9270809800761 3.0440345803624925e-18
357.9891699298894 2.932722953282763e-18
358.05125887970274 5.257700594091178e-18
358.1133478295161 3.676246240994934e-18
358.1754367793294 1.1874785670948939e-18
358.2375257291427 2.3376787923190136e-18
358.299614678956 3.1662974583669647e-18
358.3617036287693 2.208648956518398e-18
358.42379257858266 3.0155144268174298e-18
358.485881528396 4.6189674415093685e-18
358.5479704782093 4.507750526609776e-18
358.6100594280226 3.128868569624706e-18
358.6721483778359 2.5871601873777632e-18
358.7342373276493 2.9142336054358245e-18
358.7963262774626 1.0874706732784312e-18
358.85841522727594 1.111716371008126e-18
358.92050417708924 3.483352685231243e-18
358.98259312690254 1.7400836063461507e-18
359.04468207671584 1.6078765698127191e-18
359.1067710265292 1.0356997134854217e-18
359.16885997634256 2.6390593601657184e-18
359.23094892615586 1.1371746121182472e-18
359.29303787596916 1.8461713552130606e-19
359.35512682578246 3.704699186115227e-18
359.4172157755958 2.9462028953400802e-18
359.4793047254091 6.782998379184233e-19
359.5413936752225 1.3063178479415857e-18
359.6034826250358 4.765091791849005e-19
359.6655715748491 7.241005182427547e-19
359.7276605246624 1.3863043520190852e-18
359.78974947447574 7.542605056534155e-19
359.8518384242891 2.286566061498443e-18
359.9139273741024 2.154724432000607e-18
359.9760163239157 2.3693914494382247e-18
360.038105273729 2.181896074352055e-18
360.10019422354236 8.035408246220278e-19
360.16228317335566 -1.414432447803192e-19
360.224372123169 2.276046185263147e-18
360.2864610729823 2.7761566884805635e-18
360.3485500227956 3.0517132979888222e-18
360.4106389726089 2.396497537726128e-18
360.4727279224223 9.914141178505577e-19
360.53481687223564 2.5037234612665167e-19
360.59690582204894 1.7880156209163016e-18
360.65899477186224 3.1354849805493644e-18
360.72108372167554 3.904977810387791e-18
360.7831726714889 2.7657613029274565e-18
360.8452616213022 1.4645339244755221e-18
360.90735057111556 -2.1905608946661246e-19
360.96943952092886 1.006666707960576e-18
361.03152847074216 1.4600513293385207e-18
361.09361742055546 1.0196570624928385e-18
361.1557063703688 1.8042066474312614e-18
361.2177953201822 1.6288009305878605e-18
361.2798842699955 -3.6448634479943724e-20
361.3419732198088 1.6554660282116965e-19
361.4040621696221 1.100357733631701e-18
361.4661511194354 1.0752117532028187e-18
361.52824006924874 2.2277704771484802e-18
361.5903290190621 1.463289431243936e-18
361.6524179688754 3.731394682626574e-19
361.7145069186887 4.820530470478074e-19
361.776595868502 1.0681046173797631e-18
361.83868481831536 1.6947146109039954e-18
361.90077376812866 8.213439227532769e-19
361.962862717942 1.6617319213517857e-18
362.0249516677553 2.727476075456052e-18
362.0870406175686 2.766772944816609e-18
362.1491295673819 2.823257800125405e-18
362.2112185171953 1.0665146728448596e-18
362.27330746700864 1.0543106568824054e-18
362.33539641682194 1.799738010967097e-18
362.39748536663524 2.172423615567404e-18
362.45957431644854 1.7155512905342062e-18
362.5216632662619 -7.217099953530449e-21
362.5837522160752 6.275153427046716e-19
362.64584116588856 1.0070589983660794e-18
362.70793011570186 1.565962397596468e-18
362.77001906551516 1.7492731693613086e-18
362.83210801532846 1.4420688364119241e-18
362.8941969651418 1.9381389759273255e-18
362.9562859149552 1.2139170172308903e-18
363.0183748647685 6.815331835353165e-19
363.0804638145818 1.0313129679018998e-18
363.1425527643951 1.2219594875315903e-18
363.20464171420844 2.001700981761972e-18
363.26673066402174 1.6666250048677665e-18
363.3288196138351 -1.0512061317212202e-19
363.3909085636484 9.077604119248809e-19
363.4529975134617 3.1449994187501025e-18
363.515086463275 3.236389434752258e-18
363.57717541308836 1.728018660124182e-18
363.6392643629017 7.413752030589473e-19
363.701353312715 1.4371077172905608e-18
363.7634422625283 1.1495873877877945e-18
363.8255312123416 2.502223007334134e-18
363.8876201621549 2.525697359142623e-18
363.9497091119683 9.378094020370947e-19
364.01179806178163 5.054571919018062e-19
364.07388701159493 2.0304086985109312e-18
364.13597596140823 1.6803495855912464e-18
364.19806491122154 5.845762420106791e-19
364.2601538610349 1.3423869551543839e-18
364.32224281084825 1.2128536765534534e-18
364.38433176066155 9.796058044136335e-19
364.44642071047485 1.0648864712066255e-18
364.50850966028815 5.363097879791153e-19
364.57059861010146 6.466017081587201e-19
364.6326875599148 7.41684723704407e-19
364.6947765097282 4.858154780640049e-19
364.7568654595415 1.3128694285857354e-18
364.8189544093548 5.036871804873076e-19
364.8810433591681 1.303253557362383e-19
364.94313230898143 8.106812544647387e-19
365.00522125879473 2.162356000332021e-18
365.0673102086081 1.5617070703327656e-18
365.1293991584214 1.735324422691827e-18
365.1914881082347 4.75611429726339e-19
365.253577058048 6.034338403265684e-19
365.31566600786135 1.0697065560335486e-18
365.3777549576747 1.341763260972519e-18
365.439843907488 1.9114458575602393e-18
365.5019328573013 2.1189757538775964e-18
365.5640218071146 1.1681192320387028e-18
365.626110756928 2.7036269074325e-19
365.6881997067413 1.4754424722011417e-18
365.75028865655463 1.7867334909668444e-18
365.81237760636793 5.666268880073729e-19
365.87446655618123 1.5457678169167516e-18
365.93655550599453 1.7959307054026684e-18
365.9986444558079 1.442168201483007e-18
366.06073340562125 9.830036555748482e-19
366.12282235543455 1.4884030482313523e-18
366.18491130524785 1.2906383292379133e-18
366.24700025506115 7.120662294022387e-19
366.3090892048745 7.555792900437665e-19
366.3711781546878 1.9218383479812024e-19
366.43326710450117 1.6563526624307768e-18
366.49535605431447 1.1373128546781201e-18
366.55744500412777 4.853374193687375e-19
366.6195339539411 1.1906992982074457e-18
366.68162290375443 9.004985933272778e-19
366.7437118535678 8.97377951068845e-19
366.8058008033811 1.565581584321964e-18
366.8678897531944 9.229986297717562e-19
366.9299787030077 9.299451891584e-19
366.992067652821 1.3567504295034844e-18
367.05415660263435 1.2001036179891376e-18
367.1162455524477 6.453411883027659e-19
367.178334502261 1.1501559710613481e-18
367.2404234520743 3.767273900190003e-19
367.3025124018876 -3.654146934783146e-20
367.36460135170097 3.933728230335873e-19
367.4266903015143 1.0455029411175173e-18
367.4887792513276 1.6877344473049667e-18
367.55086820114093 1.6432761777172322e-18
367.61295715095423 1.102071858656064e-18
367.67504610076753 8.958417732737574e-19
367.7371350505809 1.1599238367222571e-18
367.79922400039425 9.642697724593238e-19
367.86131295020755 1.3059131498268941e-18
367.92340190002085 8.0369928140812e-19
367.98549084983415 9.865963077703191e-19
368.0475797996475 1.529878607927797e-18
368.1096687494608 9.661750796027631e-19
368.17175769927417 1.1860452698884926e-18
368.23384664908747 9.154773866545412e-19
368.29593559890077 8.169151460548797e-19
368.35802454871407 1.3823862042525747e-18
368.4201134985274 1.5347225775949076e-18
368.4822024483408 8.673720777460605e-19
368.5442913981541 8.049303329547521e-19
368.6063803479674 7.060067695237698e-19
368.6684692977807 1.1166877264895698e-18
368.73055824759405 1.1776841282568066e-18
368.79264719740735 1.4478367668232564e-18
368.8547361472207 1.85222220724328e-18
368.916825097034 1.6183826941703317e-18
368.9789140468473 7.237022307778104e-19
369.0410029966606 5.238948409604601e-19
369.10309194647397 6.435654383227677e-19
369.1651808962873 5.773815801390577e-19
369.2272698461006 1.956361635574898e-20
369.2893587959139 8.80686376885714e-19
369.3514477457272 1.459092316815842e-18
369.4135366955406 6.1962853745549645e-19
369.4756256453539 3.6896419657261356e-19
369.53771459516724 3.982396435651196e-19
369.59980354498055 1.2260646815141144e-18
369.66189249479385 1.1939332642097983e-18
369.72398144460715 1.375969971036154e-18
369.7860703944205 7.069502724099631e-19
369.84815934423386 3.7238533803795046e-19
369.91024829404716 9.157618333876829e-19
369.97233724386047 1.5739783981175663e-18
370.03442619367377 6.167348528776328e-19
370.09651514348707 5.479859593131842e-19
370.1586040933004 5.626964876280389e-19
370.2206930431138 6.0634996217854755e-19
370.2827819929271 1.5898676071065209e-18
370.3448709427404 1.2876300801452111e-18
370.4069598925537 8.600633683474833e-19
370.46904884236704 7.202909379316418e-19
370.5311377921804 9.541123047299023e-19
370.5932267419937 8.129305136466352e-19
370.655315691807 9.752620722219644e-19
370.7174046416203 1.078529057651886e-18
370.7794935914336 1.1322723262179517e-18
370.84158254124696 1.249571603559223e-19
370.9036714910603 -8.985884329600883e-21
370.9657604408736 1.0798337282730353e-18
371.0278493906869 1.0320413004312528e-18
371.0899383405002 8.480018859443296e-19
371.1520272903136 9.243887067911515e-19
371.2141162401269 6.131799924963979e-19
371.27620518994024 1.0511521711109482e-18
371.33829413975354 1.3329035362266166e-18
371.40038308956684 7.893525574664237e-19
371.46247203938015 9.868839598283345e-19
371.5245609891935 1.5698157150824698e-18
371.58664993900686 6.351239567740875e-19
371.64873888882016 3.793225399439147e-19
371.71082783863346 9.375439804580417e-19
371.77291678844676 1.5505795265399726e-18
371.8350057382601 1.4660086841101276e-18
371.8970946880734 8.521252779003299e-19
371.9591836378868 1.186094590532516e-18
372.0212725877001 1.339603699188296e-18
372.0833615375134 6.554327400771245e-19
372.1454504873267 1.0089621341604107e-18
372.20753943714004 9.53218949668345e-19
372.2696283869534 4.698716234558336e-19
372.3317173367667 1.4568325627799237e-18
372.39380628658 1.5174572502593945e-18
372.4558952363933 1.2533562650543827e-18
372.51798418620666 1.61796744950283e-18
372.58007313601996 1.894497133604181e-18
372.6421620858333 1.581992847675016e-18
372.7042510356466 6.71506875631773e-19
372.7663399854599 6.0127681178297155e-19
372.8284289352732 8.155501946465907e-19
372.8905178850866 8.643027723843942e-19
372.95260683489994 9.8406896080624e-19
373.01469578471324 9.128251354179665e-19
373.07678473452654 9.450326533386374e-19
373.13887368433984 1.3960765603782101e-18
373.20096263415314 8.164807728357128e-19
373.2630515839665 5.672162024950287e-19
373.32514053377986 7.201521266850977e-19
373.38722948359316 5.03105879311836e-19
373.44931843340646 1.0868626955282047e-18
373.51140738321976 6.116894130325773e-19
373.5734963330331 1.4530327018410083e-18
373.6355852828465 1.8250704172265333e-18
373.6976742326598 8.906328101613579e-19
373.7597631824731 2.3051057639651708e-19
373.8218521322864 3.8934897709442895e-19
373.8839410820997 8.004642814300017e-19
373.94603003191304 1.1518921197695204e-18
374.0081189817264 1.3358292740532166e-18
374.0702079315397 1.2233006574972684e-18
374.132296881353 8.520696500041357e-19
374.1943858311663 9.108688532692786e-19
374.25647478097966 7.369115813772463e-19
374.31856373079296 5.299441678764252e-19
374.3806526806063 6.983908142264175e-19
374.4427416304196 5.950557414923251e-19
374.5048305802329 2.682326231177435e-19
374.5669195300462 7.96520129172984e-19
374.6290084798596 9.523801885272163e-19
374.69109742967294 9.974850160859346e-20
374.75318637948624 -5.945310892641163e-20
374.81527532929954 1.3310224241160944e-18
374.87736427911284 1.019588820092303e-18
374.9394532289262 1.178677778967636e-18
375.0015421787395 4.6951293726271525e-19
375.06363112855286 8.355961930087773e-19
375.12572007836616 1.0602387501398432e-18
375.18780902817946 1.5728129006344791e-18
375.24989797799276 1.2035747780321398e-18
375.3119869278061 1.1661812512610676e-18
375.3740758776195 9.506223263279645e-19
375.4361648274328 8.852152941370184e-19
375.4982537772461 1.1635423383118703e-18
375.5603427270594 8.163096498464909e-19
375.62243167687274 7.499192033047958e-19
375.68452062668604 1.0373630702996892e-18
375.7466095764994 8.994142629417974e-19
375.8086985263127 8.873489031295224e-19
375.870787476126 1.0772466175096992e-18
375.9328764259393 9.227940059677259e-19
375.99496537575266 9.427819982894572e-19
376.057054325566 9.314556209569218e-19
376.1191432753793 4.099620853147031e-19
376.1812322251926 4.6507413099939085e-19
376.2433211750059 7.35934836170186e-19
376.3054101248192 1.001542117270657e-18
376.3674990746326 8.130065108654136e-19
376.42958802444593 8.783527969801253e-19
376.49167697425924 1.3134139202239484e-18
376.55376592407254 7.912899178585995e-19
376.61585487388584 8.1770691299745785e-19
376.6779438236992 8.50979270860426e-19
376.74003277351255 7.369109092929986e-19
376.80212172332585 6.874791645735008e-19
376.86421067313916 9.092694995549073e-19
376.92629962295246 7.878741272178501e-19
376.98838857276576 4.9973759985752e-19
377.0504775225791 3.1462652118824618e-19
377.1125664723925 6.523988483854332e-19
377.1746554222058 6.55258411763029e-19
377.2367443720191 6.598059922769041e-19
377.2988333218324 1.3156437923602382e-18
377.36092227164573 1.3853783233233321e-18
377.42301122145903 1.1398322400288035e-18
377.4851001712724 1.3348669528080877e-18
377.5471891210857 1.0640193791295168e-18
377.609278070899 9.228017607859686e-19
377.6713670207123 5.230147724874919e-19
377.73345597052565 8.370180130841794e-19
377.795544920339 1.0881825655931096e-18
377.8576338701523 2.482288885149795e-19
377.9197228199656 1.4888342419750397e-19
377.9818117697789 9.02090295620983e-19
378.0439007195923 9.1670130376839e-19
378.1059896694056 5.7415650632829e-19
378.16807861921893 6.629295813662692e-19
378.23016756903223 7.085182449598456e-19
378.29225651884553 5.315535511557237e-19
378.35434546865883 6.269287682527949e-19
378.4164344184722 7.658639884911563e-19
378.47852336828555 8.039235507516985e-19
378.54061231809885 4.593079583468603e-19
378.60270126791215 5.111998933044556e-19
378.66479021772545 7.4327844225085525e-19
378.7268791675388 8.387317762170244e-19
378.7889681173521 5.245391629588506e-19
378.85105706716547 1.0934579099496665e-18
378.91314601697877 1.029549108643207e-18
378.9752349667921 9.375626954194008e-19
379.0373239166054 6.358652656992998e-19
379.09941286641873 8.141494676768087e-19
379.1615018162321 7.109783318003666e-19
379.2235907660454 7.397152066659182e-19
379.2856797158587 3.5513252180920225e-19
379.347768665672 7.650534031896426e-19
379.4098576154853 1.1128515730012785e-19
379.47194656529865 6.785975712401541e-19
379.534035515112 8.203887359409313e-19
379.5961244649253 1.0285098596011108e-18
379.6582134147386 8.830947132391621e-19
379.7203023645519 8.477600907115227e-19
379.78239131436527 1.0038383706511042e-18
379.8444802641786 7.9215220194839775e-19
379.90656921399193 2.796801307112297e-19
379.96865816380523 7.308636503285648e-19
380.03074711361853 7.132871996851553e-19
380.09283606343183 7.283660301677493e-19
380.1549250132452 5.892569986031752e-19
380.21701396305855 7.326203234556861e-19
380.27910291287185 3.5050682442622915e-19
380.34119186268515 3.930727115675954e-19
380.40328081249845 9.733621676019008e-20
380.4653697623118 4.287963638420051e-22
380.5274587121251 5.534368210559672e-19
380.58954766193847 7.285210231350264e-19
380.65163661175177 9.582818120050524e-19
380.71372556156507 5.962430041652801e-19
380.77581451137837 2.8623297797569237e-19
380.83790346119173 4.429327290492425e-19
380.8999924110051 4.421038940754644e-19
380.9620813608184 8.741215613517635e-19
381.0241703106317 8.151295216063192e-19
381.086259260445 6.988647370186221e-19
381.14834821025835 7.632057918939288e-19
381.21043716007165 9.150466323505542e-19
381.272526109885 9.05647172254961e-19
381.3346150596983 1.0346904497405304e-18
381.3967040095116 6.461287159447047e-19
381.4587929593249 1.0407581297263366e-18
381.52088190913827 9.43448705863175e-19
381.5829708589516 5.9397456473293e-19
381.6450598087649 8.294162232548171e-19
381.7071487585782 7.074895941693477e-19
381.76923770839153 4.859023320283229e-19
381.8313266582049 5.408508544456666e-19
381.8934156080182 3.9212525372409833e-19
381.95550455783155 4.231317053953423e-19
382.01759350764485 9.409307680785636e-19
382.07968245745815 3.4329112114777595e-19
382.14177140727145 5.948506007004119e-19
382.2038603570848 8.809975001936105e-19
382.26594930689816 1.0399619683867543e-18
382.32803825671147 7.707917101952878e-19
382.39012720652477 8.385517610362176e-19
382.45221615633807 1.2892114426812594e-18
382.51430510615137 6.801710238615948e-19
382.5763940559647 7.422399169917949e-19
382.6384830057781 9.772612643649285e-19
382.7005719555914 4.82982798056317e-19
382.7626609054047 4.269037782355548e-19
382.824749855218 7.408669005725335e-19
382.88683880503135 1.2457884930277116e-18
382.9489277548447 1.0815802167388645e-18
383.011016704658 7.547964152927733e-19
383.0731056544713 8.2782007486531945e-19
383.1351946042846 8.425811645951165e-19
383.1972835540979 9.665617865391317e-19
383.25937250391127 9.891450580327482e-19
383.3214614537246 9.4029497638024e-19
383.3835504035379 7.904168287220498e-19
383.4456393533512 7.914960409274901e-19
383.5077283031645 9.839376458839971e-19
383.5698172529779 7.702078240804019e-19
383.6319062027912 1.075150024849607e-18
383.69399515260454 1.007367226541832e-18
383.75608410241784 9.64454750723806e-19
383.81817305223115 7.250522929350736e-19
383.88026200204445 2.3558861232758597e-19
383.9423509518578 6.723096027174674e-19
384.00443990167116 7.154362666153563e-19
384.06652885148446 9.400861132755703e-19
384.12861780129776 6.817510422291477e-19
384.19070675111107 8.828188485048757e-19
384.2527957009244 9.331787415704463e-19
384.3148846507377 4.800618165182392e-19
384.3769736005511 6.837392742289954e-19
384.4390625503644 9.028027049235443e-19
384.5011515001777 6.678785512723857e-19
384.563240449991 2.937069425510211e-19
384.62532939980434 4.3073168576711466e-19
384.6874183496177 5.623489683731901e-19
384.749507299431 8.621149313629797e-19
384.8115962492443 7.822450597518501e-19
384.8736851990576 8.630738921868701e-19
384.93577414887096 1.2851420242602282e-18
384.99786309868426 1.088510025718104e-18
385.0599520484976 7.946492017237539e-19
385.1220409983109 1.3389396799515691e-18
385.1841299481242 1.8558965435242407e-18
385.2462188979375 2.708363447017555e-18
385.3083078477509 2.947273473847877e-18
385.37039679756424 2.985109542246665e-18
385.43248574737754 3.973193741143814e-18
385.49457469719084 4.5069642914375446e-18
385.55666364700414 4.925213278923957e-18
385.61875259681744 4.588229409946898e-18
385.6808415466308 4.457326423649156e-18
385.74293049644416 4.38685601213362e-18
385.80501944625746 4.163349329079954e-18
385.86710839607076 3.2505067194715474e-18
385.92919734588406 2.751915953834544e-18
385.9912862956974 2.800627379336873e-18
386.0533752455108 2.5170080336029066e-18
386.1154641953241 1.3879020513722314e-18
386.1775531451374 1.1003156508180374e-18
386.2396420949507 7.5106484845318175e-19
386.301731044764 8.494359069337669e-19
386.36381999457734 8.358896870298688e-19
386.4259089443907 7.957638792979574e-19
386.487997894204 8.660762993164961e-19
386.5500868440173 7.746212462386786e-19
386.6121757938306 8.399312915028029e-19
386.67426474364396 9.245400808432487e-19
386.73635369345726 6.122554113667168e-19
386.7984426432706 4.2202018144722417e-19
386.8605315930839 5.30326738909731e-19
386.9226205428972 5.558961324146639e-19
386.9847094927105 4.589277137590273e-19
387.0467984425239 5.359605626642531e-19
387.10888739233724 8.058878462125705e-19
387.17097634215054 8.387535414068922e-19
387.23306529196384 7.104852287577085e-19
387.29515424177714 7.2343794657209975e-19
387.3572431915905 5.382632266944476e-19
387.4193321414038 5.92601083024574e-19
387.48142109121716 4.578901707769444e-19
387.54351004103046 3.085417806023061e-19
387.60559899084376 5.063619206967861e-19
387.66768794065706 7.6822393477877e-19
387.7297768904704 1.122714357637478e-18
387.7918658402838 1.092144657329662e-18
387.8539547900971 8.256740581636272e-19
387.9160437399104 1.0537494148367882e-18
387.9781326897237 8.875288149127526e-19
388.04022163953704 7.003847330929766e-19
388.10231058935034 7.939679150917399e-19
388.1643995391637 7.299427398128519e-19
388.226488488977 9.228919234727368e-19
388.2885774387903 9.238014085562389e-19
388.3506663886036 6.904195331571854e-19
388.41275533841696 5.924135198206776e-19
388.4748442882303 7.178313163802153e-19
388.5369332380436 7.128426418046963e-19
388.5990221878569 7.14146123353715e-19
388.6611111376702 6.5476019054033065e-19
388.7232000874835 7.841153151168325e-19
388.7852890372969 7.072580869954094e-19
388.84737798711024 7.817682418275016e-19
388.90946693692354 7.24485364022745e-19
388.97155588673684 9.23474775611857e-19
389.03364483655014 6.587833385458472e-19
389.0957337863635 8.588759505781635e-19
389.15782273617685 7.874386683241292e-19
389.21991168599016 6.942795197868758e-19
389.28200063580346 6.752600008660792e-19
389.34408958561676 1.0141451444810914e-18
389.40617853543006 6.79397299796128e-19
389.4682674852434 7.867538144757236e-19
389.5303564350568 5.902184926676915e-19
389.5924453848701 6.534836957587965e-19
389.6545343346834 7.906295692358408e-19
389.7166232844967 8.186576020152227e-19
389.77871223431004 6.364895285678359e-19
389.84080118412334 1.088010408628122e-18
389.9028901339367 9.51501722716685e-19
389.96497908375 1.1124003459771309e-18
390.0270680335633 1.0749112798453088e-18
390.0891569833766 1.103839750420243e-18
390.15124593318995 1.1898814233767839e-18
390.2133348830033 9.269212236340592e-19
390.2754238328166 8.925334644138516e-19
390.3375127826299 9.739136644259264e-19
390.3996017324432 6.926547819674568e-19
390.4616906822566 7.377267678709173e-19
390.5237796320699 8.004999018951298e-19
390.58586858188323 7.775757285915649e-19
390.64795753169653 9.04902296113357e-19
390.71004648150983 1.0730241706753457e-18
390.77213543132314 9.33262080017161e-19
390.8342243811365 6.948746245388194e-19
390.89631333094985 7.777162975969106e-19
390.95840228076315 6.577423317449492e-19
391.02049123057645 6.386710106382914e-19
391.08258018038975 7.156638963801733e-19
391.1446691302031 9.192820038819789e-19
391.2067580800164 7.790459904315896e-19
391.2688470298298 7.707566067180426e-19
391.3309359796431 8.885724066530649e-19
391.3930249294564 9.621135193975512e-19
391.4551138792697 1.2622759603946951e-18
391.51720282908303 6.257676134679236e-19
391.5792917788964 5.538339194487809e-19
391.6413807287097 8.90035482361518e-19
391.703469678523 9.897839516583688e-19
391.7655586283363 9.186108502124686e-19
391.8276475781496 7.984816328992887e-19
391.88973652796295 5.730122570471877e-19
391.9518254777763 6.035576072257217e-19
392.0139144275896 5.028783012458073e-19
392.0760033774029 5.607252128307485e-19
392.1380923272162 7.703989028019017e-19
392.20018127702957 9.082052282992813e-19
392.2622702268429 9.414872538356586e-19
392.32435917665623 9.94427847014818e-19
392.38644812646953 9.670208717790986e-19
392.44853707628283 4.881948113972254e-19
392.5106260260962 6.839201165904148e-19
392.5727149759095 8.001991183448902e-19
392.63480392572285 8.282243076909165e-19
392.69689287553615 9.330270573256194e-19
392.75898182534945 8.633483610538728e-19
392.82107077516275 1.0388827044825257e-18
392.8831597249761 8.644548702195274e-19
392.9452486747894 9.937019960273028e-19
393.00733762460277 1.1503558385768563e-18
393.06942657441607 9.821337717631721e-19
393.13151552422937 7.97099672589654e-19
393.19360447404273 1.0029580436841946e-18
393.25569342385603 8.230746947874676e-19
393.3177823736694 6.036291583487075e-19
393.3798713234827 6.60263061264128e-19
393.441960273296 7.484039635189635e-19
393.5040492231093 8.203119632403288e-19
393.56613817292265 7.230745557892475e-19
393.62822712273595 7.543173226217403e-19
393.6903160725493 7.631877490168175e-19
393.7524050223626 5.583928736960787e-19
393.8144939721759 6.567309483497382e-19
393.8765829219892 9.730997187031742e-19
393.93867187180257 8.839406088130742e-19
394.00076082161587 7.7015074861813575e-19
394.0628497714292 8.673319077875634e-19
394.12493872124253 7.616748873752463e-19
394.18702767105583 7.212852090279305e-19
394.2491166208692 5.288654209600795e-19
394.3112055706825 7.654676655801668e-19
394.37329452049585 7.363979539156392e-19
394.43538347030915 6.846133456425226e-19
394.49747242012245 7.392019927946174e-19
394.55956136993575 8.3817467007447e-19
394.6216503197491 8.666278736887042e-19
394.6837392695624 1.0378401467179792e-18
394.74582821937577 9.778995376050897e-19
394.80791716918907 6.282314743199894e-19
394.87000611900237 6.869017925059388e-19
394.9320950688157 1.0944576611175134e-18
394.994184018629 9.043814825201783e-19
395.0562729684424 8.517993170401957e-19
395.1183619182557 7.995492128773649e-19
395.180450868069 9.75435676753024e-19
395.2425398178823 8.587314524649081e-19
395.30462876769565 8.985738474394435e-19
395.36671771750895 5.999058116164532e-19
395.4288066673223 9.290136803910887e-19
395.4908956171356 1.0645217879540662e-18
395.5529845669489 9.024561162468846e-19
395.61507351676227 8.807755055967166e-19
395.67716246657557 7.639389324105922e-19
395.7392514163889 6.073250013255944e-19
395.8013403662022 6.398479335535895e-19
395.8634293160155 9.098256751192726e-19
395.9255182658288 8.338395198816561e-19
395.9876072156422 7.352378331065335e-19
396.0496961654555 5.910705403974094e-19
396.11178511526884 6.803744585934946e-19
396.17387406508215 8.37178175930285e-19
396.23596301489545 7.62767799759582e-19
396.2980519647088 7.257886387766106e-19
396.3601409145221 7.306870472677848e-19
396.42222986433546 9.401674871683302e-19
396.48431881414876 1.226355125306697e-18
396.54640776396207 1.3414563769652617e-18
396.60849671377537 1.181571360147923e-18
396.6705856635887 1.227382483627488e-18
396.732674613402 1.1607255815309741e-18
396.7947635632154 9.680418194501422e-19
396.8568525130287 1.0405431661646494e-18
396.918941462842 1.0823065847142626e-18
396.9810304126553 1.2383742664022457e-18
397.04311936246864 8.74191044523218e-19
397.10520831228195 7.918323932440694e-19
397.1672972620953 8.44281020753913e-19
397.2293862119086 7.195858181582286e-19
397.2914751617219 8.75500781625619e-19
397.35356411153526 9.296894869515445e-19
397.41565306134856 8.214967443714461e-19
397.4777420111619 7.084932744451042e-19
397.5398309609752 7.896917015175705e-19
397.6019199107885 7.817468902279401e-19
397.6640088606018 8.678364362624324e-19
397.7260978104152 8.285666570669368e-19
397.7881867602285 8.765315520664367e-19
397.85027571004184 7.743734022476424e-19
397.91236465985514 9.196876325748595e-19
397.97445360966844 8.041214537132518e-19
398.0365425594818 5.508018372146795e-19
398.0986315092951 7.2623660877709635e-19
398.16072045910846 9.634652359160394e-19
398.22280940892176 9.299291625340317e-19
398.28489835873506 1.0501380476799582e-18
398.34698730854836 8.075178573083945e-19
398.4090762583617 6.484330343361243e-19
398.471165208175 7.765641900999891e-19
398.5332541579884 6.051663184207725e-19
398.5953431078017 6.253026862648805e-19
398.657432057615 8.18317010398004e-19
398.71952100742834 7.805121680673398e-19
398.78160995724164 8.458275383066574e-19
398.843698907055 7.997617465960028e-19
398.9057878568683 7.186378691762428e-19
398.9678768066816 8.781845691230474e-19
399.0299657564949 7.752587956958038e-19
399.09205470630826 9.257616198128364e-19
399.15414365612156 9.863698670776327e-19
399.2162326059349 9.281766770087616e-19
399.2783215557482 9.196876325748595e-19
399.3404105055615 7.892420771558596e-19
399.4024994553749 7.572095596335319e-19
399.4645884051882 7.849520600052182e-19
399.52667735500154 9.02045421072752e-19
399.58876630481484 7.3428962563060635e-19
399.65085525462814 6.689391002152552e-19
399.71294420444144 7.508153501009204e-19
399.7750331542548 9.879687038041212e-19
399.8371221040681 1.2893437915792679e-18
399.89921105388146 2.0869175420574913e-18
399.96130000369476 2.819826861739688e-18
400.02338895350806 3.168179707850829e-18
400.08547790332136 3.534484441205902e-18
400.1475668531347 3.579402830009369e-18
400.209655802948 3.754785385795619e-18
400.2717447527614 3.526511247281504e-18
400.3338337025747 3.429468485768314e-18
400.395922652388 3.1113712181273717e-18
400.45801160220134 3.119441192183439e-18
400.52010055201464 2.7362956819422457e-18
400.582189501828 1.9347200316604907e-18
400.6442784516413 1.3937950928512123e-18
400.7063674014546 1.0124716547043201e-18
400.7684563512679 9.825733148611675e-19
400.83054530108126 8.801935840357855e-19
400.89263425089456 6.787633175553944e-19
400.9547232007079 7.766207485743724e-19
401.0168121505212 7.193196727961396e-19
401.0789011003345 7.776699237838193e-19
401.1409900501479 9.768795205122353e-19
401.2030789999612 9.450035986196215e-19
401.26516794977454 8.398594818858756e-19
401.32725689958784 9.83554661260385e-19
401.38934584940114 8.666349564226991e-19
401.45143479921444 8.210621126583378e-19
401.5135237490278 7.072352361309876e-19
401.5756126988411 7.097105741140525e-19
401.63770164865446 7.792134428068433e-19
401.69979059846776 8.714930915577996e-19
401.76187954828106 8.089850689199104e-19
401.8239684980944 6.751895354176473e-19
401.8860574479077 7.340639604197442e-19
401.9481463977211 1.1286130859831702e-18
402.0102353475344 1.4200408099044839e-18
402.0723242973477 1.5347883384536056e-18
402.134413247161 1.8263703315591604e-18
402.19650219697434 1.726395731762353e-18
402.25859114678764 1.6578783970706308e-18
402.320680096601 1.5592858092822463e-18
402.3827690464143 1.5350878812329263e-18
402.4448579962276 1.3465985452431976e-18
402.50694694604096 1.4275363070251331e-18
402.56903589585426 1.383026855636997e-18
402.6311248456676 1.115587162684568e-18
402.6932137954809 9.745815093729864e-19
402.7553027452942 8.615226183456034e-19
402.8173916951075 6.647543934963495e-19
402.8794806449209 5.739548293551919e-19
402.9415695947342 8.082417954407433e-19
403.00365854454753 8.384665614331246e-19
403.06574749436083 6.919409767976118e-19
403.12783644417414 7.776826933845256e-19
403.18992539398744 7.084434368131979e-19
403.2520143438008 8.296530037051604e-19
403.3141032936141 7.772635196091144e-19
403.37619224342745 6.567947446544814e-19
403.43828119324075 6.64531571718843e-19
403.50037014305406 4.511436857009619e-19
403.5624590928674 7.280685036411716e-19
403.6245480426807 8.486283201619737e-19
403.6866369924941 8.793469646788375e-19
403.7487259423074 8.513889837575812e-19
403.8108148921207 6.289658556075716e-19
403.872903841934 8.294720062473761e-19
403.93499279174733 7.884795200286623e-19
403.99708174156063 7.765956229632661e-19
404.059170691374 7.018072769514146e-19
404.1212596411873 6.759359625228999e-19
404.1833485910006 8.323817691483963e-19
404.24543754081395 9.556027807961463e-19
404.30752649062725 7.963902101180249e-19
404.3696154404406 7.500442109748679e-19
404.4317043902539 7.022885409715557e-19
404.4937933400672 6.929802775384964e-19
404.5558822898805 8.206674441085734e-19
404.6179712396939 6.774775686907573e-19
404.6800601895072 5.895035501245043e-19
404.74214913932053 6.07316936314622e-19
404.80423808913383 8.24008219807522e-19
404.86632703894713 7.801839841593094e-19
404.9284159887605 7.237661821789184e-19
404.9905049385738 6.95682831696072e-19
405.05259388838715 7.721300884263986e-19
405.11468283820045 6.934508916082508e-19
405.17677178801375 5.995553972294604e-19
405.23886073782705 7.698831556899748e-19
405.3009496876404 8.980264606690865e-19
405.3630386374537 9.226107854620454e-19
405.42512758726707 7.612210754116844e-19
405.48721653708037 6.102003845324053e-19
405.5493054868937 6.669250705200535e-19
405.61139443670703 6.837763422601955e-19
405.67348338652033 7.63261781681641e-19
405.7355723363337 8.488539336740475e-19
405.797661286147 8.430490903278801e-19
405.8597502359603 7.575089990152761e-19
405.9218391857736 6.615751765107902e-19
405.98392813558695 7.004612472996377e-19
406.04601708540025 8.682764963483106e-19
406.1081060352136 8.172868086438575e-19
406.1701949850269 7.426291054700011e-19
406.2322839348402 9.129968787926478e-19
406.2943728846535 8.15189078610423e-19
406.35646183446687 6.853967890801868e-19
406.41855078428017 6.78877520178715e-19
406.48063973409353 6.248088594391864e-19
406.54272868390683 7.260001385194828e-19
406.60481763372013 6.914801337988432e-19
406.6669065835335 7.04847527594065e-19
406.7289955333468 6.986299211222336e-19
406.79108448316015 6.296946017272308e-19
406.85317343297345 6.210384668095931e-19
406.91526238278675 6.09876388226226e-19
406.97735133260005 6.824642787123215e-19
407.0394402824134 7.954637161331772e-19
407.1015292322267 7.465478219231828e-19
407.16361818204007 5.820254754955069e-19
407.22570713185337 8.648127292320331e-19
407.28779608166667 7.322679445147385e-19
407.34988503148 6.273684147483668e-19
407.41197398129333 7.216813251437668e-19
407.4740629311067 9.902246321297064e-19
407.53615188092 7.393775101808435e-19
407.5982408307333 7.845036247156379e-19
407.6603297805466 7.326930119520142e-19
407.72241873035995 6.762350400131261e-19
407.78450768017325 7.27928141430979e-19
407.8465966299866 7.334604287653102e-19
407.9086855797999 7.683641418925978e-19
407.9707745296132 6.685673859274892e-19
408.03286347942657 6.163156274034333e-19
408.09495242923987 8.201778565835186e-19
408.1570413790532 8.206961369360714e-19
408.2191303288665 6.18163600590665e-19
408.2812192786798 6.4428798058783275e-19
408.34330822849313 7.447383126344348e-19
408.4053971783065 6.389626952017929e-19
408.4674861281198 6.07648118752373e-19
408.52957507793315 8.441363158455045e-19
408.59166402774645 7.341036133903585e-19
408.65375297755975 6.710965423491584e-19
408.7158419273731 7.255197016799543e-19
408.7779308771864 8.271590024595247e-19
408.84001982699976 6.310973966485442e-19
408.90210877681307 7.294927018608348e-19
408.96419772662637 6.510325011098604e-19
409.02628667643967 7.919716180809198e-19
409.088375626253 8.22888010462972e-19
409.1504645760663 7.857329185034683e-19
409.2125535258797 6.860206383584167e-19
409.274642475693 7.609927218638315e-19
409.3367314255063 7.856007247018246e-19
409.3988203753196 7.969226042397793e-19
409.46090932513295 7.264794896844572e-19
409.52299827494625 5.716648315281271e-19
409.5850872247596 5.679302661588151e-19
409.6471761745729 7.443960149572027e-19
409.7092651243862 7.474078829650848e-19
409.77135407419956 5.99302796949902e-19
409.83344302401287 6.729151506246445e-19
409.8955319738262 8.183645732832258e-19
409.9576209236395 6.055051522791895e-19
410.0197098734528 5.915004675207839e-19
410.0817988232661 9.635268608716746e-19
410.1438877730795 1.0864199471053357e-18
410.2059767228928 1.367831030796515e-18
410.26806567270614 1.4182160494731919e-18
410.33015462251944 1.5284348675661623e-18
410.39224357233275 1.9928389822693852e-18
410.4543325221461 1.9534556725348168e-18
410.5164214719594 2.083830090421137e-18
410.57851042177276 2.1315218090233413e-18
410.64059937158606 2.0107416522668704e-18
410.70268832139936 1.8610203070335473e-18
410.76477727121267 1.8061240520911593e-18
410.826866221026 1.7752371280184293e-18
410.8889551708393 1.501385647945372e-18
410.9510441206527 1.1311555289934285e-18
411.013133070466 8.39603210992349e-19
411.0752220202793 9.578712202284964e-19
411.13731097009264 7.8589271945805585e-19
411.19939991990594 5.915792047753413e-19
411.2614888697193 6.842164023460737e-19
411.3235778195326 6.697994197510987e-19
411.3856667693459 5.617687528722724e-19
411.4477557191592 6.056762235696231e-19
411.50984466897256 7.355714970861221e-19
411.57193361878586 7.892053710161776e-19
411.6340225685992 7.151126838994832e-19
411.6961115184125 6.106705333130652e-19
411.7582004682258 5.312603673273619e-19
411.8202894180392 6.960675223796975e-19
411.8823783678525 6.161341646565545e-19
411.94446731766584 7.427318826611108e-19
412.00655626747914 8.339595644680529e-19
412.06864521729244 6.647866018414508e-19
412.13073416710574 6.585900884752395e-19
412.1928231169191 6.566076984384678e-19
412.2549120667324 6.249830326569171e-19
412.31700101654576 7.088470492533355e-19
412.37908996635906 7.445831128720045e-19
412.44117891617236 8.210207536277101e-19
412.50326786598566 8.646177214026237e-19
412.565356815799 5.864428784604815e-19
412.6274457656123 5.762032613564759e-19
412.6895347154257 5.579217426384414e-19
412.751623665239 6.614156857489323e-19
412.8137126150523 6.731508454004338e-19
412.87580156486564 7.388441854808999e-19
412.93789051467894 8.134830702958207e-19
412.9999794644923 4.744304743055547e-19
413.0620684143056 6.281124637093583e-19
413.1241573641189 5.597518280449267e-19
413.1862463139322 6.545268739088024e-19
413.24833526374556 7.006940986420714e-19
413.31042421355886 6.513316302988749e-19
413.3725131633722 6.100703620798696e-19
413.4346021131855 6.391174296751286e-19
413.4966910629988 7.2982569375617565e-19
413.5587800128122 6.123906553968692e-19
413.6208689626255 4.710337605176823e-19
413.68295791243884 5.626642792829376e-19
413.74504686225214 6.898828997347916e-19
413.80713581206544 5.038089311337178e-19
413.86922476187874 6.339387620526638e-19
413.9313137116921 7.01482867054929e-19
413.9934026615054 7.074387742604639e-19
414.05549161131876 7.089318869649104e-19
414.11758056113206 6.775954936268344e-19
414.17966951094536 6.700487113082068e-19
414.2417584607587 6.164564032039322e-19
414.303847410572 6.878829838087915e-19
414.3659363603854 6.956287547635264e-19
414.4280253101987 5.954636449318903e-19
414.490114260012 7.004927835604913e-19
414.5522032098253 7.113022764077577e-19
414.61429215963864 6.755074312668091e-19
414.67638110945194 6.695329124974917e-19
414.7384700592653 6.307301284565706e-19
414.8005590090786 7.052853129332587e-19
414.8626479588919 6.372166720250583e-19
414.92473690870526 5.489240855253959e-19
414.98682585851856 6.371032965823503e-19
415.0489148083319 6.875098219549536e-19
415.1110037581452 7.81658950589068e-19
415.1730927079585 6.235532509681191e-19
415.2351816577718 6.373228613361948e-19
415.2972706075852 6.522226589149594e-19
415.3593595573985 6.1028604942459285e-19
415.42144850721184 6.687257393160048e-19
415.48353745702514 7.374894704326912e-19
415.54562640683844 6.160119487210498e-19
415.60771535665174 5.496251727933228e-19
415.6698043064651 5.361453858323704e-19
415.7318932562784 6.633964731232671e-19
415.79398220609175 6.217847388184808e-19
415.85607115590506 6.966138751742887e-19
415.91816010571836 6.290848662182027e-19
415.9802490555317 6.175847292582428e-19
416.042338005345 7.007204650240965e-19
416.1044269551584 6.204008656536796e-19
416.1665159049717 5.591915165774986e-19
416.228604854785 6.723052600192515e-19
416.2906938045983 6.313250264133611e-19
416.35278275441163 7.071025770402494e-19
416.41487170422494 6.3883861810991e-19
416.4769606540383 7.0338993195717e-19
416.5390496038516 6.422428282220837e-19
416.6011385536649 6.589533758605151e-19
416.66322750347825 5.924818656187898e-19
416.72531645329155 6.077366787767044e-19
416.7874054031049 7.037805680014482e-19
416.8494943529182 7.332791728135845e-19
416.9115833027315 6.604982390520344e-19
416.9736722525448 7.752328946028733e-19
417.0357612023582 5.747043066889532e-19
417.0978501521715 5.152673988703203e-19
417.15993910198483 6.348682028684437e-19
417.22202805179813 6.072350454339793e-19
417.28411700161143 6.404990797920336e-19
417.3462059514248 6.544595620864559e-19
417.4082949012381 5.56311273684589e-19
417.47038385105145 7.088779651287296e-19
417.53247280086475 6.273860957339602e-19
417.59456175067805 5.065251337714005e-19
417.65665070049135 5.980040716894055e-19
417.7187396503047 4.872716261348279e-19
417.780828600118 5.465387034339461e-19
417.84291754993137 6.424243943665391e-19
417.9050064997447 6.372141904832207e-19
417.967095449558 5.958415113754622e-19
418.02918439937133 5.794984904229457e-19
418.09127334918463 5.924657872956333e-19
418.153362298998 6.464525571545192e-19
418.2154512488113 5.695598636643328e-19
418.2775401986246 5.843673789060094e-19
418.3396291484379 6.2236624678910555e-19
418.40171809825125 7.41335188196815e-19
418.46380704806455 7.448766585918843e-19
418.5258959978779 7.1981267244122125e-19
418.5879849476912 7.379707861516205e-19
418.6500738975045 7.201299479049236e-19
418.7121628473178 7.222466513936585e-19
418.77425179713117 5.985013106351264e-19
418.8363407469445 5.985162515849407e-19
418.89842969675783 6.683987961788933e-19
418.96051864657113 5.615992842442756e-19
419.02260759638443 7.146833771615682e-19
419.0846965461978 6.214030983633641e-19
419.1467854960111 6.31939983500006e-19
419.20887444582445 6.311688960727417e-19
419.27096339563775 6.629865534309588e-19
419.33305234545105 5.758050772891082e-19
419.39514129526435 6.262129468302068e-19
419.4572302450777 6.0164992193802125e-19
419.519319194891 5.991388600922517e-19
419.58140814470437 6.982490044501529e-19
419.64349709451767 5.57923655493608e-19
419.70558604433097 6.43141456560046e-19
419.76767499414433 6.163654133365513e-19
419.82976394395763 5.613562482405499e-19
419.891852893771 5.305099077166232e-19
419.9539418435843 5.9854701236397e-19
420.0160307933976 6.21628711875438e-19
420.0781197432109 5.498196119360611e-19
420.14020869302425 6.255145478992707e-19
420.20229764283755 4.260918746149399e-19
420.2643865926509 5.31597029836671e-19
420.3264755424642 6.057419844283211e-19
420.3885644922775 5.149240672173225e-19
420.45065344209087 5.575406708699959e-19
420.51274239190417 6.213000109795247e-19
420.5748313417175 5.929915639724873e-19
420.6369202915308 6.784875562186845e-19
420.69900924134413 5.654306297452564e-19
420.76109819115743 7.278121810488567e-19
420.8231871409708 7.649596215876944e-19
420.8852760907841 6.15271105084932e-19
420.94736504059745 6.437322186137737e-19
421.00945399041075 5.731021612400146e-19
421.07154294022405 5.973132207815589e-19
421.1336318900374 7.200269122198725e-19
421.1957208398507 7.595475339361248e-19
421.25780978966407 7.060759425024945e-19
421.31989873947737 5.997023251857651e-19
421.38198768929067 6.685053473815477e-19
421.44407663910397 6.419118525794859e-19
421.5061655889173 6.682117499628797e-19
421.5682545387306 5.932530047448423e-19
421.630343488544 5.499740879154554e-19
421.6924324383573 7.142131766821201e-19
421.7545213881706 6.651314844580971e-19
421.8166103379839 6.703016734792832e-19
421.87869928779725 5.769233220797033e-19
421.94078823761055 5.559001132213618e-19
422.0028771874239 6.035227622424179e-19
422.0649661372372 6.143258961387253e-19
422.1270550870505 6.332585610952038e-19
422.18914403686387 5.650754073709531e-19
422.25123298667717 6.112847666166741e-19
422.3133219364905 5.756162216155047e-19
422.3754108863038 5.238885854070776e-19
422.4374998361171 5.689056154985917e-19
422.4995887859304 5.940829770919627e-19
422.5616777357438 4.990630857667713e-19
422.6237666855571 5.432703060385959e-19
422.68585563537044 6.600529573885395e-19
422.74794458518375 6.585577250337733e-19
422.81003353499705 5.030127697941355e-19
422.8721224848104 6.561965379752407e-19
422.9342114346237 6.158549395010295e-19
422.99630038443706 6.113404462116565e-19
423.05838933425036 6.331178886922815e-19
423.12047828406367 5.855092500428506e-19
423.18256723387697 5.399432305185428e-19
423.2446561836903 6.065513289589159e-19
423.3067451335036 4.975245298274227e-19
423.368834083317 5.081365850022303e-19
423.4309230331303 5.123662696669437e-19
423.4930119829436 4.754743762385966e-19
423.55510093275694 5.546309079689758e-19
423.61718988257024 5.722004826735435e-19
423.6792788323836 5.90351565348736e-19
423.7413677821969 5.746981028343591e-19
423.8034567320102 5.982882082298175e-19
423.8655456818235 6.210550104218441e-19
423.92763463163686 7.619547846150189e-19
423.98972358145016 8.337431016415054e-19
424.0518125312635 1.1489728959902442e-18
424.1139014810768 1.604788394393329e-18
424.1759904308901 1.741047064964622e-18
424.2380793807035 1.6917968346907912e-18
424.3001683305168 1.7563900245565617e-18
424.36225728033014 1.738484873017239e-18
424.42434623014344 1.596887268579799e-18
424.48643517995674 1.5466830922645415e-18
424.54852412977004 1.4261523304627554e-18
424.6106130795834 1.298332659898305e-18
424.6727020293967 1.0843984210858326e-18
424.73479097921006 7.197647476644815e-19
424.79687992902336 5.11355299862039e-19
424.85896887883666 5.722135624669795e-19
424.92105782864996 6.956230678968151e-19
424.9831467784633 5.760802182403586e-19
425.0452357282766 5.162601707017488e-19
425.10732467809 6.695457337969863e-19
425.1694136279033 6.314273900141646e-19
425.2315025777166 5.119439422654471e-19
425.29359152752994 6.646189426710439e-19
425.35568047734324 5.898348876586201e-19
425.4177694271566 4.761144072375595e-19
425.4798583769699 5.075485629842817e-19
425.5419473267832 6.056402929117653e-19
425.6040362765965 5.968650956847083e-19
425.66612522640986 5.487344543699681e-19
425.72821417622316 6.538852402474027e-19
425.7903031260365 6.760605566026657e-19
425.8523920758498 6.150804916525268e-19
425.9144810256631 5.5277347390348795e-19
425.9765699754765 5.9867977485228475e-19
426.0386589252898 5.940192324860079e-19
426.10074787510314 4.962900661607639e-19
426.16283682491644 5.431115907585623e-19
426.22492577472974 6.167405914431324e-19
426.28701472454304 5.968239434492337e-19
426.3491036743564 5.864231295233568e-19
426.4111926241697 5.413157816487097e-19
426.47328157398306 5.257182572232567e-19
426.53537052379636 5.98450180533513e-19
426.59745947360966 6.291155235996554e-19
426.659548423423 5.225125704580957e-19
426.7216373732363 6.1579662326784455e-19
426.7837263230497 6.02244509702082e-19
426.845815272863 5.679531170232368e-19
426.9079042226763 4.93077503456761e-19
426.9699931724896 4.0158359873954764e-19
427.03208212230294 4.767620896571886e-19
427.09417107211624 5.605800426332454e-19
427.1562600219296 6.029598658355755e-19
427.2183489717429 6.07942439954077e-19
427.2804379215562 6.316517627553196e-19
427.34252687136956 6.060337723893992e-19
427.40461582118286 5.446254346771109e-19
427.46670477099616 5.592409923178869e-19
427.5287937208095 5.817312576913795e-19
427.5908826706228 6.694907262862515e-19
427.6529716204361 6.1254704423143e-19
427.7150605702495 6.932420802023695e-19
427.7771495200628 6.225801246762388e-19
427.83923846987614 5.944646175470794e-19
427.90132741968944 6.27979235931949e-19
427.96341636950274 6.174760584052686e-19
428.02550531931604 5.21887842300465e-19
428.0875942691294 4.62791939689357e-19
428.1496832189427 6.335898469305313e-19
428.21177216875606 6.125557296278618e-19
428.27386111856936 5.90082679950868e-19
428.33595006838266 5.171904386981412e-19
428.398039018196 5.136067303930435e-19
428.4601279680093 4.781460662195663e-19
428.5222169178227 5.573003749020492e-19
428.584305867636 5.262208211441709e-19
428.6463948174493 4.278439723992979e-19
428.7084837672626 5.687232221735237e-19
428.77057271707594 4.603339208003674e-19
428.83266166688924 4.701130050983342e-19
428.8947506167026 6.032011957792879e-19
428.9568395665159 5.459884732302335e-19
429.0189285163292 5.155859668037298e-19
429.08101746614255 5.989573456465846e-19
429.14310641595586 5.749051564814388e-19
429.2051953657692 5.530457197225945e-19
429.2672843155825 5.928624203993524e-19
429.3293732653958 5.3097499001603115e-19
429.3914622152091 5.7233195269215115e-19
429.4535511650225 6.772874205474467e-19
429.5156401148358 6.270429708761155e-19
429.57772906464913 5.27463866809685e-19
429.63981801446243 5.289730061384997e-19
429.70190696427574 5.528700472400035e-19
429.7639959140891 5.364407410098401e-19
429.8260848639024 5.438991184005011e-19
429.88817381371575 5.206079870976923e-19
429.95026276352905 5.842988780115324e-19
430.01235171334235 6.130419567316781e-19
430.07444066315566 5.1613195770680305e-19
430.136529612969 5.256211668988582e-19
430.1986185627823 5.56449361148097e-19
430.2607075125957 5.536378259448176e-19
430.322796462409 5.155212916195858e-19
430.3848854122223 5.199916341437638e-19
430.44697436203563 5.791464216747278e-19
430.50906331184893 5.047566216217621e-19
430.57115226166223 4.621977138168143e-19
430.6332412114756 4.918518285841106e-19
430.6953301612889 6.024596800589224e-19
430.7574191111022 5.700822282211601e-19
430.81950806091555 5.176688075861383e-19
430.88159701072885 6.091019403777232e-19
430.9436859605422 5.885228241107461e-19
431.0057749103555 4.599776127515102e-19
431.0678638601688 4.2852637055526e-19
431.1299528099821 5.691048626286404e-19
431.1920417597955 5.087798213260669e-19
431.2541307096088 5.148049015103266e-19
431.31621965942213 5.285149548742984e-19
431.37830860923543 5.44184702506985e-19
431.44039755904873 5.369864217201837e-19
431.5024865088621 4.662416964340094e-19
431.5645754586754 5.154299915594752e-19
431.62666440848875 5.145367398954945e-19
431.68875335830205 5.962933587850693e-19
431.75084230811535 4.969587899872247e-19
431.81293125792865 5.628056754688959e-19
431.875020207742 6.650359450973472e-19
431.9371091575553 4.850216431698954e-19
431.99919810736867 5.847994773784918e-19
432.06128705718197 6.180962887683185e-19
432.1233760069953 5.674439356574222e-19
432.18546495680863 6.416733143703409e-19
432.24755390662193 5.790911556700516e-19
432.3096428564353 5.122973034833721e-19
432.3717318062486 5.135658883502987e-19
432.4338207560619 4.583780522419858e-19
432.4959097058752 5.630385785101179e-19
432.55799865568855 5.470177961049791e-19
432.62008760550185 5.916635254990334e-19
432.6821765553152 5.785093375066972e-19
432.7442655051285 6.227682565668063e-19
432.8063544549418 5.916217528780995e-19
432.86844340475517 5.549913002221075e-19
432.93053235456847 4.790381288114165e-19
432.9926213043818 4.799328797402575e-19
433.05471025419513 5.049981066618393e-19
433.11679920400843 5.213441261440762e-19
433.17888815382173 6.132631758467478e-19
433.2409771036351 6.089900641998754e-19
433.3030660534484 6.982611536653998e-19
433.36515500326175 5.557199946429784e-19
433.42724395307505 4.345002430897238e-19
433.48933290288835 4.88506141500275e-19
433.5514218527017 5.731164818043694e-19
433.613510802515 5.772881604286275e-19
433.6755997523283 5.150937426404724e-19
433.73768870214167 5.342018215856005e-19
433.79977765195497 5.112016510632573e-19
433.86186660176827 5.993366079574401e-19
433.9239555515816 5.983688066407531e-19
433.98604450139493 5.468723157147464e-19
434.0481334512083 5.524325203947512e-19
434.1102224010216 5.796562751247902e-19
434.1723113508349 5.502426631205937e-19
434.2344003006482 4.633654343477977e-19
434.29648925046155 5.264246177675887e-19
434.35857820027485 5.380795925984608e-19
434.4206671500882 4.845724323984908e-19
434.4827560999015 5.652457548783508e-19
434.5448450497148 5.565112962964619e-19
434.60693399952817 4.867734566109179e-19
434.66902294934147 4.719780388856998e-19
434.7311118991548 5.094768760885077e-19
434.7932008489681 5.263944256752305e-19
434.8552897987814 5.273050481320748e-19
434.91737874859473 5.178693471858941e-19
434.9794676984081 5.410101384123713e-19
435.0415566482214 5.486938708211647e-19
435.10364559803475 4.231172814334109e-19
435.16573454784805 4.509751476511542e-19
435.22782349766135 5.688243450034083e-19
435.2899124474747 4.855630328808114e-19
435.352001397288 4.653393457832907e-19
435.41409034710136 4.496133498689505e-19
435.47617929691467 5.883424470384213e-19
435.53826824672797 5.754118046066275e-19
435.60035719654127 4.915032236547078e-19
435.6624461463546 5.811752889221673e-19
435.7245350961679 5.536364300775339e-19
435.7866240459813 5.067803189903731e-19
435.8487129957946 5.963000796275463e-19
435.9108019456079 6.059064899726426e-19
435.97289089542124 6.323720302737001e-19
436.03497984523455 5.479167346356711e-19
436.0970687950479 5.136982889470955e-19
436.1591577448612 4.280181456170286e-19
436.2212466946745 5.420709458491823e-19
436.2833356444878 6.486873923744843e-19
436.34542459430116 5.483820754290205e-19
436.40751354411447 4.867121418480124e-19
436.4696024939278 4.784987553532436e-19
436.5316914437411 4.965949856140662e-19
436.5937803935544 4.607687076098406e-19
436.6558693433678 5.590706448104893e-19
436.7179582931811 5.390530807818592e-19
436.7800472429944 5.088763429637942e-19
436.84213619280774 4.340750722548716e-19
436.90422514262104 4.828784182027705e-19
436.96631409243435 5.510462173869007e-19
437.0284030422477 4.577706948772187e-19
437.090491992061 5.274206466226791e-19
437.15258094187436 5.104289092747679e-19
437.21466989168766 5.586502302641592e-19
437.27675884150096 4.72733306483749e-19
437.33884779131427 4.398773823604131e-19
437.4009367411276 5.723205272599403e-19
437.4630256909409 4.856828189732667e-19
437.5251146407543 4.07565743080137e-19
437.5872035905676 4.543130799167471e-19
437.6492925403809 5.173241834634334e-19
437.71138149019424 6.074990711457486e-19
437.77347044000754 5.528443012434378e-19
437.8355593898209 5.403096198311155e-19
437.8976483396342 6.668728030450978e-19
437.9597372894475 6.084652181012105e-19
438.0218262392608 4.873071949011677e-19
438.08391518907416 4.076347092637086e-19
438.14600413888746 4.545809313388494e-19
438.2080930887008 5.110120199078295e-19
438.2701820385141 4.396512518604564e-19
438.3322709883274 4.5576679814452075e-19
438.3943599381408 6.019705578229621e-19
438.4564488879541 5.194520538904378e-19
438.51853783776744 4.46148497078119e-19
438.58062678758074 5.854643754946196e-19
438.64271573739404 6.210886146342291e-19
438.70480468720734 6.208646037845921e-19
438.7668936370207 5.951318938074682e-19
438.828982586834 5.822811777023624e-19
438.89107153664736 4.783090724990276e-19
438.95316048646066 4.3093134648746965e-19
439.01524943627396 4.342881229613923e-19
439.0773383860873 5.221311367981322e-19
439.1394273359006 5.162855031080082e-19
439.201516285714 4.494345237602742e-19
439.2636052355273 4.994143790331649e-19
439.3256941853406 5.166607846121659e-19
439.3877831351539 5.038951130137881e-19
439.44987208496724 4.2534294011845554e-19
439.51196103478054 4.67441418514941e-19
439.5740499845939 5.124770084714492e-19
439.6361389344072 5.549634862740104e-19
439.6982278842205 5.299812876064135e-19
439.76031683403386 5.168262207346765e-19
439.82240578384716 5.534558979088442e-19
439.88449473366046 5.263839308212087e-19
439.9465836834738 5.145299673542293e-19
440.0086726332871 5.363898694021681e-19
440.0707615831004 4.994509817752704e-19
440.1328505329138 4.737591138408914e-19
440.1949394827271 6.243343679603106e-19
440.25702843254044 6.03240280063231e-19
440.31911738235374 6.011079118416459e-19
440.38120633216704 5.779491294368456e-19
440.44329528198034 5.822592574161297e-19
440.5053842317937 4.93829824223878e-19
440.567473181607 5.6580854788761655e-19
440.62956213142036 4.607898007154607e-19
440.69165108123366 6.101623859230162e-19
440.75374003104696 5.143321677902525e-19
440.8158289808603 4.899374741527215e-19
440.8779179306736 5.296407993867714e-19
440.940006880487 5.314792599969588e-19
441.0020958303003 6.126132703792225e-19
441.0641847801136 5.594690873717984e-19
441.1262737299269 5.483026143914271e-19
441.18836267974024 5.006874616946723e-19
441.25045162955354 5.840446750695372e-19
441.3125405793669 5.781088786926449e-19
441.3746295291802 6.222829083423908e-19
441.4367184789935 5.739596373425024e-19
441.49880742880686 6.474554619484514e-19
441.56089637862016 5.493773288022866e-19
441.6229853284335 5.448747262342191e-19
441.6850742782468 5.143570866062057e-19
441.7471632280601 4.886050412822634e-19
441.8092521778734 5.341085569715352e-19
441.8713411276868 4.2400223544187194e-19
441.9334300775001 5.29717572087374e-19
441.99551902731343 5.276282172576416e-19
442.05760797712674 4.033475872452111e-19
442.11969692694004 5.110058160532354e-19
442.1817858767534 6.159308850210196e-19
442.2438748265667 4.842461096468386e-19
442.30596377638005 5.236313322365737e-19
442.36805272619335 5.757647522342462e-19
442.43014167600666 6.187233950702103e-19
442.49223062581996 5.445980343193201e-19
442.5543195756333 5.106852835658711e-19
442.6164085254466 5.412842970866444e-19
442.67849747526 6.525667660497814e-19
442.7405864250733 5.513199624708674e-19
442.8026753748866 5.139449438660011e-19
442.86476432469993 5.940935753435611e-19
442.92685327451323 4.8513098610711725e-19
442.98894222432654 5.447057228953168e-19
443.0510311741399 6.246315325953703e-19
443.1131201239532 5.24397715074104e-19
443.1752090737665 4.638133526494952e-19
443.23729802357985 4.648145513834141e-19
443.29938697339315 6.103730584852758e-19
443.3614759232065 5.855516947480322e-19
443.4235648730198 5.239791099853639e-19
443.4856538228331 5.456920323782098e-19
443.5477427726464 5.336109044355079e-19
443.6098317224598 4.719712146456463e-19
443.6719206722731 5.542352054434457e-19
443.73400962208643 5.42337039512483e-19
443.79609857189973 5.273249004667761e-19
443.85818752171303 5.860933946516779e-19
443.9202764715264 5.495826763893529e-19
443.9823654213397 4.887484020221765e-19
444.04445437115305 4.955084838794778e-19
444.10654332096635 5.060352360536159e-19
444.16863227077965 5.644803026190095e-19
444.23072122059295 5.968742463702346e-19
444.2928101704063 5.144056317684049e-19
444.3548991202196 5.227151263105946e-19
444.41698807003297 5.344543184675823e-19
444.4790770198463 5.49838481993785e-19
444.5411659696596 5.8497985445081665e-19
444.60325491947293 5.729782392444965e-19
444.66534386928623 5.804337732018018e-19
444.7274328190996 5.745694245503188e-19
444.7895217689129 5.009633781277471e-19
444.8516107187262 5.998601098876096e-19
444.9136996685395 6.266219876431143e-19
444.97578861835285 5.387097491288614e-19
445.03787756816615 5.432085259865959e-19
445.0999665179795 6.055889560149988e-19
445.1620554677928 5.287340026402601e-19
445.2241444176061 5.120288833745986e-19
445.28623336741947 5.339198046955082e-19
445.34832231723277 5.431866573991515e-19
445.41041126704613 5.648732651087605e-19
445.47250021685943 5.620287977773438e-19
445.53458916667273 5.87630399627378e-19
445.59667811648603 5.34890656240704e-19
445.6587670662994 6.07105281475385e-19
445.7208560161127 6.284756476970574e-19
445.78294496592605 5.631715994923741e-19
445.84503391573935 5.006380376530723e-19
445.90712286555265 4.804236046386545e-19
445.969211815366 5.02088498857184e-19
446.0313007651793 5.16110502709665e-19
446.0933897149926 6.129113655924713e-19
446.15547866480597 5.506785356046208e-19
446.21756761461927 5.065555326589118e-19
446.27965656443257 6.587414108285484e-19
446.34174551424593 5.571007141816943e-19
446.40383446405923 4.995855020223868e-19
446.4659234138726 5.034816778038765e-19
446.5280123636859 5.848857109573505e-19
446.5901013134992 4.389857333588692e-19
446.6521902633125 4.732564982211888e-19
446.71427921312585 5.499672636754018e-19
446.77636816293915 5.171992791909379e-19
446.8384571127525 4.593084753347431e-19
446.9005460625658 5.026096226430924e-19
446.9626350123791 4.772366845336409e-19
447.02472396219247 5.445495408559092e-19
447.08681291200577 6.150613114020732e-19
447.1489018618191 6.172681258787881e-19
447.2109908116324 5.190031016129746e-19
447.27307976144573 5.271091614232646e-19
447.33516871125903 5.908603848230327e-19
447.3972576610724 5.381242603515387e-19
447.4593466108857 4.816068348061234e-19
447.52143556069905 5.357687084609291e-19
447.58352451051235 5.946846992888068e-19
447.64561346032565 5.783605483940142e-19
447.707702410139 5.30770573007154e-19
447.7697913599523 5.953859416530986e-19
447.83188030976567 5.378198061873309e-19
447.89396925957897 5.106873515174025e-19
447.95605820939227 6.426605027326347e-19
448.01814715920557 6.47791659168666e-19
448.0802361090189 6.142825208553545e-19
448.1423250588322 5.041037176245163e-19
448.2044140086456 6.161239799952624e-19
448.2665029584589 6.13425096451655e-19
448.3285919082722 6.004927996586361e-19
448.39068085808555 5.850068929170895e-19
448.45276980789885 5.2737484149625895e-19
448.5148587577122 5.338048782891516e-19
448.5769477075255 5.722578166297511e-19
448.6390366573388 8.592341714821872e-19
448.7011256071521 1.5015979231700685e-18
448.76321455696547 2.094641134232052e-18
448.82530350677877 2.4711247386148965e-18
448.8873924565921 2.6243851760990277e-18
448.9494814064054 2.7563378545940992e-18
449.0115703562187 2.7676030205613058e-18
449.0736593060321 2.7336267836958433e-18
449.1357482558454 2.56242169679814e-18
449.1978372056587 2.384992489381281e-18
449.25992615547204 2.138160760619692e-18
449.32201510528535 1.770097648077484e-18
449.38410405509865 1.3918061370683285e-18
449.446193004912 8.96197047346849e-19
449.5082819547253 6.382591780908166e-19
449.57037090453866 6.31001443697488e-19
449.63245985435196 5.82268925089539e-19
449.69454880416527 5.557096548853215e-19
449.75663775397857 6.355937436632293e-19
449.8187267037919 6.290543122343265e-19
449.8808156536052 5.672714168009166e-19
449.9429046034186 5.799290379317796e-19
450.0049935532319 5.786469596811107e-19
450.0670825030452 5.562519751744266e-19
450.12917145285854 6.018482384898808e-19
450.19126040267184 6.351591636489093e-19
450.2533493524852 6.597430231527735e-19
450.3154383022985 6.887776830388442e-19
450.3775272521118 6.257966681869395e-19
450.4396162019251 5.7729079706683e-19
450.50170515173846 6.42195110240497e-19
450.56379410155176 6.800033129923997e-19
450.6258830513651 6.640800862007539e-19
450.6879720011784 6.6378617858935615e-19
450.7500609509917 6.55843590347622e-19
450.8121499008051 5.357858724586396e-19
450.8742388506184 5.561200398667244e-19
450.93632780043174 7.625754285683751e-19
450.99841675024504 7.543861854077353e-19
451.06050570005834 8.449860888285379e-19
451.12259464987164 1.1165540334230659e-18
451.184683599685 1.1580879093526957e-18
451.2467725494983 1.1497199434809561e-18
451.30886149931166 1.205870307629551e-18
451.37095044912496 1.251848418195275e-18
451.43303939893826 1.2348433425599865e-18
451.4951283487516 1.2292550137391548e-18
451.5572172985649 1.0987236383316025e-18
451.6193062483783 1.0511946675149181e-18
451.6813951981916 9.992227028330583e-19
451.7434841480049 8.986326806605113e-19
451.8055730978182 7.647475014593628e-19
451.86766204763154 6.681604647649014e-19
451.92975099744484 6.415812905271944e-19
451.9918399472582 6.182531945907622e-19
452.0539288970715 6.62060576433994e-19
452.1160178468848 6.706309430618676e-19
452.17810679669816 5.938175555129098e-19
452.24019574651146 6.668611191189455e-19
452.30228469632476 5.98384057783297e-19
452.3643736461381 6.5912129352486335e-19
452.4264625959514 6.128692310800194e-19
452.4885515457647 4.949537558811845e-19
452.5506404955781 5.355224154335414e-19
452.6127294453914 6.641401084939523e-19
452.67481839520474 5.972643137278417e-19
452.73690734501804 6.125090973208291e-19
452.79899629483134 6.293898890690816e-19
452.86108524464464 7.188263629583283e-19
452.923174194458 6.487583231120107e-19
452.9852631442713 5.764898277399372e-19
453.04735209408466 6.376782388068629e-19
453.10944104389796 5.204784816330395e-19
453.17152999371126 4.9497050628858865e-19
453.2336189435246 5.729284016125902e-19
453.2957078933379 5.621796548415581e-19
453.3577968431513 6.401253492515245e-19
453.4198857929646 6.808855528144758e-19
453.4819747427779 5.973892696991255e-19
453.5440636925912 5.414347405605525e-19
453.60615264240454 5.773032564748066e-19
453.66824159221784 5.4481020614643995e-19
453.7303305420312 4.536881966627516e-19
453.7924194918445 4.511153030661937e-19
453.8545084416578 6.260398592870301e-19
453.91659739147116 6.371772258495972e-19
453.97868634128446 5.452409087516387e-19
454.0407752910978 6.026253229765861e-19
454.1028642409111 5.967814987440521e-19
454.1649531907244 4.75372891517194e-19
454.2270421405377 5.61382614622575e-19
454.2891310903511 6.466017598575084e-19
454.3512200401644 6.356747556644712e-19
454.41330898997774 6.135970466214895e-19
454.47539793979104 5.594520784704528e-19
454.53748688960434 4.997960194882816e-19
454.5995758394177 5.601186309478057e-19
454.661664789231 6.359913590439259e-19
454.72375373904435 7.640774851631949e-19
454.78584268885766 7.072242759878713e-19
454.84793163867096 7.619767566000399e-19
454.91002058848426 6.447096876038699e-19
454.9721095382976 5.140196486150723e-19
455.0341984881109 5.75607381122708e-19
455.0962874379243 6.944886930842752e-19
455.1583763877376 6.420011363868533e-19
455.2204653375509 6.616137955056388e-19
455.28255428736423 6.710288686352939e-19
455.34464323717754 5.659484965075029e-19
455.40673218699084 6.173800020566359e-19
455.4688211368042 6.497302603317605e-19
455.5309100866175 6.303776978168348e-19
455.5929990364308 5.547241208842528e-19
455.65508798624415 6.559259465173593e-19
455.71717693605746 7.240666555364283e-19
455.7792658858708 5.809446089288416e-19
455.8413548356841 5.532669388376641e-19
455.9034437854974 6.390133083155235e-19
455.9655327353107 6.615900140630279e-19
456.0276216851241 6.642492963348093e-19
456.0897106349374 5.683128888909091e-19
456.15179958475073 5.632553515293951e-19
456.21388853456403 7.061463045533498e-19
456.27597748437734 7.109952373041357e-19
456.3380664341907 6.281052258789985e-19
456.400155384004 5.7126721614743055e-19
456.46224433381735 6.049382750656492e-19
456.52433328363065 6.523838557368307e-19
456.58642223344395 6.265038559118841e-19
456.6485111832573 6.308850180262712e-19
456.7106001330706 6.638336380770014e-19
456.7726890828839 6.588018984108413e-19
456.8347780326973 6.791798546926031e-19
456.8968669825106 6.034912776803526e-19
456.9589559323239 6.207285325738271e-19
457.02104488213723 6.31612781868953e-19
457.08313383195053 5.713545354008432e-19
457.1452227817639 6.481838461765927e-19
457.2073117315772 6.897994578905003e-19
457.2694006813905 7.040313071246283e-19
457.3314896312038 7.399611378017879e-19
457.39357858101715 7.874504039490698e-19
457.45566753083045 7.782505528750433e-19
457.5177564806438 7.881555754212712e-19
457.5798454304571 7.633361245391942e-19
457.6419343802704 8.177298155606679e-19
457.70402333008377 7.138100295310771e-19
457.7661122798971 7.375007924673255e-19
457.8282012297104 7.624052361573423e-19
457.89029017952373 8.12371442950126e-19
457.95237912933703 8.02558702740986e-19
458.01446807915033 8.243528439302269e-19
458.0765570289637 7.426063580031559e-19
458.138645978777 7.533862791435235e-19
458.20073492859035 7.297678428120852e-19
458.26282387840365 7.232467127542351e-19
458.32491282821695 7.26450383266653e-19
458.3870017780303 7.42764969885613e-19
458.4490907278436 8.435220825418956e-19
458.5111796776569 7.683135804776555e-19
458.57326862747027 7.961034369394104e-19
458.63535757728357 7.401005177350031e-19
458.6974465270969 6.478832694215062e-19
458.75953547691023 7.029564893161922e-19
458.82162442672353 7.443977210172161e-19
458.8837133765369 7.5793256718769155e-19
458.9458023263502 8.334991350595905e-19
459.0078912761635 7.297986552899028e-19
459.06998022597685 7.359307519659116e-19
459.13206917579015 7.367909681041784e-19
459.19415812560345 7.7198817525255745e-19
459.2562470754168 7.87613772120049e-19
459.3183360252301 7.897822260958568e-19
459.3804249750434 7.649037351975588e-19
459.44251392485677 7.443848997177215e-19
459.50460287467007 6.373359928284191e-19
459.5666918244834 7.958783921140077e-19
459.62878077429673 8.14059408387617e-19
459.69086972411003 8.501516766575667e-19
459.7529586739234 7.364957680230736e-19
459.8150476237367 7.822649120865514e-19
459.87713657355 7.493383674184187e-19
459.93922552336335 7.791881104005839e-19
460.00131447317665 8.849296066329579e-19
460.06340342298995 7.627111378876221e-19
460.1254923728033 8.164153738685329e-19
460.1875813226166 8.096775741889822e-19
460.24967027242997 8.74852892410837e-19
460.31175922224327 8.689054638065806e-19
460.37384817205657 8.098617769716401e-19
460.43593712186987 8.896605627488784e-19
460.4980260716832 7.822960347570987e-19
460.56011502149653 8.073944523007593e-19
460.6222039713099 8.3624821812662225e-19
460.6842929211232 8.9576122656161e-19
460.7463818709365 7.790636197183946e-19
460.80847082074985 7.643676187630478e-19
460.87055977056315 8.909223233757514e-19
460.93264872037645 7.794536353772134e-19
460.9947376701898 7.715335878071713e-19
461.0568266200031 8.400326728266289e-19
461.1189155698164 8.62236165021507e-19
461.18100451962977 8.344586128713638e-19
461.24309346944307 8.120254229601374e-19
461.3051824192564 8.011166167405763e-19
461.3672713690697 7.874513862260472e-19
461.429360318883 6.951571067180063e-19
461.4914492686964 7.181752684186725e-19
461.5535382185097 7.999179803341987e-19
461.615627168323 7.989325497307066e-19
461.67771611813635 7.306995583745496e-19
461.73980506794965 7.556357451205732e-19
461.80189401776295 8.534215216189888e-19
461.8639829675763 8.897659248794023e-19
461.9260719173896 8.110382345978436e-19
461.98816086720296 7.93386924108998e-19
462.05024981701627 9.333557582215326e-19
462.11233876682957 9.630395480933043e-19
462.1744277166429 8.046403027524757e-19
462.2365166664562 1.0033734951468494e-18
462.2986056162695 1.161580162501318e-18
462.3606945660829 1.0679342181735772e-18
462.4227835158962 1.0592994865542893e-18
462.4848724657095 1.0846333403797977e-18
462.54696141552284 1.0926136687369796e-18
462.60905036533615 1.1001672752956607e-18
462.6711393151495 1.1021371025268792e-18
462.7332282649628 1.029649921280362e-18
462.7953172147761 1.038015612405417e-18
462.85740616458946 1.0145584245946383e-18
462.91949511440276 1.0037743675512079e-18
462.98158406421607 9.36869104475775e-19
463.0436730140294 9.18282252714132e-19
463.1057619638427 9.211193788176123e-19
463.167850913656 8.603671504274434e-19
463.2299398634694 8.414956968362938e-19
463.2920288132827 9.347701336714217e-19
463.35411776309604 9.14267014623223e-19
463.41620671290934 8.520458685615248e-19
463.47829566272264 8.56346742457706e-19
463.54038461253595 9.758694295867315e-19
463.6024735623493 9.646396255907116e-19
463.6645625121626 9.380045132640806e-19
463.72665146197596 8.796144542094218e-19
463.78874041178926 8.107815501140108e-19
463.85082936160256 9.754527373531579e-19
463.9129183114159 9.621887928332935e-19
463.9750072612292 9.38434233592302e-19
464.0370962110425 9.50935620984969e-19
464.0991851608559 8.91986491233801e-19
464.1612741106692 7.875330703115368e-19
464.2233630604825 7.229674875987102e-19
464.28545201029584 9.61879840874505e-19
464.34754096010914 1.0210710243524214e-18
464.4096299099225 8.554276930983713e-19
464.4717188597358 7.571414206305729e-19
464.5338078095491 1.0111932470676194e-18
464.59589675936246 1.018046231647468e-18
464.65798570917576 9.387741014264847e-19
464.72007465898906 9.180569493947878e-19
464.7821636088024 9.35339027137705e-19
464.8442525586157 8.570762640591895e-19
464.906341508429 7.790193138568348e-19
464.9684304582424 1.0063623054951566e-18
465.0305194080557 9.406255384325315e-19
465.09260835786904 7.828007700271209e-19
465.15469730768234 8.100749827745256e-19
465.21678625749564 8.503141142503568e-19
465.278875207309 9.176438760763941e-19
465.3409641571223 7.50352180656679e-19
465.4030531069356 9.347454216506217e-19
465.46514205674896 1.060731956580078e-18
465.52723100656226 9.594648870761564e-19
465.58931995637556 8.758711517448897e-19
465.6514089061889 8.4615773846743095e-19
465.7134978560022 8.436578952587191e-19
465.7755868058156 9.615234294280712e-19
465.8376757556289 1.1057258256144405e-18
465.8997647054422 9.88957908419158e-19
465.96185365525554 9.159510509528044e-19
466.02394260506884 8.655973100430397e-19
466.08603155488214 9.75194243411735e-19
466.1481205046955 1.0103404238560772e-18
466.2102094545088 8.585464742004259e-19
466.2722984043221 9.28414388037294e-19
466.33438735413546 8.116432138183496e-19
466.39647630394876 9.723418144669225e-19
466.4585652537621 9.507389587943345e-19
466.5206542035754 8.225685119513734e-19
466.5827431533887 1.0212075091534926e-18
466.644832103202 8.78268424557645e-19
466.7069210530154 8.799924757493586e-19
466.7690100028287 9.452463761294058e-19
466.83109895264204 9.841984145721045e-19
466.89318790245534 1.0829742228661695e-18
466.95527685226864 9.362069463954263e-19
467.017365802082 8.473348681778822e-19
467.0794547518953 1.0291785317287833e-18
467.1415437017086 7.724004730891268e-19
467.20363265152196 7.372014047843696e-19
467.26572160133526 8.641579640784091e-19
467.32781055114856 8.421992656460584e-19
467.3898995009619 8.433904574269231e-19
467.4519884507752 8.61633357150109e-19
467.5140774005886 8.971848043958138e-19
467.5761663504019 7.935229436209747e-19
467.6382553002152 7.908539419769958e-19
467.70034425002854 8.935664062037772e-19
467.76243319984184 9.448778671665135e-19
467.82452214965514 8.095049519349e-19
467.8866110994685 8.970174037193484e-19
467.9487000492818 9.74994375896227e-19
468.0107889990951 9.05553804243319e-19
468.07287794890846 9.231348043800977e-19
468.13496689872176 9.61025776892044e-19
468.1970558485351 9.303124573503735e-19
468.2591447983484 9.181144384473603e-19
468.3212337481617 8.233705669528201e-19
468.3833226979751 8.5674885563298335e-19
468.4454116477884 7.951610714265594e-19
468.5075005976017 8.176949705773641e-19
468.56958954741503 8.388379655281609e-19
468.63167849722834 7.811726717864634e-19
468.69376744704164 8.553270872563695e-19
468.755856396855 8.567430136699072e-19
468.8179453466683 9.638726223677218e-19
468.88003429648165 8.361830776533837e-19
468.94212324629495 8.578454903300755e-19
469.00421219610826 9.062086210957314e-19
469.0663011459216 8.828360125025862e-19
469.1283900957349 8.106964539084944e-19
469.1904790455482 8.509174908084259e-19
469.2525679953616 8.456799899648933e-19
469.3146569451749 9.071493322473573e-19
469.3767458949882 8.35378489411311e-19
469.43883484480153 8.108402282387137e-19
469.50092379461483 9.16269825681367e-19
469.5630127444282 8.888773261063672e-19
469.6251016942415 8.535330876041069e-19
469.6871906440548 8.133137567641887e-19
469.7492795938681 7.988482290070145e-19
469.81136854368145 7.445141983872212e-19
469.87345749349475 7.662894695187382e-19
469.9355464433081 8.401421191614273e-19
469.9976353931214 7.948476216731901e-19
470.0597243429347 8.055238350442589e-19
470.1218132927481 8.48385284158248e-19
470.1839022425614 8.270986182748084e-19
470.2459911923747 8.328705294928385e-19
470.30808014218803 8.1375810784949455e-19
470.37016909200133 7.953827558307236e-19
470.43225804181463 8.243724377709867e-19
470.494346991628 8.40876758942951e-19
470.5564359414413 7.806856692008228e-19
470.61852489125465 7.590272373308289e-19
470.68061384106795 7.430709750134693e-19
470.74270279088125 8.208570235652129e-19
470.8047917406946 8.707378756585387e-19
470.8668806905079 8.421972493933153e-19
470.9289696403212 8.089350761916393e-19
470.99105859013457 8.424158835689708e-19
471.0531475399479 8.198435205196823e-19
471.1152364897612 8.311680883946278e-19
471.17732543957453 8.462086617738912e-19
471.23941438938783 8.523791189508071e-19
471.3015033392012 8.589932551287811e-19
471.3635922890145 8.074720004831861e-19
471.4256812388278 7.967234088085189e-19
471.48777018864115 8.389236304203484e-19
471.54985913845445 7.592623634199471e-19
471.61194808826775 9.38907691095412e-19
471.6740370380811 8.926832875023003e-19
471.7361259878944 7.531435533325275e-19
471.7982149377077 8.493003527108848e-19
471.86030388752107 8.834759401039725e-19
471.92239283733437 8.529264023235875e-19
471.98448178714773 8.080848896182996e-19
472.04657073696103 7.274724166122506e-19
472.10865968677433 8.139025025651733e-19
472.1707486365877 8.583764885845463e-19
472.232837586401 8.791273482262047e-19
472.2949265362143 7.992330230882165e-19
472.35701548602765 8.436993059881351e-19
472.41910443584095 9.279986263819095e-19
472.48119338565425 8.894107542038873e-19
472.5432823354676 9.379676003292455e-19
472.6053712852809 8.730451925796788e-19
472.66746023509427 8.380957777235477e-19
472.72954918490757 8.377901344872094e-19
472.79163813472087 7.488559660249355e-19
472.85372708453417 8.927693142860058e-19
472.91581603434753 8.239337735523922e-19
472.97790498416083 8.566289144441632e-19
473.0399939339742 8.752181960488556e-19
473.1020828837875 8.77654553145554e-19
473.1641718336008 8.755969413718284e-19
473.22626078341415 8.385155718844184e-19
473.28834973322745 7.77144095408177e-19
473.35043868304075 8.192711115357956e-19
473.4125276328541 8.193257571550124e-19
473.4746165826674 7.455338535885576e-19
473.5367055324807 7.722523560606916e-19
473.59879448229407 7.978917497249618e-19
473.66088343210737 9.217944615950321e-19
473.7229723819207 8.837044487481903e-19
473.785061331734 7.838678330173143e-19
473.84715028154733 8.324922494589604e-19
473.9092392313607 8.048475631947085e-19
473.971328181174 8.70143649785996e-19
474.0334171309873 8.110089213848863e-19
474.09550608080065 7.301467949302111e-19
474.15759503061395 7.488217931258794e-19
474.21968398042725 7.999395387289134e-19
474.2817729302406 8.106821333441395e-19
474.3438618800539 7.37900941088648e-19
474.40595082986727 6.83294819746113e-19
474.46803977968057 7.556894084628126e-19
474.53012872949387 8.724078499177067e-19
474.5922176793072 8.934384000039846e-19
474.6543066291205 8.487013188510315e-19
474.7163955789338 7.421123243823086e-19
474.7784845287472 8.255654907082296e-19
474.8405734785605 7.544919611285655e-19
474.9026624283738 7.992645076502818e-19
474.96475137818715 7.716308849267228e-19
475.02684032800045 7.956033545603338e-19
475.0889292778138 7.917281684868878e-19
475.1510182276271 8.121252016215266e-19
475.2131071774404 8.491186314700645e-19
475.27519612725376 7.938959503784478e-19
475.33728507706707 7.632739308968879e-19
475.39937402688037 8.632299191299129e-19
475.4614629766937 6.789679413594247e-19
475.523551926507 7.481129510397097e-19
475.5856408763203 8.180900527174348e-19
475.6477298261337 9.492891179756822e-19
475.709818775947 8.262724199392327e-19
475.77190772576034 7.616114529620211e-19
475.83399667557364 7.37362446509876e-19
475.89608562538695 6.960460673825594e-19
475.95817457520025 6.715096156675521e-19
476.0202635250136 7.199263063778707e-19
476.0823524748269 7.283655648786547e-19
476.14444142464026 7.495540547631419e-19
476.20653037445356 7.874575900806413e-19
476.26861932426687 7.660518101889941e-19
476.3307082740802 7.679498795020736e-19
476.3927972238935 7.584222064115347e-19
476.4548861737068 7.77479465447779e-19
476.5169751235202 8.800891524834507e-19
476.5790640733335 7.567636058857893e-19
476.6411530231468 7.5770628159137e-19
476.70324197296014 7.565274458209054e-19
476.76533092277344 6.141546697519268e-19
476.8274198725868 8.331277309645542e-19
476.8895088224001 7.241329333830091e-19
476.9515977722134 7.177010871325265e-19
477.01368672202676 8.172811734759345e-19
477.07577567184006 8.008246736831334e-19
477.13786462165336 7.819208566505176e-19
477.1999535714667 7.577489847904931e-19
477.26204252128 7.496616916403504e-19
477.3241314710933 7.284517984575134e-19
477.3862204209067 7.158008464703391e-19
477.44830937072 6.950476086844196e-19
477.51039832053334 7.950236043485107e-19
477.57248727034664 8.145243355906601e-19
477.63457622015994 7.063651455241584e-19
477.6966651699733 7.139003473142102e-19
477.7587541197866 7.816027023074144e-19
477.8208430695999 7.820456058266483e-19
477.88293201941326 7.265641206008791e-19
477.94502096922656 7.836711191278916e-19
478.00710991903986 7.709426706570787e-19
478.0691988688532 7.607299886217693e-19
478.1312878186665 8.187727869155207e-19
478.1933767684799 8.021449056395563e-19
478.2554657182932 8.411746473610467e-19
478.3175546681065 7.183348108793187e-19
478.37964361791984 7.629498828919202e-19
478.44173256773314 7.595276816014235e-19
478.50382151754644 8.069770362841497e-19
478.5659104673598 7.348130758619876e-19
478.6279994171731 7.562867879614407e-19
478.6900883669864 6.903775537410983e-19
478.75217731679976 7.397105020761843e-19
478.81426626661306 7.030361054501505e-19
478.8763552164264 7.271048899263356e-19
478.9384441662397 7.029654332065655e-19
479.000533116053 7.069586993124535e-19
479.0626220658663 7.576986818694922e-19
479.1247110156797 6.810119046530432e-19
479.186799965493 7.498960422476443e-19
479.24888891530634 6.909922006350135e-19
479.31097786511964 7.818783085477594e-19
479.37306681493294 8.399681010400615e-19
479.4351557647463 7.736222188538677e-19
479.4972447145596 6.884819659698565e-19
479.5593336643729 7.211213755678567e-19
479.62142261418626 8.198620286858882e-19
479.68351156399956 7.416936158959919e-19
479.74560051381286 7.020590500503605e-19
479.8076894636262 7.703320562686497e-19
479.8697784134395 8.012998372462568e-19
479.9318673632529 8.221282450703421e-19
479.9939563130662 7.283502103385342e-19
480.0560452628795 7.056137553352305e-19
480.11813421269284 6.885934802561863e-19
480.18022316250614 6.774741565707305e-19
480.24231211231944 7.805817546363709e-19
480.3044010621328 7.573168346192224e-19
480.3664900119461 6.435969745836213e-19
480.4285789617594 7.23775539659598e-19
480.49066791157276 7.25662442034408e-19
480.55275686138606 6.750981836587485e-19
480.6148458111994 6.820286130234475e-19
480.6769347610127 6.757120550708394e-19
480.739023710826 7.218687849500867e-19
480.8011126606394 7.290610686774469e-19
480.8632016104527 7.020370780653395e-19
480.925290560266 6.437210516755042e-19
480.98737951007934 6.463421285427433e-19
481.04946845989264 6.533585329923595e-19
481.11155740970594 5.982697517623999e-19
481.1736463595193 6.455757974040012e-19
481.2357353093326 6.969416454920129e-19
481.29782425914595 7.037933376021545e-19
481.35991320895926 7.067226943439344e-19
481.42200215877256 6.763947892689254e-19
481.48409110858586 6.897720058339212e-19
481.5461800583992 6.713316684382766e-19
481.6082690082125 6.597766790639468e-19
481.6703579580259 7.051794338148519e-19
481.7324469078392 7.087796340334124e-19
481.7945358576525 7.180308737029937e-19
481.85662480746583 6.761267827504582e-19
481.91871375727914 6.872776426967676e-19
481.9808027070925 6.777698219409299e-19
482.0428916569058 6.570780540142808e-19
482.1049806067191 6.190770147820767e-19
482.1670695565324 6.579207442633192e-19
482.22915850634575 6.837375164701938e-19
482.29124745615906 6.979024157734932e-19
482.3533364059724 6.546264974738268e-19
482.4154253557857 6.6471851453728e-19
482.477514305599 6.963643251232392e-19
482.5396032554124 7.798280380019702e-19
482.6016922052257 7.714310174112147e-19
482.663781155039 6.642630999112813e-19
482.72587010485233 6.791390126498583e-19
482.78795905466563 7.327250652007506e-19
482.85004800447894 6.593225052088669e-19
482.9121369542923 6.18118364150916e-19
482.9742259041056 6.608042958786791e-19
483.03631485391895 6.963173309246885e-19
483.09840380373225 7.35204125496572e-19
483.16049275354555 6.14288052625701e-19
483.2225817033589 6.352815346807788e-19
483.2846706531722 6.633990580626813e-19
483.3467596029855 6.688066479196702e-19
483.4088485527989 6.537776550689825e-19
483.4709375026122 6.100196455685625e-19
483.5330264524255 6.059869332872133e-19
483.59511540223883 5.999205974699026e-19
483.65720435205213 5.942092255329536e-19
483.7192933018655 5.769872734808113e-19
483.7813822516788 5.848148319186123e-19
483.8434712014921 6.088691407340778e-19
483.90556015130545 6.627531851006423e-19
483.96764910111875 6.742087060063126e-19
484.02973805093205 6.2847735375707075e-19
484.0918270007454 7.328538985811557e-19
484.1539159505587 6.19546698273642e-19
484.216004900372 5.843889889995124e-19
484.27809385018537 6.5589694349713165e-19
484.3401827999987 6.846934787643636e-19
484.40227174981203 7.197845999991827e-19
484.46436069962533 7.386548645182018e-19
484.52644964943863 6.823175575511699e-19
484.58853859925193 6.081475807459901e-19
484.6506275490653 6.517957820200937e-19
484.7127164988786 7.611142657150885e-19
484.77480544869195 6.724462943136918e-19
484.83689439850525 6.151044798902908e-19
484.89898334831855 6.557496536493089e-19
484.9610722981319 6.913129916163192e-19
485.0231612479452 6.799932317286842e-19
485.08525019775857 6.469798330962334e-19
485.14733914757187 6.943484342716591e-19
485.20942809738517 7.672934082884362e-19
485.2715170471985 7.008919499048364e-19
485.33360599701183 7.08927802760636e-19
485.39569494682513 5.975592553150051e-19
485.4577838966385 6.275157562949779e-19
485.5198728464518 7.003942456700209e-19
485.5819617962651 6.729789986281759e-19
485.64405074607845 6.68478877601946e-19
485.70613969589175 6.289561879341624e-19
485.76822864570505 5.817248470416322e-19
485.8303175955184 6.179285262003351e-19
485.8924065453317 6.76409988712681e-19
485.954495495145 7.043712783563876e-19
486.01658444495837 6.706993405587681e-19
486.07867339477167 7.264899328396907e-19
486.140762344585 7.455684917767083e-19
486.20285129439833 6.861288439222963e-19
486.26494024421163 6.12258358197649e-19
486.327029194025 7.300690916514194e-19
486.3891181438383 7.554129233430667e-19
486.4512070936516 6.712813655172757e-19
486.51329604346495 5.906529175856467e-19
486.57538499327825 7.014531402516654e-19
486.63747394309155 6.357595416772579e-19
486.6995628929049 7.302674599020673e-19
486.7616518427182 6.758053196849048e-19
486.82374079253157 6.618402361983252e-19
486.88582974234487 6.022554181464101e-19
486.94791869215817 6.586958124972814e-19
487.0100076419715 6.295931687046165e-19
487.0720965917848 8.157493900778511e-19
487.13418554159813 7.464589000073334e-19
487.1962744914115 7.297938473025924e-19
487.2583634412248 7.06370884089658e-19
487.3204523910381 7.87299288390914e-19
487.38254134085145 7.859991672631338e-19
487.44463029066475 7.442569452167172e-19
487.5067192404781 6.62224823484374e-19
487.5688081902914 8.368184040626127e-19
487.6308971401047 7.804702920488293e-19
487.692986089918 7.523150285514791e-19
487.75507503973137 7.805872864067173e-19
487.81716398954467 6.443624268429625e-19
487.879252939358 6.590895504688566e-19
487.9413418891713 6.270477271646377e-19
488.0034308389846 6.669129730035949e-19
488.065519788798 6.711710920018647e-19
488.1276087386113 6.446701897296205e-19
488.1896976884246 6.537157199206176e-19
488.25178663823795 7.138133899523156e-19
488.31387558805125 7.095543920746449e-19
488.37596453786455 7.014263085805457e-19
488.4380534876779 6.516791495537238e-19
488.5001424374912 6.967187203169298e-19
488.56223138730456 6.497751865787798e-19
488.62432033711787 6.358836704679291e-19
488.68640928693117 6.420385146107831e-19
488.7484982367445 5.61402415258488e-19
488.8105871865578 7.125565407103295e-19
488.8726761363711 6.934522874755345e-19
488.9347650861845 6.539154840385492e-19
488.9968540359978 5.4482695655384415e-19
489.0589429858111 5.801191343763019e-19
489.12103193562444 6.434337098102186e-19
489.18312088543775 6.498434806781037e-19
489.2452098352511 6.831432388988627e-19
489.3072987850644 6.052478474098972e-19
489.3693877348777 6.08126849531888e-19
489.43147668469106 6.96723476605452e-19
489.49356563450436 7.0426452035858e-19
489.55565458431767 5.818328458103587e-19
489.617743534131 5.810471793247981e-19
489.6798324839443 6.806317117639986e-19
489.7419214337576 6.728752391600888e-19
489.804010383571 6.4003539335990935e-19
489.8660993333843 6.922696776935251e-19
489.92818828319764 7.515323088968508e-19
489.99027723301094 6.387038393688521e-19
490.05236618282424 6.678768452123723e-19
490.1144551326376 6.81420635273221e-19
490.1765440824509 6.718088482541431e-19
490.2386330322642 7.589684558085494e-19
490.30072198207756 7.746235209853631e-19
490.36281093189086 7.120385705505065e-19
490.42489988170416 6.47986977190805e-19
490.4869888315175 6.990746340990574e-19
490.5490777813308 6.877519790792785e-19
490.6111667311442 6.684918539978055e-19
490.6732556809575 7.285840956567336e-19
490.7353446307708 7.5762040990402935e-19
490.79743358058414 6.974605979288133e-19
490.85952253039744 6.559596541273208e-19
490.92161148021074 6.698289397592092e-19
490.9837004300241 7.117558815761665e-19
491.0457893798374 6.276176029078984e-19
491.1078783296507 7.23863841189988e-19
491.16996727946406 6.531872549067728e-19
491.23205622927736 6.120196648921391e-19
491.29414517909066 5.975783321678821e-19
491.356234128904 6.949218255325232e-19
491.4183230787173 7.078574310479923e-19
491.4804120285306 7.170755834930716e-19
491.542500978344 6.252821101471433e-19
491.6045899281573 6.594541303238394e-19
491.66667887797064 7.111623794866597e-19
491.72876782778394 6.852659911458269e-19
491.79085677759724 7.196102199862989e-19
491.8529457274106 6.055600563923477e-19
491.9150346772239 7.402938195043991e-19
491.9771236270372 5.55620371077954e-19
492.03921257685056 6.878793131948233e-19
492.10130152666386 6.476307725395244e-19
492.16339047647716 6.693464866669376e-19
492.2254794262905 6.938250874378545e-19
492.2875683761038 7.206552592926831e-19
492.3496573259172 7.360208629538916e-19
492.4117462757305 6.843695858557608e-19
492.4738352255438 5.79287972957051e-19
492.53592417535714 5.7178099870540255e-19
492.59801312517044 6.467017453140508e-19
492.66010207498374 6.83688867910418e-19
492.7221910247971 6.946296756799272e-19
492.7842799746104 7.301607019042596e-19
492.8463689244237 6.070303182323724e-19
492.90845787423706 6.697477726616024e-19
492.97054682405036 6.213553286829892e-19
493.0326357738637 6.553157457192366e-19
493.094724723677 7.119126323022453e-19
493.1568136734903 6.624559687667943e-19
493.2189026233037 5.160651111735511e-19
493.280991573117 6.672487566335031e-19
493.3430805229303 6.767039997216554e-19
493.40516947274364 6.909028134300695e-19
493.46725842255694 5.870829094594444e-19
493.52934737237024 7.6830897928549815e-19
493.5914363221836 5.595950256200596e-19
493.6535252719969 6.164397561941045e-19
493.71561422181026 7.257284613870474e-19
493.77770317162356 6.825930086951501e-19
493.83979212143686 6.574673458900636e-19
493.9018810712502 6.532368340447377e-19
493.9639700210635 7.355891263729272e-19
494.0260589708768 7.0788922580278735e-19
494.0881479206902 6.831565254874518e-19
494.1502368705035 7.22670581457592e-19
494.2123258203168 5.921779284424648e-19
494.27441477013014 6.196950220972304e-19
494.33650371994344 5.922303510137854e-19
494.39859266975674 6.927850112151456e-19
494.4606816195701 6.510690521531776e-19
494.5227705693834 6.066776290986951e-19
494.5848595191967 5.938768023242839e-19
494.64694846901006 7.121978545172112e-19
494.70903741882336 7.013000601395548e-19
494.7711263686367 7.116614795887589e-19
494.83321531845 6.377234752466119e-19
494.8953042682633 6.5863062032525455e-19
494.9573932180767 5.965894894443632e-19
495.01948216789 5.949675950582999e-19
495.0815711177033 6.637886601311938e-19
495.14366006751663 6.753602965153513e-19
495.20574901732994 6.617272226471351e-19
495.26783796714324 6.063043638472806e-19
495.3299269169566 6.906167123357027e-19
495.3920158667699 6.971444081396649e-19
495.45410481658325 6.552994089021387e-19
495.51619376639655 6.204047430628009e-19
495.57828271620986 6.943203618296206e-19
495.6403716660232 6.842894527339198e-19
495.7024606158365 6.441748636390661e-19
495.7645495656498 6.124715123017462e-19
495.8266385154632 6.023443400622595e-19
495.8887274652765 6.92699863310841e-19
495.9508164150898 6.668004247414994e-19
496.01290536490313 7.363329168399772e-19
496.07499431471643 7.7704090462676105e-19
496.1370832645298 5.991717922203889e-19
496.1991722143431 6.699804689076712e-19
496.2612611641564 6.695166790779704e-19
496.32335011396975 6.336990864701766e-19
496.38543906378305 5.132545065484608e-19
496.44752801359635 6.301381256319241e-19
496.5096169634097 7.576538590200495e-19
496.571705913223 6.772981738954099e-19
496.6337948630363 6.302108141282522e-19
496.6958838128497 5.799453230500892e-19
496.757972762663 6.340207046320949e-19
496.82006171247633 6.741577826998523e-19
496.88215066228963 7.44034175137999e-19
496.94423961210293 6.369963317893895e-19
497.0063285619163 6.62110362367112e-19
497.0684175117296 6.16635332710185e-19
497.1305064615429 6.297063890509597e-19
497.19259541135625 7.053855568837425e-19
497.25468436116955 6.607841850500364e-19
497.31677331098285 6.404789172646026e-19
497.3788622607962 6.109382296388026e-19
497.4409512106095 6.3892511018271005e-19
497.5030401604228 5.800338313756324e-19
497.56512911023617 6.711456561980287e-19
497.6272180600495 6.420291571301036e-19
497.6893070098628 6.072638416590538e-19
497.75139595967613 6.964880403236041e-19
497.81348490948943 6.333404519758466e-19
497.8755738593028 6.368323949317392e-19
497.9376628091161 6.665123590931778e-19
497.9997517589294 6.923725582822114e-19
498.06184070874275 6.154632177821974e-19
498.12392965855605 5.627254906482666e-19
498.18601860836935 6.002355464881321e-19
498.2481075581827 6.256954936582666e-19
498.310196507996 6.417132775336849e-19
498.3722854578093 6.141488794876389e-19
498.43437440762267 6.893812146932782e-19
498.49646335743597 6.407126474864371e-19
498.55855230724933 6.608997318418524e-19
498.62064125706263 6.862936596593475e-19
498.68273020687593 6.376476331241985e-19
498.7448191566893 6.708725314995214e-19
498.8069081065026 6.732403877017427e-19
498.8689970563159 6.1845730140690965e-19
498.93108600612925 5.82113053242861e-19
498.99317495594255 6.825244044030965e-19
499.05526390575585 6.020831060850576e-19
499.1173528555692 6.503645527652239e-19
499.1794418053825 7.033513646611097e-19
499.24153075519587 6.060487650380017e-19
499.30361970500917 6.649377690983948e-19
499.36570865482247 6.550750361609836e-19
499.4277976046358 6.056181141315913e-19
499.48988655444913 5.988008017156589e-19
499.55197550426243 6.122069696020941e-19
499.6140644540758 6.493515150087878e-19
499.6761534038891 5.89367789106469e-19
499.7382423537024 6.017110816045619e-19
499.80033130351575 6.448007808688273e-19
499.86242025332905 6.105855405051253e-19
499.9245092031424 6.013504308574888e-19
499.9865981529557 6.57623476230683e-19
500.048687102769 6.373924479052259e-19
500.11077605258237 6.799643321060331e-19
500.17286500239567 6.767370869461575e-19
500.23495395220897 6.337273657073682e-19
500.2970429020223 6.279137852659807e-19
500.3591318518356 6.845523927711351e-19
500.42122080164893 6.456941359303846e-19
500.4833097514623 6.56361922398963e-19
500.5453987012756 6.437739395359193e-19
500.6074876510889 5.940889741514037e-19
500.66957660090225 6.514856926879629e-19
500.73166555071555 6.225172589496848e-19
500.79375450052885 5.745586195035673e-19
500.8558434503422 6.336222103719974e-19
500.9179324001555 6.669893838126795e-19
500.98002134996887 6.873637211792614e-19
501.04211029978217 6.643542448750269e-19
501.10419924959547 5.954935268315188e-19
501.1662881994088 6.146262660986586e-19
501.2283771492221 6.357874590229316e-19
501.2904660990354 6.527911387909365e-19
501.3525550488488 6.992491692083061e-19
501.4146439986621 6.910945125370287e-19
501.4767329484754 5.311326196215108e-19
501.53882189828875 6.580051166857996e-19
501.60091084810205 6.41349214666585e-19
501.6629997979154 6.143388208357964e-19
501.7250887477287 5.964318598388836e-19
501.787177697542 6.2004853841152025e-19
501.84926664735536 6.38908204678941e-19
501.91135559716867 6.704414153040164e-19
501.97344454698197 6.228405831716164e-19
502.0355334967953 5.819457559639721e-19
502.0976224466086 5.872408492576538e-19
502.1597113964219 6.571470201978524e-19
502.2218003462353 5.99167449522173e-19
502.2838892960486 6.2830679945452e-19
502.34597824586194 6.970649988008599e-19
502.40806719567524 7.403862569378519e-19
502.47015614548855 1.10785715986026e-18
502.5322450953019 2.1911451943713167e-18
502.5943340451152 3.7684231125547805e-18
502.6564229949285 4.801321889088521e-18
502.71851194474186 5.417901904095242e-18
502.78060089455516 5.856003639873233e-18
502.84268984436846 6.022584993941918e-18
502.9047787941818 5.886845069012273e-18
502.9668677439951 5.41392440611978e-18
503.0289566938085 5.22337342585084e-18
503.0910456436218 4.715526715954521e-18
503.1531345934351 4.124098368243394e-18
503.21522354324844 3.0673587988898033e-18
503.27731249306174 1.720019616805641e-18
503.33940144287504 8.434772079936646e-19
503.4014903926884 6.786254368870395e-19
503.4635793425017 6.627910286136666e-19
503.525668292315 5.321544978707435e-19
503.58775724212836 6.518561662048101e-19
503.64984619194166 6.575038969333808e-19
503.71193514175496 6.591041295271529e-19
503.7740240915683 6.559851416299451e-19
503.8361130413816 6.499748989979231e-19
503.8982019911949 6.1175403651793305e-19
503.9602909410083 5.81375983618288e-19
504.0223798908216 6.43783141920234e-19
504.08446884063494 6.370508223122415e-19
504.14655779044824 7.012020909357555e-19
504.20864674026154 7.383621459789346e-19
504.2707356900749 6.305543008776148e-19
504.3328246398882 6.471955721397449e-19
504.3949135897015 6.647521704484532e-19
504.45700253951486 6.449483809093798e-19
504.51909148932816 6.099690324548319e-19
504.58118043914146 6.888348618986869e-19
504.6432693889548 5.9032028758182385e-19
504.7053583387681 6.054907800160464e-19
504.7674472885815 6.2292516238925e-19
504.8295362383948 6.25883056862163e-19
504.8916251882081 6.314820873321696e-19
504.95371413802144 5.732955147081989e-19
505.01580308783474 5.683961239400473e-19
505.07789203764804 6.529047210287976e-19
505.1399809874614 6.724633032150374e-19
505.2020699372747 6.676512833990867e-19
505.264158887088 7.009835601576767e-19
505.32624783690136 6.417157073767343e-19
505.38833678671466 6.389277468209126e-19
505.450425736528 6.075853047246072e-19
505.5125146863413 5.754225062558024e-19
505.5746036361546 6.037178217706155e-19
505.636692585968 6.629547586761638e-19
505.6987815357813 5.908659682921674e-19
505.7608704855946 6.283246872352664e-19
505.82295943540794 6.510098570405918e-19
505.88504838522124 6.604451960952545e-19
505.94713733503454 6.189030483594992e-19
506.0092262848479 6.439453210190827e-19
506.0713152346612 6.032443642675055e-19
506.1334041844745 6.518484113865674e-19
506.19549313428786 6.461480512915231e-19
506.25758208410116 6.054833353905334e-19
506.3196710339145 6.33873931772155e-19
506.3817599837278 6.534112140576215e-19
506.4438489335411 7.244523284970312e-19
506.5059378833545 6.585260336765549e-19
506.5680268331678 6.670523529368101e-19
506.6301157829811 6.498993670682394e-19
506.69220473279444 7.21693164166284e-19
506.75429368260774 6.88888835433656e-19
506.81638263242104 6.681486774411725e-19
506.8784715822344 6.754194399291488e-19
506.9405605320477 6.832960605170319e-19
507.00264948186106 6.241697590184126e-19
507.06473843167436 6.433803049619207e-19
507.12682738148766 6.917242037783347e-19
507.188916331301 7.123015105877218e-19
507.2510052811143 5.985379133772319e-19
507.3130942309276 5.953758603893831e-19
507.375183180741 6.926706017966719e-19
507.4372721305543 6.342177804130356e-19
507.4993610803676 5.874643948181962e-19
507.56145003018094 5.962757294982642e-19
507.62353897999424 6.094891126031863e-19
507.68562792980754 6.234995359270915e-19
507.7477168796209 6.947839448641683e-19
507.8098058294342 7.224441924636939e-19
507.87189477924755 6.787373647636756e-19
507.93398372906086 6.241341902520728e-19
507.99607267887416 6.5116273035754925e-19
508.0581616286875 6.935049168420082e-19
508.1202505785008 6.8357208034768315e-19
508.1823395283141 7.002104564776693e-19
508.2444284781275 7.0552529870847565e-19
508.3065174279408 6.086786823980375e-19
508.3686063777541 6.443180692826144e-19
508.43069532756743 6.488213956337179e-19
508.49278427738074 6.6132914197734395e-19
508.5548732271941 7.058152772119638e-19
508.6169621770074 6.062781525616203e-19
508.6790511268207 5.904808123194474e-19
508.74114007663405 6.424323559799349e-19
508.80322902644735 7.200587069746675e-19
508.86531797626066 7.230899103293681e-19
508.927406926074 7.110667884271215e-19
508.9894958758873 7.3528637826873275e-19
509.0515848257006 7.93092964798812e-19
509.113673775514 7.283272043777476e-19
509.1757627253273 7.009018243733988e-19
509.2378516751406 7.122725075674941e-19
509.29994062495393 6.9185753495332055e-19
509.36202957476723 7.1308128341141785e-19
509.4241185245806 7.223585275715063e-19
509.4862074743939 6.740066154429082e-19
509.5482964242072 6.701515918968931e-19
509.61038537402055 6.519318015320704e-19
509.67247432383385 6.786523719557357e-19
509.73456327364715 7.671167018300795e-19
509.7966522234605 7.412933638770928e-19
509.8587411732738 6.738169325886922e-19
509.9208301230871 7.128068662432034e-19
509.9829190729005 7.01208346489138e-19
510.0450080227138 6.877028652304081e-19
510.1070969725271 7.073940031098095e-19
510.16918592234043 6.882247644981408e-19
510.23127487215373 6.320667489288798e-19
510.2933638219671 6.631110958119363e-19
510.3554527717804 6.655147792744388e-19
510.4175417215937 6.676677753125495e-19
510.47963067140705 6.883364855796237e-19
510.54171962122035 6.365234946717389e-19
510.60380857103365 6.668670644795982e-19
510.665897520847 6.581984184551956e-19
510.7279864706603 6.387105085125408e-19
510.7900754204736 7.280529940046862e-19
510.85216437028697 6.487051250588659e-19
510.9142533201003 5.868099915560902e-19
510.97634226991363 7.090773673551432e-19
511.03843121972693 6.92454966150737e-19
511.10052016954023 7.104224147299427e-19
511.1626091193536 7.249445009615002e-19
511.2246980691669 7.240032211232032e-19
511.2867870189802 7.364243719964526e-19
511.34887596879355 7.279244191182225e-19
511.41096491860685 7.773646941377873e-19
511.47305386842015 8.334320817311855e-19
511.5351428182335 7.414714662027332e-19
511.5972317680468 7.379136072917777e-19
511.65932071786017 7.573788731651639e-19
511.72140966767347 6.248281430872165e-19
511.78349861748677 6.811542831159789e-19
511.84558756730013 7.974522583257547e-19
511.90767651711343 7.636477648349736e-19
511.96976546692673 7.562397420641018e-19
512.0318544167401 7.340955483793861e-19
512.0939433665534 7.514260161881377e-19
512.1560323163667 7.489573990475498e-19
512.21812126618 7.884534638393669e-19
512.2802102159934 7.723223045212406e-19
512.3422991658067 7.604062508095314e-19
512.40438811562 7.919996905229583e-19
512.4664770654333 7.837636599589209e-19
512.5285660152466 1.0290266406888033e-18
512.5906549650599 2.6925719487384583e-18
512.6527439148733 6.367173134290177e-18
512.7148328646866 1.0162873354724506e-17
512.7769218144999 1.225136129917493e-17
512.8390107643132 1.3096166649039625e-17
512.9010997141265 1.3826197380190137e-17
512.96318866394 1.3540855637625682e-17
513.0252776137532 1.318716396104597e-17
513.0873665635665 1.2418045637229878e-17
513.1494555133798 1.1656570462273775e-17
513.2115444631931 1.0385430434434961e-17
513.2736334130065 8.27997536125985e-18
513.3357223628199 5.134950713501065e-18
513.3978113126332 1.995595354865565e-18
513.4599002624465 9.14955022097714e-19
513.5219892122598 8.06987996427266e-19
513.5840781620731 8.33182376583771e-19
513.6461671118865 7.653081231195206e-19
513.7082560616998 7.951924525910481e-19
513.7703450115131 7.640527214436065e-19
513.8324339613264 7.935341622580324e-19
513.8945229111397 7.731624098308648e-19
513.956611860953 7.436108137607367e-19
514.0187008107664 7.443889322232077e-19
514.0807897605797 7.693495724960899e-19
514.142878710393 7.058647529523521e-19
514.2049676602063 7.18543984176718e-19
514.2670566100196 7.590694752408574e-19
514.329145559833 7.246987249219954e-19
514.3912345096463 7.347752323489633e-19
514.4533234594596 6.732749741911051e-19
514.5154124092729 7.097196214020023e-19
514.5775013590862 7.224449162467298e-19
514.6395903088995 7.994943087642067e-19
514.7016792587129 7.596646833903776e-19
514.7637682085262 7.048844922276885e-19
514.8258571583395 7.067470961720048e-19
514.8879461081528 7.522896444464314e-19
514.9500350579661 6.475186895665235e-19
515.0121240077794 7.697771214752032e-19
515.0742129575929 7.184728983428268e-19
515.1363019074062 7.5499054424278185e-19
515.1983908572195 7.448607353650926e-19
515.2604798070328 7.374559696178828e-19
515.3225687568461 8.038181886211745e-19
515.3846577066595 6.341935336813302e-19
515.4467466564728 7.0917869698018095e-19
515.5088356062861 7.3407373149073e-19
515.5709245560994 7.860687538321648e-19
515.6330135059127 7.1408641125324635e-19
515.695102455726 7.660277702524418e-19
515.7571914055394 7.315485041769705e-19
515.8192803553527 7.311989686693785e-19
515.881369305166 7.312710367802472e-19
515.9434582549793 7.210657476716625e-19
516.0055472047926 7.5042983223668245e-19
516.067636154606 7.748432925343608e-19
516.1297251044193 7.413742724807582e-19
516.1918140542326 7.391278567322173e-19
516.2539030040459 6.587683458972446e-19
516.3159919538592 6.959893538118112e-19
516.3780809036725 7.287338670463939e-19
516.4401698534859 7.457930196142282e-19
516.5022588032992 6.757868632174872e-19
516.5643477531125 7.635704234476998e-19
516.6264367029258 7.354872280612183e-19
516.6885256527391 7.767137546944963e-19
516.7506146025526 8.48087344041364e-19
516.8127035523659 7.7797401605650915e-19
516.8747925021792 8.057093819954122e-19
516.9368814519925 7.790358574690858e-19
516.9989704018058 8.314361983106716e-19
517.0610593516191 8.0068953305055755e-19
517.1231483014325 8.064679583159116e-19
517.1852372512458 8.418102839630054e-19
517.2473262010591 8.886420966196724e-19
517.3094151508724 9.61502129527298e-19
517.3715041006857 9.620015398221268e-19
517.433593050499 1.0250790246129705e-18
517.4956820003124 2.08328270365078e-18
517.5577709501257 8.375875372756798e-18
517.619859899939 1.990890723772639e-17
517.6819488497523 3.024792043208794e-17
517.7440377995656 3.5038172990219276e-17
517.806126749379 3.7830731429475847e-17
517.8682156991923 3.878064579259704e-17
517.9303046490056 3.943563718011858e-17
517.9923935988189 3.7698895383447145e-17
518.0544825486322 3.538359368785407e-17
518.1165714984455 3.235644682687746e-17
518.1786604482589 2.80260008102072e-17
518.2407493980722 2.2241128085568626e-17
518.3028383478855 1.2483302742934799e-17
518.3649272976988 3.9894561119866064e-18
518.4270162475121 1.196653654449332e-18
518.4891051973256 1.0380373258964965e-18
518.5511941471389 9.110665494356787e-19
518.6132830969522 9.674893661985333e-19
518.6753720467655 9.193340128629931e-19
518.7374609965788 9.392881941771864e-19
518.7995499463921 9.882021755320143e-19
518.8616388962055 9.260601286163915e-19
518.9237278460188 8.98259828999403e-19
518.9858167958321 9.201078403260365e-19
519.0479057456454 8.921156348069357e-19
519.1099946954587 8.395913202710436e-19
519.1720836452721 8.17589039760169e-19
519.2341725950854 8.107875471734518e-19
519.2962615448987 7.475308743824138e-19
519.358350494712 7.370270247714857e-19
519.4204394445253 7.113289012837243e-19
519.4825283943386 7.947865137054377e-19
519.544617344152 7.116989612102652e-19
519.6067062939653 7.596481397781265e-19
519.6687952437786 7.956370104715071e-19
519.7308841935919 7.461886704409699e-19
519.7929731434052 6.978893359800572e-19
519.8550620932186 6.977256576163483e-19
519.9171510430319 7.148211544323466e-19
519.9792399928452 7.1482358427539595e-19
520.0413289426585 6.672992146508689e-19
520.1034178924718 6.741033955745769e-19
520.1655068422851 7.05876540276081e-19
520.2275957920986 7.212080744358099e-19
520.2896847419119 7.576194793258402e-19
520.3517736917252 7.42812946361141e-19
520.4138626415385 6.866108317254733e-19
520.4759515913518 7.175862641237465e-19
520.5380405411651 7.306050529895655e-19
520.6001294909785 7.773998493138208e-19
520.6622184407918 8.255964582824121e-19
520.7243073906051 7.463348229154504e-19
520.7863963404184 7.488259807277304e-19
520.8484852902317 7.869498562808986e-19
520.9105742400451 7.441416569188426e-19
520.9726631898584 7.636300838493802e-19
521.0347521396717 7.539076097245851e-19
521.096841089485 6.714393570142733e-19
521.1589300392983 7.754439807554391e-19
521.2210189891116 7.227129744639853e-19
521.283107938925 7.293234400279911e-19
521.3451968887383 8.233753232413423e-19
521.4072858385516 7.914038102891904e-19
521.4693747883649 7.357355890401373e-19
521.5314637381782 7.817033598482045e-19
521.5935526879916 8.314804524734432e-19
521.6556416378049 7.5598093792994925e-19
521.7177305876182 8.116980145339312e-19
521.7798195374315 7.37370614918425e-19
521.8419084872448 7.14138678728202e-19
521.9039974370581 7.339957180192086e-19
521.9660863868716 7.19990309477767e-19
522.0281753366849 7.464160934106337e-19
522.0902642864982 7.489724950937289e-19
522.1523532363115 7.511536669714546e-19
522.2144421861248 7.846931524734891e-19
522.2765311359382 7.165623179229824e-19
522.3386200857515 7.171822897920909e-19
522.4007090355648 8.177529249190311e-19
522.4627979853781 7.836595385993158e-19
522.5248869351914 7.116718193464158e-19
522.5869758850047 6.892353207127392e-19
522.6490648348181 7.755942691329824e-19
522.7111537846314 7.646215115123133e-19
522.7732427344447 7.716044151471211e-19
522.835331684258 6.726830747640351e-19
522.8974206340713 7.415053806078478e-19
522.9595095838847 7.030524422672484e-19
523.021598533698 6.998728633901711e-19
523.0836874835113 7.225058691181173e-19
523.1457764333246 7.883945789195108e-19
523.2078653831379 7.916388846795203e-19
523.2699543329512 7.614100344828645e-19
523.3320432827646 6.891714727092077e-19
523.3941322325779 6.818099271490038e-19
523.4562211823912 7.335084569396266e-19
523.5183101322045 8.014434047813231e-19
523.5803990820178 7.904816590025586e-19
523.6424880318311 7.524692977357202e-19
523.7045769816445 7.793708656171698e-19
523.7666659314579 8.420874411669989e-19
523.8287548812712 7.860552087496342e-19
523.8908438310845 7.222018802430041e-19
523.9529327808978 7.629597573604826e-19
524.0150217307112 7.668479198297881e-19
524.0771106805245 7.500794178496897e-19
524.1391996303378 7.520761801496044e-19
524.2012885801511 7.84185522071323e-19
524.2633775299644 7.168137808291985e-19
524.3254664797777 6.937862616478528e-19
524.3875554295911 7.085088874791661e-19
524.4496443794044 8.109629611621013e-19
524.5117333292177 8.107401910833831e-19
524.573822279031 8.060627432133372e-19
524.6359112288443 8.022916268007079e-19
524.6980001786577 7.843185430535792e-19
524.760089128471 8.220363763235604e-19
524.8221780782843 7.934775520848608e-19
524.8842670280976 7.316526772353639e-19
524.9463559779109 7.322044067039367e-19
525.0084449277242 7.706948266660425e-19
525.0705338775376 8.139873402767483e-19
525.1326228273509 7.797492490486245e-19
525.1947117771642 7.588921483970413e-19
525.2568007269775 7.874291040482965e-19
525.3188896767908 7.786944903700428e-19
525.3809786266042 7.75931758822904e-19
525.4430675764175 7.587769634967433e-19
525.5051565262308 8.14860429413298e-19
525.5672454760441 8.253634001448252e-19
525.6293344258575 7.94066401283422e-19
525.6914233756708 8.284764426813803e-19
525.7535123254842 8.294879811729561e-19
525.8156012752975 7.683294520056588e-19
525.8776902251108 7.662925714460353e-19
525.9397791749241 8.142955684525009e-19
526.0018681247374 8.105055302833595e-19
526.0639570745508 8.359151228337048e-19
526.1260460243641 8.298754635911489e-19
526.1881349741774 8.37467223855584e-19
526.2502239239907 7.915779318081328e-19
526.312312873804 7.880800434915875e-19
526.3744018236173 8.053431994779926e-19
526.4364907734307 8.568583019677818e-19
526.498579723244 8.212297718287446e-19
526.5606686730573 7.870799821310109e-19
526.6227576228706 8.176577474497992e-19
526.6848465726839 7.770396121570539e-19
526.7469355224972 8.067408762192658e-19
526.8090244723106 8.061592131522762e-19
526.8711134221239 8.192253064093755e-19
526.9332023719372 8.706148325424215e-19
526.9952913217505 7.885286338775326e-19
527.0573802715638 7.978485295379559e-19
527.1194692213772 7.925871438542358e-19
527.1815581711905 7.505120333100549e-19
527.2436471210038 7.283698558780823e-19
527.3057360708171 8.083102963352203e-19
527.3678250206304 8.298165269725045e-19
527.4299139704437 7.948250293027097e-19
527.4920029202572 7.502305851066337e-19
527.5540918700705 8.422116733552467e-19
527.6161808198838 8.616338224392035e-19
527.6782697696971 8.184846695684108e-19
527.7403587195104 7.676863190793989e-19
527.8024476693238 8.40587711017652e-19
527.8645366191371 8.250494334035731e-19
527.9266255689504 7.719025103603699e-19
527.9887145187637 8.354923818419019e-19
528.050803468577 8.050440185901898e-19
528.1128924183903 8.395773615982068e-19
528.1749813682037 8.254624033243902e-19
528.237070318017 8.926017068143872e-19
528.2991592678303 8.333759885458967e-19
528.3612482176436 8.267232333730741e-19
528.4233371674569 8.598985526104321e-19
528.4854261172703 8.742415025405836e-19
528.5475150670836 8.228294357358456e-19
528.6096040168969 8.38553828987749e-19
528.6716929667102 7.981060929011896e-19
528.7337819165235 7.935076924784307e-19
528.7958708663368 7.538500689732244e-19
528.8579598161502 8.11238877595176e-19
528.9200487659635 7.892094552204521e-19
528.9821377157768 8.329832845500872e-19
529.0442266655901 8.936822114895346e-19
529.1063156154034 8.169104931639341e-19
529.1684045652169 8.294644065254983e-19
529.2304935150302 8.459023464533052e-19
529.2925824648435 8.866035100000355e-19
529.3546714146568 8.600706061778432e-19
529.4167603644701 8.751333066384924e-19
529.4788493142834 8.300642158671758e-19
529.5409382640968 9.141644442272664e-19
529.6030272139101 8.1221877642832165e-19
529.6651161637234 9.008976045752581e-19
529.7272051135367 9.011459655541771e-19
529.78929406335 8.326897905289957e-19
529.8513830131633 8.91505795900331e-19
529.9134719629767 8.429282185608708e-19
529.97556091279 8.183844773167153e-19
530.0376498626033 8.937076472933706e-19
530.0997388124166 9.217192915568663e-19
530.1618277622299 9.213268977537865e-19
530.2239167120433 9.833723713328937e-19
530.2860056618566 9.451109253041003e-19
530.3480946116699 9.083246525002186e-19
530.4101835614832 8.550921679624045e-19
530.4722725112965 8.725794898948115e-19
530.5343614611098 8.514073368274222e-19
530.5964504109232 8.621424868171354e-19
530.6585393607365 8.492666967997115e-19
530.7206283105498 8.290947601892637e-19
530.7827172603631 8.91218557432622e-19
530.8448062101764 8.255822928144221e-19
530.9068951599899 8.600084125355368e-19
530.9689841098032 8.818342967807845e-19
531.0310730596165 8.661740617251423e-19
531.0931620094298 8.921982494706145e-19
531.1552509592431 8.800480002479762e-19
531.2173399090564 9.51022474949287e-19
531.2794288588698 8.984082045217798e-19
531.3415178086831 9.770163155060362e-19
531.4036067584964 8.185835176516109e-19
531.4656957083097 8.353045084452758e-19
531.527784658123 9.477285383525243e-19
531.5898736079364 9.210950803871185e-19
531.6519625577497 8.501457829957022e-19
531.714051507563 9.068041911367696e-19
531.7761404573763 9.340192604703767e-19
531.8382294071896 8.705440052024716e-19
531.9003183570029 8.86056743615138e-19
531.9624073068163 8.444464568764236e-19
532.0244962566296 9.3495221680376e-19
532.0865852064429 8.903588065834497e-19
532.1486741562562 9.65971386376922e-19
532.2107631060695 8.902944932908237e-19
532.2728520558829 8.552188299937017e-19
532.3349410056962 8.657240237731251e-19
532.3970299555095 8.819035731570858e-19
532.4591189053228 9.71289640727755e-19
532.5212078551361 8.881010171014862e-19
532.5832968049494 8.990813227452448e-19
532.6453857547629 9.146519638007898e-19
532.7074747045762 8.493624946544028e-19
532.7695636543895 9.100957495892712e-19
532.8316526042028 9.272720516113583e-19
532.8937415540161 8.676300546996004e-19
532.9558305038295 8.942072643833526e-19
533.0179194536428 9.046845408171024e-19
533.0800084034561 9.193873660125028e-19
533.1420973532694 9.109555004384435e-19
533.2041863030827 1.0114891709317602e-18
533.266275252896 9.174519701742818e-19
533.3283642027094 9.882662820294871e-19
533.3904531525227 8.965835474880644e-19
533.452542102336 9.786188745452812e-19
533.5146310521493 9.536683155361145e-19
533.5767200019626 9.280898230444435e-19
533.6388089517759 8.81877103377484e-19
533.7008979015893 9.69157996289206e-19
533.7629868514026 9.517578385138467e-19
533.8250758012159 9.846047670480212e-19
533.8871647510292 9.194039096247539e-19
533.9492537008425 8.899574171912083e-19
534.0113426506559 8.936632897330225e-19
534.0734316004692 8.987494165244579e-19
534.1355205502825 9.588976479710982e-19
534.1976095000958 9.845861554842387e-19
534.2596984499091 9.595411944876644e-19
534.3217873997224 9.415165153498277e-19
534.3838763495359 9.262370418699013e-19
534.4459652993492 9.793564094589488e-19
534.5080542491625 9.403156558955538e-19
534.5701431989758 9.05787792959095e-19
534.6322321487891 9.8153168767481e-19
534.6943210986025 9.53430604507582e-19
534.7564100484158 9.23906977481916e-19
534.8184989982291 9.507670829351613e-19
534.8805879480424 9.749813478015792e-19
534.9426768978557 9.313307166844263e-19
535.004765847669 9.949590003656537e-19
535.0668547974824 9.934484651695553e-19
535.1289437472957 9.508321200108233e-19
535.191032697109 9.32443998391346e-19
535.2531216469223 9.444326372018068e-19
535.3152105967356 9.623174194185455e-19
535.377299546549 9.632196666716877e-19
535.4393884963623 9.351092777225685e-19
535.5014774461756 1.0018319406777802e-18
535.5635663959889 8.960200306957626e-19
535.6256553458022 9.890569632975113e-19
535.6877442956155 9.393003950912215e-19
535.7498332454289 9.53572672777788e-19
535.8119221952422 9.354591751216784e-19
535.8740111450555 9.700506275677272e-19
535.9361000948688 1.023541399251811e-18
535.9981890446821 1.1939341947879874e-18
536.0602779944954 9.17189650522526e-19
536.1223669443089 8.588599756525835e-19
536.1844558941222 8.850971107069999e-19
536.2465448439355 9.823715861892811e-19
536.3086337937488 9.060567300557513e-19
536.370722743562 8.682392732207457e-19
536.4328116933755 9.953934769823972e-19
536.4949006431888 9.81128540523767e-19
536.5569895930021 9.706734945689796e-19
536.6190785428154 9.614715238446335e-19
536.6811674926287 9.058764046822148e-19
536.743256442442 9.099895602781347e-19
536.8053453922554 9.511096391063348e-19
536.8674343420687 9.217794689464296e-19
536.929523291882 1.0012121756038249e-18
536.9916122416953 9.603494533437053e-19
537.0537011915086 9.99948450422997e-19
537.115790141322 9.30702059418886e-19
537.1778790911353 9.38650437924908e-19
537.2399680409486 1.025977859746086e-18
537.3020569907619 1.0010190289307937e-18
537.3641459405752 9.991898224037093e-19
537.4262348903885 9.611120104709026e-19
537.4883238402019 9.707290190675973e-19
537.5504127900152 9.875411548250078e-19
537.6125017398285 9.907991090651245e-19
537.6745906896418 1.0463275367906561e-18
537.7366796394551 1.0018370071590321e-18
537.7987685892685 1.0259830296249144e-18
537.8608575390818 1.0302328768170587e-18
537.9229464888951 1.0366248116029857e-18
537.9850354387085 1.055303997400505e-18
538.0471243885218 9.75932915698745e-19
538.109213338335 1.023262329192651e-18
538.1713022881485 1.0246571625005685e-18
538.2333912379618 1.038000723154391e-18
538.2954801877751 1.06317151900165e-18
538.3575691375884 1.0114211353263778e-18
538.4196580874017 1.0018165344388714e-18
538.481747037215 1.0112241629430136e-18
538.5438359870284 9.44157599648133e-19
538.6059249368417 1.0300191540262903e-18
538.668013886655 1.0692832463550746e-18
538.7301028364683 9.764674811696073e-19
538.7921917862816 1.0389936500821844e-18
538.854280736095 1.0909747137507823e-18
538.9163696859083 1.0111456841823976e-18
538.9784586357216 9.889307148565203e-19
539.0405475855349 1.022408472005343e-18
539.1026365353482 1.086632222330032e-18
539.1647254851616 1.0913228533910906e-18
539.2268144349749 1.0090085596722903e-18
539.2889033847882 1.058120547386248e-18
539.3509923346015 1.0471869774470987e-18
539.4130812844148 1.0170977656775995e-18
539.4751702342281 1.0131462204938571e-18
539.5372591840415 1.0576586704117138e-18
539.5993481338548 1.0602607738236524e-18
539.6614370836681 1.0085657078518447e-18
539.7235260334814 1.0402549971187512e-18
539.7856149832947 1.0512145198496194e-18
539.847703933108 1.0173262743218173e-18
539.9097928829215 1.0756412667358869e-18
539.9718818327348 1.0230630820626022e-18
540.0339707825481 9.843051208711238e-19
540.0960597323614 1.0124818910644004e-18
540.1581486821747 1.0570378713619927e-18
540.2202376319881 1.04637292832677e-18
540.2823265818014 1.0206893838973047e-18
540.3444155316147 1.0353770096489494e-18
540.406504481428 9.967548094755063e-19
540.4685934312413 1.006739913444787e-18
540.5306823810546 1.0507776650886148e-18
540.592771330868 1.0146670954476124e-18
540.6548602806813 9.982176783888063e-19
540.7169492304946 1.0342611430026154e-18
540.7790381803079 9.760254565297743e-19
540.8411271301212 1.0425714130266294e-18
540.9032160799346 1.0216791055002244e-18
540.9653050297479 9.847405280660564e-19
541.0273939795612 1.0934770385013318e-18
541.0894829293745 1.0847232962714128e-18
541.1515718791878 1.0599239045191902e-18
541.2136608290011 1.046999724435932e-18
541.2757497788145 1.0472723838453448e-18
541.3378387286278 1.0520606222186846e-18
541.3999276784411 1.0367049447248267e-18
541.4620166282544 1.0470504926460275e-18
541.5241055780677 1.04656007794036e-18
541.5861945278812 1.0798334180803056e-18
541.6482834776945 1.0367588148622193e-18
541.7103724275078 1.0436495395575157e-18
541.7724613773211 1.0763706332410055e-18
541.8345503271344 1.0238527293548606e-18
541.8966392769477 1.0564788006654834e-18
541.9587282267611 1.0398454393179609e-18
542.0208171765744 1.048855193947465e-18
542.0829061263877 1.0879159032431378e-18
542.144995076201 1.0960546366876236e-18
542.2070840260143 1.0360604676300714e-18
542.2691729758276 1.0606020892239071e-18
542.331261925641 1.0854102697701381e-18
542.3933508754543 1.0945237321689411e-18
542.4554398252676 1.0687496114624013e-18
542.5175287750809 1.0056690247442606e-18
542.5796177248942 1.0366295678915078e-18
542.6417066747076 1.0422747653794526e-18
542.7037956245209 1.0649240045269201e-18
542.7658845743342 1.1206565390685992e-18
542.8279735241475 1.1143684154495477e-18
542.8900624739608 1.104317550621569e-18
542.9521514237741 1.1089452125584969e-18
543.0142403735875 1.108016495525753e-18
543.0763293234008 1.0567516668700494e-18
543.1384182732141 1.0848397219426297e-18
543.2005072230274 1.0683864791734905e-18
543.2625961728407 1.0796193850968075e-18
543.3246851226542 1.0916424553002658e-18
543.3867740724675 1.0762369401745016e-18
543.4488630222808 1.0554264201311628e-18
543.5109519720941 1.0528585413170685e-18
543.5730409219074 1.0648588640536816e-18
543.6351298717207 1.0380442535341267e-18
543.6972188215341 1.1069474679816047e-18
543.7593077713474 1.1277486822430523e-18
543.8213967211607 1.0868402582540892e-18
543.883485670974 1.0276584839556406e-18
543.9455746207873 1.0217268751805994e-18
544.0076635706007 1.0429854169232122e-18
544.069752520414 1.1395137754929706e-18
544.1318414702273 1.0671797260573522e-18
544.1939304200406 1.0626449151441834e-18
544.2560193698539 1.03966976683537e-18
544.3181083196672 1.0987484537499791e-18
544.3801972694806 1.061146374066967e-18
544.4422862192939 1.0639381086343335e-18
544.5043751691072 1.0421468625772365e-18
544.5664641189205 1.1035958355371164e-18
544.6285530687338 1.0267533415703544e-18
544.6906420185471 1.07775802192341e-18
544.7527309683605 1.0708407240509354e-18
544.8148199181738 1.10457790571937e-18
544.8769088679871 1.1164467067385871e-18
544.9389978178004 1.0946398476474282e-18
545.0010867676137 1.1097902809517964e-18
545.0631757174272 1.1023784324705915e-18
545.1252646672405 1.1240430164963913e-18
545.1873536170538 1.102880324307258e-18
545.2494425668671 1.1622884359008165e-18
545.3115315166804 1.0412820452468123e-18
545.3736204664938 1.0565707211110534e-18
545.4357094163071 1.084173738151948e-18
545.4977983661204 1.0264850248591575e-18
545.5598873159337 1.075522669715562e-18
545.621976265747 1.1222113284274692e-18
545.6840652155603 1.133314470392192e-18
545.7461541653737 1.0508499399946367e-18
545.808243115187 1.0615612051441624e-18
545.8703320650003 1.0768097627486946e-18
545.9324210148136 1.0639116388547318e-18
545.9945099646269 1.0671466388328501e-18
546.0565989144402 1.133031264429969e-18
546.1186878642536 1.1448666680319544e-18
546.1807768140669 1.104941244803434e-18
546.2428657638802 1.0915405052897686e-18
546.3049547136935 1.0895273544739677e-18
546.3670436635068 1.1524300973604095e-18
546.4291326133202 1.1322308637897474e-18
546.4912215631335 1.1383929457629612e-18
546.5533105129468 1.1166480218201672e-18
546.6153994627601 1.1470146492876014e-18
546.6774884125734 1.181001432705874e-18
546.7395773623867 1.1983981783612064e-18
546.8016663122002 1.128190293292579e-18
546.8637552620135 1.17795978619594e-18
546.9258442118268 1.1320895193025775e-18
546.9879331616401 1.0671498441577238e-18
547.0500221114534 1.0770602950767216e-18
547.1121110612668 1.094440497119803e-18
547.1742000110801 1.1200538345947778e-18
547.2362889608934 1.1192651178807084e-18
547.2983779107067 1.114911873111995e-18
547.36046686052 1.1979881035725332e-18
547.4225558103333 1.0858673904561502e-18
547.4846447601467 1.1051931212999563e-18
547.54673370996 1.077075804713207e-18
547.6088226597733 1.120277897143203e-18
547.6709116095866 1.1334233480403192e-18
547.7330005593999 1.1183397095704147e-18
547.7950895092133 1.069578549833756e-18
547.8571784590266 1.1171699727866882e-18
547.9192674088399 1.1269248103529495e-18
547.9813563586532 1.1587524455773055e-18
548.0434453084665 1.1133568769579719e-18
548.1055342582798 1.1519742174453163e-18
548.1676232080932 1.180264724972819e-18
548.2297121579065 1.2034955754884879e-18
548.2918011077198 1.1245805804969742e-18
548.3538900575331 1.1314237423070488e-18
548.4159790073464 1.0647207248913852e-18
548.4780679571597 1.0823908537391664e-18
548.5401569069732 1.15879359781278e-18
548.6022458567865 1.17210107271238e-18
548.6643348065998 1.1555626303401479e-18
548.726423756413 1.0546992249751522e-18
548.7885127062264 1.092997997529087e-18
548.8506016560398 1.178557527586086e-18
548.9126906058531 1.1550840029582094e-18
548.9747795556664 1.1224587588281991e-18
549.0368685054797 1.1090981375742426e-18
549.098957455293 1.0926258696510148e-18
549.1610464051063 1.0689345897268835e-18
549.2231353549197 1.150951512015471e-18
549.285224304733 1.1977856511176109e-18
549.3473132545463 1.2394633530762483e-18
549.4094022043596 1.1697684233849804e-18
549.4714911541729 1.1497707116910516e-18
549.5335801039863 1.1925010009791627e-18
549.5956690537996 1.171745902036865e-18
549.6577580036129 1.1369219084411122e-18
549.7198469534262 1.1741250802737206e-18
549.7819359032395 1.0967106943109547e-18
549.8440248530528 1.0946993012539555e-18
549.9061138028662 1.08963788648332e-18
549.9682027526795 1.0952437928921685e-18
550.0302917024928 1.1722294925024788e-18
550.0923806523061 1.1546573845572851e-18
550.1544696021194 1.1537106763462182e-18
550.2165585519328 1.1870195852525035e-18
550.2786475017461 1.1153551385227469e-18
550.3407364515595 1.0612549415223646e-18
550.4028254013728 1.114612847320557e-18
550.464914351186 1.0868315728576574e-18
550.5270033009994 1.0314310479343418e-18
550.5890922508128 1.0041554910184417e-18
550.6511812006261 9.578516780865249e-19
550.7132701504394 1.0922160016574947e-18
550.7753591002527 1.0900622301375598e-18
550.837448050066 9.986188609858945e-19
550.8995369998793 1.0955907951591345e-18
550.9616259496927 1.1879810793170198e-18
551.023714899506 1.1517907901444826e-18
551.0858038493193 1.1193061667186064e-18
551.1478927991326 1.1016001589117557e-18
551.2099817489459 1.1196430360230686e-18
551.2720706987593 1.144710537691335e-18
551.3341596485726 1.2157537717810643e-18
551.3962485983859 1.2045926237758863e-18
551.4583375481992 1.1163422751862523e-18
551.5204264980125 1.142665023434068e-18
551.5825154478259 1.153234116915811e-18
551.6446043976392 1.1355791875117855e-18
551.7066933474525 1.1247316443563417e-18
551.7687822972658 1.1693128536626168e-18
551.8308712470791 1.2258892158266766e-18
551.8929601968924 1.1906440839015577e-18
551.9550491467058 1.1448696665616749e-18
552.0171380965191 1.139510053180214e-18
552.0792270463324 1.150401023317817e-18
552.1413159961457 1.202551969204718e-18
552.203404945959 1.2210900173102205e-18
552.2654938957724 1.228264361558046e-18
552.3275828455858 1.1770734621695893e-18
552.3896717953991 1.2306690789963142e-18
552.4517607452124 1.1441670800288876e-18
552.5138496950257 1.1941246531240277e-18
552.575938644839 1.1784266262541495e-18
552.6380275946524 1.2257244000896254e-18
552.7001165444657 1.2530018181619037e-18
552.762205494279 1.1933737799229827e-18
552.8242944440923 1.1323539069058647e-18
552.8863833939056 1.231961652101005e-18
552.9484723437189 1.2174446323506993e-18
553.0105612935323 1.2106815002648891e-18
553.0726502433456 1.1561972846651292e-18
553.1347391931589 1.17839074729508e-18
553.1968281429722 1.2723819361309852e-18
553.2589170927855 1.2058565557518673e-18
553.3210060425989 1.1397509695336202e-18
553.3830949924122 1.2018408006730755e-18
553.4451839422255 1.2598826166898495e-18
553.5072728920388 1.2404951574928316e-18
553.5693618418521 1.129057075176958e-18
553.6314507916654 1.1525741301845703e-18
553.6935397414788 1.2158328709271397e-18
553.7556286912921 1.2194071183539813e-18
553.8177176411054 1.1684020244106194e-18
553.8798065909187 1.214604611115075e-18
553.941895540732 1.1947363531870107e-18
554.0039844905455 1.2447564818159751e-18
554.0660734403588 1.155643487245025e-18
554.1281623901721 1.1963855445332883e-18
554.1902513399854 1.2687724301305335e-18
554.2523402897987 1.2943062548691266e-18
554.314429239612 1.2064380637224921e-18
554.3765181894254 1.2211022182242556e-18
554.4386071392387 1.1657365382842438e-18
554.500696089052 1.1405018427346652e-18
554.5627850388653 1.1648024445775183e-18
554.6248739886786 1.1821202978819285e-18
554.6869629384919 1.1641763722513922e-18
554.7490518883053 1.215348039690607e-18
554.8111408381186 1.282984220234807e-18
554.8732297879319 1.2715839136350246e-18
554.9353187377452 1.2123104256861592e-18
554.9974076875585 1.149592764461776e-18
555.0594966373719 1.2236673053037826e-18
555.1215855871852 1.1922144862944897e-18
555.1836745369985 1.2021314512608113e-18
555.2457634868118 1.1517306127549194e-18
555.3078524366251 1.143899176907997e-18
555.3699413864385 1.289329109123395e-18
555.4320303362518 1.2402828822681352e-18
555.4941192860651 1.1316173025703862e-18
555.5562082358784 1.2039667582449134e-18
555.6182971856917 1.1606912535355532e-18
555.680386135505 1.2237123866471667e-18
555.7424750853185 1.1793627879124064e-18
555.8045640351318 1.241568217542466e-18
555.8666529849451 1.2162259885132555e-18
555.9287419347584 1.2051996709479237e-18
555.9908308845717 1.1753972840558272e-18
556.052919834385 1.194366706850776e-18
556.1150087841984 1.183274938619476e-18
556.1770977340117 1.2119599079015899e-18
556.239186683825 1.2184527587222483e-18
556.3012756336383 1.2039231244676012e-18
556.3633645834516 1.216361232543408e-18
556.425453533265 1.1199886941215392e-18
556.4875424830783 1.2903997910287684e-18
556.5496314328916 1.2905151827242195e-18
556.6117203827049 1.2058430106693368e-18
556.6738093325182 1.2554409669931695e-18
556.7358982823315 1.2292958557818996e-18
556.7979872321449 1.1878943287502783e-18
556.8600761819582 1.1956523523178366e-18
556.9221651317715 1.2049423143798431e-18
556.9842540815848 1.1930999831402277e-18
557.0463430313981 1.2001903685558791e-18
557.1084319812114 1.1612813435050332e-18
557.1705209310248 1.2159308918297272e-18
557.2326098808381 1.2603577285541847e-18
557.2946988306514 1.2474551585644294e-18
557.3567877804647 1.252465908522546e-18
557.418876730278 1.5115508704930362e-18
557.4809656800915 1.3982544235334857e-18
557.5430546299048 1.1836213205009825e-18
557.6051435797181 1.2185048711008391e-18
557.6672325295314 1.2641644137331537e-18
557.7293214793447 1.3515623527015518e-18
557.7914104291581 1.2751371713538227e-18
557.8534993789714 1.1352367347381886e-18
557.9155883287847 1.12069810489438e-18
557.977677278598 1.1978633026976143e-18
558.0397662284113 1.3183689388882942e-18
558.1018551782246 1.2821493882015879e-18
558.163944128038 1.2992837108075879e-18
558.2260330778513 1.3070636546613788e-18
558.2881220276646 1.2104479251394195e-18
558.3502109774779 1.1983204233836264e-18
558.4122999272912 1.2235787969782394e-18
558.4743888771045 1.2240126532095234e-18
558.5364778269179 1.2053299518944008e-18
558.5985667767312 1.2304477047848797e-18
558.6606557265445 1.2065339132759717e-18
558.7227446763578 1.1896060756303803e-18
558.7848336261711 1.206461121382067e-18
558.8469225759845 1.1777569201507113e-18
558.9090115257978 1.218170379940638e-18
558.9711004756111 1.2429020462802078e-18
559.0331894254244 1.2241404526141629e-18
559.0952783752377 1.1888266646982022e-18
559.157367325051 1.1730992729165783e-18
559.2194562748645 1.209735309041705e-18
559.2815452246778 1.2387702791205054e-18
559.3436341744911 1.2836056396699875e-18
559.4057231243044 1.2741238751034453e-18
559.4678120741177 1.3421361126336272e-18
559.5299010239311 1.3936994500928859e-18
559.5919899737444 1.374558904308715e-18
559.6540789235577 1.2970024500757432e-18
559.716167873371 1.3676910304778404e-18
559.7782568231843 1.4171225167033968e-18
559.8403457729976 1.3842837565777713e-18
559.902434722811 1.4115858866708497e-18
559.9645236726243 1.2202723492747118e-18
560.0266126224376 1.2596730298021439e-18
560.0887015722509 1.3029331282725953e-18
560.1507905220642 1.2762201575708078e-18
560.2128794718776 1.2221475677233695e-18
560.2749684216909 1.358141643896222e-18
560.3370573715042 1.4777784302509915e-18
560.3991463213175 1.3412442051381419e-18
560.4612352711308 1.3239844612717635e-18
560.5233242209441 1.2830339544691368e-18
560.5854131707575 1.3161418584865717e-18
560.6475021205708 1.2817521347124093e-18
560.7095910703841 1.3579939921568813e-18
560.7716800201974 1.3521091190864493e-18
560.8337689700107 1.3255291176681298e-18
560.895857919824 1.3678911047885017e-18
560.9579468696375 1.2905112536163099e-18
561.0200358194508 1.3033944882592467e-18
561.082124769264 1.2158112608336367e-18
561.1442137190774 1.2294447482921592e-18
561.2063026688907 1.2430033759052456e-18
561.2683916187041 1.3158928771221933e-18
561.3304805685174 1.2845612400726394e-18
561.3925695183307 1.2345154688446858e-18
561.454658468144 1.2389473991691684e-18
561.5167474179573 1.2012379928016775e-18
561.5788363677707 1.2881090177198793e-18
561.640925317584 1.2131517717667022e-18
561.7030142673973 1.2508697601330483e-18
561.7651032172106 1.1889811406775964e-18
561.8271921670239 1.2307844706917654e-18
561.8892811168372 1.2163318676316623e-18
561.9513700666506 1.2237730810246128e-18
562.0134590164639 1.1591924022656071e-18
562.0755479662772 1.2238878523346045e-18
562.1376369160905 1.2500298616185773e-18
562.1997258659038 1.274738987286455e-18
562.2618148157171 1.1673189347960578e-18
562.3239037655305 1.2578704998498143e-18
562.3859927153438 1.2257541785916773e-18
562.4480816651571 1.32369494805737e-18
562.5101706149704 1.21694915116378e-18
562.5722595647837 1.2821657250186858e-18
562.6343485145971 1.152162401034672e-18
562.6964374644105 1.1975590036297713e-18
562.7585264142238 1.3156923892212257e-18
562.820615364037 1.2185015623783889e-18
562.8827043138504 1.2112926833399893e-18
562.9447932636637 1.1571218657948103e-18
563.0068822134771 1.2011631329562415e-18
563.0689711632904 1.2255274277062612e-18
563.1310601131037 1.2169183386859624e-18
563.193149062917 1.245832333600177e-18
563.2552380127303 1.2515201308896681e-18
563.3173269625436 1.1839483670356707e-18
563.379415912357 1.1973787816538114e-18
563.4415048621703 1.1767165337352727e-18
563.5035938119836 1.3100814163311254e-18
563.5656827617969 1.224296169364476e-18
563.6277717116102 1.176127581139135e-18
563.6898606614236 1.2310110147820283e-18
563.7519496112369 1.2322784622756127e-18
563.8140385610502 1.2356723843289178e-18
563.8761275108635 1.175613798581163e-18
563.9382164606768 1.096105198102566e-18
564.0003054104902 1.1872480938967213e-18
564.0623943603035 1.1888157045550858e-18
564.1244833101168 1.1843211152992024e-18
564.1865722599301 1.1419747412128924e-18
564.2486612097434 1.1624159251127263e-18
564.3107501595567 1.1568177735221205e-18
564.3728391093701 1.210877335274911e-18
564.4349280591834 1.163840226729966e-18
564.4970170089967 1.181253412599973e-18
564.55910595881 1.1753501347609117e-18
564.6211949086234 1.1116622940755804e-18
564.6832838584367 1.1565337403792851e-18
564.7453728082501 1.191730378840993e-18
564.8074617580634 1.163240313990712e-18
564.8695507078767 1.0895041934168162e-18
564.93163965769 1.162369913191153e-18
564.9937286075033 1.2233255763132216e-18
565.0558175573167 1.1994271910432224e-18
565.11790650713 1.1974041140600708e-18
565.1799954569433 1.1504875670894053e-18
565.2420844067566 1.1915284433739535e-18
565.3041733565699 1.1641684106379964e-18
565.3662623063832 1.1247347462836388e-18
565.4283512561966 1.16312223395827e-18
565.4904402060099 1.1511770221299683e-18
565.5525291558232 1.1407501003160077e-18
565.6146181056365 1.1549703690215599e-18
565.6767070554498 1.1944515962611393e-18
565.7387960052631 1.1554588191732725e-18
565.8008849550765 1.1170580966088404e-18
565.8629739048898 1.1428291153880831e-18
565.9250628547031 1.1457631250208087e-18
565.9871518045164 1.1396157255034677e-18
566.0492407543297 1.1535116360113226e-18
566.1113297041431 1.1929124199363313e-18
566.1734186539564 1.1869855674498123e-18
566.2355076037697 1.1501745826251306e-18
566.297596553583 1.1336880458363362e-18
566.3596855033963 1.1625723656460753e-18
566.4217744532098 1.1521146313542971e-18
566.4838634030231 1.1294721130493065e-18
566.5459523528364 1.1604240741976986e-18
566.6080413026497 1.1787836580860427e-18
566.670130252463 1.206179879973799e-18
566.7322192022763 1.1634882613793247e-18
566.7943081520897 1.1863064521669062e-18
566.856397101903 1.1402529647678633e-18
566.9184860517163 1.128541638257761e-18
566.9805750015296 1.0843553042964033e-18
567.0426639513429 1.07605134152456e-18
567.1047529011562 1.10869106131529e-18
567.1668418509696 1.1086228189147543e-18
567.2289308007829 1.0802359448458892e-18
567.2910197505962 1.0978393822567834e-18
567.3531087004095 1.1112843759332203e-18
567.4151976502228 1.1230194838859335e-18
567.4772866000362 1.0813647361892944e-18
567.5393755498495 1.1116330325614114e-18
567.6014644996628 1.1467321671084146e-18
567.6635534494761 1.0999192245094714e-18
567.7256423992894 1.0539387357994862e-18
567.7877313491028 1.0875872023472246e-18
567.8498202989161 1.0824102924835614e-18
567.9119092487294 1.0755847082615036e-18
567.9739981985427 1.1293130875765432e-18
568.036087148356 1.0681409099291389e-18
568.0981760981693 1.0850331788083905e-18
568.1602650479828 1.1339650479439649e-18
568.2223539977961 1.07327749473794e-18
568.2844429476094 1.1536683867374014e-18
568.3465318974227 1.1203140862950023e-18
568.408620847236 1.1490300748500869e-18
568.4707097970493 1.1671730408155187e-18
568.5327987468627 1.1257150587070907e-18
568.594887696676 1.0657070343742781e-18
568.6569766464893 1.0274650270898797e-18
568.7190655963026 1.0870086929063203e-18
568.7811545461159 1.0790137854908421e-18
568.8432434959293 1.1041922327587672e-18
568.9053324457426 1.0773041065622716e-18
568.9674213955559 1.1558242262088678e-18
569.0295103453692 1.1627145373138579e-18
569.0915992951825 1.1429191746772748e-18
569.1536882449958 1.144110831747234e-18
569.2157771948092 1.1817689529167466e-18
569.2778661446225 1.0761268217554555e-18
569.3399550944358 1.0074817910566705e-18
569.4020440442491 1.0737079388491973e-18
569.4641329940624 1.104684922211119e-18
569.5262219438757 1.0799567713891526e-18
569.5883108936891 1.052161538253416e-18
569.6503998435024 1.1328728593426652e-18
569.7124887933157 1.161171948869023e-18
569.774577743129 1.1482202650303975e-18
569.8366666929423 1.1422693209085379e-18
569.8987556427558 1.1499332526814182e-18
569.9608445925691 1.0812670254794366e-18
570.0229335423824 1.0559356531957658e-18
570.0850224921957 1.0883320784888286e-18
570.147111442009 1.1056462094804823e-18
570.2092003918224 1.0887689332498331e-18
570.2712893416357 1.0879610879840985e-18
570.333378291449 1.0545452659836407e-18
570.3954672412623 1.0834504721038469e-18
570.4575561910756 1.110260946720339e-18
570.5196451408889 1.0790418062340924e-18
570.5817340907023 1.064738302479402e-18
570.6438230405156 1.0681861980676761e-18
570.7059119903289 1.0912102534302068e-18
570.7680009401422 1.1371699592273016e-18
570.8300898899555 1.1815673276424368e-18
570.8921788397688 1.176239147124253e-18
570.9542677895822 1.1761706979285643e-18
571.0163567393955 1.1674366012381934e-18
571.0784456892088 1.0775044910656626e-18
571.1405346390221 1.0513894685491744e-18
571.2026235888354 1.085053961721281e-18
571.2647125386488 1.0392600022394265e-18
571.3268014884621 1.0355387234587035e-18
571.3888904382754 1.0540814244551516e-18
571.4509793880887 1.124204109920686e-18
571.513068337902 1.0881314871902845e-18
571.5751572877153 1.0271982613423314e-18
571.6372462375288 1.1026747699250386e-18
571.6993351873421 1.1496970926165343e-18
571.7614241371554 1.10240469545504e-18
571.8235130869687 1.0734412764992255e-18
571.885602036782 1.157890833571755e-18
571.9476909865953 1.1129430798565422e-18
572.0097799364087 1.0950120789230771e-18
572.071868886222 1.1052034610576133e-18
572.1339578360353 1.1151519622847885e-18
572.1960467858486 1.1135445435594448e-18
572.2581357356619 1.0859019252467243e-18
572.3202246854753 1.0746525791087329e-18
572.3823136352886 1.0979912732967634e-18
572.4444025851019 1.117011154109078e-18
572.5064915349152 1.0871038186767639e-18
572.5685804847285 1.0786749516324251e-18
572.6306694345419 1.1339207937811933e-18
572.6927583843552 1.1275449890172111e-18
572.7548473341685 1.089645331108833e-18
572.8169362839818 1.1162827181821485e-18
572.8790252337951 1.0984241989498583e-18
572.9411141836084 1.0523006079939015e-18
573.0032031334218 1.1326141586060892e-18
573.0652920832351 1.1001070979060975e-18
573.1273810330484 1.0621747663635236e-18
573.1894699828617 1.0721981274361349e-18
573.251558932675 1.0155012036977956e-18
573.3136478824883 1.0791786012278933e-18
573.3757368323018 1.1100711087697581e-18
573.437825782115 1.1434059704677623e-18
573.4999147319284 1.0363588730360499e-18
573.5620036817417 1.0594700925556283e-18
573.624092631555 1.0838352144862606e-18
573.6861815813684 1.0986130029246736e-18
573.7482705311817 9.998760721193986e-19
573.810359480995 1.0600951309059887e-18
573.8724484308083 1.1129883679950795e-18
573.9345373806216 1.0593837555791931e-18
573.996626330435 1.0737455755670685e-18
574.0587152802483 1.0245956409425098e-18
574.1208042300616 1.0928942897597882e-18
574.1828931798749 1.0950707053489918e-18
574.2449821296882 1.0748116045814962e-18
574.3070710795015 1.0345035069220934e-18
574.3691600293149 1.0471214233835539e-18
574.4312489791282 1.0787497080802846e-18
574.4933379289415 1.07256384466446e-18
574.5554268787548 1.0881769821239749e-18
574.6175158285681 9.957810110993782e-19
574.6796047783814 9.897444537841194e-19
574.7416937281948 1.0615518993622712e-18
574.8037826780081 1.0511981830325215e-18
574.8658716278214 1.0747666266356886e-18
574.9279605776347 1.0990508916614438e-18
574.990049527448 1.0180177973139116e-18
575.0521384772615 1.0837514624492396e-18
575.1142274270748 1.0725148342131661e-18
575.176316376888 1.0657906830137226e-18
575.2384053267014 1.0945899066179454e-18
575.3004942765147 1.111466355667982e-18
575.362583226328 1.1540414451936628e-18
575.4246721761414 1.0900906644711163e-18
575.4867611259547 1.0305535127019996e-18
575.548850075768 1.0493601877114286e-18
575.6109390255813 1.014629768922471e-18
575.6730279753946 1.1025484180864712e-18
575.7351169252079 1.0967680799659506e-18
575.7972058750213 1.0786499294188954e-18
575.8592948248346 1.0148521771096711e-18
575.9213837746479 1.0939263009715247e-18
575.9834727244612 1.0288106431513504e-18
576.0455616742745 1.0258157323460255e-18
576.1076506240879 1.0654108003174076e-18
576.1697395739012 1.0224102297641447e-18
576.2318285237145 1.0150379825547659e-18
576.2939174735278 1.0709664555040434e-18
576.3560064233411 1.003148708815388e-18
576.4180953731545 1.0258415817401678e-18
576.4801843229678 1.0366193315314275e-18
576.5422732727811 1.0715207699120305e-18
576.6043622225944 1.1127803320710224e-18
576.6664511724077 1.1334319300391744e-18
576.728540122221 1.0913493231706923e-18
576.7906290720344 9.880676552848978e-19
576.8527180218477 1.047544939857181e-18
576.914806971661 1.1383384552401093e-18
576.9768959214744 1.1259949559468633e-18
577.0389848712877 1.0915933414513954e-18
577.101073821101 1.107890040289609e-18
577.1631627709144 1.045634979822796e-18
577.2252517207277 1.0611273489128783e-18
577.287340670541 1.0517730735582458e-18
577.3494296203543 1.0455426457869199e-18
577.4115185701676 1.096084311792099e-18
577.473607519981 1.0526098701454198e-18
577.5356964697943 1.0474425762563776e-18
577.5977854196076 1.1216303374447273e-18
577.6598743694209 1.1221382263408348e-18
577.7219633192342 1.06991717689702e-18
577.7840522690475 1.092472944635269e-18
577.8461412188609 1.1238953647570506e-18
577.9082301686742 1.0878279119054775e-18
577.9703191184875 1.0861715861264166e-18
578.0324080683008 1.1161046675552965e-18
578.0944970181141 1.0945838061609278e-18
578.1565859679274 1.1144098778777519e-18
578.2186749177408 1.0860402712041738e-18
578.2807638675541 1.0679465224851889e-18
578.3428528173674 1.1261339222897722e-18
578.4049417671807 1.1493469884222713e-18
578.467030716994 1.1323630058926028e-18
578.5291196668074 1.1163696755440431e-18
578.5912086166207 1.0854232978647858e-18
578.653297566434 1.0651326608364366e-18
578.7153865162473 1.1092933521988051e-18
578.7774754660607 1.1591089604213158e-18
578.8395644158741 1.115349348258459e-18
578.9016533656874 1.1326412487711503e-18
578.9637423155007 1.1263215888912452e-18
579.025831265314 1.1163939739745369e-18
579.0879202151273 1.1446885140075258e-18
579.1500091649406 1.1594764354084425e-18
579.212098114754 1.094088428371585e-18
579.2741870645673 1.1515411883946447e-18
579.3362760143806 1.1689591305531738e-18
579.3983649641939 1.0863986472045624e-18
579.4604539140072 1.1355815656560466e-18
579.5225428638205 1.076286777806408e-18
579.5846318136339 1.1373161634005703e-18
579.6467207634472 1.1223925843791949e-18
579.7088097132605 1.1368298845979657e-18
579.7708986630738 1.159029964672817e-18
579.8329876128871 1.1430332222042306e-18
579.8950765627005 1.0856454992568329e-18
579.9571655125138 1.113952963986893e-18
580.0192544623271 1.101937958794407e-18
580.0813434121404 1.1073922843560051e-18
580.1434323619537 1.1321660335092386e-18
580.2055213117671 1.1529397440153188e-18
580.2676102615804 1.0716594260622097e-18
580.3296992113937 1.1563254976600749e-18
580.391788161207 1.1651305250879722e-18
580.4538771110203 1.0735814836130533e-18
580.5159660608336 1.0886890069231452e-18
580.5780550106471 1.0914608891558104e-18
580.6401439604604 1.0825389190688134e-18
580.7022329102737 1.063868625462879e-18
580.764321860087 1.1168887313784202e-18
580.8264108099003 1.1239251432591025e-18
580.8884997597136 1.134330248184407e-18
580.950588709527 1.1377209649128385e-18
581.0126776593403 1.1153518298002966e-18
581.0747666091536 1.1015394645343096e-18
581.1368555589669 1.1545835586876148e-18
581.1989445087802 1.1338362145635597e-18
581.2610334585936 1.0916560003827963e-18
581.3231224084069 1.0065301197619283e-18
581.3852113582202 1.0597878333084253e-18
581.4473003080335 1.0566266591999773e-18
581.5093892578468 1.0357969072073967e-18
581.5714782076601 1.070822319282306e-18
581.6335671574735 1.0460554977667027e-18
581.6956561072868 1.108187825310128e-18
581.7577450571001 1.084879943599915e-18
581.8198340069134 1.0900268681663731e-18
581.8819229567267 1.0676606281859753e-18
581.94401190654 1.0933969053794908e-18
582.0061008563534 1.079513195785671e-18
582.0681898061667 1.0901126881549255e-18
582.13027875598 1.076387797238716e-18
582.1923677057933 1.0410122809695435e-18
582.2544566556066 1.0696266297068607e-18
582.3165456054201 1.1078366871400992e-18
582.3786345552334 1.0647000453760714e-18
582.4407235050467 1.0589474178060714e-18
582.50281245486 1.0730536389846679e-18
582.5649014046733 1.0538214829476568e-18
582.6269903544867 1.0992563426460867e-18
582.6890793043 9.918375309266083e-19
582.7511682541133 1.0527376695500592e-18
582.8132572039266 1.0617229189539165e-18
582.8753461537399 1.031299009229063e-18
582.9374351035532 9.986573248843783e-19
582.9995240533666 1.0303325520808714e-18
583.0616130031799 1.0443121112281707e-18
583.1237019529932 9.954918080777144e-19
583.1857909028065 1.0334683937830599e-18
583.2478798526198 1.044946041770116e-18
583.3099688024331 1.0549221501502352e-18
583.3720577522465 1.0495301733273083e-18
583.4341467020598 9.720542658064838e-19
583.4962356518731 9.59723898005462e-19
583.5583246016864 1.011656985198532e-18
583.6204135514997 1.0002741527891897e-18
583.6825025013131 9.454833633749023e-19
583.7445914511264 9.095462948673829e-19
583.8066804009397 9.78602847920913e-19
583.868769350753 9.979879289736697e-19
583.9308583005663 9.312043648458588e-19
583.9929472503796 9.485653349396983e-19
584.0550362001931 9.436629456418262e-19
584.1171251500064 9.45850114578993e-19
584.1792140998197 9.486819674060683e-19
584.241303049633 9.251499197498535e-19
584.3033919994463 9.211178278539637e-19
584.3654809492596 8.78811468629786e-19
584.427569899073 8.82697356352407e-19
584.4896588488863 9.321132295439014e-19
584.5517477986996 8.962837979135905e-19
584.6138367485129 8.302378203982354e-19
584.6759256983262 8.443681332121725e-19
584.7380146481396 8.973638889984316e-19
584.8001035979529 9.79210929068716e-19
584.8621925477662 9.627803303688455e-19
584.9242814975795 9.313004211944915e-19
584.9863704473928 8.50947476105631e-19
585.0484593972062 8.369066538942145e-19
585.1105483470195 8.418939843012381e-19
585.1726372968328 9.496003446811553e-19
585.2347262466461 9.274388319023643e-19
585.2968151964594 8.703030888490655e-19
585.3589041462727 9.395865995831649e-19
585.4209930960861 8.641996333017665e-19
585.4830820458994 8.542005189608606e-19
585.5451709957127 9.239545403671378e-19
585.607259945526 8.652346947420117e-19
585.6693488953393 9.445752224598956e-19
585.7314378451526 9.079653459216409e-19
585.793526794966 8.82885229749033e-19
585.8556157447794 8.154526390330977e-19
585.9177046945927 8.679849151823857e-19
585.979793644406 8.392943624311371e-19
586.0418825942193 8.682450634850336e-19
586.1039715440327 9.193953276258986e-19
586.166060493846 8.789239651930932e-19
586.2281494436593 8.665007980671007e-19
586.2902383934726 9.221956441921203e-19
586.3523273432859 8.96495556150404e-19
586.4144162930993 9.205961870801725e-19
586.4765052429126 9.090705626175883e-19
586.5385941927259 8.971901810697954e-19
586.6006831425392 8.888888032373664e-19
586.6627720923525 8.994346322643815e-19
586.7248610421658 8.306016764701821e-19
586.7869499919791 8.341898825698606e-19
586.8490389417925 1.0026984123694295e-18
586.9111278916058 9.27890989504701e-19
586.9732168414191 9.425368426354118e-19
587.0353057912324 9.70900659044702e-19
587.0973947410457 7.965379652549422e-19
587.1594836908591 9.518140867955003e-19
587.2215726406724 8.596883970360554e-19
587.2836615904857 8.085637237953912e-19
587.345750540299 8.738185030548393e-19
587.4078394901123 8.714028254734548e-19
587.4699284399258 8.790148516628975e-19
587.532017389739 8.442770916460034e-19
587.5941063395524 8.167010613725934e-19
587.6561952893657 8.822485074725204e-19
587.718284239179 8.796893140548579e-19
587.7803731889923 9.522428765455325e-19
587.8424621388057 8.936688732021572e-19
587.904551088619 9.033094564463096e-19
587.9666400384323 9.35876591138288e-19
588.0287289882456 9.058230515327051e-19
588.0908179380589 8.910522941294988e-19
588.1529068878722 8.933954900097084e-19
588.2149958376856 9.01445715128651e-19
588.2770847874989 9.433194588924636e-19
588.3391737373122 8.919182488332653e-19
588.4012626871255 8.859925337200885e-19
588.4633516369388 8.640990274597647e-19
588.5254405867522 8.990318987036447e-19
588.5875295365655 8.233909362754043e-19
588.6496184863788 8.753724652330968e-19
588.7117074361921 9.292275065794336e-19
588.7737963860054 9.620280096017285e-19
588.8358853358188 8.983854570549346e-19
588.8979742856321 9.162877134621135e-19
588.9600632354454 9.497019844989227e-19
589.0221521852587 9.712867455956111e-19
589.084241135072 9.14892363166313e-19
589.1463300848853 8.733470101056841e-19
589.2084190346987 9.18145457720331e-19
589.270507984512 9.275098660374672e-19
589.3325969343254 9.29982619081118e-19
589.3946858841387 1.0097751493049738e-18
589.456774833952 9.401463940627101e-19
589.5188637837653 9.057969953434097e-19
589.5809527335787 9.703955618831618e-19
589.643041683392 9.96710245120005e-19
589.7051306332053 9.900443067561699e-19
589.7672195830186 9.695337430824581e-19
589.8293085328319 9.375908195602276e-19
589.8913974826453 8.920379832269323e-19
589.9534864324586 8.874946937124848e-19
590.0155753822719 9.671919947683205e-19
590.0776643320852 9.530014011672436e-19
590.1397532818985 9.203700565802158e-19
590.2018422317119 9.03651082039294e-19
590.2639311815252 9.692274794606604e-19
590.3260201313385 9.025727487132546e-19
590.3881090811518 8.987170530829918e-19
590.4501980309651 9.187912789835818e-19
590.5122869807784 8.999918418045125e-19
590.5743759305917 9.633250288022117e-19
590.6364648804051 9.699819715768853e-19
590.6985538302184 9.019760412988741e-19
590.7606427800317 9.285860280143987e-19
590.822731729845 9.332594950777468e-19
590.8848206796583 9.280778289255615e-19
590.9469096294717 9.267534093672875e-19
591.008998579285 9.837304371405526e-19
591.0710875290983 9.258395815855695e-19
591.1331764789117 9.094942858863686e-19
591.195265428725 8.789824882214313e-19
591.2573543785384 9.011316966886106e-19
591.3194433283517 9.39497057281856e-19
591.381532278165 8.760297636273467e-19
591.4436212279783 9.420122033319e-19
591.5057101777916 9.09921111082446e-19
591.5677991276049 8.983652945275036e-19
591.6298880774183 9.436213798160454e-19
591.6919770272316 9.69516268892018e-19
591.7540659770449 8.943495394487118e-19
591.8161549268582 9.083222743559575e-19
591.8782438766715 9.022011378230651e-19
591.9403328264848 9.246760486564371e-19
592.0024217762982 9.276444896821603e-19
592.0645107261115 9.348456139023172e-19
592.1265996759248 8.742889620282289e-19
592.1886886257381 9.172492075266298e-19
592.2507775755514 9.29427063902212e-19
592.3128665253648 9.400315193551418e-19
592.3749554751781 8.851535657838066e-19
592.4370444249914 9.239545403671378e-19
592.4991333748047 9.188030663073106e-19
592.561222324618 9.007961715526438e-19
592.6233112744314 9.139891853349817e-19
592.6854002242447 9.813058673675831e-19
592.747489174058 9.453311621421925e-19
592.8095781238713 9.36109339083145e-19
592.8716670736846 9.415465006470327e-19
592.933756023498 9.22168864219789e-19
592.9958449733113 9.185034201304133e-19
593.0579339231247 8.868970557199153e-19
593.120022872938 9.210596150183553e-19
593.1821118227513 9.153397644801277e-19
593.2442007725646 8.827598084886547e-19
593.3062897223779 9.26038415125312e-19
593.3683786721913 9.423396634568945e-19
593.4304676220046 8.657140976057745e-19
593.4925565718179 9.438437880032456e-19
593.5546455216312 9.583693897524065e-19
593.6167344714445 9.735597345213303e-19
593.6788234212579 1.0030223569768206e-18
593.7409123710712 9.789674277758957e-19
593.8030013208845 9.430289117023043e-19
593.8650902706978 9.539293944169515e-19
593.9271792205111 9.691290449677666e-19
593.9892681703244 9.608623053234882e-19
594.0513571201378 9.754167549965118e-19
594.1134460699511 9.85581977544176e-19
594.1755350197644 1.0445319344759566e-18
594.2376239695777 1.0008517316519049e-18
594.299712919391 1.0036080008505081e-18
594.3618018692043 1.0738876438372745e-18
594.4238908190177 9.880523524435656e-19
594.485979768831 9.971344853766681e-19
594.5480687186443 1.0369353145254228e-18
594.6101576684576 1.0303125963485935e-18
594.672246618271 9.915543249643854e-19
594.7343355680844 9.526018729313805e-19
594.7964245178977 9.821874351054115e-19
594.858513467711 9.745319819338098e-19
594.9206024175243 1.0060850965923747e-18
594.9826913673376 1.0341098723480948e-18
595.044780317151 9.677241820949218e-19
595.1068692669643 1.0048418441317075e-18
595.1689582167776 1.0491684886044695e-18
595.2310471665909 1.0179249462901525e-18
595.2931361164042 1.0028422383984372e-18
595.3552250662175 1.0258762199283185e-18
595.4173140160309 1.0310479599131532e-18
595.4794029658442 9.873517304647332e-19
595.5414919156575 9.791071179018406e-19
595.6035808654708 1.0181528345489109e-18
595.6656698152841 1.0288783685640031e-18
595.7277587650974 1.0221907167090885e-18
595.7898477149108 1.0118861142282091e-18
595.8519366647241 9.69573137559131e-19
595.9140256145374 9.412861455492316e-19
595.9761145643507 9.379733905935333e-19
596.038203514164 9.317475123155764e-19
596.1002924639774 9.842354309045162e-19
596.1623814137907 1.0166960660926284e-18
596.224470363604 9.959640248099056e-19
596.2865593134173 1.0247042083979074e-18
596.3486482632306 1.0402257356045821e-18
596.4107372130441 9.857027459136087e-19
596.4728261628574 9.628388533971836e-19
596.5349151126707 9.63317997767005e-19
596.597004062484 9.716510152578642e-19
596.6590930122973 9.546588643196467e-19
596.7211819621106 9.465364676922589e-19
596.7832709119239 9.730848294521483e-19
596.8453598617373 1.0063686127473273e-18
596.9074488115506 1.0188570754429232e-18
596.9695377613639 9.661982406599146e-19
597.0316267111772 9.46377338821919e-19
597.0937156609905 1.0245424945881533e-18
597.1558046108039 1.0587757778289666e-18
597.2178935606172 9.990483745189627e-19
597.2799825104305 9.5429138933252e-19
597.3420714602438 9.68849354523147e-19
597.4041604100571 1.0030165667125327e-18
597.4662493598705 9.999486572181501e-19
597.5283383096838 9.488904169204316e-19
597.5904272594971 9.367317924940912e-19
597.6525162093104 9.850730546723027e-19
597.7146051591237 1.0031369214916592e-18
597.776694108937 9.766859602488979e-19
597.8387830587504 9.602088326395713e-19
597.9008720085637 9.258304825988315e-19
597.962960958377 9.536167201454065e-19
598.0250499081903 9.401493925924306e-19
598.0871388580036 9.457849741057544e-19
598.1492278078169 1.0347603465022911e-18
598.2113167576304 1.0208710534393367e-18
598.2734057074437 1.027531408334037e-18
598.335494657257 1.0337204770747354e-18
598.3975836070703 9.99475716702923e-19
598.4596725568836 9.828871265060548e-19
598.521761506697 9.893768753994161e-19
598.5838504565103 9.219800602449737e-19
598.6459394063236 9.137499233428008e-19
598.7080283561369 9.694722215243995e-19
598.7701173059502 9.861134410877413e-19
598.8322062557636 9.617823369598003e-19
598.8942952055769 8.99389861113727e-19
598.9563841553902 8.827398527563769e-19
599.0184731052035 8.430476944605964e-19
599.0805620550168 8.436672527393986e-19
599.1426510048301 8.643956751069415e-19
599.2047399546434 9.089876377611799e-19
599.2668289044568 9.18230864118577e-19
599.3289178542701 9.141941193317417e-19
599.3910068040834 9.006642362449416e-19
599.4530957538967 9.137572645707372e-19
599.51518470371 9.120971130813433e-19
599.5772736535234 8.880958472226577e-19
599.6393626033367 8.68396851127437e-19
599.70145155315 8.822323774505756e-19
599.7635405029633 9.017265429466128e-19
599.8256294527766 8.873093018576964e-19
599.88771840259 8.732948977270933e-19
599.9498073524034 8.610284296283913e-19
600.0118963022167 8.87355727369576e-19
600.07398525203 8.621237718557764e-19
600.1360742018433 8.665599931796865e-19
600.1981631516566 8.974148640036801e-19
600.26025210147 9.007342364042789e-19
600.3223410512833 9.136180914326751e-19
600.3844300010966 8.975519691902108e-19
600.4465189509099 8.702352600388362e-19
600.5086079007232 8.74793335406733e-19
600.5706968505365 9.210994230853344e-19
600.6327858003499 9.189946620166932e-19
600.6948747501632 8.627832415991343e-19
600.7569636999765 8.394401013153112e-19
600.8190526497898 8.562359519544122e-19
600.8811415996031 8.521464744035266e-19
600.9432305494165 8.285730160178958e-19
601.0053194992298 8.722529603480062e-19
601.0674084490431 8.916162245121069e-19
601.1294973988564 8.854925030398002e-19
601.1915863486697 8.598500074482329e-19
601.2536752984831 8.639870995831286e-19
601.3157642482964 8.75374326389475e-19
601.3778531981097 8.80963792583649e-19
601.439942147923 8.877342658973955e-19
601.5020310977363 8.639707627660307e-19
601.5641200475496 8.641096774101513e-19
601.626208997363 8.748420356652971e-19
601.6882979471764 8.571154517407092e-19
601.7503868969897 8.5174885902283e-19
601.812475846803 8.77342602657045e-19
601.8745647966163 8.94307249839895e-19
601.9366537464296 8.28650977790629e-19
601.998742696243 7.973269404629529e-19
602.0608316460563 8.121557556054028e-19
602.1229205958696 8.0906876925814315e-19
602.1850095456829 7.709652113287708e-19
602.2470984954962 7.873645839605174e-19
602.3091874453096 8.001080250799328e-19
602.3712763951229 8.233765123134729e-19
602.4333653449362 8.270241203208903e-19
602.4954542947495 7.96624405628954e-19
602.5575432445628 7.752558488648716e-19
602.6196321943762 7.857590780903403e-19
602.6817211441895 7.880803019855289e-19
602.7438100940028 7.356144070803983e-19
602.8058990438161 7.211500166965664e-19
602.8679879936294 7.812482554149355e-19
602.9300769434427 8.164440149972425e-19
602.992165893256 8.874630540540547e-19
603.0542548430694 8.755455527762735e-19
603.1163437928827 8.646931499347309e-19
603.178432742696 8.393800790221129e-19
603.2405216925093 8.515827508160717e-19
603.3026106423226 8.931745293885802e-19
603.364699592136 8.81425979750913e-19
603.4267885419493 8.809707202212791e-19
603.4888774917627 9.294845529547845e-19
603.550966441576 8.807931865823099e-19
603.6130553913893 8.246919362825853e-19
603.6751443412027 8.0471536939306485e-19
603.737233291016 8.629461444810189e-19
603.7993222408293 8.726901253017404e-19
603.8614111906426 8.47336108948801e-19
603.9235001404559 8.774132232018417e-19
603.9855890902692 8.73901634706401e-19
604.0476780400826 8.52604370571363e-19
604.1097669898959 8.518169463270008e-19
604.1718559397092 8.90775809009753e-19
604.2339448895225 8.803706006868719e-19
604.2960338393358 8.257019238105126e-19
604.3581227891491 8.095762962627327e-19
604.4202117389625 8.622529671276995e-19
604.4823006887758 8.941250633099802e-19
604.5443896385891 8.923705098331786e-19
604.6064785884024 9.223851719499715e-19
604.6685675382157 8.816699980316161e-19
604.7306564880291 8.239547632604357e-19
604.7927454378424 8.440782581062609e-19
604.8548343876557 8.665346607734271e-19
604.916923337469 8.592075983050089e-19
604.9790122872823 8.890500000592377e-19
605.0411012370957 8.896036940817653e-19
605.103190186909 8.410500532812809e-19
605.1652791367223 8.151875276467745e-19
605.2273680865356 8.161512964579753e-19
605.289457036349 8.250707850031346e-19
605.3515459861623 8.29373520055694e-19
605.4136349359756 8.541685691097007e-19
605.475723885789 8.699750083386117e-19
605.5378128356023 8.853604643345214e-19
605.5999017854156 8.733949865812122e-19
605.6619907352289 8.325884609039579e-19
605.7240796850422 8.636281031972806e-19
605.7861686348556 8.78249916391439e-19
605.8482575846689 8.740581786373266e-19
605.9103465344822 8.76955275335217e-19
605.9724354842955 8.639172545201562e-19
606.0345244341088 8.634951339138127e-19
606.0966133839222 8.766879925997858e-19
606.1587023337355 8.353799886761713e-19
606.2207912835488 8.013563957206401e-19
606.2828802333621 8.250306150446375e-19
606.3449691831754 8.243562560502536e-19
606.4070581329887 8.244644616141332e-19
606.4691470828021 8.509051347980259e-19
606.5312360326154 8.864916338221877e-19
606.5933249824287 8.83692764822038e-19
606.655413932242 8.685615634669117e-19
606.7175028820553 8.600546312522632e-19
606.7795918318686 8.621218073018215e-19
606.841680781682 8.575224763008736e-19
606.9037697314953 8.426241779869693e-19
606.9658586813086 8.440631103612935e-19
607.027947631122 8.777787336350135e-19
607.0900365809352 8.833303563161632e-19
607.1521255307487 8.558977384814546e-19
607.214214480562 8.316367379104274e-19
607.2763034303753 8.273843057788689e-19
607.3383923801886 8.775590137848041e-19
607.4004813300019 8.835777867168931e-19
607.4625702798153 1.0220683973760072e-18
607.5246592296286 1.2385687572437722e-18
607.5867481794419 1.3182661616971845e-18
607.6488371292552 1.3899690723254248e-18
607.7109260790685 1.477064159792052e-18
607.7730150288818 1.5137998711809913e-18
607.8351039786952 1.4740574616629983e-18
607.8971929285085 1.4074502938008142e-18
607.9592818783218 1.3681072057235312e-18
608.0213708281351 1.3382292352029627e-18
608.0834597779484 1.2815285891518668e-18
608.1455487277617 1.1465061400060345e-18
608.2076376775751 9.877643901928206e-19
608.2697266273884 8.907617469393396e-19
608.3318155772017 8.552002701287075e-19
608.393904527015 8.608206004994873e-19
608.4559934768283 8.847497982473042e-19
608.5180824266417 8.784829745290259e-19
608.580171376455 8.862037749690193e-19
608.6422603262683 8.862493733002862e-19
608.7043492760816 8.70516087856798e-19
608.766438225895 8.553196943296449e-19
608.8285271757084 8.620881513906483e-19
608.8906161255217 9.029299873403009e-19
608.952705075335 9.02176219007112e-19
609.0147940251483 8.958787896061692e-19
609.0768829749616 8.922112775652622e-19
609.1389719247749 8.912451306098003e-19
609.2010608745882 9.169103736682128e-19
609.2631498244016 8.828277406964606e-19
609.3252387742149 8.625200430679775e-19
609.3873277240282 8.864280443125977e-19
609.4494166738415 9.076467779882314e-19
609.5115056236548 9.140353006541316e-19
609.5735945734682 9.297989849851312e-19
609.6356835232815 8.944928484898366e-19
609.6977724730948 8.722944227762104e-19
609.7598614229081 8.794746606859004e-19
609.8219503727214 9.033632231861255e-19
609.8840393225348 9.470868529923363e-19
609.9461282723481 9.010683139741737e-19
610.0082172221614 8.767209764267113e-19
610.0703061719747 8.97497685462512e-19
610.132395121788 8.973244945217587e-19
610.1944840716013 8.862437898311515e-19
610.2565730214147 9.202951967347797e-19
610.318661971228 9.367789417890068e-19
610.3807509210413 9.39699096146472e-19
610.4428398708546 9.586090653348937e-19
610.5049288206679 9.155368402610684e-19
610.5670177704812 9.055278514516002e-19
610.6291067202947 9.001939840667052e-19
610.691195670108 8.676445303603201e-19
610.7532846199213 8.970313623921853e-19
610.8153735697346 9.36262470894044e-19
610.8774625195479 9.23671541200068e-19
610.9395514693613 9.35751066480333e-19
611.0016404191746 9.096470041069612e-19
611.0637293689879 8.861098899694945e-19
611.1258183188012 9.224535177480837e-19
611.1879072686145 9.411455248450976e-19
611.2499962184279 9.49204228565319e-19
611.3120851682412 9.37741159636559e-19
611.3741741180545 9.285703115827602e-19
611.4362630678678 9.466723321078707e-19
611.4983520176811 9.373463876892181e-19
611.5604409674944 9.370592526190857e-19
611.6225299173077 9.42095231585885e-19
611.6846188671211 9.405068380146301e-19
611.7467078169344 9.367872135951323e-19
611.8087967667477 9.40592037617723e-19
611.870885716561 9.404503829378234e-19
611.9329746663743 9.271374279666652e-19
611.9950636161877 8.861648974802293e-19
612.057152566001 8.883308699141994e-19
612.1192415158143 9.425942282904077e-19
612.1813304656276 1.0464547158098361e-18
612.2434194154409 1.0533346871571694e-18
612.3055083652544 1.0192493658484265e-18
612.3675973150677 1.0057919644628013e-18
612.429686264881 1.0261593224929648e-18
612.4917752146943 9.77862521272678e-19
612.5538641645076 9.903859323491543e-19
612.6159531143209 1.0540504051821809e-18
612.6780420641343 1.0804252658085873e-18
612.7401310139476 1.0512307532691408e-18
612.8022199637609 1.0127527927150116e-18
612.8643089135742 9.841383405801178e-19
612.9263978633875 1.0014690151840226e-18
612.9884868132008 9.416631331134027e-19
613.0505757630142 9.20591017201344e-19
613.1126647128275 9.426661930036998e-19
613.1747536626408 9.799548746321309e-19
613.2368426124541 9.909163619169539e-19
613.2989315622674 9.727015346358065e-19
613.3610205120808 9.48657772373151e-19
613.4231094618941 9.405713581024093e-19
613.4851984117074 9.517247512893446e-19
613.5472873615207 9.678595295226508e-19
613.609376311334 9.62185070520537e-19
613.6714652611474 9.749410227467173e-19
613.7335542109607 9.735583903528349e-19
613.795643160774 9.720841477061122e-19
613.8577321105873 9.406190243852076e-19
613.9198210604006 9.254951642580178e-19
613.9819100102139 9.465802048671476e-19
614.0439989600274 9.665817422714095e-19
614.1060879098407 9.370049688913869e-19
614.168176859654 8.98738352983765e-19
614.2302658094673 9.203900123124936e-19
614.2923547592806 9.303570217058748e-19
614.3544437090939 9.082090540096143e-19
614.4165326589073 9.1683210170275e-19
614.4786216087206 9.361247453220539e-19
614.5407105585339 9.31091041101939e-19
614.6027995083472 8.94254206883115e-19
614.6648884581605 8.863592849241792e-19
614.7269774079739 9.179909817409367e-19
614.7890663577872 9.180025622695125e-19
614.8511553076005 8.94100868277063e-19
614.9132442574138 8.910105215085649e-19
614.9753332072271 9.032513470082777e-19
615.0374221570405 9.677561319460817e-19
615.0995111068538 1.0127280806942115e-18
615.1616000566671 9.427603881959543e-19
615.2236890064804 9.084005463214203e-19
615.2857779562937 8.8720642126901e-19
615.347866906107 8.979928564567016e-19
615.4099558559203 9.373344969679127e-19
615.4720448057337 9.090667369072552e-19
615.534133755547 8.95357148832378e-19
615.5962227053603 9.260781197947145e-19
615.6583116551736 9.592414449131905e-19
615.7204006049869 9.604916250114878e-19
615.7824895548003 9.251306878006116e-19
615.8445785046137 9.247289882156405e-19
615.906667454427 9.240078935166474e-19
615.9687564042403 9.074319178241207e-19
616.0308453540536 9.544282877238976e-19
616.092934303867 9.619146858578088e-19
616.1550232536803 9.061405854903489e-19
616.2171122034936 9.001295673765026e-19
616.2792011533069 9.149150072355817e-19
616.3412901031202 8.890971493541532e-19
616.4033790529335 9.075240450648438e-19
616.4654680027469 9.553798556210633e-19
616.5275569525602 9.112483223752873e-19
616.5896459023735 8.828554512469812e-19
616.6517348521868 8.878521391346843e-19
616.7138238020001 8.878463488703964e-19
616.7759127518134 9.138320210185967e-19
616.8380017016268 9.169697238771634e-19
616.9000906514401 9.021954509563538e-19
616.9621796012534 9.224948767787114e-19
617.0242685510667 9.114561515041912e-19
617.08635750088 9.047942456458423e-19
617.1484464506934 9.13978328589442e-19
617.2105354005067 9.063952537214387e-19
617.27262435032 9.109141414078159e-19
617.3347133001333 8.928162567857682e-19
617.3968022499466 8.906395310038349e-19
617.45889119976 9.107219253129738e-19
617.5209801495733 8.805593012641105e-19
617.5830690993866 8.934515314962089e-19
617.6451580492 9.047807005633117e-19
617.7072469990133 8.759768240681433e-19
617.7693359488266 8.966380380109163e-19
617.8314248986399 9.062370554292879e-19
617.8935138484533 8.84598424195207e-19
617.9556027982666 8.60988052874741e-19
618.0176917480799 8.801862428078491e-19
618.0797806978932 9.051869496416518e-19
618.1418696477065 8.987687518712763e-19
618.2039585975199 8.887400141246834e-19
618.2660475473332 9.030968710288835e-19
618.3281364971465 8.65615352920151e-19
618.3902254469598 8.593009663166509e-19
618.4523143967731 8.812505140634752e-19
618.5144033465865 8.599134935602464e-19
618.5764922963998 8.434991799786855e-19
618.6385812462131 8.557033510375046e-19
618.7006701960264 8.608787616363075e-19
618.7627591458397 8.561449103882431e-19
618.824848095653 8.75822348088749e-19
618.8869370454664 9.050792093668668e-19
618.9490259952797 8.807998040272103e-19
619.011114945093 8.768005925606696e-19
619.0732038949063 8.515100106209553e-19
619.1352928447196 8.570824162149954e-19
619.1973817945329 8.674872626463585e-19
619.2594707443463 8.380450612122406e-19
619.3215596941596 8.47601892419372e-19
619.383648643973 8.610847813076215e-19
619.4457375937862 8.726622079560668e-19
619.5078265435995 8.868758592167186e-19
619.569915493413 8.648593098402775e-19
619.6320044432263 8.627067790912614e-19
619.6940933930396 8.83501479305385e-19
619.7561823428529 8.529328129733348e-19
619.8182712926662 8.308040255275279e-19
619.8803602424796 8.340157093521299e-19
619.9424491922929 8.354526771724994e-19
620.0045381421062 8.776307717029431e-19
620.0666270919195 8.981185879098096e-19
620.1287160417328 8.840461777387513e-19
620.1908049915461 8.892670315724563e-19
620.2528939413595 8.708537843418727e-19
620.3149828911728 8.345936501063631e-19
620.3770718409861 8.379053710862957e-19
620.4391607907994 8.86150318421933e-19
620.5012497406127 8.890161890516996e-19
620.563338690426 8.548020343625515e-19
620.6254276402394 8.428776571459285e-19
620.6875165900527 8.335744084953329e-19
620.749605539866 8.46952038650635e-19
620.8116944896793 8.81548816071877e-19
620.8737834394926 9.040487491187789e-19
620.935872389306 8.581555279634181e-19
620.9979613391193 8.35496931335271e-19
621.0600502889326 8.424737345130612e-19
621.122139238746 8.534289662445018e-19
621.1842281885592 8.667026818353519e-19
621.2463171383727 8.564474516972843e-19
621.308406088186 8.827041805924605e-19
621.3704950379993 9.205861575152453e-19
621.4325839878126 8.96975734495991e-19
621.4946729376259 8.622472285621999e-19
621.5567618874392 8.587540448353885e-19
621.6188508372525 8.532617206644012e-19
621.6809397870659 8.371869130255051e-19
621.7430287368792 8.597208638750981e-19
621.8051176866925 8.541414789446396e-19
621.8672066365058 8.649597605859144e-19
621.9292955863191 8.57579603461928e-19
621.9913845361325 8.153565309856767e-19
622.0534734859458 8.2982629804349025e-19
622.1155624357591 8.356016730803355e-19
622.1776513855724 8.421947678514777e-19
622.2397403353857 8.453404840222286e-19
622.3018292851991 8.574671068986208e-19
622.3639182350124 8.194133866011547e-19
622.4260071848257 8.161880542964456e-19
622.488096134639 8.567870610375256e-19
622.5501850844523 9.01625730309458e-19
622.6122740342656 8.980834327337761e-19
622.674362984079 8.682923161775257e-19
622.7364519338923 8.46617392394069e-19
622.7985408837056 8.40509956040072e-19
622.8606298335189 8.606896991675508e-19
622.9227187833322 8.690840314213155e-19
622.9848077331455 8.286910960503378e-19
623.046896682959 8.162692730928407e-19
623.1089856327723 8.384486736523782e-19
623.1710745825856 8.510736211490453e-19
623.2331635323989 8.646889106340916e-19
623.2952524822122 8.142649110710481e-19
623.3573414320256 8.466852729030866e-19
623.4194303818389 8.958348456361273e-19
623.4815193316522 8.841390287625103e-19
623.5436082814655 8.529405160927892e-19
623.6056972312788 8.839731790496934e-19
623.6677861810922 8.928947355463841e-19
623.7298751309055 8.734850458704039e-19
623.7919640807188 8.65635153556064e-19
623.8540530305321 8.652037271678293e-19
623.9161419803454 9.076015932472707e-19
623.9782309301587 8.766234725120067e-19
624.040319879972 8.283387171093902e-19
624.1024088297854 8.439474084731127e-19
624.1644977795987 8.625585586652495e-19
624.226586729412 8.631884567017087e-19
624.2886756792253 8.247550605030808e-19
624.3507646290386 7.812484105113003e-19
624.412853578852 8.027891242403703e-19
624.4749425286653 8.526948951496492e-19
624.5370314784786 8.843758092128536e-19
624.5991204282919 9.019337516900573e-19
624.6612093781052 8.836005341837383e-19
624.7232983279187 8.412976387783756e-19
624.785387277732 8.2271140740219195e-19
624.8474762275453 8.222634374017062e-19
624.9095651773586 7.951613299205008e-19
624.9716541271719 8.106773253568291e-19
625.0337430769852 8.496262101734424e-19
625.0958320267986 8.344060352036784e-19
625.1579209766119 8.257286003852674e-19
625.2200099264252 8.245859020678137e-19
625.2820988762385 8.137005153993455e-19
625.3441878260518 7.905066295173001e-19
625.4062767758651 8.000928773349654e-19
625.4683657256785 8.31699707034558e-19
625.5304546754918 8.525647176007487e-19
625.5925436253051 8.470253475324225e-19
625.6546325751184 8.446158221068438e-19
625.7167215249317 8.51156235812724e-19
625.7788104747451 8.22373142230446e-19
625.8408994245584 8.190195969307912e-19
625.9029883743717 8.47383878629176e-19
625.965077324185 8.288970123240752e-19
626.0271662739983 8.285363098782138e-19
626.0892552238117 8.537006950757254e-19
626.151344173625 8.728978510330678e-19
626.2134331234383 8.629730795497152e-19
626.2755220732516 8.033280324094486e-19
626.3376110230649 7.955146394396375e-19
626.3996999728782 8.254959041391986e-19
626.4617889226917 8.203946296027958e-19
626.523877872505 8.218646329488791e-19
626.5859668223183 8.395148060643824e-19
626.6480557721316 8.539815228936872e-19
626.7101447219449 8.715366219375352e-19
626.7722336717582 8.593387581308869e-19
626.8343226215716 8.554757212726877e-19
626.8964115713849 8.252171442727682e-19
626.9585005211982 7.9721397861055115e-19
627.0205894710115 8.13327612039449e-19
627.0826784208248 8.213022018311313e-19
627.1447673706382 8.345832586499179e-19
627.2068563204515 8.189022923801735e-19
627.2689452702648 7.828401128050055e-19
627.3310342200781 8.111519719320697e-19
627.3931231698914 8.34026617796458e-19
627.4552121197048 8.325231136355663e-19
627.5173010695181 8.290201071389808e-19
627.5793900193314 8.145853401608359e-19
627.6414789691447 7.897157414541228e-19
627.703567918958 7.861259843907958e-19
627.7656568687713 8.01451211298354e-19
627.8277458185846 8.023705191516302e-19
627.889834768398 8.012072964152275e-19
627.9519237182113 7.869645387367714e-19
628.0140126680246 7.786051548638871e-19
628.0761016178379 7.791216774576382e-19
628.1381905676512 7.917490547973547e-19
628.2002795174647 8.316232962254734e-19
628.262368467278 8.153571513711361e-19
628.3244574170913 7.942267709246807e-19
628.3865463669046 8.196743620844152e-19
628.4486353167179 8.501894684718027e-19
628.5107242665313 8.261372276078686e-19
628.5728132163446 7.866019234357435e-19
628.6349021661579 8.032656836707774e-19
628.6969911159712 8.404895867174879e-19
628.7590800657845 8.31987669285303e-19
628.8211690155978 8.12510616088188e-19
628.8832579654112 8.263510020974253e-19
628.9453469152245 7.912331525890631e-19
629.0074358650378 7.91221158470181e-19
629.0695248148511 8.315882444470165e-19
629.1316137646644 8.346390416424769e-19
629.1937027144777 8.245655327452296e-19
629.2557916642911 8.293624048162129e-19
629.3178806141044 8.055890272162857e-19
629.3799695639177 8.158489102452989e-19
629.442058513731 7.800190650246817e-19
629.5041474635443 7.790191587604699e-19
629.5662364133577 7.75334224227911e-19
629.628325363171 9.64438207111555e-19
629.6904143129843 9.86035272519855e-19
629.7525032627976 8.64404670696103e-19
629.8145922126109 8.106920078127019e-19
629.8766811624243 7.171887521406265e-19
629.9387701122376 7.667913613554048e-19
630.000859062051 7.768369529069784e-19
630.0629480118643 7.780918375950097e-19
630.1250369616776 7.788319574480915e-19
630.1871259114909 7.7271898932374805e-19
630.2492148613042 8.245317217376915e-19
630.3113038111176 8.178516696046546e-19
630.3733927609309 8.975661346582008e-19
630.4354817107442 9.643295362585808e-19
630.4975706605575 8.049518913494667e-19
630.5596596103708 8.0177350154452e-19
630.6217485601842 8.085339452933393e-19
630.6838375099975 8.11425820413613e-19
630.7459264598108 7.925439236672299e-19
630.8080154096241 8.140547037978831e-19
630.8701043594374 8.504851855407904e-19
630.9321933092508 8.365820372025757e-19
630.9942822590641 8.149487309436881e-19
631.0563712088774 8.246550233477501e-19
631.1184601586907 7.91368500016792e-19
631.180549108504 7.856715520417745e-19
631.2426380583173 8.305737591245085e-19
631.3047270081307 8.486626481573947e-19
631.366815957944 8.108373848053581e-19
631.4289049077573 7.818655906458414e-19
631.4909938575706 8.145860122450836e-19
631.5530828073839 8.381628827507411e-19
631.6151717571972 8.32889502948139e-19
631.6772607070106 8.3058859667674615e-19
631.739349656824 8.326176707193387e-19
631.8014386066372 8.381448398736298e-19
631.8635275564505 8.085868331537544e-19
631.9256165062639 7.666138277164356e-19
631.9877054560773 8.0186076909914435e-19
632.0497944058906 8.4805746214173555e-19
632.1118833557039 8.456035274570204e-19
632.1739723055172 8.285430824194791e-19
632.2360612553305 8.186074541905867e-19
632.2981502051439 8.1213972898103455e-19
632.3602391549572 8.45960817782855e-19
632.4223281047705 8.437812485675661e-19
632.4844170545838 8.321330462779592e-19
632.5465060043971 8.164281951680274e-19
632.6085949542104 8.346874834070995e-19
632.6706839040238 8.550471383178086e-19
632.7327728538371 8.261323162229816e-19
632.7948618036504 8.03840987786808e-19
632.8569507534637 8.180355104957945e-19
632.919039703277 8.14654409741984e-19
632.9811286530903 8.362216966482323e-19
633.0432176029037 8.521593991005977e-19
633.105306552717 8.086785985029595e-19
633.1673955025303 7.854093874863835e-19
633.2294844523436 7.819503249598398e-19
633.2915734021569 7.913389283098933e-19
633.3536623519703 7.954812420224057e-19
633.4157513017836 8.048977110193445e-19
633.477840251597 8.212476079107028e-19
633.5399292014102 8.205761957472512e-19
633.6020181512235 7.8206783630561065e-19
633.664107101037 7.840061272759755e-19
633.7261960508503 8.138681745697524e-19
633.7882850006636 8.120777421338814e-19
633.8503739504769 8.408662640889292e-19
633.9124629002902 8.149403040411977e-19
633.9745518501035 7.651948510743891e-19
634.0366407999168 7.788222897746823e-19
634.0987297497302 8.177266102357943e-19
634.1608186995435 8.292427221213341e-19
634.2229076493568 8.067533873260307e-19
634.2849965991701 8.144553694070885e-19
634.3470855489834 8.437364774169117e-19
634.4091744987968 8.199187422566364e-19
634.4712634486101 7.982953621650994e-19
634.5333523984234 8.132210091380062e-19
634.5954413482367 8.0916958189529805e-19
634.65753029805 7.943024579507293e-19
634.7196192478634 7.951710492926983e-19
634.7817081976767 7.958174392426202e-19
634.84379714749 8.063423819591684e-19
634.9058860973033 7.985023641133908e-19
634.9679750471166 7.970280697678799e-19
635.0300639969299 8.209441360234724e-19
635.0921529467433 8.168847471673684e-19
635.1542418965566 8.221425139359086e-19
635.2163308463699 8.266970737862021e-19
635.2784197961832 8.356814443106586e-19
635.3405087459965 8.240533011509061e-19
635.4025976958098 8.006554118502897e-19
635.4646866456233 8.059530900833856e-19
635.5267755954366 8.548852694116897e-19
635.5888645452499 8.382223880560566e-19
635.6509534950632 8.019995286469001e-19
635.7130424448765 8.130332391389567e-19
635.7751313946899 8.123849880326565e-19
635.8372203445032 8.08264284413647e-19
635.8993092943165 8.012612182514083e-19
635.9613982441298 8.302851247895158e-19
636.0234871939431 8.999771593486397e-19
636.0855761437565 8.470482500956326e-19
636.1476650935698 8.166810539415272e-19
636.2097540433831 7.872595320227232e-19
636.2718429931964 8.180595504323469e-19
636.3339319430097 8.088154968943371e-19
636.396020892823 7.679876713163096e-19
636.4581098426363 8.156875066282745e-19
636.5201987924497 8.004292296515448e-19
636.582287742263 7.801425217311052e-19
636.6443766920763 8.494473840647661e-19
636.7064656418896 8.2138910749423765e-19
636.7685545917029 9.174187795522032e-19
636.8306435415163 8.845815703902262e-19
636.8927324913296 8.800774685572984e-19
636.9548214411429 8.539171579022729e-19
637.0169103909562 8.073872144703994e-19
637.0789993407695 7.591139361987821e-19
637.141088290583 7.778334987499517e-19
637.2031772403963 8.013522081187891e-19
637.2652661902096 8.353973077702466e-19
637.3273551400229 8.439597644835127e-19
637.3894440898362 8.24827232011526e-19
637.4515330396495 8.127144127116058e-19
637.5136219894629 8.156670339081138e-19
637.5757109392762 8.204428645722653e-19
637.6377998890895 8.084578446769845e-19
637.6998888389028 7.80922604747531e-19
637.7619777887161 7.786066024299591e-19
637.8240667385294 7.901992802209483e-19
637.8861556883428 8.306847564229554e-19
637.9482446381561 8.476043222624213e-19
638.0103335879694 8.310104587891482e-19
638.0724225377827 8.284581413103275e-19
638.134511487596 8.227464591806489e-19
638.1966004374094 8.147914632297264e-19
638.2586893872227 8.212045428200618e-19
638.320778337036 8.159234598980052e-19
638.3828672868493 8.185861542898134e-19
638.4449562366626 8.29084834021913e-19
638.507045186476 8.237004052220757e-19
638.5691341362893 8.271317571980988e-19
638.6312230861026 8.145372602877312e-19
638.6933120359159 8.075695043978908e-19
638.7554009857292 8.273486853137408e-19
638.8174899355425 8.663535599180663e-19
638.879578885356 8.544191014377277e-19
638.9416678351693 8.263591705059742e-19
639.0037567849826 8.125013620050851e-19
639.0658457347959 8.050050377038233e-19
639.1279346846092 8.647869832354674e-19
639.1900236344225 8.436450739592246e-19
639.2521125842359 7.540650842336999e-19
639.3142015340492 7.853633755648102e-19
639.3762904838625 8.059420265426927e-19
639.4383794336758 8.045317869958664e-19
639.5004683834891 8.031893245604811e-19
639.5625573333025 8.283022177648613e-19
639.6246462831158 8.095070715852197e-19
639.6867352329291 8.256948927753059e-19
639.7488241827424 8.679912224345564e-19
639.8109131325557 8.596320970556135e-19
639.8730020823691 8.3369605574416645e-19
639.9350910321824 8.509973654363256e-19
639.9971799819957 8.279588344130752e-19
640.059268931809 8.384892055023933e-19
640.1213578816223 8.490817702340176e-19
640.1834468314356 8.132810831299929e-19
640.2455357812489 8.072616381136562e-19
640.3076247310623 8.315265160938047e-19
640.3697136808756 8.735223723955454e-19
640.4318026306889 8.581236815098348e-19
640.4938915805022 8.537289743129171e-19
640.5559805303155 8.371042466630381e-19
640.618069480129 7.825452746154186e-19
640.6801584299423 7.988082658436705e-19
640.7422473797556 8.617795613233777e-19
640.8043363295689 8.412266046432726e-19
640.8664252793822 8.075207007417502e-19
640.9285142291956 8.146851705210134e-19
640.9906031790089 8.45126916327825e-19
641.0526921288222 8.725211736616265e-19
641.1147810786355 8.67013546649307e-19
641.1768700284488 8.569629403152697e-19
641.2389589782621 8.465144084078062e-19
641.3010479280755 8.374385310280861e-19
641.3631368778888 8.376912864040093e-19
641.4252258277021 8.203860993027288e-19
641.4873147775154 8.226892803208062e-19
641.5494037273287 8.383431564254894e-19
641.611492677142 8.37847106551899e-19
641.6735816269554 8.387452179019784e-19
641.7356705767687 8.193962226034443e-19
641.797759526582 8.2313342461095885e-19
641.8598484763953 8.3538443477196375e-19
641.9219374262086 8.334682191841964e-19
641.984026376022 8.596431088975181e-19
642.0461153258353 8.646258381123844e-19
642.1082042756486 8.493741785805551e-19
642.1702932254619 8.621292519273345e-19
642.2323821752752 8.702529410244295e-19
642.2944711250886 8.401144603096951e-19
642.356560074902 8.175905390250293e-19
642.4186490247153 8.485783791324908e-19
642.4807379745286 8.627407968939526e-19
642.5428269243419 8.465798073749861e-19
642.6049158741552 8.473673867157132e-19
642.6670048239685 8.363659879663345e-19
642.7290937737819 8.483900921455584e-19
642.7911827235952 8.40220546223255e-19
642.8532716734085 8.241634712687405e-19
642.9153606232218 8.009945559014365e-19
642.9774495730351 8.3471524565640835e-19
643.0395385228485 8.623310322980092e-19
643.1016274726618 8.411352011855855e-19
643.1637164224751 8.286759483053704e-19
643.2258053722884 8.182798906680157e-19
643.2878943221017 8.227376186878522e-19
643.3499832719151 8.328592591569925e-19
643.4120722217284 8.332553235740405e-19
643.4741611715417 8.188284665105032e-19
643.536250121355 8.237998736907352e-19
643.5983390711683 8.625427905348227e-19
643.6604280209816 8.546373737218652e-19
643.722516970795 8.209851331625821e-19
643.7846059206083 8.544006449703102e-19
643.8466948704216 8.792898892165713e-19
643.9087838202349 8.570346982334087e-19
643.9708727700482 8.464888692063936e-19
644.0329617198615 8.559504712455048e-19
644.095050669675 8.46580324362869e-19
644.1571396194882 8.025500690433424e-19
644.2192285693015 8.196784462886897e-19
644.2813175191149 8.449071964776156e-19
644.3434064689282 8.373575190268441e-19
644.4054954187416 8.287490503920048e-19
644.4675843685549 8.37402910562958e-19
644.5296733183682 8.532623927486489e-19
644.5917622681815 8.598466987257827e-19
644.6538512179948 8.315579489570817e-19
644.7159401678082 8.177145127193357e-19
644.7780291176215 8.283207259310672e-19
644.8401180674348 8.369171487482362e-19
644.9022070172481 8.519876557259164e-19
644.9642959670614 8.601105176423989e-19
645.0263849168747 8.585871094480176e-19
645.088473866688 8.627675251674957e-19
645.1505628165014 8.768225128469022e-19
645.2126517663147 8.778299154354153e-19
645.274740716128 8.681363926320595e-19
645.3368296659413 8.745486967405705e-19
645.3989186157546 8.461275463750728e-19
645.461007565568 8.434411739382302e-19
645.5230965153813 8.879056990793471e-19
645.5851854651946 8.759158194979675e-19
645.6472744150079 8.625422218481516e-19
645.7093633648212 8.685638382135962e-19
645.7714523146346 8.541921437571585e-19
645.833541264448 8.6617111489421e-19
645.8956302142612 8.535231614367562e-19
645.9577191640745 8.744938960249889e-19
646.0198081138878 8.65941106985132e-19
646.0818970637013 8.522730847360355e-19
646.1439860135146 8.93946805887975e-19
646.2060749633279 9.053335674052269e-19
646.2681639131412 8.644175436943859e-19
646.3302528629545 8.19274265161881e-19
646.3923418127678 8.147300967680326e-19
646.4544307625811 8.572766485625805e-19
646.5165197123945 8.474480368254371e-19
646.5786086622078 8.565842466910853e-19
646.6406976120211 8.82792378725274e-19
646.7027865618344 9.056496537967987e-19
646.7648755116477 9.03139677625583e-19
646.8269644614611 8.898367522193522e-19
646.8890534112744 8.743072633992816e-19
646.9511423610877 8.734777046424675e-19
647.013231310901 8.579395304259651e-19
647.0753202607143 8.645833417084145e-19
647.1374092105277 8.627391425327275e-19
647.199498160341 8.434311960720913e-19
647.2615871101543 8.743973226884733e-19
647.3236760599676 8.84914924177085e-19
647.3857650097809 8.937374257954225e-19
647.4478539595942 9.168063557061842e-19
647.5099429094076 8.94769437007159e-19
647.5720318592209 8.615911192400805e-19
647.6341208090342 8.574343298668484e-19
647.6962097588475 8.720181444516177e-19
647.7582987086608 8.75509673817204e-19
647.8203876584741 8.760746381755777e-19
647.8824766082876 8.879173830054994e-19
647.9445655581009 8.735451198623906e-19
648.0066545079142 8.493603750040831e-19
648.0687434577275 8.778730322248446e-19
648.1308324075408 9.041883358471472e-19
648.1929213573542 8.86887026154988e-19
648.2550103071675 8.464225396610245e-19
648.3170992569808 8.500585154410779e-19
648.3791882067941 8.781804332199846e-19
648.4412771566074 8.768194109196052e-19
648.5033661064208 8.711597377709408e-19
648.5654550562341 9.049852209697655e-19
648.6275440060474 8.9030545343394e-19
648.6896329558607 8.773869602173931e-19
648.751721905674 8.883697474029894e-19
648.8138108554873 8.756811069991556e-19
648.8758998053006 8.534580209635177e-19
648.937988755114 8.481674771632051e-19
649.0000777049273 8.692116240308018e-19
649.0621666547406 8.826281833736822e-19
649.1242556045539 9.315803184342641e-19
649.1863445543672 9.1378249357942e-19
649.2484335041806 8.436661670648447e-19
649.3105224539939 9.113974216807e-19
649.3726114038072 9.205234985838444e-19
649.4347003536205 9.04784009285762e-19
649.4967893034338 9.040610534303906e-19
649.5588782532473 9.030946996797755e-19
649.6209672030606 9.377340252037758e-19
649.6830561528739 9.048710700452331e-19
649.7451451026872 8.401174071406273e-19
649.8072340525005 8.953023481167963e-19
649.8693230023139 9.21599143572893e-19
649.9314119521271 8.957272087589188e-19
649.9935009019405 9.551283927148471e-19
650.0555898517538 9.358490873829206e-19
650.1176788015671 9.148910189978177e-19
650.1797677513804 9.836054294704805e-19
650.2418567011937 9.541492176647375e-19
650.3039456510071 8.952344159089904e-19
650.3660346008204 9.293195304225801e-19
650.4281235506337 9.456326694754681e-19
650.490212500447 9.041909207865614e-19
650.5523014502603 8.896183765376382e-19
650.6143904000737 8.984530790700108e-19
650.676479349887 9.063545150762704e-19
650.7385682997003 9.148857457214126e-19
650.8006572495136 9.427378475242622e-19
650.8627461993269 9.70124350039821e-19
650.9248351491403 9.55045881448745e-19
650.9869240989536 9.09222763850298e-19
651.0490130487669 8.844577000934964e-19
651.1111019985802 8.695377399873009e-19
651.1731909483935 9.332945468562037e-19
651.235279898207 9.570631681676087e-19
651.2973688480201 8.786546145061306e-19
651.3594577978336 8.976873166179398e-19
651.4215467476469 9.99833265522699e-19
651.4836356974602 1.0358540860672394e-18
651.5457246472735 1.0084039940420906e-18
651.6078135970868 1.0169722410196446e-18
651.6699025469002 1.024623454890607e-18
651.7319914967135 1.0853410967914134e-18
651.7940804465268 1.1575676127473998e-18
651.8561693963401 1.1723780748200086e-18
651.9182583461534 1.125633891609484e-18
651.9803472959668 1.0566071170580057e-18
652.0424362457801 1.0056928061868715e-18
652.1045251955934 1.0004969745666962e-18
652.1666141454067 9.769284275659525e-19
652.22870309522 9.550150689709274e-19
652.2907920450334 9.607786566840437e-19
652.3528809948466 9.57599181204543e-19
652.41496994466 9.14829497439759e-19
652.4770588944733 7.785570232919942e-19
652.5391478442866 8.464914024470195e-19
652.6012367940999 9.01067279998408e-19
652.6633257439132 9.20196762241886e-19
652.7254146937266 9.834004954737205e-19
652.7875036435399 9.78850485116796e-19
652.8495925933532 9.25880010038008e-19
652.9116815431665 9.779038803033056e-19
652.9737704929798 1.0190614924518004e-18
653.0358594427933 1.0197350242655717e-18
653.0979483926066 9.245614841415985e-19
653.1600373424199 8.593317270956802e-19
653.2221262922332 8.775552914720476e-19
653.2842152420465 9.93388080984839e-19
653.3463041918599 9.692325459419123e-19
653.4083931416732 9.256942045929134e-19
653.4704820914865 9.480611683563472e-19
653.5325710412998 9.681841979130779e-19
653.5946599911131 9.514829043577494e-19
653.6567489409265 9.50169134749862e-19
653.7188378907397 9.613801203869464e-19
653.7809268405531 9.568344527282378e-19
653.8430157903664 9.244281012678244e-19
653.9051047401797 9.154073864952039e-19
653.967193689993 9.678751425567127e-19
654.0292826398063 1.0046312232682362e-18
654.0913715896197 9.818089999751685e-19
654.153460539433 9.397412823577123e-19
654.2155494892463 9.566955897829054e-19
654.2776384390596 1.0039258450008816e-18
654.3397273888729 9.892422517547231e-19
654.4018163386863 9.633812770838653e-19
654.4639052884996 1.0235162736407047e-18
654.5259942383129 1.0509375177419907e-18
654.5880831881262 1.0406886465548821e-18
654.6501721379395 1.017879244561309e-18
654.712261087753 1.0141822642110798e-18
654.7743500375663 1.0305790519034122e-18
654.8364389873796 1.0412069786062232e-18
654.8985279371929 1.0187245197497616e-18
654.9606168870062 9.995693949072945e-19
655.0227058368195 9.557543616433967e-19
655.0847947866328 9.458564218311637e-19
655.1468837364462 9.691564453255574e-19
655.2089726862595 9.951662091090982e-19
655.2710616360728 9.83696729530591e-19
655.3331505858861 9.586626252795565e-19
655.3952395356994 9.348584352018118e-19
655.4573284855128 9.59641593534513e-19
655.5194174353261 9.723856550393878e-19
655.5815063851394 9.400287276205745e-19
655.6435953349527 9.11271897022745e-19
655.705684284766 9.399271912003836e-19
655.7677732345794 9.603203986246894e-19
655.8298621843927 9.42719442755633e-19
655.891951134206 9.672898088757549e-19
655.9540400840193 9.600084481361803e-19
656.0161290338326 9.589568947824723e-19
656.078217983646 9.468568967820466e-19
656.1403069334592 9.435941862534077e-19
656.2023958832726 9.54929972765411e-19
656.2644848330859 9.734322453094205e-19
656.3265737828992 9.587060522617156e-19
656.3886627327125 9.5235506291611e-19
656.4507516825258 9.869405183027178e-19
656.5128406323392 8.002907156730333e-20
656.5749295821525 6.696623869428716e-18
656.6370185319659 1.454001537133461e-17
656.6991074817792 1.0815074662039904e-17
656.7611964315925 7.159737892569086e-18
656.8232853814059 7.993280351213259e-18
656.8853743312192 6.4152836130774865e-18
656.9474632810325 4.785362266349923e-18
657.0095522308458 5.013461042574177e-18
657.0716411806591 5.3848701006941616e-18
657.1337301304725 4.6087294270678e-18
657.1958190802858 4.422519490653537e-18
657.2579080300991 4.9644650669411296e-18
657.3199969799124 3.833566067335169e-18
657.3820859297257 1.0043306465131498e-18
657.4441748795391 1.023791207796802e-18
657.5062638293523 1.042152756239101e-18
657.5683527791657 1.0072050991417715e-18
657.630441728979 9.67248036254821e-19
657.6925306787923 1.0204415399062685e-18
657.7546196286056 1.0237969980610899e-18
657.8167085784189 9.23275114891502e-19
657.8787975282323 9.271859214300762e-19
657.9408864780456 1.0213330338114475e-18
658.0029754278589 1.0016630924352428e-18
658.0650643776722 9.76606757705246e-19
658.1271533274855 1.0084900208257961e-18
658.189242277299 9.972364353871653e-19
658.2513312271122 9.773138937314022e-19
658.3134201769255 9.574701410289848e-19
658.3755091267388 9.818774491708573e-19
658.4375980765521 1.0037367308333367e-18
658.4996870263656 9.983968663890006e-19
658.5617759761788 9.968648244969759e-19
658.6238649259922 9.84380187511713e-19
658.6859538758055 9.424172116393213e-19
658.7480428256188 9.441322672418735e-19
658.8101317754321 9.580618853596899e-19
658.8722207252454 9.592923165208625e-19
658.9343096750588 9.531012832262094e-19
658.9963986248721 9.264287409768604e-19
659.0584875746854 9.337531151082878e-19
659.1205765244987 9.799931317354615e-19
659.182665474312 9.698969787689455e-19
659.2447544241254 9.233040662129414e-19
659.3068433739387 9.375944384754075e-19
659.368932323752 9.419967970929913e-19
659.4310212735653 9.34502023755378e-19
659.4931102233786 9.489041687981153e-19
659.555199173192 9.538758344722887e-19
659.6172881230053 9.670288333924944e-19
659.6793770728186 9.753776707125687e-19
659.7414660226319 9.50322266560761e-19
659.8035549724452 9.182093574226507e-19
659.8656439222586 9.285283321666732e-19
659.9277328720718 9.668760117743252e-19
659.9898218218852 9.779451359363567e-19
660.0519107716985 9.508462854788133e-19
660.1139997215118 9.352593076061703e-19
660.1760886713251 9.346314775212425e-19
660.2381776211384 9.129100248283297e-19
660.3002665709519 9.325294047895922e-19
660.3623555207652 9.554585411768324e-19
660.4244444705785 9.386935547143373e-19
660.4865334203918 9.765583676394116e-19
660.5486223702051 1.0006163987676335e-18
660.6107113200185 9.416432807787014e-19
660.6728002698318 9.496864748624374e-19
660.7348892196451 9.85022596654937e-19
660.7969781694584 9.595747987000494e-19
660.8590671192717 9.529418441631398e-19
660.9211560690851 9.768101407383574e-19
660.9832450188984 9.53745243333082e-19
661.0453339687117 9.450771142965622e-19
661.107422918525 9.385872620056243e-19
661.1695118683383 9.22794212762879e-19
661.2316008181516 9.310503024567708e-19
661.2936897679649 9.419341381615904e-19
661.3557787177783 9.55724996731651e-19
661.4178676675916 9.83787202410089e-19
661.4799566174049 9.738056139584117e-19
661.5420455672182 9.404974288351623e-19
661.6041345170315 9.569450881351667e-19
661.6662234668449 9.539838849398035e-19
661.7283124166582 9.39841681404561e-19
661.7904013664715 9.781854319043034e-19
661.8524903162848 9.556162224811003e-19
661.9145792660981 9.270267925597363e-19
661.9766682159116 9.514362720507167e-19
662.0387571657249 9.552385111338933e-19
662.1008461155382 9.581468781676297e-19
662.1629350653515 9.782381646683536e-19
662.2250240151648 9.540637078689148e-19
662.2871129649782 9.507711154406475e-19
662.3492019147914 9.79163883171377e-19
662.4112908646048 1.0132298691333015e-18
662.4733798144181 1.0053694819649398e-18
662.5354687642314 1.046722101942844e-18
662.5975577140447 1.054660864474245e-18
662.659646663858 1.0932404648461417e-18
662.7217356136714 1.0771983308414414e-18
662.7838245634847 1.046810610268387e-18
662.845913513298 1.0642994831644426e-18
662.9080024631113 1.0692063185581072e-18
662.9700914129246 1.0631999533352065e-18
663.032180362738 1.0623621227722668e-18
663.0942693125513 1.0584081994442634e-18
663.1563582623646 1.0333333565480606e-18
663.2184472121779 9.78472049986553e-19
663.2805361619912 9.441473632880526e-19
663.3426251118046 9.457329651247402e-19
663.4047140616179 9.545512274424383e-19
663.4668030114312 9.764972596716592e-19
663.5288919612445 1.0000003560064347e-18
663.5909809110578 9.994974301940024e-19
663.6530698608713 9.614352312952577e-19
663.7151588106844 9.293158081098236e-19
663.7772477604979 9.739180071241423e-19
663.8393367103112 1.0034742043864277e-18
663.9014256601245 9.221003116265236e-19
663.9635146099378 9.227528537322514e-19
664.0256035597511 9.481729411366184e-19
664.0876925095645 9.403299247611203e-19
664.1497814593778 9.846106607098856e-19
664.2118704091911 9.872337538298678e-19
664.2739593590044 9.45731103968362e-19
664.3360483088177 9.226612434794111e-19
664.3981372586311 9.08489675032423e-19
664.4602262084444 9.066523000967895e-19
664.5223151582577 9.662330856432184e-19
664.584404108071 9.635057677660545e-19
664.6464930578843 9.36316444429013e-19
664.7085820076977 9.706170394921729e-19
664.7706709575109 9.745869894445446e-19
664.8327599073243 9.311587665145918e-19
664.8948488571376 9.257134365421552e-19
664.9569378069509 9.583588431995964e-19
665.0190267567642 9.713469229851744e-19
665.0811157065775 9.591736161029612e-19
665.1432046563909 9.28103368126974e-19
665.2052936062042 9.216407093986738e-19
665.2673825560175 9.697786919413504e-19
665.3294715058308 9.846258601536413e-19
665.3915604556441 9.53359363577326e-19
665.4536494054576 9.594424498020409e-19
665.5157383552709 9.464546802091927e-19
665.5778273050842 9.06164573728113e-19
665.6399162548975 9.350523056578789e-19
665.7020052047108 9.444188853241231e-19
665.7640941545242 9.160770925986421e-19
665.8261831043375 9.025607545943725e-19
665.8882720541508 8.951827171207058e-19
665.9503610039641 8.698432798260626e-19
666.0124499537774 8.750735428392354e-19
666.0745389035908 9.403673546838384e-19
666.136627853404 8.890363515791305e-19
666.1987168032174 8.609144338002238e-19
666.2608057530307 8.516202841363663e-19
666.322894702844 8.558896217716939e-19
666.3849836526573 8.478152533186224e-19
666.4470726024706 9.011357291940968e-19
666.509161552284 7.971423890236668e-16
666.5712505020973 -1.4266361525389407e-16
666.6333394519106 5.446900788419819e-18
666.6954284017239 9.42151169674809e-19
666.7575173515372 1.0022093418322575e-18
666.8196063013506 9.848496125093368e-19
666.8816952511639 9.803784945033346e-19
666.9437842009772 9.664421555430412e-19
667.0058731507905 9.886669476386925e-19
667.0679621006038 1.018496941683733e-18
667.1300510504173 1.0271173010398777e-18
667.1921400002306 1.0323889230836782e-18
667.2542289500439 1.0446142389469057e-18
667.3163178998572 1.0259546986889345e-18
667.3784068496705 9.86315583349934e-19
667.4404957994838 9.05612637464387e-19
667.5025847492971 9.07783676379609e-19
667.5646736991105 9.222738127600066e-19
667.6267626489238 9.331600266090873e-19
667.6888515987371 9.19126700721972e-19
667.7509405485504 9.426473746447642e-19
667.8130294983637 9.670466177756643e-19
667.8751184481771 9.311825479572027e-19
667.9372073979904 9.11883597085728e-19
667.9992963478037 9.255732294283275e-19
668.061385297617 9.348874899208277e-19
668.1234742474303 9.32063908899878e-19
668.1855631972437 9.273583885877935e-19
668.247652147057 9.191591675610147e-19
668.3097410968703 9.23281111950943e-19
668.3718300466836 9.297909199741588e-19
668.4339189964969 9.12226980437514e-19
668.4960079463103 9.244016314882227e-19
668.5580968961235 9.614089683108092e-19
668.6201858459369 9.499817783411188e-19
668.6822747957502 9.27916218513384e-19
668.7443637455635 9.203785351814945e-19
668.8064526953768 8.882840308120136e-19
668.8685416451901 8.919248662781657e-19
668.9306305950035 9.301278926761976e-19
668.9927195448169 9.06083923618389e-19
669.0548084946302 8.858628731590708e-19
669.1168974444435 9.164611111980199e-19
669.1789863942568 9.507302733979027e-19
669.2410753440702 9.605819944934093e-19
669.3031642938835 9.473107087456085e-19
669.3652532436968 9.34317976069085e-19
669.4273421935101 9.558242584051574e-19
669.4894311433234 9.716675588701152e-19
669.5515200931368 9.248053990247251e-19
669.6136090429501 9.155668255582735e-19
669.6756979927634 9.081954055295072e-19
669.7377869425767 8.973595463002157e-19
669.79987589239 9.26957516183435e-19
669.8619648422034 9.6149995817819e-19
669.9240537920166 9.202220946481454e-19
669.98614274183 9.030667823341018e-19
670.0482316916433 9.626461203144588e-19
670.1103206414566 9.240081003118006e-19
670.1724095912699 9.253134947159858e-19
670.2344985410832 9.47442333860581e-19
670.2965874908966 9.392807495516734e-19
670.3586764407099 9.277711517134574e-19
670.4207653905232 9.07947561538471e-19
670.4828543403365 9.300961496201909e-19
670.5449432901498 9.609044915347284e-19
670.6070322399632 9.601406936366122e-19
670.6691211897765 9.498371251314986e-19
670.7312101395898 9.34535627967763e-19
670.7932990894031 9.53378802321721e-19
670.8553880392165 9.688400487412558e-19
670.9174769890299 9.618421007590572e-19
670.979565938843 9.447565818091979e-19
671.0416548886565 9.545968257737053e-19
671.1037438384698 9.593698647032894e-19
671.1658327882831 9.553604168766683e-19
671.2279217380964 9.461754033548795e-19
671.2900106879097 9.392459045683696e-19
671.3520996377231 9.485396923407091e-19
671.4141885875364 9.472020378926343e-19
671.4762775373497 9.480312864567187e-19
671.538366487163 9.581334364826757e-19
671.6004554369763 9.573034641355553e-19
671.6625443867897 9.405305160596645e-19
671.724633336603 9.184495499930208e-19
671.7867222864163 9.136103366144324e-19
671.8488112362296 9.067088585711728e-19
671.9109001860429 9.187664635652052e-19
671.9729891358563 9.218411972996413e-19
672.0350780856696 9.051651327529957e-19
672.0971670354829 9.377674226210076e-19
672.1592559852962 9.840933626343102e-19
672.2213449351095 9.811397074620365e-19
672.2834338849229 9.353794555901436e-19
672.3455228347361 9.41979839890434e-19
672.4076117845495 9.290772699006787e-19
672.4697007343628 9.281752294426896e-19
672.5317896841761 9.471163213016585e-19
672.5938786339894 9.40491741968451e-19
672.6559675838027 9.487820562601872e-19
672.7180565336162 9.61387151422153e-19
672.7801454834295 9.39984680252956e-19
672.8422344332428 8.984831677647924e-19
672.9043233830561 9.169327075447517e-19
672.9664123328694 9.258755639422156e-19
673.0285012826828 9.061802901597514e-19
673.0905902324961 9.14059909277355e-19
673.1526791823094 9.186215001628553e-19
673.2147681321227 9.12316522738823e-19
673.276857081936 9.572350149398666e-19
673.3389460317494 9.59109096015182e-19
673.4010349815627 9.166656316044736e-19
673.463123931376 9.02954699361101e-19
673.5252128811893 9.224440051710394e-19
673.5873018310026 9.428205655855175e-19
673.6493907808159 9.519100397465565e-19
673.7114797306292 9.640670098116717e-19
673.7735686804426 9.563114677859511e-19
673.8356576302559 9.348298974706787e-19
673.8977465800692 9.38711649290237e-19
673.9598355298825 9.414742257410109e-19
674.0219244796958 9.431052191138123e-19
674.0840134295092 9.402992156808793e-19
674.1461023793225 9.248415881765243e-19
674.2081913291358 9.325511182806717e-19
674.2702802789491 9.377002141962377e-19
674.3323692287624 9.135398194672123e-19
674.3944581785759 9.17576460856471e-19
674.4565471283892 9.497188383039035e-19
674.5186360782025 9.382471873762884e-19
674.5807250280158 9.103694429744497e-19
674.6428139778291 9.123141445945619e-19
674.7049029276425 9.497456182762349e-19
674.7669918774557 9.594463789099505e-19
674.8290808272691 9.626725900940605e-19
674.8911697770824 8.98412960810302e-19
674.9532587268957 8.962418184975034e-19
675.015347676709 9.133245457127954e-19
675.0774366265223 9.347910199818887e-19
675.1395255763357 9.431419252534944e-19
675.201614526149 8.881421693369607e-19
675.2637034759623 9.097582598993496e-19
675.3257924257756 9.079334994680576e-19
675.3878813755889 9.014487136583716e-19
675.4499703254023 9.268477079571185e-19
675.5120592752156 9.431143181005504e-19
675.5741482250289 1.0122769570676404e-18
675.6362371748422 9.683239914365993e-19
675.6983261246555 9.195793753121917e-19
675.7604150744689 9.77759330491262e-19
675.8225040242822 1.011932953330395e-18
675.8845929740955 9.64680571031033e-19
675.9466819239088 9.843737768619657e-19
676.0087708737221 5.817222104034297e-19
676.0708598235356 2.7351390766507434e-18
676.1329487733487 8.514049069843728e-19
676.1950377231622 2.5657968004925093e-18
676.2571266729755 4.0402504816689205e-19
676.3192156227888 1.0891078705058267e-18
676.3813045726021 9.862155978933916e-19
676.4433935224154 9.656323457233518e-19
676.5054824722288 9.744536065707704e-19
676.5675714220421 1.0091524890988745e-18
676.6296603718554 1.0245521105627742e-18
676.6917493216687 1.6505514379997892e-18
676.753838271482 9.993826588840107e-19
676.8159272212954 9.318361240386962e-19
676.8780161711087 9.13267263455376e-19
676.940105120922 9.132311777011535e-19
677.0021940707353 9.337835139957991e-19
677.0642830205486 9.595355076209531e-19
677.126371970362 9.899105102920894e-19
677.1884609201752 9.98701062059267e-19
677.2505498699886 9.925673110220332e-19
677.3126388198019 9.783373229442834e-19
677.3747277696152 9.82469503694292e-19
677.4368167194285 1.0083224133541775e-18
677.4989056692418 1.0125060860973176e-18
677.5609946190552 9.817065329767885e-19
677.6230835688685 9.906626242640533e-19
677.6851725186818 9.971332446057493e-19
677.7472614684951 9.67983296421804e-19
677.8093504183084 9.687232094797327e-19
677.8714393681219 9.391991688637604e-19
677.9335283179352 9.295746122439762e-19
677.9956172677485 9.735088629136583e-19
678.0577062175618 9.711308220501449e-19
678.1197951673751 9.671468100273598e-19
678.1818841171885 9.715605423783662e-19
678.2439730670018 1.0060685529801237e-18
678.3060620168151 9.876434150282347e-19
678.3681509666284 9.964065664376215e-19
678.4302399164417 1.1958035195747807e-18
678.4923288662551 2.4437694621674616e-18
678.5544178160683 5.689234515805498e-18
678.6165067658817 1.0153858740408904e-17
678.678595715695 1.407430441466113e-17
678.7406846655083 1.619545358559821e-17
678.8027736153216 1.7535008067540058e-17
678.8648625651349 1.8277520126953383e-17
678.9269515149483 1.8169768271639776e-17
678.9890404647616 1.7548941097777902e-17
679.0511294145749 1.6313513765705453e-17
679.1132183643882 1.4679750992213193e-17
679.1753073142015 1.2252157874104818e-17
679.2373962640149 8.796935947145278e-18
679.2994852138282 4.71358077356349e-18
679.3615741636415 2.092679888999689e-18
679.4236631134548 1.1074663170208286e-18
679.4857520632681 9.88771689383757e-19
679.5478410130816 1.0023218383955647e-18
679.6099299628949 1.0230386802345319e-18
679.6720189127082 9.97131176654218e-19
679.7341078625215 9.379939667112706e-19
679.7961968123348 9.334302044766624e-19
679.8582857621481 9.582587543454775e-19
679.9203747119614 9.392219163306056e-19
679.9824636617748 9.276714764496448e-19
680.0445526115881 9.373077169955813e-19
680.1066415614014 9.56662088968097e-19
680.1687305112147 9.466274575596397e-19
680.230819461028 9.13721075418938e-19
680.2929084108414 9.251331693424493e-19
680.3549973606547 9.419442711240941e-19
680.417086310468 9.248467580553528e-19
680.4791752602813 9.312313516133433e-19
680.5412642100946 9.303480261167133e-19
680.603353159908 8.961592038338247e-19
680.6654421097213 9.26769849581962e-19
680.7275310595346 1.0288971869229387e-18
680.7896200093479 1.1083547089987106e-18
680.8517089591612 1.1710452800580326e-18
680.9137979089746 1.1330066558067456e-18
680.9758868587878 1.1235036947370067e-18
681.0379758086012 1.1684758502802897e-18
681.1000647584145 1.1669137196934833e-18
681.1621537082278 1.131129472804133e-18
681.2242426580411 1.1194922823564308e-18
681.2863316078544 1.101280453605004e-18
681.3484205576679 1.0753742941931854e-18
681.4105095074812 9.874987618186145e-19
681.4725984572945 9.125541303697788e-19
681.5346874071078 9.011025385720181e-19
681.596776356921 8.879141776806258e-19
681.6588653067345 8.735797580505412e-19
681.7209542565478 9.079038243635822e-19
681.7830432063611 9.220444769351763e-19
681.8451321561744 9.339902057513608e-19
681.9072211059877 9.415364710821055e-19
681.9693100558011 9.357214947734343e-19
682.0313990056144 9.224507260135164e-19
682.0934879554277 9.51805504796645e-19
682.155576905241 9.667396303708306e-19
682.2176658550543 9.508455616957773e-19
682.2797548048677 9.036324704755116e-19
682.3418437546809 9.154685978605328e-19
682.4039327044943 9.341407526228455e-19
682.4660216543076 9.23251850436774e-19
682.5281106041209 9.304991933736573e-19
682.5901995539342 9.153974603278533e-19
682.6522885037475 9.03133473770989e-19
682.7143774535609 8.960186865272672e-19
682.7764664033742 9.191526535136909e-19
682.8385553531875 9.392555205429905e-19
682.9006443030008 9.271615196020059e-19
682.9627332528141 8.68757295079357e-19
683.0248222026275 8.764268103213722e-19
683.0869111524408 9.456815765291853e-19
683.1490001022541 9.218707690065401e-19
683.2110890520675 8.656205744977677e-19
683.2731780018808 8.651320209484786e-19
683.3352669516942 9.154223791438064e-19
683.3973559015074 9.00513689373457e-19
683.4594448513208 8.589897913099661e-19
683.5215338011341 9.071311342738812e-19
683.5836227509474 9.06119905975035e-19
683.6457117007607 8.491427748041934e-19
683.707800650574 8.292273158824253e-19
683.7698896003874 8.949499691758487e-19
683.8319785502007 8.593999177974275e-19
683.894067500014 8.217613387698865e-19
683.9561564498273 8.577087470350629e-19
684.0182453996406 8.598186779825325e-19
684.080334349454 8.908447751933246e-19
684.1424232992673 8.918608631782694e-19
684.2045122490806 8.857092243602891e-19
684.2666011988939 8.856048962055309e-19
684.3286901487072 8.546608966705347e-19
684.3907790985206 8.584315994928576e-19
684.4528680483339 8.714329141682364e-19
684.5149569981472 8.758653614806018e-19
684.5770459479605 8.778275372911542e-19
684.6391348977738 8.577857265308186e-19
684.7012238475872 8.39395175068292e-19
684.7633127974004 8.51305024925407e-19
684.8254017472138 8.651348643818342e-19
684.8874906970271 8.674743379492873e-19
684.9495796468404 8.75127619771781e-19
685.0116685966537 8.70255215771114e-19
685.073757546467 8.569153774300479e-19
685.1358464962805 8.606836504093215e-19
685.1979354460938 8.686954633285687e-19
685.2600243959071 8.706093524708633e-19
685.3221133457204 8.773307119357395e-19
685.3842022955337 8.54748526116677e-19
685.4462912453471 8.449965319837714e-19
685.5083801951604 8.674469375914965e-19
685.5704691449737 8.57819227345627e-19
685.632558094787 8.2879035772384415e-19
685.6946470446003 8.320663548410721e-19
685.7567359944137 8.781744361605436e-19
685.818824944227 8.604826455204711e-19
685.8809138940403 8.315157627458415e-19
685.9430028438536 8.527091640152158e-19
686.0050917936669 8.823104426208853e-19
686.0671807434802 8.837437398272866e-19
686.1292696932935 8.978981442765643e-19
686.1913586431069 9.219313599864096e-19
686.2534475929202 8.770793524271e-19
686.3155365427335 8.096038000181001e-19
686.3776254925468 8.160134674884087e-19
686.4397144423601 8.921680573782563e-19
686.5018033921735 8.77776458888329e-19
686.5638923419868 8.234958848156219e-19
686.6259812918001 7.860656519048677e-19
686.6880702416134 7.851125847428418e-19
686.7501591914267 8.267045184117151e-19
686.8122481412402 7.753550071408014e-19
686.8743370910535 7.36906980185089e-19
686.9364260408668 6.942972007724691e-19
686.9985149906801 6.505384674890131e-19
687.0606039404934 5.999871338104248e-19
687.1226928903068 5.877149271462232e-19
687.18478184012 6.753516111189194e-19
687.2468707899334 7.15535941879169e-19
687.3089597397467 6.398466927826707e-19
687.37104868956 6.4659865793021135e-19
687.4331376393733 6.74047095594135e-19
687.4952265891866 6.685638704098859e-19
687.557315539 6.817190923779878e-19
687.6194044888133 6.833201004535842e-19
687.6814934386266 6.942278726973795e-19
687.7435823884399 7.162499538441671e-19
687.8056713382532 7.127599754422293e-19
687.8677602880666 7.183945229797874e-19
687.9298492378799 7.073922453510078e-19
687.9919381876932 7.456231373959251e-19
688.0540271375065 7.985316256275598e-19
688.1161160873198 8.250080226741571e-19
688.1782050371332 8.407538192244103e-19
688.2402939869465 8.072725982567725e-19
688.3023829367598 7.966675224183833e-19
688.3644718865731 8.198571173010012e-19
688.4265608363864 7.850393792586308e-19
688.4886497861999 7.718948072409155e-19
688.550738736013 7.943200355387461e-19
688.6128276858265 7.918730801904494e-19
688.6749166356398 7.813746072535029e-19
688.7370055854531 7.927407926530175e-19
688.7990945352664 7.647114157051402e-19
688.8611834850797 7.427350879859845e-19
688.9232724348931 7.545480543138543e-19
688.9853613847064 7.562731911801219e-19
689.0474503345197 7.616238606712094e-19
689.109539284333 7.53768798478041e-19
689.1716282341463 7.1130817006962215e-19
689.2337171839597 7.37849707589458e-19
689.295806133773 7.516663121560844e-19
689.3578950835863 7.3098421190284445e-19
689.4199840333996 7.411550179196433e-19
689.4820729832129 7.403254074640409e-19
689.5441619330263 7.559279983707459e-19
689.6062508828395 7.515656546152943e-19
689.6683398326529 7.558827102322086e-19
689.7304287824662 7.842762017459741e-19
689.7925177322795 7.867007198201553e-19
689.8546066820928 7.835788367908036e-19
689.9166956319061 7.538191530978302e-19
689.9787845817195 7.453520289501608e-19
690.0408735315328 7.619792381418775e-19
690.1029624813461 7.394871116120067e-19
690.1650514311594 7.264581380848957e-19
690.2271403809727 7.670847519789197e-19
690.2892293307862 7.767906307926755e-19
690.3513182805995 7.697137904595546e-19
690.4134072304128 7.884074002190053e-19
690.4754961802261 8.204702132312678e-19
690.5375851300394 8.494405598247125e-19
690.5996740798528 8.649293616984031e-19
690.6617630296661 8.995853859310193e-19
690.7238519794794 9.408930279631158e-19
690.7859409292927 9.726348431989194e-19
690.848029879106 9.613170478652392e-19
690.9101188289194 9.319521361196067e-19
690.9722077787326 9.433106700984552e-19
691.034296728546 9.318028300190409e-19
691.0963856783593 8.69211107042919e-19
691.1584746281726 8.432232118468225e-19
691.2205635779859 8.094999371524364e-19
691.2826525277992 7.893322398426279e-19
691.3447414776126 8.101505147042094e-19
691.4068304274259 8.334226725517177e-19
691.4689193772392 8.300160325964946e-19
691.5310083270525 8.043175989160034e-19
691.5930972768658 7.867808529419964e-19
691.6551862266792 7.944371849929989e-19
691.7172751764925 7.947588031549172e-19
691.7793641263058 7.999573231120833e-19
691.8414530761191 7.997384304424864e-19
691.9035420259324 7.894310362270397e-19
691.9656309757459 8.248013309185955e-19
692.0277199255592 8.128872417608411e-19
692.0898088753725 7.7155778284008845e-19
692.1518978251858 7.832306454517071e-19
692.2139867749991 8.063590806677843e-19
692.2760757248124 7.989281553337024e-19
692.3381646746257 7.957899354872528e-19
692.4002536244391 8.106741200319554e-19
692.4623425742524 8.051071428106853e-19
692.5244315240657 7.711058837316931e-19
692.586520473879 7.542243682004046e-19
692.6486094236923 8.210715218378056e-19
692.7106983735057 8.669330516359479e-19
692.772787323319 8.202291417814969e-19
692.8348762731323 8.007043189040069e-19
692.8969652229456 8.421465328820082e-19
692.9590541727589 8.234572658207734e-19
693.0211431225723 7.686774365496022e-19
693.0832320723856 7.693964115982757e-19
693.1453210221989 8.131624861096681e-19
693.2074099720122 8.441907546695681e-19
693.2694989218255 8.1505528214634255e-19
693.3315878716389 7.97010647276228e-19
693.3936768214521 8.115478812527529e-19
693.4557657712655 8.293860311624589e-19
693.5178547210788 8.386798189347984e-19
693.5799436708921 8.276846240400139e-19
693.6420326207054 8.415489982870152e-19
693.7041215705187 8.009067713589293e-19
693.7662105203322 7.835521602160488e-19
693.8282994701455 8.098978110270744e-19
693.8903884199588 8.148107985765448e-19
693.952477369772 8.486988373091939e-19
694.0145663195854 8.209147194129385e-19
694.0766552693988 8.001695983367797e-19
694.1387442192121 8.427347099963217e-19
694.2008331690254 8.493749540623794e-19
694.2629221188387 7.981721639526173e-19
694.325011068652 7.998345384899074e-19
694.3871000184654 8.34755519012482e-19
694.4491889682787 8.830171650567353e-19
694.511277918092 9.99531861587e-19
694.5733668679053 1.0948103502511907e-18
694.6354558177186 1.175901037048872e-18
694.697544767532 1.1999379750714739e-18
694.7596337173452 1.1886355859767024e-18
694.8217226671586 1.2139058502926208e-18
694.8838116169719 1.1784837017164157e-18
694.9459005667852 1.183571999856959e-18
695.0079895165985 1.2170452075124127e-18
695.0700784664118 1.2194606782986441e-18
695.1321674162252 1.1190614246548673e-18
695.1942563660385 9.601867055581855e-19
695.2563453158518 8.676293309165645e-19
695.3184342656651 8.289159857793756e-19
695.3805232154784 8.095098116209988e-19
695.4426121652918 8.125783415008408e-19
695.5047011151051 8.087576976490349e-19
695.5667900649185 8.095221159326105e-19
695.6288790147318 7.953707617118416e-19
695.690967964545 7.863909406807542e-19
695.7530569143585 8.038575830978474e-19
695.8151458641717 8.182955037020776e-19
695.8772348139851 8.308655470855866e-19
695.9393237637984 9.128830380608452e-19
696.0014127136117 1.0280073473789848e-18
696.063501663425 1.132049297645292e-18
696.1255906132383 1.1775018383293152e-18
696.1876795630517 1.2016856009106453e-18
696.249768512865 1.2503398475531315e-18
696.3118574626783 1.2349386751255833e-18
696.3739464124916 1.206483455258606e-18
696.4360353623049 1.1269498325664792e-18
696.4981243121183 1.0940235980910762e-18
696.5602132619316 1.0876191521983844e-18
696.6223022117449 9.77119092697146e-19
696.6843911615582 8.807282529042245e-19
696.7464801113715 8.90295630664166e-19
696.8085690611849 8.602356287100475e-19
696.8706580109982 7.966548562152536e-19
696.9327469608115 8.002710830581823e-19
696.9948359106248 8.04816957512044e-19
697.0569248604381 8.030493759405948e-19
697.1190138102515 7.895518045964725e-19
697.1811027600647 7.813193412488267e-19
697.2431917098781 7.925035986123679e-19
697.3052806596914 7.946688472633021e-19
697.3673696095047 7.95839928215524e-19
697.429458559318 7.97813115867981e-19
697.4915475091314 8.423726633819649e-19
697.5536364589448 8.5519980483961295e-19
697.6157254087581 8.638586797930298e-19
697.6778143585714 8.851799321658317e-19
697.7399033083847 8.894802373753418e-19
697.801992258198 8.523645398925109e-19
697.8640812080114 8.532223778865167e-19
697.9261701578247 8.475655481712079e-19
697.988259107638 8.20636114642873e-19
698.0503480574513 7.907910245516535e-19
698.1124370072646 7.927244041371313e-19
698.174525957078 7.8936532706713e-19
698.2366149068913 7.944889871788601e-19
698.2987038567046 7.710798792411859e-19
698.3607928065179 7.734844932818776e-19
698.4228817563312 7.596364558519742e-19
698.4849707061445 7.70415498112941e-19
698.5470596559578 8.17053440313541e-19
698.6091486057712 7.644695170747567e-19
698.6712375555845 7.765245371293748e-19
698.7333265053978 7.972892520462935e-19
698.7954154552111 7.577552403438755e-19
698.8575044050244 7.583618222268183e-19
698.9195933548378 7.456654787035301e-19
698.9816823046511 7.48351540947643e-19
699.0437712544644 7.678294213253705e-19
699.1058602042777 7.478102546343036e-19
699.167949154091 7.568169590352989e-19
699.2300381039045 7.898835557208945e-19
699.2921270537178 7.86449050118786e-19
699.3542160035311 7.798046184508773e-19
699.4163049533444 8.03654406859889e-19
699.4783939031577 8.065472125583518e-19
699.5404828529711 7.710951303837299e-19
699.6025718027843 7.523557671966473e-19
699.6646607525977 7.723974745594063e-19
699.726749702411 7.780734328263804e-19
699.7888386522243 7.629387159536508e-19
699.8509276020376 7.673476403173467e-19
699.9130165518509 7.954009021054115e-19
699.9751055016643 8.129819539409784e-19
700.0371944514776 7.947279906770996e-19
700.0992834012909 7.870534089538326e-19
700.1613723511042 7.688849554857765e-19
700.2234613009175 7.651276426496192e-19
700.2855502507309 7.70124640730052e-19
700.3476392005442 7.548970211347751e-19
700.4097281503575 7.756346975854209e-19
700.4718171001708 8.1325404466372e-19
700.5339060499841 7.851059155991531e-19
700.5959949997975 7.485887349882925e-19
700.6580839496108 7.813861360832904e-19
700.7201728994241 7.89796805154153e-19
700.7822618492374 7.355345324524987e-19
700.8443507990507 7.467877559996115e-19
700.9064397488642 7.966744500560134e-19
700.9685286986773 7.667292194118867e-19
701.0306176484908 7.417685274402163e-19
701.0927065983041 7.760972466442029e-19
701.1547955481174 7.818473926723653e-19
701.2168844979307 7.895239389495871e-19
701.278973447744 7.655616022784798e-19
701.3410623975574 7.2356957168707225e-19
701.4031513473707 7.416905656674831e-19
701.465240297184 7.492273184211835e-19
701.5273292469973 7.432630877107347e-19
701.5894181968106 7.350921459211476e-19
701.651507146624 7.177914049156596e-19
701.7135960964373 7.210948023906784e-19
701.7756850462506 7.618864388169067e-19
701.8377739960639 7.795934289007348e-19
701.8998629458772 7.868901958792182e-19
701.9619518956906 7.83631776350007e-19
702.0240408455038 7.711700936267425e-19
702.0861297953172 7.38537715063949e-19
702.1482187451305 7.5327269690566235e-19
702.2103076949438 7.679376785880384e-19
702.2723966447571 7.477871969747287e-19
702.3344855945704 7.321149161014162e-19
702.3965745443838 7.114113091522499e-19
702.4586634941971 7.307189971189446e-19
702.5207524440104 7.5151700605551855e-19
702.5828413938237 7.321440225192204e-19
702.644930343637 7.140176518648279e-19
702.7070192934505 7.136557086480476e-19
702.7691082432638 7.962230162367126e-19
702.8311971930771 8.31036773472385e-19
702.8932861428904 7.997081349525517e-19
702.9553750927037 7.8999827533209795e-19
703.0174640425171 7.837157868809694e-19
703.0795529923304 7.700153494916185e-19
703.1416419421437 7.800657490305026e-19
703.203730891957 8.052525715021298e-19
703.2658198417703 7.658824966573621e-19
703.3279087915837 7.446093758564531e-19
703.3899977413969 7.357376569916687e-19
703.4520866912103 7.60384382222087e-19
703.5141756410236 7.863938875116864e-19
703.5762645908369 7.640972857991078e-19
703.6383535406502 7.343906450629144e-19
703.7004424904635 7.33077237346545e-19
703.7625314402769 7.6340328126517585e-19
703.8246203900902 7.370838417398105e-19
703.8867093399035 7.26265249905806e-19
703.9487982897168 7.357203895963817e-19
704.0108872395301 7.242131182036385e-19
704.0729761893435 7.440139609117797e-19
704.1350651391568 7.550422430310664e-19
704.1971540889701 7.304039447031385e-19
704.2592430387834 7.139845129415375e-19
704.3213319885967 7.479893392369213e-19
704.3834209384102 7.257265485318808e-19
704.4455098882235 7.016150608565726e-19
704.5075988380368 7.301543946520889e-19
704.5696877878501 7.439057036491119e-19
704.6317767376634 7.503836652187443e-19
704.6938656874767 7.378907047285677e-19
704.75595463729 6.850276080330468e-19
704.8180435871034 7.067193339226959e-19
704.8801325369167 7.486899612157537e-19
704.94222148673 7.697891672928735e-19
705.0043104365433 7.574662958161531e-19
705.0663993863566 6.969980488700313e-19
705.12848833617 6.848056651349411e-19
705.1905772859833 7.146858070046176e-19
705.2526662357966 7.261103086373172e-19
705.3147551856099 7.323743406210281e-19
705.3768441354232 7.318814443735231e-19
705.4389330852366 7.209144253183536e-19
705.5010220350499 7.083640274743928e-19
705.5631109848632 7.268558051643806e-19
705.6251999346765 7.569907703615116e-19
705.6872888844898 7.842100272969699e-19
705.7493778343032 7.695356881339143e-19
705.8114667841164 7.265061662592121e-19
705.8735557339298 7.110658061501441e-19
705.9356446837431 6.997247980605241e-19
705.9977336335564 7.135734041770986e-19
706.0598225833697 7.600291081489955e-19
706.121911533183 7.643402701040453e-19
706.1840004829965 7.408880970757301e-19
706.2460894328098 7.402352964760609e-19
706.308178382623 7.417957210028539e-19
706.3702673324364 7.158432394767324e-19
706.4323562822497 7.186848633747935e-19
706.4944452320631 7.32056393073078e-19
706.5565341818764 7.28346901616084e-19
706.6186231316897 7.401556286433144e-19
706.680712081503 7.256865336697486e-19
706.7428010313163 7.046830220497435e-19
706.8048899811297 7.30317917919433e-19
706.866978930943 7.525149477657755e-19
706.9290678807563 7.416729363806781e-19
706.9911568305696 7.2960556031566e-19
707.0532457803829 7.399436636113477e-19
707.1153347301962 7.307027636994233e-19
707.1774236800095 7.207811975409443e-19
707.2395126298229 7.429285965505336e-19
707.3016015796362 7.506775728301421e-19
707.3636905294495 7.158562675713801e-19
707.4257794792628 6.882769285755199e-19
707.4878684290761 6.953583184020098e-19
707.5499573788895 7.430894314808869e-19
707.6120463287028 7.667110214384106e-19
707.6741352785161 7.452207657267063e-19
707.7362242283294 7.33016542969099e-19
707.7983131781427 7.21346885682354e-19
707.8604021279561 7.150565907141945e-19
707.9224910777695 7.288091404821363e-19
707.9845800275828 7.405682366726135e-19
708.046668977396 7.4395006120946e-19
708.1087579272094 7.226262755960321e-19
708.1708468770228 7.028344284770524e-19
708.232935826836 6.970892455325653e-19
708.2950247766494 7.230952870033497e-19
708.3571137264627 7.632272468910669e-19
708.419202676276 7.42873072051916e-19
708.4812916260893 7.099996737381398e-19
708.5433805759026 7.603804531141774e-19
708.605469525716 7.642809198950946e-19
708.6675584755293 7.229377090966583e-19
708.7296474253426 7.233201767323875e-19
708.7917363751559 7.710986459013332e-19
708.8538253249692 7.634559106316495e-19
708.9159142747826 7.251069385542903e-19
708.9780032245959 7.3738824420523e-19
709.0400921744092 7.484658469685401e-19
709.1021811242225 7.249827580648308e-19
709.1642700740358 6.96128837142603e-19
709.2263590238492 7.0656692589483305e-19
709.2884479736625 7.190921464288993e-19
709.3505369234758 7.366371125102436e-19
709.4126258732891 7.479922343690652e-19
709.4747148231024 7.493153097588438e-19
709.5368037729158 7.387966225956781e-19
709.598892722729 6.928022786104327e-19
709.6609816725424 6.870904930831775e-19
709.7230706223557 7.298483895242326e-19
709.785159572169 7.547506618651415e-19
709.8472485219824 7.455300278782246e-19
709.9093374717957 7.257897244511646e-19
709.9714264216091 7.219642726120482e-19
710.0335153714224 7.375962284304988e-19
710.0956043212357 7.644052037821307e-19
710.157693271049 7.545961341869589e-19
710.2197822208623 7.28742604141614e-19
710.2818711706757 7.190548199037578e-19
710.343960120489 7.000306480920156e-19
710.4060490703023 7.037168233954933e-19
710.4681380201156 7.223764670510411e-19
710.5302269699289 7.174009239677463e-19
710.5923159197423 7.058349227515119e-19
710.6544048695556 7.168866244218915e-19
710.7164938193689 7.346095894312995e-19
710.7785827691822 7.426506121659275e-19
710.8406717189955 7.357686245658512e-19
710.9027606688088 7.383977147452744e-19
710.9648496186221 7.2957717768089175e-19
711.0269385684355 7.043060344855725e-19
711.0890275182488 7.161039047672632e-19
711.1511164680621 7.200482121206457e-19
711.2132054178754 7.565878300056217e-19
711.2752943676887 7.424521922164913e-19
711.3373833175021 6.87509718557377e-19
711.3994722673154 6.966514084945833e-19
711.4615612171287 7.338282139451666e-19
711.523650166942 7.411909485775011e-19
711.5857391167553 7.432655175537841e-19
711.6478280665688 7.414044645731164e-19
711.7099170163821 7.175648091266084e-19
711.7720059661954 7.287430694307086e-19
711.8340949160087 7.519378341921549e-19
711.896183865822 7.517563197464878e-19
711.9582728156354 7.498045870911689e-19
712.0203617654486 7.35109826906741e-19
712.082450715262 7.436980296165728e-19
712.1445396650753 8.035210239861148e-19
712.2066286148886 8.16536038840389e-19
712.2687175647019 7.922722465347945e-19
712.3308065145152 7.688342389744693e-19
712.3928954643286 7.501757843910521e-19
712.4549844141419 7.394988989357356e-19
712.5170733639552 7.364650589428325e-19
712.5791623137685 7.156388224678552e-19
712.6412512635818 7.210983179082818e-19
712.7033402133952 7.325620589212894e-19
712.7654291632085 7.37862063599858e-19
712.8275181130218 7.359508627945543e-19
712.8896070628351 7.3453814170589025e-19
712.9516960126484 7.019531709319537e-19
713.0137849624618 6.908090318281213e-19
713.0758739122751 7.394798220828586e-19
713.1379628620884 7.515006692384206e-19
713.2000518119017 7.314411774924917e-19
713.262140761715 7.083911176394539e-19
713.3242297115283 7.326315420927438e-19
713.3863186613416 7.440506153526735e-19
713.4484076111551 7.067442010398608e-19
713.5104965609684 6.977199190508487e-19
713.5725855107817 7.001459363898902e-19
713.634674460595 7.252204690933632e-19
713.6967634104083 7.524040538649051e-19
713.7588523602217 7.289664081960979e-19
713.820941310035 7.297901766886242e-19
713.8830302598483 7.408520630202958e-19
713.9451192096616 7.203614033800736e-19
714.0072081594749 7.398240843140455e-19
714.0692971092883 7.422397101966418e-19
714.1313860591016 7.361471630936707e-19
714.1934750089149 7.143105255004599e-19
714.2555639587282 7.118156970742117e-19
714.3176529085415 6.973742609523781e-19
714.3797418583549 7.332258196640749e-19
714.4418308081681 7.539787472572646e-19
714.5039197579815 7.346047297452008e-19
714.5660087077948 7.091158312536269e-19
714.6280976576081 7.020607044115856e-19
714.6901866074214 7.075671940505628e-19
714.7522755572347 7.314566354301888e-19
714.8143645070481 7.189478034120088e-19
714.8764534568614 7.085117826113101e-19
714.9385424066747 7.354201230340249e-19
715.000631356488 7.510409636129943e-19
715.0627203063013 7.329788028536512e-19
715.1248092561148 7.154070051011873e-19
715.1868982059281 7.425626725270555e-19
715.2489871557414 7.77227847445198e-19
715.3110761055547 7.549113933979182e-19
715.373165055368 7.131408404155217e-19
715.4352540051814 6.871517044485064e-19
715.4973429549947 6.80558764773729e-19
715.559431904808 7.123058015871494e-19
715.6215208546213 7.140400374401551e-19
715.6836098044346 6.995438523015281e-19
715.745698754248 7.136940174501665e-19
715.8077877040612 7.498423272066167e-19
715.8698766538746 7.439913168425111e-19
715.9319656036879 7.2664187557845905e-19
715.9940545535012 7.362067200977746e-19
716.0561435033145 7.487496733162224e-19
716.1182324531278 7.394725325537105e-19
716.1803214029412 7.400287598168641e-19
716.2424103527545 7.4612130691983515e-19
716.3044993025678 7.378496558906697e-19
716.3665882523811 7.171550445306649e-19
716.4286772021944 6.732046121402498e-19
716.4907661520078 6.853721287581751e-19
716.5528551018211 7.389517706593201e-19
716.6149440516344 7.351041917388179e-19
716.6770330014477 6.845579245414815e-19
716.739121951261 7.241999867114142e-19
716.8012109010745 7.590558784595386e-19
716.8632998508878 7.187629285451032e-19
716.9253888007011 6.814062630100779e-19
716.9874777505144 6.848070093034365e-19
717.0495667003277 6.985779638400076e-19
717.111655650141 6.877431385864818e-19
717.1737445999543 6.886565010791052e-19
717.2358335497677 6.936272361750895e-19
717.297922499581 6.118132316305189e-19
717.3600114493943 6.079603794336117e-19
717.4221003992076 6.577407290825123e-19
717.4841893490209 6.686339739667997e-19
717.5462782988343 6.2419545331619e-19
717.6083672486476 5.959718957195158e-19
717.6704561984609 6.230335230494944e-19
717.7325451482742 6.827675438043988e-19
717.7946340980875 6.931663931763209e-19
717.8567230479009 6.452631231324562e-19
717.9188119977142 6.271419740556805e-19
717.9809009475275 6.337409107898988e-19
718.0429898973408 6.336715827148092e-19
718.1050788471541 6.285035133439427e-19
718.1671677969675 6.081648998400655e-19
718.2292567467807 5.721867307958598e-19
718.2913456965941 6.081104093172135e-19
718.3534346464074 6.614573549722897e-19
718.4155235962207 6.243181345407893e-19
718.477612546034 6.037609385600449e-19
718.5397014958473 5.838877692470935e-19
718.6017904456608 5.935077246747204e-19
718.663879395474 6.110447808414571e-19
718.7259683452874 6.080435627839616e-19
718.7880572951007 6.050112220559188e-19
718.850146244914 6.145495450968443e-19
718.9122351947274 6.16998309902731e-19
718.9743241445407 6.143167971519872e-19
719.036413094354 6.418482113711076e-19
719.0985020441673 6.453268677384111e-19
719.1605909939806 6.111644635363359e-19
719.222679943794 5.840072451468191e-19
719.2847688936073 6.056136163370105e-19
719.3468578434206 6.2469098620189755e-19
719.4089467932339 6.254961431306414e-19
719.4710357430472 6.371889097757495e-19
719.5331246928605 6.373262217574333e-19
719.5952136426738 6.102267509144305e-19
719.6573025924872 5.694307717899863e-19
719.7193915423005 5.872320604636454e-19
719.7814804921138 6.068292099459455e-19
719.8435694419271 6.124194516219437e-19
719.9056583917404 6.3015663379813e-19
719.9677473415538 6.00087274363332e-19
720.0298362913671 5.574351536431071e-19
720.0919252411804 5.722173881773126e-19
720.1540141909937 6.173164642458342e-19
720.216103140807 6.276503799396709e-19
720.2781920906205 6.148701292829969e-19
720.3402810404338 6.430023351207722e-19
720.402369990247 6.159677979558547e-19
720.4644589400604 5.611264988254133e-19
720.5265478898737 6.067249334899755e-19
720.5886368396871 6.429172389152558e-19
720.6507257895003 6.14881968305514e-19
720.7128147393137 5.78816893598202e-19
720.774903689127 5.90217303595561e-19
720.8369926389403 6.199178955735252e-19
720.8990815887536 6.215320351413458e-19
720.9611705385669 6.513277528897536e-19
721.0232594883803 6.829922784370718e-19
721.0853484381936 6.788993887661594e-19
721.1474373880069 7.153132751980273e-19
721.2095263378202 6.614586991407851e-19
721.2716152876335 6.444861937421158e-19
721.3337042374469 6.55746758517165e-19
721.3957931872602 5.985351216426645e-19
721.4578821370735 6.888185767803773e-19
721.5199710868868 7.542895086736432e-19
721.5820600367001 6.856760659345001e-19
721.6441489865135 6.969588611885116e-19
721.7062379363268 7.023033785237933e-19
721.7683268861401 6.331582654459318e-19
721.8304158359534 6.118496275774712e-19
721.8925047857667 6.276630978415889e-19
721.9545937355801 6.477727891109421e-19
722.0166826853933 6.825665906143367e-19
722.0787716352067 6.743580121068784e-19
722.14086058502 6.45689483039439e-19
722.2029495348334 6.596592711157525e-19
722.2650384846467 6.698492056842167e-19
722.32712743446 6.506827588071154e-19
722.3892163842734 6.619518021834432e-19
722.4513053340867 6.703616957724816e-19
722.5133942839 6.405740947338345e-19
722.5754832337133 6.232997201103716e-19
722.6375721835266 6.19801780095038e-19
722.69966113334 6.500551355173407e-19
722.7617500831533 6.726553642135146e-19
722.8238390329666 6.7436690429846335e-19
722.8859279827799 7.022668274804761e-19
722.9480169325932 7.022822854181732e-19
723.0101058824066 6.733213997029846e-19
723.0721948322199 6.748497192822529e-19
723.1342837820332 6.78889152406079e-19
723.1963727318465 6.470998259838419e-19
723.2584616816598 6.47160882252806e-19
723.3205506314731 6.454665061655677e-19
723.3826395812864 6.040767664576753e-19
723.4447285310998 6.201799050325513e-19
723.5068174809131 6.223483073095708e-19
723.5689064307264 6.244121229378906e-19
723.6309953805397 6.593014638020351e-19
723.693084330353 6.05970699867692e-19
723.7551732801664 6.004695352039081e-19
723.8172622299797 6.041581403504352e-19
723.879351179793 5.305301736416308e-19
723.9414401296063 6.050223889941882e-19
724.0035290794196 6.72051005378468e-19
724.0656180292331 6.776134331063691e-19
724.1277069790464 6.498622990370393e-19
724.1897959288597 6.205250461431391e-19
724.251884878673 6.094619707393369e-19
724.3139738284863 6.364341074667949e-19
724.3760627782997 6.659794479835405e-19
724.4381517281129 6.300925789994454e-19
724.5002406779263 5.658929720088852e-19
724.5623296277396 5.685764493135838e-19
724.6244185775529 6.162605681939102e-19
724.6865075273662 6.682854207361852e-19
724.7485964771795 7.265837144416389e-19
724.8106854269929 7.276506223354675e-19
724.8727743768062 6.972300213330642e-19
724.9348633266195 6.897429511149053e-19
724.9969522764328 6.548131817983223e-19
725.0590412262461 6.552407307774357e-19
725.1211301760595 6.600427727272474e-19
725.1832191258728 6.331947130916724e-19
725.2453080756861 6.314583058895587e-19
725.3073970254994 6.34740713656534e-19
725.3694859753127 6.225580492936413e-19
725.4315749251261 6.307250102765305e-19
725.4936638749394 6.219492443628023e-19
725.5557528247527 6.658998835483706e-19
725.617841774566 6.654547569812405e-19
725.6799307243793 6.177460294776906e-19
725.7420196741926 6.448462241037295e-19
725.804108624006 6.635884307241677e-19
725.8661975738194 6.602996123074451e-19
725.9282865236327 6.213199150130143e-19
725.990375473446 6.524286268874851e-19
726.0524644232593 6.679507227808309e-19
726.1145533730726 6.674837793250448e-19
726.176642322886 6.507500189306736e-19
726.2387312726993 6.091473836126253e-19
726.3008202225126 6.115887554917873e-19
726.3629091723259 6.254591267982296e-19
726.4249981221392 6.260421857325029e-19
726.4870870719526 6.393025113371874e-19
726.5491760217659 6.261839438099792e-19
726.6112649715792 6.224025910372696e-19
726.6733539213925 6.739341854405215e-19
726.7354428712058 6.909628874220562e-19
726.7975318210192 6.720015296380797e-19
726.8596207708324 6.777840391077082e-19
726.9217097206458 6.727047365563263e-19
726.9837986704591 6.675959656956223e-19
727.0458876202724 6.82565556638571e-19
727.1079765700857 6.635624779324488e-19
727.170065519899 6.65424151298576e-19
727.2321544697124 7.085697369529771e-19
727.2942434195257 6.751526741816004e-19
727.356332369339 6.148677511387358e-19
727.4184213191523 6.203628670442904e-19
727.4805102689656 7.14210798537859e-19
727.5425992187791 8.146683684148209e-19
727.6046881685924 8.306732792919563e-19
727.6667771184057 8.089617527663941e-19
727.728866068219 9.37159961858664e-19
727.7909550180323 1.1636806842693198e-18
727.8530439678457 1.0365596711297471e-18
727.915132917659 6.958364804948538e-19
727.9772218674723 0.0
728.0393108172856 0.0
