# Wavelength in nm, Data in W / (nm m2)
wavelength data
328.6500561886578 8.611469820343714e-19
328.71216579734505 -4.624513542841658e-19
328.7742754060323 2.5079451452035645e-19
328.8363850147195 1.5200923232848166e-18
328.89849462340675 6.543258508133356e-19
328.96060423209394 -2.241302280092498e-19
329.0227138407812 2.97061268787732e-19
329.08482344946844 1.2835029886646478e-18
329.1469330581557 2.13549170255611e-19
329.20904266684295 -3.7209213812925873e-19
329.2711522755302 -5.558156729830862e-19
329.3332618842174 -5.004610011186511e-19
329.39537149290464 1.1397792022725238e-18
329.45748110159184 8.968750192177287e-19
329.5195907102791 9.535990761645481e-19
329.58170031896634 3.063369952016426e-19
329.6438099276536 1.670249099481083e-19
329.70591953634084 4.714067273851286e-19
329.76802914502804 1.5130349857933298e-19
329.8301387537153 -7.581257376171766e-19
329.8922483624025 7.684937438992966e-19
329.95435797108973 1.87561274778888e-18
330.016467579777 3.2164585896114237e-19
330.07857718846424 3.883228161765117e-18
330.1406867971515 2.5482134482689512e-18
330.2027964058387 4.032893215921057e-18
330.26490601452593 -1.7173344108786005e-19
330.32701562321313 1.3031245527525767e-19
330.3891252319004 2.7975269519067454e-18
330.45123484058763 -9.970461316296943e-19
330.5133444492749 2.543684605073855e-18
330.57545405796213 4.940706955574928e-18
330.6375636666494 5.058825453152398e-18
330.6996732753366 1.1270902131183743e-18
330.7617828840238 -1.783142478580588e-19
330.823892492711 2.8977456130587924e-18
330.8860021013983 3.652465479225363e-18
330.9481117100855 2.977483045444224e-18
331.0102213187728 5.1048955874624996e-18
331.07233092746003 5.431740103864577e-18
331.1344405361472 2.2489341330751963e-19
331.1965501448345 6.035238585625563e-19
331.25865975352167 4.347331586711855e-18
331.3207693622089 8.460901750414841e-19
331.3828789708962 1.2166298125118236e-18
331.4449885795834 -4.827175033576501e-19
331.5070981882707 -6.881007393537342e-19
331.56920779695787 2.4555967946889513e-18
331.6313174056451 4.843607867913709e-18
331.6934270143323 5.361943529298784e-18
331.75553662301957 -9.792743138768529e-19
331.8176462317068 3.4329704440910044e-18
331.87975584039407 -1.5171596691483034e-18
331.9418654490813 -3.7808764569527046e-19
332.00397505776857 4.7435906250660525e-18
332.06608466645577 2.250390503515019e-18
332.12819427514296 2.1306486732857238e-18
332.1903038838302 2.5609518987295118e-18
332.25241349251746 7.642811070071818e-18
332.3145231012047 2.8460116733077264e-18
332.37663270989196 -1.0830907376513622e-18
332.4387423185792 3.6018263198571086e-18
332.5008519272664 3.619452129756508e-18
332.56296153595366 2.6463584526687076e-18
332.62507114464086 7.126027595444594e-18
332.6871807533281 3.584325924482561e-18
332.74929036201536 1.3086468725546361e-18
332.8113999707026 1.6187209758047688e-18
332.87350957938986 5.942876877589112e-18
332.93561918807706 3.7507725304145396e-18
332.9977287967643 -2.0642317683268813e-18
333.0598384054515 3.1645415665291096e-18
333.12194801413875 2.859820943130865e-18
333.184057622826 1.0779876852417003e-18
333.24616723151325 2.880752644046245e-18
333.3082768402005 8.283106166606824e-19
333.37038644888776 5.591964872532127e-18
333.43249605757495 1.1140294429572512e-17
333.49460566626215 5.493637541188209e-18
333.5567152749494 -9.352080997037833e-19
333.61882488363665 -1.3600956515417947e-18
333.6809344923239 3.553639729164961e-18
333.74304410101115 -1.8545397595040293e-19
333.8051537096984 9.248144871246524e-18
333.8672633183856 3.03011365544501e-18
333.92937292707285 4.5479063965146105e-18
333.99148253576004 3.2325369622001755e-18
334.0535921444473 -1.976352608461678e-18
334.11570175313454 1.1707587772727074e-17
334.1778113618218 7.42803501564377e-18
334.23992097050905 5.55940478880655e-18
334.30203057919624 4.416460078502002e-18
334.3641401878835 8.871457885228226e-18
334.4262497965707 4.771168142841992e-19
334.48835940525794 2.4061444481981672e-18
334.5504690139452 1.2291744846963364e-17
334.61257862263244 1.3184786989923671e-17
334.6746882313197 2.000496338708361e-18
334.73679784000694 9.45866074801824e-18
334.79890744869414 7.691772159698808e-18
334.86101705738133 9.186614679308334e-20
334.9231266660686 1.0711639310293265e-17
334.98523627475583 4.682652315669619e-18
335.0473458834431 1.7607103360620393e-19
335.10945549213034 1.6881223917089575e-17
335.1715651008176 1.626113283298194e-17
335.2336747095048 3.709760670620792e-18
335.29578431819203 9.911444502727075e-18
335.3578939268792 1.4191943969016572e-17
335.4200035355665 -4.506749983784122e-18
335.48211314425373 4.941936131377763e-18
335.544222752941 1.4530047306810075e-17
335.60633236162823 1.3462185629572078e-17
335.6684419703154 4.900046399440676e-18
335.7305515790027 -5.877830626701969e-19
335.7926611876899 1.5793376941841795e-17
335.8547707963771 -2.2792520816735508e-18
335.9168804050644 -1.0564733269176976e-18
335.9789900137516 -4.829567273790259e-18
336.0410996224389 7.130296249749987e-19
336.10320923112613 9.188315960377492e-18
336.1653188398133 1.3250860159656972e-17
336.2274284485005 9.05320858686464e-18
336.28953805718777 1.583517947561825e-18
336.351647665875 7.628743162960953e-18
336.4137572745623 1.463134640735003e-17
336.4758668832495 1.0385964485844607e-17
336.5379764919368 8.38915800547892e-18
336.60008610062397 1.2653795981169206e-17
336.6621957093112 1.4835398075133123e-17
336.7243053179984 8.888657716801608e-18
336.78641492668567 -4.430232636741138e-18
336.8485245353729 1.0574126773610706e-18
336.91063414406017 4.102545886458448e-18
336.9727437527474 4.126249197232586e-18
337.0348533614346 1.954865127269604e-18
337.09696297012187 1.0017766506197093e-17
337.15907257880906 4.489353075735873e-18
337.2211821874963 -7.277286234018844e-18
337.28329179618356 3.2413994925901045e-17
337.3454014048708 -5.296661325780732e-19
337.40751101355806 1.3320413060824231e-17
337.4696206222453 1.3123049511976731e-17
337.5317302309325 -6.164666731912392e-18
337.5938398396197 9.659826763227753e-18
337.65594944830696 1.5665042888072726e-17
337.7180590569942 4.397717878311087e-18
337.78016866568146 -4.716499712291094e-18
337.8422782743687 9.068781819049866e-19
337.90438788305596 1.2888153826229128e-17
337.96649749174316 2.3608999239432877e-17
338.0286071004304 1.2136118621231319e-17
338.0907167091176 1.6801007199971728e-17
338.15282631780485 9.98246803819943e-18
338.2149359264921 -4.092147882721568e-18
338.27704553517935 -1.0780126411843146e-18
338.3391551438666 8.354236043051756e-18
338.4012647525538 2.1036963072733167e-17
338.46337436124105 2.32000685632864e-17
338.52548396992825 -4.8737750349331545e-18
338.5875935786155 9.555210230267666e-18
338.64970318730275 3.1149605021098814e-17
338.71181279599 1.369679649260078e-17
338.77392240467725 1.889741075197733e-17
338.8360320133645 2.5927554039625314e-17
338.8981416220517 1.2500286693360857e-17
338.9602512307389 -8.364910529181607e-18
339.02236083942614 1.160949586600488e-17
339.0844704481134 1.6181621921231982e-17
339.14658005680064 9.233427842632476e-18
339.2086896654879 1.5991350781372667e-17
339.27079927417515 1.1729001538633091e-17
339.33290888286234 1.6014733372866372e-17
339.3950184915496 1.3637364831569055e-17
339.4571281002368 1.0244635651575786e-17
339.51923770892404 1.53615506009647e-17
339.5813473176113 1.6157211596969903e-17
339.64345692629854 5.27503467920873e-18
339.7055665349858 1.491594735986051e-17
339.767676143673 1.56315408589691e-17
339.82978575236024 1.6032932573349533e-17
339.89189536104743 1.8503408970793214e-17
339.9540049697347 5.183135715684911e-18
340.01611457842193 4.610676965514661e-18
340.0782241871092 1.0168361512670496e-17
340.14033379579644 1.2753198142456371e-17
340.2024434044837 9.379152360336013e-18
340.2645530131709 1.1552688044130538e-17
340.3266626218581 8.43381051445115e-18
340.3887722305453 9.901831064638818e-18
340.4508818392326 1.1722689077222498e-17
340.51299144791983 1.417236855155555e-17
340.5751010566071 2.0114977416729263e-17
340.63721066529433 1.7590024822630935e-17
340.6993202739815 2.7162870657752363e-17
340.7614298826688 3.369762414368129e-18
340.823539491356 1.5827471713658262e-17
340.8856491000432 8.220696235873343e-18
340.9477587087305 1.2079027758031723e-17
341.0098683174177 1.8707965346531314e-17
341.071977926105 4.355081502306424e-18
341.1340875347922 1.2438605950482552e-17
341.1961971434794 1.4832919798759898e-17
341.2583067521666 2.0901836747129102e-17
341.32041636085387 1.6123917113001884e-17
341.3825259695411 9.79497589687716e-18
341.4446355782284 1.414944892381458e-17
341.5067451869156 2.4614736583654336e-17
341.5688547956029 1.741187492886793e-17
341.63096440429007 1.1216693670578536e-17
341.69307401297726 2.02797992003421e-17
341.7551836216645 1.2091895916298262e-17
341.81729323035177 1.769506149571158e-17
341.879402839039 1.8339214607544278e-17
341.94151244772627 1.9500030805760075e-17
342.0036220564135 1.3120462095054335e-17
342.0657316651007 1.860814569569792e-17
342.12784127378796 1.7181182977624472e-17
342.18995088247516 1.673058190757539e-17
342.2520604911624 1.3191152320486805e-17
342.31417009984966 1.7724805438948085e-17
342.3762797085369 1.7192707117246255e-17
342.43838931722416 2.134269605699857e-17
342.50049892591136 1.666011710543131e-17
342.5626085345986 2.1659449614498843e-17
342.6247181432858 5.766592967672047e-18
342.68682775197306 1.879585465101853e-17
342.7489373606603 1.831305048678955e-17
342.81104696934756 2.1697666505585348e-17
342.8731565780348 1.3025182885847542e-17
342.93526618672206 4.70976002613006e-18
342.99737579540925 8.470195084237788e-18
343.05948540409645 1.3181245615871499e-17
343.1215950127837 1.8601456617616068e-17
343.18370462147095 2.389542641606347e-17
343.2458142301582 2.0716103995830323e-17
343.30792383884545 2.9608677680541455e-17
343.3700334475327 1.5146147070438475e-17
343.4321430562199 2.4777426699049758e-17
343.49425266490715 1.3959064787284013e-17
343.55636227359435 1.8726409402686285e-17
343.6184718822816 2.7073861761318607e-17
343.68058149096885 2.108766759806864e-17
343.7426910996561 1.1994330121317184e-17
343.80480070834335 1.1884693643284595e-17
343.86691031703054 2.6985811420931048e-17
343.9290199257178 1.8840424197590568e-17
343.991129534405 5.592500691327459e-18
344.05323914309224 1.7430336611542264e-17
344.1153487517795 2.62510207076949e-17
344.17745836046674 1.8838922636806376e-17
344.239567969154 2.1576795625047755e-17
344.3016775778412 1.877103576134429e-17
344.36378718652844 1.6727759250708255e-17
344.42589679521564 2.7701493574739282e-17
344.4880064039029 2.009138340958703e-17
344.55011601259014 3.2356529071385415e-17
344.6122256212774 2.740152972061722e-17
344.67433522996464 -3.586434438449903e-18
344.7364448386519 -2.713709612604156e-19
344.7985544473391 1.8534931392030525e-17
344.86066405602634 7.898313816017116e-18
344.92277366471353 1.910961540799269e-17
344.9848832734008 2.6611768537231683e-17
345.04699288208803 1.368972969736412e-17
345.1091024907753 1.2274429114814276e-17
345.17121209946254 1.9132346309235198e-17
345.23332170814973 2.2691500570331666e-18
345.295431316837 1.7398393220498817e-17
345.3575409255242 2.1942318272966714e-17
345.4196505342114 1.722209181884943e-17
345.4817601428987 1.6610197905941876e-17
345.54386975158593 1.3602938994397813e-17
345.6059793602732 2.4835050241304694e-17
345.6680889689604 2.3366450352774375e-17
345.7301985776476 1.455841599356792e-17
345.7923081863348 1.6437388391747923e-17
345.8544177950221 1.9725800927751362e-17
345.9165274037093 1.745590371337125e-17
345.9786370123966 1.6577515127678244e-17
346.0407466210838 1.8186221022980936e-17
346.1028562297711 1.3003432667110775e-17
346.1649658384583 1.7683984489367383e-17
346.2270754471455 2.6131131196359118e-17
346.2891850558327 1.8985212334971923e-17
346.35129466451997 1.378947842680725e-17
346.4134042732072 3.284066102260385e-17
346.47551388189447 1.5508347824847864e-17
346.5376234905817 1.5596358249354285e-17
346.5997330992689 2.0096838736590395e-17
346.66184270795617 2.2408727826854903e-17
346.72395231664336 1.9873352162878493e-17
346.7860619253306 1.7002373356693455e-17
346.84817153401787 1.2438373829313043e-17
346.9102811427051 2.2954556536483936e-17
346.97239075139237 1.4640708122109892e-17
347.03450036007956 8.728569232450125e-18
347.0966099687668 1.4635553229262536e-17
347.158719577454 2.8807627538699435e-17
347.22082918614126 1.0959216872193394e-17
347.2829387948285 8.619259465433949e-18
347.34504840351576 8.121845835081728e-18
347.407158012203 2.0679232294983784e-17
347.46926762089026 3.391610416924885e-17
347.53137722957746 1.9322931082366492e-17
347.5934868382647 1.3993095431400506e-17
347.6555964469519 2.0204240428847987e-17
347.71770605563916 3.699060157708376e-17
347.7798156643264 2.325185189008869e-17
347.84192527301366 9.838256832614537e-18
347.9040348817009 6.541182040449626e-18
347.9661444903881 1.5801308852898398e-17
348.02825409907535 1.7677589707476196e-17
348.09036370776255 1.6358905695176732e-17
348.1524733164498 1.519802481853203e-17
348.21458292513705 1.8042050128545612e-17
348.2766925338243 1.6712923393559993e-17
348.33880214251155 2.0329072160965732e-17
348.40091175119875 1.932442642195442e-17
348.463021359886 1.4442755948599402e-17
348.5251309685732 2.0843801821048148e-17
348.58724057726045 2.423580066176386e-17
348.6493501859477 1.7056928250988518e-17
348.71145979463495 1.7868670557088832e-17
348.7735694033222 1.09740718920042e-17
348.83567901200945 1.7323140064924934e-17
348.89778862069664 1.8948065880036246e-17
348.9598982293839 7.881501665569585e-18
349.0220078380711 7.328942534332613e-18
349.08411744675834 1.2874230548694187e-17
349.1462270554456 2.6719681938374698e-17
349.20833666413284 1.7282891069159025e-17
349.2704462728201 2.03350353151551e-17
349.3325558815073 1.5026298923393114e-17
349.39466549019454 1.0176579357284243e-17
349.45677509888174 1.4733748964851664e-17
349.518884707569 1.018144677273439e-17
349.58099431625624 4.705238027911722e-18
349.6431039249435 1.3022246389974132e-17
349.70521353363074 8.13105082468889e-18
349.76732314231793 1.0810014201778104e-17
349.8294327510052 1.672910673536902e-17
349.8915423596924 6.385640689035831e-19
349.95365196837963 8.63911405534985e-18
350.0157615770669 1.3841715306565912e-17
350.07787118575413 7.308734536789107e-18
350.1399807944414 1.2418673077137216e-17
350.20209040312864 1.4396224244877815e-17
350.26420001181583 1.2184018701338928e-17
350.3263096205031 2.1942552623108198e-17
350.3884192291903 8.96212936671108e-18
350.4505288378775 1.2421921606609007e-17
350.5126384465648 1.736460169208218e-17
350.57474805525203 7.832117069585355e-18
350.6368576639393 1.4219029915699355e-17
350.6989672726265 1.537410048976878e-17
350.7610768813137 1.6429472783777426e-17
350.8231864900009 1.409099001166643e-17
350.8852960986882 1.5265080850619132e-17
350.9474057073754 1.2376928825548397e-17
351.0095153160627 2.0528438712717745e-17
351.0716249247499 1.4513253165775262e-17
351.1337345334371 1.1870361145780288e-17
351.1958441421244 1.0472448304792325e-17
351.25795375081157 8.180161832042846e-18
351.3200633594988 1.56282538222193e-17
351.38217296818607 1.5293444847684324e-17
351.4442825768733 1.8375984344098887e-17
351.50639218556057 1.076185361854399e-17
351.5685017942478 1.4226043038799246e-17
351.630611402935 1.479125970845178e-17
351.69272101162227 1.6092803651110052e-17
351.75483062030946 1.2273203135467209e-17
351.8169402289967 1.0887880368523617e-17
351.87904983768397 1.1296036457484997e-17
351.9411594463712 1.069880589049603e-17
352.00326905505847 9.954728639851704e-18
352.06537866374566 1.455245688137394e-17
352.1274882724329 8.370705570034577e-18
352.1895978811201 6.989191123320736e-18
352.25170748980736 5.8254386056356716e-18
352.3138170984946 1.0737651960351903e-17
352.37592670718186 1.5550222654694186e-17
352.4380363158691 8.450710147313596e-18
352.5001459245563 7.929803793016513e-18
352.56225553324356 1.4799226880788842e-17
352.62436514193075 9.027594888214062e-18
352.686474750618 3.610703950350464e-18
352.74858435930526 1.3825950030602871e-17
352.8106939679925 1.185002598971192e-17
352.87280357667976 7.859437426184553e-18
352.934913185367 1.1265720467159061e-17
352.9970227940542 3.986633261125658e-18
353.05913240274145 1.2708624922063484e-17
353.12124201142865 1.5963888058978016e-17
353.1833516201159 6.29482113874682e-18
353.24546122880315 8.027155446235716e-18
353.3075708374904 8.610611563778192e-18
353.36968044617765 1.1074175100489622e-17
353.43179005486485 1.1219700326961582e-17
353.4938996635521 1.1151106694503501e-17
353.5560092722393 8.299008213432325e-18
353.61811888092654 9.703847828811425e-18
353.6802284896138 1.1291167864551848e-17
353.74233809830105 9.01261265928883e-18
353.8044477069883 1.1368870854926666e-17
353.8665573156755 1.2327644076858358e-17
353.92866692436274 1.0452967574698987e-17
353.99077653304994 8.527660421097073e-18
354.0528861417372 7.620938810346852e-18
354.11499575042444 9.737683910094437e-18
354.1771053591117 6.230426973757246e-18
354.23921496779894 1.0237770908352027e-17
354.3013245764862 7.910813816730853e-18
354.3634341851734 5.630273132870167e-18
354.42554379386064 8.513611556908255e-18
354.48765340254783 6.706194720288928e-18
354.5497630112351 6.048601675957293e-18
354.61187261992234 1.1041926257504606e-17
354.6739822286096 1.1723858756215185e-17
354.73609183729684 7.154901667450241e-18
354.79820144598403 1.1367284885382753e-17
354.8603110546713 1.1156621739239665e-17
354.9224206633585 9.395676377470733e-18
354.98453027204573 5.622928729150939e-18
355.046639880733 8.057516363631531e-18
355.10874948942023 1.1766883327543905e-17
355.1708590981075 1.0336367097900574e-17
355.2329687067947 8.305160981880142e-18
355.29507831548193 5.9573907676609315e-18
355.3571879241691 9.411534354553697e-18
355.4192975328564 9.815801880600103e-18
355.4814071415436 7.40069339923792e-18
355.5435167502309 5.377410922625308e-18
355.60562635891813 9.439569386879576e-18
355.6677359676054 7.178026073145924e-18
355.7298455762926 1.1660538345544775e-17
355.79195518497977 1.035897230169162e-17
355.854064793667 3.05490652791372e-18
355.9161744023543 4.383929336221509e-18
355.9782840110415 1.002827241682552e-17
356.0403936197288 8.137973211183784e-18
356.102503228416 9.570094972315667e-18
356.1646128371032 1.0593148379628799e-17
356.2267224457905 1.0607702850852755e-17
356.28883205447767 1.0596724867683043e-17
356.3509416631649 7.24769463230431e-18
356.41305127185217 6.702682762596715e-18
356.4751608805394 1.1418934809502784e-17
356.53727048922667 5.577035994195493e-18
356.59938009791387 6.701999919322398e-18
356.6614897066011 9.445362195890095e-18
356.7235993152883 5.9559227313249816e-18
356.78570892397556 9.135967944603157e-18
356.8478185326628 8.666958670799742e-18
356.90992814135006 1.1344745597331316e-17
356.9720377500373 6.908227267080478e-18
357.03414735872457 8.353258410778509e-18
357.09625696741176 1.049068065262847e-17
357.15836657609896 5.884391035410809e-18
357.2204761847862 9.904373073734043e-18
357.28258579347346 8.536967838077209e-18
357.3446954021607 5.2642069464120506e-18
357.40680501084796 7.123803694841622e-18
357.4689146195352 9.223855650901799e-18
357.5310242282224 8.154998185615683e-18
357.59313383690966 8.149178061755822e-18
357.65524344559685 7.834380169534944e-18
357.7173530542841 7.497516870820173e-18
357.77946266297135 6.299252594098346e-18
357.8415722716586 4.340153792467553e-18
357.90368188034586 6.545308739333781e-18
357.96579148903305 6.91857547194539e-18
358.0279010977203 7.943614979477545e-18
358.0900107064075 1.0815848351374516e-17
358.15212031509475 8.274105901435868e-18
358.214229923782 4.757820984023257e-18
358.27633953246925 7.349532695067487e-18
358.3384491411565 6.5667326018761075e-18
358.40055874984375 8.10749122359897e-18
358.46266835853095 1.0689018679509598e-17
358.52477796721814 6.887439200393093e-18
358.5868875759054 7.95293887833119e-18
358.64899718459264 7.217083358350535e-18
358.7111067932799 8.402312423848824e-18
358.77321640196715 7.4623000186836e-18
358.8353260106544 5.105209475481229e-18
358.8974356193416 1.0124550503172034e-17
358.95954522802884 9.772670505770203e-18
359.02165483671604 7.072510596422279e-18
359.0837644454033 5.687439717725018e-18
359.14587405409054 4.9090027552803765e-18
359.2079836627778 5.714328847392891e-18
359.27009327146504 5.813830511724243e-18
359.33220288015224 4.388302910638666e-18
359.3943124888395 5.282651055692915e-18
359.4564220975267 4.8779435521002e-18
359.51853170621393 7.785728136782935e-18
359.5806413149012 9.055485290774808e-18
359.64275092358844 5.462200875839751e-18
359.7048605322757 4.818770188789932e-18
359.76697014096294 7.809536512088779e-18
359.82907974965013 5.710358139339634e-18
359.89118935833733 5.097508521292082e-18
359.9532989670246 7.169271070193472e-18
360.01540857571183 6.659474704246327e-18
360.0775181843991 7.284922130084728e-18
360.13962779308633 7.223013210105303e-18
360.2017374017736 3.6584001838293704e-18
360.2638470104608 5.916918208677282e-18
360.32595661914803 5.087796075517652e-18
360.3880662278352 5.301193019780671e-18
360.4501758365225 4.8427045650406115e-18
360.5122854452097 5.961004483905552e-18
360.574395053897 7.258786497280175e-18
360.63650466258423 5.180947209361989e-18
360.6986142712714 4.911763694522131e-18
360.7607238799587 4.8585363911638745e-18
360.82283348864587 5.7727252406839784e-18
360.8849430973331 5.27130926850754e-18
360.9470527060204 6.540166881125937e-18
361.0091623147076 4.8739344355857215e-18
361.0712719233949 5.629286470438824e-18
361.1333815320821 5.9825654168195224e-18
361.1954911407693 4.3898951361439356e-18
361.2576007494565 3.038921034087576e-18
361.31971035814377 3.3038602069828567e-18
361.381819966831 4.5465431259900354e-18
361.44392957551827 6.077386309671237e-18
361.5060391842055 5.855391097849197e-18
361.56814879289277 6.446093279729108e-18
361.63025840157997 6.110216840156701e-18
361.6923680102672 3.932612358355886e-18
361.7544776189544 4.602535589888926e-18
361.81658722764166 4.927797268518965e-18
361.8786968363289 6.062043610652263e-18
361.94080644501616 7.304670183767712e-18
362.0029160537034 6.139779933480581e-18
362.0650256623906 4.8456786649087985e-18
362.12713527107786 5.425533284733115e-18
362.18924487976506 5.608349980132142e-18
362.2513544884523 5.533322030681172e-18
362.31346409713956 5.233076785874476e-18
362.3755737058268 6.986031755961264e-18
362.43768331451406 4.752950776935302e-18
362.4997929232013 4.365016055484698e-18
362.5619025318885 6.946514766162571e-18
362.6240121405757 4.0474990072001784e-18
362.68612174926295 2.9683238464032737e-18
362.7482313579502 6.261548072932599e-18
362.81034096663745 5.6394796717581694e-18
362.8724505753247 5.759779479792219e-18
362.93456018401196 4.3237231747998946e-18
362.99666979269915 7.042297056004952e-18
363.0587794013864 5.338926552473756e-18
363.1208890100736 4.187828081037815e-18
363.18299861876085 4.590524518994799e-18
363.2451082274481 5.116645951679352e-18
363.30721783613535 6.497558938314356e-18
363.3693274448226 5.315701493448188e-18
363.4314370535098 6.046373374123161e-18
363.49354666219705 3.4145670322565943e-18
363.55565627088424 4.972795746071492e-18
363.6177658795715 5.403124073763909e-18
363.67987548825874 4.733536369633882e-18
363.741985096946 3.373535132679769e-18
363.80409470563325 4.4700531369707545e-18
363.8662043143205 5.570262563234738e-18
363.9283139230077 5.243497070800433e-18
363.9904235316949 5.386063446198813e-18
364.05253314038214 3.738557345111297e-18
364.1146427490694 3.047667504247075e-18
364.17675235775664 3.835417620008808e-18
364.2388619664439 4.007250496275633e-18
364.30097157513114 3.842921723682635e-18
364.36308118381834 5.047820457114373e-18
364.4251907925056 5.430747981939163e-18
364.4873004011928 5.114109143841277e-18
364.54941000988003 5.909640209336341e-18
364.6115196185673 4.737242253095204e-18
364.67362922725454 4.7891864218426555e-18
364.7357388359418 6.0388031419933974e-18
364.797848444629 5.456067946610738e-18
364.85995805331623 4.721511120414083e-18
364.9220676620034 5.5154426585444936e-18
364.9841772706907 3.8958447465590895e-18
365.04628687937793 4.900599339332876e-18
365.1083964880652 2.848486713355567e-18
365.17050609675243 3.4029349097030158e-18
365.2326157054397 3.7079053071670306e-18
365.2947253141269 4.7303951152751656e-18
365.3568349228141 3.018578584951778e-18
365.4189445315013 2.7471586022541097e-18
365.4810541401886 4.127729156876456e-18
365.5431637488758 6.160830478465878e-18
365.6052733575631 5.653984481388489e-18
365.66738296625033 3.7481496657823985e-18
365.7294925749375 3.871128212783175e-18
365.7916021836248 5.2060053553996925e-18
365.85371179231197 5.210247417098869e-18
365.9158214009992 4.279023199896759e-18
365.9779310096865 3.8455235073895684e-18
366.0400406183737 5.8116858994064846e-18
366.102150227061 4.902184905075655e-18
366.16425983574817 5.198822193638614e-18
366.2263694444354 4.933059942337048e-18
366.2884790531226 3.623766616463343e-18
366.35058866180987 3.480126726238976e-18
366.4126982704971 5.159090517379005e-18
366.47480787918437 4.741905774942921e-18
366.5369174878716 3.975050970849123e-18
366.59902709655887 5.513395558960838e-18
366.66113670524607 4.78739552008735e-18
366.72324631393326 3.3511873384863783e-18
366.7853559226205 4.463645620092967e-18
366.84746553130776 5.374062392255216e-18
366.909575139995 4.226085177464326e-18
366.97168474868226 4.260511662443119e-18
367.0337943573695 4.5249802345696105e-18
367.0959039660567 4.830259901738357e-18
367.15801357474396 4.7200497493856826e-18
367.22012318343116 3.4492557484207793e-18
367.2822327921184 3.897636680461782e-18
367.34434240080566 3.478651660035494e-18
367.4064520094929 4.86722215088001e-18
367.46856161818016 4.076925427244508e-18
367.53067122686736 4.9780896252089075e-18
367.5927808355546 4.937800337067826e-18
367.6548904442418 3.9506924133530804e-18
367.71700005292905 5.120635877361864e-18
367.7791096616163 3.867848854178218e-18
367.84121927030355 4.068164140419305e-18
367.9033288789908 4.741499773945562e-18
367.96543848767806 3.2653720459505713e-18
368.02754809636525 4.8912743281372175e-18
368.08965770505245 5.007017712351962e-18
368.1517673137397 4.6009198814855075e-18
368.21387692242695 4.3367215683142625e-18
368.2759865311142 4.907256052831715e-18
368.33809613980145 5.205524997476084e-18
368.4002057484887 3.9194787721771756e-18
368.4623153571759 3.4347013553212136e-18
368.52442496586315 4.727890683424066e-18
368.58653457455034 3.806807288643953e-18
368.6486441832376 3.5958902429431354e-18
368.71075379192484 5.265941029865317e-18
368.7728634006121 3.864433266746193e-18
368.83497300929935 3.749089306079137e-18
368.89708261798654 4.382898466147475e-18
368.9591922266738 3.2455622716107353e-18
369.021301835361 4.043697411326236e-18
369.08341144404824 3.3407748864768828e-18
369.1455210527355 3.693470939734017e-18
369.20763066142274 4.748780960681069e-18
369.26974027011 3.2564362228661545e-18
369.3318498787972 3.950712327566124e-18
369.39395948748444 4.6920325162587365e-18
369.45606909617163 3.475792314099368e-18
369.5181787048589 4.150969616694768e-18
369.58028831354613 5.8208855650444025e-18
369.6423979222334 4.3290870670946466e-18
369.70450753092064 4.3289373197339205e-18
369.7666171396079 4.9687382928731494e-18
369.8287267482951 5.4401494900006316e-18
369.89083635698233 4.413736597068413e-18
369.9529459656695 3.637126821461117e-18
370.0150555743568 4.514645384721261e-18
370.07716518304403 4.652260639743519e-18
370.1392747917313 4.3698058828570504e-18
370.20138440041853 4.521450324541795e-18
370.2634940091057 4.370768127134118e-18
370.325603617793 4.63140239445192e-18
370.3877132264802 4.2938272324579194e-18
370.4498228351674 4.000562383954261e-18
370.5119324438547 5.135200715478126e-18
370.5740420525419 4.869377005581297e-18
370.6361516612292 4.117298139789613e-18
370.6982612699164 4.67065412233223e-18
370.7603708786036 4.613911439629536e-18
370.8224804872908 4.916244163936315e-18
370.88459009597807 4.738813153278399e-18
370.9466997046653 4.992495965172935e-18
371.0088093133526 4.8543425128245415e-18
371.0709189220398 4.513439026902438e-18
371.1330285307271 4.164949189333787e-18
371.19513813941427 4.5287232520637305e-18
371.2572477481015 4.949992262871536e-18
371.3193573567887 3.8241288215334275e-18
371.38146696547597 3.803172599712726e-18
371.4435765741632 3.690134169330455e-18
371.50568618285047 4.334604307665621e-18
371.5677957915377 3.8473228140148264e-18
371.6299054002249 4.9378645031712864e-18
371.69201500891216 4.401463624307421e-18
371.75412461759936 4.1001529361601e-18
371.8162342262866 4.187135290871954e-18
371.87834383497386 4.613835294714751e-18
371.9404534436611 3.945462113857957e-18
372.00256305234836 3.922020410254117e-18
372.06467266103556 4.06437625088695e-18
372.1267822697228 4.335321055821397e-18
372.18889187841 4.732577130478634e-18
372.25100148709726 4.105204168162388e-18
372.3131110957845 4.344539301756179e-18
372.37522070447176 4.796326542359737e-18
372.437330313159 4.559395192045526e-18
372.49943992184626 4.58618883004102e-18
372.56154953053345 4.060178150335976e-18
372.6236591392207 4.841744967813725e-18
372.6857687479079 5.1521620892446796e-18
372.74787835659515 4.538703068081645e-18
372.8099879652824 4.6230838042043295e-18
372.87209757396965 4.566325715151487e-18
372.9342071826569 4.295113402746748e-18
372.9963167913441 4.4089858014467424e-18
373.05842640003135 4.3809335164097776e-18
373.12053600871855 4.6978281086553044e-18
373.1826456174058 4.767002288706279e-18
373.24475522609305 4.492448269944931e-18
373.3068648347803 5.1287486667752854e-18
373.36897444346755 4.83341424197934e-18
373.43108405215474 4.4249075338680555e-18
373.493193660842 4.8821584371568916e-18
373.5553032695292 4.674968433916567e-18
373.61741287821644 4.695178027101174e-18
373.6795224869037 4.77889666154938e-18
373.74163209559094 4.5440075470398945e-18
373.8037417042782 4.77212903724324e-18
373.86585131296545 4.751707506473973e-18
373.92796092165264 5.184016400941301e-18
373.9900705303399 4.370674565479265e-18
374.0521801390271 5.77799480682512e-18
374.11428974771434 4.926549477787834e-18
374.1763993564016 4.350584755094481e-18
374.23850896508884 4.866847494916988e-18
374.3006185737761 4.952400240747893e-18
374.3627281824633 5.538583765817214e-18
374.42483779115054 4.262827266070039e-18
374.48694739983773 4.106443113868907e-18
374.549057008525 5.834430312835461e-18
374.61116661721223 4.3334871098611395e-18
374.6732762258995 4.6473745605079785e-18
374.73538583458674 4.326230246846871e-18
374.79749544327393 4.23267771307855e-18
374.8596050519612 4.161453313728601e-18
374.9217146606484 4.310757667561576e-18
374.9838242693356 4.7475166811761164e-18
375.0459338780229 4.407110703622122e-18
375.10804348671013 5.252304589066614e-18
375.1701530953974 5.3422277130414805e-18
375.23226270408463 4.5688788757058546e-18
375.2943723127718 4.254493129024116e-18
375.3564819214591 3.886732832998599e-18
375.4185915301463 4.407542586173316e-18
375.4807011388335 3.851234732215809e-18
375.5428107475208 4.660148120072188e-18
375.604920356208 5.7444055471750774e-18
375.6670299648953 4.301554112047996e-18
375.7291395735825 3.5557640675188066e-18
375.7912491822697 3.939848586163089e-18
375.8533587909569 4.07166545438301e-18
375.91546839964417 4.7608794851544665e-18
375.9775780083314 4.951531944543586e-18
376.03968761701867 5.155571972890674e-18
376.1017972257059 4.522259596577811e-18
376.1639068343931 5.02255320090297e-18
376.22601644308037 5.331279783337575e-18
376.28812605176756 4.7861153039256835e-18
376.3502356604548 4.164989519347137e-18
376.41234526914207 4.871217604122067e-18
376.4744548778293 4.914920635638757e-18
376.53656448651657 5.3179529450929294e-18
376.5986740952038 5.0103106024751945e-18
376.660783703891 5.2255152867609316e-18
376.72289331257826 5.486000172542529e-18
376.78500292126546 4.960456761025591e-18
376.8471125299527 5.219926444229718e-18
376.90922213863996 5.063896525785895e-18
376.9713317473272 4.8706687625098665e-18
377.03344135601446 5.190450014602389e-18
377.09555096470166 4.866931646698444e-18
377.1576605733889 4.675026147546962e-18
377.2197701820761 4.1187884465707415e-18
377.28187979076336 4.265517205440585e-18
377.3439893994506 5.1239524341612674e-18
377.40609900813786 4.718083621200219e-18
377.4682086168251 5.266018608334244e-18
377.5303182255123 5.514253723637498e-18
377.59242783419955 4.983357628715097e-18
377.65453744288675 5.02128741795578e-18
377.716647051574 5.0223484573183e-18
377.77875666026125 5.296955732867322e-18
377.8408662689485 5.5730127176097956e-18
377.90297587763575 5.3387879231045285e-18
377.965085486323 4.651051504581296e-18
378.0271950950102 5.5163446834808e-18
378.08930470369745 5.1014400490428024e-18
378.15141431238465 4.8597702035648526e-18
378.2135239210719 5.0390404816120115e-18
378.27563352975915 5.411833373347321e-18
378.3377431384464 5.0975153899959346e-18
378.39985274713365 4.9822491689235615e-18
378.46196235582084 4.5571969180786514e-18
378.5240719645081 5.20741631088967e-18
378.5861815731953 6.093482734424614e-18
378.64829118188254 5.562173014657013e-18
378.7104007905698 5.027635362642077e-18
378.77251039925704 4.7545480222647024e-18
378.8346200079443 5.523262204903257e-18
378.8967296166315 5.6556921586239975e-18
378.95883922531874 5.18497039164889e-18
379.02094883400594 5.527143787832121e-18
379.0830584426932 5.010553584231732e-18
379.14516805138044 4.843658873711631e-18
379.2072776600677 4.956259136235696e-18
379.26938726875494 4.590644266199939e-18
379.3314968774422 5.355814854414923e-18
379.3936064861294 5.68284836787748e-18
379.45571609481664 5.429945900379268e-18
379.51782570350383 5.215899015552462e-18
379.5799353121911 5.3878191148046585e-18
379.64204492087833 4.9275259504130415e-18
379.7041545295656 5.0397678838415284e-18
379.76626413825284 5.031692858630729e-18
379.82837374694003 5.4135318039318324e-18
379.8904833556273 5.593289272917956e-18
379.9525929643145 5.52656255693112e-18
380.0147025730017 5.654255044569501e-18
380.076812181689 5.2948160284210226e-18
380.13892179037623 5.013261808096476e-18
380.2010313990635 5.233329233775949e-18
380.2631410077507 5.388524906125877e-18
380.3252506164379 5.806001926698725e-18
380.3873602251251 5.55091145566857e-18
380.4494698338124 5.3511968356788625e-18
380.5115794424996 4.919907440112632e-18
380.5736890511869 5.2645347600033444e-18
380.6357986598741 5.603318259027984e-18
380.6979082685614 5.787041693787578e-18
380.7600178772486 5.714899210458709e-18
380.8221274859358 6.067396326477328e-18
380.884237094623 5.876033344263516e-18
380.94634670331027 5.3817408863897e-18
381.0084563119975 5.513470572086985e-18
381.07056592068477 5.462299787523235e-18
381.132675529372 5.407028730296071e-18
381.1947851380592 5.80525471950599e-18
381.25689474674647 5.1882012743452225e-18
381.31900435543366 5.340650755781638e-18
381.3811139641209 6.022419742965756e-18
381.44322357280817 5.860475753830496e-18
381.5053331814954 5.334205924206573e-18
381.56744279018267 5.332121878420283e-18
381.62955239886986 6.184533749236641e-18
381.6916620075571 6.562898113691713e-18
381.7537716162443 5.538664508275638e-18
381.81588122493156 5.7038040119245825e-18
381.8779908336188 6.124212288371397e-18
381.94010044230606 6.240115961965043e-18
382.0022100509933 5.598574084629254e-18
382.06431965968056 5.551521924707755e-18
382.12642926836776 5.76444944569775e-18
382.18853887705495 5.743641398351243e-18
382.2506484857422 5.660323631850998e-18
382.31275809442946 5.4311098854159976e-18
382.3748677031167 5.685029338834492e-18
382.43697731180396 6.3057179304634635e-18
382.4990869204912 6.0843094428197624e-18
382.5611965291784 5.732944705597006e-18
382.62330613786565 6.14508115469937e-18
382.68541574655285 6.845038259952371e-18
382.7475253552401 6.0794074679889986e-18
382.80963496392735 5.9508898839784795e-18
382.8717445726146 6.000755619823722e-18
382.93385418130185 5.996353649656719e-18
382.99596378998905 6.1444207265851844e-18
383.0580733986763 5.8225892605512515e-18
383.1201830073635 6.428994228578776e-18
383.18229261605074 6.265687801972888e-18
383.244402224738 6.593592536572414e-18
383.30651183342525 6.558924150559633e-18
383.3686214421125 6.164761186287159e-18
383.43073105079975 5.993680573320253e-18
383.49284065948694 5.845458145045719e-18
383.55495026817414 6.199251228910224e-18
383.6170598768614 6.152143187276213e-18
383.67916948554864 6.458704485853802e-18
383.7412790942359 6.578218769084117e-18
383.80338870292314 6.116583959339492e-18
383.8654983116104 5.9009795687890966e-18
383.9276079202976 6.3574283017457334e-18
383.98971752898484 5.5835452207032685e-18
384.05182713767203 6.367594637192987e-18
384.1139367463593 6.416368455889965e-18
384.17604635504654 6.0066913980652605e-18
384.2381559637338 6.084578772848158e-18
384.30026557242104 6.086727556993516e-18
384.36237518110823 6.095590275763783e-18
384.4244847897955 6.131921753284018e-18
384.4865943984827 5.9977572376122624e-18
384.54870400716993 5.566722163358845e-18
384.6108136158572 5.983701836265215e-18
384.67292322454443 6.5046101881579704e-18
384.7350328332317 6.469371304397095e-18
384.79714244191894 6.237785789605357e-18
384.85925205060613 6.052944162038298e-18
384.9213616592933 6.205276442632667e-18
384.9834712679806 6.4431230376415215e-18
385.0455808766678 6.907536744575097e-18
385.1076904853551 7.961069079229063e-18
385.16980009404233 8.065727873924728e-18
385.2319097027296 8.153429811607643e-18
385.2940193114168 8.49247933778887e-18
385.356128920104 9.585508861391513e-18
385.4182385287912 1.0744164536937794e-17
385.4803481374785 1.1732583346633681e-17
385.5424577461657 1.1860507998213806e-17
385.604567354853 1.1770099147290747e-17
385.6666769635402 1.1098610342847313e-17
385.7287865722274 1.0399419628880358e-17
385.7908961809147 9.455844684929811e-18
385.85300578960187 8.972071633912996e-18
385.9151153982891 8.363609568558531e-18
385.97722500697637 8.15183159990865e-18
386.0393346156636 6.941272097883232e-18
386.10144422435087 6.2315436477895406e-18
386.1635538330381 6.713933112123826e-18
386.2256634417253 5.979994531378658e-18
386.2877730504125 6.125583934176282e-18
386.34988265909976 5.924531641457465e-18
386.411992267787 5.989231532847997e-18
386.47410187647426 6.62084677242785e-18
386.5362114851615 6.846804905912688e-18
386.59832109384877 6.496136672110912e-18
386.66043070253596 5.9011272042863205e-18
386.7225403112232 6.040320857365468e-18
386.7846499199104 6.300961571741943e-18
386.84675952859766 6.43529976322194e-18
386.9088691372849 6.248763505615691e-18
386.97097874597216 6.392082084869916e-18
387.0330883546594 6.4703416605905445e-18
387.0951979633466 5.97792883943513e-18
387.15730757203386 6.169940969244188e-18
387.21941718072105 6.0395463979202315e-18
387.2815267894083 5.8462707304199464e-18
387.34363639809555 6.1073597048673305e-18
387.4057460067828 6.085556158078477e-18
387.46785561547006 5.879243325057508e-18
387.5299652241573 5.8582431312728356e-18
387.5920748328445 6.165814628916205e-18
387.6541844415317 6.316141789484099e-18
387.71629405021895 6.4789853480772265e-18
387.7784036589062 5.794326132465263e-18
387.84051326759345 6.261455998482581e-18
387.9026228762807 6.3243803071698885e-18
387.96473248496795 5.975267843607732e-18
388.02684209365515 5.850824698628349e-18
388.0889517023424 5.951007097747768e-18
388.1510613110296 6.595058337457035e-18
388.21317091971684 6.612508599124814e-18
388.2752805284041 5.837721837885812e-18
388.33739013709135 5.613158099716127e-18
388.3994997457786 6.053497650480817e-18
388.4616093544658 6.3866653726260316e-18
388.52371896315304 5.906086544412722e-18
388.58582857184024 6.130384443272262e-18
388.6479381805275 6.284421811823715e-18
388.71004778921474 6.297646314026078e-18
388.772157397902 5.7426930950345515e-18
388.83426700658924 6.3036716185894536e-18
388.8963766152765 6.147847029425068e-18
388.9584862239637 5.793540156125858e-18
389.0205958326509 6.092524147681257e-18
389.08270544133813 6.144335657304308e-18
389.1448150500254 5.6057281867372395e-18
389.20692465871264 6.172488536873435e-18
389.2690342673999 6.3099298660049616e-18
389.33114387608714 5.8811946178087306e-18
389.39325348477433 6.100419996287718e-18
389.4553630934616 6.291423307570429e-18
389.5174727021488 6.77374110333096e-18
389.57958231083603 5.744289007024724e-18
389.6416919195233 6.122195806073025e-18
389.70380152821053 6.425216670468017e-18
389.7659111368978 6.339984583626644e-18
389.828020745585 6.897829228742531e-18
389.89013035427223 7.14487830443566e-18
389.9522399629594 6.682540067747069e-18
390.0143495716467 6.5315355438680864e-18
390.0764591803339 6.359901522492179e-18
390.1385687890212 6.308483068745172e-18
390.20067839770843 6.407975595457437e-18
390.2627880063957 6.694594565383619e-18
390.3248976150829 6.491766044318703e-18
390.38700722377007 6.576830865852732e-18
390.4491168324573 5.820398193839699e-18
390.5112264411446 6.124929673900111e-18
390.5733360498318 5.794175920013818e-18
390.6354456585191 5.831898197198687e-18
390.6975552672063 6.2390880789367285e-18
390.7596648758935 6.459116257414282e-18
390.82177448458077 6.280147061603559e-18
390.88388409326797 6.451891562752092e-18
390.9459937019552 6.033897017682662e-18
391.00810331064247 5.9254182116094755e-18
391.0702129193297 6.225617110279013e-18
391.13232252801697 6.211340223929719e-18
391.19443213670417 6.311389355969294e-18
391.2565417453914 6.590220545741251e-18
391.3186513540786 6.095990626505552e-18
391.38076096276586 6.129668840024645e-18
391.4428705714531 6.0325831046132686e-18
391.50498018014036 6.363631589995041e-18
391.5670897888276 6.393143973470664e-18
391.62919939751487 6.196018029024368e-18
391.69130900620206 6.200858308061261e-18
391.75341861488926 6.3373716568062254e-18
391.8155282235765 6.158182037363072e-18
391.87763783226376 6.731745737408576e-18
391.939747440951 6.366701203785297e-18
392.00185704963826 6.2832522040029136e-18
392.06396665832546 6.581220447854292e-18
392.1260762670127 6.1818703064327785e-18
392.18818587569996 6.295592838297919e-18
392.25029548438715 6.341845433469503e-18
392.3124050930744 6.4691966982569414e-18
392.37451470176165 6.4374534101335005e-18
392.4366243104489 6.308820242182476e-18
392.49873391913616 6.242487297154337e-18
392.56084352782335 6.618977660964573e-18
392.6229531365106 6.889126082245634e-18
392.6850627451978 6.363991139031474e-18
392.74717235388505 6.819741542494396e-18
392.8092819625723 6.5720924046310696e-18
392.87139157125955 6.574795853816292e-18
392.9335011799468 6.4947605749277e-18
392.995610788634 6.763673584273961e-18
393.05772039732125 6.794094647674586e-18
393.1198300060085 6.7000612414854455e-18
393.1819396146957 6.321067685470564e-18
393.24404922338294 6.208537177818958e-18
393.3061588320702 5.965816503148237e-18
393.36826844075745 5.763531047690916e-18
393.43037804944464 5.934857294771462e-18
393.4924876581319 5.829527413370542e-18
393.55459726681914 5.348924086712579e-18
393.61670687550634 5.45300937708596e-18
393.6788164841936 6.19248660429798e-18
393.74092609288084 6.019873183120064e-18
393.8030357015681 6.031831445028621e-18
393.86514531025534 6.118575625565222e-18
393.92725491894254 6.2940043287243775e-18
393.9893645276298 6.279123857587805e-18
394.051474136317 6.628529890407601e-18
394.11358374500423 6.419915790681422e-18
394.1756933536915 6.4531347456770965e-18
394.23780296237874 6.41686188125338e-18
394.299912571066 6.1584992016182116e-18
394.3620221797532 6.4259531044260765e-18
394.42413178844043 6.4566418712954115e-18
394.4862413971277 6.200036030155448e-18
394.5483510058149 6.294312041815353e-18
394.61046061450213 6.027680938027045e-18
394.6725702231894 6.341944579003861e-18
394.73467983187663 6.544623959527314e-18
394.7967894405638 6.348935362411859e-18
394.8588990492511 6.302137926036762e-18
394.92100865793833 6.441683959807614e-18
394.9831182666255 6.3315515022730365e-18
395.0452278753128 6.266670018829779e-18
395.107337484 6.346431866376901e-18
395.1694470926873 6.176202998446241e-18
395.23155670137453 6.619470074462385e-18
395.2936663100617 6.254735255535899e-18
395.355775918749 6.121864334112497e-18
395.41788552743617 6.872342297069388e-18
395.4799951361234 6.4397134060347455e-18
395.5421047448107 6.079241437082311e-18
395.6042143534979 6.087583141077064e-18
395.6663239621852 6.296587727047733e-18
395.72843357087237 6.098673100200133e-18
395.7905431795596 6.080034568457573e-18
395.85265278824687 6.0380433137731694e-18
395.91476239693407 6.384035687913631e-18
395.9768720056213 6.3489193869320294e-18
396.03898161430857 6.272715666548788e-18
396.1010912229958 6.272476224019099e-18
396.163200831683 6.040697173647176e-18
396.22531044037027 6.242932130094961e-18
396.2874200490575 6.355715526770186e-18
396.3495296577447 6.411897969373545e-18
396.41163926643196 6.388600604183265e-18
396.4737488751192 6.56730038924527e-18
396.53585848380646 6.4183923609943194e-18
396.5979680924937 6.3534245872745886e-18
396.6600777011809 6.687205178987297e-18
396.72218730986816 6.845529934104301e-18
396.78429691855536 6.604157997096776e-18
396.8464065272426 6.634855062518297e-18
396.90851613592986 6.283172911188123e-18
396.9706257446171 6.5463849062009306e-18
397.03273535330436 6.361768944822801e-18
397.09484496199156 5.82505989030582e-18
397.1569545706788 6.352753328028543e-18
397.21906417936606 6.2898256185703055e-18
397.28117378805325 6.2106387110020486e-18
397.3432833967405 6.423754135426004e-18
397.40539300542775 6.648069365077491e-18
397.467502614115 6.346713013650969e-18
397.5296122228022 6.387618365537967e-18
397.59172183148945 6.5327228095660996e-18
397.6538314401767 6.324436875808751e-18
397.7159410488639 6.1686525795463296e-18
397.77805065755115 6.2385554619843695e-18
397.8401602662384 6.286708112522963e-18
397.90226987492565 6.158375719245616e-18
397.9643794836129 6.3042145624296244e-18
398.0264890923001 6.418596122968004e-18
398.08859870098735 6.4307186725163945e-18
398.15070830967454 6.3604676003241736e-18
398.2128179183618 6.2013301341111805e-18
398.27492752704904 6.106508178899355e-18
398.3370371357363 6.134475074178039e-18
398.39914674442355 6.375825012469318e-18
398.46125635311074 6.283890366088493e-18
398.523365961798 5.813866993234216e-18
398.58547557048524 6.323686310549022e-18
398.64758517917244 6.23463875342269e-18
398.7096947878597 6.219832791725598e-18
398.77180439654694 6.4793587724366664e-18
398.8339140052342 6.462639116433259e-18
398.8960236139214 6.077897191711005e-18
398.95813322260864 5.986211926589644e-18
399.0202428312959 6.510011788828152e-18
399.0823524399831 6.504340949916957e-18
399.14446204867033 6.076527874651878e-18
399.2065716573576 6.302464919408258e-18
399.26868126604484 6.340073618017997e-18
399.3307908747321 6.446501065013536e-18
399.3929004834193 6.238678590479649e-18
399.45501009210653 6.143261949832926e-18
399.5171197007937 6.3673855261494886e-18
399.579229309481 6.314498676921242e-18
399.64133891816823 6.491816758003603e-18
399.7034485268555 6.671663931527775e-18
399.76555813554273 6.721578178927534e-18
399.8276677442299 7.385917716274359e-18
399.8897773529172 8.487285600110763e-18
399.95188696160443 9.391456514594264e-18
400.0139965702916 9.950601499619308e-18
400.0761061789789 1.0613735424849688e-17
400.1382157876661 1.102423345721181e-17
400.2003253963534 1.0835930912186831e-17
400.2624350050406 1.1098209635873007e-17
400.3245446137278 1.0038352746317717e-17
400.3866542224151 9.060953197977623e-18
400.44876383110227 8.77915487591905e-18
400.5108734397895 8.183348828070374e-18
400.5729830484768 6.54134558128797e-18
400.635092657164 6.4229601696501975e-18
400.6972022658513 5.965963258028728e-18
400.75931187453847 6.204844359552412e-18
400.8214214832257 5.814228574893017e-18
400.8835310919129 6.1440427080168636e-18
400.94564070060017 6.1816929551284026e-18
401.0077503092874 6.02406190567176e-18
401.06985991797467 6.4203844933330884e-18
401.1319695266619 6.0057263743673686e-18
401.1940791353491 6.2413137480941674e-18
401.25618874403636 6.355323892857368e-18
401.3182983527236 6.3782491764805825e-18
401.3804079614108 6.526776347255165e-18
401.44251757009806 6.3945688713049026e-18
401.5046271787853 6.2253107109877075e-18
401.56673678747256 6.25773711860955e-18
401.62884639615976 6.3591864009819724e-18
401.690956004847 6.486167773300027e-18
401.75306561353426 6.380616792969146e-18
401.81517522222146 5.7248485427240495e-18
401.8772848309087 5.90564628655221e-18
401.93939443959596 6.6328331782377135e-18
402.0015040482832 7.117450824188034e-18
402.06361365697046 6.856101409171883e-18
402.12572326565765 7.168106474081134e-18
402.1878328743449 7.588857792322102e-18
402.2499424830321 7.562782509602272e-18
402.31205209171935 7.510559080938686e-18
402.3741617004066 7.305264512566528e-18
402.43627130909385 7.457621259578064e-18
402.4983809177811 6.542318769076e-18
402.5604905264683 6.634279291265214e-18
402.62260013515555 6.6526662886499596e-18
402.6847097438428 6.263450518545655e-18
402.74681935253 5.9841290558121094e-18
402.80892896121725 6.363732127933532e-18
402.8710385699045 6.479063344796983e-18
402.93314817859175 6.207385738206358e-18
402.99525778727894 6.04905116007161e-18
403.0573673959662 6.233253074232821e-18
403.11947700465345 6.274030651443941e-18
403.18158661334064 5.9923835532253444e-18
403.2436962220279 5.82287672241317e-18
403.30580583071514 6.0875480722934396e-18
403.3679154394024 6.383007238729682e-18
403.43002504808965 6.372417832413916e-18
403.49213465677684 6.2178581708766625e-18
403.5542442654641 6.132642704648157e-18
403.6163538741513 6.267491381981571e-18
403.67846348283854 6.129035942498518e-18
403.7405730915258 6.008799003537092e-18
403.80268270021304 6.001160680136226e-18
403.8647923089003 5.918228903318452e-18
403.9269019175875 6.0940497843741926e-18
403.98901152627474 5.9978883580845715e-18
404.051121134962 6.0750438179449875e-18
404.1132307436492 6.433180272812625e-18
404.17534035233643 6.274986826067986e-18
404.2374499610237 6.159526131030609e-18
404.29955956971094 6.420825600740839e-18
404.36166917839813 6.208008850248001e-18
404.4237787870854 6.278355801444514e-18
404.48588839577263 5.990802015273678e-18
404.5479980044598 6.1099896583746785e-18
404.6101076131471 5.950322266293636e-18
404.67221722183433 5.796480410969706e-18
404.7343268305216 6.058296565877272e-18
404.79643643920883 6.255112209424776e-18
404.858546047896 5.620433337580731e-18
404.9206556565833 5.809500285083632e-18
404.9827652652705 5.807114094830453e-18
405.0448748739577 5.974427963058767e-18
405.106984482645 5.988160753253455e-18
405.1690940913322 5.619634143959815e-18
405.2312037000195 5.7950908269727195e-18
405.2933133087067 6.053837825690401e-18
405.3554229173939 5.813214302134537e-18
405.4175325260812 5.95874491364393e-18
405.47964213476837 5.9264264177280534e-18
405.5417517434556 5.708335514836592e-18
405.60386135214287 5.848731762329178e-18
405.6659709608301 5.89232270559273e-18
405.7280805695173 5.966866896436377e-18
405.79019017820457 5.788781299407693e-18
405.8522997868918 5.8522643405435405e-18
405.914409395579 5.903575380399754e-18
405.97651900426627 5.879253632164448e-18
406.0386286129535 5.859854867941923e-18
406.10073822164077 5.690518933345308e-18
406.162847830328 5.6942500423302834e-18
406.2249574390152 5.8622394178411184e-18
406.28706704770246 5.6740478274606245e-18
406.34917665638966 5.770542238085032e-18
406.4112862650769 5.706402638212356e-18
406.47339587376416 5.812605149592389e-18
406.5355054824514 5.972876060003801e-18
406.59761509113866 5.478823581815113e-18
406.65972469982586 5.773868350614025e-18
406.7218343085131 5.485212420281948e-18
406.78394391720036 5.378136667316174e-18
406.84605352588756 5.760194279547278e-18
406.9081631345748 5.3867097682532324e-18
406.97027274326206 5.320241097233625e-18
407.0323823519493 5.402988394995937e-18
407.0944919606365 5.644401326515445e-18
407.15660156932375 5.607264459612003e-18
407.218711178011 5.477885926196755e-18
407.2808207866982 5.836559480822939e-18
407.34293039538545 5.9137247303655835e-18
407.4050400040727 5.848528278717172e-18
407.46714961275995 5.636873195613715e-18
407.5292592214472 5.6369980673837085e-18
407.5913688301344 5.81203596805763e-18
407.65347843882165 5.4661759217536375e-18
407.71558804750885 5.6828680459924684e-18
407.7776976561961 6.060824177090693e-18
407.83980726488335 5.634629277292232e-18
407.9019168735706 5.5644203398594816e-18
407.96402648225785 6.0241494038004956e-18
408.02613609094504 5.668590377694869e-18
408.0882456996323 5.833517947187342e-18
408.15035530831955 5.641927401320131e-18
408.21246491700674 5.6905069444451405e-18
408.274574525694 5.927855702518573e-18
408.33668413438124 5.6825539948673076e-18
408.3987937430685 5.744948565642112e-18
408.4609033517557 5.9062162373071e-18
408.52301296044294 5.425402134502799e-18
408.5851225691302 5.7563513321813936e-18
408.6472321778174 5.5118506735254485e-18
408.70934178650464 5.719254747927012e-18
408.7714513951919 5.810731137581814e-18
408.83356100387914 5.534946023099199e-18
408.8956706125664 5.684669442744479e-18
408.9577802212536 5.813360268669443e-18
409.01988982994084 5.8606724017739146e-18
409.08199943862803 5.772103676292614e-18
409.1441090473153 5.831352769780622e-18
409.20621865600253 5.8862311460250035e-18
409.2683282646898 5.699541457212228e-18
409.33043787337704 5.5496617122530885e-18
409.39254748206423 5.8311002034206794e-18
409.4546570907515 5.8460567822831464e-18
409.51676669943873 5.7847676506682605e-18
409.5788763081259 5.72809469607096e-18
409.6409859168132 5.744757092869972e-18
409.70309552550043 5.84295352389662e-18
409.7652051341877 5.552205897789384e-18
409.8273147428749 5.749733183879614e-18
409.8894243515621 5.678694279385057e-18
409.9515339602494 5.566981947724346e-18
410.0136435689366 5.623894963247529e-18
410.0757531776238 6.092335210745254e-18
410.1378627863111 6.2813033613656836e-18
410.1999723949983 6.423210956120282e-18
410.2620820036855 6.6339228023152275e-18
410.3241916123728 6.988079087999221e-18
410.38630122106 7.446678280968093e-18
410.4484108297472 7.504842813418447e-18
410.51052043843447 7.290453386208674e-18
410.5726300471217 7.304587322712267e-18
410.63473965580897 7.458073310595375e-18
410.6968492644962 7.258104252631782e-18
410.7589588731834 6.927069889354986e-18
410.82106848187067 6.308913818638547e-18
410.8831780905579 6.018989615820881e-18
410.9452876992451 6.135700504516938e-18
411.00739730793237 5.9606355667849065e-18
411.0695069166196 5.497289996880031e-18
411.13161652530687 5.523469567637592e-18
411.19372613399406 5.277053206313969e-18
411.2558357426813 5.453042436445952e-18
411.31794535136856 5.411440288407637e-18
411.38005496005576 5.48295126347556e-18
411.442164568743 5.4195631704736386e-18
411.50427417743026 5.2390167341548886e-18
411.5663837861175 5.260451148284335e-18
411.6284933948047 5.48221742089747e-18
411.69060300349196 5.448797727921588e-18
411.7527126121792 5.425998872542693e-18
411.8148222208664 5.3828845867971235e-18
411.87693182955366 5.3559059172062395e-18
411.9390414382409 5.3573585960147806e-18
412.00115104692816 5.365218523733842e-18
412.0632606556154 5.390600797880728e-18
412.1253702643026 5.43511971147523e-18
412.18747987298985 5.283759286618462e-18
412.2495894816771 5.415056928543462e-18
412.3116990903643 5.516621326389273e-18
412.37380869905155 5.277974605247217e-18
412.4359183077388 5.356912873736755e-18
412.49802791642605 5.729327111862581e-18
412.56013752511325 5.338807684498541e-18
412.6222471338005 5.260968018638568e-18
412.68435674248775 5.574544433757206e-18
412.74646635117494 5.430316502135737e-18
412.8085759598622 5.3470698763708304e-18
412.87068556854945 5.525661304196702e-18
412.9327951772367 5.4068200043271916e-18
412.9949047859239 5.3593111577026115e-18
413.05701439461114 5.6319167388394455e-18
413.1191240032984 5.290875358048118e-18
413.1812336119856 5.255159572153127e-18
413.24334322067284 5.2401715678214474e-18
413.3054528293601 5.298772695647123e-18
413.36756243804734 5.336019473505552e-18
413.4296720467346 5.121082827242021e-18
413.4917816554218 5.349197338820415e-18
413.55389126410904 5.3330540863885975e-18
413.6160008727963 5.534035239255609e-18
413.6781104814835 5.530782533054528e-18
413.74022009017074 5.454193028061353e-18
413.802329698858 5.316128041042092e-18
413.86443930754524 5.160223026467279e-18
413.92654891623243 5.277258181887556e-18
413.9886585249197 5.139079099319709e-18
414.05076813360694 5.171705749056166e-18
414.11287774229413 5.1782084802098245e-18
414.1749873509814 5.1294104260079934e-18
414.23709695966863 5.199930965928819e-18
414.2992065683559 5.303732362037453e-18
414.3613161770431 5.3872082380262065e-18
414.42342578573033 5.304789816964314e-18
414.4855353944176 5.203006766176312e-18
414.5476450031048 5.327767087115646e-18
414.609754611792 5.429651702895923e-18
414.6718642204793 5.4085891403463544e-18
414.73397382916653 5.286088690330731e-18
414.7960834378538 5.363109555043908e-18
414.858193046541 5.3602950089024995e-18
414.9203026552282 5.4109540235822365e-18
414.9824122639155 5.352458259025705e-18
415.0445218726027 5.294562383777045e-18
415.1066314812899 5.315698043066296e-18
415.1687410899772 5.335478791525358e-18
415.2308506986644 5.2646677261881536e-18
415.2929603073516 5.538062466443347e-18
415.3550699160389 5.454676559025606e-18
415.4171795247261 5.4282523477620625e-18
415.4792891334133 5.545087604181544e-18
415.54139874210057 5.292171644113123e-18
415.6035083507878 5.3615116633039966e-18
415.66561795947507 5.321455449377307e-18
415.72772756816227 5.30651678917936e-18
415.7898371768495 5.307706842618469e-18
415.85194678553677 5.4641745693876936e-18
415.91405639422396 5.2501396320676425e-18
415.9761660029112 5.333651290746237e-18
416.03827561159846 5.30495741924573e-18
416.1003852202857 5.150211217238676e-18
416.16249482897297 5.307589825019215e-18
416.22460443766016 5.465913749018076e-18
416.2867140463474 5.413611353359745e-18
416.3488236550346 5.2325914851245945e-18
416.41093326372186 5.169841033473243e-18
416.4730428724091 5.478735269959286e-18
416.53515248109636 5.145497683946677e-18
416.5972620897836 5.2094259275488295e-18
416.6593716984708 5.100905871786405e-18
416.72148130715806 5.252285484684966e-18
416.7835909158453 5.307616646167134e-18
416.8457005245325 5.343555677628217e-18
416.90781013321975 5.2222178498921784e-18
416.969919741907 5.26334009748069e-18
417.03202935059426 5.161040356687483e-18
417.09413895928145 5.1690601061989595e-18
417.1562485679687 5.202611866928814e-18
417.21835817665595 5.360531196969899e-18
417.28046778534315 5.2947538375712746e-18
417.3425773940304 5.104815830346759e-18
417.40468700271765 4.915685181862484e-18
417.4667966114049 5.096920328112304e-18
417.52890622009215 5.121186460152422e-18
417.59101582877935 5.113222678498806e-18
417.6531254374666 5.105340700924039e-18
417.7152350461538 5.089492834550452e-18
417.77734465484104 4.9890007119369446e-18
417.8394542635283 5.009285510789891e-18
417.90156387221555 4.998028808574872e-18
417.9636734809028 5.1399261022720426e-18
418.02578308959 5.236017322973062e-18
418.08789269827724 5.2357601810845505e-18
418.1500023069645 4.956356901631309e-18
418.2121119156517 5.306927042474928e-18
418.27422152433894 5.362223269308458e-18
418.3363311330262 4.936528582377554e-18
418.39844074171344 5.014949656801348e-18
418.46055035040064 5.053063385855034e-18
418.5226599590879 5.074744970537121e-18
418.58476956777514 4.926828544603132e-18
418.64687917646233 5.195615556114038e-18
418.7089887851496 5.042191854738816e-18
418.77109839383684 5.0565577403137394e-18
418.8332080025241 4.956414400748384e-18
418.89531761121134 5.104523900183653e-18
418.95742721989853 5.069594121833091e-18
419.0195368285858 5.134335193403229e-18
419.081646437273 5.038113431705826e-18
419.14375604596023 4.987783174143391e-18
419.2058656546475 4.897111700336741e-18
419.26797526333473 4.6887641647153664e-18
419.330084872022 4.754190843871675e-18
419.3921944807092 5.003858173502534e-18
419.45430408939643 4.894722721251061e-18
419.5164136980837 4.9935300208002934e-18
419.5785233067709 5.172819076003624e-18
419.6406329154581 5.1554115211907284e-18
419.7027425241454 5.0195631720732534e-18
419.76485213283263 5.106480991393184e-18
419.8269617415198 4.967199995701848e-18
419.8890713502071 4.93818085300264e-18
419.9511809588943 4.9679158792774435e-18
420.0132905675815 4.860621441914241e-18
420.0754001762688 5.1064469592726486e-18
420.137509784956 4.968661395594531e-18
420.1996193936433 4.821968696137576e-18
420.2617290023305 4.939108846582168e-18
420.3238386110177 5.044167825588879e-18
420.38594821970497 5.0761594763975596e-18
420.44805782839217 4.9035521545691086e-18
420.5101674370794 4.9521315033347254e-18
420.57227704576667 5.081882656052972e-18
420.6343866544539 5.025852478215935e-18
420.69649626314117 5.057759230955159e-18
420.75860587182837 5.019560404318815e-18
420.8207154805156 4.947148601647518e-18
420.88282508920287 5.027790591331646e-18
420.94493469789006 5.064629248865317e-18
421.0070443065773 5.142931114534109e-18
421.06915391526456 5.051554799024341e-18
421.1312635239518 5.0394431407005925e-18
421.193373132639 4.9317426006917295e-18
421.25548274132626 5.240905961329032e-18
421.3175923500135 4.866026722204019e-18
421.3797019587007 4.918536445256339e-18
421.44181156738796 4.9362445130605466e-18
421.5039211760752 4.951617160943282e-18
421.56603078476246 4.878409756504582e-18
421.6281403934497 4.811253957396896e-18
421.6902500021369 4.862013610028992e-18
421.75235961082416 4.946865279177544e-18
421.81446921951135 4.972275948951512e-18
421.8765788281986 5.010327562022505e-18
421.93868843688585 4.889031957886316e-18
422.0007980455731 4.992746127033913e-18
422.06290765426036 5.079076909428441e-18
422.12501726294755 4.9221570846190625e-18
422.1871268716348 4.889300833612705e-18
422.24923648032205 4.908235610397198e-18
422.31134608900925 4.902491649774669e-18
422.3734556976965 4.902792892143863e-18
422.43556530638375 4.814299112709654e-18
422.497674915071 4.931253453047643e-18
422.5597845237582 4.768083834458258e-18
422.62189413244545 4.738432684026523e-18
422.6840037411327 5.042401062810421e-18
422.7461133498199 4.9354136516029455e-18
422.80822295850714 4.831517801825988e-18
422.8703325671944 4.8799922910448e-18
422.93244217588165 4.852934076927092e-18
422.9945517845689 4.8545758243894195e-18
423.0566613932561 4.715976974129901e-18
423.11877100194334 4.866335613521936e-18
423.18088061063054 4.6482110054303456e-18
423.2429902193178 4.516106913692181e-18
423.30509982800504 4.7920790143476515e-18
423.3672094366923 4.609093572355487e-18
423.42931904537954 4.6135004393494784e-18
423.49142865406674 4.6631223792570254e-18
423.553538262754 4.829107977711524e-18
423.61564787144124 4.738206563127138e-18
423.67775748012843 4.952320046180749e-18
423.7398670888157 4.918485947724616e-18
423.80197669750294 4.826585590839796e-18
423.8640863061902 4.846297017964802e-18
423.9261959148774 5.059883095818786e-18
423.98830552356463 5.381386424348378e-18
424.0504151322519 5.770699710662996e-18
424.1125247409391 6.146576213949448e-18
424.17463434962633 6.540263698793044e-18
424.2367439583136 6.729343674417358e-18
424.29885356700083 6.610687344042394e-18
424.3609631756881 6.493672855924133e-18
424.4230727843753 6.3629659045609125e-18
424.48518239306253 6.240139490151775e-18
424.5472920017497 5.955945395191896e-18
424.609401610437 5.516449871334381e-18
424.6715112191242 5.019954744946588e-18
424.7336208278115 4.790864601978874e-18
424.79573043649873 4.77087604055762e-18
424.8578400451859 4.720617492056966e-18
424.9199496538732 4.737865702286987e-18
424.9820592625604 4.819618583748095e-18
425.0441688712476 4.899877259727171e-18
425.1062784799349 4.78209082725088e-18
425.1683880886221 4.797709450067244e-18
425.2304976973094 4.849273449711542e-18
425.29260730599657 4.876992352408689e-18
425.3547169146838 4.944625763456495e-18
425.41682652337107 4.7053009527147184e-18
425.47893613205827 4.67771549595985e-18
425.5410457407455 4.72527351106101e-18
425.60315534943277 4.789997607720163e-18
425.66526495812 4.914456749076791e-18
425.72737456680727 4.875756347712279e-18
425.78948417549447 4.8521519696471e-18
425.8515937841817 4.679544663537013e-18
425.9137033928689 4.864838994298582e-18
425.97581300155616 4.833310702920136e-18
426.0379226102434 4.6843403279266005e-18
426.10003221893066 4.998041482850561e-18
426.1621418276179 4.7157474546345385e-18
426.2242514363051 4.73834595091164e-18
426.28636104499236 4.722600248379667e-18
426.3484706536796 4.809155562388998e-18
426.4105802623668 4.811187136642515e-18
426.47268987105406 4.9653312321283075e-18
426.5347994797413 4.696037767583789e-18
426.59690908842856 4.7039063986464075e-18
426.65901869711576 4.827721941890806e-18
426.721128305803 4.872596679447311e-18
426.78323791449026 4.767912118840613e-18
426.84534752317745 4.766685861120026e-18
426.9074571318647 4.9453062406637524e-18
426.96956674055195 4.7925163930549615e-18
427.0316763492392 4.924379207532265e-18
427.09378595792646 4.9384222081019705e-18
427.15589556661365 4.955284942935535e-18
427.2180051753009 4.92043634155328e-18
427.2801147839881 4.764141176568366e-18
427.34222439267535 4.78958796796898e-18
427.4043340013626 4.99755953205837e-18
427.46644361004985 5.075365081751409e-18
427.5285532187371 5.030083896838904e-18
427.5906628274243 5.070123094803148e-18
427.65277243611155 4.9381197046307095e-18
427.7148820447988 4.8405775715644965e-18
427.776991653486 4.879318676083305e-18
427.83910126217324 4.955347851408708e-18
427.9012108708605 4.926994659058779e-18
427.96332047954775 4.651441256981643e-18
428.02543008823494 4.70078432050834e-18
428.0875396969222 4.8355854285522816e-18
428.14964930560944 4.883324816580471e-18
428.21175891429664 4.948250688849629e-18
428.2738685229839 4.931912750278482e-18
428.33597813167114 4.805215803756959e-18
428.3980877403584 4.985554306819111e-18
428.46019734904564 5.059824347867946e-18
428.52230695773284 4.986362499630181e-18
428.5844165664201 5.003417145202987e-18
428.6465261751073 5.0100434540081896e-18
428.70863578379453 4.876648877918441e-18
428.7707453924818 5.100673400912233e-18
428.83285500116904 4.996882614191726e-18
428.8949646098563 4.889923502991775e-18
428.9570742185435 5.108370137668175e-18
429.01918382723073 5.130309930946981e-18
429.081293435918 5.262420975045681e-18
429.1434030446052 5.109546165663957e-18
429.20551265329243 4.9388964970618784e-18
429.2676222619797 5.004284418422297e-18
429.32973187066693 4.9997339014845665e-18
429.3918414793541 4.97695969251526e-18
429.4539510880414 5.082896688472808e-18
429.51606069672863 5.0792262902408015e-18
429.5781703054158 5.075118869475899e-18
429.6402799141031 5.145083550947232e-18
429.7023895227903 4.987198725289863e-18
429.7644991314776 4.972087692020558e-18
429.82660874016483 4.885212714686374e-18
429.888718348852 5.0874792697559234e-18
429.9508279575393 5.077115980287294e-18
430.01293756622647 4.9773286881628776e-18
430.0750471749137 5.1335696743446345e-18
430.137156783601 5.197144009785151e-18
430.1992663922882 5.178554014753554e-18
430.2613760009755 5.0914326797523935e-18
430.32348560966267 5.07699056004023e-18
430.3855952183499 5.1768727595955064e-18
430.44770482703717 5.1003938199919086e-18
430.50981443572437 5.278015709452975e-18
430.5719240444116 5.245672816691694e-18
430.63403365309887 4.989780240293109e-18
430.6961432617861 5.072756247957422e-18
430.7582528704733 5.132689442185889e-18
430.82036247916056 5.05097254522767e-18
430.8824720878478 5.157693795073054e-18
430.944581696535 5.236379213806588e-18
431.00669130522226 5.248722937519427e-18
431.0688009139095 4.984501744703293e-18
431.13091052259676 5.155204756129462e-18
431.193020131284 5.207087347408126e-18
431.2551297399712 5.246463647506858e-18
431.31723934865846 5.173586375223121e-18
431.37934895734566 5.00352247123209e-18
431.4414585660329 4.8926865206333956e-18
431.50356817472016 5.0671266613878294e-18
431.5656777834074 5.075773861803767e-18
431.62778739209466 5.033072841181902e-18
431.68989700078185 5.018535877017474e-18
431.7520066094691 4.990440211959535e-18
431.81411621815636 4.932437122903166e-18
431.87622582684355 4.987235939563966e-18
431.9383354355308 5.101117803828229e-18
432.00044504421805 5.1040963853546126e-18
432.0625546529053 5.076767953548146e-18
432.1246642615925 5.024944710976676e-18
432.18677387027975 5.1520303993597255e-18
432.248883478967 5.1040731456754464e-18
432.3109930876542 4.976508040685723e-18
432.37310269634145 5.041368570446049e-18
432.4352123050287 5.187167736635708e-18
432.49732191371595 5.074667007172395e-18
432.5594315224032 5.000122969936256e-18
432.6215411310904 5.0837630642865295e-18
432.68365073977765 5.0179772821265535e-18
432.74576034846484 5.2910475845223566e-18
432.8078699571521 5.2503131169459825e-18
432.86997956583934 5.094703783785305e-18
432.9320891745266 5.179072330282855e-18
432.99419878321385 5.075815268228931e-18
433.05630839190104 5.097162749433119e-18
433.1184180005883 5.1475069837418435e-18
433.18052760927554 5.030405480129649e-18
433.24263721796274 4.994200010001868e-18
433.30474682665 5.151124359620448e-18
433.36685643533724 5.172763053193593e-18
433.4289660440245 5.131152798279577e-18
433.4910756527117 5.086754899816845e-18
433.55318526139894 5.092635479692562e-18
433.6152948700862 5.198431750022674e-18
433.6774044787734 5.061285305269702e-18
433.73951408746063 5.002703200167712e-18
433.8016236961479 4.870938061425067e-18
433.86373330483514 4.890723864349763e-18
433.9258429135224 5.206878409168761e-18
433.9879525222096 5.206991024763579e-18
434.05006213089683 5.093875951884197e-18
434.112171739584 5.251688889213832e-18
434.1742813482713 5.0438482562500125e-18
434.23639095695853 5.250593910743291e-18
434.2985005656458 5.1320952165666884e-18
434.36061017433303 5.029354630632676e-18
434.4227197830202 5.064416521568225e-18
434.4848293917075 5.016696523168844e-18
434.54693900039473 4.944638810240467e-18
434.6090486090819 5.072232555104407e-18
434.6711582177692 5.2298225128000666e-18
434.7332678264564 5.061353179485508e-18
434.7953774351437 5.044941588714792e-18
434.8574870438309 4.911101488553558e-18
434.9195966525181 4.822017533793544e-18
434.9817062612054 4.974561163716565e-18
435.04381586989257 5.115866230142785e-18
435.1059254785798 4.8630882746119425e-18
435.16803508726707 4.925140985434372e-18
435.2301446959543 4.996503322512756e-18
435.2922543046415 5.014758858077705e-18
435.35436391332877 5.138882245636641e-18
435.416473522016 5.0845489821689295e-18
435.4785831307032 5.036502050704317e-18
435.54069273939047 4.934365717776294e-18
435.6028023480777 4.9336039976034815e-18
435.66491195676497 4.870335300323206e-18
435.7270215654522 4.982912476097946e-18
435.7891311741394 5.087145279957031e-18
435.85124078282666 5.108414014750315e-18
435.9133503915139 5.127196712528714e-18
435.9754600002011 5.11883362407203e-18
436.03756960888836 5.285817925788929e-18
436.0996792175756 5.202549080069616e-18
436.16178882626286 5.008498995182364e-18
436.22389843495006 5.0778750465418655e-18
436.2860080436373 5.1449495901144e-18
436.34811765232456 5.148354888387466e-18
436.41022726101176 5.190291169359792e-18
436.472336869699 5.0898368596516364e-18
436.53444647838626 5.216381065106274e-18
436.5965560870735 5.316731320307774e-18
436.6586656957607 5.216504757687465e-18
436.72077530444795 5.279394927048656e-18
436.7828849131352 5.1846266640027966e-18
436.8449945218224 5.086878605190117e-18
436.90710413050965 5.070924620565078e-18
436.9692137391969 5.184252880001573e-18
437.03132334788415 5.206768857936426e-18
437.0934329565714 5.094740527289939e-18
437.1555425652586 5.2330141504405724e-18
437.21765217394585 5.1791006408043656e-18
437.2797617826331 5.1422927681567724e-18
437.3418713913203 5.213382959378608e-18
437.40398100000755 5.248084050820023e-18
437.4660906086948 5.2026915957839745e-18
437.52820021738205 5.131869233428757e-18
437.59030982606924 5.217565635972724e-18
437.6524194347565 5.29016830988628e-18
437.71452904344375 5.323492170016497e-18
437.77663865213094 5.265769319458435e-18
437.8387482608182 5.290846175457564e-18
437.90085786950544 5.294022472155695e-18
437.9629674781927 5.220036898435325e-18
438.0250770868799 5.295629663161194e-18
438.08718669556714 5.240405914568152e-18
438.1492963042544 5.112548874872158e-18
438.2114059129416 5.379167624528831e-18
438.27351552162884 5.317210663545888e-18
438.3356251303161 5.323651678860618e-18
438.39773473900334 5.366125794409271e-18
438.4598443476906 5.267357014761488e-18
438.5219539563778 5.17167605486735e-18
438.58406356506504 5.455956628802657e-18
438.6461731737523 5.226769053408649e-18
438.7082827824395 5.283328716837659e-18
438.77039239112673 5.223047411277856e-18
438.832501999814 5.4423913838819265e-18
438.89461160850124 5.341278627270874e-18
438.95672121718843 5.260285943036224e-18
439.0188308258757 5.07343336965097e-18
439.08094043456293 5.36971978478024e-18
439.1430500432501 5.3412418460448e-18
439.2051596519374 5.364843209645399e-18
439.26726926062463 5.2470201255415055e-18
439.3293788693119 5.196210080268137e-18
439.3914884779991 5.429786143745614e-18
439.4535980866863 5.536308965057301e-18
439.5157076953736 5.315813979634735e-18
439.5778173040608 5.351081585973397e-18
439.639926912748 5.2457363278671605e-18
439.7020365214353 5.425427194362828e-18
439.7641461301225 5.5371191643789346e-18
439.8262557388098 5.140160049447736e-18
439.888365347497 5.125201794788949e-18
439.9504749561842 5.328064862883381e-18
440.0125845648715 5.294182379505544e-18
440.07469417355867 5.324237426722096e-18
440.1368037822459 5.288639449561229e-18
440.19891339093317 5.2926909753409624e-18
440.2610229996204 5.258614451339616e-18
440.3231326083076 5.152991973731401e-18
440.38524221699487 5.1829293182130686e-18
440.4473518256821 5.177986683045403e-18
440.5094614343693 5.103304110244256e-18
440.57157104305657 5.1992564739868835e-18
440.6336806517438 5.2322645973765856e-18
440.69579026043107 5.320154529211017e-18
440.75789986911826 5.399044453946914e-18
440.8200094778055 5.334541245998509e-18
440.88211908649276 5.3764812514070715e-18
440.94422869517996 5.5122213719259885e-18
441.0063383038672 5.364508250178977e-18
441.06844791255446 5.282691320757403e-18
441.1305575212417 5.375141920395838e-18
441.19266712992896 5.382313772913856e-18
441.25477673861616 5.297238377726301e-18
441.3168863473034 5.434001510028545e-18
441.37899595599066 5.324681800232556e-18
441.44110556467785 5.3365197975542225e-18
441.5032151733651 5.288106893549396e-18
441.56532478205236 5.141568746506867e-18
441.6274343907396 5.2816196403752614e-18
441.6895439994268 5.233997669422439e-18
441.75165360811405 5.279411236326396e-18
441.8137632168013 5.277973881706244e-18
441.8758728254885 5.380870638877925e-18
441.93798243417575 5.325041658642809e-18
442.000092042863 5.2575543132578586e-18
442.06220165155025 5.410242845403015e-18
442.12431126023745 5.2852586941145355e-18
442.1864208689247 5.354707317090822e-18
442.24853047761195 5.480734931436145e-18
442.31064008629914 5.311637569510472e-18
442.3727496949864 5.31101584068594e-18
442.43485930367365 5.354016102567517e-18
442.4969689123609 5.342922193613696e-18
442.55907852104815 5.483838796689943e-18
442.62118812973534 5.442447961781975e-18
442.6832977384226 5.390766169868591e-18
442.7454073471098 5.262618617855371e-18
442.80751695579704 5.319203149648019e-18
442.8696265644843 5.254057092294168e-18
442.93173617317154 5.343421787691254e-18
442.9938457818588 5.203253104730191e-18
443.055955390546 5.286195357395368e-18
443.11806499923324 5.318319334602736e-18
443.1801746079205 5.4152764304003784e-18
443.2422842166077 5.312567826604048e-18
443.30439382529494 5.370044228413604e-18
443.3665034339822 5.3612077506771894e-18
443.42861304266944 5.397006814096695e-18
443.49072265135663 5.12375751025721e-18
443.5528322600439 5.340034965795783e-18
443.61494186873114 5.4287325956668096e-18
443.67705147741833 5.275582569745649e-18
443.7391610861056 5.25208796571559e-18
443.80127069479283 5.239731360128232e-18
443.8633803034801 5.082072001486131e-18
443.92548991216734 4.90857973115845e-18
443.98759952085453 4.954171350804971e-18
444.0497091295418 4.9719165773876856e-18
444.111818738229 5.105781695183427e-18
444.1739283469162 5.257158172755157e-18
444.2360379556035 5.288756402318937e-18
444.29814756429073 5.318417648566942e-18
444.360257172978 5.307013130626968e-18
444.4223667816652 5.3000784122950976e-18
444.4844763903524 5.2338142687518094e-18
444.5465859990397 5.177073024430416e-18
444.6086956077269 5.1963998699829535e-18
444.6708052164141 5.2401872169960855e-18
444.7329148251014 5.0245352388671325e-18
444.7950244337886 5.269051234839955e-18
444.8571340424758 5.208598978864531e-18
444.9192436511631 5.163626370290262e-18
444.9813532598503 5.151909434835987e-18
445.0434628685375 5.151062342775554e-18
445.10557247722477 5.245351636428156e-18
445.167682085912 4.986137499497001e-18
445.22979169459927 4.983511735451187e-18
445.2919013032865 5.181438463515467e-18
445.3540109119737 5.2883565641708525e-18
445.41612052066097 5.155362015758148e-18
445.47823012934816 5.190922223839507e-18
445.5403397380354 5.106936862656238e-18
445.60244934672266 5.071624866721249e-18
445.6645589554099 5.080272174569868e-18
445.72666856409717 5.114641789857325e-18
445.78877817278436 5.26986629658119e-18
445.8508877814716 5.2254259696572545e-18
445.91299739015886 5.100450171947449e-18
445.97510699884606 5.172375164973772e-18
446.0372166075333 5.206406385625647e-18
446.09932621622056 5.097805621477922e-18
446.1614358249078 5.208883385917294e-18
446.223545433595 5.318991258335371e-18
446.28565504228226 5.286325358655742e-18
446.3477646509695 5.164482024161902e-18
446.4098742596567 5.210632965745886e-18
446.47198386834395 5.2361857097621816e-18
446.5340934770312 5.101097362261517e-18
446.59620308571846 5.104299158266615e-18
446.6583126944057 5.2877974452964114e-18
446.7204223030929 5.316820789997547e-18
446.78253191178015 5.2207766233533546e-18
446.84464152046735 5.261846018310131e-18
446.9067511291546 5.153732366673594e-18
446.96886073784185 5.145567961334112e-18
447.0309703465291 5.1556647356160976e-18
447.09307995521635 5.144611619726381e-18
447.15518956390355 5.129336057463749e-18
447.2172991725908 5.098262497190294e-18
447.27940878127805 4.991590491327904e-18
447.34151838996524 5.1098221198853446e-18
447.4036279986525 5.177832805491256e-18
447.46573760733975 5.071886783460583e-18
447.527847216027 5.0079963983672016e-18
447.5899568247142 5.390857966970533e-18
447.65206643340144 5.206407567862591e-18
447.7141760420887 5.131984677431983e-18
447.7762856507759 5.2267166918901715e-18
447.83839525946314 5.125985860850287e-18
447.9005048681504 5.166397515253069e-18
447.96261447683764 5.167462346007026e-18
448.0247240855249 5.2117259698135405e-18
448.0868336942121 5.321622287570541e-18
448.14894330289934 5.1257454351957e-18
448.21105291158653 5.307209382034251e-18
448.2731625202738 5.034219225615472e-18
448.33527212896104 5.034233606500916e-18
448.3973817376483 5.285012747749358e-18
448.45949134633554 5.266305034480869e-18
448.52160095502273 5.10754871969682e-18
448.58371056371 5.4720742853937485e-18
448.64582017239724 5.869490984663519e-18
448.70792978108443 6.6574783937758484e-18
448.7700393897717 7.23016792293343e-18
448.83214899845893 7.868237247958966e-18
448.8942586071462 8.25703927094389e-18
448.9563682158334 8.366186120719742e-18
449.01847782452063 8.517810210911407e-18
449.0805874332079 8.133082421580757e-18
449.1426970418951 7.810853942355042e-18
449.2048066505823 7.319224203715355e-18
449.2669162592696 6.803170351402064e-18
449.32902586795683 6.0783957934232246e-18
449.3911354766441 5.41902015141957e-18
449.4532450853313 5.2196458238675346e-18
449.5153546940185 5.196604869293289e-18
449.5774643027057 5.188906411545379e-18
449.639573911393 5.0110456256437606e-18
449.7016835200802 5.014564777500174e-18
449.7637931287675 5.110823320961282e-18
449.8259027374547 5.0811639191404285e-18
449.8880123461419 4.903769299683659e-18
449.95012195482917 4.956557915941953e-18
450.0122315635164 4.911317797066413e-18
450.0743411722036 5.189247969110115e-18
450.13645078089087 5.106450122069291e-18
450.1985603895781 4.996456662062441e-18
450.26066999826537 4.9297674617027315e-18
450.32277960695257 5.067761849330109e-18
450.3848892156398 5.1299706664962025e-18
450.44699882432707 4.95903583421615e-18
450.50910843301426 5.0028037730535295e-18
450.5712180417015 5.08642436759879e-18
450.63332765038876 4.9920790217450094e-18
450.695437259076 5.114566736952213e-18
450.75754686776327 4.9082098207370565e-18
450.81965647645046 4.976811092041152e-18
450.8817660851377 5.078800867897343e-18
450.9438756938249 5.159059891673718e-18
451.00598530251216 5.258474957023301e-18
451.0680949111994 5.471580102981267e-18
451.13020451988666 5.726887276355741e-18
451.1923141285739 5.8388276751602405e-18
451.2544237372611 5.904325416543912e-18
451.31653334594836 5.927341529452088e-18
451.3786429546356 6.033402498071514e-18
451.4407525633228 5.9725193058804566e-18
451.50286217201005 5.838340369949059e-18
451.5649717806973 5.607742147845703e-18
451.62708138938456 5.336746837021697e-18
451.68919099807175 5.272946842619568e-18
451.751300606759 5.216853400601679e-18
451.81341021544625 4.963284910488561e-18
451.87551982413345 5.011387980741199e-18
451.9376294328207 5.142669557880359e-18
451.99973904150795 5.1396796790319305e-18
452.0618486501952 5.1015762938681046e-18
452.12395825888245 5.05781498079692e-18
452.18606786756965 5.0549442552066225e-18
452.2481774762569 5.139459897908111e-18
452.3102870849441 5.1496447966772434e-18
452.37239669363134 5.1387985535292976e-18
452.4345063023186 5.333059908312692e-18
452.49661591100585 5.422858602917969e-18
452.5587255196931 5.247854976322953e-18
452.6208351283803 5.138441330678435e-18
452.68294473706754 5.120921686500475e-18
452.7450543457548 5.227336737552729e-18
452.807163954442 5.186067680138965e-18
452.86927356312924 5.045678393483639e-18
452.9313831718165 5.2374980723998014e-18
452.99349278050374 5.469663842081514e-18
453.05560238919094 5.1202286679824415e-18
453.1177119978782 5.323607558483425e-18
453.17982160656544 5.314192338859469e-18
453.24193121525263 5.175080980300849e-18
453.3040408239399 5.080771583840419e-18
453.36615043262714 5.306917645833791e-18
453.4282600413144 5.195350219278377e-18
453.49036965000164 5.093235400893852e-18
453.55247925868883 5.150492837325582e-18
453.6145888673761 5.270731241689238e-18
453.6766984760633 5.285869650534719e-18
453.73880808475053 5.250616235738468e-18
453.8009176934378 5.0455718879738514e-18
453.86302730212503 5.213252831396474e-18
453.9251369108123 5.3749545771291595e-18
453.9872465194995 5.1249629449879324e-18
454.04935612818673 5.2258100251236175e-18
454.111465736874 5.349158897982842e-18
454.1735753455612 5.394707912428665e-18
454.2356849542484 5.2373511109687365e-18
454.2977945629357 5.368124484914886e-18
454.35990417162293 5.190879146821181e-18
454.4220137803101 5.241458979382996e-18
454.4841233889974 5.161201186180124e-18
454.5462329976846 4.9504991953287245e-18
454.6083426063718 5.398371093282381e-18
454.6704522150591 5.251436741844093e-18
454.7325618237463 5.382255363336361e-18
454.7946714324336 5.338188112627581e-18
454.8567810411208 5.253681897223803e-18
454.918890649808 5.257098335713195e-18
454.98100025849527 5.3081231997190845e-18
455.04310986718247 5.270845875291461e-18
455.1052194758697 5.340858963393862e-18
455.16732908455697 5.427675432965435e-18
455.2294386932442 5.128225484919048e-18
455.29154830193147 5.261819016412946e-18
455.35365791061867 5.254124619348942e-18
455.4157675193059 5.3538440555144616e-18
455.47787712799317 5.434873722709151e-18
455.53998673668036 5.279684175708246e-18
455.6020963453676 5.365566659525573e-18
455.66420595405486 5.308659155060468e-18
455.7263155627421 5.134837673221796e-18
455.7884251714293 5.2621126119620476e-18
455.85053478011656 5.297526072501412e-18
455.9126443888038 5.299943611561621e-18
455.974753997491 5.126323315350388e-18
456.03686360617826 5.138507511317004e-18
456.0989732148655 5.003859820498106e-18
456.16108282355276 5.111504303763801e-18
456.22319243223995 5.305192203820891e-18
456.2853020409272 5.3295821573577865e-18
456.34741164961446 5.311288466338418e-18
456.4095212583017 5.2739200825413796e-18
456.4716308669889 5.163535843289912e-18
456.53374047567615 5.3298255426576556e-18
456.5958500843634 5.3378895459840384e-18
456.65795969305066 5.260336318960205e-18
456.72006930173785 5.282020670155555e-18
456.7821789104251 5.3285525104873006e-18
456.84428851911235 5.3336470386431396e-18
456.90639812779955 5.304605051611153e-18
456.9685077364868 5.309798022196317e-18
457.03061734517405 5.391573607088617e-18
457.0927269538613 5.203368431993336e-18
457.1548365625485 5.237069159144776e-18
457.21694617123575 5.3529038651372084e-18
457.279055779923 5.189586793719112e-18
457.3411653886102 5.2170793576844535e-18
457.40327499729744 5.2398731095851105e-18
457.4653846059847 5.308379546324513e-18
457.52749421467195 5.070021126734696e-18
457.58960382335914 4.9821166990112795e-18
457.6517134320464 5.029780485066325e-18
457.71382304073364 4.969691779879168e-18
457.7759326494209 4.849699532060928e-18
457.8380422581081 4.912585129724455e-18
457.90015186679534 4.863017965297086e-18
457.9622614754826 4.9987431360582454e-18
458.02437108416984 4.917531789351067e-18
458.08648069285704 4.8882665258539314e-18
458.1485903015443 4.8385986769755636e-18
458.21069991023154 4.898976735685512e-18
458.27280951891873 4.983082403971303e-18
458.334919127606 4.9389271611144405e-18
458.39702873629324 4.8307866006270595e-18
458.4591383449805 4.897222719963991e-18
458.5212479536677 4.834357351212082e-18
458.58335756235493 4.960612520021313e-18
458.6454671710422 5.0351356143522706e-18
458.7075767797294 4.938734595037253e-18
458.76968638841663 4.8427865666498115e-18
458.8317959971039 4.980562801463697e-18
458.89390560579113 4.954650073691199e-18
458.9560152144783 4.9108788101146944e-18
459.0181248231656 4.913829557787941e-18
459.08023443185283 4.939663355758671e-18
459.14234404054 4.910892355153202e-18
459.2044536492273 4.8852104998717056e-18
459.2665632579145 4.8951667953284364e-18
459.3286728666018 4.758939083843993e-18
459.39078247528903 4.825766495291303e-18
459.4528920839762 4.901713648414712e-18
459.5150016926635 4.903967428772544e-18
459.5771113013507 5.0008458972981905e-18
459.6392209100379 4.822442151979727e-18
459.7013305187252 4.781175243870583e-18
459.7634401274124 4.890291121725438e-18
459.8255497360997 4.792856681965405e-18
459.88765934478687 4.8108264072655996e-18
459.9497689534741 4.791804815961407e-18
460.01187856216137 4.9756659611284815e-18
460.07398817084857 4.874787878941744e-18
460.1360977795358 4.92982311807328e-18
460.19820738822307 4.934372215893865e-18
460.2603169969103 4.874009845241983e-18
460.3224266055975 4.754476779933386e-18
460.38453621428476 4.850406229375467e-18
460.446645822972 4.857048657626976e-18
460.5087554316592 4.897772568782177e-18
460.57086504034646 4.905775641571058e-18
460.6329746490337 4.7531198583912985e-18
460.69508425772096 4.8599372813958626e-18
460.7571938664082 4.960004315035169e-18
460.8193034750954 4.808211357142077e-18
460.88141308378266 4.867541689185794e-18
460.9435226924699 4.795825407747393e-18
461.0056323011571 4.8923704682897645e-18
461.06774190984436 4.7572287348371364e-18
461.1298515185316 4.797124835189624e-18
461.19196112721886 4.833236408250992e-18
461.25407073590605 4.8549593305363785e-18
461.3161803445933 4.8151767734523415e-18
461.37828995328056 4.790328766694203e-18
461.44039956196775 4.791460489027249e-18
461.502509170655 4.782497778919585e-18
461.56461877934225 4.706958430281145e-18
461.6267283880295 4.827659451167251e-18
461.6888379967167 4.875889600019266e-18
461.75094760540395 4.8766893367376954e-18
461.8130572140912 4.932953616957719e-18
461.8751668227784 4.892302418926185e-18
461.93727643146565 4.795858497217201e-18
461.9993860401529 4.8051711511513084e-18
462.06149564884015 4.997878827588314e-18
462.1236052575274 4.867076432105072e-18
462.1857148662146 4.522277247348556e-18
462.24782447490185 4.593464711256222e-18
462.3099340835891 4.844854200019289e-18
462.3720436922763 4.65586195912172e-18
462.43415330096354 4.8771827893783094e-18
462.4962629096508 5.119225445426387e-18
462.55837251833805 4.679656216555709e-18
462.62048212702524 4.819897297054844e-18
462.6825917357125 4.704314912812493e-18
462.74470134439974 4.7050029624709856e-18
462.80681095308694 4.624350287596306e-18
462.8689205617742 4.551991254340627e-18
462.93103017046144 4.728887066522998e-18
462.9931397791487 4.717871553497823e-18
463.0552493878359 4.308420907185827e-18
463.11735899652314 4.399521554277043e-18
463.1794686052104 4.691725308488727e-18
463.2415782138976 4.564763087827098e-18
463.30368782258483 4.525161664158122e-18
463.3657974312721 4.6889349637592304e-18
463.42790703995934 4.6389488536173264e-18
463.4900166486466 4.619810545533553e-18
463.5521262573338 4.542755690763006e-18
463.61423586602103 4.607294087567078e-18
463.6763454747083 4.5601690903103976e-18
463.7384550833955 4.4621407627115044e-18
463.80056469208273 4.6672285213750106e-18
463.86267430077 4.35928893707314e-18
463.92478390945723 4.470083326689626e-18
463.9868935181444 4.47750708642498e-18
464.0490031268317 4.478664793900048e-18
464.11111273551893 4.4898620743229604e-18
464.1732223442061 4.557561582892945e-18
464.2353319528934 4.652262463457699e-18
464.2974415615806 4.4230997873314585e-18
464.3595511702679 4.3904694801386434e-18
464.4216607789551 4.3375052520453056e-18
464.4837703876423 4.3922241079385375e-18
464.5458799963296 4.2675744253328536e-18
464.60798960501677 4.520551135496861e-18
464.670099213704 4.40589092112601e-18
464.73220882239127 4.404940213404555e-18
464.7943184310785 4.594077486445133e-18
464.8564280397658 4.502767426113303e-18
464.91853764845297 4.381334838582083e-18
464.9806472571402 4.37780758491314e-18
465.04275686582747 4.4401613215269255e-18
465.10486647451467 4.4413391315559695e-18
465.1669760832019 4.34193035060525e-18
465.22908569188917 4.2254632984482486e-18
465.2911953005764 4.236348353181612e-18
465.3533049092636 4.310820561997572e-18
465.41541451795086 4.544788384582529e-18
465.4775241266381 4.4825842194245894e-18
465.5396337353253 4.2245557581283244e-18
465.60174334401256 4.226973314229665e-18
465.6638529526998 4.3828542242368186e-18
465.72596256138706 4.376621905078981e-18
465.78807217007426 4.347431671710848e-18
465.8501817787615 4.441823543736033e-18
465.91229138744876 4.502160328519502e-18
465.97440099613596 4.430669066484129e-18
466.0365106048232 4.4133194681588945e-18
466.09862021351046 4.480006770560382e-18
466.1607298221977 4.4010914267907636e-18
466.22283943088496 4.286463007451029e-18
466.28494903957215 4.353368998868646e-18
466.3470586482594 4.228042488699097e-18
466.40916825694666 4.161968986099774e-18
466.47127786563385 4.282833297002284e-18
466.5333874743211 4.4208469227230746e-18
466.59549708300835 4.323392173473366e-18
466.6576066916956 4.211463674859866e-18
466.7197163003828 4.484438240760139e-18
466.78182590907005 4.458604038827863e-18
466.8439355177573 4.2339428009147905e-18
466.9060451264445 4.317016572073488e-18
466.96815473513175 4.391988472150411e-18
467.030264343819 4.327013618166207e-18
467.09237395250625 4.31476240979268e-18
467.15448356119344 4.4535049078224684e-18
467.2165931698807 4.3629691497796345e-18
467.27870277856795 4.575434243668707e-18
467.34081238725514 4.601307780671756e-18
467.4029219959424 4.559660510953205e-18
467.46503160462964 4.5425068332742114e-18
467.5271412133169 4.554964093624045e-18
467.58925082200415 4.3723076536045245e-18
467.65136043069134 4.547725503899948e-18
467.7134700393786 4.525511429572012e-18
467.77557964806584 4.574903354977645e-18
467.83768925675304 4.3923703930389735e-18
467.8997988654403 4.4258531866349795e-18
467.96190847412754 4.584689593876577e-18
468.0240180828148 4.5014701676222514e-18
468.086127691502 4.4353525689311755e-18
468.14823730018924 4.506789577240235e-18
468.2103469088765 4.426818531579804e-18
468.2724565175637 4.449867060707111e-18
468.33456612625093 4.4754748230512155e-18
468.3966757349382 4.469248424126027e-18
468.45878534362544 4.410830950259665e-18
468.52089495231263 4.556244898790022e-18
468.5830045609999 4.486302994665781e-18
468.64511416968713 4.363368556174348e-18
468.7072237783743 4.374405232836275e-18
468.7693333870616 4.3712751561894555e-18
468.83144299574883 4.4699743079004676e-18
468.8935526044361 4.4026336344192796e-18
468.9556622131233 4.3082292979756775e-18
469.0177718218105 4.316995672703515e-18
469.0798814304978 4.4194091646460315e-18
469.14199103918503 4.52923637527704e-18
469.2041006478722 4.528419165004476e-18
469.2662102565595 4.348753483685667e-18
469.3283198652467 4.348769503978357e-18
469.390429473934 4.465260714151396e-18
469.4525390826212 4.291406653816737e-18
469.5146486913084 4.4820436059484e-18
469.5767582999957 4.484559254636784e-18
469.63886790868287 4.531152297122807e-18
469.7009775173701 4.4881837532373476e-18
469.76308712605737 4.425260183491637e-18
469.8251967347446 4.4051746103517795e-18
469.8873063434318 4.426845884555287e-18
469.94941595211907 4.441633649343864e-18
470.0115255608063 4.332553806566029e-18
470.0736351694935 4.3361219748811284e-18
470.13574477818077 4.321968886408454e-18
470.197854386868 4.2811666450336846e-18
470.25996399555527 4.3995484673119874e-18
470.32207360424246 4.277431035452677e-18
470.3841832129297 4.217753413331964e-18
470.44629282161696 4.323164568120863e-18
470.5084024303042 4.3791193368099444e-18
470.5705120389914 4.313293786071566e-18
470.63262164767866 4.2924288570184425e-18
470.6947312563659 4.404362259237849e-18
470.75684086505316 4.266252794381544e-18
470.81895047374036 4.441452514967375e-18
470.8810600824276 4.327626164744395e-18
470.94316969111486 4.452407353188036e-18
471.00527929980205 4.350975539384092e-18
471.0673889084893 4.434413256237899e-18
471.12949851717656 4.523432618941904e-18
471.1916081258638 4.224134292752518e-18
471.253717734551 4.251399977066772e-18
471.31582734323825 4.2687436974457176e-18
471.3779369519255 4.254881513705358e-18
471.4400465606127 4.347583652429661e-18
471.50215616929995 4.3157576383858724e-18
471.5642657779872 4.220845571054775e-18
471.62637538667445 4.3330871185943624e-18
471.68848499536165 4.257178286687043e-18
471.7505946040489 4.250931779144346e-18
471.81270421273615 4.369042571758733e-18
471.8748138214234 4.220374961681449e-18
471.9369234301106 4.25434313625811e-18
471.99903303879785 4.248421591330522e-18
472.0611426474851 4.190055837642988e-18
472.12325225617235 4.330749243151498e-18
472.18536186485954 4.209756500561665e-18
472.2474714735468 4.391578917530472e-18
472.30958108223405 4.233597337714738e-18
472.37169069092124 4.319684497198207e-18
472.4338002996085 4.2026126754984005e-18
472.49590990829574 4.318936490280584e-18
472.558019516983 4.239367216387969e-18
472.6201291256702 4.1718115343767704e-18
472.68223873435744 4.307657802280612e-18
472.7443483430447 4.3357405403967e-18
472.8064579517319 4.357241192536316e-18
472.86856756041914 4.332458589906149e-18
472.9306771691064 4.3232696025495436e-18
472.99278677779364 4.3893839224650125e-18
473.05489638648083 4.315561744534911e-18
473.1170059951681 4.2374586942380254e-18
473.17911560385534 4.250531378116783e-18
473.2412252125426 4.2927479883368694e-18
473.3033348212298 4.147171901076952e-18
473.36544442991703 4.203655627461512e-18
473.4275540386043 4.3460584246549926e-18
473.48966364729154 4.338984607226989e-18
473.55177325597873 4.168403213092724e-18
473.613882864666 4.3647741186779915e-18
473.67599247335323 4.344747108742512e-18
473.7381020820404 4.243782763801987e-18
473.8002116907277 4.238216577683276e-18
473.86232129941493 4.1951268699114264e-18
473.9244309081022 4.294817373821413e-18
473.9865405167894 4.201687507451993e-18
474.0486501254766 4.065939898641997e-18
474.1107597341639 4.28796647168449e-18
474.1728693428511 4.2418593035132415e-18
474.2349789515383 4.195892504023575e-18
474.2970885602256 4.209209730865829e-18
474.3591981689128 4.3546006761784596e-18
474.4213077776 4.258263200091628e-18
474.4834173862873 4.224229858261047e-18
474.5455269949745 4.179623829675988e-18
474.6076366036618 4.364272692605683e-18
474.66974621234897 4.296517239703597e-18
474.7318558210362 4.148007383868296e-18
474.79396542972347 4.264037211415216e-18
474.8560750384107 4.339929745279699e-18
474.9181846470979 4.210980625356632e-18
474.98029425578517 4.1902781738614305e-18
475.0424038644724 4.1628903129856785e-18
475.1045134731596 4.223591571120033e-18
475.16662308184686 4.2780509628044915e-18
475.2287326905341 4.176335011833095e-18
475.29084229922137 4.2639282473939885e-18
475.35295190790856 4.243268966867148e-18
475.4150615165958 4.190693608224202e-18
475.47717112528306 4.250121391387159e-18
475.53928073397026 4.287710524235671e-18
475.6013903426575 4.1338861973240636e-18
475.66349995134476 4.155969191392205e-18
475.725609560032 4.236027240161428e-18
475.7877191687192 4.321872299538552e-18
475.84982877740646 4.306496019541906e-18
475.9119383860937 4.301837787789303e-18
475.97404799478096 4.168614729967763e-18
476.03615760346815 4.270533068249271e-18
476.0982672121554 4.2251893051465926e-18
476.16037682084266 4.177808503793803e-18
476.2224864295299 4.193968525493439e-18
476.2845960382171 4.2413382650642536e-18
476.34670564690435 4.138413199541996e-18
476.4088152555916 4.19671889158285e-18
476.4709248642788 4.143471066893328e-18
476.53303447296605 4.143720858784429e-18
476.5951440816533 4.159567138059541e-18
476.65725369034055 4.122867991204463e-18
476.71936329902775 3.986609609594669e-18
476.781472907715 4.121982495811663e-18
476.84358251640225 4.1491357639982586e-18
476.90569212508944 4.1408657910709624e-18
476.9678017337767 4.1894863303816515e-18
477.02991134246395 4.3044898841356786e-18
477.0920209511512 4.2294716097843845e-18
477.1541305598384 4.141787474795724e-18
477.21624016852564 4.197017358491444e-18
477.2783497772129 4.063328818458209e-18
477.34045938590015 4.15553205660509e-18
477.40256899458734 4.092990565693877e-18
477.4646786032746 4.1582217468622785e-18
477.52678821196184 4.041697328380237e-18
477.5888978206491 4.1355901297495144e-18
477.6510074293363 4.291118937867333e-18
477.71311703802354 4.332079919976616e-18
477.7752266467108 4.2893459477167935e-18
477.837336255398 4.155712099104012e-18
477.89944586408524 4.022883476695065e-18
477.9615554727725 4.160854336617306e-18
478.02366508145974 4.279264081174703e-18
478.08577469014693 4.203872861483353e-18
478.1478842988342 4.1613624288386156e-18
478.20999390752144 4.303619957465397e-18
478.27210351620863 4.341474819042009e-18
478.3342131248959 4.347738691318422e-18
478.39632273358313 4.29444328440171e-18
478.4584323422704 4.267644841336865e-18
478.5205419509576 4.176370917684483e-18
478.58265155964483 4.13821098945114e-18
478.6447611683321 4.173371365758368e-18
478.70687077701933 4.259056512161268e-18
478.7689803857065 4.1894180337993956e-18
478.8310899943938 4.2807577213371356e-18
478.89319960308103 4.263450015930333e-18
478.9553092117683 4.206687630352238e-18
479.0174188204555 4.209084663626986e-18
479.0795284291427 4.2181281949253874e-18
479.14163803783 4.106778796871094e-18
479.2037476465172 4.147181505552626e-18
479.2658572552044 4.134364685676561e-18
479.3279668638917 4.225998695649972e-18
479.3900764725789 4.2593097417770376e-18
479.4521860812661 4.133338738579737e-18
479.51429568995337 4.1663893726447256e-18
479.5764052986406 4.232353952533456e-18
479.6385149073278 4.222963960749896e-18
479.70062451601507 4.122262176151501e-18
479.7627341247023 4.2292922224623355e-18
479.82484373338957 4.1726063276814946e-18
479.88695334207677 4.278058106309751e-18
479.949062950764 4.3619174526197096e-18
480.01117255945127 4.303599325797265e-18
480.0732821681385 4.309685877363644e-18
480.1353917768257 4.3510516726549854e-18
480.19750138551296 4.2264806194687864e-18
480.2596109942002 4.086011155238303e-18
480.32172060288747 4.133433979385351e-18
480.38383021157466 4.3494239259767154e-18
480.4459398202619 4.210915873242779e-18
480.50804942894916 4.251748633764864e-18
480.57015903763636 4.283481642463415e-18
480.6322686463236 4.1908337219239606e-18
480.69437825501086 4.0975155276487405e-18
480.7564878636981 4.1797351126438446e-18
480.8185974723853 4.182764543238779e-18
480.88070708107256 4.2653547495794314e-18
480.9428166897598 4.17775160400408e-18
481.004926298447 4.243290519809047e-18
481.06703590713425 4.203085949092698e-18
481.1291455158215 4.187718322089995e-18
481.19125512450876 4.150916767506085e-18
481.25336473319595 4.1522523473982906e-18
481.3154743418832 4.209890061680428e-18
481.37758395057045 4.20404335452165e-18
481.4396935592577 4.262437080807949e-18
481.5018031679449 4.272958910206197e-18
481.56391277663215 4.16980121280078e-18
481.6260223853194 4.169680694681641e-18
481.68813199400665 4.1864076966895935e-18
481.75024160269385 4.225997754964295e-18
481.8123512113811 4.2004477210459234e-18
481.87446082006835 4.361821552380305e-18
481.93657042875554 4.2143385690500956e-18
481.9986800374428 4.149565605581404e-18
482.06078964613005 4.297616135867991e-18
482.1228992548173 4.328527186995308e-18
482.1850088635045 4.287132459454674e-18
482.24711847219174 4.2430214079806904e-18
482.309228080879 4.15825721436741e-18
482.3713376895662 4.243785352281115e-18
482.43344729825344 4.187397217690463e-18
482.4955569069407 4.242060354234835e-18
482.55766651562794 4.15242116227563e-18
482.61977612431514 4.206683247692462e-18
482.6818857330024 4.131354729418714e-18
482.74399534168964 4.384182417109138e-18
482.8061049503769 4.2868234587783194e-18
482.8682145590641 4.24555932142059e-18
482.93032416775134 4.192515122516679e-18
482.9924337764386 4.2466712661449194e-18
483.05454338512584 4.30475521167928e-18
483.11665299381303 4.30554971888235e-18
483.1787626025003 4.282647254980535e-18
483.24087221118754 4.199215790224427e-18
483.30298181987473 4.276039741720211e-18
483.365091428562 4.242846270882554e-18
483.42720103724923 4.307606578505133e-18
483.4893106459365 4.326103738351755e-18
483.5514202546237 4.306605437151556e-18
483.61352986331093 4.185621411171445e-18
483.6756394719982 4.256571555356036e-18
483.7377490806854 4.343928654425516e-18
483.7998586893726 4.158485567586159e-18
483.8619682980599 4.2794218413404735e-18
483.92407790674713 4.226509674503513e-18
483.9861875154343 4.1767886921774545e-18
484.0482971241216 4.209171113732173e-18
484.1104067328088 4.359151720877923e-18
484.1725163414961 4.217635054171573e-18
484.2346259501833 4.30889045001937e-18
484.2967355588705 4.278448660869138e-18
484.3588451675578 4.2135211564429355e-18
484.420954776245 4.141617350062655e-18
484.4830643849322 4.216190096808724e-18
484.54517399361947 4.1817448826416895e-18
484.6072836023067 4.336446534113143e-18
484.6693932109939 4.24308851806616e-18
484.73150281968117 4.223794337807692e-18
484.7936124283684 4.304119268348057e-18
484.85572203705567 4.172816195101919e-18
484.91783164574287 4.346925992421695e-18
484.9799412544301 4.1317557428706845e-18
485.04205086311737 4.2810741331143866e-18
485.10416047180456 4.384367296136913e-18
485.1662700804918 4.212225553455488e-18
485.22837968917906 4.227669965817817e-18
485.2904892978663 4.24718383887688e-18
485.3525989065535 4.177503692156322e-18
485.41470851524076 4.34081417044304e-18
485.476818123928 4.155864242624717e-18
485.5389277326152 4.210065127329004e-18
485.60103734130246 4.18410052032404e-18
485.6631469499897 4.1849822294575485e-18
485.72525655867696 4.183640293340084e-18
485.7873661673642 4.299856762563847e-18
485.8494757760514 4.3031357155822195e-18
485.91158538473866 4.2296482235020745e-18
485.9736949934259 4.169223698126274e-18
486.0358046021131 4.245785790629633e-18
486.09791421080035 4.230905905966276e-18
486.1600238194876 4.224012683914799e-18
486.22213342817486 4.342472179751435e-18
486.28424303686205 4.247530169120441e-18
486.3463526455493 4.343931798493825e-18
486.40846225423655 4.324348997880811e-18
486.47057186292375 4.183359537497637e-18
486.532681471611 4.204363736795152e-18
486.59479108029825 4.07073171183395e-18
486.6569006889855 4.196852735400456e-18
486.7190102976727 4.225306251211904e-18
486.78111990635995 4.280290577306465e-18
486.8432295150472 4.1169044816538434e-18
486.9053391237344 4.213405725193e-18
486.96744873242164 4.0763108032531734e-18
487.0295583411089 4.2105361927950016e-18
487.09166794979615 4.454476125725932e-18
487.1537775584834 4.2074861751827534e-18
487.2158871671706 4.327721868599646e-18
487.27799677585784 4.3323523520111196e-18
487.3401063845451 4.2742904555784925e-18
487.4022159932323 4.337196087304924e-18
487.46432560191954 4.4089953073290155e-18
487.5264352106068 4.366615484872425e-18
487.58854481929404 4.282316220258696e-18
487.65065442798124 4.3912654884062436e-18
487.7127640366685 4.416551368727842e-18
487.77487364535574 4.178534378680594e-18
487.83698325404293 4.198218858784035e-18
487.8990928627302 4.1674382382402664e-18
487.96120247141744 4.210654350879503e-18
488.0233120801047 4.189084266603869e-18
488.0854216887919 4.305877197128205e-18
488.14753129747913 4.200283230773582e-18
488.2096409061664 4.266762950428179e-18
488.27175051485364 4.2110683826108e-18
488.33386012354083 4.1757287417796575e-18
488.3959697322281 4.102797384246389e-18
488.45807934091533 4.1840194386675915e-18
488.5201889496025 4.188104571447516e-18
488.5822985582898 4.1734840825238104e-18
488.64440816697703 4.235893041696781e-18
488.7065177756643 4.221171847603008e-18
488.7686273843515 4.1941212712467736e-18
488.8307369930387 4.232024778245405e-18
488.892846601726 4.164362178411884e-18
488.95495621041323 4.2135109359852194e-18
489.0170658191004 4.318948246879712e-18
489.0791754277877 4.174945172170009e-18
489.1412850364749 4.1960734589332766e-18
489.2033946451621 4.228554514889213e-18
489.2655042538494 4.1993028106486204e-18
489.3276138625366 4.1383244837576646e-18
489.3897234712239 4.183299595618724e-18
489.45183307991107 4.1521206213622894e-18
489.5139426885983 4.212868292706979e-18
489.57605229728557 4.363934771250198e-18
489.6381619059728 4.216553345495901e-18
489.70027151466 4.178200524890581e-18
489.76238112334727 4.308627141633154e-18
489.8244907320345 4.277652260277533e-18
489.8866003407217 4.334137007555979e-18
489.94870994940896 4.2744734202953065e-18
490.0108195580962 4.292417297899491e-18
490.07292916678347 4.328096765313707e-18
490.13503877547066 4.30934145939012e-18
490.1971483841579 4.300676111812356e-18
490.25925799284516 4.266381509111759e-18
490.3213676015324 4.283537764133942e-18
490.3834772102196 4.2264749352594625e-18
490.44558681890686 4.413372524418168e-18
490.5076964275941 4.224339789575575e-18
490.5698060362813 4.270052019912464e-18
490.63191564496856 4.267513389571447e-18
490.6940252536558 4.151618646807037e-18
490.75613486234306 4.21288769158198e-18
490.81824447103025 4.2422563081503535e-18
490.8803540797175 4.041495306624158e-18
490.94246368840476 4.236498321024494e-18
491.004573297092 4.235488522765694e-18
491.0666829057792 4.229576684816652e-18
491.12879251446645 4.219204626862038e-18
491.1909021231537 4.314308254425337e-18
491.2530117318409 4.341971993296513e-18
491.31512134052815 4.20379487856116e-18
491.3772309492154 4.137037277018244e-18
491.43934055790265 4.228775395189152e-18
491.50145016658985 4.3289520271373584e-18
491.5635597752771 4.226125017299541e-18
491.62566938396435 4.1498303655947855e-18
491.6877789926516 4.1971028422731506e-18
491.7498886013388 4.162816819134057e-18
491.81199821002605 4.240392141568464e-18
491.8741078187133 4.223178912715378e-18
491.9362174274005 4.2441575398249595e-18
491.99832703608774 4.270926473294388e-18
492.060436644775 4.226067973907261e-18
492.12254625346225 4.188123192730887e-18
492.18465586214944 4.134759999402249e-18
492.2467654708367 4.166889361342699e-18
492.30887507952394 4.186105112989744e-18
492.3709846882112 4.2033295017276355e-18
492.4330942968984 4.203139363279656e-18
492.49520390558564 4.2217439164903685e-18
492.5573135142729 4.199312499796434e-18
492.6194231229601 4.200454823065675e-18
492.68153273164734 4.2935861303881635e-18
492.7436423403346 4.190121124798061e-18
492.80575194902184 4.193936238341666e-18
492.86786155770903 4.198296549020141e-18
492.9299711663963 4.201976793763076e-18
492.99208077508354 4.159481522379724e-18
493.0541903837708 4.192481508662715e-18
493.116299992458 4.290646146767956e-18
493.17840960114523 4.380552442849794e-18
493.2405192098325 4.152978980463394e-18
493.3026288185197 4.189133404259603e-18
493.36473842720693 4.229344470765947e-18
493.4268480358942 4.230456456679109e-18
493.48895764458143 4.2905050979418225e-18
493.5510672532686 4.273671923430489e-18
493.6131768619559 4.352986206596057e-18
493.67528647064313 4.292104686904692e-18
493.7373960793303 4.156809140211661e-18
493.7995056880176 4.259285307378172e-18
493.8616152967048 4.3013647695857476e-18
493.9237249053921 4.240121160919243e-18
493.9858345140793 4.267721740001663e-18
494.0479441227665 4.324870801595558e-18
494.1100537314538 4.3659637093172645e-18
494.172163340141 4.3035115469732966e-18
494.2342729488282 4.239378416574184e-18
494.29638255751547 4.274725569553331e-18
494.3584921662027 4.136771898077085e-18
494.42060177489 4.205047208710353e-18
494.48271138357717 4.29564665661193e-18
494.5448209922644 4.200373559315654e-18
494.60693060095167 4.083986524587975e-18
494.66904020963887 4.188675742498598e-18
494.7311498183261 4.19576744170229e-18
494.79325942701337 4.291962887129985e-18
494.8553690357006 4.316010443353734e-18
494.9174786443878 4.354074073777632e-18
494.97958825307506 4.2436320752181786e-18
495.0416978617623 4.183417078978433e-18
495.1038074704495 4.2418330944507115e-18
495.16591707913676 4.152515638403945e-18
495.228026687824 4.25732595569957e-18
495.29013629651126 4.139534086496339e-18
495.35224590519846 4.206572606127676e-18
495.4143555138857 4.379625411377386e-18
495.47646512257296 4.178761285519335e-18
495.5385747312602 4.2566626296774396e-18
495.6006843399474 4.235787393134929e-18
495.66279394863466 4.1544531224210354e-18
495.7249035573219 4.24727273522005e-18
495.78701316600916 4.204042175810749e-18
495.84912277469635 4.230558883770347e-18
495.9112323833836 4.217780316773989e-18
495.97334199207086 4.194150382004857e-18
496.03545160075805 4.2829514509944045e-18
496.0975612094453 4.184378249071411e-18
496.15967081813255 4.1938018695118604e-18
496.2217804268198 4.340734444405811e-18
496.283890035507 4.256752997665895e-18
496.34599964419425 4.212821381655327e-18
496.4081092528815 4.248092433472644e-18
496.4702188615687 4.192608741109047e-18
496.53232847025595 4.201446536783643e-18
496.5944380789432 4.3034394326517326e-18
496.65654768763045 4.298588790887692e-18
496.71865729631764 4.351882247730242e-18
496.7807669050049 4.347961195011684e-18
496.84287651369215 4.306936802118711e-18
496.9049861223794 4.3316914774118625e-18
496.9670957310666 4.3662835859850806e-18
497.02920533975384 4.3191339122810154e-18
497.0913149484411 4.263154616900709e-18
497.15342455712835 4.268566459648988e-18
497.21553416581554 4.331060186478597e-18
497.2776437745028 4.3107577346650205e-18
497.33975338319004 4.264765245651495e-18
497.40186299187724 4.186661264031188e-18
497.4639726005645 4.271365595839262e-18
497.52608220925174 4.244391884218514e-18
497.588191817939 4.269531870379566e-18
497.6503014266262 4.3246813877288464e-18
497.71241103531344 4.357522913277833e-18
497.7745206440007 4.389778386224079e-18
497.8366302526879 4.342082359330262e-18
497.89873986137513 4.290063709657623e-18
497.9608494700624 4.2690502597993526e-18
498.02295907874964 4.295963521869559e-18
498.08506868743683 4.445106149082033e-18
498.1471782961241 4.394643816934881e-18
498.20928790481133 4.3049364502538104e-18
498.2713975134986 4.37500850352754e-18
498.3335071221858 4.406996667399427e-18
498.39561673087303 4.412561110143895e-18
498.4577263395603 4.3887804058693015e-18
498.51983594824753 4.37294276883912e-18
498.5819455569347 4.2635862712134384e-18
498.644055165622 4.413423350984317e-18
498.70616477430923 4.3600094322464554e-18
498.7682743829964 4.2947216098058576e-18
498.8303839916837 4.240639142772322e-18
498.8924936003709 4.332149922387805e-18
498.9546032090582 4.287405254157966e-18
499.0167128177454 4.273765899841948e-18
499.0788224264326 4.3658814234978385e-18
499.1409320351199 4.284414342767124e-18
499.20304164380707 4.263497831275745e-18
499.2651512524943 4.289581225333454e-18
499.32726086118157 4.386832411216349e-18
499.3893704698688 4.271297841861655e-18
499.451480078556 4.338214243704721e-18
499.51358968724327 4.248073219942615e-18
499.5756992959305 4.332567868803527e-18
499.63780890461777 4.292344531496329e-18
499.69991851330497 4.251275849858682e-18
499.7620281219922 4.255308826795739e-18
499.82413773067947 4.39410955918902e-18
499.8862473393667 4.312735330965461e-18
499.9483569480539 4.367677601820443e-18
500.01046655674116 4.189989225858348e-18
500.0725761654284 4.187448000802386e-18
500.1346857741156 4.253515463522904e-18
500.19679538280286 4.217268485095903e-18
500.2589049914901 4.2402472473000616e-18
500.32101460017736 4.320065234658529e-18
500.38312420886456 4.2473123764526886e-18
500.4452338175518 4.339108708086957e-18
500.50734342623906 4.3435878823190855e-18
500.56945303492625 4.442146640693297e-18
500.6315626436135 4.34025724352145e-18
500.69367225230076 4.265834469291256e-18
500.755781860988 4.2147827360015134e-18
500.8178914696752 4.227526701055324e-18
500.88000107836245 4.29683785970673e-18
500.9421106870497 4.3256258711812135e-18
501.00422029573696 4.2337633680296695e-18
501.06632990442415 4.336275610566291e-18
501.1284395131114 4.222872226861565e-18
501.19054912179865 4.1826645871749676e-18
501.2526587304859 4.355188891241869e-18
501.3147683391731 4.314959821606361e-18
501.37687794786035 4.2231187594010025e-18
501.4389875565476 4.2349630707001654e-18
501.5010971652348 4.326700107378589e-18
501.56320677392205 4.359785861940824e-18
501.6253163826093 4.3111798811855695e-18
501.68742599129655 4.3602878146940006e-18
501.74953559998374 4.336298959790623e-18
501.811645208671 4.3465182455869556e-18
501.87375481735825 4.375964115563253e-18
501.93586442604544 4.229660112081602e-18
501.9979740347327 4.249614151296808e-18
502.06008364341994 4.255646448865165e-18
502.1221932521072 4.326753753378319e-18
502.1843028607944 4.192503410096496e-18
502.24641246948164 4.16168821969614e-18
502.3085220781689 4.214600617615578e-18
502.37063168685614 4.292219937902114e-18
502.43274129554334 4.640997613842534e-18
502.4948509042306 5.7337323499653104e-18
502.55696051291784 7.496649940080795e-18
502.6190701216051 8.866784862587081e-18
502.6811797302923 1.0106326382505322e-17
502.74328933897954 1.1118464121655023e-17
502.8053989476668 1.1779721774407625e-17
502.867508556354 1.189142232310972e-17
502.92961816504123 1.1287666813666892e-17
502.9917277737285 1.0464538429641424e-17
503.05383738241574 9.166243089955164e-18
503.11594699110293 7.822884523477774e-18
503.1780565997902 6.46482126519189e-18
503.24016620847743 5.15166071639121e-18
503.3022758171646 4.383407155996869e-18
503.3643854258519 4.1898460404231446e-18
503.42649503453913 4.122387034974045e-18
503.4886046432264 4.233582941462545e-18
503.5507142519136 4.406785150383604e-18
503.6128238606008 4.193784698380989e-18
503.6749334692881 4.206864010377044e-18
503.73704307797533 4.3129457776055395e-18
503.7991526866625 4.196066246750213e-18
503.8612622953498 4.29782665697125e-18
503.923371904037 4.139913358074588e-18
503.9854815127243 4.218393987398265e-18
504.0475911214115 4.191520932671259e-18
504.1097007300987 4.1199792172216955e-18
504.171810338786 4.263650989569807e-18
504.23391994747317 4.292818671372599e-18
504.2960295561604 4.2728918783184086e-18
504.35813916484767 4.246664781166417e-18
504.4202487735349 4.251298414828727e-18
504.4823583822221 4.1225918455785064e-18
504.54446799090937 4.167213145300441e-18
504.6065775995966 4.283565234368982e-18
504.6686872082838 4.250308394917176e-18
504.73079681697106 4.230968789370757e-18
504.7929064256583 4.119206137606272e-18
504.85501603434557 4.190053181798623e-18
504.91712564303276 4.223508520016157e-18
504.97923525172 4.108871940100294e-18
505.04134486040726 4.1304685604031185e-18
505.1034544690945 4.1687852409132464e-18
505.1655640777817 4.230837299047353e-18
505.22767368646896 4.080269586937299e-18
505.2897832951562 4.124760899341223e-18
505.35189290384346 4.131352259833543e-18
505.41400251253066 4.167529821343574e-18
505.4761121212179 4.154650128390241e-18
505.53822172990516 4.145568482964326e-18
505.60033133859235 4.110645066774936e-18
505.6624409472796 4.185049707396322e-18
505.72455055596686 4.11611266474354e-18
505.7866601646541 4.2125200283427215e-18
505.8487697733413 4.157297435421725e-18
505.91087938202855 4.0891348128296315e-18
505.9729889907158 4.187612618806377e-18
506.035098599403 4.1774754257959845e-18
506.09720820809025 4.052260800425488e-18
506.1593178167775 4.173079624438166e-18
506.22142742546475 4.196568820085821e-18
506.28353703415195 3.95313187848303e-18
506.3456466428392 4.1211215073849875e-18
506.40775625152645 4.143478278216083e-18
506.4698658602137 4.145892482383394e-18
506.5319754689009 4.2204705899492536e-18
506.59408507758815 4.0896308839982955e-18
506.6561946862754 4.223965936133851e-18
506.7183042949626 4.253169434927892e-18
506.78041390364984 4.074172126271439e-18
506.8425235123371 4.168024044987875e-18
506.90463312102435 4.244482426746485e-18
506.96674272971154 4.179144850420844e-18
507.0288523383988 4.1245299296443854e-18
507.09096194708604 4.107445243359406e-18
507.1530715557733 4.0857711837394064e-18
507.2151811644605 4.090166215874156e-18
507.27729077314774 4.148905392810002e-18
507.339400381835 4.112145642027768e-18
507.4015099905222 4.057891277163498e-18
507.46361959920944 4.2239498535488124e-18
507.5257292078967 4.094586729190821e-18
507.58783881658394 4.074184722920432e-18
507.64994842527113 4.026740459233624e-18
507.7120580339584 4.08861262617384e-18
507.77416764264564 4.1304768571431735e-18
507.8362772513329 4.06416488388697e-18
507.8983868600201 4.1497621275770856e-18
507.96049646870733 4.133980247467346e-18
508.0226060773946 4.123337555297526e-18
508.0847156860818 4.245248615834395e-18
508.14682529476903 4.069330126153037e-18
508.2089349034563 4.134360000806118e-18
508.27104451214353 4.132700892678287e-18
508.3331541208307 4.219789170062767e-18
508.395263729518 4.281205902388806e-18
508.45737333820523 4.112303729715669e-18
508.5194829468925 4.1202093769811214e-18
508.5815925555797 4.1336955738394504e-18
508.6437021642669 4.149805087324815e-18
508.7058117729542 3.953095645301522e-18
508.7679213816414 4.161082668437813e-18
508.8300309903286 4.039363583398362e-18
508.8921405990159 4.129071842131168e-18
508.9542502077031 4.233519233453752e-18
509.0163598163903 4.197624521850333e-18
509.07846942507757 4.207624105415939e-18
509.1405790337648 4.162736349575568e-18
509.2026886424521 4.163849777982612e-18
509.26479825113927 4.160358334758425e-18
509.3269078598265 4.312228919781842e-18
509.38901746851377 4.252120632533459e-18
509.45112707720097 4.275357293989171e-18
509.5132366858882 4.0508849115980816e-18
509.57534629457547 4.144956348105857e-18
509.6374559032627 4.272785714705469e-18
509.6995655119499 4.303441047011251e-18
509.76167512063716 4.2065983484896285e-18
509.8237847293244 4.203310588118076e-18
509.88589433801167 4.122091477110477e-18
509.94800394669886 4.165584810470728e-18
510.0101135553861 4.2549888747371074e-18
510.07222316407336 3.987795045789899e-18
510.13433277276056 4.11811313596297e-18
510.1964423814478 4.218227559708816e-18
510.25855199013506 4.205420827808935e-18
510.3206615988223 4.206483908077981e-18
510.3827712075095 4.088295212272674e-18
510.44488081619676 4.10543485653478e-18
510.506990424884 4.0994675215221694e-18
510.56910003357126 4.150659954409944e-18
510.63120964225845 4.2165226785237616e-18
510.6933192509457 4.136282801828687e-18
510.75542885963296 3.947394292538464e-18
510.81753846832015 4.133144850407756e-18
510.8796480770074 4.214968808536001e-18
510.94175768569465 4.2222321839380235e-18
511.0038672943819 4.097806981312813e-18
511.0659769030691 4.220606262204698e-18
511.12808651175635 4.020443895517167e-18
511.1901961204436 4.202344333446217e-18
511.25230572913085 4.057525720111877e-18
511.31441533781805 4.081527260633519e-18
511.3765249465053 4.016678713118317e-18
511.43863455519255 4.162465001246437e-18
511.50074416387974 4.218292830775629e-18
511.562853772567 4.127045193146933e-18
511.62496338125425 4.187531471133651e-18
511.6870729899415 4.102074130781046e-18
511.7491825986287 4.141550942922766e-18
511.81129220731594 4.180747687660656e-18
511.8734018160032 4.250583615172733e-18
511.93551142469045 4.061347824582391e-18
511.99762103337764 4.1196932924053015e-18
512.0597306420649 4.2416625839169825e-18
512.1218402507521 4.2414066255120004e-18
512.1839498594394 4.1067919217515545e-18
512.2460594681266 4.030914122443145e-18
512.3081690768138 4.1561787093506796e-18
512.370278685501 4.196337224989038e-18
512.4323882941883 4.160601604517264e-18
512.4944979028755 4.388406240499495e-18
512.5566075115628 6.0201550365559855e-18
512.61871712025 9.742825482415715e-18
512.6808267289373 1.409991333284359e-17
512.7429363376245 1.7308486740395193e-17
512.8050459463117 2.0244760374716846e-17
512.8671555549989 2.2205825752708653e-17
512.9292651636862 2.335545150128464e-17
512.9913747723734 2.2115421641321316e-17
513.0534843810607 2.038382139341111e-17
513.1155939897479 1.7455387538213377e-17
513.1777035984352 1.4435378968589893e-17
513.2398132071223 1.1349563895596438e-17
513.3019228158096 7.607543947604554e-18
513.3640324244968 4.9689039290821436e-18
513.4261420331841 4.131825595993161e-18
513.4882516418713 4.214980211118207e-18
513.5503612505586 4.10342172831655e-18
513.6124708592458 4.119534725699813e-18
513.674580467933 4.189289099750898e-18
513.7366900766202 4.195679238599558e-18
513.7987996853075 4.10545282735546e-18
513.8609092939947 4.130089817579492e-18
513.923018902682 3.997733463055247e-18
513.9851285113692 3.949491362240303e-18
514.0472381200565 4.080855631303407e-18
514.1093477287436 4.0256529580991915e-18
514.1714573374309 4.000805247174765e-18
514.2335669461181 4.082042689528617e-18
514.2956765548054 4.109565627774206e-18
514.3577861634926 4.0764137958862385e-18
514.4198957721799 3.969377353850668e-18
514.4820053808671 4.03842812926079e-18
514.5441149895544 4.081439543056976e-18
514.6062245982415 4.002280246297993e-18
514.6683342069288 4.0769650307811785e-18
514.730443815616 4.016187985028973e-18
514.7925534243033 4.018578930454213e-18
514.8546630329905 3.97225558770808e-18
514.9167726416778 3.884117364266172e-18
514.978882250365 4.005676398160889e-18
515.0409918590522 4.0492254130103865e-18
515.1031014677394 4.102917847166874e-18
515.1652110764267 4.113330220399294e-18
515.2273206851139 4.062724288792655e-18
515.2894302938012 4.052398405076419e-18
515.3515399024884 4.17113254051976e-18
515.4136495111757 4.048278379726543e-18
515.4757591198629 4.0737991307558116e-18
515.53786872855 4.137447226840994e-18
515.5999783372373 4.15401665897735e-18
515.6620879459246 4.127766275487598e-18
515.7241975546118 4.124598677642824e-18
515.786307163299 4.216064829931986e-18
515.8484167719863 4.157331079647012e-18
515.9105263806736 4.0408824065544406e-18
515.9726359893607 4.072085766257451e-18
516.034745598048 3.992736456028057e-18
516.0968552067352 4.062925275108994e-18
516.1589648154225 4.0803624869695764e-18
516.2210744241097 4.053962905026947e-18
516.283184032797 4.1053818474664085e-18
516.3452936414842 4.008863293192931e-18
516.4074032501713 3.9549807044803175e-18
516.4695128588586 4.021509196813659e-18
516.5316224675458 4.177147092817036e-18
516.5937320762331 3.987903240649711e-18
516.6558416849203 4.092397463190357e-18
516.7179512936076 4.1090436172407024e-18
516.7800609022948 4.069067193972833e-18
516.842170510982 4.129001176222175e-18
516.9042801196692 3.978781267990985e-18
516.9663897283565 4.098255192409931e-18
517.0284993370437 4.1413934443615335e-18
517.090608945731 4.068308443819631e-18
517.1527185544182 4.160221528379457e-18
517.2148281631055 4.1736926264334584e-18
517.2769377717927 4.233817385962928e-18
517.3390473804799 4.312175226355421e-18
517.4011569891671 4.3479533108980986e-18
517.4632665978544 5.426039035408083e-18
517.5253762065416 1.1192875679338508e-17
517.5874858152289 2.3276133709975295e-17
517.6495954239161 3.566963880986134e-17
517.7117050326034 4.5415942880954894e-17
517.7738146412905 5.3922413578772625e-17
517.8359242499778 5.886131340226482e-17
517.898033858665 6.049547792980841e-17
517.9601434673523 5.738897324255806e-17
518.0222530760395 5.1021292840353566e-17
518.0843626847268 4.208526605580172e-17
518.146472293414 3.4141508982717164e-17
518.2085819021012 2.3960311987599828e-17
518.2706915107884 1.2929789783634714e-17
518.3328011194757 6.17048339243214e-18
518.3949107281629 4.354529511750009e-18
518.4570203368502 4.054504838779095e-18
518.5191299455374 4.243587742231948e-18
518.5812395542247 4.280399741206066e-18
518.6433491629119 4.160978407848882e-18
518.7054587715991 4.16560647657381e-18
518.7675683802863 4.262334202743038e-18
518.8296779889736 4.277525994150028e-18
518.8917875976608 4.308646759378766e-18
518.9538972063481 4.168570306127131e-18
519.0160068150353 4.139360613141974e-18
519.0781164237226 4.109257266867107e-18
519.1402260324097 3.958346109634024e-18
519.202335641097 3.954640858652218e-18
519.2644452497842 4.109394858429536e-18
519.3265548584715 3.97667497799627e-18
519.3886644671587 3.882055906537958e-18
519.450774075846 3.965464059382787e-18
519.5128836845332 3.964637516552257e-18
519.5749932932204 4.029093597741626e-18
519.6371029019076 3.981184647505609e-18
519.6992125105949 4.0001140502530236e-18
519.7613221192821 3.9203920267839405e-18
519.8234317279694 3.915310546231894e-18
519.8855413366566 3.973579021526076e-18
519.9476509453439 4.003063874693499e-18
520.0097605540311 4.085698775470098e-18
520.0718701627183 4.161163522990891e-18
520.1339797714055 4.164087321564946e-18
520.1960893800928 3.9267978355499e-18
520.25819898878 3.875364279852909e-18
520.3203085974673 3.9963615824217644e-18
520.3824182061545 3.881107292981226e-18
520.4445278148418 4.068249730065461e-18
520.5066374235289 4.098775394797523e-18
520.5687470322162 3.944447281741755e-18
520.6308566409034 3.923362413205779e-18
520.6929662495907 3.893809762506843e-18
520.7550758582779 3.907844564870923e-18
520.8171854669652 3.898879843551806e-18
520.8792950756524 3.955233986193083e-18
520.9414046843395 3.907839285412073e-18
521.0035142930268 3.839707461307483e-18
521.065623901714 3.851603551574779e-18
521.1277335104013 3.910860413543835e-18
521.1898431190886 3.825650212239201e-18
521.2519527277758 3.8580481864777434e-18
521.314062336463 3.788501109886702e-18
521.3761719451503 3.791861192844732e-18
521.4382815538374 3.86050217478294e-18
521.5003911625247 3.820632371186172e-18
521.562500771212 3.863104069961738e-18
521.6246103798992 3.886352904292847e-18
521.6867199885864 3.858294058099357e-18
521.7488295972737 3.900084846319603e-18
521.810939205961 3.8652989205756254e-18
521.8730488146481 4.009946968234381e-18
521.9351584233353 3.886048145286411e-18
521.9972680320226 3.89549642483673e-18
522.0593776407098 3.822962114860029e-18
522.1214872493971 3.8273229088345584e-18
522.1835968580843 3.898372441977769e-18
522.2457064667716 3.815400303955333e-18
522.3078160754587 3.895153360824333e-18
522.369925684146 3.803370781297627e-18
522.4320352928332 3.883974604034385e-18
522.4941449015205 4.012695022356675e-18
522.5562545102077 3.812655905487142e-18
522.618364118895 3.767985371303359e-18
522.6804737275822 3.674046764410414e-18
522.7425833362695 3.865223971725235e-18
522.8046929449566 3.860792078189242e-18
522.8668025536439 3.842341373193564e-18
522.9289121623311 3.8313544907478566e-18
522.9910217710184 3.840844443462219e-18
523.0531313797056 3.785360641985959e-18
523.1152409883929 3.784253584941104e-18
523.1773505970801 3.72625310883112e-18
523.2394602057673 3.736461134527061e-18
523.3015698144545 3.83025242380498e-18
523.3636794231418 3.899726060809409e-18
523.425789031829 3.776676954524802e-18
523.4878986405163 3.736640712848661e-18
523.5500082492035 3.778497484089465e-18
523.6121178578908 3.757704773556213e-18
523.6742274665779 3.659572182878765e-18
523.7363370752652 3.734819083189208e-18
523.7984466839524 3.770447852864581e-18
523.8605562926397 3.805729992013765e-18
523.9226659013269 3.729762281241689e-18
523.9847755100142 3.768834317134976e-18
524.0468851187014 3.825298837805084e-18
524.1089947273887 3.835507533760097e-18
524.1711043360758 3.7273883355684995e-18
524.2332139447631 3.77720812687429e-18
524.2953235534503 3.776644849105525e-18
524.3574331621376 3.751273044909427e-18
524.4195427708248 3.7652295243604585e-18
524.4816523795121 3.78989994165692e-18
524.5437619881993 3.706381714593255e-18
524.6058715968865 3.710013570771656e-18
524.6679812055737 3.735166597879004e-18
524.730090814261 3.7281180417866816e-18
524.7922004229482 3.690560242612255e-18
524.8543100316355 3.688459303151859e-18
524.9164196403227 3.691678977701019e-18
524.97852924901 3.737654353054911e-18
525.0406388576971 3.742744802322912e-18
525.1027484663844 3.644880543672558e-18
525.1648580750716 3.728323418514788e-18
525.2269676837589 3.719681619093618e-18
525.2890772924461 3.704584341384029e-18
525.3511869011334 3.659973983927223e-18
525.4132965098206 3.766793760249303e-18
525.4754061185079 3.788400733459133e-18
525.537515727195 3.65396579213778e-18
525.5996253358823 3.716362504760143e-18
525.6617349445695 3.764253898085425e-18
525.7238445532568 3.718658440859307e-18
525.785954161944 3.7897448465333166e-18
525.8480637706313 3.8460759845827275e-18
525.9101733793185 3.773930489407049e-18
525.9722829880056 3.61740563574099e-18
526.0343925966929 3.691513709188567e-18
526.0965022053801 3.818897687359344e-18
526.1586118140674 3.755413946242235e-18
526.2207214227547 3.673658515811365e-18
526.2828310314419 3.738525306784488e-18
526.3449406401292 3.7043040284466185e-18
526.4070502488163 3.779669273482125e-18
526.4691598575035 3.818647927669176e-18
526.5312694661908 3.741935803255334e-18
526.593379074878 3.687305188712921e-18
526.6554886835653 3.702318177389757e-18
526.7175982922525 3.667268990539633e-18
526.7797079009398 3.7372002929728364e-18
526.841817509627 3.687435702501007e-18
526.9039271183142 3.717728121629441e-18
526.9660367270014 3.6091177800629534e-18
527.0281463356887 3.668348787285744e-18
527.0902559443759 3.745389183424887e-18
527.1523655530632 3.599985654513976e-18
527.2144751617504 3.66308564384814e-18
527.2765847704377 3.695895242924507e-18
527.3386943791248 3.7556002942283546e-18
527.4008039878121 3.688948498824715e-18
527.4629135964993 3.6496266392782766e-18
527.5250232051866 3.557365843225752e-18
527.5871328138738 3.697822284888411e-18
527.6492424225611 3.731875568097325e-18
527.7113520312483 3.6582367978087654e-18
527.7734616399355 3.57660844458932e-18
527.8355712486227 3.60023742926247e-18
527.89768085731 3.610882295188454e-18
527.9597904659972 3.6040764667821326e-18
528.0219000746845 3.563787255013929e-18
528.0840096833717 3.6594225245712e-18
528.146119292059 3.6472554367106726e-18
528.2082289007462 3.613363703322781e-18
528.2703385094334 3.644737841789e-18
528.3324481181206 3.6549635811660675e-18
528.3945577268079 3.60526236764209e-18
528.4566673354951 3.645678313113627e-18
528.5187769441824 3.6861128577601525e-18
528.5808865528696 3.6148631388770745e-18
528.6429961615569 3.692682477781657e-18
528.705105770244 3.715324271930962e-18
528.7672153789313 3.7089952606760395e-18
528.8293249876185 3.654425821417657e-18
528.8914345963058 3.7587125711822705e-18
528.953544204993 3.7958076659968175e-18
529.0156538136803 3.62574950793499e-18
529.0777634223675 3.588184945977619e-18
529.1398730310547 3.698183579773548e-18
529.2019826397419 3.657460795485816e-18
529.2640922484292 3.647250911530461e-18
529.3262018571164 3.650987560999304e-18
529.3883114658037 3.602315042397151e-18
529.4504210744909 3.556211399137648e-18
529.5125306831782 3.59317424345189e-18
529.5746402918654 3.609087408995668e-18
529.6367499005526 3.563348861437661e-18
529.6988595092398 3.564364447861343e-18
529.7609691179271 3.576481193213612e-18
529.8230787266143 3.4596210277971416e-18
529.8851883353016 3.456354294568471e-18
529.9472979439888 3.49717564877823e-18
530.0094075526761 3.385055317968644e-18
530.0715171613632 3.419591932088238e-18
530.1336267700505 3.4556817452601e-18
530.1957363787377 3.427762067397345e-18
530.257845987425 3.3773289460511684e-18
530.3199555961122 3.339242501842574e-18
530.3820652047995 3.417803734940603e-18
530.4441748134867 3.512354913748395e-18
530.5062844221738 3.578866561856309e-18
530.5683940308611 3.623602553194941e-18
530.6305036395484 3.4994349555304685e-18
530.6926132482356 3.497139470071047e-18
530.7547228569229 3.582192536905611e-18
530.8168324656101 3.52865204158961e-18
530.8789420742974 3.538530560528883e-18
530.9410516829846 3.4516602803765163e-18
531.0031612916717 3.622990436536219e-18
531.065270900359 3.59790712373016e-18
531.1273805090462 3.5470259725395725e-18
531.1894901177335 3.500431902504678e-18
531.2515997264207 3.481318674861417e-18
531.313709335108 3.4677539668214246e-18
531.3758189437953 3.528605582807146e-18
531.4379285524824 3.6366784633240475e-18
531.5000381611696 3.55025874003745e-18
531.5621477698569 3.5081062349360495e-18
531.6242573785441 3.5621937116444386e-18
531.6863669872314 3.485035877567551e-18
531.7484765959186 3.5671522302803336e-18
531.8105862046059 3.474264687869993e-18
531.872695813293 3.585721521349934e-18
531.9348054219803 3.583431919957778e-18
531.9969150306675 3.5572620226172966e-18
532.0590246393548 3.592512797890095e-18
532.121134248042 3.507808987629825e-18
532.1832438567293 3.5724106576440195e-18
532.2453534654165 3.506458765516875e-18
532.3074630741038 3.535238300771358e-18
532.3695726827909 3.6175586122530565e-18
532.4316822914782 3.63160957167994e-18
532.4937919001654 3.5322113465598765e-18
532.5559015088527 3.563110468450335e-18
532.6180111175399 3.665473745021244e-18
532.6801207262272 3.663127279537752e-18
532.7422303349144 3.6205742390414976e-18
532.8043399436016 3.5690714238330666e-18
532.8664495522888 3.577445265417205e-18
532.9285591609761 3.637928273524265e-18
532.9906687696633 3.661723804691357e-18
533.0527783783506 3.612408333710933e-18
533.1148879870378 3.643818231472669e-18
533.1769975957251 3.659463798539446e-18
533.2391072044122 3.4756097692755054e-18
533.3012168130995 3.4419803742848502e-18
533.3633264217867 3.518815531104038e-18
533.425436030474 3.536535321584409e-18
533.4875456391612 3.491084009332817e-18
533.5496552478485 3.507930546891806e-18
533.6117648565357 3.560951299999465e-18
533.673874465223 3.645780120247475e-18
533.7359840739101 3.4567748502198715e-18
533.7980936825974 3.489819195326572e-18
533.8602032912846 3.5189083530691116e-18
533.9223128999719 3.5409107333876955e-18
533.9844225086591 3.527303284713039e-18
534.0465321173464 3.5670537456678925e-18
534.1086417260336 3.484841697567357e-18
534.1707513347208 3.5279869792151925e-18
534.232860943408 3.483015672370238e-18
534.2949705520953 3.563776163090496e-18
534.3570801607825 3.529813389970826e-18
534.4191897694698 3.5925710629780894e-18
534.481299378157 3.546572602506617e-18
534.5434089868443 3.688300486681685e-18
534.6055185955314 3.4383194880208422e-18
534.6676282042187 3.5207059375402186e-18
534.7297378129059 3.489702442889089e-18
534.7918474215932 3.4630099172285455e-18
534.8539570302804 3.590569978300005e-18
534.9160666389677 3.556075949355175e-18
534.9781762476549 3.588153032906672e-18
535.0402858563422 3.561799086927751e-18
535.1023954650293 3.4877695447497976e-18
535.1645050737166 3.536926579266601e-18
535.2266146824038 3.513304423622455e-18
535.2887242910911 3.5776641894787084e-18
535.3508338997783 3.6403764351924414e-18
535.4129435084656 3.60306657636845e-18
535.4750531171528 3.548180663561666e-18
535.53716272584 3.559446335738373e-18
535.5992723345272 3.62089383202752e-18
535.6613819432145 3.510443390508106e-18
535.7234915519017 3.504790339177065e-18
535.785601160589 3.663633097194623e-18
535.8477107692762 3.524095553141751e-18
535.9098203779635 3.563900756074055e-18
535.9719299866506 3.59562674434899e-18
536.0340395953378 3.483380327852896e-18
536.0961492040251 3.546851378380778e-18
536.1582588127123 3.4533141042081312e-18
536.2203684213996 3.4234125344860747e-18
536.2824780300868 3.5476394383924966e-18
536.3445876387741 3.576088014699491e-18
536.4066972474614 3.4622298999227046e-18
536.4688068561485 3.501262545887118e-18
536.5309164648357 3.4577113022359637e-18
536.593026073523 3.5846260609037356e-18
536.6551356822102 3.555938064645561e-18
536.7172452908975 3.490726530334992e-18
536.7793548995847 3.5734231486475665e-18
536.841464508272 3.55220690484149e-18
536.9035741169591 3.551524723967291e-18
536.9656837256464 3.4299838114627632e-18
537.0277933343336 3.51791241531624e-18
537.0899029430209 3.6518302838021e-18
537.1520125517081 3.5666840739877394e-18
537.2141221603954 3.492175620293258e-18
537.2762317690826 3.601668032693422e-18
537.3383413777698 3.521673118684872e-18
537.400450986457 3.5239404356933976e-18
537.4625605951443 3.502608917350836e-18
537.5246702038315 3.49205815445728e-18
537.5867798125188 3.5261188544091926e-18
537.648889421206 3.555254068440386e-18
537.7109990298933 3.515664797933962e-18
537.7731086385804 3.585862583943804e-18
537.8352182472677 3.452988136665684e-18
537.8973278559549 3.519559061690218e-18
537.9594374646422 3.4822214532037274e-18
538.0215470733294 3.5086381644649015e-18
538.0836566820167 3.505858366188036e-18
538.1457662907039 3.3977294768659054e-18
538.2078758993912 3.485643116130635e-18
538.2699855080783 3.484373984689604e-18
538.3320951167656 3.4695377294223056e-18
538.3942047254528 3.5202395738616135e-18
538.4563143341401 3.510663851263469e-18
538.5184239428273 3.489179946583205e-18
538.5805335515146 3.505546158786485e-18
538.6426431602018 3.282938425343299e-18
538.704752768889 3.3810365516733173e-18
538.7668623775762 3.519834032659322e-18
538.8289719862635 3.5009424456414436e-18
538.8910815949507 3.3985712099542337e-18
538.953191203638 3.351165578700812e-18
539.0153008123252 3.4413734786766594e-18
539.0774104210125 3.4391606993737383e-18
539.1395200296997 3.5031903275736006e-18
539.2016296383869 3.5699411578427546e-18
539.2637392470741 3.511566258219144e-18
539.3258488557614 3.3900682841494807e-18
539.3879584644486 3.356426591494067e-18
539.4500680731359 3.4079811933371795e-18
539.5121776818231 3.415827501759223e-18
539.5742872905104 3.5363382437815424e-18
539.6363968991975 3.526533507185501e-18
539.6985065078848 3.4775416437295186e-18
539.760616116572 3.536200572474555e-18
539.8227257252593 3.545133840678876e-18
539.8848353339465 3.4135043180492258e-18
539.9469449426338 3.3917864112571984e-18
540.009054551321 3.4505756116489106e-18
540.0711641600082 3.475159931236024e-18
540.1332737686954 3.4175296545977053e-18
540.1953833773827 3.305656335732084e-18
540.2574929860699 3.3318248773041462e-18
540.3196025947572 3.435356009216518e-18
540.3817122034444 3.350217223104622e-18
540.4438218121317 3.459284977565301e-18
540.5059314208188 3.429554029031446e-18
540.568041029506 3.4255968312642274e-18
540.6301506381933 3.4393521787280213e-18
540.6922602468806 3.384572391689137e-18
540.7543698555678 3.4551078019938483e-18
540.816479464255 3.435300272069983e-18
540.8785890729423 3.4325385296489497e-18
540.9406986816296 3.381623468014411e-18
541.0028082903167 3.485156465305131e-18
541.064917899004 3.4348959548372576e-18
541.1270275076912 3.3226738895841264e-18
541.1891371163784 3.3275757893787556e-18
541.2512467250657 3.3760984477084633e-18
541.313356333753 3.4059620973375932e-18
541.3754659424402 3.480553841977369e-18
541.4375755511273 3.4344898071342222e-18
541.4996851598146 3.398412365884252e-18
541.5617947685018 3.4161544903255125e-18
541.6239043771891 3.4334780309308334e-18
541.6860139858763 3.5197455749149185e-18
541.7481235945636 3.401322887186979e-18
541.8102332032508 3.371423191251081e-18
541.8723428119381 3.425322860473575e-18
541.9344524206252 3.3661648274443252e-18
541.9965620293125 3.366956951158467e-18
542.0586716379997 3.4381887305695293e-18
542.120781246687 3.4232897971145355e-18
542.1828908553742 3.3714506972797635e-18
542.2450004640615 3.3627085149630373e-18
542.3071100727487 3.3180867985891156e-18
542.3692196814359 3.2538428572230388e-18
542.4313292901231 3.268496590606615e-18
542.4934388988104 3.3061775688296077e-18
542.5555485074976 3.425270344258738e-18
542.6176581161849 3.3370908461660737e-18
542.6797677248721 3.2331085971434806e-18
542.7418773335594 3.3056409448668926e-18
542.8039869422465 3.3129083438257018e-18
542.8660965509338 3.3650830213788718e-18
542.928206159621 3.2937740811691065e-18
542.9903157683083 3.3524341578567844e-18
543.0524253769955 3.2163254659415358e-18
543.1145349856828 3.2969653936330656e-18
543.17664459437 3.2923486578890908e-18
543.2387542030572 3.2260069432068547e-18
543.3008638117444 3.3156524908572732e-18
543.3629734204317 3.3917243490903316e-18
543.4250830291189 3.262203189978503e-18
543.4871926378062 3.3559301192880948e-18
543.5493022464934 3.3213525202610403e-18
543.6114118551807 3.322109280579429e-18
543.6735214638679 3.313706833417995e-18
543.7356310725551 3.3447529740877843e-18
543.7977406812423 3.241676664878802e-18
543.8598502899296 3.2876038138850498e-18
543.9219598986168 3.285138434343135e-18
543.9840695073041 3.3102499058045138e-18
544.0461791159913 3.2381682129795642e-18
544.1082887246786 3.333301347987882e-18
544.1703983333657 3.2520679439934037e-18
544.232507942053 3.343581296766482e-18
544.2946175507402 3.346340829619273e-18
544.3567271594275 3.2787655147577827e-18
544.4188367681147 3.3597310390810816e-18
544.480946376802 3.2600722742589548e-18
544.5430559854892 3.2902434118980747e-18
544.6051655941765 3.272400392209572e-18
544.6672752028636 3.2068330626313194e-18
544.7293848115509 3.2086977294492675e-18
544.7914944202381 3.3116744945967916e-18
544.8536040289254 3.3392392874827933e-18
544.9157136376126 3.3372247731584776e-18
544.9778232462999 3.2155197143537257e-18
545.0399328549871 3.161752023198765e-18
545.1020424636743 3.2187052496961898e-18
545.1641520723615 3.316851120377605e-18
545.2262616810488 3.314418980480789e-18
545.288371289736 3.301117742939021e-18
545.3504808984233 3.2787430394726575e-18
545.4125905071105 3.2523992712228795e-18
545.4747001157978 3.223268835225945e-18
545.5368097244849 3.261871072916075e-18
545.5989193331721 3.2337225497480518e-18
545.6610289418594 3.2584956129521115e-18
545.7231385505467 3.231164198352861e-18
545.7852481592339 3.283454059398377e-18
545.8473577679212 3.225245113940548e-18
545.9094673766084 3.2011824952925072e-18
545.9715769852955 3.2453180956903027e-18
546.0336865939828 3.2668037439191138e-18
546.09579620267 3.2250838681066802e-18
546.1579058113573 3.2867017490163755e-18
546.2200154200445 3.285244090060441e-18
546.2821250287318 3.3369246254955603e-18
546.344234637419 3.1757300134529484e-18
546.4063442461063 3.1915134520361575e-18
546.4684538547934 3.219841258856095e-18
546.5305634634807 3.221572997812811e-18
546.5926730721679 3.2662051620902514e-18
546.6547826808552 3.226859352643957e-18
546.7168922895424 3.176662419214728e-18
546.7790018982297 3.0923323786644252e-18
546.841111506917 3.103654428117131e-18
546.9032211156041 3.1825402432348385e-18
546.9653307242913 3.1697323270736293e-18
547.0274403329786 3.1991484359457132e-18
547.0895499416658 3.2488420459535057e-18
547.1516595503531 3.20903736028213e-18
547.2137691590403 3.2161490586433898e-18
547.2758787677276 3.134468421174966e-18
547.3379883764148 3.136054766931437e-18
547.400097985102 3.181175139726386e-18
547.4622075937892 3.105602401278228e-18
547.5243172024765 3.1412269662025855e-18
547.5864268111637 3.1714731400149503e-18
547.648536419851 3.1256668675618136e-18
547.7106460285382 3.1600641779063863e-18
547.7727556372255 3.105268341734659e-18
547.8348652459126 3.1605247127678176e-18
547.8969748545999 3.121507797222745e-18
547.9590844632871 3.1153822891969613e-18
548.0211940719744 3.1620261880079525e-18
548.0833036806616 3.217555499164221e-18
548.1454132893489 3.1836245520865336e-18
548.2075228980361 3.1667283175785802e-18
548.2696325067233 3.0966985877401034e-18
548.3317421154105 3.118022357534443e-18
548.3938517240978 3.1979916511475873e-18
548.455961332785 3.1367820601841988e-18
548.5180709414723 3.1473763960732066e-18
548.5801805501595 3.174315752621334e-18
548.6422901588468 3.267205198197008e-18
548.7043997675339 3.2250308504465575e-18
548.7665093762212 3.118895766336829e-18
548.8286189849084 3.2926487610540912e-18
548.8907285935957 3.1911638281655004e-18
548.9528382022829 3.187202720401315e-18
549.0149478109702 3.226658638259242e-18
549.0770574196574 3.155719422096593e-18
549.1391670283447 3.2262299269055662e-18
549.2012766370318 3.2373318656727095e-18
549.2633862457191 3.121304938780538e-18
549.3254958544063 3.1162710782496454e-18
549.3876054630936 3.1482939713247457e-18
549.4497150717808 3.1288121495956803e-18
549.5118246804681 3.1440444804473008e-18
549.5739342891553 3.1638988479152776e-18
549.6360438978425 3.1314119868651432e-18
549.6981535065297 3.174443559060868e-18
549.760263115217 3.1796211525137846e-18
549.8223727239042 3.1697501865734307e-18
549.8844823325915 3.1010508906691853e-18
549.9465919412787 3.120333732468976e-18
550.008701549966 3.187519744033074e-18
550.0708111586531 3.2301247116824375e-18
550.1329207673404 3.1810093539811503e-18
550.1950303760276 3.1932441785444408e-18
550.2571399847149 3.1969450573925455e-18
550.3192495934021 3.2805086907174735e-18
550.3813592020894 3.2968530827016166e-18
550.4434688107766 3.361354305579855e-18
550.5055784194639 3.254987705873966e-18
550.567688028151 3.2928319167460372e-18
550.6297976368382 3.2468193888186674e-18
550.6919072455255 3.2764450149676467e-18
550.7540168542128 3.154442489260983e-18
550.8161264629 3.317925377447798e-18
550.8782360715873 3.297348341306676e-18
550.9403456802745 3.24454365314926e-18
551.0024552889616 3.226506209827026e-18
551.0645648976489 3.2458989086129747e-18
551.1266745063361 3.2120611833082096e-18
551.1887841150234 3.221981591115472e-18
551.2508937237106 3.072132382847099e-18
551.3130033323979 3.2509623059435593e-18
551.3751129410851 3.1995736218510104e-18
551.4372225497723 3.1050465339752686e-18
551.4993321584595 3.1637639686017724e-18
551.5614417671468 3.1909160103202073e-18
551.623551375834 3.167344681694995e-18
551.6856609845213 3.06184353218249e-18
551.7477705932085 3.2609456207823505e-18
551.8098802018958 3.1885633998088528e-18
551.871989810583 3.1422321417797232e-18
551.9340994192702 3.1632540128381185e-18
551.9962090279574 3.1336485234601153e-18
552.0583186366447 3.185603349415642e-18
552.1204282453319 3.3377284925259704e-18
552.1825378540192 3.2678560828476156e-18
552.2446474627064 3.1361560499106904e-18
552.3067570713937 3.221895210348708e-18
552.3688666800808 3.151886543804823e-18
552.4309762887681 3.138899182945911e-18
552.4930858974553 3.2051778512128034e-18
552.5551955061426 3.2358021657167653e-18
552.6173051148298 3.1942448263667153e-18
552.6794147235171 3.067121084730242e-18
552.7415243322043 3.216711459762064e-18
552.8036339408916 3.2089638087735148e-18
552.8657435495787 3.155333471881513e-18
552.927853158266 3.2360784082600086e-18
552.9899627669532 3.166109800790082e-18
553.0520723756405 3.1490656767373517e-18
553.1141819843277 3.164275009667462e-18
553.176291593015 3.2354538845961784e-18
553.2384012017021 3.181201208682103e-18
553.3005108103894 3.301379587174108e-18
553.3626204190766 3.2414414133443565e-18
553.4247300277639 3.2110823834526848e-18
553.4868396364511 3.202853615763803e-18
553.5489492451384 3.2543147466984332e-18
553.6110588538256 3.271679027214352e-18
553.6731684625129 3.1872569028360283e-18
553.7352780712 3.212422204159285e-18
553.7973876798873 3.235262774048743e-18
553.8594972885745 3.1953406566644494e-18
553.9216068972618 3.250371759031752e-18
553.983716505949 3.2110668440072925e-18
554.0458261146363 3.1758481353721218e-18
554.1079357233235 3.165697024629635e-18
554.1700453320107 3.1984133022871768e-18
554.2321549406979 3.1336579444184632e-18
554.2942645493852 3.1621928206057748e-18
554.3563741580724 3.1660363829538477e-18
554.4184837667597 3.2230288599455935e-18
554.4805933754469 3.2006365265069906e-18
554.5427029841342 3.170430941227351e-18
554.6048125928214 3.105901991569352e-18
554.6669222015086 3.1027576721586036e-18
554.7290318101958 3.0799615298049562e-18
554.7911414188831 3.1127704613181522e-18
554.8532510275703 3.174413650194536e-18
554.9153606362576 3.2022055697923418e-18
554.9774702449448 3.2004017958872626e-18
555.0395798536321 3.2256544618489652e-18
555.1016894623192 3.2041683425262594e-18
555.1637990710065 3.2658758721304084e-18
555.2259086796937 3.1874380143614528e-18
555.288018288381 3.199729937238174e-18
555.3501278970682 3.1913878989295126e-18
555.4122375057555 3.1977557357593255e-18
555.4743471144427 3.1275399708076243e-18
555.53645672313 3.1470329294917944e-18
555.5985663318171 3.1615447196346166e-18
555.6606759405043 3.2631611334223963e-18
555.7227855491916 3.2020716858134253e-18
555.7848951578789 3.2218518176818346e-18
555.8470047665661 3.1991403066129747e-18
555.9091143752534 3.2210097015632716e-18
555.9712239839405 3.139514569630209e-18
556.0333335926277 3.246694124765901e-18
556.095443201315 3.3064679302630862e-18
556.1575528100022 3.2322977193568284e-18
556.2196624186895 3.1855973306792238e-18
556.2817720273767 3.1735300251380917e-18
556.343881636064 3.1485027195576035e-18
556.4059912447512 3.260240825219978e-18
556.4681008534384 3.2004762510675126e-18
556.5302104621256 3.083932992483196e-18
556.5923200708129 3.137630552609617e-18
556.6544296795001 3.194957998812909e-18
556.7165392881874 3.1988232342932776e-18
556.7786488968746 3.1512826442471466e-18
556.8407585055619 3.1687010254577846e-18
556.902868114249 3.223151441624677e-18
556.9649777229363 3.233296740192716e-18
557.0270873316235 3.1756556417068813e-18
557.0891969403108 3.216497702196851e-18
557.151306548998 3.1232270897160144e-18
557.2134161576853 3.1806091036975283e-18
557.2755257663725 3.142593659250214e-18
557.3376353750598 3.224410793796958e-18
557.3997449837469 3.480918739825765e-18
557.4618545924342 3.0903573398236048e-18
557.5239642011214 3.0945454650768555e-18
557.5860738098087 3.2360170935563412e-18
557.6481834184959 3.1369188446683587e-18
557.7102930271832 3.1329859553512398e-18
557.7724026358704 3.0228247095212205e-18
557.8345122445576 3.2480121116049677e-18
557.8966218532448 3.1513617773589714e-18
557.9587314619321 3.0986662789591996e-18
558.0208410706193 3.33660950268817e-18
558.0829506793066 3.152446287756099e-18
558.1450602879938 3.092896537860038e-18
558.2071698966811 3.0432641014858793e-18
558.2692795053682 3.0441340785230653e-18
558.3313891140555 3.1749445064374927e-18
558.3934987227427 3.1194834201296886e-18
558.45560833143 3.1885773559246463e-18
558.5177179401172 3.2299200256768816e-18
558.5798275488045 3.1775429967387967e-18
558.6419371574917 3.1108431373473075e-18
558.7040467661789 3.142282148730451e-18
558.7661563748661 3.1017761151146197e-18
558.8282659835534 3.1430391587704637e-18
558.8903755922406 3.1899712901458126e-18
558.9524852009279 3.2175812281307115e-18
559.0145948096151 3.12942673329898e-18
559.0767044183024 3.1975636843165966e-18
559.1388140269896 3.1724769916666447e-18
559.2009236356768 3.2145380570800446e-18
559.263033244364 3.276822582291418e-18
559.3251428530513 3.185521927549252e-18
559.3872524617385 3.155329932187727e-18
559.4493620704258 3.1667415291936687e-18
559.511471679113 3.1743830339241055e-18
559.5735812878003 3.0942966872261845e-18
559.6356908964874 3.1580040632090905e-18
559.6978005051747 3.2308331705427007e-18
559.7599101138619 3.1480906123935517e-18
559.8220197225492 3.0566229562913495e-18
559.8841293312364 3.0977212218575383e-18
559.9462389399237 3.1603740176130127e-18
560.0083485486109 3.125861017209229e-18
560.0704581572982 3.199765229412423e-18
560.1325677659853 3.1365570891465175e-18
560.1946773746726 3.129998647412736e-18
560.2567869833598 3.1572293010512737e-18
560.318896592047 3.105653458848976e-18
560.3810062007343 3.131958273865816e-18
560.4431158094216 3.1594991401588023e-18
560.5052254181088 3.018993274508112e-18
560.567335026796 3.0100839779280906e-18
560.6294446354832 3.0983387597804376e-18
560.6915542441704 3.092474656527713e-18
560.7536638528577 3.13913162263143e-18
560.815773461545 3.1446005956275816e-18
560.8778830702322 3.0587516153458076e-18
560.9399926789195 3.1218443283474366e-18
561.0021022876066 3.0682955859315262e-18
561.0642118962938 3.0389444309267166e-18
561.1263215049811 3.203287767768133e-18
561.1884311136683 3.1864589299042678e-18
561.2505407223556 3.1686847422302455e-18
561.3126503310428 3.119326246953348e-18
561.3747599397301 3.210692867130231e-18
561.4368695484172 3.162834140065547e-18
561.4989791571045 3.183771171132901e-18
561.5610887657917 3.2821602370743553e-18
561.623198374479 3.1603951731941732e-18
561.6853079831662 3.189040954695853e-18
561.7474175918535 3.2374854308516147e-18
561.8095272005407 3.124242248010046e-18
561.871636809228 3.1702822137601192e-18
561.9337464179151 3.1877731101418106e-18
561.9958560266024 3.1467350205438387e-18
562.0579656352896 3.0964992013095817e-18
562.1200752439769 3.220640976249816e-18
562.1821848526641 3.2000792637503476e-18
562.2442944613514 3.1785650053447194e-18
562.3064040700386 3.1126208875461686e-18
562.3685136787258 3.1677387741262955e-18
562.430623287413 3.275748312035024e-18
562.4927328961003 3.2449642484491362e-18
562.5548425047875 3.2385811576682712e-18
562.6169521134748 3.131428733677887e-18
562.679061722162 3.257740421511431e-18
562.7411713308493 3.2006412876881703e-18
562.8032809395365 3.2206492711241842e-18
562.8653905482237 3.2359629076072957e-18
562.9275001569109 3.1804532008594813e-18
562.9896097655982 3.2068827704648286e-18
563.0517193742854 3.178442410326754e-18
563.1138289829727 3.1269275522812207e-18
563.1759385916599 3.154550099094681e-18
563.2380482003472 3.186097122436201e-18
563.3001578090343 3.1231608489391543e-18
563.3622674177216 3.153313646122678e-18
563.4243770264088 3.1283177975541793e-18
563.4864866350961 3.136784122138584e-18
563.5485962437833 3.1241384756547077e-18
563.6107058524706 3.189552884460244e-18
563.6728154611578 3.0963797457918186e-18
563.734925069845 3.1425096160414858e-18
563.7970346785322 3.2399331832423227e-18
563.8591442872195 3.1637440905487454e-18
563.9212538959067 3.157637353820638e-18
563.983363504594 3.2211478303183483e-18
564.0454731132812 3.1801968419456704e-18
564.1075827219685 3.1281828659359868e-18
564.1696923306556 3.144631464717677e-18
564.2318019393429 3.174931633265825e-18
564.2939115480301 3.1886979959615464e-18
564.3560211567174 3.154133868994486e-18
564.4181307654046 3.0877700075561114e-18
564.4802403740919 3.1004246009312404e-18
564.5423499827791 3.1353659839893033e-18
564.6044595914664 3.254670712172411e-18
564.6665692001535 3.201652964841923e-18
564.7286788088408 3.106416159044634e-18
564.790788417528 3.122843479099377e-18
564.8528980262153 3.2444765104362233e-18
564.9150076349025 3.2521867558872202e-18
564.9771172435898 3.1581578405141684e-18
565.039226852277 3.173604843910758e-18
565.1013364609641 3.1336874536659297e-18
565.1634460696514 3.1589947886195212e-18
565.2255556783387 3.1699445313415487e-18
565.2876652870259 3.1357972627677443e-18
565.3497748957132 3.1164550749008846e-18
565.4118845044004 3.1287959395961096e-18
565.4739941130877 3.2170331022425555e-18
565.5361037217749 3.2066373402954916e-18
565.598213330462 3.1896644046923573e-18
565.6603229391493 3.176780225956683e-18
565.7224325478365 3.151559050100236e-18
565.7845421565238 3.2019391428352197e-18
565.846651765211 3.117560605328643e-18
565.9087613738983 3.1326335169185334e-18
565.9708709825856 3.2137111174655412e-18
566.0329805912727 3.164008702257615e-18
566.0950901999599 3.13533800557113e-18
566.1571998086472 3.2007151974120315e-18
566.2193094173344 3.204173845996522e-18
566.2814190260217 3.1779305383380233e-18
566.343528634709 3.05928771256355e-18
566.4056382433962 3.0715969021260916e-18
566.4677478520833 3.0782716106935428e-18
566.5298574607706 3.0643642532628964e-18
566.5919670694578 3.133950090113609e-18
566.6540766781451 3.1686465289706555e-18
566.7161862868323 3.138546692315326e-18
566.7782958955196 3.146271448317539e-18
566.8404055042068 3.1112210061664697e-18
566.902515112894 3.0727896889346825e-18
566.9646247215812 3.158196414705247e-18
567.0267343302685 3.119823749770752e-18
567.0888439389557 3.229327427355992e-18
567.150953547643 3.161578957771109e-18
567.2130631563302 3.094412661485252e-18
567.2751727650175 3.111840963776038e-18
567.3372823737047 3.2029401538368554e-18
567.3993919823919 3.1340409450789203e-18
567.4615015910791 3.1637228093078937e-18
567.5236111997664 3.1069101268605056e-18
567.5857208084536 3.238102907412047e-18
567.6478304171409 3.168692310205203e-18
567.7099400258281 3.1058597422617947e-18
567.7720496345154 3.0306804065841557e-18
567.8341592432025 3.062064837727842e-18
567.8962688518898 3.0509651570262356e-18
567.958378460577 3.149552136267802e-18
568.0204880692643 3.1684538799891544e-18
568.0825976779515 3.17674680895729e-18
568.1447072866388 3.126280148076532e-18
568.206816895326 3.175757306162045e-18
568.2689265040133 3.2127103493649384e-18
568.3310361127004 3.044323238444543e-18
568.3931457213877 3.233213531263877e-18
568.4552553300749 3.156096509781077e-18
568.5173649387622 3.183329636846628e-18
568.5794745474494 3.007567875723303e-18
568.6415841561367 2.984520441154282e-18
568.7036937648239 3.1005557368210104e-18
568.7658033735111 3.120307783227784e-18
568.8279129821983 3.106998767610148e-18
568.8900225908856 3.1583650634509555e-18
568.9521321995728 3.12752017827725e-18
569.0142418082601 3.122993423944597e-18
569.0763514169473 3.1149752515018164e-18
569.1384610256346 3.0927047776815337e-18
569.2005706343217 3.0339704244562195e-18
569.262680243009 3.159605685771023e-18
569.3247898516962 3.0947787125631265e-18
569.3868994603835 3.100325264441695e-18
569.4490090690707 3.1028184026211063e-18
569.511118677758 3.15352437114109e-18
569.5732282864452 3.032911064449115e-18
569.6353378951324 3.028364994724617e-18
569.6974475038196 3.029278696249009e-18
569.7595571125069 2.997973362745389e-18
569.8216667211941 3.0703667775556243e-18
569.8837763298814 3.0279454406735604e-18
569.9458859385686 3.152605159610584e-18
570.0079955472559 3.1234461685728383e-18
570.0701051559431 3.1087385671864774e-18
570.1322147646302 3.0308610418738415e-18
570.1943243733175 2.987444755805596e-18
570.2564339820048 3.09332804526428e-18
570.318543590692 3.040298519752186e-18
570.3806531993793 3.0712923692810158e-18
570.4427628080665 3.123590356267943e-18
570.5048724167538 3.0493458528022116e-18
570.5669820254409 3.0150046918863148e-18
570.6290916341281 3.0581752605733902e-18
570.6912012428154 3.0268006082120414e-18
570.7533108515026 3.1185901965206196e-18
570.8154204601899 3.1434711455438365e-18
570.8775300688771 3.0666541034502077e-18
570.9396396775644 3.051521745398932e-18
571.0017492862517 3.0383249978566387e-18
571.0638588949388 3.058531479456785e-18
571.125968503626 3.187556732414992e-18
571.1880781123133 3.147923935467634e-18
571.2501877210005 3.0206226439784968e-18
571.3122973296878 3.0263917088767505e-18
571.374406938375 3.110301845106845e-18
571.4365165470623 3.003073907532561e-18
571.4986261557494 2.976479766508851e-18
571.5607357644367 3.0700992251689736e-18
571.6228453731239 3.116087768348087e-18
571.6849549818112 3.1305690231006802e-18
571.7470645904984 3.08897520611037e-18
571.8091741991857 3.080131826660873e-18
571.8712838078729 3.0573450511247775e-18
571.9333934165601 3.0301224915713405e-18
571.9955030252473 3.077056749550099e-18
572.0576126339346 3.087250803421734e-18
572.1197222426218 3.0041905313303494e-18
572.1818318513091 3.0902384688467724e-18
572.2439414599963 3.058555142823224e-18
572.3060510686836 3.0628087786014055e-18
572.3681606773707 3.1052126349015418e-18
572.430270286058 3.0612601971502257e-18
572.4923798947452 3.1011494128392344e-18
572.5544895034325 3.0644236083425474e-18
572.6165991121197 3.0228325396177592e-18
572.678708720807 3.0106886509136833e-18
572.7408183294942 3.0374938844358225e-18
572.8029279381815 3.0998971625898966e-18
572.8650375468686 3.093867148097566e-18
572.9271471555559 3.061080968598682e-18
572.9892567642431 3.0566582934725437e-18
573.0513663729304 3.0717142273530826e-18
573.1134759816176 3.1485151236330115e-18
573.1755855903049 3.0910730686714443e-18
573.2376951989921 3.064006853370638e-18
573.2998048076793 3.0474287968152592e-18
573.3619144163665 3.0485726925507777e-18
573.4240240250538 3.088517787815438e-18
573.486133633741 3.0384135606133925e-18
573.5482432424283 3.0680723923227585e-18
573.6103528511155 3.0538181118858578e-18
573.6724624598028 3.005721256564878e-18
573.73457206849 3.1049893874498344e-18
573.7966816771772 3.0348386648019254e-18
573.8587912858644 3.079369471166806e-18
573.9209008945517 3.0590562574390715e-18
573.9830105032389 3.0602441847629585e-18
574.0451201119262 3.1172560955266825e-18
574.1072297206134 3.08290757130932e-18
574.1693393293006 3.0629371587213434e-18
574.2314489379878 2.9919965079044538e-18
574.2935585466751 3.074461217397001e-18
574.3556681553623 3.0777300917018476e-18
574.4177777640496 3.140499070684493e-18
574.4798873727368 2.998987021566939e-18
574.5419969814241 3.0523591859378742e-18
574.6041065901113 3.1475895948463685e-18
574.6662161987985 3.141991260685647e-18
574.7283258074857 3.0389594303719297e-18
574.790435416173 3.097786733099081e-18
574.8525450248602 3.087731042084555e-18
574.9146546335475 3.035370209303358e-18
574.9767642422347 3.0034374155231305e-18
575.038873850922 3.030806979335754e-18
575.1009834596091 3.0538433020545144e-18
575.1630930682963 3.1035769589165777e-18
575.2252026769836 2.927677061801806e-18
575.2873122856709 3.0685565913893468e-18
575.3494218943581 3.071852211638539e-18
575.4115315030454 3.037752546826184e-18
575.4736411117326 3.0659152106046406e-18
575.5357507204199 3.0636972902103064e-18
575.597860329107 3.0596381480849505e-18
575.6599699377942 3.0263782235947268e-18
575.7220795464815 3.075176517875212e-18
575.7841891551687 3.1031082404384545e-18
575.846298763856 3.0236196425286223e-18
575.9084083725432 3.0439102981646468e-18
575.9705179812305 3.1053525194977624e-18
576.0326275899176 3.1323440573523783e-18
576.0947371986049 3.0323833193270094e-18
576.1568468072921 3.043635429903533e-18
576.2189564159794 2.939417455709454e-18
576.2810660246666 3.0018204818000765e-18
576.3431756333539 3.0803346474422102e-18
576.4052852420411 3.1389340286166834e-18
576.4673948507284 3.0365372563860496e-18
576.5295044594155 3.082926712100138e-18
576.5916140681028 3.0955064608836253e-18
576.65372367679 2.9609083028214687e-18
576.7158332854773 2.9995517274206657e-18
576.7779428941645 2.9885840336693555e-18
576.8400525028518 3.055812490914158e-18
576.9021621115389 3.0062740468681118e-18
576.9642717202262 2.9867148446852763e-18
577.0263813289134 3.0833422366738068e-18
577.0884909376007 2.968614460769777e-18
577.1506005462879 3.051749261092376e-18
577.2127101549752 3.077545121761348e-18
577.2748197636624 3.0987606089131623e-18
577.3369293723497 2.9871669614082925e-18
577.3990389810368 3.060088261199729e-18
577.4611485897241 3.0290935382059746e-18
577.5232581984113 3.0036633148617247e-18
577.5853678070986 2.9779746094789592e-18
577.6474774157858 3.074048516656953e-18
577.7095870244731 3.0327477353026703e-18
577.7716966331603 3.0625312487271242e-18
577.8338062418475 3.0203931158932863e-18
577.8959158505347 3.0450991482219603e-18
577.958025459222 3.0626122319320642e-18
578.0201350679092 3.086286340923291e-18
578.0822446765965 3.0081235482194817e-18
578.1443542852837 2.9956279404210424e-18
578.206463893971 3.035462743100572e-18
578.2685735026582 2.9678724894604105e-18
578.3306831113454 2.8953103282052757e-18
578.3927927200326 3.0177525155935586e-18
578.4549023287199 3.015731186233773e-18
578.5170119374071 3.0620238156127735e-18
578.5791215460944 3.0937751133124954e-18
578.6412311547816 2.9882781355312448e-18
578.7033407634689 3.0555264539954934e-18
578.765450372156 3.01013032721556e-18
578.8275599808433 2.9289516528022254e-18
578.8896695895305 2.982125710631508e-18
578.9517791982178 3.0125074273958763e-18
579.013888806905 2.962585143849149e-18
579.0759984155923 2.987395067224221e-18
579.1381080242795 3.0675219022553623e-18
579.2002176329668 3.1027645350695193e-18
579.2623272416539 3.0892315764184925e-18
579.3244368503412 2.984381970598275e-18
579.3865464590284 2.9605053881245844e-18
579.4486560677157 2.9799028630481812e-18
579.5107656764029 3.031191341738434e-18
579.5728752850902 3.0154551894159583e-18
579.6349848937773 3.0311419315774733e-18
579.6970945024646 3.099921844927132e-18
579.7592041111518 3.033617662499481e-18
579.821313719839 3.0905946669096855e-18
579.8834233285263 3.0814423811492366e-18
579.9455329372136 3.0244546988875623e-18
580.0076425459008 2.999202373312328e-18
580.0697521545881 3.043327787321798e-18
580.1318617632752 2.9292824842657205e-18
580.1939713719624 2.957798005095509e-18
580.2560809806497 2.9618620656033982e-18
580.318190589337 2.913142274612771e-18
580.3803001980242 2.975206152294486e-18
580.4424098067115 3.042711028740533e-18
580.5045194153987 3.002885805073247e-18
580.5666290240858 2.9392930118319365e-18
580.6287386327731 3.075203910131953e-18
580.6908482414603 2.9726847689356274e-18
580.7529578501476 2.988697269968397e-18
580.8150674588348 3.0386465121904854e-18
580.8771770675221 3.0563031046287305e-18
580.9392866762093 3.039365448253592e-18
581.0013962848966 2.9947653719447677e-18
581.0635058935837 3.0299655652834064e-18
581.125615502271 3.0164191945350055e-18
581.1877251109582 3.042764677593608e-18
581.2498347196455 3.057215737011779e-18
581.3119443283327 3.076594899369957e-18
581.37405393702 2.9915313847624577e-18
581.4361635457072 2.999934518793153e-18
581.4982731543944 3.0786534721042537e-18
581.5603827630816 3.080377432515178e-18
581.6224923717689 3.0159866889764736e-18
581.6846019804561 2.950919379476847e-18
581.7467115891434 2.9848421501845532e-18
581.8088211978306 3.0584305253533462e-18
581.8709308065179 2.9958626940614935e-18
581.9330404152051 3.022696905069237e-18
581.9951500238923 3.060032380595128e-18
582.0572596325795 3.0440331332203408e-18
582.1193692412668 3.1152825059904837e-18
582.181478849954 3.0566348922221945e-18
582.2435884586413 2.991607507847697e-18
582.3056980673285 2.9549404762750875e-18
582.3678076760157 2.945034003503092e-18
582.4299172847029 2.9665191740255602e-18
582.4920268933902 3.073916516609471e-18
582.5541365020774 3.0709142805279737e-18
582.6162461107647 2.903975024973365e-18
582.6783557194519 2.9746306943861123e-18
582.7404653281392 3.098239047271723e-18
582.8025749368264 2.9996955952130416e-18
582.8646845455136 3.0374833437078793e-18
582.9267941542008 2.9831958592247786e-18
582.9889037628881 2.8663609357533095e-18
583.0510133715753 2.8362731308844054e-18
583.1131229802626 2.9377890222441294e-18
583.1752325889498 2.9783163244012063e-18
583.2373421976371 2.930695251847551e-18
583.2994518063242 3.072180027083036e-18
583.3615614150115 3.0432979460562303e-18
583.4236710236987 2.9360436655006074e-18
583.485780632386 2.9106424735660447e-18
583.5478902410732 2.927855290020482e-18
583.6099998497605 2.9739817121260848e-18
583.6721094584477 2.966536014808494e-18
583.734219067135 2.9495766916041365e-18
583.7963286758221 2.992179189902036e-18
583.8584382845094 3.024588597735446e-18
583.9205478931966 2.973271606890807e-18
583.9826575018839 2.9779623521930744e-18
584.0447671105711 3.0264106236127495e-18
584.1068767192584 3.0436595274815577e-18
584.1689863279455 3.1266290188075276e-18
584.2310959366328 3.085865144062214e-18
584.29320554532 3.0254097022052673e-18
584.3553151540073 3.1320894365525743e-18
584.4174247626945 3.10595570378199e-18
584.4795343713818 2.9604389102017706e-18
584.541643980069 2.9614560168088185e-18
584.6037535887563 3.0326347562553175e-18
584.6658631974435 2.994451731251276e-18
584.7279728061307 2.9773921371628776e-18
584.7900824148179 3.0322053309034167e-18
584.8521920235052 2.9869599851213194e-18
584.9143016321924 2.897486759107761e-18
584.9764112408797 2.9355106888653607e-18
585.0385208495669 2.92549286280279e-18
585.100630458254 2.970320809882893e-18
585.1627400669413 3.0536761176491758e-18
585.2248496756285 2.9342190536682266e-18
585.2869592843158 2.886264751694142e-18
585.349068893003 2.968622601940123e-18
585.4111785016903 3.0010542662828843e-18
585.4732881103776 3.0376111640994236e-18
585.5353977190648 2.9978926648847496e-18
585.5975073277519 2.9486670163207624e-18
585.6596169364392 2.9671553949794115e-18
585.7217265451264 3.0467907794350714e-18
585.7838361538137 3.023456609130733e-18
585.845945762501 2.9597964665181748e-18
585.9080553711882 2.9600792606088332e-18
585.9701649798754 2.970640208380994e-18
586.0322745885626 2.9268030362179444e-18
586.0943841972498 3.0326636779218072e-18
586.1564938059371 3.0965360224367744e-18
586.2186034146243 3.0860164878280665e-18
586.2807130233116 2.9540948585973276e-18
586.3428226319988 3.014984493063358e-18
586.4049322406861 2.897292729104746e-18
586.4670418493733 2.9719982846733485e-18
586.5291514580605 3.03247338663271e-18
586.5912610667477 2.9040549210060985e-18
586.653370675435 2.837259844475661e-18
586.7154802841222 2.9703630298926914e-18
586.7775898928095 2.9212225161848598e-18
586.8396995014967 3.003148722707529e-18
586.9018091101839 3.0181835781469627e-18
586.9639187188711 2.8958120259513917e-18
587.0260283275584 2.9369455220030057e-18
587.0881379362456 3.0389756279239618e-18
587.1502475449329 3.0075352969409545e-18
587.2123571536201 3.0483903662838518e-18
587.2744667623074 3.026892681222805e-18
587.3365763709946 2.913530710766383e-18
587.3986859796819 3.0285852258506386e-18
587.460795588369 2.918853859991467e-18
587.5229051970563 2.942889182669423e-18
587.5850148057435 2.8153002846168746e-18
587.6471244144308 2.975399309675781e-18
587.709234023118 2.964238097973775e-18
587.7713436318053 3.064763681409447e-18
587.8334532404924 2.9229836267185033e-18
587.8955628491797 2.850934342902856e-18
587.9576724578669 2.9228284941446706e-18
588.0197820665542 2.9741594611676995e-18
588.0818916752414 2.9383831281808675e-18
588.1440012839287 2.8458779206068256e-18
588.2061108926159 2.936823229726848e-18
588.2682205013032 3.0221313825655037e-18
588.3303301099903 2.9412283062116634e-18
588.3924397186776 2.9029110329625712e-18
588.4545493273648 2.9948096456978156e-18
588.5166589360521 2.9000422219825786e-18
588.5787685447393 2.7493307123078027e-18
588.6408781534266 2.8641619803879505e-18
588.7029877621138 2.8060921725129597e-18
588.765097370801 2.859585707558106e-18
588.8272069794882 2.8316883051350133e-18
588.8893165881755 2.8270786020144464e-18
588.9514261968627 2.8415419426381713e-18
589.01353580555 2.7292809012517237e-18
589.0756454142372 2.777023712253934e-18
589.1377550229245 2.752431831871982e-18
589.1998646316117 2.6959045304222145e-18
589.2619742402989 2.7115272234531457e-18
589.3240838489861 2.7724088198175215e-18
589.3861934576734 2.763938654297967e-18
589.4483030663606 2.7187681161870236e-18
589.5104126750479 2.6999461451766436e-18
589.5725222837351 2.7112087816708227e-18
589.6346318924222 2.7497746743563703e-18
589.6967415011095 2.7376028175030894e-18
589.7588511097968 2.673729533185858e-18
589.820960718484 2.646120153953594e-18
589.8830703271713 2.6716634284583543e-18
589.9451799358585 2.690766357215122e-18
590.0072895445458 2.672057791460388e-18
590.069399153233 2.6825329419097176e-18
590.1315087619203 2.702195082350626e-18
590.1936183706074 2.6978355131185423e-18
590.2557279792946 2.7135563754316366e-18
590.3178375879819 2.702961379461128e-18
590.3799471966691 2.7436922298998725e-18
590.4420568053564 2.7319020408803424e-18
590.5041664140437 2.6684897472589503e-18
590.5662760227308 2.6554022279976465e-18
590.628385631418 2.676571893874639e-18
590.6904952401053 2.6292710232643785e-18
590.7526048487925 2.6895699579206116e-18
590.8147144574798 2.6832372720031125e-18
590.876824066167 2.6646175618882195e-18
590.9389336748543 2.6710758445515218e-18
591.0010432835415 2.6199459129576537e-18
591.0631528922287 2.6635136177195944e-18
591.1252625009159 2.6896949478871466e-18
591.1873721096032 2.6786446882246852e-18
591.2494817182904 2.6389504101638274e-18
591.3115913269777 2.5885713347020866e-18
591.3737009356649 2.6314464150973576e-18
591.4358105443522 2.6414286335562397e-18
591.4979201530393 2.5925751988710953e-18
591.5600297617266 2.622751584436038e-18
591.6221393704138 2.6065567247565408e-18
591.6842489791011 2.5744973821379062e-18
591.7463585877883 2.574924691790828e-18
591.8084681964756 2.5557477233255864e-18
591.8705778051628 2.6848907360785527e-18
591.9326874138501 2.610795998116192e-18
591.9947970225372 2.570793915206184e-18
592.0569066312245 2.614493796870968e-18
592.1190162399117 2.572183489126925e-18
592.181125848599 2.6130054741581905e-18
592.2432354572862 2.587198136829542e-18
592.3053450659735 2.6300801795769263e-18
592.3674546746606 2.60869396692258e-18
592.4295642833479 2.64426307288697e-18
592.4916738920351 2.504570501364475e-18
592.5537835007224 2.6001085734168588e-18
592.6158931094096 2.5636148373365843e-18
592.6780027180969 2.5686776703435257e-18
592.7401123267841 2.5837004696088687e-18
592.8022219354714 2.5481501782075463e-18
592.8643315441586 2.6459271787034987e-18
592.9264411528458 2.5676745301793626e-18
592.988550761533 2.5356258413108574e-18
593.0506603702203 2.521624578787717e-18
593.1127699789075 2.5159460176744922e-18
593.1748795875948 2.5694798257433106e-18
593.236989196282 2.505111955551789e-18
593.2990988049692 2.572282087969261e-18
593.3612084136564 2.576094603892181e-18
593.4233180223437 2.5767309729143127e-18
593.4854276310309 2.6066699356846655e-18
593.5475372397182 2.57438306491235e-18
593.6096468484054 2.549316857531791e-18
593.6717564570927 2.5380068290521635e-18
593.7338660657799 2.5420192042416316e-18
593.7959756744671 2.4988851796958265e-18
593.8580852831543 2.4510999783947584e-18
593.9201948918416 2.4324268644242145e-18
593.9823045005288 2.4019902563295335e-18
594.0444141092161 2.420086398961957e-18
594.1065237179033 2.478129217757127e-18
594.1686333265906 2.448853721315949e-18
594.2307429352777 2.4360272155318773e-18
594.292852543965 2.495820722307673e-18
594.3549621526522 2.4895612533118144e-18
594.4170717613395 2.4568901053996927e-18
594.4791813700267 2.452285961102986e-18
594.541290978714 2.4594289616800495e-18
594.6034005874012 2.464745546736e-18
594.6655101960885 2.4597091386766453e-18
594.7276198047756 2.4214401738005637e-18
594.7897294134629 2.382019687390891e-18
594.8518390221501 2.426610214032163e-18
594.9139486308374 2.4946478678236296e-18
594.9760582395246 2.4930277364797542e-18
595.0381678482119 2.4305473176254693e-18
595.100277456899 2.4144126752125853e-18
595.1623870655862 2.4854439049617016e-18
595.2244966742735 2.5446494081347233e-18
595.2866062829607 2.4905615583289593e-18
595.348715891648 2.453260416126393e-18
595.4108255003352 2.5010616470776523e-18
595.4729351090225 2.471371838112031e-18
595.5350447177098 2.417483521416657e-18
595.597154326397 2.4578627844522523e-18
595.6592639350841 2.4611001529919004e-18
595.7213735437714 2.432926791599233e-18
595.7834831524586 2.4528683042928903e-18
595.8455927611459 2.4433966018831738e-18
595.9077023698331 2.44828554584898e-18
595.9698119785204 2.5203090402992766e-18
596.0319215872075 2.4924747492734445e-18
596.0940311958948 2.393816025875445e-18
596.156140804582 2.376474946349244e-18
596.2182504132693 2.407887183982565e-18
596.2803600219565 2.4837377966214547e-18
596.3424696306438 2.465983393949604e-18
596.404579239331 2.4267736100965448e-18
596.4666888480183 2.5005734267604436e-18
596.5287984567054 2.484914418560528e-18
596.5909080653927 2.4146210249688366e-18
596.6530176740799 2.4774380843864405e-18
596.7151272827672 2.467051986301754e-18
596.7772368914544 2.41523130887536e-18
596.8393465001417 2.445819298834314e-18
596.9014561088289 2.4467347654033083e-18
596.9635657175161 2.4484017241884214e-18
597.0256753262033 2.4891699573842585e-18
597.0877849348906 2.397024484819502e-18
597.1498945435778 2.4328223182722334e-18
597.2120041522651 2.511322978081418e-18
597.2741137609523 2.4224565389942162e-18
597.3362233696396 2.4008593307193323e-18
597.3983329783268 2.4078886037772994e-18
597.460442587014 2.4323788001003502e-18
597.5225521957012 2.4579016714880242e-18
597.5846618043885 2.4644949244116705e-18
597.6467714130757 2.4079119549173835e-18
597.708881021763 2.4325408127577593e-18
597.7709906304502 2.4156542691724937e-18
597.8331002391374 2.4127790608365657e-18
597.8952098478246 2.432055436413076e-18
597.9573194565119 2.4489159550730657e-18
598.0194290651991 2.450324116376144e-18
598.0815386738864 2.3927629315466277e-18
598.1436482825736 2.4520289873221758e-18
598.2057578912609 2.4721823289994816e-18
598.2678674999481 2.4829036190800308e-18
598.3299771086354 2.4445783675369618e-18
598.3920867173225 2.4173654154364697e-18
598.4541963260098 2.374285020397167e-18
598.516305934697 2.3694045145774366e-18
598.5784155433843 2.4297463237315975e-18
598.6405251520715 2.402181603340093e-18
598.7026347607588 2.4152190678857245e-18
598.7647443694459 2.4074374750677655e-18
598.8268539781332 2.3965895755235784e-18
598.8889635868204 2.483746965622719e-18
598.9510731955077 2.5055885187263725e-18
599.0131828041949 2.5313522222616904e-18
599.0752924128822 2.5522674773387594e-18
599.1374020215694 2.543398107938221e-18
599.1995116302567 2.5061215472500503e-18
599.2616212389438 2.5342821702784617e-18
599.323730847631 2.5498824318805203e-18
599.3858404563183 2.5517633534915026e-18
599.4479500650056 2.4917146867263382e-18
599.5100596736928 2.427984161454586e-18
599.5721692823801 2.470047751057288e-18
599.6342788910673 2.5405576935101263e-18
599.6963884997544 2.557961818488409e-18
599.7584981084417 2.54978150620943e-18
599.820607717129 2.555869297383678e-18
599.8827173258162 2.5504062315167967e-18
599.9448269345035 2.517272347380252e-18
600.0069365431907 2.5073744212538298e-18
600.069046151878 2.558140119594917e-18
600.1311557605652 2.581759786401844e-18
600.1932653692523 2.558581031853512e-18
600.2553749779396 2.554318935963358e-18
600.3174845866268 2.5479976617530404e-18
600.3795941953141 2.52889702432365e-18
600.4417038040013 2.563340746549614e-18
600.5038134126886 2.5742869568032865e-18
600.5659230213757 2.5498103533617463e-18
600.628032630063 2.541525718087665e-18
600.6901422387502 2.5040684132767543e-18
600.7522518474375 2.545533367172089e-18
600.8143614561247 2.5888190743810642e-18
600.876471064812 2.53019765505762e-18
600.9385806734992 2.4902687103073272e-18
601.0006902821865 2.531257226128783e-18
601.0627998908736 2.5277845355771053e-18
601.1249094995609 2.5304190158664688e-18
601.1870191082481 2.553988024151002e-18
601.2491287169354 2.5480014882676522e-18
601.3112383256226 2.5181164055528186e-18
601.3733479343099 2.56635124941266e-18
601.4354575429971 2.529312646101271e-18
601.4975671516843 2.5606983572943968e-18
601.5596767603715 2.610813765518895e-18
601.6217863690588 2.5037885772603105e-18
601.683895977746 2.533182131797082e-18
601.7460055864333 2.495338789900697e-18
601.8081151951205 2.491694365059447e-18
601.8702248038078 2.4784931361156064e-18
601.932334412495 2.476615744643432e-18
601.9944440211822 2.5417137437312328e-18
602.0565536298694 2.5173258211510835e-18
602.1186632385567 2.5133255599507812e-18
602.1807728472439 2.562434465801371e-18
602.2428824559312 2.5274495308858364e-18
602.3049920646184 2.508555619748185e-18
602.3671016733057 2.614786168260664e-18
602.4292112819928 2.5987663318136353e-18
602.4913208906801 2.560132746554578e-18
602.5534304993673 2.613867577039692e-18
602.6155401080546 2.618110989344406e-18
602.6776497167418 2.5808611407190675e-18
602.7397593254291 2.5903285421698096e-18
602.8018689341163 2.5967264585843988e-18
602.8639785428036 2.58699191410346e-18
602.9260881514907 2.569288332808689e-18
602.988197760178 2.5487129882236806e-18
603.0503073688652 2.5249779850347447e-18
603.1124169775525 2.5462526822411096e-18
603.1745265862397 2.562431154010992e-18
603.236636194927 2.5518995249016422e-18
603.2987458036141 2.536302382379482e-18
603.3608554123014 2.544151918298363e-18
603.4229650209886 2.5793829566287673e-18
603.4850746296759 2.548181643466429e-18
603.5471842383631 2.5160586970250267e-18
603.6092938470504 2.5826396255733056e-18
603.6714034557376 2.571252513279666e-18
603.7335130644249 2.4998077493218424e-18
603.795622673112 2.5303376342575903e-18
603.8577322817993 2.5962182271950104e-18
603.9198418904865 2.589539520070745e-18
603.9819514991738 2.5286905967092967e-18
604.044061107861 2.532597564180455e-18
604.1061707165483 2.5849971965309573e-18
604.1682803252355 2.6066980585252003e-18
604.2303899339227 2.603157086263803e-18
604.2924995426099 2.561814577231998e-18
604.3546091512972 2.5151965062222576e-18
604.4167187599844 2.5174535451075156e-18
604.4788283686717 2.5494826726691377e-18
604.5409379773589 2.54390988133782e-18
604.6030475860462 2.5479838752146224e-18
604.6651571947334 2.5168263497222773e-18
604.7272668034205 2.486844853955737e-18
604.7893764121078 2.5032394099720202e-18
604.851486020795 2.5541717096742766e-18
604.9135956294823 2.5172411561655464e-18
604.9757052381696 2.5080371217776617e-18
605.0378148468568 2.5587495992057544e-18
605.099924455544 2.5053348178077467e-18
605.1620340642312 2.5188294268205295e-18
605.2241436729184 2.5570632505098636e-18
605.2862532816057 2.5861722054052025e-18
605.348362890293 2.525130938583248e-18
605.4104724989802 2.5722023053879808e-18
605.4725821076674 2.5992385343327227e-18
605.5346917163547 2.5721941743959524e-18
605.596801325042 2.6170490998864607e-18
605.6589109337291 2.57738105159906e-18
605.7210205424163 2.541781668299655e-18
605.7831301511036 2.595389888881935e-18
605.8452397597908 2.5888260092217775e-18
605.9073493684781 2.532132633745606e-18
605.9694589771653 2.570616555021862e-18
606.0315685858525 2.5649309802076856e-18
606.0936781945397 2.5127321279667484e-18
606.155787803227 2.509357457163205e-18
606.2178974119142 2.5939479304099448e-18
606.2800070206015 2.5564428244311115e-18
606.3421166292887 2.57172554146347e-18
606.404226237976 2.6064329434645606e-18
606.4663358466632 2.576934292421784e-18
606.5284454553504 2.5945125202181626e-18
606.5905550640376 2.594752782300218e-18
606.6526646727249 2.5922672932711587e-18
606.7147742814121 2.5894085743100104e-18
606.7768838900994 2.6304597292291776e-18
606.8389934987866 2.591350128860061e-18
606.9011031074739 2.602996701810269e-18
606.963212716161 2.6228763441141622e-18
607.0253223248483 2.575466915776968e-18
607.0874319335355 2.5299275520961854e-18
607.1495415422228 2.5650855976160366e-18
607.21165115091 2.6322856742898514e-18
607.2737607595973 2.6504604511260794e-18
607.3358703682845 2.600792206801189e-18
607.3979799769718 2.687154873103995e-18
607.4600895856589 2.8953487456457836e-18
607.5221991943462 3.094556334142971e-18
607.5843088030334 3.32923385898794e-18
607.6464184117207 3.4324720035412977e-18
607.7085280204079 3.4893471381592776e-18
607.7706376290952 3.4946039402390735e-18
607.8327472377823 3.4197879507902048e-18
607.8948568464696 3.3773759315621588e-18
607.9569664551568 3.2290248949374135e-18
608.0190760638441 3.0355296473312765e-18
608.0811856725313 2.9020132585780443e-18
608.1432952812186 2.776930966753896e-18
608.2054048899058 2.6374851272236038e-18
608.2675144985931 2.6124493799919635e-18
608.3296241072803 2.629831884413778e-18
608.3917337159675 2.615579439439586e-18
608.4538433246547 2.618216565789365e-18
608.515952933342 2.603314352336839e-18
608.5780625420292 2.6200120613235487e-18
608.6401721507165 2.638846138376458e-18
608.7022817594037 2.5885465052123932e-18
608.7643913680909 2.586863084302584e-18
608.8265009767781 2.626498924524411e-18
608.8886105854654 2.6329979387231214e-18
608.9507201941526 2.6249586118841508e-18
609.0128298028399 2.5948110263690993e-18
609.0749394115271 2.634663333292488e-18
609.1370490202144 2.649570999862159e-18
609.1991586289016 2.6216714161237315e-18
609.2612682375888 2.586896615593826e-18
609.323377846276 2.5298848338294004e-18
609.3854874549633 2.58917766552049e-18
609.4475970636505 2.6584968654910078e-18
609.5097066723378 2.633026035697976e-18
609.571816281025 2.5877205539936025e-18
609.6339258897123 2.613868812178134e-18
609.6960354983994 2.6472925715862513e-18
609.7581451070866 2.61810654820179e-18
609.8202547157739 2.585212202848179e-18
609.8823643244612 2.5647756693040637e-18
609.9444739331484 2.61918617962345e-18
610.0065835418357 2.61587201764831e-18
610.0686931505229 2.581545010927325e-18
610.1308027592102 2.620196399035345e-18
610.1929123678973 2.652837903496528e-18
610.2550219765845 2.617586207335358e-18
610.3171315852718 2.581068732765451e-18
610.379241193959 2.600934097738235e-18
610.4413508026463 2.6254175149806526e-18
610.5034604113335 2.6191848659001133e-18
610.5655700200207 2.660015805915917e-18
610.6276796287079 2.636350407252914e-18
610.6897892373952 2.6343948555613564e-18
610.7518988460824 2.6138489814110396e-18
610.8140084547697 2.591316648034693e-18
610.8761180634569 2.6529513937539694e-18
610.9382276721442 2.6620979454583223e-18
611.0003372808314 2.6054973269766388e-18
611.0624468895187 2.6403183661755483e-18
611.1245564982058 2.6252243311629825e-18
611.1866661068931 2.6127646678695556e-18
611.2487757155803 2.6412284469255883e-18
611.3108853242676 2.601280500194077e-18
611.3729949329548 2.628461814792013e-18
611.4351045416421 2.6393850366830644e-18
611.4972141503292 2.64271225066353e-18
611.5593237590165 2.6481493654804574e-18
611.6214333677037 2.6510754072719518e-18
611.683542976391 2.62457114889324e-18
611.7456525850782 2.6077243556316962e-18
611.8077621937655 2.5827830512582176e-18
611.8698718024527 2.564056413693116e-18
611.93198141114 2.5936223471389222e-18
611.9940910198271 2.6244349654131308e-18
612.0562006285144 2.59127311149104e-18
612.1183102372016 2.599975652646395e-18
612.1804198458889 2.648438727443324e-18
612.2425294545761 2.6670919924982374e-18
612.3046390632634 2.573812719199186e-18
612.3667486719506 2.5900842608563906e-18
612.4288582806378 2.604781340444333e-18
612.490967889325 2.595715668366293e-18
612.5530774980123 2.597017671323912e-18
612.6151871066995 2.5566013230937227e-18
612.6772967153868 2.4779270839734064e-18
612.739406324074 2.470673595763251e-18
612.8015159327613 2.453742134596262e-18
612.8636255414485 2.4812022404614972e-18
612.9257351501357 2.5435430241654243e-18
612.9878447588229 2.542690658804157e-18
613.0499543675102 2.5368470344653954e-18
613.1120639761974 2.607197850450768e-18
613.1741735848847 2.6310456915542343e-18
613.2362831935719 2.6317689327557695e-18
613.2983928022591 2.6661113446048878e-18
613.3605024109463 2.6259677028389346e-18
613.4226120196336 2.566796567411446e-18
613.4847216283208 2.5955263941555768e-18
613.5468312370081 2.6271817612222958e-18
613.6089408456953 2.6527135753901056e-18
613.6710504543826 2.6424227294210907e-18
613.7331600630698 2.5366965346705742e-18
613.7952696717571 2.5574295944220202e-18
613.8573792804442 2.6146730940003413e-18
613.9194888891315 2.562403143725298e-18
613.9815984978187 2.5168992459304735e-18
614.043708106506 2.562249384181121e-18
614.1058177151932 2.631397552011696e-18
614.1679273238805 2.635706345485953e-18
614.2300369325676 2.638875519466526e-18
614.2921465412549 2.6363615471191087e-18
614.3542561499421 2.6517260096907802e-18
614.4163657586294 2.6278366674906476e-18
614.4784753673166 2.5684616430011983e-18
614.5405849760039 2.5961702137023203e-18
614.6026945846911 2.6707259964920858e-18
614.6648041933784 2.604197820810019e-18
614.7269138020655 2.557784928530393e-18
614.7890234107527 2.585954076076792e-18
614.85113301944 2.6038237148519753e-18
614.9132426281273 2.6100710628477814e-18
614.9753522368145 2.5506677424664144e-18
615.0374618455018 2.5727152274276793e-18
615.099571454189 2.648417707567554e-18
615.1616810628761 2.6068575245637807e-18
615.2237906715634 2.522374436588918e-18
615.2859002802506 2.500420649500676e-18
615.3480098889379 2.536348252495261e-18
615.4101194976251 2.566054316159255e-18
615.4722291063124 2.5893532519142958e-18
615.5343387149996 2.5823756647702176e-18
615.5964483236869 2.598204449254949e-18
615.658557932374 2.533059892833138e-18
615.7206675410613 2.570022047395512e-18
615.7827771497485 2.5950585705382315e-18
615.8448867584358 2.5580673283322787e-18
615.906996367123 2.5974132513040982e-18
615.9691059758103 2.531457669967659e-18
616.0312155844974 2.5339074049704922e-18
616.0933251931847 2.596589871625518e-18
616.1554348018719 2.5984591616833935e-18
616.2175444105592 2.5959125602413205e-18
616.2796540192464 2.6055748888071007e-18
616.3417636279337 2.6127117839160905e-18
616.4038732366209 2.597609468877293e-18
616.4659828453082 2.562010902469597e-18
616.5280924539954 2.5817825798445215e-18
616.5902020626826 2.5347208827555763e-18
616.6523116713698 2.544464091070263e-18
616.7144212800571 2.5891972670957396e-18
616.7765308887443 2.577468504686629e-18
616.8386404974316 2.5477521445679822e-18
616.9007501061188 2.5612862111601327e-18
616.962859714806 2.5854587145967168e-18
617.0249693234932 2.5640372437570606e-18
617.0870789321805 2.5180618061041145e-18
617.1491885408677 2.5613058162964963e-18
617.211298149555 2.5320906798609553e-18
617.2734077582422 2.52905444306656e-18
617.3355173669295 2.5899865747534425e-18
617.3976269756167 2.5593477992021107e-18
617.4597365843039 2.5299868556442158e-18
617.5218461929911 2.5637812033250883e-18
617.5839558016784 2.5846665049298395e-18
617.6460654103656 2.5741159262692464e-18
617.7081750190529 2.584999957025695e-18
617.7702846277401 2.586607816771778e-18
617.8323942364274 2.5730256121943236e-18
617.8945038451145 2.5588275817476933e-18
617.9566134538018 2.5597009551211814e-18
618.018723062489 2.573300562066474e-18
618.0808326711763 2.5655556373125425e-18
618.1429422798635 2.5250509404139175e-18
618.2050518885508 2.5032145456514516e-18
618.267161497238 2.5294337776354525e-18
618.3292711059253 2.491831246098095e-18
618.3913807146124 2.553686500374757e-18
618.4534903232997 2.5839115652900358e-18
618.5155999319869 2.579533850282039e-18
618.5777095406742 2.5299571970124053e-18
618.6398191493614 2.535189534664898e-18
618.7019287580487 2.58320346772132e-18
618.7640383667358 2.590173234352583e-18
618.826147975423 2.5699244159138463e-18
618.8882575841103 2.523390907530715e-18
618.9503671927976 2.565208278008651e-18
619.0124768014848 2.563032382146661e-18
619.0745864101721 2.5682875789461556e-18
619.1366960188593 2.5776673001709684e-18
619.1988056275466 2.5529580573455185e-18
619.2609152362338 2.545364325010979e-18
619.323024844921 2.53966751774629e-18
619.3851344536082 2.5858536682510513e-18
619.4472440622955 2.5501687809951465e-18
619.5093536709827 2.4518071368470123e-18
619.57146327967 2.476877607803667e-18
619.6335728883572 2.5184803523164486e-18
619.6956824970443 2.516888272666979e-18
619.7577921057316 2.584130159770175e-18
619.8199017144188 2.5821516882530136e-18
619.8820113231061 2.546558494297912e-18
619.9441209317933 2.5309209808609667e-18
620.0062305404806 2.5715750927062608e-18
620.0683401491679 2.5718056454503594e-18
620.1304497578551 2.5474559523623782e-18
620.1925593665422 2.5122387281921925e-18
620.2546689752295 2.5316877713502373e-18
620.3167785839167 2.5430285167614144e-18
620.378888192604 2.547895957205712e-18
620.4409978012912 2.530647322113288e-18
620.5031074099785 2.52309725451819e-18
620.5652170186657 2.5382666017114827e-18
620.6273266273529 2.4701239060937466e-18
620.6894362360401 2.475065719466666e-18
620.7515458447274 2.531436528078988e-18
620.8136554534146 2.532353140020465e-18
620.8757650621019 2.4854151654268577e-18
620.9378746707891 2.5768892952852062e-18
620.9999842794764 2.545621873051149e-18
621.0620938881636 2.5166111608881363e-18
621.1242034968508 2.5324289955385527e-18
621.186313105538 2.5859308196760222e-18
621.2484227142253 2.6083948218158316e-18
621.3105323229125 2.567998805274388e-18
621.3726419315998 2.5488290392390138e-18
621.434751540287 2.570199925723756e-18
621.4968611489742 2.5437194235519117e-18
621.5589707576614 2.503720991521799e-18
621.6210803663487 2.5023521882590568e-18
621.6831899750359 2.547577485599237e-18
621.7452995837232 2.524474646045604e-18
621.8074091924104 2.51702097505511e-18
621.8695188010977 2.5145621092541036e-18
621.9316284097849 2.563849761272357e-18
621.9937380184722 2.5301102648170705e-18
622.0558476271593 2.4522410190744367e-18
622.1179572358466 2.478060234853321e-18
622.1800668445338 2.4921835268512013e-18
622.2421764532211 2.4723551929176054e-18
622.3042860619083 2.448767242439945e-18
622.3663956705956 2.488120534215323e-18
622.4285052792827 2.526216176235581e-18
622.49061488797 2.4970958079454806e-18
622.5527244966572 2.4779885395131815e-18
622.6148341053445 2.459340396448692e-18
622.6769437140317 2.5127967073601374e-18
622.739053322719 2.550760112648707e-18
622.8011629314062 2.491271800323105e-18
622.8632725400935 2.503654596184031e-18
622.9253821487806 2.5037785040368645e-18
622.9874917574679 2.475780098520694e-18
623.0496013661551 2.462380365414677e-18
623.1117109748424 2.514040889490315e-18
623.1738205835296 2.5243930446624184e-18
623.2359301922169 2.51398793211923e-18
623.2980398009041 2.489095829289801e-18
623.3601494095913 2.5189643549996656e-18
623.4222590182785 2.570565912034616e-18
623.4843686269658 2.555560350335089e-18
623.546478235653 2.526509388532155e-18
623.6085878443403 2.4749350960120216e-18
623.6706974530275 2.4852374760392724e-18
623.7328070617148 2.5280623319669764e-18
623.794916670402 2.5493701321797685e-18
623.8570262790892 2.5158865196127972e-18
623.9191358877764 2.5213675291904843e-18
623.9812454964637 2.5117283815008033e-18
624.0433551051509 2.4917240665484826e-18
624.1054647138382 2.5118001332563805e-18
624.1675743225254 2.5468044182443208e-18
624.2296839312125 2.503182837460774e-18
624.2917935398998 2.4838020109552392e-18
624.353903148587 2.5141952573426766e-18
624.4160127572743 2.550492492999681e-18
624.4781223659616 2.5322986666089107e-18
624.5402319746488 2.502469563304694e-18
624.602341583336 2.460948128335505e-18
624.6644511920233 2.4578256307606307e-18
624.7265608007106 2.5100145510285685e-18
624.7886704093977 2.538409652384438e-18
624.850780018085 2.5135329538289656e-18
624.9128896267722 2.4958666523268196e-18
624.9749992354594 2.5335534358175296e-18
625.0371088441467 2.5489637219041585e-18
625.099218452834 2.5328312017616624e-18
625.1613280615211 2.538199182015742e-18
625.2234376702083 2.5199708475769353e-18
625.2855472788956 2.5343036584650785e-18
625.3476568875828 2.5488134058146165e-18
625.4097664962701 2.5371499667580682e-18
625.4718761049573 2.536958156975527e-18
625.5339857136446 2.5059481864278222e-18
625.5960953223318 2.5287925557775726e-18
625.658204931019 2.5185683285936603e-18
625.7203145397062 2.5149546804095208e-18
625.7824241483935 2.5068049500399566e-18
625.8445337570807 2.5328198636197218e-18
625.906643365768 2.5171073256324886e-18
625.9687529744552 2.4879677603036718e-18
626.0308625831425 2.4938378148445843e-18
626.0929721918296 2.5057358370329594e-18
626.1550818005169 2.5620688845094185e-18
626.2171914092041 2.5837602079514352e-18
626.2793010178914 2.498799693972806e-18
626.3414106265786 2.4893936245484467e-18
626.4035202352659 2.5084340914421203e-18
626.4656298439531 2.4820073754252704e-18
626.5277394526404 2.4944934281677902e-18
626.5898490613275 2.5392946024018496e-18
626.6519586700148 2.471151488810179e-18
626.714068278702 2.46003955787535e-18
626.7761778873893 2.459453964875744e-18
626.8382874960765 2.44953731449662e-18
626.9003971047638 2.483584947218175e-18
626.9625067134509 2.4900767658259173e-18
627.0246163221382 2.4923206069381875e-18
627.0867259308254 2.49623596682976e-18
627.1488355395127 2.475910487989929e-18
627.2109451481999 2.4804261840659523e-18
627.2730547568872 2.4990952615833894e-18
627.3351643655744 2.4880412192864888e-18
627.3972739742617 2.4666820051949627e-18
627.4593835829488 2.445260830844938e-18
627.5214931916361 2.4439700873341867e-18
627.5836028003233 2.464268649949784e-18
627.6457124090106 2.437230561097125e-18
627.7078220176978 2.404919177032929e-18
627.7699316263851 2.414566089500122e-18
627.8320412350723 2.399893561703652e-18
627.8941508437595 2.352390468185448e-18
627.9562604524467 2.3474496743132357e-18
628.018370061134 2.365443082661947e-18
628.0804796698212 2.4051940806283418e-18
628.1425892785085 2.4255253883130582e-18
628.2046988871957 2.426627447392838e-18
628.266808495883 2.4396823514952277e-18
628.3289181045702 2.4216761969947726e-18
628.3910277132574 2.420595373047513e-18
628.4531373219446 2.4020868457481692e-18
628.5152469306319 2.424793979101815e-18
628.5773565393191 2.472231262423204e-18
628.6394661480064 2.4696816054753274e-18
628.7015757566936 2.4384751474473473e-18
628.7636853653809 2.450132758715673e-18
628.825794974068 2.4791855543146684e-18
628.8879045827553 2.4647550381183357e-18
628.9500141914425 2.380687399660766e-18
629.0121238001298 2.3911475267783313e-18
629.074233408817 2.4229902206492316e-18
629.1363430175043 2.402680450938834e-18
629.1984526261915 2.4367604977134043e-18
629.2605622348788 2.426841500907894e-18
629.3226718435659 2.331765145340343e-18
629.3847814522532 2.3945648869431954e-18
629.4468910609404 2.4732308968548346e-18
629.5090006696277 2.4583261803089105e-18
629.5711102783149 2.4165444764038446e-18
629.6332198870022 2.4654550844442027e-18
629.6953294956893 2.456994671720526e-18
629.7574391043765 2.467952838910849e-18
629.8195487130638 2.5023100012268358e-18
629.881658321751 2.4743861720047382e-18
629.9437679304383 2.4522445599864317e-18
630.0058775391255 2.4431044315926172e-18
630.0679871478128 2.4398668148109323e-18
630.1300967565 2.3952963938068268e-18
630.1922063651872 2.4271457198514352e-18
630.2543159738744 2.4924464333845688e-18
630.3164255825617 2.4911932792824845e-18
630.378535191249 2.4952439734744166e-18
630.4406447999362 2.4021267729300473e-18
630.5027544086234 2.455297075011105e-18
630.5648640173107 2.478353484542632e-18
630.6269736259978 2.4359369955212337e-18
630.6890832346851 2.4682975500556444e-18
630.7511928433723 2.505419030772653e-18
630.8133024520596 2.4312117191352284e-18
630.8754120607468 2.4051058162840013e-18
630.9375216694341 2.4564991126963605e-18
630.9996312781213 2.4403631571789793e-18
631.0617408868086 2.424331042205611e-18
631.1238504954957 2.400680043931339e-18
631.185960104183 2.40666361661122e-18
631.2480697128702 2.4660937694416063e-18
631.3101793215575 2.4969972256215977e-18
631.3722889302447 2.464142488739514e-18
631.434398538932 2.4403110751858957e-18
631.4965081476192 2.4494317237477288e-18
631.5586177563064 2.3736309105653163e-18
631.6207273649936 2.3059915045846e-18
631.6828369736809 2.297520171032442e-18
631.7449465823681 2.381882207767405e-18
631.8070561910554 2.438995635920659e-18
631.8691657997426 2.4512717206525163e-18
631.9312754084299 2.4720618849326567e-18
631.9933850171171 2.4159703681983497e-18
632.0554946258043 2.4147605524874755e-18
632.1176042344915 2.4440357516722967e-18
632.1797138431788 2.4572821232493787e-18
632.241823451866 2.4647944413533194e-18
632.3039330605533 2.4707842286545016e-18
632.3660426692405 2.4405980781677616e-18
632.4281522779277 2.4726572524164042e-18
632.4902618866149 2.524423440160218e-18
632.5523714953022 2.480285081264352e-18
632.6144811039894 2.4569202031995115e-18
632.6765907126767 2.450673480154442e-18
632.7387003213639 2.4500512874041677e-18
632.8008099300512 2.485534950178823e-18
632.8629195387384 2.4469388592195422e-18
632.9250291474256 2.3991127010428255e-18
632.9871387561128 2.426346467057646e-18
633.0492483648001 2.473179758017739e-18
633.1113579734873 2.4900821115115455e-18
633.1734675821746 2.453641169776341e-18
633.2355771908618 2.450659871363855e-18
633.2976867995491 2.4347941882651654e-18
633.3597964082362 2.4533828334757953e-18
633.4219060169235 2.457891893058796e-18
633.4840156256107 2.5102466942321877e-18
633.546125234298 2.517144088221918e-18
633.6082348429852 2.4716436699377693e-18
633.6703444516725 2.5093516313980886e-18
633.7324540603597 2.481797953090974e-18
633.794563669047 2.4632933125622153e-18
633.8566732777341 2.4724345304875336e-18
633.9187828864214 2.4847179348432705e-18
633.9808924951086 2.4789040911031053e-18
634.0430021037959 2.4501942444970026e-18
634.1051117124831 2.4314345165822543e-18
634.1672213211704 2.4544972498526306e-18
634.2293309298575 2.455000547378222e-18
634.2914405385447 2.464116116972486e-18
634.353550147232 2.4689211978554017e-18
634.4156597559193 2.451913354560439e-18
634.4777693646065 2.4846072819448436e-18
634.5398789732938 2.5096791279432556e-18
634.601988581981 2.464487177001425e-18
634.6640981906683 2.4503520967427687e-18
634.7262077993555 2.480947163127674e-18
634.7883174080426 2.4483413466632703e-18
634.8504270167299 2.4149379682467185e-18
634.9125366254171 2.4575464861506927e-18
634.9746462341044 2.4694884961108045e-18
635.0367558427916 2.466431580462677e-18
635.0988654514789 2.4575104930775565e-18
635.160975060166 2.3858435147265297e-18
635.2230846688533 2.420689809468683e-18
635.2851942775405 2.479968691388863e-18
635.3473038862278 2.421770057052844e-18
635.409413494915 2.470101672944977e-18
635.4715231036023 2.4788448200995355e-18
635.5336327122895 2.4656034425893007e-18
635.5957423209768 2.431465652722264e-18
635.6578519296639 2.4451345371374717e-18
635.7199615383512 2.4842316034848854e-18
635.7820711470384 2.518308083560858e-18
635.8441807557257 2.5044214132652907e-18
635.9062903644129 2.458637426699697e-18
635.9683999731002 2.4328358520921683e-18
636.0305095817874 2.4378816510404855e-18
636.0926191904746 2.4626067432922025e-18
636.1547287991618 2.4293432968790314e-18
636.2168384078491 2.495149589776532e-18
636.2789480165363 2.5069697804530015e-18
636.3410576252236 2.4311943044051963e-18
636.4031672339108 2.4275545052423697e-18
636.4652768425981 2.462705165770933e-18
636.5273864512853 2.4332094363561765e-18
636.5894960599725 2.44244597774873e-18
636.6516056686597 2.4616635572942883e-18
636.713715277347 2.4445485469223535e-18
636.7758248860342 2.478795031710154e-18
636.8379344947215 2.4893897114176787e-18
636.9000441034087 2.4558140529876258e-18
636.9621537120959 2.447242587410265e-18
637.0242633207831 2.4187300466325152e-18
637.0863729294704 2.4224987218403125e-18
637.1484825381576 2.442265874941541e-18
637.2105921468449 2.350680688123909e-18
637.2727017555321 2.3444321770874833e-18
637.3348113642194 2.5052543857743025e-18
637.3969209729066 2.4526184863238738e-18
637.4590305815939 2.390935661530883e-18
637.521140190281 2.4206608421072903e-18
637.5832497989683 2.4441094020286875e-18
637.6453594076555 2.4047652845437273e-18
637.7074690163428 2.4576991375860884e-18
637.76957862503 2.4550320974691946e-18
637.8316882337173 2.4155989361203263e-18
637.8937978424044 2.4217562340952463e-18
637.9559074510917 2.4194779584382285e-18
638.0180170597789 2.4517100827248017e-18
638.0801266684662 2.4486288453897494e-18
638.1422362771534 2.4265360111875975e-18
638.2043458858407 2.4180110601743023e-18
638.2664554945279 2.396515901354174e-18
638.3285651032152 2.374692356541417e-18
638.3906747119023 2.4325549387603436e-18
638.4527843205896 2.4333072966335216e-18
638.5148939292768 2.4156207984283612e-18
638.5770035379641 2.4603731810819524e-18
638.6391131466513 2.4352033491812316e-18
638.7012227553386 2.4441844499859427e-18
638.7633323640258 2.4768296653348873e-18
638.825441972713 2.4295391468886564e-18
638.8875515814002 2.4058995424164137e-18
638.9496611900875 2.4224234851153722e-18
639.0117707987747 2.403269676642432e-18
639.073880407462 2.4316093029963943e-18
639.1359900161492 2.459081962989934e-18
639.1980996248365 2.4684935310984246e-18
639.2602092335237 2.4265675300587613e-18
639.3223188422108 2.4206805766387714e-18
639.3844284508981 2.4562366911748956e-18
639.4465380595854 2.458588620285536e-18
639.5086476682726 2.425437712765849e-18
639.5707572769599 2.3634332405692634e-18
639.6328668856471 2.4252629795630334e-18
639.6949764943342 2.4803001821750822e-18
639.7570861030215 2.397411511300149e-18
639.8191957117087 2.392418798834922e-18
639.881305320396 2.4738665082927976e-18
639.9434149290832 2.5256066281822432e-18
640.0055245377705 2.4236644196566465e-18
640.0676341464577 2.4007683359251126e-18
640.129743755145 2.417560783479573e-18
640.1918533638323 2.3886399620420923e-18
640.2539629725194 2.391490820707806e-18
640.3160725812066 2.4297980504012498e-18
640.3781821898939 2.4288027609668332e-18
640.4402917985811 2.3995469050641422e-18
640.5024014072684 2.415729350395169e-18
640.5645110159556 2.4055826092506666e-18
640.6266206246428 2.3941763667323137e-18
640.68873023333 2.436256005580896e-18
640.7508398420173 2.44772706780385e-18
640.8129494507045 2.4234127469425794e-18
640.8750590593918 2.383065833738148e-18
640.937168668079 2.4539149490271337e-18
640.9992782767663 2.469366733566088e-18
641.0613878854535 2.4420786345104113e-18
641.1234974941407 2.394706379954246e-18
641.1856071028279 2.4051491001695073e-18
641.2477167115152 2.38618594790872e-18
641.3098263202024 2.3759009730111453e-18
641.3719359288897 2.4266143421581936e-18
641.4340455375769 2.3926913567677583e-18
641.4961551462642 2.4021056849218696e-18
641.5582647549513 2.381980970936054e-18
641.6203743636386 2.411035405007107e-18
641.6824839723258 2.424957048925704e-18
641.7445935810131 2.4096337738940406e-18
641.8067031897003 2.3900713124403743e-18
641.8688127983876 2.3873612902044414e-18
641.9309224070748 2.377654786561126e-18
641.9930320157621 2.391131868683769e-18
642.0551416244492 2.4050696857463434e-18
642.1172512331365 2.4178484905942564e-18
642.1793608418237 2.45952406847286e-18
642.241470450511 2.46450739725857e-18
642.3035800591982 2.385835701978544e-18
642.3656896678855 2.380672663137437e-18
642.4277992765726 2.424546834030758e-18
642.4899088852599 2.371788482760747e-18
642.5520184939471 2.3532280184662964e-18
642.6141281026344 2.389373210190332e-18
642.6762377113216 2.388140852614161e-18
642.7383473200089 2.367105119078862e-18
642.8004569286961 2.4210260835338603e-18
642.8625665373834 2.3984928843856496e-18
642.9246761460706 2.3453822765233533e-18
642.9867857547578 2.3648079529414925e-18
643.048895363445 2.3756640399037383e-18
643.1110049721323 2.380795518796509e-18
643.1731145808195 2.4069643018051987e-18
643.2352241895068 2.418132918675748e-18
643.297333798194 2.434722958173583e-18
643.3594434068812 2.41935292198727e-18
643.4215530155684 2.368631166989415e-18
643.4836626242557 2.3963918371308583e-18
643.5457722329429 2.3664628180502253e-18
643.6078818416302 2.4046015179096793e-18
643.6699914503174 2.4785959367922104e-18
643.7321010590047 2.4107430070850094e-18
643.7942106676919 2.3627567651469843e-18
643.856320276379 2.352460713526668e-18
643.9184298850663 2.4131156436558957e-18
643.9805394937536 2.4694611235815497e-18
644.0426491024408 2.4174855248033432e-18
644.104758711128 2.3431952146312187e-18
644.1668683198153 2.3761473119148552e-18
644.2289779285026 2.4071730793608683e-18
644.2910875371897 2.4098489999490064e-18
644.353197145877 2.415110869618171e-18
644.4153067545642 2.38274752091483e-18
644.4774163632515 2.3830627194072805e-18
644.5395259719387 2.3927169118880365e-18
644.601635580626 2.3708279894949107e-18
644.6637451893132 2.371577226256448e-18
644.7258547980005 2.3972763668752385e-18
644.7879644066876 2.3909966786347806e-18
644.8500740153748 2.394789763689543e-18
644.9121836240621 2.3253263262658395e-18
644.9742932327493 2.368824784476491e-18
645.0364028414366 2.4379475578388674e-18
645.0985124501238 2.360395193350208e-18
645.160622058811 2.355389228733402e-18
645.2227316674982 2.385756043572665e-18
645.2848412761855 2.380030077004542e-18
645.3469508848727 2.4336634031028153e-18
645.40906049356 2.4554399416312373e-18
645.4711701022472 2.359943546356072e-18
645.5332797109345 2.3569486740830242e-18
645.5953893196217 2.4000355480697684e-18
645.657498928309 2.3911485998417985e-18
645.7196085369961 2.3968555023939984e-18
645.7817181456834 2.3959358772034997e-18
645.8438277543706 2.377651670118085e-18
645.9059373630579 2.3610619958949814e-18
645.9680469717451 2.3193270581640673e-18
646.0301565804324 2.289971933884652e-18
646.0922661891195 2.315363253215132e-18
646.1543757978068 2.3322684041777436e-18
646.216485406494 2.332489413369925e-18
646.2785950151813 2.3529142043374224e-18
646.3407046238685 2.3856827436552113e-18
646.4028142325558 2.3737637745153318e-18
646.464923841243 2.3704961656361804e-18
646.5270334499303 2.340774176892504e-18
646.5891430586174 2.3436325263161128e-18
646.6512526673047 2.3929210521516456e-18
646.7133622759919 2.3731342967863607e-18
646.7754718846792 2.3511248691897014e-18
646.8375814933664 2.323324777379125e-18
646.8996911020537 2.3262729774141498e-18
646.9618007107409 2.381964841825001e-18
647.0239103194281 2.362211707382673e-18
647.0860199281153 2.322794709953621e-18
647.1481295368026 2.3138761045360387e-18
647.2102391454898 2.287955872759921e-18
647.2723487541771 2.2916047951656674e-18
647.3344583628643 2.3639473353592075e-18
647.3965679715516 2.375444185772265e-18
647.4586775802388 2.38742193232681e-18
647.520787188926 2.360744230903897e-18
647.5828967976132 2.3212329115020866e-18
647.6450064063005 2.3352130089610546e-18
647.7071160149877 2.2908890898023133e-18
647.769225623675 2.3334949972455347e-18
647.8313352323622 2.357942974844381e-18
647.8934448410494 2.2742475181819047e-18
647.9555544497366 2.2912553391583477e-18
648.0176640584239 2.2996954218687828e-18
648.0797736671111 2.3475802130455418e-18
648.1418832757984 2.3950659146081656e-18
648.2039928844856 2.373925534791669e-18
648.2661024931729 2.350990340173927e-18
648.3282121018601 2.353783566926294e-18
648.3903217105474 2.3158951540331085e-18
648.4524313192345 2.2827006603049017e-18
648.5145409279218 2.2879448931792667e-18
648.576650536609 2.2851879818011827e-18
648.6387601452963 2.2775536796760605e-18
648.7008697539835 2.2843898396899878e-18
648.7629793626706 2.3447889371261076e-18
648.8250889713579 2.3745821596875076e-18
648.8871985800452 2.3455054318777782e-18
648.9493081887324 2.361636434120308e-18
649.0114177974197 2.391258997859066e-18
649.0735274061069 2.358966578468865e-18
649.1356370147942 2.3067822512732594e-18
649.1977466234814 2.3333297235661992e-18
649.2598562321687 2.3155487949550046e-18
649.3219658408559 2.2565695705188523e-18
649.384075449543 2.3121536326625276e-18
649.4461850582303 2.3458475560894704e-18
649.5082946669175 2.3459532803684414e-18
649.5704042756048 2.312681794352382e-18
649.632513884292 2.30222305664006e-18
649.6946234929792 2.3513793194104657e-18
649.7567331016664 2.339653146951039e-18
649.8188427103537 2.3049402177638743e-18
649.880952319041 2.3252037543346623e-18
649.9430619277282 2.3423378792202915e-18
650.0051715364154 2.356409820968725e-18
650.0672811451027 2.347665407948679e-18
650.12939075379 2.2969877512591715e-18
650.1915003624772 2.333758743725166e-18
650.2536099711643 2.400761833134978e-18
650.3157195798516 2.400786390018701e-18
650.3778291885388 2.325800114044025e-18
650.4399387972261 2.3165885045921553e-18
650.5020484059133 2.292927335475257e-18
650.5641580146006 2.2880858528530532e-18
650.6262676232877 2.234555220987476e-18
650.688377231975 2.249451828026565e-18
650.7504868406622 2.3367560313090208e-18
650.8125964493495 2.340599541048959e-18
650.8747060580367 2.3636897341929874e-18
650.936815666724 2.3024800859386226e-18
650.9989252754112 2.2420999319997653e-18
651.0610348840985 2.255185561459542e-18
651.1231444927857 2.2819305872188913e-18
651.1852541014729 2.3239472261670642e-18
651.2473637101601 2.333291364796497e-18
651.3094733188474 2.329148371735e-18
651.3715829275346 2.335777546413983e-18
651.4336925362219 2.3653312544933365e-18
651.495802144909 2.3647492042533306e-18
651.5579117535963 2.363088101048432e-18
651.6200213622835 2.3884812441914673e-18
651.6821309709708 2.3929941748051626e-18
651.744240579658 2.3865962954252664e-18
651.8063501883453 2.4002399428733116e-18
651.8684597970325 2.3557046052928968e-18
651.9305694057198 2.2986576143101806e-18
651.992679014407 2.3811982269890377e-18
652.0547886230943 2.3479850161926956e-18
652.1168982317814 2.319900318873951e-18
652.1790078404687 2.3073348630440004e-18
652.2411174491559 2.244601042594959e-18
652.3032270578432 2.284737627899149e-18
652.3653366665304 2.2847678579779614e-18
652.4274462752176 2.2787211747626763e-18
652.4895558839048 2.285730431649987e-18
652.5516654925921 2.327411062324377e-18
652.6137751012793 2.373014398324923e-18
652.6758847099666 2.392956971803504e-18
652.7379943186538 2.3871854428771633e-18
652.8001039273411 2.4610986515824413e-18
652.8622135360283 2.5509592351431865e-18
652.9243231447156 2.524335392018747e-18
652.9864327534027 2.462512132381662e-18
653.04854236209 2.50844233234269e-18
653.1106519707772 2.4598418898461804e-18
653.1727615794645 2.4067207697781226e-18
653.2348711881517 2.4608071532596445e-18
653.296980796839 2.3923980789720427e-18
653.3590904055261 2.2734772220794745e-18
653.4212000142134 2.2429866305578268e-18
653.4833096229006 2.2217582285431374e-18
653.5454192315879 2.2763041128612257e-18
653.6075288402751 2.299634815273653e-18
653.6696384489624 2.262726280316906e-18
653.7317480576496 2.274331583170115e-18
653.7938576663369 2.2150433014067043e-18
653.8559672750241 2.1664175385991022e-18
653.9180768837113 2.203785656718033e-18
653.9801864923985 2.232007838650149e-18
654.0422961010858 2.2414835808459187e-18
654.104405709773 2.2442441737719046e-18
654.1665153184603 2.2439474646045993e-18
654.2286249271474 2.2872522267680263e-18
654.2907345358346 2.2523538159203776e-18
654.3528441445219 2.2222178158341606e-18
654.4149537532091 2.2707363493516918e-18
654.4770633618964 2.285211013584254e-18
654.5391729705836 2.2391963168460666e-18
654.6012825792709 2.2848864128191697e-18
654.6633921879582 2.2788112292911984e-18
654.7255017966454 2.248513827528456e-18
654.7876114053327 2.23071918079916e-18
654.8497210140198 2.228759285629465e-18
654.911830622707 2.2270892525372726e-18
654.9739402313943 2.258024737455906e-18
655.0360498400815 2.2646418933199953e-18
655.0981594487688 2.23686765159164e-18
655.1602690574559 2.2436676278201335e-18
655.2223786661432 2.1742242069617986e-18
655.2844882748304 2.2606999562033626e-18
655.3465978835177 2.3239840015171508e-18
655.4087074922049 2.2641144979361696e-18
655.4708171008922 2.2731583263162312e-18
655.5329267095794 2.2744699633304642e-18
655.5950363182667 2.281679889985322e-18
655.657145926954 2.262350511402615e-18
655.7192555356411 2.207935362688483e-18
655.7813651443283 2.1828784967097777e-18
655.8434747530156 2.198201088518198e-18
655.9055843617028 2.2219662446852377e-18
655.9676939703901 2.2910290926502678e-18
656.0298035790773 2.217087203293654e-18
656.0919131877645 2.15180890724414e-18
656.1540227964517 2.189395570144931e-18
656.216132405139 2.2025896035719047e-18
656.2782420138262 2.1993601852927195e-18
656.3403516225135 2.1839991734021327e-18
656.4024612312007 2.247215957072577e-18
656.464570839888 2.272427501784663e-18
656.5266804485752 2.285844091954927e-18
656.5887900572625 2.308552581817155e-18
656.6508996659496 2.2614469981321167e-18
656.7130092746369 2.277181221742709e-18
656.7751188833241 2.255619901773613e-18
656.8372284920114 2.296258287286259e-18
656.8993381006986 2.293067922044112e-18
656.9614477093858 2.228541020716053e-18
657.023557318073 2.2658806494472914e-18
657.0856669267603 2.3268455741598646e-18
657.1477765354475 2.3159426467137076e-18
657.2098861441348 2.2413565466813405e-18
657.271995752822 2.2370405501709007e-18
657.3341053615093 2.275201372451952e-18
657.3962149701965 2.2854345770924634e-18
657.4583245788838 2.23434273639487e-18
657.520434187571 2.2315486774610305e-18
657.5825437962582 2.220519776536285e-18
657.6446534049454 2.19052708978517e-18
657.7067630136327 2.17948524885331e-18
657.7688726223199 2.2009663670168164e-18
657.8309822310072 2.1749076827616776e-18
657.8930918396943 2.2298458856525073e-18
657.9552014483816 2.2537263634253273e-18
658.0173110570688 2.224831356648963e-18
658.0794206657561 2.221510255021902e-18
658.1415302744433 2.2375005853127654e-18
658.2036398831306 2.2742542262662883e-18
658.2657494918178 2.2857937192736984e-18
658.3278591005051 2.2743716125794388e-18
658.3899687091923 2.2570301245964038e-18
658.4520783178795 2.260572776553611e-18
658.5141879265667 2.2322168049043268e-18
658.576297535254 2.182214657981119e-18
658.6384071439412 2.1453959356708547e-18
658.7005167526285 2.1791114780668993e-18
658.7626263613157 2.2013345522338656e-18
658.8247359700028 2.2351390745572182e-18
658.8868455786901 2.2134970558438534e-18
658.9489551873774 2.1880865056837848e-18
659.0110647960646 2.195303611801454e-18
659.0731744047519 2.1598196526299045e-18
659.1352840134391 2.1130208794215383e-18
659.1973936221264 2.1528432329095206e-18
659.2595032308136 2.1840759772007542e-18
659.3216128395009 2.2015807584801754e-18
659.383722448188 2.2145010360477536e-18
659.4458320568752 2.239299205721263e-18
659.5079416655625 2.292503302202998e-18
659.5700512742497 2.203366090284341e-18
659.632160882937 2.192501642801961e-18
659.6942704916241 2.2138437240417773e-18
659.7563801003114 2.2202437340466635e-18
659.8184897089986 2.22472811715718e-18
659.8805993176859 2.231059510686513e-18
659.9427089263731 2.211127030985931e-18
660.0048185350604 2.1760540775513098e-18
660.0669281437476 2.2060251313892444e-18
660.1290377524349 2.1827998621400307e-18
660.1911473611221 2.2007364810434568e-18
660.2532569698094 2.187250141150465e-18
660.3153665784965 2.1117704793353487e-18
660.3774761871838 2.166868695319695e-18
660.439585795871 2.1787633369484063e-18
660.5016954045583 2.1476681138441884e-18
660.5638050132455 2.1754907983138493e-18
660.6259146219327 2.2131395223852006e-18
660.6880242306199 2.2250453917698286e-18
660.7501338393072 2.2254428167560857e-18
660.8122434479944 2.1856131758382212e-18
660.8743530566817 2.127547159528613e-18
660.9364626653689 2.1499713243816954e-18
660.9985722740562 2.1491465241783707e-18
661.0606818827434 2.1634477982321696e-18
661.1227914914307 2.199959343646321e-18
661.1849011001178 2.1985190586891643e-18
661.2470107088051 2.1811989031325086e-18
661.3091203174923 2.1677625947846275e-18
661.3712299261796 2.1743148457176934e-18
661.4333395348668 2.18413731266138e-18
661.4954491435541 2.146077223692394e-18
661.5575587522412 2.1721895871868883e-18
661.6196683609285 2.221672624795873e-18
661.6817779696157 2.2056437435611673e-18
661.743887578303 2.16760074711594e-18
661.8059971869902 2.1459340503088218e-18
661.8681067956775 2.1820720901932956e-18
661.9302164043647 2.1850394424241948e-18
661.992326013052 2.1420068700885676e-18
662.0544356217392 2.140456914680571e-18
662.1165452304264 2.1775499681687226e-18
662.1786548391136 2.1619753707390306e-18
662.2407644478009 2.1386750599507185e-18
662.3028740564881 2.2017720276888243e-18
662.3649836651754 2.1882322220905727e-18
662.4270932738625 2.1793643254286802e-18
662.4892028825498 2.1431550920561313e-18
662.551312491237 2.1081646711853314e-18
662.6134220999243 2.0895800331191813e-18
662.6755317086115 2.069180138932439e-18
662.7376413172988 2.059488341071539e-18
662.799750925986 2.0734780151182228e-18
662.8618605346733 2.0557777216139292e-18
662.9239701433605 2.063386045416396e-18
662.9860797520477 2.0525847239523336e-18
663.0481893607349 2.0646780050641918e-18
663.1102989694222 2.1186272257880918e-18
663.1724085781094 2.0803035745049576e-18
663.2345181867967 2.0343583437950656e-18
663.2966277954839 2.074732421079612e-18
663.358737404171 2.0947968705425245e-18
663.4208470128583 2.165850538503572e-18
663.4829566215456 2.1453310252484704e-18
663.5450662302328 2.115952548871864e-18
663.60717583892 2.1707735406890744e-18
663.6692854476073 2.1976552302452337e-18
663.7313950562946 2.1609568678241953e-18
663.7935046649818 2.167993455252261e-18
663.8556142736691 2.147460186956597e-18
663.9177238823562 2.1364069649793318e-18
663.9798334910435 2.151113771615542e-18
664.0419430997307 2.1349592512240672e-18
664.104052708418 2.1358268050075917e-18
664.1661623171052 2.136933300246113e-18
664.2282719257925 2.1304817976291335e-18
664.2903815344796 2.138165443430397e-18
664.3524911431668 2.16200923288137e-18
664.4146007518541 2.148611617115533e-18
664.4767103605413 2.111220424543085e-18
664.5388199692286 2.165205653463319e-18
664.6009295779158 2.1607639573106187e-18
664.6630391866031 2.162483266642415e-18
664.7251487952904 2.178208855343253e-18
664.7872584039776 2.1645292254089063e-18
664.8493680126647 2.149310558894286e-18
664.911477621352 2.1473814062770417e-18
664.9735872300392 2.1499004993119274e-18
665.0356968387265 2.112155565179821e-18
665.0978064474137 2.0625887970153795e-18
665.1599160561009 2.1390109711051648e-18
665.2220256647881 2.2091688645862038e-18
665.2841352734754 2.1556231623337225e-18
665.3462448821626 2.145922771868241e-18
665.4083544908499 2.1889380016511058e-18
665.4704640995371 2.207630258623136e-18
665.5325737082244 2.1898796057399648e-18
665.5946833169116 2.1333545332756098e-18
665.6567929255989 2.094239010434763e-18
665.718902534286 2.1068227481787342e-18
665.7810121429733 2.1587296808457302e-18
665.8431217516605 2.1728245713309174e-18
665.9052313603478 2.161372205889356e-18
665.967340969035 2.1599299716060325e-18
666.0294505777223 2.1652257313736397e-18
666.0915601864094 2.161775703398426e-18
666.1536697950967 2.1011761029891802e-18
666.2157794037839 2.2001333007613102e-18
666.2778890124712 2.260396710354464e-18
666.3399986211584 2.2461929577115693e-18
666.4021082298457 2.19148314139144e-18
666.4642178385329 2.249300055066408e-18
666.5263274472202 2.249050649637606e-18
666.5884370559074 2.167746741919214e-18
666.6505466645946 -2.111521049887098e-16
666.7126562732818 7.786160560713707e-18
666.7747658819691 2.1906833458225473e-18
666.8368754906563 2.088028299558518e-18
666.8989850993436 2.125498713112946e-18
666.9610947080308 2.1095089006210828e-18
667.023204316718 2.0805918874904756e-18
667.0853139254052 2.108712273667679e-18
667.1474235340925 2.115757243932862e-18
667.2095331427797 2.132317883252995e-18
667.271642751467 1.9831020156009786e-18
667.3337523601542 1.986056091778169e-18
667.3958619688415 2.0619116909288985e-18
667.4579715775287 2.0756012996467316e-18
667.520081186216 2.1083993707690674e-18
667.5821907949031 2.138916081110242e-18
667.6443004035904 2.1514681262788503e-18
667.7064100122776 2.0898922907421076e-18
667.7685196209649 2.0896873874001573e-18
667.8306292296521 2.1092680979628752e-18
667.8927388383393 2.0921048690880676e-18
667.9548484470265 2.077405399964632e-18
668.0169580557138 2.098718557462372e-18
668.079067664401 2.1065908335322974e-18
668.1411772730883 2.116174595256914e-18
668.2032868817755 2.130486921294222e-18
668.2653964904628 2.0870956735679857e-18
668.32750609915 2.095620434825231e-18
668.3896157078373 2.1031095177405673e-18
668.4517253165244 2.1120572431822914e-18
668.5138349252117 2.137693411732577e-18
668.5759445338989 2.095048906513848e-18
668.6380541425862 2.072371167898521e-18
668.7001637512734 2.1188858894666864e-18
668.7622733599607 2.1431512789905368e-18
668.8243829686478 2.1357525924760784e-18
668.886492577335 2.1295298409711282e-18
668.9486021860223 2.1236768431374274e-18
669.0107117947096 2.0949023976703145e-18
669.0728214033968 2.0912453952717825e-18
669.134931012084 2.08446949407974e-18
669.1970406207713 2.048764587575725e-18
669.2591502294586 2.0743653715535457e-18
669.3212598381458 2.1106110195038007e-18
669.383369446833 2.078143538298116e-18
669.4454790555202 2.019901134478823e-18
669.5075886642074 2.0791734040500507e-18
669.5696982728947 2.1210892052483604e-18
669.631807881582 2.1170733843381227e-18
669.6939174902692 2.0666222300164844e-18
669.7560270989563 2.064861189066481e-18
669.8181367076436 2.069844600561096e-18
669.8802463163308 2.01822441276636e-18
669.9423559250181 2.007176669206085e-18
670.0044655337053 2.059018136182619e-18
670.0665751423926 2.077499498650759e-18
670.1286847510798 2.0349163202071742e-18
670.1907943597671 2.042843968573832e-18
670.2529039684543 2.1014335104574237e-18
670.3150135771415 2.1048549799550524e-18
670.3771231858287 2.0744472586680074e-18
670.439232794516 2.0346097940555514e-18
670.5013424032032 2.0455717568488758e-18
670.5634520118905 2.042219677666601e-18
670.6255616205776 2.054432140673252e-18
670.6876712292649 2.035781369728032e-18
670.7497808379521 2.019717018470472e-18
670.8118904466394 2.0123818039007535e-18
670.8740000553266 2.0381908136531383e-18
670.9361096640139 2.0473861845114953e-18
670.9982192727011 2.0156605754015432e-18
671.0603288813884 2.0021362708753376e-18
671.1224384900756 2.04884680600592e-18
671.1845480987628 2.0650631964031624e-18
671.24665770745 2.03481516436781e-18
671.3087673161373 2.041811382457304e-18
671.3708769248245 2.0514175484674145e-18
671.4329865335118 2.054746685234038e-18
671.495096142199 2.033274695793126e-18
671.5572057508862 2.0375939500937125e-18
671.6193153595734 2.0664601009231052e-18
671.6814249682607 2.0559364001927754e-18
671.7435345769479 2.0514286235943887e-18
671.8056441856352 2.0483270869825413e-18
671.8677537943224 2.0082753319039073e-18
671.9298634030097 2.0260041980051028e-18
671.9919730116969 2.044798067558479e-18
672.0540826203842 2.063320255609682e-18
672.1161922290713 2.0336798849039586e-18
672.1783018377586 2.028134924936291e-18
672.2404114464458 2.064083271944941e-18
672.3025210551331 2.025618403251857e-18
672.3646306638203 2.0377367025720655e-18
672.4267402725076 2.0415259338840725e-18
672.4888498811947 2.0240906851283745e-18
672.550959489882 2.0459664056131763e-18
672.6130690985692 2.0632666707859052e-18
672.6751787072565 2.0404488752594037e-18
672.7372883159437 2.037933636345649e-18
672.799397924631 2.0772610976870794e-18
672.8615075333182 2.0588108666191645e-18
672.9236171420055 2.019242909120223e-18
672.9857267506927 2.022362213143726e-18
673.0478363593799 2.0393751496994184e-18
673.1099459680671 1.9798867814105678e-18
673.1720555767544 1.9537492410048514e-18
673.2341651854416 1.9868600778985673e-18
673.2962747941289 2.0283787379047943e-18
673.358384402816 2.061824281637212e-18
673.4204940115033 2.0278683258397627e-18
673.4826036201905 2.0281416140422875e-18
673.5447132288778 2.0675573620713227e-18
673.606822837565 2.0737005097915982e-18
673.6689324462523 2.0255216600665738e-18
673.7310420549395 2.018463915278108e-18
673.7931516636268 2.05484866851491e-18
673.855261272314 2.037771692447212e-18
673.9173708810011 2.023242018712855e-18
673.9794804896884 2.0305501420775687e-18
674.0415900983757 2.014909991977817e-18
674.1036997070629 2.0035981631303066e-18
674.1658093157502 1.98856237384725e-18
674.2279189244374 1.9978880174042634e-18
674.2900285331245 2.048106920971441e-18
674.3521381418118 2.0094746461721075e-18
674.414247750499 2.0342844469466357e-18
674.4763573591863 2.0124126196900532e-18
674.5384669678735 1.9378102923385525e-18
674.6005765765608 1.9246027315146632e-18
674.662686185248 1.984655184343276e-18
674.7247957939353 2.02330163848491e-18
674.7869054026226 1.9987683332332262e-18
674.8490150113097 1.9858508801651664e-18
674.9111246199969 2.0232829014724536e-18
674.9732342286842 2.0304261687773276e-18
675.0353438373714 1.975052499101332e-18
675.0974534460587 1.9727182636331872e-18
675.1595630547458 2.003480922331416e-18
675.2216726634331 1.9549902492145077e-18
675.2837822721203 1.936419464803269e-18
675.3458918808076 1.9627045767462095e-18
675.4080014894948 1.9180708666715825e-18
675.4701110981821 1.9264522898484908e-18
675.5322207068693 2.0090627895787656e-18
675.5943303155566 2.0243177441641198e-18
675.6564399242438 1.9961908567310548e-18
675.7185495329311 1.956272407893493e-18
675.7806591416182 1.9460999990217763e-18
675.8427687503055 1.952148077389861e-18
675.9048783589927 1.9393841498545355e-18
675.96698796768 1.9405307655331232e-18
676.0290975763672 1.9728109352284045e-18
676.0912071850544 2.0088164138544695e-18
676.1533167937416 2.020672613338328e-18
676.2154264024289 1.969321777334691e-18
676.2775360111161 1.9068923850362704e-18
676.3396456198034 1.956434376220807e-18
676.4017552284906 1.9578494914895973e-18
676.4638648371779 1.8844358970744476e-18
676.5259744458651 1.8728879062592522e-18
676.5880840545524 1.9176196822323944e-18
676.6501936632395 1.938433153116134e-18
676.7123032719268 1.944797646771893e-18
676.774412880614 1.9208056963200015e-18
676.8365224893013 1.9255352526270617e-18
676.8986320979885 2.0011896158799995e-18
676.9607417066758 1.983773928746427e-18
677.0228513153629 2.0249063149280137e-18
677.0849609240502 2.076185561014932e-18
677.1470705327374 2.092012373116261e-18
677.2091801414247 2.0631347552696384e-18
677.2712897501119 2.0597923149817795e-18
677.3333993587992 2.0940600959099028e-18
677.3955089674864 2.0879968089412224e-18
677.4576185761737 2.0755140236723356e-18
677.5197281848609 2.051307542411551e-18
677.5818377935481 2.0374165549011445e-18
677.6439474022353 2.0182924109690855e-18
677.7060570109226 2.012741827990437e-18
677.7681666196098 2.036048145903834e-18
677.8302762282971 1.9564538719993356e-18
677.8923858369842 1.9721012231550498e-18
677.9544954456715 2.0088226206823797e-18
678.0166050543587 1.964048306993981e-18
678.078714663046 2.004209665139604e-18
678.1408242717332 2.0526105193351253e-18
678.2029338804205 2.021980009149569e-18
678.2650434891077 2.012266873198419e-18
678.327153097795 2.0434322843182877e-18
678.3892627064822 2.2333496194473646e-18
678.4513723151695 3.3806409907646178e-18
678.5134819238566 6.845816819041735e-18
678.5755915325439 1.1950254160363335e-17
678.6377011412311 1.6884646249723453e-17
678.6998107499184 2.1299442082885064e-17
678.7619203586056 2.4841800036689847e-17
678.8240299672927 2.7295495968412552e-17
678.88613957598 2.6763604638419762e-17
678.9482491846672 2.4234392591027423e-17
679.0103587933545 2.04804691339221e-17
679.0724684020417 1.692775319592023e-17
679.134578010729 1.287948307380441e-17
679.1966876194163 8.442250347700516e-18
679.2587972281035 4.636137761261164e-18
679.3209068367908 2.616719452577002e-18
679.3830164454779 2.048190376679557e-18
679.4451260541651 1.950494677374791e-18
679.5072356628524 1.9678607604647873e-18
679.5693452715396 1.9885340929259432e-18
679.6314548802269 1.9657101026101628e-18
679.6935644889141 1.963886893083786e-18
679.7556740976013 1.9455729737882486e-18
679.8177837062885 1.957582178664181e-18
679.8798933149758 1.9996605538282573e-18
679.942002923663 1.9883348180057057e-18
680.0041125323503 1.940761293659982e-18
680.0662221410375 1.9888189300552454e-18
680.1283317497248 2.008010864433395e-18
680.190441358412 1.9495546143474523e-18
680.2525509670993 1.9705635673545024e-18
680.3146605757864 1.9290569665983476e-18
680.3767701844737 1.9315997378666347e-18
680.4388797931609 1.918062942322699e-18
680.5009894018482 1.8876441212429992e-18
680.5630990105354 1.9491216827931297e-18
680.6252086192226 2.009582803768472e-18
680.6873182279098 2.041133175799701e-18
680.7494278365971 2.1357781955355956e-18
680.8115374452843 2.1557530497408875e-18
680.8736470539716 2.1842907193422174e-18
680.9357566626588 2.240606614434636e-18
680.9978662713461 2.2613718846996714e-18
681.0599758800333 2.267896186700316e-18
681.1220854887206 2.1833604331376872e-18
681.1841950974078 2.0846769900543616e-18
681.246304706095 2.0579157785095938e-18
681.3084143147822 2.0329830994227643e-18
681.3705239234695 1.973022131110804e-18
681.4326335321567 1.9494687395810855e-18
681.494743140844 1.9449041115649204e-18
681.5568527495311 1.8857758154289962e-18
681.6189623582184 1.8935308527327833e-18
681.6810719669056 1.945463487239288e-18
681.7431815755929 1.9195431287558735e-18
681.8052911842801 1.9010291147266367e-18
681.8674007929674 1.9104990890011555e-18
681.9295104016546 1.931830680239433e-18
681.9916200103419 1.925759574217095e-18
682.0537296190291 1.9152020950388016e-18
682.1158392277163 1.9132429461766145e-18
682.1779488364035 1.925414228538892e-18
682.2400584450908 1.924951889872379e-18
682.302168053778 1.906192556683435e-18
682.3642776624653 1.9161695156356735e-18
682.4263872711525 1.9246117007247825e-18
682.4884968798397 1.9278459707178296e-18
682.5506064885269 1.8898922433394904e-18
682.6127160972142 1.875562062691432e-18
682.6748257059014 1.8821515306174e-18
682.7369353145887 1.8683808774476327e-18
682.7990449232759 1.870788192791919e-18
682.8611545319632 1.9040528815963376e-18
682.9232641406504 1.8471261897485777e-18
682.9853737493377 1.827371537647563e-18
683.0474833580248 1.88209683286972e-18
683.1095929667121 1.9134869295980265e-18
683.1717025753993 1.919301322585258e-18
683.2338121840866 1.9275358581745174e-18
683.2959217927738 1.8928981739005994e-18
683.358031401461 1.929596967717396e-18
683.4201410101482 1.9390892853611132e-18
683.4822506188355 1.9050191984364452e-18
683.5443602275227 1.903580702591708e-18
683.60646983621 1.9444362417940765e-18
683.6685794448972 1.9113880489595876e-18
683.7306890535845 1.901823404118693e-18
683.7927986622717 1.891393560936728e-18
683.854908270959 1.858784641301605e-18
683.9170178796462 1.8677461317531706e-18
683.9791274883333 1.9000872319023522e-18
684.0412370970206 1.880017089635902e-18
684.1033467057078 1.88548987036503e-18
684.1654563143951 1.8783177088383716e-18
684.2275659230824 1.8698203398599727e-18
684.2896755317695 1.8502302030815453e-18
684.3517851404567 1.847799127423827e-18
684.413894749144 1.913664099281998e-18
684.4760043578312 1.9040557917748674e-18
684.5381139665185 1.8638641346278888e-18
684.6002235752057 1.8784673859222777e-18
684.662333183893 1.8572948886909288e-18
684.7244427925802 1.891477556379449e-18
684.7865524012675 1.9057048891092487e-18
684.8486620099546 1.8724921779913435e-18
684.9107716186419 1.8640080899715466e-18
684.9728812273291 1.8712333354151452e-18
685.0349908360164 1.8798312122855096e-18
685.0971004447036 1.8719900734290374e-18
685.1592100533909 1.8303511549540783e-18
685.221319662078 1.8378262301742894e-18
685.2834292707653 1.858406673867698e-18
685.3455388794525 1.869563003385389e-18
685.4076484881398 1.8508485274811144e-18
685.469758096827 1.822633108527624e-18
685.5318677055143 1.8622495881723386e-18
685.5939773142015 1.8656740006433973e-18
685.6560869228888 1.8549629066171645e-18
685.718196531576 1.8403924312080693e-18
685.7803061402632 1.8535528835165173e-18
685.8424157489504 1.8671381531269807e-18
685.9045253576377 1.854439794638545e-18
685.9666349663249 1.841772176234439e-18
686.0287445750122 1.870648323247393e-18
686.0908541836993 1.8638517385216942e-18
686.1529637923866 1.839343826132717e-18
686.2150734010738 1.811089583311589e-18
686.2771830097611 1.833597637367858e-18
686.3392926184483 1.8493728175559315e-18
686.4014022271356 1.848381620395112e-18
686.4635118358228 1.7854624256523658e-18
686.5256214445101 1.740975339579475e-18
686.5877310531973 1.75756525479782e-18
686.6498406618845 1.6465903572681737e-18
686.7119502705717 1.5580554794877306e-18
686.774059879259 1.4451853876417907e-18
686.8361694879462 1.3357400510864462e-18
686.8982790966335 1.3008838565694622e-18
686.9603887053207 1.2722361312697942e-18
687.0224983140079 1.269001245645606e-18
687.0846079226951 1.2767262775384114e-18
687.1467175313824 1.2763942780632605e-18
687.2088271400696 1.3267136659379907e-18
687.2709367487569 1.369835291093541e-18
687.3330463574441 1.3372981758500194e-18
687.3951559661314 1.3630894746082326e-18
687.4572655748186 1.460033825019929e-18
687.5193751835059 1.4951813428053804e-18
687.581484792193 1.4869378305524496e-18
687.6435944008803 1.51459260712082e-18
687.7057040095675 1.5553252052873251e-18
687.7678136182548 1.5639550880440312e-18
687.829923226942 1.5382376683968858e-18
687.8920328356293 1.6043742229696886e-18
687.9541424443164 1.6647862888992988e-18
688.0162520530037 1.699625908815029e-18
688.0783616616909 1.7130986296780968e-18
688.1404712703782 1.74936158761857e-18
688.2025808790654 1.7397887814730128e-18
688.2646904877527 1.7073596162229995e-18
688.3268000964399 1.7557637976190846e-18
688.3889097051272 1.7033316593297835e-18
688.4510193138144 1.7104238866634108e-18
688.5131289225016 1.688145914224138e-18
688.5752385311888 1.5963746785663403e-18
688.637348139876 1.620287405325321e-18
688.6994577485633 1.6245046763731524e-18
688.7615673572506 1.6241306963687381e-18
688.8236769659377 1.6101355937735205e-18
688.885786574625 1.5838857150566417e-18
688.9478961833122 1.6010484030702146e-18
689.0100057919994 1.611162278225533e-18
689.0721154006867 1.6206696529052236e-18
689.134225009374 1.6040392465272754e-18
689.1963346180612 1.5655739658772705e-18
689.2584442267485 1.5647150505690592e-18
689.3205538354357 1.5807600758251109e-18
689.3826634441228 1.5950660717556854e-18
689.4447730528101 1.5902136177833829e-18
689.5068826614973 1.5960853615034209e-18
689.5689922701846 1.5857050644407402e-18
689.6311018788718 1.566885317855416e-18
689.6932114875591 1.5931938311504866e-18
689.7553210962462 1.6433365471227738e-18
689.8174307049335 1.635943405872131e-18
689.8795403136207 1.638197125404697e-18
689.941649922308 1.6409346892854231e-18
690.0037595309952 1.681236254078485e-18
690.0658691396825 1.676343517062562e-18
690.1279787483697 1.6499522763521473e-18
690.190088357057 1.6628038626460655e-18
690.2521979657442 1.6553235366648072e-18
690.3143075744314 1.6515494506654282e-18
690.3764171831186 1.7038231396509901e-18
690.4385267918059 1.7429291462905966e-18
690.5006364004931 1.7625199118551406e-18
690.5627460091804 1.798014472458866e-18
690.6248556178676 1.8176699934847176e-18
690.6869652265548 1.865530982899169e-18
690.749074835242 1.9487247441669407e-18
690.8111844439293 1.9764166503793635e-18
690.8732940526165 1.9005601261522066e-18
690.9354036613038 1.8780211659603493e-18
690.997513269991 1.866636526113959e-18
691.0596228786783 1.8342301769772546e-18
691.1217324873655 1.8255130736290107e-18
691.1838420960528 1.7315990272597265e-18
691.2459517047399 1.6767820206720844e-18
691.3080613134272 1.6996765480370387e-18
691.3701709221144 1.6968973909977455e-18
691.4322805308017 1.6688500006337319e-18
691.4943901394889 1.7146252191732806e-18
691.5564997481761 1.7356292465211544e-18
691.6186093568633 1.7291861341367947e-18
691.6807189655506 1.7389641050715475e-18
691.7428285742378 1.6945776917007138e-18
691.8049381829251 1.7241544044550984e-18
691.8670477916123 1.727340858762463e-18
691.9291574002996 1.7219128783330195e-18
691.9912670089868 1.6887103199878916e-18
692.0533766176741 1.7125881262270884e-18
692.1154862263612 1.7686882443529046e-18
692.1775958350485 1.7530727328465287e-18
692.2397054437357 1.7517251522051363e-18
692.301815052423 1.7819504326634253e-18
692.3639246611102 1.7652330275734193e-18
692.4260342697975 1.7050475801901359e-18
692.4881438784846 1.7126041312052035e-18
692.5502534871719 1.767504006236078e-18
692.6123630958591 1.782959117328125e-18
692.6744727045464 1.7612550325289452e-18
692.7365823132336 1.7624356699372035e-18
692.7986919219209 1.744281324697864e-18
692.8608015306081 1.7256646203381627e-18
692.9229111392954 1.7219890149318182e-18
692.9850207479826 1.7272860948372185e-18
693.0471303566698 1.6880200914862415e-18
693.109239965357 1.6641349434837843e-18
693.1713495740443 1.7394899568358094e-18
693.2334591827315 1.755591477519331e-18
693.2955687914188 1.7105456201189179e-18
693.357678400106 1.7332870925466365e-18
693.4197880087931 1.736967753435988e-18
693.4818976174804 1.7282867825850699e-18
693.5440072261677 1.749036625313412e-18
693.6061168348549 1.7780591952859192e-18
693.6682264435422 1.7939919380529312e-18
693.7303360522294 1.783404564133955e-18
693.7924456609167 1.7382470360469897e-18
693.8545552696039 1.727689264546523e-18
693.9166648782912 1.7342737160210252e-18
693.9787744869783 1.7445754161004665e-18
694.0408840956655 1.7384848106175847e-18
694.1029937043528 1.6997503910548852e-18
694.16510331304 1.673965406209507e-18
694.2272129217273 1.701790747785997e-18
694.2893225304144 1.7289914782861191e-18
694.3514321391017 1.7621771123206783e-18
694.4135417477889 1.8604011967558127e-18
694.4756513564762 2.0391141658655637e-18
694.5377609651634 2.19560114037788e-18
694.5998705738507 2.2551178776724346e-18
694.661980182538 2.2689769604760943e-18
694.7240897912252 2.322470890860771e-18
694.7861993999124 2.3799698673160433e-18
694.8483090085996 2.309798357038102e-18
694.9104186172868 2.2135136619838206e-18
694.9725282259741 2.1360999741684544e-18
695.0346378346613 2.0712563076425394e-18
695.0967474433486 1.975168226755243e-18
695.1588570520358 1.833027806219641e-18
695.220966660723 1.745359310993026e-18
695.2830762694102 1.7656994754020312e-18
695.3451858780975 1.760176526178335e-18
695.4072954867847 1.745335704365299e-18
695.469405095472 1.754085116639971e-18
695.5315147041592 1.782003789232976e-18
695.5936243128465 1.759474997812024e-18
695.6557339215337 1.701987595109316e-18
695.717843530221 1.6864775562656125e-18
695.7799531389081 1.681135364796868e-18
695.8420627475954 1.7189616659989632e-18
695.9041723562826 1.861015660178373e-18
695.9662819649699 1.9675195005227442e-18
696.0283915736571 2.0475980549159776e-18
696.0905011823444 2.153914936897859e-18
696.1526107910315 2.2213830036401615e-18
696.2147203997188 2.2440200746154106e-18
696.276830008406 2.2613695198041736e-18
696.3389396170933 2.21296463219095e-18
696.4010492257805 2.1393676264472914e-18
696.4631588344678 2.1203622168219377e-18
696.525268443155 2.067497975492159e-18
696.5873780518423 1.9137068976251224e-18
696.6494876605295 1.7868032161507315e-18
696.7115972692167 1.750658032762091e-18
696.7737068779039 1.756557298981169e-18
696.8358164865912 1.7616120816722223e-18
696.8979260952784 1.7869601362707294e-18
696.9600357039657 1.7801009534918153e-18
697.0221453126528 1.7976163173241196e-18
697.0842549213401 1.7844166761482104e-18
697.1463645300273 1.766809828360448e-18
697.2084741387146 1.741642944717911e-18
697.2705837474018 1.7348279776182185e-18
697.3326933560891 1.7611129488419743e-18
697.3948029647763 1.8006375886590538e-18
697.4569125734636 1.7945601484591256e-18
697.5190221821508 1.7872370524491276e-18
697.581131790838 1.821645656676975e-18
697.6432413995252 1.8001764245603686e-18
697.7053510082125 1.7379553479223066e-18
697.7674606168997 1.7171559012761987e-18
697.829570225587 1.745045993244771e-18
697.8916798342742 1.7586271558092863e-18
697.9537894429614 1.730001509330978e-18
698.0158990516486 1.7056288841265294e-18
698.0780086603359 1.745200012063024e-18
698.1401182690231 1.8188938365297444e-18
698.2022278777104 1.7699752981566506e-18
698.2643374863976 1.7439767342250036e-18
698.3264470950849 1.7089327365576993e-18
698.3885567037721 1.7070300414625606e-18
698.4506663124594 1.78627481128889e-18
698.5127759211465 1.7532980806905416e-18
698.5748855298338 1.7055975667395723e-18
698.636995138521 1.7281948495883062e-18
698.6991047472083 1.6956145361981941e-18
698.7612143558955 1.7113294736684695e-18
698.8233239645828 1.695416939673591e-18
698.8854335732699 1.7137275011408888e-18
698.9475431819571 1.7191849796316575e-18
699.0096527906444 1.7193851215486823e-18
699.0717623993316 1.719438563164461e-18
699.1338720080189 1.7313939787112108e-18
699.1959816167061 1.737710581873303e-18
699.2580912253934 1.7321645340045281e-18
699.3202008340807 1.7535223234458233e-18
699.3823104427679 1.7415009857941888e-18
699.444420051455 1.7381011057428014e-18
699.5065296601423 1.753976895010443e-18
699.5686392688295 1.740939013435311e-18
699.6307488775168 1.7052775968836987e-18
699.692858486204 1.737779768812026e-18
699.7549680948912 1.7299335122201791e-18
699.8170777035784 1.7469839318054705e-18
699.8791873122657 1.771081083776406e-18
699.9412969209529 1.7485645727257537e-18
700.0034065296402 1.7506437339229454e-18
700.0655161383274 1.78128756973796e-18
700.1276257470147 1.734432643570484e-18
700.1897353557019 1.7189043696753152e-18
700.2518449643892 1.7289953561259189e-18
700.3139545730763 1.7178963810932223e-18
700.3760641817636 1.7248978010389989e-18
700.4381737904508 1.7279585829321223e-18
700.5002833991381 1.7070862632990795e-18
700.5623930078253 1.696702955285302e-18
700.6245026165126 1.689017267723584e-18
700.6866122251997 1.6965113003395878e-18
700.748721833887 1.7328907613014549e-18
700.8108314425742 1.7571821540700203e-18
700.8729410512615 1.714846689668758e-18
700.9350506599487 1.7018684087094977e-18
700.997160268636 1.7313546151068157e-18
701.0592698773232 1.7310850513501023e-18
701.1213794860105 1.7352786630545663e-18
701.1834890946977 1.768785331619409e-18
701.2455987033849 1.779417403432877e-18
701.3077083120721 1.7124744103016857e-18
701.3698179207594 1.7293367545267445e-18
701.4319275294466 1.7296976837407866e-18
701.4940371381339 1.7180588630667684e-18
701.556146746821 1.7112181182948718e-18
701.6182563555083 1.6880194890252012e-18
701.6803659641955 1.7145125496586068e-18
701.7424755728828 1.7053446114783208e-18
701.80458518157 1.6932279720927456e-18
701.8666947902573 1.6673710051524377e-18
701.9288043989445 1.6655548304605596e-18
701.9909140076318 1.6819802515030612e-18
702.053023616319 1.6848900467536327e-18
702.1151332250063 1.6857856590043805e-18
702.1772428336934 1.7125819682663388e-18
702.2393524423807 1.7150300611908399e-18
702.3014620510679 1.7204725842357193e-18
702.3635716597552 1.698261559251273e-18
702.4256812684424 1.6799666840490907e-18
702.4877908771296 1.704407607378737e-18
702.5499004858168 1.7049248755730178e-18
702.6120100945041 1.6419270417740929e-18
702.6741197031913 1.6582835414244998e-18
702.7362293118786 1.6976331461952705e-18
702.7983389205658 1.7143198080029532e-18
702.8604485292531 1.7305875839606519e-18
702.9225581379403 1.6975241167641916e-18
702.9846677466276 1.6714858720087978e-18
703.0467773553147 1.688902099327057e-18
703.108886964002 1.6758290668977639e-18
703.1709965726892 1.6876812532782315e-18
703.2331061813765 1.7442491826834122e-18
703.2952157900637 1.7410451905631404e-18
703.357325398751 1.7231054237370308e-18
703.4194350074381 1.7107411271898644e-18
703.4815446161253 1.6904261789694418e-18
703.5436542248126 1.734294745058556e-18
703.6057638334999 1.725418715328081e-18
703.6678734421871 1.6853417998685865e-18
703.7299830508744 1.737776706910647e-18
703.7920926595616 1.6942694037747065e-18
703.8542022682489 1.6644691255235573e-18
703.9163118769361 1.676820706564794e-18
703.9784214856232 1.6605272960590876e-18
704.0405310943105 1.6827683179398679e-18
704.1026407029977 1.699907230286519e-18
704.164750311685 1.6866827639180717e-18
704.2268599203722 1.6864338922751109e-18
704.2889695290594 1.7003229380795685e-18
704.3510791377466 1.714030044992245e-18
704.4131887464339 1.7552489840899113e-18
704.4752983551211 1.7319128598641804e-18
704.5374079638084 1.670697637550569e-18
704.5995175724956 1.7150306082292357e-18
704.6616271811829 1.7230878167223874e-18
704.7237367898701 1.6823573177166127e-18
704.7858463985574 1.7005192896206934e-18
704.8479560072446 1.710793495839376e-18
704.9100656159318 1.7294172623069328e-18
704.972175224619 1.7330205074662888e-18
705.0342848333063 1.672175527028918e-18
705.0963944419935 1.6478751982687317e-18
705.1585040506808 1.6865240489017443e-18
705.2206136593679 1.7136478721640006e-18
705.2827232680552 1.7171465000008548e-18
705.3448328767424 1.7166069501307672e-18
705.4069424854297 1.695085935797965e-18
705.4690520941169 1.6954316505631024e-18
705.5311617028042 1.7326887465264104e-18
705.5932713114914 1.706788342315875e-18
705.6553809201787 1.6865856278069316e-18
705.7174905288659 1.7213834466089962e-18
705.7796001375531 1.6967898672913314e-18
705.8417097462403 1.6582898285063904e-18
705.9038193549276 1.6818169154711654e-18
705.9659289636148 1.7238161140329008e-18
706.0280385723021 1.7459446294928807e-18
706.0901481809893 1.6552562214314618e-18
706.1522577896765 1.6435907969868893e-18
706.2143673983637 1.689105942250044e-18
706.276477007051 1.6980467086976067e-18
706.3385866157382 1.7061067180404513e-18
706.4006962244255 1.6661745318316253e-18
706.4628058331127 1.6527422319332765e-18
706.5249154418 1.678345888189821e-18
706.5870250504872 1.7003716366081194e-18
706.6491346591745 1.6887960468616275e-18
706.7112442678616 1.707211453361579e-18
706.7733538765489 1.673213354962422e-18
706.8354634852361 1.6193123540991912e-18
706.8975730939234 1.7131233921114193e-18
706.9596827026106 1.7520133887367953e-18
707.0217923112978 1.7011200097993457e-18
707.083901919985 1.7205107671633992e-18
707.1460115286723 1.657719953170969e-18
707.2081211373595 1.6566249989232854e-18
707.2702307460468 1.6971108945063272e-18
707.332340354734 1.6514564663029227e-18
707.3944499634213 1.656111973398857e-18
707.4565595721085 1.6968114360330798e-18
707.5186691807958 1.6915724089072307e-18
707.580778789483 1.703296458974808e-18
707.6428883981702 1.7169865943524717e-18
707.7049980068574 1.7168430118267009e-18
707.7671076155447 1.700006513875486e-18
707.8292172242319 1.6871485885522502e-18
707.8913268329192 1.7013132474836622e-18
707.9534364416063 1.705762355016809e-18
708.0155460502936 1.6677863763956927e-18
708.0776556589808 1.6720013677460607e-18
708.139765267668 1.749674821581244e-18
708.2018748763553 1.7452889578428505e-18
708.2639844850426 1.7077822596088679e-18
708.3260940937298 1.686143663389048e-18
708.3882037024171 1.6653266491703575e-18
708.4503133111043 1.6788519506807266e-18
708.5124229197914 1.6960488030092697e-18
708.5745325284787 1.6883222018743102e-18
708.636642137166 1.7353464451994626e-18
708.6987517458532 1.7589410722080998e-18
708.7608613545405 1.6993417978631799e-18
708.8229709632277 1.6883967993801359e-18
708.8850805719148 1.701937439677796e-18
708.9471901806021 1.736261532154282e-18
709.0092997892893 1.7234991968744043e-18
709.0714093979766 1.6660805240508244e-18
709.1335190066638 1.6600759074179336e-18
709.1956286153511 1.6472602225527735e-18
709.2577382240383 1.637231070401024e-18
709.3198478327256 1.6590774903419976e-18
709.3819574414129 1.6962566665656203e-18
709.4440670501 1.706809634266875e-18
709.5061766587872 1.6914756873850829e-18
709.5682862674745 1.7154521591516505e-18
709.6303958761617 1.7136124226625275e-18
709.692505484849 1.6714541244156669e-18
709.7546150935361 1.6674055257647344e-18
709.8167247022234 1.6836817641155213e-18
709.8788343109106 1.6745437263822876e-18
709.9409439195979 1.6749809892614306e-18
710.0030535282851 1.681973742965011e-18
710.0651631369724 1.675963443400885e-18
710.1272727456596 1.6562614803938203e-18
710.1893823543469 1.6831967300146857e-18
710.2514919630341 1.6899612421843742e-18
710.3136015717214 1.6509242939486622e-18
710.3757111804085 1.6533069789296798e-18
710.4378207890958 1.6958913042102188e-18
710.499930397783 1.6776688271280805e-18
710.5620400064703 1.6668701272908764e-18
710.6241496151575 1.6796646373775419e-18
710.6862592238447 1.6746633049228971e-18
710.7483688325319 1.6768337625237904e-18
710.8104784412192 1.6756700145493232e-18
710.8725880499064 1.680957418031096e-18
710.9346976585937 1.6708521819262066e-18
710.9968072672809 1.6491149359011356e-18
711.0589168759682 1.6710435036051656e-18
711.1210264846554 1.6723552126756223e-18
711.1831360933427 1.69723967480249e-18
711.2452457020298 1.7037857733916693e-18
711.3073553107171 1.7101726924305144e-18
711.3694649194043 1.6758883751086815e-18
711.4315745280916 1.6871160091207183e-18
711.4936841367788 1.689786966619127e-18
711.5557937454661 1.6312510908469683e-18
711.6179033541532 1.6559690162296845e-18
711.6800129628405 1.6672093667695845e-18
711.7421225715277 1.6730082118423286e-18
711.804232180215 1.7022887562412507e-18
711.8663417889022 1.6856351814558423e-18
711.9284513975895 1.6494583680143725e-18
711.9905610062767 1.6547594114325734e-18
712.052670614964 1.650199203916355e-18
712.1147802236512 1.612883880339826e-18
712.1768898323384 1.6684714273191183e-18
712.2389994410256 1.6937457796773622e-18
712.3011090497129 1.6598977709072582e-18
712.3632186584001 1.6416933837494108e-18
712.4253282670874 1.6368222511540337e-18
712.4874378757745 1.6473842450862083e-18
712.5495474844618 1.6619315984859443e-18
712.611657093149 1.6493120831289622e-18
712.6737667018363 1.6513303993956485e-18
712.7358763105235 1.659766402600833e-18
712.7979859192108 1.6569396744505635e-18
712.860095527898 1.6776850610543675e-18
712.9222051365853 1.6574244850254526e-18
712.9843147452725 1.6130473321915609e-18
713.0464243539597 1.6310842905800302e-18
713.1085339626469 1.6312920577315832e-18
713.1706435713342 1.6121306036564262e-18
713.2327531800214 1.620516322591611e-18
713.2948627887087 1.640277004172912e-18
713.3569723973959 1.675808848160744e-18
713.419082006083 1.6769733498041339e-18
713.4811916147703 1.6209411838396563e-18
713.5433012234575 1.6158435013487413e-18
713.6054108321448 1.6350281331425253e-18
713.667520440832 1.5885913907565002e-18
713.7296300495193 1.5744175786764727e-18
713.7917396582066 1.6600121534823843e-18
713.8538492668938 1.6118368596362435e-18
713.915958875581 1.6245113622483887e-18
713.9780684842682 1.6700235927531267e-18
714.0401780929554 1.6559469100947448e-18
714.1022877016427 1.6631874186933018e-18
714.16439731033 1.6467007967423029e-18
714.2265069190172 1.6137267872763405e-18
714.2886165277044 1.6074142673635565e-18
714.3507261363916 1.5963942172715567e-18
714.4128357450788 1.6115859242445216e-18
714.4749453537661 1.644041998542654e-18
714.5370549624533 1.6032785084392699e-18
714.5991645711406 1.6313157853291903e-18
714.6612741798278 1.6802289917720876e-18
714.7233837885151 1.663874225953076e-18
714.7854933972023 1.630355369167917e-18
714.8476030058896 1.6294028365946303e-18
714.9097126145767 1.6205737452760765e-18
714.971822223264 1.656404937386936e-18
715.0339318319512 1.6297993227088834e-18
715.0960414406385 1.5602985313411075e-18
715.1581510493257 1.5723645689859468e-18
715.2202606580129 1.6341355480879601e-18
715.2823702667001 1.6366808498872546e-18
715.3444798753874 1.6330872156251097e-18
715.4065894840746 1.6161442228098632e-18
715.4686990927619 1.6179868634232436e-18
715.5308087014491 1.5873775408063124e-18
715.5929183101364 1.5583252856104068e-18
715.6550279188236 1.5979153907067271e-18
715.7171375275109 1.5922423939827825e-18
715.779247136198 1.5951677372312626e-18
715.8413567448853 1.5982600347780363e-18
715.9034663535725 1.5993590711994412e-18
715.9655759622598 1.6158850584747562e-18
716.027685570947 1.605980467361578e-18
716.0897951796343 1.566902123068486e-18
716.1519047883214 1.5451504391126604e-18
716.2140143970087 1.5865323620683798e-18
716.2761240056959 1.6171313084275917e-18
716.3382336143832 1.5930766740455635e-18
716.4003432230704 1.6286780170732332e-18
716.4624528317577 1.6404363865557768e-18
716.5245624404449 1.616538073738416e-18
716.5866720491322 1.6173134186462172e-18
716.6487816578194 1.5787617061751539e-18
716.7108912665066 1.5480881234515522e-18
716.7730008751938 1.5641911946187572e-18
716.8351104838811 1.577790644105196e-18
716.8972200925683 1.5018321955311575e-18
716.9593297012556 1.5023478091257703e-18
717.0214393099428 1.5198242716606834e-18
717.08354891863 1.5135150947562046e-18
717.1456585273172 1.5253339888412652e-18
717.2077681360045 1.5226384963012667e-18
717.2698777446917 1.5457873315697069e-18
717.331987353379 1.5263701388386902e-18
717.3940969620662 1.483666427373892e-18
717.4562065707535 1.4808094880685617e-18
717.5183161794407 1.5321094895276998e-18
717.580425788128 1.5688893253717722e-18
717.6425353968151 1.582661348768145e-18
717.7046450055024 1.5657072233508502e-18
717.7667546141896 1.549736089218971e-18
717.8288642228769 1.5517681892052819e-18
717.8909738315641 1.541929155022104e-18
717.9530834402512 1.5218542548555879e-18
718.0151930489385 1.5110167873345695e-18
718.0773026576258 1.4976008875882575e-18
718.139412266313 1.5408267857522703e-18
718.2015218750003 1.5523332910304138e-18
718.2636314836875 1.553530776950346e-18
718.3257410923748 1.5880889692784322e-18
718.387850701062 1.5212596360108113e-18
718.4499603097493 1.4864286645217753e-18
718.5120699184364 1.4831487380758552e-18
718.5741795271236 1.4733754635991385e-18
718.6362891358109 1.3832919195396827e-18
718.6983987444981 1.384660385261657e-18
718.7605083531854 1.4010417650749233e-18
718.8226179618727 1.5099691366313435e-18
718.8847275705598 1.4646637602872548e-18
718.946837179247 1.3781795093720224e-18
719.0089467879343 1.470923590335625e-18
719.0710563966215 1.5542602920596266e-18
719.1331660053088 1.4984190547499268e-18
719.195275613996 1.4750514340271218e-18
719.2573852226833 1.4381700606509172e-18
719.3194948313705 1.4193405306009527e-18
719.3816044400578 1.467948610640544e-18
719.4437140487449 1.533644618825762e-18
719.5058236574322 1.5363571778299096e-18
719.5679332661194 1.490143911135658e-18
719.6300428748067 1.503534316682864e-18
719.6921524834939 1.554006587158519e-18
719.7542620921812 1.5359304474612796e-18
719.8163717008683 1.4912481060726045e-18
719.8784813095556 1.5085213940336088e-18
719.9405909182428 1.5066517657594336e-18
720.0027005269301 1.4594444785022054e-18
720.0648101356173 1.4617402401425754e-18
720.1269197443046 1.4798693012614432e-18
720.1890293529918 1.47998847157156e-18
720.2511389616791 1.5019264181536385e-18
720.3132485703663 1.5116848321491986e-18
720.3753581790535 1.4860433977383848e-18
720.4374677877407 1.4876047487896107e-18
720.499577396428 1.533155234449229e-18
720.5616870051152 1.5443599734415525e-18
720.6237966138025 1.4996956808602158e-18
720.6859062224896 1.4398318078868086e-18
720.7480158311769 1.5506643993350665e-18
720.8101254398641 1.6468402554522533e-18
720.8722350485514 1.5708668612941446e-18
720.9343446572386 1.570949758055748e-18
720.9964542659259 1.5854086110433516e-18
721.0585638746131 1.597455865497255e-18
721.1206734833004 1.603966745883287e-18
721.1827830919876 1.5675211222640902e-18
721.2448927006748 1.563665396230922e-18
721.307002309362 1.6487656231295078e-18
721.3691119180493 1.6524746193283966e-18
721.4312215267365 1.653238210290452e-18
721.4933311354238 1.6767990950281413e-18
721.555440744111 1.5602737482656583e-18
721.6175503527982 1.5548525763936383e-18
721.6796599614854 1.5998515197019585e-18
721.7417695701727 1.602266056713893e-18
721.8038791788599 1.6347257069070648e-18
721.8659887875472 1.6363633181858965e-18
721.9280983962344 1.6017318928766208e-18
721.9902080049217 1.6058293507685716e-18
722.0523176136089 1.6016047294466278e-18
722.1144272222962 1.5891500796349194e-18
722.1765368309833 1.614243548102544e-18
722.2386464396706 1.6434810533801234e-18
722.3007560483578 1.6225786080158039e-18
722.3628656570451 1.5571332476545801e-18
722.4249752657323 1.536880922505942e-18
722.4870848744196 1.5665471768360566e-18
722.5491944831067 1.5768560300860816e-18
722.611304091794 1.5893408548536996e-18
722.6734137004812 1.5792403296426617e-18
722.7355233091685 1.5374288545065215e-18
722.7976329178557 1.5263645822045214e-18
722.859742526543 1.5724641825722836e-18
722.9218521352302 1.5864705552668876e-18
722.9839617439175 1.5573152904863736e-18
723.0460713526047 1.5695012102667157e-18
723.1081809612919 1.5931334644255348e-18
723.1702905699791 1.5508035174223628e-18
723.2324001786664 1.5310373638178345e-18
723.2945097873536 1.4448197912564745e-18
723.3566193960409 1.4295413070465119e-18
723.418729004728 1.5313112379499794e-18
723.4808386134152 1.4863924358357818e-18
723.5429482221025 1.4054442020076316e-18
723.6050578307897 1.4238175292943127e-18
723.667167439477 1.4932603095095745e-18
723.7292770481642 1.5308602264968914e-18
723.7913866568515 1.563707982994433e-18
723.8534962655388 1.5240683617187225e-18
723.915605874226 1.5319526424793787e-18
723.9777154829131 1.5651294081206253e-18
724.0398250916004 1.483053513301549e-18
724.1019347002876 1.4094776017552723e-18
724.1640443089749 1.396613765942612e-18
724.2261539176621 1.43859889306634e-18
724.2882635263494 1.4867009904661705e-18
724.3503731350365 1.462113952053757e-18
724.4124827437238 1.4726331190600045e-18
724.474592352411 1.5238642624650022e-18
724.5367019610983 1.4886382536569418e-18
724.5988115697855 1.4843244746975184e-18
724.6609211784728 1.5270711126588112e-18
724.72303078716 1.492482887974857e-18
724.7851403958473 1.4933848901566372e-18
724.8472500045345 1.5482625864251503e-18
724.9093596132217 1.549711952761674e-18
724.9714692219089 1.5534410883251203e-18
725.0335788305962 1.5544494215087387e-18
725.0956884392834 1.507402170562679e-18
725.1577980479707 1.4946069599554479e-18
725.2199076566578 1.4753011459178263e-18
725.2820172653451 1.416023568495487e-18
725.3441268740323 1.4392735228848835e-18
725.4062364827196 1.4149517523754738e-18
725.4683460914068 1.4402027872311271e-18
725.5304557000941 1.5030159987885813e-18
725.5925653087813 1.5327840073686848e-18
725.6546749174686 1.5320260059099609e-18
725.7167845261558 1.5474110987746762e-18
725.7788941348431 1.519580296872431e-18
725.8410037435302 1.5089243826939037e-18
725.9031133522175 1.538965970847741e-18
725.9652229609047 1.5576306612432929e-18
726.027332569592 1.5958617926491313e-18
726.0894421782792 1.5752228989583872e-18
726.1515517869664 1.5540869158890382e-18
726.2136613956536 1.5455263980090972e-18
726.2757710043409 1.5237931434282052e-18
726.3378806130281 1.5044643983585129e-18
726.3999902217154 1.5231751382792713e-18
726.4620998304026 1.5211640292574434e-18
726.5242094390899 1.5530217411671313e-18
726.5863190477771 1.5203791721888168e-18
726.6484286564644 1.5596668726309383e-18
726.7105382651515 1.5798625610806216e-18
726.7726478738388 1.5754567362238188e-18
726.834757482526 1.6179633787288409e-18
726.8968670912133 1.6309317642397577e-18
726.9589766999005 1.5840890613123583e-18
727.0210863085878 1.5386935264187023e-18
727.0831959172749 1.531286529540542e-18
727.1453055259622 1.548409897257426e-18
727.2074151346494 1.5259615733784312e-18
727.2695247433367 1.4936304516698452e-18
727.3316343520239 1.4852705014718352e-18
727.3937439607112 1.491169982994102e-18
727.4558535693984 1.4780292507600499e-18
727.5179631780857 1.4871480156239257e-18
727.5800727867729 1.4783095654003245e-18
727.64218239546 1.5477707299508595e-18
727.7042920041473 1.5649779601316731e-18
727.7664016128346 1.61088252911392e-18
727.8285112215218 1.7788830187007775e-18
727.8906208302091 1.745796599539988e-18
727.9527304388962 1.5710413880219407e-18
728.0148400475834 1.5697801330637375e-18
728.0769496562707 1.4551710245696469e-18
728.139059264958 0.0
