# wavelength flux(cal) flux
3585.6322 6.774955e+02 5.885756e+03
3586.8592 6.235519e+02 5.369777e+03
3588.0862 6.423250e+02 5.483104e+03
3589.3133 5.998226e+02 5.075547e+03
3590.5403 6.452116e+02 5.411918e+03
3591.7673 5.618605e+02 4.671618e+03
3592.9943 5.995651e+02 4.941580e+03
3594.2214 5.394175e+02 4.407034e+03
3595.4484 5.507272e+02 4.460168e+03
3596.6754 5.104533e+02 4.097938e+03
3597.9024 5.852111e+02 4.657131e+03
3599.1294 5.874962e+02 4.634568e+03
3600.3565 6.435273e+02 5.032359e+03
3601.5835 6.027020e+02 4.672076e+03
3602.8105 6.756653e+02 5.192111e+03
3604.0375 6.456451e+02 4.918287e+03
3605.2646 6.369871e+02 4.810177e+03
3606.4916 6.256272e+02 4.683379e+03
3607.7186 5.862214e+02 4.350326e+03
3608.9456 5.524579e+02 4.064236e+03
3610.1727 5.681774e+02 4.143686e+03
3611.3997 6.310140e+02 4.562139e+03
3612.6267 6.837661e+02 4.900805e+03
3613.8537 6.661374e+02 4.733233e+03
3615.0808 6.726962e+02 4.738614e+03
3616.3078 6.044380e+02 4.221109e+03
3617.5348 5.391345e+02 3.732663e+03
3618.7618 6.385503e+02 4.382966e+03
3619.9889 6.880492e+02 4.682184e+03
3621.2159 5.953130e+02 4.016383e+03
3622.4429 6.030824e+02 4.033964e+03
3623.6699 5.969470e+02 3.958784e+03
3624.8970 6.659539e+02 4.378710e+03
3626.1240 6.222817e+02 4.056676e+03
3627.3510 7.194310e+02 4.650066e+03
3628.5780 6.380408e+02 4.088941e+03
3629.8051 6.745281e+02 4.286083e+03
3631.0321 6.728293e+02 4.239059e+03
3632.2591 5.153331e+02 3.219309e+03
3633.4861 6.809473e+02 4.217977e+03
3634.7132 6.542833e+02 4.018638e+03
3635.9402 7.272864e+02 4.429425e+03
3637.1672 6.914652e+02 4.175875e+03
3638.3942 5.256810e+02 3.148048e+03
3639.6213 6.585003e+02 3.910423e+03
3640.8483 6.892891e+02 4.059053e+03
3642.0753 6.679651e+02 3.900674e+03
3643.3023 6.402929e+02 3.707952e+03
3644.5294 6.662074e+02 3.825972e+03
3645.7564 6.839381e+02 3.895231e+03
3646.9834 6.689237e+02 3.778197e+03
3648.2104 6.720432e+02 3.764475e+03
3649.4375 6.693096e+02 3.718271e+03
3650.6645 5.911633e+02 3.257137e+03
3651.8915 5.828185e+02 3.184815e+03
3653.1185 5.980046e+02 3.241051e+03
3654.3456 5.788242e+02 3.111476e+03
3655.5726 5.969652e+02 3.182844e+03
3656.7996 6.561102e+02 3.469748e+03
3658.0266 6.253497e+02 3.280253e+03
3659.2537 6.055668e+02 3.150780e+03
3660.4807 6.101804e+02 3.149158e+03
3661.7077 6.570298e+02 3.363646e+03
3662.9347 6.435043e+02 3.267940e+03
3664.1618 6.542623e+02 3.295953e+03
3665.3888 5.859525e+02 2.928241e+03
3666.6158 5.978879e+02 2.964070e+03
3667.8428 6.788638e+02 3.338756e+03
3669.0698 7.164021e+02 3.495438e+03
3670.2969 6.620275e+02 3.204590e+03
3671.5239 5.650297e+02 2.713494e+03
3672.7509 5.144247e+02 2.451038e+03
3673.9779 5.951795e+02 2.813560e+03
3675.2050 5.829314e+02 2.734105e+03
3676.4320 6.930190e+02 3.225093e+03
3677.6590 6.804897e+02 3.142155e+03
3678.8860 8.446539e+02 3.869934e+03
3680.1131 7.146817e+02 3.249123e+03
3681.3401 6.520823e+02 2.941673e+03
3682.5671 6.563550e+02 2.938187e+03
3683.7941 7.152616e+02 3.177343e+03
3685.0212 6.645596e+02 2.929557e+03
3686.2482 6.181736e+02 2.704316e+03
3687.4752 5.959178e+02 2.587157e+03
3688.7022 6.348336e+02 2.735243e+03
3689.9293 5.625089e+02 2.405334e+03
3691.1563 6.259562e+02 2.656504e+03
3692.3833 6.659188e+02 2.804909e+03
3693.6103 6.254310e+02 2.614680e+03
3694.8374 5.747548e+02 2.384921e+03
3696.0644 5.932321e+02 2.443312e+03
3697.2914 6.540839e+02 2.674001e+03
3698.5184 6.459163e+02 2.621132e+03
3699.7455 6.782314e+02 2.732033e+03
3700.9725 6.602048e+02 2.639934e+03
3702.1995 5.760232e+02 2.286502e+03
3703.4265 5.932709e+02 2.337830e+03
3704.6536 6.608953e+02 2.585425e+03
3705.8806 5.476461e+02 2.126914e+03
3707.1076 5.624826e+02 2.168806e+03
3708.3346 5.218214e+02 1.997590e+03
3709.5617 5.774992e+02 2.194927e+03
3710.7887 6.386002e+02 2.409867e+03
3712.0157 7.075110e+02 2.650966e+03
3713.2427 6.590917e+02 2.452082e+03
3714.4698 6.338030e+02 2.341386e+03
3715.6968 6.113612e+02 2.242631e+03
3716.9238 6.390764e+02 2.327905e+03
3718.1508 7.590574e+02 2.745689e+03
3719.3779 6.544399e+02 2.350836e+03
3720.6049 6.469006e+02 2.307690e+03
3721.8319 6.728477e+02 2.383723e+03
3723.0589 5.747309e+02 2.022154e+03
3724.2860 6.587365e+02 2.301887e+03
3725.5130 6.085886e+02 2.112177e+03
3726.7400 5.341252e+02 1.841178e+03
3727.9670 6.120217e+02 2.095450e+03
3729.1941 6.495061e+02 2.208836e+03
3730.4211 5.812144e+02 1.963353e+03
3731.6481 6.293533e+02 2.111787e+03
3732.8751 6.713797e+02 2.237841e+03
3734.1022 6.409512e+02 2.122284e+03
3735.3292 6.461412e+02 2.125374e+03
3736.5562 6.841381e+02 2.235596e+03
3737.7832 7.299954e+02 2.369862e+03
3739.0103 7.307827e+02 2.356985e+03
3740.2373 6.843572e+02 2.192953e+03
3741.4643 6.585471e+02 2.096636e+03
3742.6913 6.305753e+02 1.994689e+03
3743.9183 6.360552e+02 1.999158e+03
3745.1454 6.572279e+02 2.052554e+03
3746.3724 7.143236e+02 2.216727e+03
3747.5994 6.623710e+02 2.042533e+03
3748.8264 6.806639e+02 2.085756e+03
3750.0535 7.489341e+02 2.280603e+03
3751.2805 7.117332e+02 2.153826e+03
3752.5075 6.323751e+02 1.901813e+03
3753.7345 6.624138e+02 1.979860e+03
3754.9616 6.656965e+02 1.977451e+03
3756.1886 6.640452e+02 1.960486e+03
3757.4156 6.390486e+02 1.875206e+03
3758.6426 7.335536e+02 2.139480e+03
3759.8697 7.655938e+02 2.219466e+03
3761.0967 6.962299e+02 2.006268e+03
3762.3237 5.748539e+02 1.646615e+03
3763.5507 6.827355e+02 1.944007e+03
3764.7778 6.262454e+02 1.772610e+03
3766.0048 6.187695e+02 1.741137e+03
3767.2318 6.743250e+02 1.886346e+03
3768.4588 6.621976e+02 1.841620e+03
3769.6859 7.212739e+02 1.994277e+03
3770.9129 7.633437e+02 2.098411e+03
3772.1399 7.796754e+02 2.130992e+03
3773.3669 7.820151e+02 2.125167e+03
3774.5940 7.021760e+02 1.897346e+03
3775.8210 6.914861e+02 1.857885e+03
3777.0480 7.531737e+02 2.012231e+03
3778.2750 7.974899e+02 2.118691e+03
3779.5021 7.644584e+02 2.019615e+03
3780.7291 6.558166e+02 1.722986e+03
3781.9561 6.341260e+02 1.656807e+03
3783.1831 7.379555e+02 1.917502e+03
3784.4102 7.530170e+02 1.945953e+03
3785.6372 7.023436e+02 1.805143e+03
3786.8642 7.163771e+02 1.831262e+03
3788.0912 7.516960e+02 1.911217e+03
3789.3183 8.740218e+02 2.210353e+03
3790.5453 7.712889e+02 1.940173e+03
3791.7723 7.437828e+02 1.861083e+03
3792.9993 7.706948e+02 1.918275e+03
3794.2264 7.029293e+02 1.740449e+03
3795.4534 7.327805e+02 1.804916e+03
3796.6804 7.703031e+02 1.887516e+03
3797.9074 8.270579e+02 2.016152e+03
3799.1345 7.672924e+02 1.860882e+03
3800.3615 7.593248e+02 1.832181e+03
3801.5885 8.012859e+02 1.923639e+03
3802.8155 8.911902e+02 2.128699e+03
3804.0426 7.556760e+02 1.795971e+03
3805.2696 7.653387e+02 1.809879e+03
3806.4966 7.844777e+02 1.845955e+03
3807.7236 8.648904e+02 2.025156e+03
3808.9507 8.598802e+02 2.003569e+03
3810.1777 8.423191e+02 1.953100e+03
3811.4047 8.907814e+02 2.055476e+03
3812.6317 9.367490e+02 2.151148e+03
3813.8588 8.726481e+02 1.994364e+03
3815.0858 8.653723e+02 1.968332e+03
3816.3128 9.477057e+02 2.145415e+03
3817.5398 8.990415e+02 2.025686e+03
3818.7668 8.238199e+02 1.847530e+03
3819.9939 8.564993e+02 1.911899e+03
3821.2209 8.775532e+02 1.949855e+03
3822.4479 9.035320e+02 1.998369e+03
3823.6749 9.120687e+02 2.008051e+03
3824.9020 9.167825e+02 2.009281e+03
3826.1290 8.694852e+02 1.897038e+03
3827.3560 8.307534e+02 1.804418e+03
3828.5830 8.643276e+02 1.868989e+03
3829.8101 8.993496e+02 1.936120e+03
3831.0371 8.988908e+02 1.926628e+03
3832.2641 8.170095e+02 1.743481e+03
3833.4911 8.720992e+02 1.852965e+03
3834.7182 8.978904e+02 1.899537e+03
3835.9452 8.760428e+02 1.845375e+03
3837.1722 8.488475e+02 1.780475e+03
3838.3992 9.702924e+02 2.026598e+03
3839.6263 1.011896e+03 2.104609e+03
3840.8533 9.060228e+02 1.876536e+03
3842.0803 9.048109e+02 1.866249e+03
3843.3073 9.111519e+02 1.871580e+03
3844.5344 8.813928e+02 1.803037e+03
3845.7614 9.627640e+02 1.961481e+03
3846.9884 1.061255e+03 2.153402e+03
3848.2154 1.125078e+03 2.273739e+03
3849.4425 1.301691e+03 2.620173e+03
3850.6695 1.775262e+03 3.559265e+03
3851.8965 2.389163e+03 4.771235e+03
3853.1235 3.126558e+03 6.219430e+03
3854.3506 3.783437e+03 7.496888e+03
3855.5776 4.157037e+03 8.205412e+03
3856.8046 4.173593e+03 8.206539e+03
3858.0316 3.820136e+03 7.482963e+03
3859.2587 3.184128e+03 6.213576e+03
3860.4857 2.548282e+03 4.954116e+03
3861.7127 2.075050e+03 4.019077e+03
3862.9397 1.619189e+03 3.124537e+03
3864.1668 1.174366e+03 2.257841e+03
3865.3938 1.017510e+03 1.949133e+03
3866.6208 9.908186e+02 1.891129e+03
3867.8478 1.021668e+03 1.942997e+03
3869.0749 9.712645e+02 1.840545e+03
3870.3019 1.006083e+03 1.899768e+03
3871.5289 1.103555e+03 2.076489e+03
3872.7559 1.032846e+03 1.936650e+03
3873.9830 9.971361e+02 1.863207e+03
3875.2100 1.018087e+03 1.895804e+03
3876.4370 1.094440e+03 2.031018e+03
3877.6640 1.071397e+03 1.981510e+03
3878.8911 1.059144e+03 1.952253e+03
3880.1181 1.051655e+03 1.931970e+03
3881.3451 1.076702e+03 1.971420e+03
3882.5721 1.189704e+03 2.171152e+03
3883.7992 1.036227e+03 1.884886e+03
3885.0262 1.104903e+03 2.003288e+03
3886.2532 1.082768e+03 1.956836e+03
3887.4802 1.094055e+03 1.970921e+03
3888.7072 1.018651e+03 1.829266e+03
3889.9343 1.061467e+03 1.900160e+03
3891.1613 1.075380e+03 1.919058e+03
3892.3883 1.050521e+03 1.868892e+03
3893.6153 1.138644e+03 2.019442e+03
3894.8424 1.082094e+03 1.913299e+03
3896.0694 1.065895e+03 1.878958e+03
3897.2964 1.115799e+03 1.961029e+03
3898.5234 1.180602e+03 2.068747e+03
3899.7505 1.247504e+03 2.179524e+03
3900.9775 1.205294e+03 2.099613e+03
3902.2045 1.159348e+03 2.013710e+03
3903.4315 1.156080e+03 2.002249e+03
3904.6586 1.096904e+03 1.894332e+03
3905.8856 1.068033e+03 1.839245e+03
3907.1126 1.038368e+03 1.783135e+03
3908.3396 1.043274e+03 1.786566e+03
3909.5667 1.119204e+03 1.911296e+03
3910.7937 9.731985e+02 1.657403e+03
3912.0207 1.077329e+03 1.829755e+03
3913.2477 1.141650e+03 1.933774e+03
3914.4748 1.254552e+03 2.119335e+03
3915.7018 1.241991e+03 2.092557e+03
3916.9288 1.260203e+03 2.117665e+03
3918.1558 1.117542e+03 1.873045e+03
3919.3829 1.196174e+03 1.999660e+03
3920.6099 1.167022e+03 1.945934e+03
3921.8369 1.189095e+03 1.977710e+03
3923.0639 1.225355e+03 2.032895e+03
3924.2910 1.272901e+03 2.106511e+03
3925.5180 1.068818e+03 1.764408e+03
3926.7450 1.266699e+03 2.085952e+03
3927.9720 1.297096e+03 2.130827e+03
3929.1991 1.313588e+03 2.152732e+03
3930.4261 1.260966e+03 2.061572e+03
3931.6531 1.178158e+03 1.921642e+03
3932.8801 1.210030e+03 1.969011e+03
3934.1072 1.164303e+03 1.890211e+03
3935.3342 1.120023e+03 1.814149e+03
3936.5612 1.102355e+03 1.781470e+03
3937.7882 1.107002e+03 1.784949e+03
3939.0153 1.169873e+03 1.882112e+03
3940.2423 1.188896e+03 1.908488e+03
3941.4693 1.188813e+03 1.904177e+03
3942.6963 1.226961e+03 1.961018e+03
3943.9234 1.128979e+03 1.800539e+03
3945.1504 1.147435e+03 1.826079e+03
3946.3774 1.160690e+03 1.843282e+03
3947.6044 1.198198e+03 1.898879e+03
3948.8315 1.231635e+03 1.947837e+03
3950.0585 1.280118e+03 2.020373e+03
3951.2855 1.194188e+03 1.880936e+03
3952.5125 1.204571e+03 1.893487e+03
3953.7396 1.336987e+03 2.097462e+03
3954.9666 1.266744e+03 1.983360e+03
3956.1936 1.198191e+03 1.872378e+03
3957.4206 1.262446e+03 1.968991e+03
3958.6477 1.077458e+03 1.677270e+03
3959.8747 1.136337e+03 1.765592e+03
3961.1017 1.164386e+03 1.805798e+03
3962.3287 1.189963e+03 1.842058e+03
3963.5557 1.221640e+03 1.887639e+03
3964.7828 1.207175e+03 1.861917e+03
3966.0098 1.290605e+03 1.987037e+03
3967.2368 1.271598e+03 1.954310e+03
3968.4638 1.241200e+03 1.904253e+03
3969.6909 1.217398e+03 1.864503e+03
3970.9179 1.258291e+03 1.923834e+03
3972.1449 1.170916e+03 1.787213e+03
3973.3719 1.085083e+03 1.653430e+03
3974.5990 1.131246e+03 1.720917e+03
3975.8260 1.212817e+03 1.841988e+03
3977.0530 1.196749e+03 1.814641e+03
3978.2800 1.129826e+03 1.710423e+03
3979.5071 1.173847e+03 1.774254e+03
3980.7341 1.232829e+03 1.860490e+03
3981.9611 1.172786e+03 1.767143e+03
3983.1881 1.117646e+03 1.681484e+03
3984.4152 1.195331e+03 1.795645e+03
3985.6422 1.129640e+03 1.694430e+03
3986.8692 1.125432e+03 1.685629e+03
3988.0962 1.186103e+03 1.773912e+03
3989.3233 1.192070e+03 1.780271e+03
3990.5503 1.157803e+03 1.726636e+03
3991.7773 1.222816e+03 1.821030e+03
3993.0043 1.235198e+03 1.836918e+03
3994.2314 1.265315e+03 1.879127e+03
3995.4584 1.289309e+03 1.912172e+03
3996.6854 1.521332e+03 2.253270e+03
3997.9124 1.998922e+03 2.956733e+03
3999.1395 2.823228e+03 4.170578e+03
4000.3665 3.082054e+03 4.547075e+03
4001.5935 3.014133e+03 4.441228e+03
4002.8205 2.852705e+03 4.198105e+03
4004.0476 2.501340e+03 3.676481e+03
4005.2746 2.145170e+03 3.149137e+03
4006.5016 1.751439e+03 2.568043e+03
4007.7286 1.434061e+03 2.100192e+03
4008.9557 1.214769e+03 1.776956e+03
4010.1827 1.143715e+03 1.671088e+03
4011.4097 1.099973e+03 1.605346e+03
4012.6367 1.115948e+03 1.626833e+03
4013.8638 1.119583e+03 1.630325e+03
4015.0908 1.132721e+03 1.647657e+03
4016.3178 1.176642e+03 1.709705e+03
4017.5448 1.248738e+03 1.812539e+03
4018.7719 1.452132e+03 2.105564e+03
4019.9989 1.673147e+03 2.423534e+03
4021.2259 1.738581e+03 2.515762e+03
4022.4529 1.698397e+03 2.455161e+03
4023.6800 1.714998e+03 2.476720e+03
4024.9070 1.564292e+03 2.256889e+03
4026.1340 1.480479e+03 2.133932e+03
4027.3610 1.394192e+03 2.007672e+03
4028.5881 1.211613e+03 1.743141e+03
4029.8151 1.193480e+03 1.715492e+03
4031.0421 1.162720e+03 1.669783e+03
4032.2691 1.204374e+03 1.728079e+03
4033.4962 1.161913e+03 1.665711e+03
4034.7232 1.129562e+03 1.617954e+03
4035.9502 1.129561e+03 1.616598e+03
4037.1772 1.148253e+03 1.641997e+03
4038.4042 1.150558e+03 1.643961e+03
4039.6313 1.168362e+03 1.668072e+03
4040.8583 1.206635e+03 1.721368e+03
4042.0853 1.218000e+03 1.736249e+03
4043.3123 1.178647e+03 1.678885e+03
4044.5394 1.150445e+03 1.637500e+03
4045.7664 1.165035e+03 1.657063e+03
4046.9934 1.137578e+03 1.616856e+03
4048.2204 1.156760e+03 1.642969e+03
4049.4475 1.177878e+03 1.671815e+03
4050.6745 1.126169e+03 1.597346e+03
4051.9015 1.164150e+03 1.650128e+03
4053.1285 1.205470e+03 1.707591e+03
4054.3556 1.199338e+03 1.697826e+03
4055.5826 1.218406e+03 1.723750e+03
4056.8096 1.151994e+03 1.628800e+03
4058.0366 1.166680e+03 1.648583e+03
4059.2637 1.198289e+03 1.692260e+03
4060.4907 1.141457e+03 1.611080e+03
4061.7177 1.223544e+03 1.725975e+03
4062.9447 1.171781e+03 1.652055e+03
4064.1718 1.118382e+03 1.575928e+03
4065.3988 1.071237e+03 1.508710e+03
4066.6258 1.035415e+03 1.457516e+03
4067.8528 1.065592e+03 1.499250e+03
4069.0799 1.099860e+03 1.546713e+03
4070.3069 1.033888e+03 1.453250e+03
4071.5339 1.119688e+03 1.573126e+03
4072.7609 1.007933e+03 1.415477e+03
4073.9880 1.066931e+03 1.497674e+03
4075.2150 1.073530e+03 1.506294e+03
4076.4420 1.089670e+03 1.528306e+03
4077.6690 1.092130e+03 1.531139e+03
4078.8961 1.138474e+03 1.595487e+03
4080.1231 1.093653e+03 1.532089e+03
4081.3501 1.050779e+03 1.471484e+03
4082.5771 1.131602e+03 1.584097e+03
4083.8042 1.173383e+03 1.642014e+03
4085.0312 1.116946e+03 1.562512e+03
4086.2582 1.088614e+03 1.522381e+03
4087.4852 1.067702e+03 1.492667e+03
4088.7123 1.099317e+03 1.536397e+03
4089.9393 1.110044e+03 1.550934e+03
4091.1663 1.088865e+03 1.520913e+03
4092.3933 1.116166e+03 1.558621e+03
4093.6204 1.159037e+03 1.618062e+03
4094.8474 1.105594e+03 1.543066e+03
4096.0744 1.069896e+03 1.492881e+03
4097.3014 1.127544e+03 1.572956e+03
4098.5285 1.279504e+03 1.784550e+03
4099.7555 1.308365e+03 1.824417e+03
4100.9825 1.524999e+03 2.126069e+03
4102.2095 1.705220e+03 2.376868e+03
4103.4366 1.936079e+03 2.698167e+03
4104.6636 1.972792e+03 2.748858e+03
4105.8906 1.901013e+03 2.648412e+03
4107.1176 1.679872e+03 2.339972e+03
4108.3446 1.558658e+03 2.170816e+03
4109.5717 1.381626e+03 1.923998e+03
4110.7987 1.175295e+03 1.636466e+03
4112.0257 1.129713e+03 1.572817e+03
4113.2527 1.042447e+03 1.451169e+03
4114.4798 1.034471e+03 1.439926e+03
4115.7068 1.162669e+03 1.618229e+03
4116.9338 1.064999e+03 1.482172e+03
4118.1608 1.097414e+03 1.527178e+03
4119.3879 1.018370e+03 1.417093e+03
4120.6149 1.105471e+03 1.538217e+03
4121.8419 1.163646e+03 1.619094e+03
4123.0689 1.091060e+03 1.518046e+03
4124.2960 1.074732e+03 1.495289e+03
4125.5230 1.076931e+03 1.498321e+03
4126.7500 1.113202e+03 1.548770e+03
4127.9770 1.151685e+03 1.602309e+03
4129.2041 1.115636e+03 1.552166e+03
4130.4311 1.110446e+03 1.544969e+03
4131.6581 1.084618e+03 1.509071e+03
4132.8851 1.024220e+03 1.425082e+03
4134.1122 1.072643e+03 1.492516e+03
4135.3392 1.090142e+03 1.516937e+03
4136.5662 1.077555e+03 1.499506e+03
4137.7932 1.109061e+03 1.543447e+03
4139.0203 1.101757e+03 1.533391e+03
4140.2473 1.092492e+03 1.520615e+03
4141.4743 1.092997e+03 1.521450e+03
4142.7013 9.959872e+02 1.386542e+03
4143.9284 1.123975e+03 1.564877e+03
4145.1554 1.082246e+03 1.506942e+03
4146.3824 1.120942e+03 1.561005e+03
4147.6094 1.087499e+03 1.514619e+03
4148.8365 1.089636e+03 1.517794e+03
4150.0635 1.113111e+03 1.550707e+03
4151.2905 1.075821e+03 1.498974e+03
4152.5175 1.128308e+03 1.572345e+03
4153.7446 1.104768e+03 1.539784e+03
4154.9716 1.063842e+03 1.482990e+03
4156.1986 1.116981e+03 1.557334e+03
4157.4256 1.072116e+03 1.495049e+03
4158.6527 1.059064e+03 1.477122e+03
4159.8797 1.101362e+03 1.536413e+03
4161.1067 1.147970e+03 1.601751e+03
4162.3337 1.118760e+03 1.561316e+03
4163.5608 1.165868e+03 1.627403e+03
4164.7878 1.205264e+03 1.682763e+03
4166.0148 1.149420e+03 1.605156e+03
4167.2418 1.108729e+03 1.548688e+03
4168.4689 1.063713e+03 1.486162e+03
4169.6959 1.049368e+03 1.466476e+03
4170.9229 1.082787e+03 1.513557e+03
4172.1499 1.106423e+03 1.546991e+03
4173.3770 1.064974e+03 1.489427e+03
4174.6040 1.058499e+03 1.480767e+03
4175.8310 1.073012e+03 1.501479e+03
4177.0580 1.125988e+03 1.576049e+03
4178.2851 1.142230e+03 1.599238e+03
4179.5121 1.110443e+03 1.555184e+03
4180.7391 1.091964e+03 1.529757e+03
4181.9661 1.067974e+03 1.496599e+03
4183.1931 1.047411e+03 1.468234e+03
4184.4202 1.094445e+03 1.534645e+03
4185.6472 1.197613e+03 1.679842e+03
4186.8742 1.067895e+03 1.498376e+03
4188.1012 1.044160e+03 1.465554e+03
4189.3283 1.141719e+03 1.603019e+03
4190.5553 1.109884e+03 1.558849e+03
4191.7823 1.139238e+03 1.600627e+03
4193.0093 1.096180e+03 1.540668e+03
4194.2364 1.153562e+03 1.621892e+03
4195.4634 1.066446e+03 1.499946e+03
4196.6904 1.095373e+03 1.541191e+03
4197.9174 1.090575e+03 1.535006e+03
4199.1445 1.135533e+03 1.598881e+03
4200.3715 1.096748e+03 1.544854e+03
4201.5985 1.087137e+03 1.531902e+03
4202.8255 1.079300e+03 1.521447e+03
4204.0526 1.115310e+03 1.572825e+03
4205.2796 1.179965e+03 1.664662e+03
4206.5066 1.186047e+03 1.673911e+03
4207.7336 1.138582e+03 1.607574e+03
4208.9607 1.098874e+03 1.552144e+03
4210.1877 1.093912e+03 1.545774e+03
4211.4147 1.076387e+03 1.521646e+03
4212.6417 1.064549e+03 1.505546e+03
4213.8688 1.006192e+03 1.423621e+03
4215.0958 9.820514e+02 1.390063e+03
4216.3228 1.019225e+03 1.443308e+03
4217.5498 1.132898e+03 1.604981e+03
4218.7769 1.062396e+03 1.505766e+03
4220.0039 1.103837e+03 1.565199e+03
4221.2309 1.006508e+03 1.427833e+03
4222.4579 1.091775e+03 1.549496e+03
4223.6850 1.078959e+03 1.532007e+03
4224.9120 1.021667e+03 1.451326e+03
4226.1390 9.827847e+02 1.396741e+03
4227.3660 1.023989e+03 1.455983e+03
4228.5931 1.034107e+03 1.471062e+03
4229.8201 1.030255e+03 1.466279e+03
4231.0471 1.096490e+03 1.561294e+03
4232.2741 1.071200e+03 1.526019e+03
4233.5012 1.046612e+03 1.491715e+03
4234.7282 1.073965e+03 1.531449e+03
4235.9552 1.057199e+03 1.508282e+03
4237.1822 1.086702e+03 1.551142e+03
4238.4093 1.310569e+03 1.871618e+03
4239.6363 1.552049e+03 2.217587e+03
4240.8633 1.689760e+03 2.415568e+03
4242.0903 1.805797e+03 2.582757e+03
4243.3174 1.704078e+03 2.438518e+03
4244.5444 1.513402e+03 2.166774e+03
4245.7714 1.367970e+03 1.959568e+03
4246.9984 1.207683e+03 1.730860e+03
4248.2255 1.111682e+03 1.594103e+03
4249.4525 1.048020e+03 1.503603e+03
4250.6795 1.020449e+03 1.464819e+03
4251.9065 1.009175e+03 1.449404e+03
4253.1335 1.009310e+03 1.450370e+03
4254.3606 1.002878e+03 1.441900e+03
4255.5876 9.818271e+02 1.412392e+03
4256.8146 1.044924e+03 1.503972e+03
4258.0416 1.060549e+03 1.527290e+03
4259.2687 1.045250e+03 1.506080e+03
4260.4957 1.105370e+03 1.593577e+03
4261.7227 1.067094e+03 1.539242e+03
4262.9497 1.045041e+03 1.508265e+03
4264.1768 1.056183e+03 1.525192e+03
4265.4038 1.024489e+03 1.480247e+03
4266.6308 1.010740e+03 1.461198e+03
4267.8578 1.031943e+03 1.492689e+03
4269.0849 1.061767e+03 1.536693e+03
4270.3119 1.019120e+03 1.475804e+03
4271.5389 1.033233e+03 1.497091e+03
4272.7659 9.976615e+02 1.446373e+03
4273.9930 9.911740e+02 1.437789e+03
4275.2200 9.634554e+02 1.398382e+03
4276.4470 1.039709e+03 1.509927e+03
4277.6740 1.048351e+03 1.523356e+03
4278.9011 1.027006e+03 1.493202e+03
4280.1281 1.031382e+03 1.500436e+03
4281.3551 1.007988e+03 1.467256e+03
4282.5821 9.857529e+02 1.435729e+03
4283.8092 1.061779e+03 1.547364e+03
4285.0362 1.071951e+03 1.563106e+03
4286.2632 1.042943e+03 1.521702e+03
4287.4902 1.048389e+03 1.530551e+03
4288.7173 1.016209e+03 1.484451e+03
4289.9443 1.034174e+03 1.511590e+03
4291.1713 1.106994e+03 1.618988e+03
4292.3983 1.093634e+03 1.600403e+03
4293.6254 1.076771e+03 1.576667e+03
4294.8524 1.058827e+03 1.551322e+03
4296.0794 1.093929e+03 1.603712e+03
4297.3064 1.075059e+03 1.576997e+03
4298.5335 1.146518e+03 1.682833e+03
4299.7605 1.108155e+03 1.627507e+03
4300.9875 9.723834e+02 1.428969e+03
4302.2145 1.009279e+03 1.484088e+03
4303.4416 9.786821e+02 1.439971e+03
4304.6686 1.020960e+03 1.503090e+03
4305.8956 1.026736e+03 1.512514e+03
4307.1226 1.009041e+03 1.487355e+03
4308.3497 1.023132e+03 1.509047e+03
4309.5767 9.654265e+02 1.424808e+03
4310.8037 9.363447e+02 1.382736e+03
4312.0307 1.036720e+03 1.531904e+03
4313.2578 1.020576e+03 1.508976e+03
4314.4848 9.461375e+02 1.399776e+03
4315.7118 9.997849e+02 1.480058e+03
4316.9388 9.978952e+02 1.478172e+03
4318.1659 9.951133e+02 1.474963e+03
4319.3929 9.925538e+02 1.472079e+03
4320.6199 1.014427e+03 1.505452e+03
4321.8469 1.001971e+03 1.487888e+03
4323.0740 9.580384e+02 1.423533e+03
4324.3010 9.649223e+02 1.434653e+03
4325.5280 9.986152e+02 1.485671e+03
4326.7550 1.005253e+03 1.496476e+03
4327.9820 1.008991e+03 1.502977e+03
4329.2091 9.994055e+02 1.489626e+03
4330.4361 9.944684e+02 1.483192e+03
4331.6631 9.950840e+02 1.485037e+03
4332.8901 1.036986e+03 1.548537e+03
4334.1172 1.086510e+03 1.623504e+03
4335.3442 1.064849e+03 1.592134e+03
4336.5712 1.035419e+03 1.549098e+03
4337.7982 9.805670e+02 1.467952e+03
4339.0253 9.847059e+02 1.475071e+03
4340.2523 1.056591e+03 1.583745e+03
4341.4793 1.141092e+03 1.711476e+03
4342.7063 1.051326e+03 1.577828e+03
4343.9334 1.023048e+03 1.536351e+03
4345.1604 1.040647e+03 1.563759e+03
4346.3874 1.083848e+03 1.629698e+03
4347.6144 1.084355e+03 1.631482e+03
4348.8415 1.049093e+03 1.579419e+03
4350.0685 1.069127e+03 1.610590e+03
4351.2955 1.037665e+03 1.564174e+03
4352.5225 1.034804e+03 1.560840e+03
4353.7496 1.038561e+03 1.567489e+03
4354.9766 1.006701e+03 1.520355e+03
4356.2036 9.931747e+02 1.500867e+03
4357.4306 1.018420e+03 1.539982e+03
4358.6577 1.075763e+03 1.627712e+03
4359.8847 1.070944e+03 1.621434e+03
4361.1117 1.030836e+03 1.561688e+03
4362.3387 1.005279e+03 1.523922e+03
4363.5658 1.023677e+03 1.552784e+03
4364.7928 1.067124e+03 1.619699e+03
4366.0198 1.051328e+03 1.596722e+03
4367.2468 1.009073e+03 1.533505e+03
4368.4739 1.027434e+03 1.562383e+03
4369.7009 1.070741e+03 1.629255e+03
4370.9279 1.037408e+03 1.579519e+03
4372.1549 1.081837e+03 1.648192e+03
4373.3820 1.154622e+03 1.760178e+03
4374.6090 1.030253e+03 1.571559e+03
4375.8360 1.077280e+03 1.644317e+03
4377.0630 1.160120e+03 1.771862e+03
4378.2901 1.142893e+03 1.746636e+03
4379.5171 1.038057e+03 1.587403e+03
4380.7441 1.060766e+03 1.623137e+03
4381.9711 1.060773e+03 1.624153e+03
4383.1982 1.159038e+03 1.775705e+03
4384.4252 1.182730e+03 1.813123e+03
4385.6522 1.162710e+03 1.783535e+03
4386.8792 1.107412e+03 1.699759e+03
4388.1063 1.129388e+03 1.734557e+03
4389.3333 1.069584e+03 1.643720e+03
4390.5603 1.120587e+03 1.723161e+03
4391.7873 1.087897e+03 1.673920e+03
4393.0144 1.103664e+03 1.699223e+03
4394.2414 1.145483e+03 1.764689e+03
4395.4684 1.140376e+03 1.757898e+03
4396.6954 1.153300e+03 1.778908e+03
4397.9225 1.060073e+03 1.636109e+03
4399.1495 1.026471e+03 1.585213e+03
4400.3765 1.062976e+03 1.642589e+03
4401.6035 1.121483e+03 1.734053e+03
4402.8305 1.172371e+03 1.813838e+03
4404.0576 1.169667e+03 1.810751e+03
4405.2846 1.172221e+03 1.815804e+03
4406.5116 1.169371e+03 1.812485e+03
4407.7386 1.165881e+03 1.808167e+03
4408.9657 1.165083e+03 1.808018e+03
4410.1927 1.181838e+03 1.835123e+03
4411.4197 1.128683e+03 1.753638e+03
4412.6467 1.150048e+03 1.787906e+03
4413.8738 1.119764e+03 1.741867e+03
4415.1008 1.119371e+03 1.742298e+03
4416.3278 1.169843e+03 1.821943e+03
4417.5548 1.272363e+03 1.982792e+03
4418.7819 1.411071e+03 2.200257e+03
4420.0089 1.257558e+03 1.962051e+03
4421.2359 1.346219e+03 2.101625e+03
4422.4629 1.135780e+03 1.774150e+03
4423.6900 1.221298e+03 1.908860e+03
4424.9170 1.155690e+03 1.807381e+03
4426.1440 1.168931e+03 1.829163e+03
4427.3710 1.147155e+03 1.796141e+03
4428.5981 1.148881e+03 1.799897e+03
4429.8251 1.169711e+03 1.833602e+03
4431.0521 1.193433e+03 1.871879e+03
4432.2791 1.224267e+03 1.921359e+03
4433.5062 1.191260e+03 1.870645e+03
4434.7332 1.140085e+03 1.791322e+03
4435.9602 1.171668e+03 1.842010e+03
4437.1872 1.242347e+03 1.954254e+03
4438.4143 1.214403e+03 1.911397e+03
4439.6413 1.153814e+03 1.817077e+03
4440.8683 1.168336e+03 1.841001e+03
4442.0953 1.217495e+03 1.919560e+03
4443.3224 1.179723e+03 1.861069e+03
4444.5494 1.178817e+03 1.860698e+03
4445.7764 1.234978e+03 1.950452e+03
4447.0034 1.206347e+03 1.906313e+03
4448.2305 1.213667e+03 1.918965e+03
4449.4575 1.219411e+03 1.929134e+03
4450.6845 1.199435e+03 1.898597e+03
4451.9115 1.197977e+03 1.897352e+03
4453.1386 1.188109e+03 1.882778e+03
4454.3656 1.258463e+03 1.995378e+03
4455.5926 1.266045e+03 2.008517e+03
4456.8196 1.218740e+03 1.934544e+03
4458.0467 1.210243e+03 1.922120e+03
4459.2737 1.268610e+03 2.015932e+03
4460.5007 1.222733e+03 1.944100e+03
4461.7277 1.295983e+03 2.061695e+03
4462.9548 1.295873e+03 2.062650e+03
4464.1818 1.280498e+03 2.039290e+03
4465.4088 1.247914e+03 1.988480e+03
4466.6358 1.208204e+03 1.926251e+03
4467.8629 1.201217e+03 1.916149e+03
4469.0899 1.319403e+03 2.105811e+03
4470.3169 1.289478e+03 2.059158e+03
4471.5439 1.280355e+03 2.045688e+03
4472.7709 1.283571e+03 2.051924e+03
4473.9980 1.317657e+03 2.107539e+03
4475.2250 1.320375e+03 2.113010e+03
4476.4520 1.335383e+03 2.138161e+03
4477.6790 1.374554e+03 2.202044e+03
4478.9061 1.373109e+03 2.200888e+03
4480.1331 1.350291e+03 2.165453e+03
4481.3601 1.331360e+03 2.136211e+03
4482.5871 1.351496e+03 2.169653e+03
4483.8142 1.448528e+03 2.326637e+03
4485.0412 1.828125e+03 2.937871e+03
4486.2682 2.305128e+03 3.706351e+03
4487.4952 2.633519e+03 4.236545e+03
4488.7223 2.848376e+03 4.584541e+03
4489.9493 2.770065e+03 4.460781e+03
4491.1763 2.520403e+03 4.060809e+03
4492.4033 2.228541e+03 3.592396e+03
4493.6304 2.088500e+03 3.368358e+03
4494.8574 1.757602e+03 2.836114e+03
4496.0844 1.451422e+03 2.343234e+03
4497.3114 1.444113e+03 2.332603e+03
4498.5385 1.385473e+03 2.239005e+03
4499.7655 1.427090e+03 2.307409e+03
4500.9925 1.430669e+03 2.314344e+03
4502.2195 1.452969e+03 2.351581e+03
4503.4466 1.390714e+03 2.251934e+03
4504.6736 1.456141e+03 2.359035e+03
4505.9006 1.421792e+03 2.304517e+03
4507.1276 1.484395e+03 2.407160e+03
4508.3547 1.634349e+03 2.651620e+03
4509.5817 1.652164e+03 2.681821e+03
4510.8087 1.817655e+03 2.951872e+03
4512.0357 1.906681e+03 3.097937e+03
4513.2628 1.930092e+03 3.137476e+03
4514.4898 1.913248e+03 3.111578e+03
4515.7168 1.827519e+03 2.973567e+03
4516.9438 1.719249e+03 2.798723e+03
4518.1709 1.624298e+03 2.645401e+03
4519.3979 1.560275e+03 2.542323e+03
4520.6249 1.542938e+03 2.515250e+03
4521.8519 1.570605e+03 2.561544e+03
4523.0790 1.557408e+03 2.541199e+03
4524.3060 1.525435e+03 2.490179e+03
4525.5330 1.542073e+03 2.518497e+03
4526.7600 1.549981e+03 2.532572e+03
4527.9871 1.528181e+03 2.498092e+03
4529.2141 1.541108e+03 2.520368e+03
4530.4411 1.570895e+03 2.570246e+03
4531.6681 1.561913e+03 2.556701e+03
4532.8952 1.556292e+03 2.548644e+03
4534.1222 1.598779e+03 2.619392e+03
4535.3492 1.648161e+03 2.701499e+03
4536.5762 1.630971e+03 2.674506e+03
4537.8033 1.652258e+03 2.710609e+03
4539.0303 1.599355e+03 2.624970e+03
4540.2573 1.595104e+03 2.619138e+03
4541.4843 1.594028e+03 2.618512e+03
4542.7114 1.625103e+03 2.670715e+03
4543.9384 1.613746e+03 2.653194e+03
4545.1654 1.651474e+03 2.716389e+03
4546.3924 1.634320e+03 2.689324e+03
4547.6194 1.766431e+03 2.907954e+03
4548.8465 1.664545e+03 2.741386e+03
4550.0735 1.771604e+03 2.918934e+03
4551.3005 1.686274e+03 2.779509e+03
4552.5275 1.662056e+03 2.740734e+03
4553.7546 1.586305e+03 2.616908e+03
4554.9816 1.633570e+03 2.695995e+03
4556.2086 1.720534e+03 2.840688e+03
4557.4356 1.739226e+03 2.872725e+03
4558.6627 1.708611e+03 2.823308e+03
4559.8897 1.732768e+03 2.864387e+03
4561.1167 1.708471e+03 2.825362e+03
4562.3437 1.735001e+03 2.870390e+03
4563.5708 1.734063e+03 2.869985e+03
4564.7978 1.709079e+03 2.829760e+03
4566.0248 1.730186e+03 2.865840e+03
4567.2518 1.692729e+03 2.804902e+03
4568.4789 1.680681e+03 2.786029e+03
4569.7059 1.736785e+03 2.880153e+03
4570.9329 1.720418e+03 2.854118e+03
4572.1599 1.658454e+03 2.752382e+03
4573.3870 1.680768e+03 2.790485e+03
4574.6140 1.708427e+03 2.837488e+03
4575.8410 1.710113e+03 2.841367e+03
4577.0680 1.748973e+03 2.907030e+03
4578.2951 1.742214e+03 2.896884e+03
4579.5221 1.717717e+03 2.857218e+03
4580.7491 1.642678e+03 2.733415e+03
4581.9761 1.675161e+03 2.788497e+03
4583.2032 1.679404e+03 2.796587e+03
4584.4302 1.674363e+03 2.789212e+03
4585.6572 1.746279e+03 2.910069e+03
4586.8842 1.714881e+03 2.858779e+03
4588.1113 1.731426e+03 2.887397e+03
4589.3383 1.714696e+03 2.860519e+03
4590.5653 1.722501e+03 2.874561e+03
4591.7923 1.762594e+03 2.942508e+03
4593.0194 1.687732e+03 2.818521e+03
4594.2464 1.739715e+03 2.906348e+03
4595.4734 1.727954e+03 2.887701e+03
4596.7004 1.710912e+03 2.860208e+03
4597.9275 1.660551e+03 2.776969e+03
4599.1545 1.728748e+03 2.892001e+03
4600.3815 1.717406e+03 2.874000e+03
4601.6085 1.696929e+03 2.840690e+03
4602.8356 1.829952e+03 3.064398e+03
4604.0626 1.785984e+03 2.991764e+03
4605.2896 1.771360e+03 2.968249e+03
4606.5166 1.784671e+03 2.991537e+03
4607.7437 1.758773e+03 2.949087e+03
4608.9707 1.701578e+03 2.854109e+03
4610.1977 1.704763e+03 2.860372e+03
4611.4247 1.692310e+03 2.840388e+03
4612.6518 1.697085e+03 2.849308e+03
4613.8788 1.708202e+03 2.868880e+03
4615.1058 1.671610e+03 2.808306e+03
4616.3328 1.733340e+03 2.912921e+03
4617.5599 1.740237e+03 2.925418e+03
4618.7869 1.677886e+03 2.821472e+03
4620.0139 1.653077e+03 2.780602e+03
4621.2409 1.756253e+03 2.955050e+03
4622.4679 1.787309e+03 3.008211e+03
4623.6950 1.831774e+03 3.083973e+03
4624.9220 1.922789e+03 3.238168e+03
4626.1490 1.842230e+03 3.103416e+03
4627.3760 1.753551e+03 2.954894e+03
4628.6031 1.789640e+03 3.016586e+03
4629.8301 1.752714e+03 2.955197e+03
4631.0571 1.674692e+03 2.824457e+03
4632.2841 1.750683e+03 2.953462e+03
4633.5112 1.638641e+03 2.765226e+03
4634.7382 1.714540e+03 2.894119e+03
4635.9652 1.749716e+03 2.954318e+03
4637.1922 1.608743e+03 2.717043e+03
4638.4193 1.689103e+03 2.853547e+03
4639.6463 1.679724e+03 2.838475e+03
4640.8733 1.613410e+03 2.727154e+03
4642.1003 1.720589e+03 2.909098e+03
4643.3274 1.721314e+03 2.911098e+03
4644.5544 1.663066e+03 2.813333e+03
4645.7814 1.701839e+03 2.879677e+03
4647.0084 1.674290e+03 2.833798e+03
4648.2355 1.667994e+03 2.823870e+03
4649.4625 1.692850e+03 2.866684e+03
4650.6895 1.690273e+03 2.863046e+03
4651.9165 1.685636e+03 2.855910e+03
4653.1436 1.630020e+03 2.762371e+03
4654.3706 1.632427e+03 2.767135e+03
4655.5976 1.676157e+03 2.841959e+03
4656.8246 1.713300e+03 2.905643e+03
4658.0517 1.708732e+03 2.898595e+03
4659.2787 1.638728e+03 2.780509e+03
4660.5057 1.659346e+03 2.816160e+03
4661.7327 1.664942e+03 2.826321e+03
4662.9598 1.654427e+03 2.809125e+03
4664.1868 1.715923e+03 2.914215e+03
4665.4138 1.699176e+03 2.886432e+03
4666.6408 1.609194e+03 2.734198e+03
4667.8679 1.620067e+03 2.753290e+03
4669.0949 1.704186e+03 2.896894e+03
4670.3219 1.662192e+03 2.826132e+03
4671.5489 1.680339e+03 2.857610e+03
4672.7760 1.672566e+03 2.845007e+03
4674.0030 1.688633e+03 2.872951e+03
4675.2300 1.643801e+03 2.797269e+03
4676.4570 1.721063e+03 2.929362e+03
4677.6841 1.642090e+03 2.795526e+03
4678.9111 1.632178e+03 2.779224e+03
4680.1381 1.682784e+03 2.865978e+03
4681.3651 1.669514e+03 2.843951e+03
4682.5922 1.603411e+03 2.731894e+03
4683.8192 1.612349e+03 2.747665e+03
4685.0462 1.581285e+03 2.695253e+03
4686.2732 1.648383e+03 2.810163e+03
4687.5003 1.633889e+03 2.785987e+03
4688.7273 1.644048e+03 2.803840e+03
4689.9543 1.652037e+03 2.817992e+03
4691.1813 1.627867e+03 2.777277e+03
4692.4083 1.683316e+03 2.872404e+03
4693.6354 1.713094e+03 2.923746e+03
4694.8624 1.688319e+03 2.881977e+03
4696.0894 1.686329e+03 2.879089e+03
4697.3164 1.652329e+03 2.821534e+03
4698.5435 1.622322e+03 2.770773e+03
4699.7705 1.616967e+03 2.762098e+03
4700.9975 1.605638e+03 2.743208e+03
4702.2245 1.636383e+03 2.796201e+03
4703.4516 1.651868e+03 2.823124e+03
4704.6786 1.679037e+03 2.870024e+03
4705.9056 1.673603e+03 2.861193e+03
4707.1326 1.648925e+03 2.819449e+03
4708.3597 1.640733e+03 2.805880e+03
4709.5867 1.601279e+03 2.738830e+03
4710.8137 1.608116e+03 2.750942e+03
4712.0407 1.632373e+03 2.792857e+03
4713.2678 1.660348e+03 2.841140e+03
4714.4948 1.637456e+03 2.802376e+03
4715.7218 1.719009e+03 2.942370e+03
4716.9488 1.731924e+03 2.964897e+03
4718.1759 1.697494e+03 2.906361e+03
4719.4029 1.690862e+03 2.895405e+03
4720.6299 1.704131e+03 2.918521e+03
4721.8569 1.676996e+03 2.872434e+03
4723.0840 1.714587e+03 2.937207e+03
4724.3110 1.621519e+03 2.778134e+03
4725.5380 1.672151e+03 2.865246e+03
4726.7650 1.717510e+03 2.943338e+03
4727.9921 1.647181e+03 2.823161e+03
4729.2191 1.722600e+03 2.952782e+03
4730.4461 1.714182e+03 2.938702e+03
4731.6731 1.676132e+03 2.873806e+03
4732.9002 1.669260e+03 2.862353e+03
4734.1272 1.625694e+03 2.787964e+03
4735.3542 1.699821e+03 2.915410e+03
4736.5812 1.695524e+03 2.908357e+03
4737.8083 1.693486e+03 2.905171e+03
4739.0353 1.648059e+03 2.827537e+03
4740.2623 1.658672e+03 2.846037e+03
4741.4893 1.676153e+03 2.876322e+03
4742.7164 1.728196e+03 2.965921e+03
4743.9434 1.648621e+03 2.829628e+03
4745.1704 1.685067e+03 2.892456e+03
4746.3974 1.727027e+03 2.964756e+03
4747.6245 1.683930e+03 2.891033e+03
4748.8515 1.655407e+03 2.842315e+03
4750.0785 1.691349e+03 2.904278e+03
4751.3055 1.683829e+03 2.891609e+03
4752.5326 1.656171e+03 2.844346e+03
4753.7596 1.659696e+03 2.850628e+03
4754.9866 1.688217e+03 2.899841e+03
4756.2136 1.687414e+03 2.898683e+03
4757.4407 1.617637e+03 2.779024e+03
4758.6677 1.649803e+03 2.834488e+03
4759.8947 1.638875e+03 2.815910e+03
4761.1217 1.630823e+03 2.802266e+03
4762.3488 1.648025e+03 2.832011e+03
4763.5758 1.647059e+03 2.830532e+03
4764.8028 1.602710e+03 2.754487e+03
4766.0298 1.698878e+03 2.919941e+03
4767.2568 1.678640e+03 2.885323e+03
4768.4839 1.655183e+03 2.845163e+03
4769.7109 1.628044e+03 2.798663e+03
4770.9379 1.684561e+03 2.895967e+03
4772.1649 1.603290e+03 2.756389e+03
4773.3920 1.639015e+03 2.817943e+03
4774.6190 1.550684e+03 2.666197e+03
4775.8460 1.627106e+03 2.797718e+03
4777.0730 1.549590e+03 2.664543e+03
4778.3001 1.529808e+03 2.630633e+03
4779.5271 1.625817e+03 2.795833e+03
4780.7541 1.617821e+03 2.782183e+03
4781.9811 1.619570e+03 2.785283e+03
4783.2082 1.630414e+03 2.804021e+03
4784.4352 1.537424e+03 2.644172e+03
4785.6622 1.573715e+03 2.706662e+03
4786.8892 1.610170e+03 2.769432e+03
4788.1163 1.581481e+03 2.720153e+03
4789.3433 1.500706e+03 2.581275e+03
4790.5703 1.538841e+03 2.646919e+03
4791.7973 1.541611e+03 2.651730e+03
4793.0244 1.566335e+03 2.694300e+03
4794.2514 1.578405e+03 2.715097e+03
4795.4784 1.581989e+03 2.721294e+03
4796.7054 1.583855e+03 2.724529e+03
4797.9325 1.571682e+03 2.703610e+03
4799.1595 1.527464e+03 2.627559e+03
4800.3865 1.515533e+03 2.607044e+03
4801.6135 1.511237e+03 2.599657e+03
4802.8406 1.528817e+03 2.629897e+03
4804.0676 1.587206e+03 2.730332e+03
4805.2946 1.599097e+03 2.750773e+03
4806.5216 1.576120e+03 2.711230e+03
4807.7487 1.551247e+03 2.668420e+03
4808.9757 1.559277e+03 2.682205e+03
4810.2027 1.593546e+03 2.741118e+03
4811.4297 1.544991e+03 2.657557e+03
4812.6568 1.481094e+03 2.547605e+03
4813.8838 1.541094e+03 2.650760e+03
4815.1108 1.563209e+03 2.688742e+03
4816.3378 1.556872e+03 2.677783e+03
4817.5649 1.552415e+03 2.670051e+03
4818.7919 1.533330e+03 2.637155e+03
4820.0189 1.565531e+03 2.692458e+03
4821.2459 1.543570e+03 2.654607e+03
4822.4730 1.588003e+03 2.730933e+03
4823.7000 1.553186e+03 2.670964e+03
4824.9270 1.569797e+03 2.699432e+03
4826.1540 1.548675e+03 2.663006e+03
4827.3811 1.520658e+03 2.614723e+03
4828.6081 1.523000e+03 2.618639e+03
4829.8351 1.530688e+03 2.631739e+03
4831.0621 1.544132e+03 2.654730e+03
4832.2892 1.552932e+03 2.669729e+03
4833.5162 1.620822e+03 2.786300e+03
4834.7432 1.572514e+03 2.703115e+03
4835.9702 1.626428e+03 2.795638e+03
4837.1972 1.614430e+03 2.774858e+03
4838.4243 1.613877e+03 2.773744e+03
4839.6513 1.624721e+03 2.792211e+03
4840.8783 1.572678e+03 2.702602e+03
4842.1053 1.568385e+03 2.695051e+03
4843.3324 1.607656e+03 2.762348e+03
4844.5594 1.632410e+03 2.804690e+03
4845.7864 1.605027e+03 2.757447e+03
4847.0134 1.630419e+03 2.800867e+03
4848.2405 1.678462e+03 2.883184e+03
4849.4675 1.653001e+03 2.839231e+03
4850.6945 1.593018e+03 2.735988e+03
4851.9215 1.558695e+03 2.676822e+03
4853.1486 1.552341e+03 2.665690e+03
4854.3756 1.590711e+03 2.731350e+03
4855.6026 1.606615e+03 2.758419e+03
4856.8296 1.581304e+03 2.714721e+03
4858.0567 1.600299e+03 2.747083e+03
4859.2837 1.625158e+03 2.789498e+03
4860.5107 1.674825e+03 2.874477e+03
4861.7377 1.625385e+03 2.789355e+03
4862.9648 1.620445e+03 2.780603e+03
4864.1918 1.640284e+03 2.814363e+03
4865.4188 1.686467e+03 2.893307e+03
4866.6458 1.641774e+03 2.816337e+03
4867.8729 1.629018e+03 2.794158e+03
4869.0999 1.647265e+03 2.825150e+03
4870.3269 1.731681e+03 2.969601e+03
4871.5539 1.689360e+03 2.896700e+03
4872.7810 1.686677e+03 2.891770e+03
4874.0080 1.684115e+03 2.887041e+03
4875.2350 1.681556e+03 2.882313e+03
4876.4620 1.678999e+03 2.877584e+03
4877.6891 1.676445e+03 2.872856e+03
4878.9161 1.673893e+03 2.868127e+03
4880.1431 1.671344e+03 2.863399e+03
4881.3701 1.668798e+03 2.858669e+03
4882.5972 1.666254e+03 2.853941e+03
4883.8242 1.663712e+03 2.849211e+03
4885.0512 1.661174e+03 2.844482e+03
4886.2782 1.658637e+03 2.839753e+03
4887.5053 1.656103e+03 2.835022e+03
4888.7323 1.653572e+03 2.830293e+03
4889.9593 1.651043e+03 2.825563e+03
4891.1863 1.648516e+03 2.820833e+03
4892.4134 1.645992e+03 2.816103e+03
4893.6404 1.643470e+03 2.811373e+03
4894.8674 1.640951e+03 2.806643e+03
4896.0944 1.638434e+03 2.801912e+03
4897.3215 1.635919e+03 2.797181e+03
4898.5485 1.633406e+03 2.792450e+03
4899.7755 1.630897e+03 2.787721e+03
4901.0025 1.628389e+03 2.782989e+03
4902.2296 1.625884e+03 2.778258e+03
4903.4566 1.623380e+03 2.773526e+03
4904.6836 1.620880e+03 2.768795e+03
4905.9106 1.618381e+03 2.764064e+03
4907.1377 1.615884e+03 2.759332e+03
4908.3647 1.613391e+03 2.754601e+03
4909.5917 1.610899e+03 2.749869e+03
4910.8187 1.608408e+03 2.745137e+03
4912.0457 1.605921e+03 2.740405e+03
4913.2728 1.603435e+03 2.735673e+03
4914.4998 1.600952e+03 2.730940e+03
4915.7268 1.598471e+03 2.726208e+03
4916.9538 1.595992e+03 2.721476e+03
4918.1809 1.593515e+03 2.716743e+03
4919.4079 1.591039e+03 2.712010e+03
4920.6349 1.588567e+03 2.707278e+03
4921.8619 1.586096e+03 2.702544e+03
4923.0890 1.583627e+03 2.697811e+03
4924.3160 1.581160e+03 2.693078e+03
4925.5430 1.578695e+03 2.688344e+03
4926.7700 1.576232e+03 2.683610e+03
4927.9971 1.573771e+03 2.678877e+03
4929.2241 1.571313e+03 2.674143e+03
4930.4511 1.568855e+03 2.669409e+03
4931.6781 1.566400e+03 2.664674e+03
4932.9052 1.563947e+03 2.659941e+03
4934.1322 1.561496e+03 2.655207e+03
4935.3592 1.559046e+03 2.650472e+03
4936.5862 1.556599e+03 2.645738e+03
4937.8133 1.554153e+03 2.641002e+03
4939.0403 1.551709e+03 2.636268e+03
4940.2673 1.549268e+03 2.631534e+03
4941.4943 1.546827e+03 2.626798e+03
4942.7214 1.544388e+03 2.622062e+03
4943.9484 1.541951e+03 2.617327e+03
4945.1754 1.539516e+03 2.612591e+03
4946.4024 1.537083e+03 2.607856e+03
4947.6295 1.536666e+03 2.606538e+03
4948.8565 1.448449e+03 2.456321e+03
4950.0835 1.462658e+03 2.479825e+03
4951.3105 1.473395e+03 2.497429e+03
4952.5376 1.417693e+03 2.402431e+03
4953.7646 1.459168e+03 2.472111e+03
4954.9916 1.463057e+03 2.478090e+03
4956.2186 1.444148e+03 2.445455e+03
4957.4457 1.499926e+03 2.539271e+03
4958.6727 1.523729e+03 2.578918e+03
4959.8997 1.493946e+03 2.527869e+03
4961.1267 1.447254e+03 2.448235e+03
4962.3538 1.447216e+03 2.447541e+03
4963.5808 1.465159e+03 2.477241e+03
4964.8078 1.465186e+03 2.476639e+03
4966.0348 1.485997e+03 2.511153e+03
4967.2619 1.494374e+03 2.524638e+03
4968.4889 1.524801e+03 2.575353e+03
4969.7159 1.483058e+03 2.504175e+03
4970.9429 1.434258e+03 2.421117e+03
4972.1700 1.451288e+03 2.449195e+03
4973.3970 1.415977e+03 2.388945e+03
4974.6240 1.376773e+03 2.322158e+03
4975.8510 1.425266e+03 2.403278e+03
4977.0781 1.423885e+03 2.400273e+03
4978.3051 1.508401e+03 2.542024e+03
4979.5321 1.498156e+03 2.524038e+03
4980.7591 1.557760e+03 2.623703e+03
4981.9862 1.438786e+03 2.422617e+03
4983.2132 1.597146e+03 2.688480e+03
4984.4402 1.527476e+03 2.570450e+03
4985.6672 1.500772e+03 2.524768e+03
4986.8942 1.521363e+03 2.558648e+03
4988.1213 1.512562e+03 2.543086e+03
4989.3483 1.453592e+03 2.443204e+03
4990.5753 1.586349e+03 2.665534e+03
4991.8023 1.478275e+03 2.483182e+03
4993.0294 1.439471e+03 2.417257e+03
4994.2564 1.544042e+03 2.592060e+03
4995.4834 1.550989e+03 2.602914e+03
4996.7104 1.498366e+03 2.513815e+03
4997.9375 1.477609e+03 2.478209e+03
4999.1645 1.458328e+03 2.445099e+03
5000.3915 1.478682e+03 2.478436e+03
5001.6185 1.558018e+03 2.610575e+03
5002.8456 1.488453e+03 2.493210e+03
5004.0726 1.499226e+03 2.510441e+03
5005.2996 1.493558e+03 2.500134e+03
5006.5266 1.490377e+03 2.493990e+03
5007.7537 1.516757e+03 2.537297e+03
5008.9807 1.504082e+03 2.515258e+03
5010.2077 1.562221e+03 2.611611e+03
5011.4347 1.559883e+03 2.606826e+03
5012.6618 1.530344e+03 2.556597e+03
5013.8888 1.506381e+03 2.515710e+03
5015.1158 1.487486e+03 2.483305e+03
5016.3428 1.520998e+03 2.538379e+03
5017.5699 1.504750e+03 2.510395e+03
5018.7969 1.468639e+03 2.449300e+03
5020.0239 1.522683e+03 2.538543e+03
5021.2509 1.558346e+03 2.597086e+03
5022.4780 1.630062e+03 2.715646e+03
5023.7050 2.046900e+03 3.408875e+03
5024.9320 3.105150e+03 5.169421e+03
5026.1590 4.349348e+03 7.238148e+03
5027.3861 5.084326e+03 8.458236e+03
5028.6131 5.225282e+03 8.689574e+03
5029.8401 4.741081e+03 7.881476e+03
5031.0671 4.166489e+03 6.923745e+03
5032.2942 3.491350e+03 5.799679e+03
5033.5212 2.694768e+03 4.474771e+03
5034.7482 1.986559e+03 3.297533e+03
5035.9752 1.588433e+03 2.635688e+03
5037.2023 1.501022e+03 2.489708e+03
5038.4293 1.506578e+03 2.497977e+03
5039.6563 1.511403e+03 2.505024e+03
5040.8833 1.532825e+03 2.539557e+03
5042.1104 1.545154e+03 2.559001e+03
5043.3374 1.480345e+03 2.450721e+03
5044.5644 1.480745e+03 2.450431e+03
5045.7914 1.487436e+03 2.460543e+03
5047.0185 1.457335e+03 2.409806e+03
5048.2455 1.526817e+03 2.523704e+03
5049.4725 1.536902e+03 2.539368e+03
5050.6995 1.605571e+03 2.651772e+03
5051.9266 1.495159e+03 2.468428e+03
5053.1536 1.569512e+03 2.590140e+03
5054.3806 1.451859e+03 2.395013e+03
5055.6076 1.459446e+03 2.406551e+03
5056.8346 1.461527e+03 2.409001e+03
5058.0617 1.487604e+03 2.450980e+03
5059.2887 1.542765e+03 2.540818e+03
5060.5157 1.524744e+03 2.510102e+03
5061.7427 1.500791e+03 2.469644e+03
5062.9698 1.421894e+03 2.338838e+03
5064.1968 1.524191e+03 2.506054e+03
5065.4238 1.510957e+03 2.483250e+03
5066.6508 1.549661e+03 2.545782e+03
5067.8779 1.524512e+03 2.503405e+03
5069.1049 1.528919e+03 2.509571e+03
5070.3319 1.500297e+03 2.461535e+03
5071.5589 1.509301e+03 2.475243e+03
5072.7860 1.539914e+03 2.524356e+03
5074.0130 1.516878e+03 2.485515e+03
5075.2400 1.546806e+03 2.533449e+03
5076.4670 1.583785e+03 2.592879e+03
5077.6941 1.529656e+03 2.503161e+03
5078.9211 1.493725e+03 2.443282e+03
5080.1481 1.548631e+03 2.531968e+03
5081.3751 1.507482e+03 2.463594e+03
5082.6022 1.496093e+03 2.443887e+03
5083.8292 1.501968e+03 2.452381e+03
5085.0562 1.491078e+03 2.433501e+03
5086.2832 1.558144e+03 2.541804e+03
5087.5103 1.579008e+03 2.574667e+03
5088.7373 1.526708e+03 2.488252e+03
5089.9643 1.510482e+03 2.460678e+03
5091.1913 1.598258e+03 2.602471e+03
5092.4184 1.580881e+03 2.572985e+03
5093.6454 1.543507e+03 2.510990e+03
5094.8724 1.566983e+03 2.547992e+03
5096.0994 1.554567e+03 2.526620e+03
5097.3265 1.586575e+03 2.577430e+03
5098.5535 1.581801e+03 2.568462e+03
5099.7805 1.614241e+03 2.619894e+03
5101.0075 1.600764e+03 2.596786e+03
5102.2346 1.586990e+03 2.573211e+03
5103.4616 1.534581e+03 2.487041e+03
5104.6886 1.538105e+03 2.491553e+03
5105.9156 1.604881e+03 2.598466e+03
5107.1427 1.661261e+03 2.688446e+03
5108.3697 1.625146e+03 2.628719e+03
5109.5967 1.562590e+03 2.526298e+03
5110.8237 1.569421e+03 2.536098e+03
5112.0508 1.602804e+03 2.588768e+03
5113.2778 1.698296e+03 2.741645e+03
5114.5048 1.621155e+03 2.615814e+03
5115.7318 1.671834e+03 2.696243e+03
5116.9589 1.701030e+03 2.741958e+03
5118.1859 1.628430e+03 2.623614e+03
5119.4129 1.662020e+03 2.676383e+03
5120.6399 1.643177e+03 2.644702e+03
5121.8670 1.812765e+03 2.916174e+03
5123.0940 1.811900e+03 2.913300e+03
5124.3210 2.292306e+03 3.683846e+03
5125.5480 4.212621e+03 6.766414e+03
5126.7751 7.519006e+03 1.207099e+04
5128.0021 9.688326e+03 1.554558e+04
5129.2291 1.026218e+04 1.645783e+04
5130.4561 9.948438e+03 1.594637e+04
5131.6831 8.667913e+03 1.388656e+04
5132.9102 7.014933e+03 1.123250e+04
5134.1372 5.129657e+03 8.209423e+03
5135.3642 3.305052e+03 5.286564e+03
5136.5912 2.199112e+03 3.515706e+03
5137.8183 1.854393e+03 2.963031e+03
5139.0453 1.782435e+03 2.846536e+03
5140.2723 1.747396e+03 2.789087e+03
5141.4993 1.693775e+03 2.702050e+03
5142.7264 1.805830e+03 2.879257e+03
5143.9534 1.829721e+03 2.915774e+03
5145.1804 1.797019e+03 2.862109e+03
5146.4074 1.770188e+03 2.817843e+03
5147.6345 1.776132e+03 2.825761e+03
5148.8615 1.750464e+03 2.783400e+03
5150.0885 1.724065e+03 2.739917e+03
5151.3155 1.781388e+03 2.829457e+03
5152.5426 1.862690e+03 2.956957e+03
5153.7696 1.834149e+03 2.910033e+03
5154.9966 1.798590e+03 2.852028e+03
5156.2236 1.811433e+03 2.870790e+03
5157.4507 1.806390e+03 2.861194e+03
5158.6777 1.822609e+03 2.885263e+03
5159.9047 1.833222e+03 2.900428e+03
5161.1317 1.855491e+03 2.934001e+03
5162.3588 1.874434e+03 2.962274e+03
5163.5858 1.864538e+03 2.944959e+03
5164.8128 1.917491e+03 3.026867e+03
5166.0398 1.962359e+03 3.095921e+03
5167.2669 1.922163e+03 3.030764e+03
5168.4939 1.978836e+03 3.118327e+03
5169.7209 2.058945e+03 3.242690e+03
5170.9479 2.182863e+03 3.435860e+03
5172.1750 2.385397e+03 3.752471e+03
5173.4020 3.213432e+03 5.052105e+03
5174.6290 6.644079e+03 1.043961e+04
5175.8560 1.516394e+04 2.381260e+04
5177.0831 2.393999e+04 3.757188e+04
5178.3101 2.787386e+04 4.371998e+04
5179.5371 2.769854e+04 4.341929e+04
5180.7641 2.480003e+04 3.885261e+04
5181.9912 1.978391e+04 3.097573e+04
5183.2182 1.485287e+04 2.324130e+04
5184.4452 9.086943e+03 1.421046e+04
5185.6722 4.142685e+03 6.474575e+03
5186.8993 2.600705e+03 4.062177e+03
5188.1263 2.336069e+03 3.646627e+03
5189.3533 2.174637e+03 3.392574e+03
5190.5803 2.109256e+03 3.288578e+03
5191.8074 2.109223e+03 3.286523e+03
5193.0344 2.006324e+03 3.124281e+03
5194.2614 2.044011e+03 3.181020e+03
5195.4884 2.065978e+03 3.213231e+03
5196.7155 1.986895e+03 3.088332e+03
5197.9425 1.972209e+03 3.063612e+03
5199.1695 2.023017e+03 3.140591e+03
5200.3965 1.926838e+03 2.989423e+03
5201.6236 1.940925e+03 3.009404e+03
5202.8506 1.919427e+03 2.974215e+03
5204.0776 1.957885e+03 3.031908e+03
5205.3046 1.980355e+03 3.064781e+03
5206.5316 1.924401e+03 2.976313e+03
5207.7587 1.940988e+03 3.000073e+03
5208.9857 2.023843e+03 3.126159e+03
5210.2127 1.936228e+03 2.988927e+03
5211.4397 2.021772e+03 3.118997e+03
5212.6668 1.954063e+03 3.012620e+03
5213.8938 1.917059e+03 2.953683e+03
5215.1208 1.966018e+03 3.027176e+03
5216.3478 1.941345e+03 2.987266e+03
5217.5749 1.972685e+03 3.033535e+03
5218.8019 1.989624e+03 3.057609e+03
5220.0289 2.014625e+03 3.094025e+03
5221.2559 2.037541e+03 3.127189e+03
5222.4830 2.029940e+03 3.113498e+03
5223.7100 2.055561e+03 3.150740e+03
5224.9370 2.044181e+03 3.131248e+03
5226.1640 1.980823e+03 3.032210e+03
5227.3911 1.989934e+03 3.044156e+03
5228.6181 1.992824e+03 3.046571e+03
5229.8451 2.016780e+03 3.081159e+03
5231.0721 2.018052e+03 3.081062e+03
5232.2992 1.996459e+03 3.046074e+03
5233.5262 2.030661e+03 3.096198e+03
5234.7532 2.069679e+03 3.153587e+03
5235.9802 2.056768e+03 3.131822e+03
5237.2073 2.112001e+03 3.213772e+03
5238.4343 2.151443e+03 3.271593e+03
5239.6613 2.114510e+03 3.213269e+03
5240.8883 2.073951e+03 3.149509e+03
5242.1154 2.043772e+03 3.101583e+03
5243.3424 2.099561e+03 3.184089e+03
5244.5694 2.103678e+03 3.188167e+03
5245.7964 2.132498e+03 3.229646e+03
5247.0235 2.141572e+03 3.241177e+03
5248.2505 2.205228e+03 3.335238e+03
5249.4775 2.185944e+03 3.303807e+03
5250.7045 2.124476e+03 3.208702e+03
5251.9316 2.054312e+03 3.100595e+03
5253.1586 2.095951e+03 3.161261e+03
5254.3856 2.043500e+03 3.080021e+03
5255.6126 2.034412e+03 3.064201e+03
5256.8397 2.087522e+03 3.142013e+03
5258.0667 2.159286e+03 3.247768e+03
5259.2937 2.144333e+03 3.223029e+03
5260.5207 2.178740e+03 3.272458e+03
5261.7478 2.112260e+03 3.170385e+03
5262.9748 2.177151e+03 3.265491e+03
5264.2018 2.132808e+03 3.196734e+03
5265.4288 2.192673e+03 3.284146e+03
5266.6559 2.202459e+03 3.296476e+03
5267.8829 2.139021e+03 3.199263e+03
5269.1099 2.262034e+03 3.380852e+03
5270.3369 2.224965e+03 3.323087e+03
5271.5640 2.172028e+03 3.241716e+03
5272.7910 2.208239e+03 3.293410e+03
5274.0180 2.207980e+03 3.290674e+03
5275.2450 2.180150e+03 3.246872e+03
5276.4720 2.289688e+03 3.407559e+03
5277.6991 2.209854e+03 3.286386e+03
5278.9261 2.204463e+03 3.276009e+03
5280.1531 2.230857e+03 3.312841e+03
5281.3801 2.254444e+03 3.345447e+03
5282.6072 2.245244e+03 3.329384e+03
5283.8342 2.258661e+03 3.346849e+03
5285.0612 2.192623e+03 3.246633e+03
5286.2882 2.192827e+03 3.244572e+03
5287.5153 2.242471e+03 3.315605e+03
5288.7423 2.267183e+03 3.349693e+03
5289.9693 2.284516e+03 3.372829e+03
5291.1963 2.257133e+03 3.329957e+03
5292.4234 2.261519e+03 3.333976e+03
5293.6504 2.274541e+03 3.350704e+03
5294.8774 2.309617e+03 3.399866e+03
5296.1044 2.306646e+03 3.392983e+03
5297.3315 2.297199e+03 3.376586e+03
5298.5585 2.258950e+03 3.317903e+03
5299.7855 2.343875e+03 3.440082e+03
5301.0125 2.370052e+03 3.475912e+03
5302.2396 2.340536e+03 3.430065e+03
5303.4666 2.370738e+03 3.471730e+03
5304.6936 2.412820e+03 3.530713e+03
5305.9206 2.354927e+03 3.443415e+03
5307.1477 2.367819e+03 3.459667e+03
5308.3747 2.397224e+03 3.499998e+03
5309.6017 2.399658e+03 3.500913e+03
5310.8287 2.454654e+03 3.578446e+03
5312.0558 2.432806e+03 3.543915e+03
5313.2828 2.426792e+03 3.532479e+03
5314.5098 2.439477e+03 3.548251e+03
5315.7368 2.437225e+03 3.542283e+03
5316.9639 2.454491e+03 3.564665e+03
5318.1909 2.452933e+03 3.559688e+03
5319.4179 2.468239e+03 3.579167e+03
5320.6449 2.451426e+03 3.552070e+03
5321.8720 2.432948e+03 3.522596e+03
5323.0990 2.454539e+03 3.551133e+03
5324.3260 2.435577e+03 3.520994e+03
5325.5530 2.428213e+03 3.507649e+03
5326.7801 2.480722e+03 3.580740e+03
5328.0071 2.552156e+03 3.681009e+03
5329.2341 2.583265e+03 3.723000e+03
5330.4611 2.585347e+03 3.723118e+03
5331.6882 2.601467e+03 3.743429e+03
5332.9152 2.650941e+03 3.811661e+03
5334.1422 2.570481e+03 3.693099e+03
5335.3692 2.483356e+03 3.565147e+03
5336.5963 2.627177e+03 3.768679e+03
5337.8233 2.607267e+03 3.737200e+03
5339.0503 2.543517e+03 3.642973e+03
5340.2773 2.573716e+03 3.683341e+03
5341.5044 2.617553e+03 3.743141e+03
5342.7314 2.529320e+03 3.614127e+03
5343.9584 2.541838e+03 3.629160e+03
5345.1854 2.579929e+03 3.680647e+03
5346.4125 2.616442e+03 3.729796e+03
5347.6395 2.618123e+03 3.729248e+03
5348.8665 2.638705e+03 3.755595e+03
5350.0935 2.633017e+03 3.744534e+03
5351.3205 2.646677e+03 3.760979e+03
5352.5476 2.698513e+03 3.831598e+03
5353.7746 2.703360e+03 3.835430e+03
5355.0016 2.658833e+03 3.769258e+03
5356.2286 2.645669e+03 3.747610e+03
5357.4557 2.688418e+03 3.805128e+03
5358.6827 2.653561e+03 3.752793e+03
5359.9097 2.655196e+03 3.752104e+03
5361.1367 2.630209e+03 3.713821e+03
5362.3638 2.714241e+03 3.829402e+03
5363.5908 2.711017e+03 3.821785e+03
5364.8178 2.720119e+03 3.831537e+03
5366.0448 2.644663e+03 3.722255e+03
5367.2719 2.695581e+03 3.790864e+03
5368.4989 2.710070e+03 3.808169e+03
5369.7259 2.705049e+03 3.798047e+03
5370.9529 2.777120e+03 3.896089e+03
5372.1800 2.834140e+03 3.972868e+03
5373.4070 2.829712e+03 3.963450e+03
5374.6340 2.808175e+03 3.930096e+03
5375.8610 2.859177e+03 3.998226e+03
5377.0881 2.790520e+03 3.899048e+03
5378.3151 2.781275e+03 3.882971e+03
5379.5421 2.861672e+03 3.991962e+03
5380.7691 2.820275e+03 3.931007e+03
5381.9962 2.852233e+03 3.972309e+03
5383.2232 2.826763e+03 3.933622e+03
5384.4502 2.838549e+03 3.946795e+03
5385.6772 2.847046e+03 3.955370e+03
5386.9043 2.835732e+03 3.936425e+03
5388.1313 2.783843e+03 3.861226e+03
5389.3583 2.826851e+03 3.917662e+03
5390.5853 2.864535e+03 3.966625e+03
5391.8124 2.857857e+03 3.954125e+03
5393.0394 2.860963e+03 3.955164e+03
5394.2664 2.895918e+03 4.000190e+03
5395.4934 2.853301e+03 3.938071e+03
5396.7205 2.880606e+03 3.972477e+03
5397.9475 2.879333e+03 3.967440e+03
5399.1745 2.894528e+03 3.985080e+03
5400.4015 2.848264e+03 3.918141e+03
5401.6286 2.843258e+03 3.908014e+03
5402.8556 2.890224e+03 3.969275e+03
5404.0826 2.843366e+03 3.901683e+03
5405.3096 2.891233e+03 3.964071e+03
5406.5367 2.986936e+03 4.091883e+03
5407.7637 3.017737e+03 4.130640e+03
5408.9907 2.990861e+03 4.090445e+03
5410.2177 2.969931e+03 4.058437e+03
5411.4448 2.966930e+03 4.050955e+03
5412.6718 2.970090e+03 4.051885e+03
5413.8988 2.942064e+03 4.010300e+03
5415.1258 2.951438e+03 4.019715e+03
5416.3529 2.970655e+03 4.042505e+03
5417.5799 2.994780e+03 4.071924e+03
5418.8069 2.993357e+03 4.066581e+03
5420.0339 3.021379e+03 4.101209e+03
5421.2610 3.015780e+03 4.090176e+03
5422.4880 3.001465e+03 4.067344e+03
5423.7150 3.027429e+03 4.099083e+03
5424.9420 3.001361e+03 4.060373e+03
5426.1690 2.994570e+03 4.047778e+03
5427.3961 3.082938e+03 4.163719e+03
5428.6231 3.118329e+03 4.207971e+03
5429.8501 3.083764e+03 4.157821e+03
5431.0771 3.071377e+03 4.137629e+03
5432.3042 3.049803e+03 4.105099e+03
5433.5312 3.015555e+03 4.055574e+03
5434.7582 3.080112e+03 4.138898e+03
5435.9852 3.157627e+03 4.239473e+03
5437.2123 3.163550e+03 4.243833e+03
5438.4393 3.204063e+03 4.294545e+03
5439.6663 3.190421e+03 4.272640e+03
5440.8933 3.139109e+03 4.200363e+03
5442.1204 3.128424e+03 4.182518e+03
5443.3474 3.153819e+03 4.212894e+03
5444.5744 3.170916e+03 4.232140e+03
5445.8014 3.160730e+03 4.214966e+03
5447.0285 3.133883e+03 4.175615e+03
5448.2555 3.142542e+03 4.183596e+03
5449.4825 3.176518e+03 4.225234e+03
5450.7095 3.227848e+03 4.289860e+03
5451.9366 3.289899e+03 4.368609e+03
5453.1636 3.262899e+03 4.329069e+03
5454.3906 3.187033e+03 4.224813e+03
5455.6176 3.208527e+03 4.249685e+03
5456.8447 3.179176e+03 4.207222e+03
5458.0717 3.101109e+03 4.100413e+03
5459.2987 3.186898e+03 4.210254e+03
5460.5257 3.291956e+03 4.345339e+03
5461.7528 3.258886e+03 4.298018e+03
5462.9798 3.267534e+03 4.305745e+03
5464.2068 3.186595e+03 4.195503e+03
5465.4338 3.273135e+03 4.305764e+03
5466.6609 3.184274e+03 4.185290e+03
5467.8879 3.259154e+03 4.280049e+03
5469.1149 3.258006e+03 4.274884e+03
5470.3419 3.229416e+03 4.233748e+03
5471.5690 3.234520e+03 4.236813e+03
5472.7960 3.278432e+03 4.290659e+03
5474.0230 3.288971e+03 4.300770e+03
5475.2500 3.353018e+03 4.380768e+03
5476.4771 3.352716e+03 4.376624e+03
5477.7041 3.336926e+03 4.352283e+03
5478.9311 3.312333e+03 4.316508e+03
5480.1581 3.236057e+03 4.213496e+03
5481.3852 3.275137e+03 4.260728e+03
5482.6122 3.369037e+03 4.379130e+03
5483.8392 3.300917e+03 4.286911e+03
5485.0662 3.313438e+03 4.299485e+03
5486.2933 3.323372e+03 4.308679e+03
5487.5203 3.368953e+03 4.364031e+03
5488.7473 3.409556e+03 4.412840e+03
5489.9743 3.442294e+03 4.451393e+03
5491.2014 3.530138e+03 4.561074e+03
5492.4284 3.395333e+03 4.383139e+03
5493.6554 3.431885e+03 4.426527e+03
5494.8824 3.363024e+03 4.333989e+03
5496.1094 3.387249e+03 4.361465e+03
5497.3365 3.435608e+03 4.419940e+03
5498.5635 3.409268e+03 4.382292e+03
5499.7905 3.477145e+03 4.465708e+03
5501.0175 3.412824e+03 4.379343e+03
5502.2446 3.439699e+03 4.410044e+03
5503.4716 3.406689e+03 4.363978e+03
5504.6986 3.502950e+03 4.483440e+03
5505.9256 3.573949e+03 4.570391e+03
5507.1527 3.377453e+03 4.315408e+03
5508.3797 3.545364e+03 4.526066e+03
5509.6067 3.458025e+03 4.410784e+03
5510.8337 3.547661e+03 4.521239e+03
5512.0608 3.553561e+03 4.524877e+03
5513.2878 3.480067e+03 4.427498e+03
5514.5148 3.445257e+03 4.379456e+03
5515.7418 3.476082e+03 4.414854e+03
5516.9689 3.502390e+03 4.444458e+03
5518.1959 3.498330e+03 4.435504e+03
5519.4229 3.469787e+03 4.395548e+03
5520.6499 3.424019e+03 4.333857e+03
5521.8770 3.467353e+03 4.384950e+03
5523.1040 3.512244e+03 4.437921e+03
5524.3310 3.488167e+03 4.403729e+03
5525.5580 3.466188e+03 4.372238e+03
5526.7851 3.582953e+03 4.515661e+03
5528.0121 3.535771e+03 4.452388e+03
5529.2391 3.481686e+03 4.380536e+03
5530.4661 3.509595e+03 4.411879e+03
5531.6932 3.539131e+03 4.445209e+03
5532.9202 3.554070e+03 4.460162e+03
5534.1472 3.574597e+03 4.482095e+03
5535.3742 3.547464e+03 4.444279e+03
5536.6013 3.528816e+03 4.417146e+03
5537.8283 3.552962e+03 4.443579e+03
5539.0553 3.489768e+03 4.360825e+03
5540.2823 3.551569e+03 4.434271e+03
5541.5094 3.520270e+03 4.391451e+03
5542.7364 3.540632e+03 4.413093e+03
5543.9634 3.584010e+03 4.463359e+03
5545.1904 3.548259e+03 4.415079e+03
5546.4175 3.502960e+03 4.355009e+03
5547.6445 3.508388e+03 4.358051e+03
5548.8715 3.535726e+03 4.388280e+03
5550.0985 3.493297e+03 4.331940e+03
5551.3256 3.571350e+03 4.424975e+03
5552.5526 3.608181e+03 4.466817e+03
5553.7796 3.629260e+03 4.489106e+03
5555.0066 3.610735e+03 4.462408e+03
5556.2337 3.559474e+03 4.395332e+03
5557.4607 3.553619e+03 4.384389e+03
5558.6877 3.568270e+03 4.398742e+03
5559.9147 3.599234e+03 4.433164e+03
5561.1418 3.598919e+03 4.429031e+03
5562.3688 3.607277e+03 4.435571e+03
5563.5958 3.563543e+03 4.378098e+03
5564.8228 3.470184e+03 4.259805e+03
5566.0499 3.494357e+03 4.285864e+03
5567.2769 3.586956e+03 4.395733e+03
5568.5039 3.618628e+03 4.430816e+03
5569.7309 3.554949e+03 4.349184e+03
5570.9579 3.575128e+03 4.370196e+03
5572.1850 3.611109e+03 4.410473e+03
5573.4120 3.554774e+03 4.338024e+03
5574.6390 3.513859e+03 4.284500e+03
5575.8660 3.455635e+03 4.209976e+03
5577.0931 3.549651e+03 4.320896e+03
5578.3201 3.545130e+03 4.311782e+03
5579.5471 3.479076e+03 4.227906e+03
5580.7741 3.494522e+03 4.243131e+03
5582.0012 3.485505e+03 4.228649e+03
5583.2282 3.589133e+03 4.350741e+03
5584.4552 3.559368e+03 4.311066e+03
5585.6822 3.594349e+03 4.349811e+03
5586.9093 3.584557e+03 4.334353e+03
5588.1363 3.541046e+03 4.278182e+03
5589.3633 3.545066e+03 4.279483e+03
5590.5903 3.566683e+03 4.302007e+03
5591.8174 3.548199e+03 4.276167e+03
5593.0444 3.510184e+03 4.226849e+03
5594.2714 3.498882e+03 4.209755e+03
5595.4984 3.498688e+03 4.206043e+03
5596.7255 3.499250e+03 4.203245e+03
5597.9525 3.548910e+03 4.259380e+03
5599.1795 3.525632e+03 4.227955e+03
5600.4065 3.543565e+03 4.245963e+03
5601.6336 3.602700e+03 4.313270e+03
5602.8606 3.504696e+03 4.192490e+03
5604.0876 3.463825e+03 4.140198e+03
5605.3146 3.492765e+03 4.171366e+03
5606.5417 3.547112e+03 4.232804e+03
5607.7687 3.589242e+03 4.279574e+03
5608.9957 3.558880e+03 4.239905e+03
5610.2227 3.520628e+03 4.190910e+03
5611.4498 3.547149e+03 4.219039e+03
5612.6768 3.482327e+03 4.138565e+03
5613.9038 3.455538e+03 4.103388e+03
5615.1308 3.467675e+03 4.114455e+03
5616.3579 3.499425e+03 4.148757e+03
5617.5849 3.544831e+03 4.199183e+03
5618.8119 3.510404e+03 4.155034e+03
5620.0389 3.478666e+03 4.114139e+03
5621.2660 3.460804e+03 4.089710e+03
5622.4930 3.459372e+03 4.084720e+03
5623.7200 3.486464e+03 4.113394e+03
5624.9470 3.516894e+03 4.145958e+03
5626.1741 3.476658e+03 4.095232e+03
5627.4011 3.482796e+03 4.099170e+03
5628.6281 3.417231e+03 4.018779e+03
5629.8551 3.456580e+03 4.061801e+03
5631.0822 3.428327e+03 4.025382e+03
5632.3092 3.428989e+03 4.022947e+03
5633.5362 3.392497e+03 3.976961e+03
5634.7632 3.376926e+03 3.955557e+03
5635.9903 3.350955e+03 3.922017e+03
5637.2173 3.401023e+03 3.977458e+03
5638.4443 3.380976e+03 3.950879e+03
5639.6713 3.332325e+03 3.890947e+03
5640.8983 3.340161e+03 3.897014e+03
5642.1254 3.317223e+03 3.867199e+03
5643.3524 3.426309e+03 3.991224e+03
5644.5794 3.551930e+03 4.134302e+03
5645.8064 3.451936e+03 4.014757e+03
5647.0335 3.453039e+03 4.012890e+03
5648.2605 3.455056e+03 4.012091e+03
5649.4875 3.450568e+03 4.003746e+03
5650.7145 3.321557e+03 3.851045e+03
5651.9416 3.348272e+03 3.878993e+03
5653.1686 3.408064e+03 3.945191e+03
5654.3956 3.369944e+03 3.898032e+03
5655.6226 3.213548e+03 3.714246e+03
5656.8497 3.289570e+03 3.799168e+03
5658.0767 3.250251e+03 3.750857e+03
5659.3037 3.272460e+03 3.773573e+03
5660.5307 3.303004e+03 3.805860e+03
5661.7578 3.331961e+03 3.836273e+03
5662.9848 3.244871e+03 3.733134e+03
5664.2118 3.265154e+03 3.753589e+03
5665.4388 3.271565e+03 3.758083e+03
5666.6659 3.228459e+03 3.705734e+03
5667.8929 3.226844e+03 3.701057e+03
5669.1199 3.236474e+03 3.709277e+03
5670.3469 3.297727e+03 3.776609e+03
5671.5740 3.260195e+03 3.730795e+03
5672.8010 3.197635e+03 3.656436e+03
5674.0280 3.226204e+03 3.686319e+03
5675.2550 3.195910e+03 3.648951e+03
5676.4821 3.242548e+03 3.699415e+03
5677.7091 3.186549e+03 3.632795e+03
5678.9361 3.180822e+03 3.623548e+03
5680.1631 3.238096e+03 3.686035e+03
5681.3902 3.248757e+03 3.695409e+03
5682.6172 3.194630e+03 3.631133e+03
5683.8442 3.172364e+03 3.603143e+03
5685.0712 3.081276e+03 3.497090e+03
5686.2983 3.139697e+03 3.560756e+03
5687.5253 3.134213e+03 3.551909e+03
5688.7523 3.143477e+03 3.559779e+03
5689.9793 3.041243e+03 3.441471e+03
5691.2064 3.069218e+03 3.470577e+03
5692.4334 3.106991e+03 3.510715e+03
5693.6604 3.120162e+03 3.523018e+03
5694.8874 3.083716e+03 3.479326e+03
5696.1145 3.050864e+03 3.439752e+03
5697.3415 3.122990e+03 3.518514e+03
5698.5685 3.024518e+03 3.405100e+03
5699.7955 3.091865e+03 3.478403e+03
5701.0226 3.019514e+03 3.394554e+03
5702.2496 2.989075e+03 3.357915e+03
5703.4766 2.924423e+03 3.282924e+03
5704.7036 2.929142e+03 3.285865e+03
5705.9307 3.019964e+03 3.385324e+03
5707.1577 3.026106e+03 3.389789e+03
5708.3847 2.980429e+03 3.336245e+03
5709.6117 3.178355e+03 3.555274e+03
5710.8388 3.082620e+03 3.445742e+03
5712.0658 3.101227e+03 3.464090e+03
5713.2928 3.015868e+03 3.366368e+03
5714.5198 2.889039e+03 3.222531e+03
5715.7468 3.014389e+03 3.359991e+03
5716.9739 2.926634e+03 3.259891e+03
5718.2009 2.909200e+03 3.238208e+03
5719.4279 2.947306e+03 3.278339e+03
5720.6549 2.939881e+03 3.267808e+03
5721.8820 3.023754e+03 3.358707e+03
5723.1090 2.826640e+03 3.137587e+03
5724.3360 2.886303e+03 3.201605e+03
5725.5630 2.894203e+03 3.208161e+03
5726.7901 3.062341e+03 3.392208e+03
5728.0171 2.933834e+03 3.247636e+03
5729.2441 2.881699e+03 3.187749e+03
5730.4711 2.941552e+03 3.251744e+03
5731.6982 2.965429e+03 3.275914e+03
5732.9252 2.898935e+03 3.200290e+03
5734.1522 2.893325e+03 3.191941e+03
5735.3792 2.970056e+03 3.274386e+03
5736.6063 2.834740e+03 3.123107e+03
5737.8333 2.797449e+03 3.079960e+03
5739.0603 2.986373e+03 3.285768e+03
5740.2873 2.904141e+03 3.193165e+03
5741.5144 2.811408e+03 3.089151e+03
5742.7414 2.879611e+03 3.161998e+03
5743.9684 2.896699e+03 3.178662e+03
5745.1954 2.810173e+03 3.081685e+03
5746.4225 2.856882e+03 3.130851e+03
5747.6495 2.886477e+03 3.161214e+03
5748.8765 2.760693e+03 3.021486e+03
5750.1035 2.801107e+03 3.063725e+03
5751.3306 2.869669e+03 3.136680e+03
5752.5576 2.812272e+03 3.071956e+03
5753.7846 2.831784e+03 3.091276e+03
5755.0116 2.841523e+03 3.099914e+03
5756.2387 2.773769e+03 3.024061e+03
5757.4657 2.767412e+03 3.015204e+03
5758.6927 2.766267e+03 3.012037e+03
5759.9197 2.797268e+03 3.043861e+03
5761.1468 2.690006e+03 2.925291e+03
5762.3738 2.858992e+03 3.107098e+03
5763.6008 2.724540e+03 2.959118e+03
5764.8278 2.889712e+03 3.136544e+03
5766.0549 2.811488e+03 3.049733e+03
5767.2819 2.758524e+03 2.990419e+03
5768.5089 2.794020e+03 3.027020e+03
5769.7359 2.828006e+03 3.061947e+03
5770.9630 2.760132e+03 2.986616e+03
5772.1900 2.741794e+03 2.964952e+03
5773.4170 2.719469e+03 2.939009e+03
5774.6440 2.719834e+03 2.937612e+03
5775.8711 2.777574e+03 2.998152e+03
5777.0981 2.829929e+03 3.052814e+03
5778.3251 2.790754e+03 3.008737e+03
5779.5521 2.750820e+03 2.963900e+03
5780.7792 2.779752e+03 2.993277e+03
5782.0062 2.725937e+03 2.933575e+03
5783.2332 2.767541e+03 2.976576e+03
5784.4602 2.850763e+03 3.064267e+03
5785.6873 2.888350e+03 3.102834e+03
5786.9143 2.860525e+03 3.071134e+03
5788.1413 2.905324e+03 3.117402e+03
5789.3683 2.836675e+03 3.041963e+03
5790.5953 2.756416e+03 2.954175e+03
5791.8224 2.675391e+03 2.865674e+03
5793.0494 2.729833e+03 2.922298e+03
5794.2764 2.899506e+03 3.102148e+03
5795.5034 2.878117e+03 3.077499e+03
5796.7305 2.783863e+03 2.975014e+03
5797.9575 2.737236e+03 2.923521e+03
5799.1845 2.702958e+03 2.885275e+03
5800.4115 2.796126e+03 2.983042e+03
5801.6386 2.695332e+03 2.873893e+03
5802.8656 2.754394e+03 2.935223e+03
5804.0926 2.676847e+03 2.850994e+03
5805.3196 2.655488e+03 2.826674e+03
5806.5467 2.705139e+03 2.877932e+03
5807.7737 2.754628e+03 2.928967e+03
5809.0007 2.687281e+03 2.855790e+03
5810.2277 2.653422e+03 2.818267e+03
5811.4548 2.633932e+03 2.796043e+03
5812.6818 2.729399e+03 2.895816e+03
5813.9088 2.763867e+03 2.930803e+03
5815.1358 2.755512e+03 2.920372e+03
5816.3629 2.740937e+03 2.903371e+03
5817.5899 2.648422e+03 2.803878e+03
5818.8169 2.724716e+03 2.883121e+03
5820.0439 2.681363e+03 2.835749e+03
5821.2710 2.688768e+03 2.842084e+03
5822.4980 2.722984e+03 2.876744e+03
5823.7250 2.734467e+03 2.887370e+03
5824.9520 2.675684e+03 2.823834e+03
5826.1791 2.713563e+03 2.862331e+03
5827.4061 2.710749e+03 2.857892e+03
5828.6331 2.582951e+03 2.721763e+03
5829.8601 2.760369e+03 2.907234e+03
5831.0872 2.728758e+03 2.872483e+03
5832.3142 2.745217e+03 2.888351e+03
5833.5412 2.767800e+03 2.910647e+03
5834.7682 2.676630e+03 2.813364e+03
5835.9953 2.737509e+03 2.875922e+03
5837.2223 2.670210e+03 2.803831e+03
5838.4493 2.696735e+03 2.830287e+03
5839.6763 2.711424e+03 2.844307e+03
5840.9034 2.746995e+03 2.880215e+03
5842.1304 2.737241e+03 2.868594e+03
5843.3574 2.677785e+03 2.804928e+03
5844.5844 2.629088e+03 2.752594e+03
5845.8115 2.657837e+03 2.781362e+03
5847.0385 2.684735e+03 2.808173e+03
5848.2655 2.639320e+03 2.759361e+03
5849.4925 2.596852e+03 2.713683e+03
5850.7196 2.663235e+03 2.781747e+03
5851.9466 2.627923e+03 2.743583e+03
5853.1736 2.703235e+03 2.820901e+03
5854.4006 2.675772e+03 2.790954e+03
5855.6277 2.673579e+03 2.787386e+03
5856.8547 2.595687e+03 2.704943e+03
5858.0817 2.636484e+03 2.746209e+03
5859.3087 2.702344e+03 2.813538e+03
5860.5357 2.677484e+03 2.786402e+03
5861.7628 2.595049e+03 2.699407e+03
5862.9898 2.660104e+03 2.765849e+03
5864.2168 2.605755e+03 2.708142e+03
5865.4438 2.651934e+03 2.754924e+03
5866.6709 2.696321e+03 2.799811e+03
5867.8979 2.551980e+03 2.648779e+03
5869.1249 2.607254e+03 2.704979e+03
5870.3519 2.563017e+03 2.657942e+03
5871.5790 2.632916e+03 2.729265e+03
5872.8060 2.625337e+03 2.720252e+03
5874.0330 2.588658e+03 2.681116e+03
5875.2600 2.609124e+03 2.701178e+03
5876.4871 2.611026e+03 2.702020e+03
5877.7141 2.613248e+03 2.703198e+03
5878.9411 2.625799e+03 2.715062e+03
5880.1681 2.665017e+03 2.754485e+03
5881.3952 2.570004e+03 2.655200e+03
5882.6222 2.585912e+03 2.670555e+03
5883.8492 2.434702e+03 2.513385e+03
5885.0762 2.545091e+03 2.626292e+03
5886.3033 2.488431e+03 2.566805e+03
5887.5303 2.535878e+03 2.614714e+03
5888.7573 2.501207e+03 2.577955e+03
5889.9843 2.429140e+03 2.502701e+03
5891.2114 2.388210e+03 2.459580e+03
5892.4384 2.380898e+03 2.451106e+03
5893.6654 2.421311e+03 2.491760e+03
5894.8924 2.493397e+03 2.564970e+03
5896.1195 2.436509e+03 2.505504e+03
5897.3465 2.483697e+03 2.553072e+03
5898.5735 2.476028e+03 2.544243e+03
5899.8005 2.507952e+03 2.576095e+03
5901.0276 2.574181e+03 2.643155e+03
5902.2546 2.508617e+03 2.574896e+03
5903.4816 2.496856e+03 2.561898e+03
5904.7086 2.499185e+03 2.563367e+03
5905.9357 2.497831e+03 2.561065e+03
5907.1627 2.571765e+03 2.635938e+03
5908.3897 2.537898e+03 2.600312e+03
5909.6167 2.471725e+03 2.531629e+03
5910.8438 2.516917e+03 2.577023e+03
5912.0708 2.525809e+03 2.585239e+03
5913.2978 2.467956e+03 2.525164e+03
5914.5248 2.405060e+03 2.459976e+03
5915.7519 2.391528e+03 2.445314e+03
5916.9789 2.498621e+03 2.553964e+03
5918.2059 2.533180e+03 2.588431e+03
5919.4329 2.495869e+03 2.549469e+03
5920.6600 2.466313e+03 2.518458e+03
5921.8870 2.486066e+03 2.537808e+03
5923.1140 2.499168e+03 2.550365e+03
5924.3410 2.455411e+03 2.504915e+03
5925.5681 2.527690e+03 2.577838e+03
5926.7951 2.510093e+03 2.559091e+03
5928.0221 2.423940e+03 2.470489e+03
5929.2491 2.409708e+03 2.455228e+03
5930.4762 2.495177e+03 2.541536e+03
5931.7032 2.501137e+03 2.546836e+03
5932.9302 2.448519e+03 2.492508e+03
5934.1572 2.478212e+03 2.521984e+03
5935.3842 2.505537e+03 2.549040e+03
5936.6113 2.474022e+03 2.516242e+03
5937.8383 2.482235e+03 2.523864e+03
5939.0653 2.432274e+03 2.472355e+03
5940.2923 2.471250e+03 2.511259e+03
5941.5194 2.484816e+03 2.524332e+03
5942.7464 2.422907e+03 2.460750e+03
5943.9734 2.450470e+03 2.488055e+03
5945.2004 2.477741e+03 2.515054e+03
5946.4275 2.438751e+03 2.474805e+03
5947.6545 2.422689e+03 2.457843e+03
5948.8815 2.414022e+03 2.448398e+03
5950.1085 2.405664e+03 2.439276e+03
5951.3356 2.412092e+03 2.445154e+03
5952.5626 2.464939e+03 2.498080e+03
5953.7896 2.430532e+03 2.462579e+03
5955.0166 2.391636e+03 2.422554e+03
5956.2437 2.413958e+03 2.444551e+03
5957.4707 2.393776e+03 2.423510e+03
5958.6977 2.429648e+03 2.459223e+03
5959.9247 2.383229e+03 2.411651e+03
5961.1518 2.440811e+03 2.469324e+03
5962.3788 2.475830e+03 2.504155e+03
5963.6058 2.383539e+03 2.410240e+03
5964.8328 2.366774e+03 2.392729e+03
5966.0599 2.452957e+03 2.479285e+03
5967.2869 2.493192e+03 2.519377e+03
5968.5139 2.439758e+03 2.464826e+03
5969.7409 2.395436e+03 2.419508e+03
5970.9680 2.429802e+03 2.453679e+03
5972.1950 2.458901e+03 2.482522e+03
5973.4220 2.420267e+03 2.442991e+03
5974.6490 2.349352e+03 2.370906e+03
5975.8761 2.365202e+03 2.386398e+03
5977.1031 2.401632e+03 2.422652e+03
5978.3301 2.387984e+03 2.408389e+03
5979.5571 2.327600e+03 2.347013e+03
5980.7842 2.367844e+03 2.387116e+03
5982.0112 2.410223e+03 2.429359e+03
5983.2382 2.435224e+03 2.454080e+03
5984.4652 2.384052e+03 2.402049e+03
5985.6923 2.403787e+03 2.421472e+03
5986.9193 2.348007e+03 2.364838e+03
5988.1463 2.291585e+03 2.307585e+03
5989.3733 2.342877e+03 2.358804e+03
5990.6004 2.362217e+03 2.377848e+03
5991.8274 2.399892e+03 2.415344e+03
5993.0544 2.330069e+03 2.344661e+03
5994.2814 2.308989e+03 2.323048e+03
5995.5085 2.346069e+03 2.359953e+03
5996.7355 2.292327e+03 2.305507e+03
5997.9625 2.268645e+03 2.281312e+03
5999.1895 2.371795e+03 2.384651e+03
6000.4166 2.349425e+03 2.361781e+03
6001.6436 2.361510e+03 2.373556e+03
6002.8706 2.385715e+03 2.397513e+03
6004.0976 2.345064e+03 2.356302e+03
6005.3247 2.268720e+03 2.279250e+03
6006.5517 2.276164e+03 2.286391e+03
6007.7787 2.262003e+03 2.271837e+03
6009.0057 2.379569e+03 2.389573e+03
6010.2327 2.337038e+03 2.346535e+03
6011.4598 2.321114e+03 2.330226e+03
6012.6868 2.304526e+03 2.313259e+03
6013.9138 2.322771e+03 2.331264e+03
6015.1408 2.248781e+03 2.256710e+03
6016.3679 2.199355e+03 2.206828e+03
6017.5949 2.280526e+03 2.287988e+03
6018.8219 2.252285e+03 2.259376e+03
6020.0489 2.278698e+03 2.285596e+03
6021.2760 2.286023e+03 2.292673e+03
6022.5030 2.318858e+03 2.325335e+03
6023.7300 2.271941e+03 2.278029e+03
6024.9570 2.258195e+03 2.263996e+03
6026.1841 2.335415e+03 2.341160e+03
6027.4111 2.274648e+03 2.280002e+03
6028.6381 2.406011e+03 2.411425e+03
6029.8651 2.282886e+03 2.287791e+03
6031.0922 2.255813e+03 2.260437e+03
6032.3192 2.307797e+03 2.312304e+03
6033.5462 2.229761e+03 2.233906e+03
6034.7732 2.259083e+03 2.263076e+03
6036.0003 2.303902e+03 2.307767e+03
6037.2273 2.292296e+03 2.295943e+03
6038.4543 2.150090e+03 2.153329e+03
6039.6813 2.333310e+03 2.336633e+03
6040.9084 2.318142e+03 2.321259e+03
6042.1354 2.345471e+03 2.348442e+03
6043.3624 2.274224e+03 2.276934e+03
6044.5894 2.291498e+03 2.294063e+03
6045.8165 2.387572e+03 2.390076e+03
6047.0435 2.279193e+03 2.281429e+03
6048.2705 2.285181e+03 2.287272e+03
6049.4975 2.306933e+03 2.308898e+03
6050.7246 2.334173e+03 2.336019e+03
6051.9516 2.250517e+03 2.252164e+03
6053.1786 2.229545e+03 2.231051e+03
6054.4056 2.259855e+03 2.261260e+03
6055.6327 2.260954e+03 2.262242e+03
6056.8597 2.268686e+03 2.269867e+03
6058.0867 2.303095e+03 2.304185e+03
6059.3137 2.233406e+03 2.234363e+03
6060.5408 2.238205e+03 2.239068e+03
6061.7678 2.281137e+03 2.281924e+03
6062.9948 2.160274e+03 2.160937e+03
6064.2218 2.277549e+03 2.278167e+03
6065.4489 2.188632e+03 2.189152e+03
6066.6759 2.346800e+03 2.347284e+03
6067.9029 2.222834e+03 2.223228e+03
6069.1299 2.328220e+03 2.328570e+03
6070.3570 2.217442e+03 2.217721e+03
6071.5840 2.314420e+03 2.314659e+03
6072.8110 2.367074e+03 2.367271e+03
6074.0380 2.439222e+03 2.439381e+03
6075.2651 2.601455e+03 2.601583e+03
6076.4921 2.658158e+03 2.658253e+03
6077.7191 2.613473e+03 2.613537e+03
6078.9461 2.621756e+03 2.621795e+03
6080.1731 2.546678e+03 2.546699e+03
6081.4002 2.384924e+03 2.384932e+03
6082.6272 2.345738e+03 2.345739e+03
6083.8542 2.308405e+03 2.308405e+03
6085.0812 2.228825e+03 2.228829e+03
6086.3083 2.203345e+03 2.203357e+03
6087.5353 2.188063e+03 2.188088e+03
6088.7623 2.178919e+03 2.178961e+03
6089.9893 2.246292e+03 2.246358e+03
6091.2164 2.201885e+03 2.201977e+03
6092.4434 2.102165e+03 2.102282e+03
6093.6704 2.135146e+03 2.135300e+03
6094.8974 2.191472e+03 2.191671e+03
6096.1245 2.187202e+03 2.187446e+03
6097.3515 2.196080e+03 2.196375e+03
6098.5785 2.205265e+03 2.205615e+03
6099.8055 2.157635e+03 2.158036e+03
6101.0326 2.141506e+03 2.141965e+03
6102.2596 2.212855e+03 2.213398e+03
6103.4866 2.272785e+03 2.273417e+03
6104.7136 2.199397e+03 2.200087e+03
6105.9407 2.162536e+03 2.163294e+03
6107.1677 2.235663e+03 2.236534e+03
6108.3947 2.211143e+03 2.212094e+03
6109.6217 2.210136e+03 2.211182e+03
6110.8488 2.144264e+03 2.145376e+03
6112.0758 2.100262e+03 2.101449e+03
6113.3028 2.119466e+03 2.120769e+03
6114.5298 2.114175e+03 2.115582e+03
6115.7569 2.146707e+03 2.148249e+03
6116.9839 2.146934e+03 2.148594e+03
6118.2109 2.131486e+03 2.133255e+03
6119.4379 2.132694e+03 2.134590e+03
6120.6650 2.155155e+03 2.157201e+03
6121.8920 2.214558e+03 2.216799e+03
6123.1190 2.156770e+03 2.159091e+03
6124.3460 2.108431e+03 2.110841e+03
6125.5731 2.202668e+03 2.205336e+03
6126.8001 2.179417e+03 2.182210e+03
6128.0271 2.138810e+03 2.141705e+03
6129.2541 2.094845e+03 2.097836e+03
6130.4812 2.095315e+03 2.098466e+03
6131.7082 2.156503e+03 2.159913e+03
6132.9352 2.099260e+03 2.102746e+03
6134.1622 2.140899e+03 2.144628e+03
6135.3893 2.169226e+03 2.173185e+03
6136.6163 2.049831e+03 2.053747e+03
6137.8433 2.132244e+03 2.136502e+03
6139.0703 2.190927e+03 2.195497e+03
6140.2974 2.141904e+03 2.146565e+03
6141.5244 2.044145e+03 2.048781e+03
6142.7514 2.068641e+03 2.073527e+03
6143.9784 2.142247e+03 2.147512e+03
6145.2055 2.154967e+03 2.160474e+03
6146.4325 2.158650e+03 2.164381e+03
6147.6595 2.150853e+03 2.156781e+03
6148.8865 2.111940e+03 2.117978e+03
6150.1136 2.133993e+03 2.140316e+03
6151.3406 2.118269e+03 2.124770e+03
6152.5676 2.164054e+03 2.170929e+03
6153.7946 2.168629e+03 2.175757e+03
6155.0216 2.162540e+03 2.169888e+03
6156.2487 2.175005e+03 2.182641e+03
6157.4757 2.140730e+03 2.148491e+03
6158.7027 2.095317e+03 2.103158e+03
6159.9297 2.099197e+03 2.107300e+03
6161.1568 2.038294e+03 2.046405e+03
6162.3838 2.203158e+03 2.212193e+03
6163.6108 2.169390e+03 2.178553e+03
6164.8378 2.098054e+03 2.107176e+03
6166.0649 2.173162e+03 2.182885e+03
6167.2919 2.207598e+03 2.217757e+03
6168.5189 2.037378e+03 2.047017e+03
6169.7459 2.147273e+03 2.157712e+03
6170.9730 2.068887e+03 2.079219e+03
6172.2000 2.106643e+03 2.117446e+03
6173.4270 2.076837e+03 2.087769e+03
6174.6540 2.094010e+03 2.105319e+03
6175.8811 2.061277e+03 2.072695e+03
6177.1081 2.018646e+03 2.030110e+03
6178.3351 2.131188e+03 2.143593e+03
6179.5621 2.101606e+03 2.114140e+03
6180.7892 2.173899e+03 2.187178e+03
6182.0162 2.167440e+03 2.180997e+03
6183.2432 2.106515e+03 2.120001e+03
6184.4702 2.103801e+03 2.117583e+03
6185.6973 2.074859e+03 2.088764e+03
6186.9243 2.162704e+03 2.177526e+03
6188.1513 2.114111e+03 2.128924e+03
6189.3783 2.137753e+03 2.153062e+03
6190.6054 2.112740e+03 2.128200e+03
6191.8324 2.138816e+03 2.154804e+03
6193.0594 2.108506e+03 2.124602e+03
6194.2864 2.087618e+03 2.103889e+03
6195.5135 2.093460e+03 2.110116e+03
6196.7405 2.115310e+03 2.132484e+03
6197.9675 2.114135e+03 2.131648e+03
6199.1945 2.154750e+03 2.172955e+03
6200.4216 2.152016e+03 2.170558e+03
6201.6486 2.149280e+03 2.168160e+03
6202.8756 2.146542e+03 2.165762e+03
6204.1026 2.143803e+03 2.163365e+03
6205.3297 2.141061e+03 2.160967e+03
6206.5567 2.138318e+03 2.158569e+03
6207.7837 2.135572e+03 2.156170e+03
6209.0107 2.132825e+03 2.153772e+03
6210.2378 2.130076e+03 2.151374e+03
6211.4648 2.127325e+03 2.148976e+03
6212.6918 2.124573e+03 2.146577e+03
6213.9188 2.121819e+03 2.144178e+03
6215.1459 2.119064e+03 2.141780e+03
6216.3729 2.116307e+03 2.139382e+03
6217.5999 2.113548e+03 2.136982e+03
6218.8269 2.110788e+03 2.134584e+03
6220.0540 2.108026e+03 2.132185e+03
6221.2810 2.105263e+03 2.129786e+03
6222.5080 2.102498e+03 2.127386e+03
6223.7350 2.099732e+03 2.124987e+03
6224.9620 2.096966e+03 2.122588e+03
6226.1891 2.094197e+03 2.120189e+03
6227.4161 2.091427e+03 2.117789e+03
6228.6431 2.088656e+03 2.115389e+03
6229.8701 2.085883e+03 2.112989e+03
6231.0972 2.083109e+03 2.110589e+03
6232.3242 2.080335e+03 2.108189e+03
6233.5512 2.077559e+03 2.105790e+03
6234.7782 2.074782e+03 2.103390e+03
6236.0053 2.072003e+03 2.100989e+03
6237.2323 2.069225e+03 2.098589e+03
6238.4593 2.066445e+03 2.096189e+03
6239.6863 2.063664e+03 2.093788e+03
6240.9134 2.060882e+03 2.091388e+03
6242.1404 2.058099e+03 2.088987e+03
6243.3674 2.055315e+03 2.086586e+03
6244.5944 2.052531e+03 2.084185e+03
6245.8215 2.049745e+03 2.081784e+03
6247.0485 2.046959e+03 2.079383e+03
6248.2755 2.044172e+03 2.076982e+03
6249.5025 2.041385e+03 2.074581e+03
6250.7296 2.038597e+03 2.072180e+03
6251.9566 2.035807e+03 2.069778e+03
6253.1836 2.033018e+03 2.067376e+03
6254.4106 2.030228e+03 2.064976e+03
6255.6377 2.027437e+03 2.062574e+03
6256.8647 2.024646e+03 2.060172e+03
6258.0917 2.021854e+03 2.057770e+03
6259.3187 2.019062e+03 2.055368e+03
6260.5458 2.016269e+03 2.052966e+03
6261.7728 2.013476e+03 2.050564e+03
6262.9998 2.010682e+03 2.048161e+03
6264.2268 2.007888e+03 2.045759e+03
6265.4539 2.005094e+03 2.043356e+03
6266.6809 2.002299e+03 2.040954e+03
6267.9079 1.999985e+03 2.039041e+03
6269.1349 2.010641e+03 2.050355e+03
6270.3620 2.047776e+03 2.088683e+03
6271.5890 2.032883e+03 2.073950e+03
6272.8160 2.010797e+03 2.051872e+03
6274.0430 1.938911e+03 1.978957e+03
6275.2701 1.899455e+03 1.939117e+03
6276.4971 1.976449e+03 2.018168e+03
6277.7241 1.957030e+03 1.998787e+03
6278.9511 1.928293e+03 1.969879e+03
6280.1782 1.841319e+03 1.881451e+03
6281.4052 1.910303e+03 1.952379e+03
6282.6322 1.937092e+03 1.980204e+03
6283.8592 1.970776e+03 2.015094e+03
6285.0863 2.047832e+03 2.094357e+03
6286.3133 2.044754e+03 2.091683e+03
6287.5403 2.051064e+03 2.098616e+03
6288.7673 2.053053e+03 2.101130e+03
6289.9944 2.062158e+03 2.110931e+03
6291.2214 2.015548e+03 2.063691e+03
6292.4484 2.105712e+03 2.156502e+03
6293.6754 2.101445e+03 2.152627e+03
6294.9025 1.994542e+03 2.043590e+03
6296.1295 2.026010e+03 2.076310e+03
6297.3565 2.063932e+03 2.115662e+03
6298.5835 1.945219e+03 1.994435e+03
6299.8105 1.890998e+03 1.939290e+03
6301.0376 1.922729e+03 1.972289e+03
6302.2646 1.954705e+03 2.005555e+03
6303.4916 1.956542e+03 2.007906e+03
6304.7186 2.008779e+03 2.061993e+03
6305.9457 2.084625e+03 2.140347e+03
6307.1727 2.111604e+03 2.168552e+03
6308.3997 2.087937e+03 2.144748e+03
6309.6267 2.033738e+03 2.089562e+03
6310.8538 1.997772e+03 2.053089e+03
6312.0808 2.026324e+03 2.082919e+03
6313.3078 2.092501e+03 2.151448e+03
6314.5348 2.131893e+03 2.192465e+03
6315.7619 2.070706e+03 2.130038e+03
6316.9889 2.019303e+03 2.077650e+03
6318.2159 1.982692e+03 2.040461e+03
6319.4429 2.066954e+03 2.127678e+03
6320.6700 2.016998e+03 2.076743e+03
6321.8970 1.995922e+03 2.055527e+03
6323.1240 2.079154e+03 2.141748e+03
6324.3510 2.085870e+03 2.149172e+03
6325.5781 2.023267e+03 2.085160e+03
6326.8051 2.064288e+03 2.127938e+03
6328.0321 2.094457e+03 2.159546e+03
6329.2591 2.078947e+03 2.144059e+03
6330.4862 2.103660e+03 2.170057e+03
6331.7132 2.029691e+03 2.094247e+03
6332.9402 2.055012e+03 2.120874e+03
6334.1672 2.008580e+03 2.073443e+03
6335.3943 2.012990e+03 2.078485e+03
6336.6213 2.103827e+03 2.172789e+03
6337.8483 2.135085e+03 2.205592e+03
6339.0753 2.122966e+03 2.193589e+03
6340.3024 2.203741e+03 2.277588e+03
6341.5294 2.137060e+03 2.209193e+03
6342.7564 2.164657e+03 2.238248e+03
6343.9834 2.124075e+03 2.196803e+03
6345.2105 2.151600e+03 2.225793e+03
6346.4375 2.108100e+03 2.181306e+03
6347.6645 2.117012e+03 2.191042e+03
6348.8915 2.107570e+03 2.181782e+03
6350.1186 2.070651e+03 2.144066e+03
6351.3456 2.089789e+03 2.164390e+03
6352.5726 2.139120e+03 2.216000e+03
6353.7996 2.154229e+03 2.232174e+03
6355.0267 2.121074e+03 2.198334e+03
6356.2537 2.131572e+03 2.209730e+03
6357.4807 2.214941e+03 2.296692e+03
6358.7077 2.212330e+03 2.294519e+03
6359.9348 2.150245e+03 2.230647e+03
6361.1618 2.120449e+03 2.200248e+03
6362.3888 2.145385e+03 2.226640e+03
6363.6158 2.196323e+03 2.280036e+03
6364.8429 2.173579e+03 2.256948e+03
6366.0699 2.106783e+03 2.188096e+03
6367.2969 2.108706e+03 2.190599e+03
6368.5239 2.206984e+03 2.293222e+03
6369.7510 2.187756e+03 2.273767e+03
6370.9780 2.171438e+03 2.257327e+03
6372.2050 2.219203e+03 2.307511e+03
6373.4320 2.233584e+03 2.322996e+03
6374.6590 2.178441e+03 2.266165e+03
6375.8861 2.175443e+03 2.263562e+03
6377.1131 2.182594e+03 2.271521e+03
6378.3401 2.201729e+03 2.291956e+03
6379.5671 2.198732e+03 2.289357e+03
6380.7942 2.221921e+03 2.314026e+03
6382.0212 2.250663e+03 2.344489e+03
6383.2482 2.263802e+03 2.358709e+03
6384.4752 2.236530e+03 2.330818e+03
6385.7023 2.242616e+03 2.337686e+03
6386.9293 2.217866e+03 2.312405e+03
6388.1563 2.215871e+03 2.310842e+03
6389.3833 2.252498e+03 2.349562e+03
6390.6104 2.279703e+03 2.378470e+03
6391.8374 2.254877e+03 2.353091e+03
6393.0644 2.292436e+03 2.392815e+03
6394.2914 2.298267e+03 2.399432e+03
6395.5185 2.232313e+03 2.331088e+03
6396.7455 2.314816e+03 2.417772e+03
6397.9725 2.288844e+03 2.391169e+03
6399.1995 2.294651e+03 2.397760e+03
6400.4266 2.276484e+03 2.379294e+03
6401.6536 2.173808e+03 2.272476e+03
6402.8806 2.217150e+03 2.318286e+03
6404.1076 2.259181e+03 2.362745e+03
6405.3347 2.252242e+03 2.355995e+03
6406.5617 2.285969e+03 2.391789e+03
6407.7887 2.376427e+03 2.486965e+03
6409.0157 2.361547e+03 2.471920e+03
6410.2428 2.329620e+03 2.439020e+03
6411.4698 2.333946e+03 2.444066e+03
6412.6968 2.315046e+03 2.424786e+03
6413.9238 2.327598e+03 2.438446e+03
6415.1509 2.385470e+03 2.499597e+03
6416.3779 2.356464e+03 2.469719e+03
6417.6049 2.378855e+03 2.493705e+03
6418.8319 2.323333e+03 2.436007e+03
6420.0590 2.367301e+03 2.482619e+03
6421.2860 2.378695e+03 2.495081e+03
6422.5130 2.330129e+03 2.444639e+03
6423.7400 2.378761e+03 2.496170e+03
6424.9671 2.313687e+03 2.428377e+03
6426.1941 2.336737e+03 2.453066e+03
6427.4211 2.382984e+03 2.502119e+03
6428.6481 2.405128e+03 2.525876e+03
6429.8752 2.391015e+03 2.511556e+03
6431.1022 2.375250e+03 2.495492e+03
6432.3292 2.428130e+03 2.551554e+03
6433.5562 2.433002e+03 2.557177e+03
6434.7833 2.418046e+03 2.541956e+03
6436.0103 2.433076e+03 2.558255e+03
6437.2373 2.410920e+03 2.535451e+03
6438.4643 2.441382e+03 2.567983e+03
6439.6914 2.488374e+03 2.617916e+03
6440.9184 2.459599e+03 2.588137e+03
6442.1454 2.411581e+03 2.538093e+03
6443.3724 2.444806e+03 2.573549e+03
6444.5994 2.423052e+03 2.551129e+03
6445.8265 2.417875e+03 2.546155e+03
6447.0535 2.439185e+03 2.569074e+03
6448.2805 2.489332e+03 2.622378e+03
6449.5075 2.517323e+03 2.652354e+03
6450.7346 2.478554e+03 2.611984e+03
6451.9616 2.524560e+03 2.660952e+03
6453.1886 2.473783e+03 2.607904e+03
6454.4156 2.466746e+03 2.600954e+03
6455.6427 2.447890e+03 2.581535e+03
6456.8697 2.416088e+03 2.548450e+03
6458.0967 2.425207e+03 2.558521e+03
6459.3237 2.425053e+03 2.558809e+03
6460.5508 2.431266e+03 2.565812e+03
6461.7778 2.448016e+03 2.583938e+03
6463.0048 2.498005e+03 2.637157e+03
6464.2318 2.493967e+03 2.633346e+03
6465.4589 2.574477e+03 2.718817e+03
6466.6859 2.503336e+03 2.644135e+03
6467.9129 2.501319e+03 2.642448e+03
6469.1399 2.431889e+03 2.569530e+03
6470.3670 2.435757e+03 2.574043e+03
6471.5940 2.451692e+03 2.591309e+03
6472.8210 2.488095e+03 2.630214e+03
6474.0480 2.527024e+03 2.671799e+03
6475.2751 2.445124e+03 2.585623e+03
6476.5021 2.493237e+03 2.636921e+03
6477.7291 2.519010e+03 2.664602e+03
6478.9561 2.631625e+03 2.784164e+03
6480.1832 2.595667e+03 2.746549e+03
6481.4102 2.575098e+03 2.725207e+03
6482.6372 2.527782e+03 2.675543e+03
6483.8642 2.524587e+03 2.672568e+03
6485.0913 2.486360e+03 2.632498e+03
6486.3183 2.519843e+03 2.668349e+03
6487.5453 2.547605e+03 2.698147e+03
6488.7723 2.508879e+03 2.657524e+03
6489.9994 2.502140e+03 2.650772e+03
6491.2264 2.523901e+03 2.674213e+03
6492.4534 2.524968e+03 2.675727e+03
6493.6804 2.523821e+03 2.674891e+03
6494.9075 2.534358e+03 2.686437e+03
6496.1345 2.543073e+03 2.696051e+03
6497.3615 2.564895e+03 2.719560e+03
6498.5885 2.558425e+03 2.713071e+03
6499.8156 2.552759e+03 2.707429e+03
6501.0426 2.548443e+03 2.703214e+03
6502.2696 2.581007e+03 2.738119e+03
6503.4966 2.607672e+03 2.766770e+03
6504.7237 2.565597e+03 2.722482e+03
6505.9507 2.579774e+03 2.737878e+03
6507.1777 2.554641e+03 2.711550e+03
6508.4047 2.563271e+03 2.721052e+03
6509.6318 2.601589e+03 2.762073e+03
6510.8588 2.586328e+03 2.746208e+03
6512.0858 2.655688e+03 2.820198e+03
6513.3128 2.670565e+03 2.836339e+03
6514.5399 2.620554e+03 2.783554e+03
6515.7669 2.709494e+03 2.878364e+03
6516.9939 2.722529e+03 2.892547e+03
6518.2209 2.743185e+03 2.914827e+03
6519.4479 2.650737e+03 2.816913e+03
6520.6750 2.630255e+03 2.795460e+03
6521.9020 2.641062e+03 2.807255e+03
6523.1290 2.555865e+03 2.716992e+03
6524.3560 2.566000e+03 2.728059e+03
6525.5831 2.618960e+03 2.784659e+03
6526.8101 2.648742e+03 2.816620e+03
6528.0371 2.680054e+03 2.850210e+03
6529.2641 2.710114e+03 2.882471e+03
6530.4912 2.827472e+03 3.007594e+03
6531.7182 2.719245e+03 2.892758e+03
6532.9452 2.710612e+03 2.883854e+03
6534.1722 2.682503e+03 2.854221e+03
6535.3993 2.722309e+03 2.896848e+03
6536.6263 2.669521e+03 2.840938e+03
6537.8533 2.597436e+03 2.764477e+03
6539.0803 2.570774e+03 2.736346e+03
6540.3074 2.632494e+03 2.802288e+03
6541.5344 2.656543e+03 2.828133e+03
6542.7614 2.629591e+03 2.799679e+03
6543.9884 2.641163e+03 2.812234e+03
6545.2155 2.669955e+03 2.843125e+03
6546.4425 2.670562e+03 2.844000e+03
6547.6695 2.675606e+03 2.849597e+03
6548.8965 2.707547e+03 2.883838e+03
6550.1236 2.649199e+03 2.821906e+03
6551.3506 2.555755e+03 2.722573e+03
6552.5776 2.623825e+03 2.795290e+03
6553.8046 2.685390e+03 2.861083e+03
6555.0317 2.672976e+03 2.848055e+03
6556.2587 2.661863e+03 2.836407e+03
6557.4857 2.681505e+03 2.857528e+03
6558.7127 2.748681e+03 2.929305e+03
6559.9398 2.664990e+03 2.840295e+03
6561.1668 2.698510e+03 2.876198e+03
6562.3938 2.723370e+03 2.902872e+03
6563.6208 2.721183e+03 2.900711e+03
6564.8479 2.737554e+03 2.918330e+03
6566.0749 2.648956e+03 2.824040e+03
6567.3019 2.711115e+03 2.890463e+03
6568.5289 2.713152e+03 2.892788e+03
6569.7560 2.690433e+03 2.868711e+03
6570.9830 2.661608e+03 2.838117e+03
6572.2100 2.682897e+03 2.860955e+03
6573.4370 2.686737e+03 2.865183e+03
6574.6641 2.632974e+03 2.807976e+03
6575.8911 2.761449e+03 2.945117e+03
6577.1181 2.740348e+03 2.922734e+03
6578.3451 2.737000e+03 2.919281e+03
6579.5722 2.795497e+03 2.981788e+03
6580.7992 2.749055e+03 2.932359e+03
6582.0262 2.746293e+03 2.929517e+03
6583.2532 2.777270e+03 2.962661e+03
6584.4803 2.810697e+03 2.998416e+03
6585.7073 2.760194e+03 2.944631e+03
6586.9343 2.683017e+03 2.862379e+03
6588.1613 2.752904e+03 2.937020e+03
6589.3884 2.747088e+03 2.930890e+03
6590.6154 2.701329e+03 2.882140e+03
6591.8424 2.723887e+03 2.906274e+03
6593.0694 2.766165e+03 2.951445e+03
6594.2964 2.827522e+03 3.016971e+03
6595.5235 2.838099e+03 3.028311e+03
6596.7505 2.882426e+03 3.075659e+03
6597.9775 2.892050e+03 3.085974e+03
6599.2045 2.840452e+03 3.030956e+03
6600.4316 2.718444e+03 2.900800e+03
6601.6586 2.808937e+03 2.997393e+03
6602.8856 2.778630e+03 2.965078e+03
6604.1126 2.670931e+03 2.850172e+03
6605.3397 2.764486e+03 2.950021e+03
6606.5667 2.777962e+03 2.964413e+03
6607.7937 2.724634e+03 2.907511e+03
6609.0207 2.794007e+03 2.981543e+03
6610.2478 2.795837e+03 2.983493e+03
6611.4748 2.816571e+03 3.005611e+03
6612.7018 2.797009e+03 2.984724e+03
6613.9288 2.811414e+03 3.000078e+03
6615.1559 2.792112e+03 2.979460e+03
6616.3829 2.882282e+03 3.075654e+03
6617.6099 2.828408e+03 3.018134e+03
6618.8369 2.794937e+03 2.982382e+03
6620.0640 2.812384e+03 3.000959e+03
6621.2910 2.751029e+03 2.935445e+03
6622.5180 2.801296e+03 2.989033e+03
6623.7450 2.792009e+03 2.979070e+03
6624.9721 2.774219e+03 2.960030e+03
6626.1991 2.750500e+03 2.934660e+03
6627.4261 2.758090e+03 2.942691e+03
6628.6531 2.796180e+03 2.983258e+03
6629.8802 2.766056e+03 2.951043e+03
6631.1072 2.820638e+03 3.009193e+03
6632.3342 2.852162e+03 3.042736e+03
6633.5612 2.808815e+03 2.996402e+03
6634.7883 2.792362e+03 2.978755e+03
6636.0153 2.754869e+03 2.938660e+03
6637.2423 2.762094e+03 2.946265e+03
6638.4693 2.730888e+03 2.912872e+03
6639.6964 2.740990e+03 2.923536e+03
6640.9234 2.754827e+03 2.938179e+03
6642.1504 2.762242e+03 2.945967e+03
6643.3774 2.781765e+03 2.966662e+03
6644.6045 2.798848e+03 2.984750e+03
6645.8315 2.802437e+03 2.988441e+03
6647.0585 2.734805e+03 2.916183e+03
6648.2855 2.724921e+03 2.905504e+03
6649.5126 2.731007e+03 2.911847e+03
6650.7396 2.755417e+03 2.937723e+03
6651.9666 2.769180e+03 2.952241e+03
6653.1936 2.769471e+03 2.952391e+03
6654.4207 2.730869e+03 2.911077e+03
6655.6477 2.706245e+03 2.884663e+03
6656.8747 2.785067e+03 2.968508e+03
6658.1017 2.785434e+03 2.968721e+03
6659.3288 2.824441e+03 3.010110e+03
6660.5558 2.780231e+03 2.962807e+03
6661.7828 2.759991e+03 2.941049e+03
6663.0098 2.781627e+03 2.963909e+03
6664.2368 2.726769e+03 2.905262e+03
6665.4639 2.640128e+03 2.812756e+03
6666.6909 2.717976e+03 2.895493e+03
6667.9179 2.797242e+03 2.979723e+03
6669.1449 2.744360e+03 2.923178e+03
6670.3720 2.726900e+03 2.904366e+03
6671.5990 2.736176e+03 2.914026e+03
6672.8260 2.797055e+03 2.978633e+03
6674.0530 2.768653e+03 2.948157e+03
6675.2801 2.779518e+03 2.959491e+03
6676.5071 2.727074e+03 2.903417e+03
6677.7341 2.826567e+03 3.009095e+03
6678.9611 4.157723e+03 4.425842e+03
6680.1882 7.234722e+03 7.700615e+03
6681.4152 8.572422e+03 9.123672e+03
6682.6422 6.355762e+03 6.763878e+03
6683.8692 3.253282e+03 3.461875e+03
6685.0963 2.726485e+03 2.901040e+03
6686.3233 2.757785e+03 2.934076e+03
6687.5503 2.693031e+03 2.864917e+03
6688.7773 2.673414e+03 2.843781e+03
6690.0044 2.705869e+03 2.878030e+03
6691.2314 2.698980e+03 2.870426e+03
6692.4584 2.619075e+03 2.785174e+03
6693.6854 2.587007e+03 2.750799e+03
6694.9125 2.627696e+03 2.793785e+03
6696.1395 2.665104e+03 2.833271e+03
6697.3665 2.689286e+03 2.858685e+03
6698.5935 2.632393e+03 2.797917e+03
6699.8206 2.666890e+03 2.834287e+03
6701.0476 2.621801e+03 2.786072e+03
6702.2746 2.643277e+03 2.808592e+03
6703.5016 2.673021e+03 2.839889e+03
6704.7287 2.669176e+03 2.835493e+03
6705.9557 2.662974e+03 2.828591e+03
6707.1827 2.713051e+03 2.881460e+03
6708.4097 2.720731e+03 2.889291e+03
6709.6368 2.643999e+03 2.807484e+03
6710.8638 2.653888e+03 2.817660e+03
6712.0908 2.764033e+03 2.934260e+03
6713.3178 2.646417e+03 2.809072e+03
6714.5449 2.643575e+03 2.805721e+03
6715.7719 2.657104e+03 2.819744e+03
6716.9989 2.671086e+03 2.834240e+03
6718.2259 2.645698e+03 2.806959e+03
6719.4530 2.665258e+03 2.827365e+03
6720.6800 2.674096e+03 2.836389e+03
6721.9070 2.630300e+03 2.789587e+03
6723.1340 2.634529e+03 2.793721e+03
6724.3611 2.654896e+03 2.814962e+03
6725.5881 2.648882e+03 2.808227e+03
6726.8151 2.621523e+03 2.778865e+03
6728.0421 2.635644e+03 2.793470e+03
6729.2692 2.610159e+03 2.766098e+03
6730.4962 2.625118e+03 2.781585e+03
6731.7232 2.589492e+03 2.743471e+03
6732.9502 2.660722e+03 2.818562e+03
6734.1773 2.628606e+03 2.784167e+03
6735.4043 2.617090e+03 2.771594e+03
6736.6313 2.596286e+03 2.749188e+03
6737.8583 2.602174e+03 2.755045e+03
6739.0853 2.646487e+03 2.801575e+03
6740.3124 2.690707e+03 2.847992e+03
6741.5394 2.622349e+03 2.775251e+03
6742.7664 2.604744e+03 2.756232e+03
6743.9934 2.629948e+03 2.782510e+03
6745.2205 2.685285e+03 2.840654e+03
6746.4475 2.643184e+03 2.795718e+03
6747.6745 2.623464e+03 2.774462e+03
6748.9015 2.609729e+03 2.759538e+03
6750.1286 2.486815e+03 2.629188e+03
6751.3556 2.543082e+03 2.688284e+03
6752.5826 2.566339e+03 2.712472e+03
6753.8096 2.534152e+03 2.678059e+03
6755.0367 2.645102e+03 2.794896e+03
6756.2637 2.610701e+03 2.758138e+03
6757.4907 2.549855e+03 2.693453e+03
6758.7177 2.597545e+03 2.743419e+03
6759.9448 2.645040e+03 2.793161e+03
6761.1718 2.624141e+03 2.770673e+03
6762.3988 2.634460e+03 2.781147e+03
6763.6258 2.614302e+03 2.759445e+03
6764.8529 2.563290e+03 2.705188e+03
6766.0799 2.582190e+03 2.724717e+03
6767.3069 2.622113e+03 2.766417e+03
6768.5339 2.651983e+03 2.797499e+03
6769.7610 2.656314e+03 2.801633e+03
6770.9880 2.699518e+03 2.846758e+03
6772.2150 2.721087e+03 2.869055e+03
6773.4420 2.733230e+03 2.881408e+03
6774.6691 2.721127e+03 2.868199e+03
6775.8961 2.707847e+03 2.853751e+03
6777.1231 2.699721e+03 2.844739e+03
6778.3501 2.675310e+03 2.818570e+03
6779.5772 2.669899e+03 2.812423e+03
6780.8042 2.753620e+03 2.900152e+03
6782.0312 2.974149e+03 3.131918e+03
6783.2582 4.326375e+03 4.555146e+03
6784.4853 8.212189e+03 8.645051e+03
6785.7123 1.262872e+04 1.329225e+04
6786.9393 1.512741e+04 1.591966e+04
6788.1663 1.537908e+04 1.618190e+04
6789.3934 1.418600e+04 1.492412e+04
6790.6204 1.201477e+04 1.263788e+04
6791.8474 9.404511e+03 9.890647e+03
6793.0744 7.033034e+03 7.395385e+03
6794.3015 4.745670e+03 4.989363e+03
6795.5285 3.317940e+03 3.487751e+03
6796.7555 2.808172e+03 2.951413e+03
6797.9825 2.683852e+03 2.820292e+03
6799.2096 2.623451e+03 2.756371e+03
6800.4366 2.582097e+03 2.712479e+03
6801.6636 2.598286e+03 2.729040e+03
6802.8906 2.605940e+03 2.736631e+03
6804.1177 2.627595e+03 2.758921e+03
6805.3447 2.677830e+03 2.811207e+03
6806.5717 2.791712e+03 2.930281e+03
6807.7987 2.878271e+03 3.020642e+03
6809.0258 2.861473e+03 3.002522e+03
6810.2528 2.812583e+03 2.950738e+03
6811.4798 2.706750e+03 2.839242e+03
6812.7068 2.658436e+03 2.788106e+03
6813.9338 2.659859e+03 2.789142e+03
6815.1609 2.555690e+03 2.679472e+03
6816.3879 2.519748e+03 2.641356e+03
6817.6149 2.474232e+03 2.593220e+03
6818.8419 2.534387e+03 2.655834e+03
6820.0690 2.459569e+03 2.577011e+03
6821.2960 2.497202e+03 2.616014e+03
6822.5230 2.519783e+03 2.639239e+03
6823.7500 2.547862e+03 2.668215e+03
6824.9771 2.416072e+03 2.529789e+03
6826.2041 2.381447e+03 2.493129e+03
6827.4311 2.417071e+03 2.530014e+03
6828.6581 2.429608e+03 2.542726e+03
6829.8852 2.393623e+03 2.504661e+03
6831.1122 2.450602e+03 2.563870e+03
6832.3392 2.372268e+03 2.481515e+03
6833.5662 2.398149e+03 2.508185e+03
6834.7933 2.394179e+03 2.503632e+03
6836.0203 2.407882e+03 2.517559e+03
6837.2473 2.436584e+03 2.547163e+03
6838.4743 2.453652e+03 2.564597e+03
6839.7014 2.474038e+03 2.585494e+03
6840.9284 2.458766e+03 2.569127e+03
6842.1554 2.407467e+03 2.515129e+03
6843.3824 2.377212e+03 2.483130e+03
6844.6095 2.334901e+03 2.438552e+03
6845.8365 2.391733e+03 2.497516e+03
6847.0635 2.367919e+03 2.472264e+03
6848.2905 2.316809e+03 2.418526e+03
6849.5176 2.302644e+03 2.403367e+03
6850.7446 2.375193e+03 2.478708e+03
6851.9716 2.394997e+03 2.498991e+03
6853.1986 2.432690e+03 2.537933e+03
6854.4257 2.400542e+03 2.504013e+03
6855.6527 2.371378e+03 2.473217e+03
6856.8797 2.391282e+03 2.493600e+03
6858.1067 2.382354e+03 2.483917e+03
6859.3338 2.314800e+03 2.413122e+03
6860.5608 2.326010e+03 2.424448e+03
6861.7878 2.303195e+03 2.400312e+03
6863.0148 2.140403e+03 2.230328e+03
6864.2419 1.971743e+03 2.054281e+03
6865.4689 1.965137e+03 2.047101e+03
6866.6959 1.911694e+03 1.991140e+03
6867.9229 1.852621e+03 1.929335e+03
6869.1500 1.778929e+03 1.852326e+03
6870.3770 1.709025e+03 1.779285e+03
6871.6040 1.712031e+03 1.782163e+03
6872.8310 1.780237e+03 1.852903e+03
6874.0581 1.820401e+03 1.894443e+03
6875.2851 1.909038e+03 1.986410e+03
6876.5121 1.973558e+03 2.053263e+03
6877.7391 2.053431e+03 2.136071e+03
6878.9662 2.090199e+03 2.174024e+03
6880.1932 2.115011e+03 2.199536e+03
6881.4202 2.104735e+03 2.188557e+03
6882.6472 2.113359e+03 2.197235e+03
6883.8742 2.163722e+03 2.249302e+03
6885.1013 2.121126e+03 2.204735e+03
6886.3283 2.016053e+03 2.095250e+03
6887.5553 2.047086e+03 2.127231e+03
6888.7823 2.001321e+03 2.079411e+03
6890.0094 1.934154e+03 2.009373e+03
6891.2364 1.968078e+03 2.044363e+03
6892.4634 2.002419e+03 2.079779e+03
6893.6904 2.060525e+03 2.139870e+03
6894.9175 1.956648e+03 2.031749e+03
6896.1445 2.106142e+03 2.186721e+03
6897.3715 2.052115e+03 2.130377e+03
6898.5985 2.074902e+03 2.153783e+03
6899.8256 2.060074e+03 2.138146e+03
6901.0526 2.084708e+03 2.163468e+03
6902.2796 2.163869e+03 2.245369e+03
6903.5066 2.153407e+03 2.234265e+03
6904.7337 2.197285e+03 2.279542e+03
6905.9607 2.236786e+03 2.320272e+03
6907.1877 2.237312e+03 2.320572e+03
6908.4147 2.228269e+03 2.310950e+03
6909.6418 2.252430e+03 2.335768e+03
6910.8688 2.246662e+03 2.329549e+03
6912.0958 2.185565e+03 2.265971e+03
6913.3228 2.122307e+03 2.200170e+03
6914.5499 2.149227e+03 2.227861e+03
6915.7769 2.132163e+03 2.209964e+03
6917.0039 2.101799e+03 2.178288e+03
6918.2309 2.158233e+03 2.236570e+03
6919.4580 2.123725e+03 2.200611e+03
6920.6850 2.142787e+03 2.220167e+03
6921.9120 2.260260e+03 2.341679e+03
6923.1390 2.287324e+03 2.369517e+03
6924.3661 2.225093e+03 2.304858e+03
6925.5931 2.217385e+03 2.296687e+03
6926.8201 2.251388e+03 2.331720e+03
6928.0471 2.169681e+03 2.246923e+03
6929.2742 2.151697e+03 2.228129e+03
6930.5012 2.173745e+03 2.250793e+03
6931.7282 2.223410e+03 2.302053e+03
6932.9552 2.186626e+03 2.263809e+03
6934.1823 2.174685e+03 2.251292e+03
6935.4093 2.196359e+03 2.273579e+03
6936.6363 2.193869e+03 2.270855e+03
6937.8633 2.136063e+03 2.210883e+03
6939.0904 2.161344e+03 2.236915e+03
6940.3174 2.186109e+03 2.262413e+03
6941.5444 2.227620e+03 2.305243e+03
6942.7714 2.360261e+03 2.442373e+03
6943.9985 2.533808e+03 2.621821e+03
6945.2255 2.618838e+03 2.709668e+03
6946.4525 2.603873e+03 2.694055e+03
6947.6795 2.578638e+03 2.667824e+03
6948.9066 2.513693e+03 2.600520e+03
6950.1336 2.509651e+03 2.596229e+03
6951.3606 2.438265e+03 2.522282e+03
6952.5876 2.345047e+03 2.425762e+03
6953.8147 2.300210e+03 2.379299e+03
6955.0417 2.186630e+03 2.261740e+03
6956.2687 2.162028e+03 2.236226e+03
6957.4957 2.213845e+03 2.289756e+03
6958.7227 2.375686e+03 2.457083e+03
6959.9498 2.503244e+03 2.588951e+03
6961.1768 2.572112e+03 2.660121e+03
6962.4038 2.566174e+03 2.653931e+03
6963.6308 2.575975e+03 2.664024e+03
6964.8579 2.491212e+03 2.576328e+03
6966.0849 2.419677e+03 2.502320e+03
6967.3119 2.392177e+03 2.473859e+03
6968.5389 2.322813e+03 2.402111e+03
6969.7660 2.275194e+03 2.352857e+03
6970.9930 2.258758e+03 2.335856e+03
6972.2200 2.238622e+03 2.315035e+03
6973.4470 2.242283e+03 2.318829e+03
6974.6741 2.193721e+03 2.268623e+03
6975.9011 2.183692e+03 2.258272e+03
6977.1281 2.210624e+03 2.286149e+03
6978.3551 2.218485e+03 2.294310e+03
6979.5822 2.275846e+03 2.353671e+03
6980.8092 2.204800e+03 2.280239e+03
6982.0362 2.254403e+03 2.331590e+03
6983.2632 2.102323e+03 2.174357e+03
6984.4903 2.169870e+03 2.244279e+03
6985.7173 2.170219e+03 2.244708e+03
6986.9443 2.119397e+03 2.192212e+03
6988.1713 2.246934e+03 2.324213e+03
6989.3984 2.102456e+03 2.174849e+03
6990.6254 2.125592e+03 2.198871e+03
6991.8524 2.106287e+03 2.178997e+03
6993.0794 2.119349e+03 2.192611e+03
6994.3065 2.119610e+03 2.192989e+03
6995.5335 2.124412e+03 2.198073e+03
6996.7605 2.137789e+03 2.212036e+03
6997.9875 2.178522e+03 2.254314e+03
6999.2146 2.169588e+03 2.245206e+03
7000.4416 2.140790e+03 2.215545e+03
7001.6686 2.107882e+03 2.181635e+03
7002.8956 2.041736e+03 2.113321e+03
7004.1227 2.060378e+03 2.132771e+03
7005.3497 2.076953e+03 2.150092e+03
7006.5767 2.104423e+03 2.178701e+03
7007.8037 2.020609e+03 2.092099e+03
7009.0308 2.037631e+03 2.109902e+03
7010.2578 2.066141e+03 2.139611e+03
7011.4848 2.193308e+03 2.271506e+03
7012.7118 2.154562e+03 2.231588e+03
7013.9389 2.134999e+03 2.211540e+03
7015.1659 2.015366e+03 2.087827e+03
7016.3929 2.003909e+03 2.076173e+03
7017.6199 2.060549e+03 2.135082e+03
7018.8470 1.996023e+03 2.068449e+03
7020.0740 1.978003e+03 2.050005e+03
7021.3010 2.030790e+03 2.104958e+03
7022.5280 2.042992e+03 2.117858e+03
7023.7551 2.039867e+03 2.114877e+03
7024.9821 2.059306e+03 2.135299e+03
7026.2091 2.036543e+03 2.111968e+03
7027.4361 1.999918e+03 2.074259e+03
7028.6631 2.031533e+03 2.107334e+03
7029.8902 2.093600e+03 2.172018e+03
7031.1172 2.054648e+03 2.131909e+03
7032.3442 1.995660e+03 2.071003e+03
7033.5712 1.990777e+03 2.066243e+03
7034.7983 2.001407e+03 2.077591e+03
7036.0253 1.990434e+03 2.066521e+03
7037.2523 1.933824e+03 2.008064e+03
7038.4793 1.945812e+03 2.020839e+03
7039.7064 1.994498e+03 2.071745e+03
7040.9334 2.014367e+03 2.092736e+03
7042.1604 2.021573e+03 2.100583e+03
7043.3874 2.019128e+03 2.098410e+03
7044.6145 2.052396e+03 2.133366e+03
7045.8415 1.998939e+03 2.078178e+03
7047.0685 2.035960e+03 2.117060e+03
7048.2955 2.005337e+03 2.085612e+03
7049.5226 1.953010e+03 2.031581e+03
7050.7496 1.964382e+03 2.043811e+03
7051.9766 1.973856e+03 2.054078e+03
7053.2036 1.994321e+03 2.075796e+03
7054.4307 1.940918e+03 2.020628e+03
7055.6577 1.965986e+03 2.047155e+03
7056.8847 2.006990e+03 2.090298e+03
7058.1117 1.961633e+03 2.043503e+03
7059.3388 1.960092e+03 2.042347e+03
7060.5658 1.929278e+03 2.010691e+03
7061.7928 1.957189e+03 2.040245e+03
7063.0198 1.957833e+03 2.041388e+03
7064.2469 1.965670e+03 2.050041e+03
7065.4739 1.975860e+03 2.061160e+03
7066.7009 1.972880e+03 2.058550e+03
7067.9279 2.037298e+03 2.126287e+03
7069.1550 1.965840e+03 2.052219e+03
7070.3820 2.067467e+03 2.158857e+03
7071.6090 1.935008e+03 2.021061e+03
7072.8360 1.991748e+03 2.080866e+03
7074.0631 2.013903e+03 2.104567e+03
7075.2901 1.982059e+03 2.071843e+03
7076.5171 1.952867e+03 2.041883e+03
7077.7441 1.980645e+03 2.071496e+03
7078.9712 1.952709e+03 2.042847e+03
7080.1982 1.975411e+03 2.067180e+03
7081.4252 2.030681e+03 2.125624e+03
7082.6522 1.991522e+03 2.085238e+03
7083.8793 1.982670e+03 2.076578e+03
7085.1063 2.033873e+03 2.130839e+03
7086.3333 1.972433e+03 2.067090e+03
7087.5603 1.938537e+03 2.032186e+03
7088.7874 1.933707e+03 2.027746e+03
7090.0144 1.960307e+03 2.056281e+03
7091.2414 1.950414e+03 2.046548e+03
7092.4684 1.964339e+03 2.061818e+03
7093.6955 1.968664e+03 2.067024e+03
7094.9225 2.027516e+03 2.129511e+03
7096.1495 1.997752e+03 2.098943e+03
7097.3765 1.958985e+03 2.058900e+03
7098.6036 1.947568e+03 2.047591e+03
7099.8306 1.905683e+03 2.004239e+03
7101.0576 1.980522e+03 2.083667e+03
7102.2846 1.957631e+03 2.060303e+03
7103.5116 1.939471e+03 2.041909e+03
7104.7387 1.992690e+03 2.098687e+03
7105.9657 1.957653e+03 2.062529e+03
7107.1927 1.906930e+03 2.009819e+03
7108.4197 1.900188e+03 2.003449e+03
7109.6468 1.895750e+03 1.999511e+03
7110.8738 1.854322e+03 1.956549e+03
7112.1008 1.858729e+03 1.961942e+03
7113.3278 1.923257e+03 2.030829e+03
7114.5549 1.947777e+03 2.057515e+03
7115.7819 1.915993e+03 2.024729e+03
7117.0089 1.942066e+03 2.053089e+03
7118.2359 1.930298e+03 2.041459e+03
7119.4630 1.891567e+03 2.001300e+03
7120.6900 1.912852e+03 2.024639e+03
7121.9170 1.937286e+03 2.051337e+03
7123.1440 1.991916e+03 2.110052e+03
7124.3711 1.906898e+03 2.020832e+03
7125.5981 1.950305e+03 2.067700e+03
7126.8251 1.929647e+03 2.046664e+03
7128.0521 1.941360e+03 2.059966e+03
7129.2792 1.885872e+03 2.001950e+03
7130.5062 1.842032e+03 1.956261e+03
7131.7332 1.838340e+03 1.953194e+03
7132.9602 1.825412e+03 1.940315e+03
7134.1873 1.919157e+03 2.040869e+03
7135.4143 1.910832e+03 2.032928e+03
7136.6413 1.878349e+03 1.999273e+03
7137.8683 1.889846e+03 2.012428e+03
7139.0954 1.849098e+03 1.969942e+03
7140.3224 1.837066e+03 1.958031e+03
7141.5494 1.893849e+03 2.019495e+03
7142.7764 1.909231e+03 2.036856e+03
7144.0035 1.868362e+03 1.994200e+03
7145.2305 1.806926e+03 1.929547e+03
7146.4575 1.744671e+03 1.863964e+03
7147.6845 1.837212e+03 1.963784e+03
7148.9116 1.854965e+03 1.983729e+03
7150.1386 1.829488e+03 1.957446e+03
7151.3656 1.890043e+03 2.023238e+03
7152.5926 1.882350e+03 2.016008e+03
7153.8197 1.836430e+03 1.967815e+03
7155.0467 1.791195e+03 1.920316e+03
7156.2737 1.890607e+03 2.027926e+03
7157.5007 1.910329e+03 2.050132e+03
7158.7278 1.829722e+03 1.964640e+03
7159.9548 1.827163e+03 1.962911e+03
7161.1818 1.854537e+03 1.993362e+03
7162.4088 1.867898e+03 2.008780e+03
7163.6359 1.801708e+03 1.938625e+03
7164.8629 1.786669e+03 1.923469e+03
7166.0899 1.757951e+03 1.893568e+03
7167.3169 1.669060e+03 1.798790e+03
7168.5440 1.645338e+03 1.774187e+03
7169.7710 1.665748e+03 1.797178e+03
7170.9980 1.589174e+03 1.715505e+03
7172.2250 1.589761e+03 1.717089e+03
7173.4521 1.581466e+03 1.709079e+03
7174.6791 1.601853e+03 1.732080e+03
7175.9061 1.630460e+03 1.764006e+03
7177.1331 1.581131e+03 1.711604e+03
7178.3601 1.574950e+03 1.705885e+03
7179.5872 1.541093e+03 1.670168e+03
7180.8142 1.516193e+03 1.644128e+03
7182.0412 1.569946e+03 1.703402e+03
7183.2682 1.551862e+03 1.684760e+03
7184.4953 1.514475e+03 1.645134e+03
7185.7223 1.509716e+03 1.640928e+03
7186.9493 1.561963e+03 1.698720e+03
7188.1763 1.560714e+03 1.698369e+03
7189.4034 1.561818e+03 1.700585e+03
7190.6304 1.554826e+03 1.693988e+03
7191.8574 1.545898e+03 1.685276e+03
7193.0844 1.506549e+03 1.643374e+03
7194.3115 1.572570e+03 1.716435e+03
7195.5385 1.597743e+03 1.744977e+03
7196.7655 1.586477e+03 1.733737e+03
7197.9925 1.522249e+03 1.664574e+03
7199.2196 1.556209e+03 1.702764e+03
7200.4466 1.575198e+03 1.724614e+03
7201.6736 1.541240e+03 1.688490e+03
7202.9006 1.596473e+03 1.750099e+03
7204.1277 1.599367e+03 1.754376e+03
7205.3547 1.610597e+03 1.767813e+03
7206.5817 1.668542e+03 1.832580e+03
7207.8087 1.694830e+03 1.862640e+03
7209.0358 1.690486e+03 1.859057e+03
7210.2628 1.711923e+03 1.883843e+03
7211.4898 1.731586e+03 1.906712e+03
7212.7168 1.744675e+03 1.922370e+03
7213.9439 1.743300e+03 1.922104e+03
7215.1709 1.759191e+03 1.940892e+03
7216.3979 1.725478e+03 1.904945e+03
7217.6249 1.774341e+03 1.960178e+03
7218.8520 1.741356e+03 1.925009e+03
7220.0790 1.773621e+03 1.961975e+03
7221.3060 1.680533e+03 1.860236e+03
7222.5330 1.666785e+03 1.846248e+03
7223.7601 1.700638e+03 1.885006e+03
7224.9871 1.685631e+03 1.869625e+03
7226.2141 1.685950e+03 1.871237e+03
7227.4411 1.722923e+03 1.913564e+03
7228.6682 1.667742e+03 1.853531e+03
7229.8952 1.604066e+03 1.783971e+03
7231.1222 1.622920e+03 1.806168e+03
7232.3492 1.578819e+03 1.758286e+03
7233.5763 1.554721e+03 1.732634e+03
7234.8033 1.573045e+03 1.754257e+03
7236.0303 1.565127e+03 1.746627e+03
7237.2573 1.578012e+03 1.762221e+03
7238.4844 1.570828e+03 1.755411e+03
7239.7114 1.559690e+03 1.744171e+03
7240.9384 1.521208e+03 1.702318e+03
7242.1654 1.527229e+03 1.710245e+03
7243.3925 1.480212e+03 1.658749e+03
7244.6195 1.503391e+03 1.685900e+03
7245.8465 1.598615e+03 1.793939e+03
7247.0735 1.640697e+03 1.842454e+03
7248.3005 1.528110e+03 1.717228e+03
7249.5276 1.448668e+03 1.629099e+03
7250.7546 1.480007e+03 1.665514e+03
7251.9816 1.515666e+03 1.706847e+03
7253.2086 1.556871e+03 1.754489e+03
7254.4357 1.594919e+03 1.798639e+03
7255.6627 1.579530e+03 1.782547e+03
7256.8897 1.566311e+03 1.768884e+03
7258.1167 1.614327e+03 1.824405e+03
7259.3438 1.577045e+03 1.783540e+03
7260.5708 1.552788e+03 1.757358e+03
7261.7978 1.545651e+03 1.750528e+03
7263.0248 1.532004e+03 1.736310e+03
7264.2519 1.529676e+03 1.734910e+03
7265.4789 1.588657e+03 1.803092e+03
7266.7059 1.602402e+03 1.819993e+03
7267.9329 1.616000e+03 1.836750e+03
7269.1600 1.550229e+03 1.763257e+03
7270.3870 1.489278e+03 1.695143e+03
7271.6140 1.590812e+03 1.812010e+03
7272.8410 1.567929e+03 1.787226e+03
7274.0681 1.558205e+03 1.777415e+03
7275.2951 1.640476e+03 1.872601e+03
7276.5221 1.572201e+03 1.795952e+03
7277.7491 1.583950e+03 1.810669e+03
7278.9762 1.532977e+03 1.753656e+03
7280.2032 1.570555e+03 1.797931e+03
7281.4302 1.582833e+03 1.813285e+03
7282.6572 1.608332e+03 1.843814e+03
7283.8843 1.661633e+03 1.906283e+03
7285.1113 1.597369e+03 1.833867e+03
7286.3383 1.536474e+03 1.765217e+03
7287.5653 1.544738e+03 1.775979e+03
7288.7924 1.468928e+03 1.690024e+03
7290.0194 1.489522e+03 1.714939e+03
7291.2464 1.537952e+03 1.771959e+03
7292.4734 1.517986e+03 1.750198e+03
7293.7005 1.554613e+03 1.793701e+03
7294.9275 1.611554e+03 1.860717e+03
7296.1545 1.574394e+03 1.819099e+03
7297.3815 1.620942e+03 1.874206e+03
7298.6086 1.608038e+03 1.860597e+03
7299.8356 1.547574e+03 1.791898e+03
7301.0626 1.584419e+03 1.835849e+03
7302.2896 1.610409e+03 1.867272e+03
7303.5167 1.646100e+03 1.909992e+03
7304.7437 1.708088e+03 1.983302e+03
7305.9707 1.716049e+03 1.993933e+03
7307.1977 1.708383e+03 1.986404e+03
7308.4248 1.685057e+03 1.960641e+03
7309.6518 1.641992e+03 1.911853e+03
7310.8788 1.596858e+03 1.860582e+03
7312.1058 1.628586e+03 1.898854e+03
7313.3329 1.661412e+03 1.938455e+03
7314.5599 1.620418e+03 1.891916e+03
7315.7869 1.569666e+03 1.833907e+03
7317.0139 1.560750e+03 1.824726e+03
7318.2410 1.611024e+03 1.884775e+03
7319.4680 1.592815e+03 1.864727e+03
7320.6950 1.618572e+03 1.896150e+03
7321.9220 1.598637e+03 1.874046e+03
7323.1490 1.641877e+03 1.926015e+03
7324.3761 1.662009e+03 1.950921e+03
7325.6031 1.658146e+03 1.947668e+03
7326.8301 1.669640e+03 1.962455e+03
7328.0571 1.665961e+03 1.959408e+03
7329.2842 1.684631e+03 1.982653e+03
7330.5112 1.649180e+03 1.942185e+03
7331.7382 1.659845e+03 1.956000e+03
7332.9652 1.645080e+03 1.939839e+03
7334.1923 1.573495e+03 1.856606e+03
7335.4193 1.600660e+03 1.889850e+03
7336.6463 1.700527e+03 2.009020e+03
7337.8733 1.759893e+03 2.080453e+03
7339.1004 1.725270e+03 2.040787e+03
7340.3274 1.692781e+03 2.003588e+03
7341.5544 1.632188e+03 1.933051e+03
7342.7814 1.616661e+03 1.915823e+03
7344.0085 1.602011e+03 1.899606e+03
7345.2355 1.655418e+03 1.964108e+03
7346.4625 1.692969e+03 2.009854e+03
7347.6895 1.695012e+03 2.013462e+03
7348.9166 1.666261e+03 1.980466e+03
7350.1436 1.672333e+03 1.988833e+03
7351.3706 1.695991e+03 2.018126e+03
7352.5976 1.713274e+03 2.039850e+03
7353.8247 1.653564e+03 1.969868e+03
7355.0517 1.651301e+03 1.968271e+03
7356.2787 1.733930e+03 2.067902e+03
7357.5057 1.729143e+03 2.063320e+03
7358.7328 1.616198e+03 1.929591e+03
7359.9598 1.687917e+03 2.016297e+03
7361.1868 1.645115e+03 1.966208e+03
7362.4138 1.648639e+03 1.971452e+03
7363.6409 1.644281e+03 1.967258e+03
7364.8679 1.614680e+03 1.932830e+03
7366.0949 1.705534e+03 2.042616e+03
7367.3219 1.796970e+03 2.153196e+03
7368.5490 1.723574e+03 2.066266e+03
7369.7760 1.639615e+03 1.966567e+03
7371.0030 1.641161e+03 1.969363e+03
7372.2300 1.649783e+03 1.980643e+03
7373.4571 1.587657e+03 1.906942e+03
7374.6841 1.628894e+03 1.957366e+03
7375.9111 1.698738e+03 2.042214e+03
7377.1381 1.818713e+03 2.187413e+03
7378.3652 1.942176e+03 2.336922e+03
7379.5922 1.965290e+03 2.365744e+03
7380.8192 1.954014e+03 2.353156e+03
7382.0462 1.976958e+03 2.381768e+03
7383.2733 1.896519e+03 2.285779e+03
7384.5003 1.879689e+03 2.266391e+03
7385.7273 1.868930e+03 2.254291e+03
7386.9543 1.840763e+03 2.221156e+03
7388.1814 1.745530e+03 2.107023e+03
7389.4084 1.699735e+03 2.052485e+03
7390.6354 1.687445e+03 2.038363e+03
7391.8624 1.687493e+03 2.039123e+03
7393.0895 1.692772e+03 2.046186e+03
7394.3165 1.731376e+03 2.093531e+03
7395.5435 1.680218e+03 2.032314e+03
7396.7705 1.774774e+03 2.147343e+03
7397.9975 1.690016e+03 2.045399e+03
7399.2246 1.636846e+03 1.981618e+03
7400.4516 1.743179e+03 2.110934e+03
7401.6786 1.747018e+03 2.116149e+03
7402.9056 1.761504e+03 2.134245e+03
7404.1327 1.714271e+03 2.077529e+03
7405.3597 1.741558e+03 2.111099e+03
7406.5867 1.730461e+03 2.098121e+03
7407.8137 1.707949e+03 2.071272e+03
7409.0408 1.738386e+03 2.108615e+03
7410.2678 1.721064e+03 2.088008e+03
7411.4948 1.750267e+03 2.123824e+03
7412.7218 1.733464e+03 2.103795e+03
7413.9489 1.660252e+03 2.015264e+03
7415.1759 1.667249e+03 2.024056e+03
7416.4029 1.650194e+03 2.003625e+03
7417.6299 1.672582e+03 2.031060e+03
7418.8570 1.698791e+03 2.063118e+03
7420.0840 1.742827e+03 2.116811e+03
7421.3110 1.657630e+03 2.013510e+03
7422.5380 1.693829e+03 2.057634e+03
7423.7651 1.645808e+03 1.999425e+03
7424.9921 1.628876e+03 1.978955e+03
7426.2191 1.614666e+03 1.961763e+03
7427.4461 1.650201e+03 2.004985e+03
7428.6732 1.686259e+03 2.048817e+03
7429.9002 1.725172e+03 2.096091e+03
7431.1272 1.754468e+03 2.131651e+03
7432.3542 1.686302e+03 2.048769e+03
7433.5813 1.644333e+03 1.997691e+03
7434.8083 1.571050e+03 1.908550e+03
7436.0353 1.697836e+03 2.062423e+03
7437.2623 1.694194e+03 2.057821e+03
7438.4894 1.730599e+03 2.101828e+03
7439.7164 1.716788e+03 2.084813e+03
7440.9434 1.639520e+03 1.990720e+03
7442.1704 1.664885e+03 2.021224e+03
7443.3975 1.620150e+03 1.966598e+03
7444.6245 1.603758e+03 1.946358e+03
7445.8515 1.655380e+03 2.008622e+03
7447.0785 1.664207e+03 2.018913e+03
7448.3056 1.621791e+03 1.967017e+03
7449.5326 1.642840e+03 1.992070e+03
7450.7596 1.724352e+03 2.090375e+03
7451.9866 1.727189e+03 2.093243e+03
7453.2137 1.729185e+03 2.095058e+03
7454.4407 1.710546e+03 2.071842e+03
7455.6677 1.713691e+03 2.074982e+03
7456.8947 1.681049e+03 2.034767e+03
7458.1218 1.642059e+03 1.986864e+03
7459.3488 1.649941e+03 1.995653e+03
7460.5758 1.674079e+03 2.024055e+03
7461.8028 1.638383e+03 1.980085e+03
7463.0299 1.646672e+03 1.989252e+03
7464.2569 1.658386e+03 2.002509e+03
7465.4839 1.621753e+03 1.957365e+03
7466.7109 1.622186e+03 1.956941e+03
7467.9379 1.642111e+03 1.979985e+03
7469.1650 1.312567e+03 1.581811e+03
7470.3920 2.360471e+02 2.843135e+02
7471.6190 9.774987e+01 1.176717e+02
7472.8460 0.000000e+00 0.000000e+00
7474.0731 0.000000e+00 0.000000e+00
7475.3001 0.000000e+00 0.000000e+00
7476.5271 0.000000e+00 0.000000e+00
