# Wavelength in nm, Data in W / (nm m2)
wavelength data
328.75387237262885 2.500933587571801e-19
328.8159480781418 6.282557047812492e-19
328.8780237836547 9.904680897045558e-19
328.94009948916766 1.8752784630449513e-21
329.0021751946806 2.3659498803604884e-19
329.06425090019354 -2.0243459425099224e-19
329.1263266057065 7.692657479382198e-19
329.1884023112194 1.2306627605238392e-18
329.25047801673236 2.927815805951156e-19
329.3125537222453 4.039144509764054e-19
329.37462942775824 9.388585913205124e-19
329.4367051332712 1.4979709669411058e-18
329.4987808387841 1.478041308170861e-18
329.5608565442971 3.449177804489831e-19
329.62293224981005 1.472846419974826e-18
329.685007955323 -4.525741000642124e-19
329.7470836608359 -3.641089702018478e-19
329.80915936634887 3.0945397493192005e-19
329.8712350718618 2.031872659863262e-19
329.93331077737474 1.430933626956988e-18
329.9953864828877 1.3751246085781581e-18
330.0574621884006 -6.074855111347278e-19
330.1195378939136 1.021095353752824e-18
330.18161359942656 2.069438405330821e-18
330.2436893049395 -1.197709718556644e-18
330.30576501045243 -2.0693596691796232e-19
330.3678407159654 2.046349568080815e-18
330.4299164214783 3.810257749523783e-19
330.49199212699125 -3.5874198938027888e-19
330.5540678325042 1.6151994944412401e-18
330.6161435380171 1.6414038467959556e-18
330.67821924353007 1.1002173914629435e-18
330.740294949043 5.574349705872418e-19
330.80237065455594 1.852561885925866e-18
330.8644463600689 -9.220096655807539e-20
330.9265220655818 -4.092072509868156e-19
330.98859777109476 5.745272355844996e-19
331.0506734766077 2.8175367209370357e-18
331.11274918212064 -4.9066460344137e-19
331.1748248876336 -1.0550881941869776e-18
331.2369005931465 3.4414062093190654e-19
331.29897629865945 1.756339884916509e-18
331.3610520041724 3.254036394014211e-18
331.42312770968533 3.4201549961591696e-18
331.48520341519827 2.9820073978963173e-18
331.5472791207112 8.129260096056169e-20
331.60935482622415 2.0468391801838742e-18
331.6714305317371 1.743805815868054e-20
331.7335062372501 1.3422555678156516e-18
331.795581942763 1.4300990666433263e-18
331.85765764827596 4.608419617817678e-18
331.9197333537889 2.277840491892087e-18
331.98180905930184 2.3729113536582008e-20
332.0438847648148 4.924035210558702e-18
332.1059604703277 2.890705853895676e-18
332.16803617584065 3.981436498271572e-18
332.2301118813536 5.753986317552007e-18
332.2921875868666 3.758601289288544e-18
332.3542632923795 3.6530294145180896e-19
332.41633899789247 2.302363909524049e-18
332.4784147034054 1.8869046835695906e-18
332.54049040891834 5.500746020341808e-18
332.6025661144313 4.548902807017585e-18
332.6646418199442 9.929444291051394e-19
332.72671752545716 7.584108938328484e-19
332.7887932309701 1.6403498542348893e-18
332.85086893648304 -1.785756132210964e-19
332.912944641996 3.9899776689871754e-19
332.9750203475089 3.5650575659339485e-18
333.03709605302186 2.3860400647397123e-19
333.0991717585348 3.904909483053557e-18
333.16124746404773 4.585976844087318e-18
333.2233231695607 6.694629741941522e-18
333.2853988750736 -9.640695825619676e-19
333.34747458058655 4.370114898688847e-18
333.4095502860995 7.752141397222572e-18
333.4716259916124 3.860246627802335e-18
333.53370169712537 3.997586720029976e-18
333.5957774026383 2.5747965830427944e-18
333.65785310815124 7.252911186603246e-18
333.7199288136642 5.001851705606006e-18
333.7820045191771 5.238908055968264e-18
333.84408022469006 1.5208234440479698e-18
333.90615593020306 2.6762535569905906e-18
333.968231635716 -3.303288218107352e-18
334.03030734122893 2.9739385021026095e-18
334.0923830467419 9.630262259815895e-19
334.1544587522548 4.609956480408205e-19
334.21653445776775 3.5211892130921664e-19
334.2786101632807 1.7072609306397623e-18
334.3406858687936 -6.812199942538315e-19
334.40276157430657 1.7104610761037211e-18
334.46483727981956 9.818896671668624e-18
334.5269129853325 1.1150332525905214e-17
334.58898869084544 8.815202703535894e-18
334.6510643963584 3.639312519964036e-18
334.7131401018713 -5.60254448644892e-18
334.77521580738426 4.549816885151492e-18
334.8372915128972 8.772828916754214e-18
334.89936721841013 7.07236289287579e-19
334.9614429239231 1.1997448133759645e-17
335.023518629436 -4.14325319531423e-18
335.08559433494895 5.755431711103338e-18
335.1476700404619 1.119972922169641e-17
335.20974574597483 3.245264663074527e-19
335.27182145148777 -3.8040761564188266e-19
335.3338971570007 5.7924941776264076e-18
335.39597286251364 2.790972091242457e-18
335.4580485680266 8.730654075641455e-18
335.5201242735395 6.850966797498832e-19
335.58219997905246 1.8539925124509535e-18
335.6442756845654 1.497165789955545e-17
335.70635139007834 1.4608115834871586e-17
335.7684270955913 3.59150486442907e-18
335.8305028011042 1.357549981432316e-18
335.89257850661716 6.421745918357597e-18
335.9546542121301 -1.1433216696988776e-18
336.01672991764303 -7.46484076620017e-18
336.07880562315603 -1.080289662280752e-17
336.14088132866897 1.035271318537233e-17
336.2029570341819 9.382413920982809e-18
336.26503273969485 2.323853960079976e-18
336.3271084452078 8.304378077170086e-18
336.3891841507207 2.6742934840814685e-18
336.45125985623366 9.367806730512313e-18
336.5133355617466 6.089683974891339e-18
336.57541126725954 4.417396970589283e-18
336.63748697277254 9.147090010946613e-18
336.6995626782855 2.1847861591352215e-17
336.7616383837984 1.8761301315147232e-17
336.82371408931135 7.233780727248087e-18
336.8857897948243 4.512519407562195e-18
336.94786550033723 8.143116438957834e-18
337.00994120585017 5.6684858676040216e-18
337.0720169113631 3.6173620434318586e-18
337.13409261687605 3.878486020771858e-18
337.196168322389 8.009093680370441e-18
337.2582440279019 2.110814649372845e-18
337.32031973341486 1.5932313119136567e-18
337.3823954389278 1.0027011381473096e-17
337.44447114444074 9.10544425578538e-18
337.5065468499537 9.303066720277724e-18
337.5686225554666 -8.600314652513353e-19
337.63069826097956 6.535722619591075e-18
337.6927739664925 7.678372098705693e-18
337.75484967200543 1.2790443318764152e-18
337.8169253775184 2.5641199538780126e-18
337.8790010830313 1.1278314480558965e-17
337.94107678854425 9.048281472364248e-18
338.0031524940572 3.243306311718475e-18
338.06522819957013 6.5248142745780644e-18
338.12730390508307 7.865746861163502e-18
338.189379610596 6.290907656334906e-18
338.251455316109 3.078880207002414e-18
338.31353102162194 4.488088292364508e-18
338.3756067271349 8.913131709416892e-18
338.4376824326478 1.0307278902667117e-17
338.49975813816076 9.924919378664431e-18
338.5618338436737 2.2835470616411328e-18
338.62390954918664 8.105985133477154e-18
338.6859852546996 8.154658913215954e-18
338.7480609602125 1.8484236151842548e-17
338.8101366657255 1.3633888736826815e-17
338.87221237123845 2.9967429861347464e-18
338.9342880767514 4.7007418187960834e-18
338.9963637822643 1.1818880804591147e-18
339.05843948777726 1.0182061394933914e-17
339.1205151932902 5.140640978551697e-18
339.18259089880314 2.9315159825691766e-18
339.2446666043161 5.447608299383937e-18
339.306742309829 3.580148362122931e-18
339.36881801534196 1.1244576981979902e-17
339.4308937208549 1.6247442408254556e-17
339.49296942636784 -9.003131908992917e-19
339.5550451318808 5.875539677455831e-18
339.6171208373937 1.2477970211233955e-17
339.67919654290665 7.299498753334779e-18
339.7412722484196 8.23072601550302e-18
339.80334795393253 -2.8516656331885896e-18
339.86542365944547 2.8058290252439247e-18
339.9274993649584 7.593136586229125e-18
339.98957507047135 1.2231298334219604e-17
340.0516507759843 7.862048022819735e-18
340.1137264814972 5.890990948436943e-18
340.17580218701016 9.097717458566847e-18
340.2378778925231 1.6956876317512994e-17
340.29995359803604 7.327710563573239e-18
340.362029303549 1.300576936860735e-17
340.424105009062 1.125531817200939e-17
340.4861807145749 1.4551063916690263e-17
340.54825642008785 4.339662919152508e-18
340.6103321256008 9.828941392776839e-18
340.67240783111373 1.3320721671330943e-17
340.73448353662667 7.326223862336302e-18
340.7965592421396 1.344862403617454e-18
340.85863494765255 1.1597463704233626e-17
340.9207106531655 1.2447807229254874e-17
340.9827863586785 7.088191976432691e-18
341.0448620641914 3.1433337556231043e-18
341.10693776970436 4.494435314371255e-18
341.1690134752173 4.41327478998301e-18
341.23108918073024 4.871983120466823e-18
341.2931648862432 1.6070017374985766e-17
341.3552405917561 1.3123570511099307e-17
341.41731629726905 1.2390334601831637e-17
341.479392002782 1.0552776437945329e-17
341.54146770829493 1.5081457470317783e-17
341.60354341380787 8.072550936416522e-18
341.6656191193208 5.671148886830439e-18
341.72769482483375 8.16099525129224e-18
341.7897705303467 -6.28608553958725e-19
341.8518462358596 6.997569981195388e-18
341.91392194137256 8.094318463967336e-18
341.9759976468855 1.7485791846067646e-17
342.03807335239844 8.187332390557003e-18
342.1001490579114 1.1973081144989969e-17
342.1622247634243 8.529254467646298e-18
342.22430046893726 2.0517614957885097e-18
342.2863761744502 2.1421919359436946e-18
342.34845187996314 8.377216053376292e-18
342.4105275854761 -1.562344441360212e-18
342.472603290989 8.625209682138281e-18
342.53467899650195 1.1688304833240865e-17
342.59675470201495 7.946390832863745e-18
342.6588304075279 5.825846012611895e-18
342.7209061130408 5.994399987678745e-18
342.78298181855376 6.382937457728062e-18
342.8450575240667 9.565077614174072e-18
342.90713322957964 1.0198261593768252e-17
342.9692089350926 5.434013510087971e-18
343.0312846406055 1.2845456841996878e-17
343.09336034611846 4.1227192944306845e-18
343.15543605163145 8.852234531484737e-18
343.2175117571444 1.7052040770563906e-17
343.27958746265733 1.3305516843881302e-17
343.34166316817027 8.490817108459092e-18
343.4037388736832 1.629849814926356e-17
343.46581457919615 2.4070876513056187e-17
343.5278902847091 1.0969420614826075e-17
343.589965990222 3.889820924900218e-18
343.65204169573497 9.075056932147637e-18
343.7141174012479 5.720355763994845e-20
343.77619310676084 4.116597221699772e-18
343.8382688122738 1.4416351667253338e-17
343.9003445177867 6.226598662621849e-18
343.96242022329966 1.3687095330088023e-17
344.0244959288126 1.5651392669366136e-17
344.08657163432554 6.0139220801097294e-18
344.1486473398385 1.002343067198534e-17
344.2107230453514 1.2059641404169868e-17
344.27279875086435 1.6709808478426253e-17
344.3348744563773 1.0658241416457758e-17
344.39695016189023 1.5767812514452848e-17
344.45902586740317 1.932787949218386e-17
344.5211015729161 1.1199005301594332e-17
344.58317727842905 4.825759458833803e-18
344.645252983942 8.511513447767383e-19
344.7073286894549 1.0651096750632671e-17
344.7694043949679 1.0819596376884572e-17
344.83148010048086 1.762036029882652e-18
344.8935558059938 4.653378932616482e-18
344.95563151150674 1.0336166217435725e-17
345.0177072170197 1.4524764984974537e-17
345.0797829225326 1.3646243511011346e-17
345.14185862804555 1.3543122887419757e-17
345.2039343335585 1.4153137513741697e-17
345.26601003907143 -8.475017042301788e-19
345.3280857445844 5.735564726085811e-18
345.39016145009737 1.905639754160734e-17
345.4522371556103 2.0162404430136615e-17
345.51431286112324 1.5603375076099695e-17
345.5763885666362 8.84114170979055e-18
345.6384642721491 5.877998247197167e-18
345.70053997766206 1.1815438483160644e-17
345.762615683175 1.2646834776563411e-17
345.82469138868794 1.0286638859332241e-17
345.8867670942009 1.2529246697692415e-17
345.9488427997138 1.2852778430090888e-17
346.01091850522675 1.24525024427137e-17
346.0729942107397 4.053948509191809e-18
346.13506991625263 2.9576187969034227e-18
346.19714562176557 7.573387749491759e-18
346.2592213272785 6.364661805223784e-18
346.32129703279145 2.4140137104490694e-18
346.3833727383044 1.117541946670236e-17
346.4454484438173 1.3547440889393584e-17
346.50752414933027 1.5542882700681445e-17
346.5695998548432 1.3689176522286805e-17
346.63167556035614 1.2731778220564001e-18
346.6937512658691 5.118686071092364e-18
346.755826971382 1.3096590396075783e-17
346.81790267689496 1.4803828491716258e-17
346.8799783824079 3.9663059526934024e-18
346.9420540879209 8.73204069601111e-18
347.00412979343383 1.902192247819223e-17
347.0662054989468 1.3810511313272355e-17
347.1282812044597 1.1426345943181048e-17
347.19035690997265 2.0845442359153723e-17
347.2524326154856 9.065592113391906e-18
347.3145083209985 9.04522815899689e-18
347.37658402651147 1.5180652946851166e-17
347.4386597320244 6.840811554040498e-18
347.5007354375374 1.1917678895156768e-17
347.56281114305034 1.8497246603520568e-17
347.6248868485633 7.253362012438986e-18
347.6869625540762 5.18891659178691e-18
347.74903825958916 1.692117099152138e-17
347.8111139651021 2.317533146260212e-17
347.87318967061503 8.641750313502518e-18
347.935265376128 7.785148085834397e-18
347.9973410816409 1.3484125407610885e-17
348.05941678715385 1.3808466631085499e-17
348.1214924926668 1.0543382614138336e-17
348.1835681981797 1.1292874618518694e-17
348.24564390369267 8.984126620425486e-18
348.3077196092056 1.5759791230716948e-17
348.36979531471854 6.548932779041836e-18
348.4318710202315 -1.4200889761957293e-18
348.4939467257444 8.55720880209128e-18
348.55602243125736 1.2373607016350433e-17
348.6180981367703 9.334037658582028e-18
348.68017384228324 9.378489984502282e-18
348.7422495477962 1.0116994724384731e-17
348.8043252533091 6.068239289591283e-18
348.86640095882206 1.7853604160368205e-17
348.928476664335 1.062003416128246e-17
348.99055236984793 1.0105414495639132e-17
349.0526280753609 9.858130405784513e-18
349.11470378087387 1.1192395479994053e-17
349.1767794863868 1.8642352617089867e-17
349.23885519189975 5.779892296089777e-18
349.3009308974127 1.0154200189602556e-17
349.3630066029256 1.6781669806434007e-17
349.42508230843856 1.376294276933721e-17
349.4871580139515 1.1003575006507061e-17
349.54923371946444 1.1458544443431501e-17
349.6113094249774 1.2520325947498804e-17
349.6733851304904 1.1308701605358607e-17
349.7354608360033 5.853387411320631e-18
349.79753654151625 8.646098117155733e-18
349.8596122470292 8.378452072744239e-18
349.92168795254213 3.923116541943412e-18
349.98376365805507 8.114914868616982e-18
350.045839363568 7.145017089980847e-18
350.10791506908095 4.71040737352754e-18
350.1699907745939 8.476674225950931e-18
350.2320664801068 1.1145649379854261e-17
350.29414218561976 1.1744318845894358e-17
350.3562178911327 8.419811188773826e-18
350.41829359664564 8.957496681354003e-18
350.4803693021586 9.431518746672305e-18
350.5424450076715 8.824521876472425e-18
350.60452071318446 9.695561841665638e-18
350.6665964186974 1.1547742871475877e-17
350.72867212421033 1.124866183057254e-17
350.7907478297233 1.2357973905414909e-17
350.8528235352362 9.535289650829587e-18
350.91489924074915 5.525047019860645e-18
350.9769749462621 6.076511416149966e-18
351.039050651775 5.568204705703147e-18
351.10112635728797 7.783700081978977e-18
351.1632020628009 9.004343157768592e-18
351.22527776831384 1.0788069943790711e-17
351.28735347382684 1.2631778968429272e-17
351.3494291793398 7.639773923728047e-18
351.4115048848527 4.483857679413862e-18
351.47358059036566 8.024864334150445e-18
351.5356562958786 8.68133143647777e-18
351.59773200139153 7.961789188330783e-18
351.6598077069045 1.0769736109495273e-17
351.7218834124174 7.101818285406242e-18
351.78395911793035 8.769411224339618e-18
351.84603482344335 8.60769401222667e-18
351.9081105289563 1.2233296745966177e-17
351.9701862344692 1.5672732970689647e-17
352.03226193998216 8.437246405195004e-18
352.0943376454951 1.2468676657588523e-17
352.15641335100804 9.453984951583041e-18
352.218489056521 1.0763624607998093e-17
352.2805647620339 6.483056607877406e-18
352.34264046754686 6.949917166439368e-18
352.4047161730598 4.535901452923475e-18
352.46679187857274 3.960221764593214e-18
352.5288675840857 4.5487128999241604e-18
352.5909432895986 7.106900456506713e-18
352.65301899511155 6.7983342120349874e-18
352.7150947006245 5.683737838808601e-18
352.77717040613743 1.3085524043993747e-17
352.83924611165037 9.438385891415134e-18
352.9013218171633 1.222750997392672e-17
352.96339752267625 8.769380229659247e-18
353.0254732281892 5.814007105734271e-18
353.0875489337021 7.305803137647056e-18
353.14962463921506 1.0756591720070256e-17
353.211700344728 1.264032668416135e-17
353.27377605024094 5.130630593429165e-18
353.3358517557539 4.823272748054496e-18
353.3979274612668 2.6303863246626934e-18
353.4600031667798 7.962138289946894e-18
353.52207887229275 8.101506945249627e-18
353.5841545778057 1.0251588965585337e-17
353.64623028331863 8.877550082687951e-18
353.70830598883157 2.079570729193239e-18
353.7703816943445 4.182957455591376e-18
353.83245739985745 1.1704289244766396e-17
353.8945331053704 1.1062231564235637e-17
353.9566088108833 9.276464544903052e-18
354.0186845163963 7.279562068258571e-18
354.08076022190926 6.590519716082116e-18
354.1428359274222 8.465856204493592e-18
354.20491163293514 6.227291027037651e-18
354.2669873384481 5.36116524651839e-18
354.329063043961 6.0781052275955046e-18
354.39113874947395 6.11730517150521e-18
354.4532144549869 6.196893552297742e-18
354.51529016049983 8.090805158214418e-18
354.57736586601277 1.0966854994052041e-17
354.6394415715257 3.759013959097741e-18
354.70151727703865 7.481154048307863e-18
354.7635929825516 9.197208501164589e-18
354.8256686880645 9.153416841816948e-18
354.88774439357746 6.722347830232812e-18
354.9498200990904 5.704652342570825e-18
355.01189580460334 7.865784568178465e-18
355.0739715101163 9.911556371757447e-18
355.1360472156292 3.969450168987342e-18
355.19812292114216 5.376441239414012e-18
355.2601986266551 7.457734891730834e-18
355.32227433216804 9.32244286734456e-18
355.384350037681 6.899704387956818e-18
355.4464257431939 8.990105365786984e-18
355.50850144870685 8.56447989819611e-18
355.5705771542198 4.333911980347866e-18
355.6326528597328 2.3522493039629546e-18
355.6947285652457 5.227435784535252e-18
355.75680427075866 7.175118598528062e-18
355.8188799762716 8.647541682547421e-18
355.88095568178454 6.733048227550916e-18
355.9430313872975 6.801509933998188e-18
356.0051070928104 5.4347353397512946e-18
356.06718279832336 4.225394782074612e-18
356.1292585038363 4.915125591715427e-18
356.1913342093493 5.473422828154562e-18
356.25340991486223 6.1824598238823736e-18
356.31548562037517 6.263174742948787e-18
356.3775613258881 6.228121011106433e-18
356.43963703140105 7.112118458861465e-18
356.501712736914 5.694576890450736e-18
356.5637884424269 6.3514714363933884e-18
356.62586414793986 7.00514246461163e-18
356.6879398534528 6.0491691337895475e-18
356.75001555896574 3.967757927456357e-18
356.8120912644787 5.031823422476662e-18
356.8741669699916 8.05823042022883e-18
356.93624267550456 6.716339322633896e-18
356.9983183810175 4.5044755463874986e-18
357.06039408653044 6.324251562422729e-18
357.1224697920434 8.007886239690908e-18
357.1845454975563 4.7643597462017186e-18
357.24662120306925 5.1680758866150396e-18
357.3086969085822 7.899700190934323e-18
357.37077261409513 8.471405200153656e-18
357.43284831960807 5.9364943960540576e-18
357.494924025121 6.6567205086119246e-18
357.55699973063395 5.5798380360125065e-18
357.6190754361469 5.7650024092363344e-18
357.6811511416598 4.3809417564253525e-18
357.74322684717276 4.136544049422114e-18
357.80530255268576 5.8596603523978874e-18
357.8673782581987 4.744650055795953e-18
357.92945396371164 4.01655684191773e-18
357.9915296692246 3.3786723576111905e-18
358.0536053747375 3.2770044854840608e-18
358.11568108025045 4.734508158274713e-18
358.1777567857634 6.58940127689152e-18
358.23983249127633 5.063623263478168e-18
358.30190819678927 5.778069190494334e-18
358.36398390230227 6.8328218172189195e-18
358.4260596078152 6.871123055920506e-18
358.48813531332814 6.0998365614889585e-18
358.5502110188411 5.4909018193879365e-18
358.612286724354 6.2480434138963096e-18
358.67436242986696 6.0109717564224396e-18
358.7364381353799 6.501359564881436e-18
358.79851384089284 4.2959581887688816e-18
358.8605895464058 3.339004543075844e-18
358.9226652519187 7.319223307571397e-18
358.98474095743165 4.19553694401869e-18
359.0468166629446 4.7503022010921385e-18
359.10889236845753 5.065763975167067e-18
359.17096807397047 5.3800640953342605e-18
359.2330437794834 5.3477330196015755e-18
359.29511948499635 5.561938356313328e-18
359.3571951905093 5.158481046764906e-18
359.4192708960222 3.7301354911309496e-18
359.48134660153517 5.291369670134426e-18
359.5434223070481 6.7517868350049245e-18
359.60549801256104 5.9400800631495544e-18
359.667573718074 5.456197424735757e-18
359.7296494235869 4.9670112373454895e-18
359.79172512909986 4.61657938627171e-18
359.8538008346128 4.803467157274861e-18
359.91587654012574 4.857314001334493e-18
359.97795224563873 4.034617164007176e-18
360.04002795115167 3.1779488177602613e-18
360.1021036566646 4.2186943424202665e-18
360.16417936217755 5.82364864907398e-18
360.2262550676905 4.76883377582704e-18
360.2883307732034 6.799091809443398e-18
360.35040647871637 4.576081709059714e-18
360.4124821842293 4.4539123818266364e-18
360.47455788974224 5.267095646920001e-18
360.53663359525524 5.4495303547929864e-18
360.5987093007682 5.772191183610757e-18
360.6607850062811 4.926773258171092e-18
360.72286071179406 4.695328546099282e-18
360.784936417307 2.744520273687352e-18
360.84701212281993 4.33081161801145e-18
360.9090878283329 4.474468848845012e-18
360.9711635338458 4.923329322220161e-18
361.03323923935875 3.8078475064489785e-18
361.0953149448717 3.715009594005825e-18
361.1573906503846 3.621286127278834e-18
361.21946635589757 4.4303645188370566e-18
361.2815420614105 5.9194351069696105e-18
361.34361776692344 4.077716556086594e-18
361.4056934724364 3.8568616199266525e-18
361.4677691779493 3.486364281363482e-18
361.52984488346226 3.728807536710251e-18
361.5919205889752 4.525030723820201e-18
361.65399629448814 4.6836620197812265e-18
361.7160720000011 4.347017292970679e-18
361.778147705514 3.8924595365570874e-18
361.84022341102695 3.913793489622115e-18
361.9022991165399 4.010968362660122e-18
361.96437482205283 3.546682702319766e-18
362.02645052756577 4.063216310093668e-18
362.0885262330787 4.18257168647493e-18
362.1506019385917 2.861867133950498e-18
362.21267764410464 3.6726314289223105e-18
362.2747533496176 4.302302434297197e-18
362.3368290551305 3.032635454739837e-18
362.39890476064346 4.3166653162823265e-18
362.4609804661564 3.505840751095717e-18
362.52305617166934 2.67342786918015e-18
362.5851318771823 3.769707350612444e-18
362.6472075826952 4.275063319083225e-18
362.7092832882082 3.802710472203497e-18
362.77135899372115 3.7795539417691364e-18
362.8334346992341 5.2881769465580816e-18
362.89551040474703 5.196626966390752e-18
362.95758611025997 3.9416994672076206e-18
363.0196618157729 3.0681468524786894e-18
363.08173752128585 3.498331700038199e-18
363.1438132267988 4.457237830752778e-18
363.2058889323117 4.895835646594321e-18
363.26796463782466 4.9463783231430525e-18
363.3300403433376 3.468273866655973e-18
363.39211604885054 4.371560477443402e-18
363.4541917543635 4.051134346423454e-18
363.5162674598764 3.882755510090548e-18
363.57834316538936 2.9977061190210045e-18
363.6404188709023 3.706107358080033e-18
363.70249457641523 4.574289331541636e-18
363.7645702819282 4.0677512733245396e-18
363.8266459874411 2.7159179591336625e-18
363.88872169295405 3.761966367431765e-18
363.950797398467 3.6727298192032815e-18
364.0128731039799 3.671682210063561e-18
364.07494880949287 3.816674919737571e-18
364.1370245150058 3.621080275359305e-18
364.19910022051874 5.785441149004426e-18
364.2611759260317 4.8261296584352806e-18
364.3232516315447 4.959999174412887e-18
364.3853273370576 5.158007137873116e-18
364.44740304257056 4.221905434529218e-18
364.5094787480835 4.265450287755319e-18
364.57155445359643 4.397848125989566e-18
364.6336301591094 5.406581175119047e-18
364.6957058646223 3.9688322973327976e-18
364.75778157013525 5.354810850498872e-18
364.8198572756482 3.746597827945088e-18
364.8819329811612 3.762157192251171e-18
364.9440086866741 4.0429032277658505e-18
365.00608439218706 3.808891163956537e-18
365.0681600977 3.7448119562510975e-18
365.13023580321294 3.6894377043079895e-18
365.1923115087259 3.749416480018711e-18
365.2543872142388 3.658396462278307e-18
365.31646291975176 3.7116802642293375e-18
365.3785386252647 3.2048423454076615e-18
365.44061433077763 3.9335198768539526e-18
365.5026900362906 4.4696309569203814e-18
365.5647657418035 3.285891041490728e-18
365.62684144731645 2.9708175409089976e-18
365.6889171528294 3.1596581293826328e-18
365.75099285834233 1.7338311463523379e-18
365.81306856385527 3.519907677380102e-18
365.8751442693682 4.0991192888934275e-18
365.93721997488115 3.925329530209552e-18
365.9992956803941 4.698157311333564e-18
366.061371385907 3.901633478891855e-18
366.12344709141996 3.774307389048324e-18
366.1855227969329 3.6152179876092904e-18
366.24759850244584 3.76382920111135e-18
366.3096742079588 4.049163180786436e-18
366.3717499134717 3.4335563409486144e-18
366.43382561898466 3.305077807807988e-18
366.49590132449765 4.088474721210132e-18
366.5579770300106 4.24288893670115e-18
366.62005273552353 3.81647940752642e-18
366.68212844103647 3.2162222590623106e-18
366.7442041465494 4.4604043608856596e-18
366.80627985206235 4.2094999661687354e-18
366.8683555575753 3.633178983311657e-18
366.9304312630882 3.879843259875746e-18
366.99250696860116 3.449437799439868e-18
367.05458267411416 4.124308737195916e-18
367.1166583796271 5.27137866206971e-18
367.17873408514004 3.9523458157999055e-18
367.240809790653 3.532138253392881e-18
367.3028854961659 3.237269958036348e-18
367.36496120167885 4.7914107322553616e-18
367.4270369071918 4.151254516050058e-18
367.48911261270473 3.1997050909977677e-18
367.55118831821767 3.3594931711182066e-18
367.6132640237306 4.318282460856353e-18
367.67533972924355 4.333611198379304e-18
367.7374154347565 3.71246988752342e-18
367.7994911402694 3.720328673350385e-18
367.86156684578236 3.695177404254255e-18
367.9236425512953 3.504115828961801e-18
367.98571825680824 3.8265123370058784e-18
368.0477939623212 3.3228294000450756e-18
368.1098696678341 3.841791379563275e-18
368.17194537334706 3.5185502300832866e-18
368.23402107886 3.470863275938171e-18
368.29609678437293 4.1445967792692856e-18
368.3581724898859 3.478798318850719e-18
368.4202481953988 3.2514517868165056e-18
368.48232390091175 3.5482336816593576e-18
368.5443996064247 3.658187506991053e-18
368.60647531193763 4.0711185495406e-18
368.6685510174506 4.13961325674034e-18
368.73062672296356 3.271508570307254e-18
368.7927024284765 3.281246236678009e-18
368.85477813398944 4.4994885252524445e-18
368.9168538395024 3.8916227596515755e-18
368.9789295450153 4.189959489689637e-18
369.04100525052826 3.816161207696688e-18
369.1030809560412 4.256389908233436e-18
369.16515666155414 4.39524025996438e-18
369.22723236706713 3.661513180309271e-18
369.28930807258007 4.172794988407905e-18
369.351383778093 3.549623289728079e-18
369.41345948360595 3.239572223838084e-18
369.4755351891189 3.3087331314293537e-18
369.5376108946318 3.1754419368778163e-18
369.59968660014476 3.868947076677779e-18
369.6617623056577 3.568301616147714e-18
369.72383801117064 3.606679361255075e-18
369.7859137166836 3.4671511465626286e-18
369.8479894221965 3.525000426093753e-18
369.91006512770946 3.4627822766752706e-18
369.9721408332224 3.25318261400962e-18
370.03421653873534 3.717231020579816e-18
370.0962922442483 3.839818210701527e-18
370.1583679497612 3.2946900823430976e-18
370.22044365527415 3.790028269975324e-18
370.2825193607871 4.5020469975088895e-18
370.34459506630003 3.513634212155049e-18
370.40667077181297 3.06161722998759e-18
370.4687464773259 3.1393278805403465e-18
370.53082218283885 3.811514386706122e-18
370.5928978883518 4.318856640948735e-18
370.6549735938647 3.9013898059482994e-18
370.71704929937766 2.9917922974963383e-18
370.7791250048906 3.568467865516372e-18
370.8412007104036 4.256207125388071e-18
370.90327641591654 3.875280743873506e-18
370.9653521214295 4.0234060098585556e-18
371.0274278269424 4.122194767989223e-18
371.08950353245535 3.518511251544243e-18
371.1515792379683 3.960359248033539e-18
371.21365494348123 4.03787712805729e-18
371.27573064899417 3.9828280356452196e-18
371.3378063545071 3.2603698415445268e-18
371.3998820600201 3.366578483607848e-18
371.46195776553304 4.545711743855004e-18
371.524033471046 3.821563807161673e-18
371.5861091765589 3.8346048973804316e-18
371.64818488207186 4.250863246362565e-18
371.7102605875848 4.360960217902082e-18
371.77233629309774 3.852167069771945e-18
371.8344119986107 3.5435983968456955e-18
371.8964877041236 3.82083303861988e-18
371.95856340963655 3.776706108406697e-18
372.0206391151495 3.930668012304145e-18
372.08271482066243 4.44871661364292e-18
372.14479052617537 4.1830769956727676e-18
372.2068662316883 3.3379227019589905e-18
372.26894193720125 3.595526756772379e-18
372.3310176427142 3.867870047200214e-18
372.3930933482271 4.209403079219912e-18
372.45516905374006 4.401459445550589e-18
372.517244759253 3.5912775360647874e-18
372.57932046476594 3.88230356553274e-18
372.6413961702789 3.938670153890114e-18
372.7034718757918 3.826429176887507e-18
372.76554758130476 3.151242798351584e-18
372.8276232868177 3.892673451691374e-18
372.88969899233064 4.224189718627314e-18
372.9517746978436 3.826578025100153e-18
373.01385040335657 3.985014130585981e-18
373.0759261088695 3.8962876279916386e-18
373.13800181438245 3.5004600784902806e-18
373.2000775198954 3.1232700248661428e-18
373.2621532254083 3.680459023540005e-18
373.32422893092127 3.830113709512128e-18
373.3863046364342 3.6791899125441505e-18
373.44838034194714 3.3753016399011517e-18
373.5104560474601 4.242913930341952e-18
373.5725317529731 3.979699057635803e-18
373.634607458486 3.683310114372451e-18
373.69668316399896 3.6518090803298165e-18
373.7587588695119 4.626151067778279e-18
373.82083457502483 4.993314667531407e-18
373.88291028053777 4.8313171209025896e-18
373.9449859860507 4.642315569006997e-18
374.00706169156365 3.827361318066133e-18
374.0691373970766 3.7817216518258646e-18
374.1312131025895 3.591078264149963e-18
374.19328880810247 3.4821655497824885e-18
374.2553645136154 4.335597604830243e-18
374.31744021912834 5.227202380538288e-18
374.3795159246413 4.411907657273682e-18
374.4415916301542 3.966435699744445e-18
374.50366733566716 3.711561689328308e-18
374.5657430411801 3.69810585698457e-18
374.62781874669304 4.216431995001068e-18
374.689894452206 4.542052598828056e-18
374.7519701577189 4.585038592085466e-18
374.81404586323185 5.176015474760846e-18
374.8761215687448 4.031950035857961e-18
374.93819727425773 3.9808646671613304e-18
375.00027297977067 4.216908033465064e-18
375.0623486852836 3.923015943399747e-18
375.12442439079655 4.0308830887592e-18
375.18650009630954 4.0402872270678825e-18
375.2485758018225 4.672784631322974e-18
375.3106515073354 3.995175043204644e-18
375.37272721284836 3.839096941950912e-18
375.4348029183613 4.4506852194948894e-18
375.49687862387424 4.404399143794038e-18
375.5589543293872 4.372904250074404e-18
375.6210300349001 4.195809962519318e-18
375.68310574041305 4.0911302040445374e-18
375.74518144592605 4.285283358642863e-18
375.807257151439 4.8488042613910465e-18
375.8693328569519 3.993666772182635e-18
375.93140856246487 4.09305556244126e-18
375.9934842679778 4.4353171957510396e-18
376.05555997349074 4.220261163207586e-18
376.1176356790037 4.788422747662781e-18
376.1797113845166 4.5164128174318375e-18
376.24178709002956 4.3284769639236445e-18
376.3038627955425 4.320784263761535e-18
376.36593850105544 4.617356969927267e-18
376.4280142065684 4.386870438870757e-18
376.4900899120813 4.682685289317509e-18
376.55216561759426 4.418207834957852e-18
376.6142413231072 4.145848823384906e-18
376.67631702862013 4.404410728080625e-18
376.7383927341331 4.078004277637668e-18
376.800468439646 3.604270430284371e-18
376.86254414515895 4.356474968000619e-18
376.9246198506719 4.5042827512980455e-18
376.9866955561848 4.085754512832821e-18
377.04877126169777 4.342186586128646e-18
377.1108469672107 4.762719096369673e-18
377.17292267272364 5.325403141208668e-18
377.2349983782366 4.9180564861844476e-18
377.2970740837495 4.24200417635501e-18
377.3591497892625 4.3021934650054695e-18
377.42122549477546 4.6502709745831544e-18
377.4833012002884 4.325117476553394e-18
377.54537690580133 4.243858950335217e-18
377.6074526113143 4.695824655015236e-18
377.6695283168272 4.204858858868147e-18
377.73160402234015 3.978264098330985e-18
377.7936797278531 4.427466633652939e-18
377.855755433366 4.070486939064702e-18
377.917831138879 4.6605405375141804e-18
377.97990684439196 4.7333576140384525e-18
378.0419825499049 4.445905699914857e-18
378.10405825541784 5.175432608419296e-18
378.1661339609308 4.854517310661012e-18
378.2282096664437 4.374847635309853e-18
378.29028537195666 3.83351725973633e-18
378.3523610774696 4.071925118995785e-18
378.41443678298253 4.834966769696336e-18
378.4765124884955 4.5873973864110566e-18
378.5385881940084 5.0141622146772425e-18
378.60066389952135 5.3373922714823135e-18
378.6627396050343 4.813613880400065e-18
378.7248153105472 4.457851339785665e-18
378.78689101606017 4.9459856675463624e-18
378.8489667215731 4.691732550056621e-18
378.91104242708604 4.202035663498783e-18
378.973118132599 4.548707343736037e-18
379.0351938381119 4.589866783868234e-18
379.09726954362486 4.590881618559047e-18
379.1593452491378 4.8846232640825045e-18
379.22142095465074 4.7612415001141956e-18
379.2834966601637 4.518905872416798e-18
379.3455723656766 4.588065848005746e-18
379.40764807118956 4.3833546683151514e-18
379.4697237767025 4.5888218923084954e-18
379.5317994822155 5.074866756903965e-18
379.59387518772843 4.647830973358437e-18
379.65595089324137 4.341789315566934e-18
379.7180265987543 4.4248875883549515e-18
379.78010230426725 4.566810125724364e-18
379.8421780097802 4.414059965093157e-18
379.9042537152931 4.573020541566256e-18
379.96632942080606 4.3940206472666106e-18
380.028405126319 4.545174091575705e-18
380.090480831832 4.674452412855377e-18
380.15255653734494 4.176640501272776e-18
380.2146322428579 4.85512549754965e-18
380.2767079483708 4.3228781509195554e-18
380.33878365388375 4.709570428696183e-18
380.4008593593967 4.981918685838897e-18
380.46293506490963 5.0323946557567985e-18
380.52501077042257 4.169894221997747e-18
380.5870864759355 4.613207048343007e-18
380.64916218144845 4.33276519833483e-18
380.7112378869614 4.838580494307562e-18
380.7733135924743 4.67471700008728e-18
380.83538929798726 4.8997978764741815e-18
380.8974650035002 5.2097796459062784e-18
380.95954070901314 5.187589707515832e-18
381.0216164145261 4.628002435337523e-18
381.083692120039 4.9051640648319555e-18
381.14576782555196 5.2818470316213685e-18
381.2078435310649 4.538261554135358e-18
381.26991923657783 4.522869479721932e-18
381.3319949420908 4.968617039825429e-18
381.3940706476037 4.801368474414711e-18
381.45614635311665 5.16242388252678e-18
381.5182220586296 5.010131736659925e-18
381.58029776414253 4.709737272283966e-18
381.64237346965547 5.005466297400649e-18
381.70444917516846 4.96563565774131e-18
381.7665248806814 4.940249331866764e-18
381.82860058619434 4.831983998908604e-18
381.8906762917073 5.0230730140940516e-18
381.9527519972202 4.499528723747653e-18
382.01482770273316 4.210183126357234e-18
382.0769034082461 4.604280663529357e-18
382.13897911375904 5.01151933252618e-18
382.201054819272 4.884584429615174e-18
382.26313052478497 4.6814606936704276e-18
382.3252062302979 4.764024016088683e-18
382.38728193581085 5.2066097672091554e-18
382.4493576413238 4.7724004825677154e-18
382.5114333468367 4.788767081810079e-18
382.57350905234966 5.1686073190402454e-18
382.6355847578626 4.920559136876257e-18
382.69766046337554 5.068016289876819e-18
382.7597361688885 5.546647407638576e-18
382.8218118744014 5.339175877902509e-18
382.88388757991436 5.163754962830318e-18
382.9459632854273 5.214874811645071e-18
383.00803899094024 5.1718849367391345e-18
383.0701146964532 5.14887929023506e-18
383.1321904019661 5.5425854033341774e-18
383.19426610747905 5.2871073511985306e-18
383.256341812992 5.2035590040997076e-18
383.31841751850493 4.959585951688364e-18
383.38049322401787 4.939029100738394e-18
383.4425689295308 5.047631800679105e-18
383.50464463504375 5.1602611163460735e-18
383.5667203405567 5.182957503859062e-18
383.6287960460696 5.51145376377349e-18
383.69087175158256 4.800519213636349e-18
383.7529474570955 5.030910883336403e-18
383.81502316260844 5.114391301294031e-18
383.87709886812144 5.054278963626194e-18
383.9391745736344 5.457093296386487e-18
384.0012502791473 5.3931774742858e-18
384.06332598466025 5.090353323974052e-18
384.1254016901732 4.901063145338581e-18
384.18747739568613 5.098407285936478e-18
384.24955310119907 5.502836353709931e-18
384.311628806712 5.4811687695943866e-18
384.37370451222495 5.251744057107193e-18
384.43578021773794 5.0238502565920144e-18
384.4978559232509 4.970543451569349e-18
384.5599316287638 4.987536276312354e-18
384.62200733427676 4.9077901562188936e-18
384.6840830397897 5.307601127410242e-18
384.74615874530264 5.507062246531704e-18
384.8082344508156 5.128148023512949e-18
384.8703101563285 5.585938841982336e-18
384.93238586184145 5.4788166423571534e-18
384.9944615673544 5.513730309999141e-18
385.05653727286733 6.0338809149348875e-18
385.11861297838027 6.385805766156759e-18
385.1806886838932 6.770296535183927e-18
385.24276438940615 7.813537152308814e-18
385.3048400949191 7.946909911958006e-18
385.366915800432 8.874889786076771e-18
385.42899150594496 9.488789091210331e-18
385.4910672114579 1.0513358232864014e-17
385.55314291697084 1.1218913763547005e-17
385.6152186224838 1.0883464325261843e-17
385.6772943279967 1.0303498232658186e-17
385.73937003350966 9.996998847104035e-18
385.8014457390226 9.458357011967444e-18
385.86352144453554 8.050141196602562e-18
385.9255971500485 7.529259284010332e-18
385.9876728555614 7.289312128768023e-18
386.0497485610744 6.447401453904576e-18
386.11182426658735 5.655834564547747e-18
386.1738999721003 5.2985876811512646e-18
386.2359756776132 5.479215442349732e-18
386.29805138312616 5.101002267122721e-18
386.3601270886391 4.784495454950067e-18
386.42220279415204 5.465651928249154e-18
386.484278499665 5.3036519995051085e-18
386.5463542051779 5.213802291992647e-18
386.6084299106909 5.684196076553576e-18
386.67050561620385 5.038473573789837e-18
386.7325813217168 4.850459216395055e-18
386.79465702722973 5.2171129175274785e-18
386.85673273274267 5.425535448160784e-18
386.9188084382556 5.180467964357614e-18
386.98088414376855 4.8848318383745325e-18
387.0429598492815 4.948458279166741e-18
387.1050355547944 4.999402814592891e-18
387.16711126030737 5.269308581064537e-18
387.2291869658203 5.489706450749273e-18
387.29126267133324 5.3672909557148915e-18
387.3533383768462 5.2595941304313606e-18
387.4154140823591 5.0569373240551775e-18
387.47748978787206 5.007779362105384e-18
387.539565493385 5.018358531531439e-18
387.60164119889794 5.15298736019136e-18
387.6637169044109 5.540103359243216e-18
387.7257926099238 5.3020572530461434e-18
387.78786831543675 5.446555195682415e-18
387.8499440209497 5.5013573876539695e-18
387.91201972646263 5.247665639124635e-18
387.97409543197557 5.6270063370746815e-18
388.0361711374885 5.0357198802084066e-18
388.09824684300145 5.230202905417105e-18
388.1603225485144 5.515476801237232e-18
388.2223982540274 4.9907469530934556e-18
388.2844739595403 5.116710703882596e-18
388.34654966505326 4.952588357648305e-18
388.4086253705662 4.755077364145703e-18
388.47070107607914 5.402012193264752e-18
388.5327767815921 5.568444433197681e-18
388.594852487105 5.5774420332711635e-18
388.65692819261795 5.150432800115222e-18
388.7190038981309 5.028949634919585e-18
388.7810796036439 5.431304972258708e-18
388.8431553091568 5.187051044286403e-18
388.90523101466977 5.398330575839424e-18
388.9673067201827 5.424804946002108e-18
389.02938242569564 5.070567639181851e-18
389.0914581312086 4.752569741599631e-18
389.1535338367215 5.006806135769051e-18
389.21560954223446 5.1323741131007615e-18
389.2776852477474 5.2895569195639736e-18
389.33976095326034 5.2201137661835565e-18
389.4018366587733 5.188754045339783e-18
389.4639123642862 4.862030023026779e-18
389.52598806979915 4.9090897096317745e-18
389.5880637753121 4.986702281106769e-18
389.65013948082503 5.1046856353989884e-18
389.71221518633797 5.056705892386616e-18
389.7742908918509 5.161748424826427e-18
389.83636659736385 4.96077541166569e-18
389.8984423028768 5.067634170758094e-18
389.9605180083897 5.551843810256288e-18
390.02259371390267 5.566881245847407e-18
390.0846694194156 5.811872115083068e-18
390.14674512492854 5.611030461646521e-18
390.2088208304415 5.422830463938324e-18
390.2708965359544 5.566983187335964e-18
390.33297224146736 5.3261240209043675e-18
390.39504794698036 5.323085803241659e-18
390.4571236524933 5.318042731886472e-18
390.51919935800623 5.4439542573937615e-18
390.5812750635192 4.923877547734743e-18
390.6433507690321 5.101769483296764e-18
390.70542647454505 5.064979981870461e-18
390.767502180058 5.427060612400428e-18
390.8295778855709 5.565688192788639e-18
390.89165359108387 5.217206606391644e-18
390.95372929659686 5.150653023550098e-18
391.0158050021098 5.1567818459667305e-18
391.07788070762274 5.026856126305433e-18
391.1399564131357 5.0683958711568055e-18
391.2020321186486 4.91794968050167e-18
391.26410782416156 4.884533312975476e-18
391.3261835296745 5.078079506266722e-18
391.38825923518743 5.348098122093387e-18
391.4503349407004 5.2724004113041494e-18
391.5124106462133 5.2515310912309074e-18
391.57448635172625 4.941306714453396e-18
391.6365620572392 5.41553738223953e-18
391.6986377627521 5.332306805292239e-18
391.76071346826507 5.474601903622044e-18
391.822789173778 5.3735255955272945e-18
391.88486487929094 5.296616263681238e-18
391.9469405848039 5.454169363563539e-18
392.0090162903168 5.707223214459303e-18
392.07109199582976 5.498385158634788e-18
392.1331677013427 5.431152296532199e-18
392.19524340685564 5.654629096862952e-18
392.2573191123686 5.52887722434684e-18
392.3193948178815 5.544973396227871e-18
392.38147052339446 4.986064599737808e-18
392.44354622890745 5.154783085078179e-18
392.5056219344204 5.4690978071097836e-18
392.56769763993333 5.413068386399255e-18
392.62977334544627 5.464624970577532e-18
392.6918490509592 5.524354016627249e-18
392.75392475647214 6.033270375733676e-18
392.8160004619851 5.752951829145585e-18
392.878076167498 5.606540261824393e-18
392.94015187301096 5.843376800526611e-18
393.0022275785239 5.571524622478702e-18
393.06430328403684 5.659101142460076e-18
393.1263789895498 5.502974471547102e-18
393.1884546950627 5.595138381942079e-18
393.2505304005757 5.457301874500856e-18
393.31260610608865 5.286642327738194e-18
393.3746818116016 5.2094000880514095e-18
393.43675751711453 5.1475139358807415e-18
393.49883322262747 4.876196854579411e-18
393.5609089281404 4.7879669744664655e-18
393.62298463365335 4.8725273311156274e-18
393.6850603391663 4.831635520681907e-18
393.7471360446792 5.0801580703121075e-18
393.80921175019216 5.226350168944459e-18
393.8712874557051 5.104667199868531e-18
393.93336316121804 5.1001464379436405e-18
393.995438866731 5.3312243821468795e-18
394.0575145722439 5.290558908785526e-18
394.11959027775686 5.642532401077486e-18
394.1816659832698 5.618831617540209e-18
394.24374168878273 5.700282815235938e-18
394.3058173942957 5.567637516166566e-18
394.3678930998086 5.2381010833832465e-18
394.42996880532155 5.233260849788697e-18
394.4920445108345 5.266692330676626e-18
394.5541202163474 5.3322369486569376e-18
394.6161959218604 5.483470668061244e-18
394.67827162737336 5.458399446860086e-18
394.7403473328863 5.668561526390856e-18
394.80242303839924 5.503546552161292e-18
394.8644987439122 5.480534932952735e-18
394.9265744494251 5.725007667112798e-18
394.98865015493806 5.534793543577567e-18
395.050725860451 5.467197184341339e-18
395.11280156596393 5.565451391107735e-18
395.1748772714769 5.6628231990574545e-18
395.2369529769898 5.560578985264864e-18
395.29902868250275 5.119069571916859e-18
395.3611043880157 5.015286497755681e-18
395.4231800935287 5.6532247593801924e-18
395.4852557990416 5.459137559252197e-18
395.54733150455456 5.339498330102556e-18
395.6094072100675 5.268517911584885e-18
395.67148291558044 5.4112685997233936e-18
395.7335586210934 5.17979821080274e-18
395.7956343266063 5.156864317478533e-18
395.85771003211926 5.138713209058821e-18
395.9197857376322 5.3821947025390045e-18
395.98186144314514 5.372361801606978e-18
396.0439371486581 5.314556043702709e-18
396.106012854171 5.549549671830331e-18
396.16808855968395 5.348348409486122e-18
396.2301642651969 5.290346456856692e-18
396.29223997070983 5.438182776149005e-18
396.35431567622277 5.448069608437065e-18
396.4163913817357 5.476439338060584e-18
396.47846708724865 5.608791660833365e-18
396.5405427927616 5.786442591484039e-18
396.6026184982745 6.1760628591866584e-18
396.66469420378746 5.938398188950539e-18
396.7267699093004 5.477315489080625e-18
396.7888456148134 5.611457435260222e-18
396.85092132032634 5.2681452060656426e-18
396.9129970258393 5.28204087977695e-18
396.9750727313522 5.467333125886893e-18
397.03714843686515 5.5024518052458365e-18
397.0992241423781 5.38090972450037e-18
397.16129984789103 5.1479678022171344e-18
397.22337555340397 5.148703851784797e-18
397.2854512589169 5.2379022819314614e-18
397.34752696442985 5.343074568595257e-18
397.4096026699428 5.414218244471492e-18
397.4716783754557 5.273840217464213e-18
397.53375408096866 5.3658836439215304e-18
397.59582978648166 5.6322565630862914e-18
397.6579054919946 5.501709137227565e-18
397.71998119750754 5.223886637544735e-18
397.7820569030205 5.074891781792003e-18
397.8441326085334 5.317233339768347e-18
397.90620831404635 5.361980517346656e-18
397.9682840195593 5.483536203936849e-18
398.03035972507223 5.4529608836713515e-18
398.09243543058517 5.452104924549322e-18
398.1545111360981 5.5230835982547696e-18
398.21658684161105 5.449572665413695e-18
398.278662547124 5.53335410711708e-18
398.3407382526369 5.205323804873993e-18
398.40281395814986 5.3653207790295464e-18
398.4648896636628 5.680658750216677e-18
398.52696536917574 5.471428730767989e-18
398.5890410746887 5.463882364638279e-18
398.6511167802016 5.222391907691992e-18
398.71319248571456 5.375225303538417e-18
398.7752681912275 5.6509130745054815e-18
398.83734389674044 5.268151448546417e-18
398.8994196022534 5.3416042266089414e-18
398.96149530776637 5.328413334780003e-18
399.0235710132793 5.528955409617128e-18
399.08564671879225 5.452569345684933e-18
399.1477224243052 5.145069480328309e-18
399.2097981298181 5.253964989607299e-18
399.27187383533106 5.2167488444486474e-18
399.333949540844 5.434385368061377e-18
399.39602524635694 5.256574465372067e-18
399.4581009518699 5.2289481001078814e-18
399.5201766573828 5.269656894295251e-18
399.58225236289576 5.1483398937662415e-18
399.6443280684087 5.265981840095203e-18
399.70640377392164 5.4104254092261616e-18
399.76847947943463 5.4155237698570116e-18
399.83055518494757 5.6887825801967546e-18
399.8926308904605 6.650241509214572e-18
399.95470659597345 7.570060787991564e-18
400.0167823014864 8.660259177293863e-18
400.0788580069993 9.347955181634891e-18
400.14093371251226 9.974025899742496e-18
400.2030094180252 1.0133384290433593e-17
400.26508512353814 9.469540614255667e-18
400.3271608290511 9.297888973858322e-18
400.389236534564 8.957842113035808e-18
400.45131224007696 8.12093265836141e-18
400.5133879455899 7.15829185571728e-18
400.57546365110284 6.0009746196988595e-18
400.6375393566158 5.304094075912316e-18
400.6996150621287 5.1009493316124406e-18
400.76169076764165 5.286607633274368e-18
400.8237664731546 5.2363182053944305e-18
400.88584217866753 5.259257978416967e-18
400.94791788418047 5.205105459810743e-18
401.0099935896934 5.222985249045448e-18
401.07206929520635 5.0474438127136836e-18
401.13414500071934 5.120594284091967e-18
401.1962207062323 5.297698594156406e-18
401.2582964117452 5.074534745933721e-18
401.32037211725816 5.106607517500072e-18
401.3824478227711 5.2209896268442336e-18
401.44452352828404 5.2108995725173006e-18
401.506599233797 5.120109369730315e-18
401.5686749393099 5.1030505197448816e-18
401.63075064482285 5.353140063540396e-18
401.6928263503358 4.9351256071701304e-18
401.75490205584873 4.895546744561638e-18
401.81697776136167 5.141556886038886e-18
401.8790534668746 5.0659129773667424e-18
401.9411291723876 5.456412307274291e-18
402.00320487790054 5.833445326763197e-18
402.0652805834135 6.05572718110106e-18
402.1273562889264 6.338813379339631e-18
402.18943199443936 6.6255603234944914e-18
402.2515076999523 6.798325036712166e-18
402.31358340546524 6.649519538031328e-18
402.3756591109782 6.3946826114565315e-18
402.4377348164911 6.319810503929037e-18
402.49981052200405 5.908304432474321e-18
402.561886227517 5.7934538391118655e-18
402.62396193302993 5.376056543786778e-18
402.68603763854287 5.241434327371573e-18
402.7481133440558 5.1736510998456646e-18
402.81018904956875 5.1023364462646665e-18
402.8722647550817 4.990167802252798e-18
402.9343404605946 5.1391669957319924e-18
402.99641616610757 5.104953440069967e-18
403.0584918716205 4.950590409104093e-18
403.12056757713344 4.994449792584414e-18
403.1826432826464 5.290413435030478e-18
403.2447189881593 5.01951753714754e-18
403.3067946936723 4.7029065116796224e-18
403.36887039918525 5.173769413609369e-18
403.4309461046982 4.998476150391775e-18
403.49302181021113 5.022679305225145e-18
403.55509751572407 4.926519022422421e-18
403.617173221237 5.15615848532252e-18
403.67924892674995 5.086369105025903e-18
403.7413246322629 5.0790134383328195e-18
403.8034003377758 4.982958834070764e-18
403.86547604328877 5.082052740735187e-18
403.9275517488017 5.0613542912635824e-18
403.98962745431464 5.189542219341902e-18
404.0517031598276 4.882778402716888e-18
404.1137788653406 4.800790416489171e-18
404.1758545708535 4.871624639806299e-18
404.23793027636646 5.038793978538345e-18
404.3000059818794 5.030837321514517e-18
404.36208168739233 4.693472183258768e-18
404.4241573929053 4.99258933169267e-18
404.4862330984182 4.99890245650463e-18
404.54830880393115 4.794664458981101e-18
404.6103845094441 4.606195863883386e-18
404.672460214957 4.933777221503634e-18
404.73453592046997 5.091430554681737e-18
404.7966116259829 4.869632458696181e-18
404.85868733149584 4.884218330660893e-18
404.9207630370088 4.7793178218781105e-18
404.9828387425217 4.771415823066405e-18
405.04491444803466 4.894983945439433e-18
405.1069901535476 4.956868114525738e-18
405.16906585906054 4.816718874067595e-18
405.2311415645735 4.885072953030272e-18
405.2932172700864 4.727222897644562e-18
405.35529297559935 4.913770106821115e-18
405.4173686811123 4.990706618710169e-18
405.4794443866253 4.9319698842078544e-18
405.5415200921382 4.965423027402098e-18
405.60359579765117 4.8917619216040946e-18
405.6656715031641 4.871556700900913e-18
405.72774720867704 4.912894219512172e-18
405.78982291419 4.86757978572234e-18
405.8518986197029 4.888977811066667e-18
405.91397432521586 4.8908874293615726e-18
405.9760500307288 4.857722513832653e-18
406.03812573624174 4.750485455146217e-18
406.1002014417547 4.677126421699646e-18
406.1622771472676 4.7261504366988695e-18
406.22435285278056 4.8868717532294195e-18
406.28642855829355 4.92550922351586e-18
406.3485042638065 4.801064887782732e-18
406.41057996931943 4.713741086236127e-18
406.47265567483237 4.917356768667283e-18
406.5347313803453 4.923740547399428e-18
406.59680708585825 4.5763733544983304e-18
406.6588827913712 4.449436231721288e-18
406.7209584968841 4.6632829455282095e-18
406.78303420239706 4.520135953711708e-18
406.84510990791 4.6295727433858375e-18
406.90718561342294 4.550969540542437e-18
406.9692613189359 4.623877012903343e-18
407.0313370244488 4.377331457248905e-18
407.09341272996176 4.434977989455973e-18
407.1554884354747 4.6413529231872975e-18
407.21756414098763 4.674892754825054e-18
407.2796398465006 4.68016007981507e-18
407.3417155520135 4.6771667539037326e-18
407.40379125752645 4.919696474167716e-18
407.4658669630394 4.857063962493826e-18
407.5279426685523 4.814065121127386e-18
407.59001837406527 4.904098643981349e-18
407.65209407957826 4.686914204460289e-18
407.7141697850912 4.807615663012144e-18
407.77624549060414 4.769847216452878e-18
407.8383211961171 4.7249641392744934e-18
407.90039690163 4.514747657526594e-18
407.96247260714296 4.7045651192807814e-18
408.0245483126559 4.785271272314755e-18
408.08662401816883 4.909088964671074e-18
408.1486997236818 4.558263167790014e-18
408.2107754291947 4.667243107051385e-18
408.27285113470765 4.940735218668786e-18
408.3349268402206 4.81762334151153e-18
408.3970025457335 4.536337116285391e-18
408.4590782512465 4.6864198195438296e-18
408.52115395675946 4.862928571784731e-18
408.5832296622724 4.6563406051148535e-18
408.64530536778534 4.728802964302114e-18
408.7073810732983 4.791569925601285e-18
408.7694567788112 4.739180204787625e-18
408.83153248432416 4.653507156655792e-18
408.8936081898371 4.599200305291323e-18
408.95568389535003 4.625678181222823e-18
409.017759600863 4.6023433561546946e-18
409.0798353063759 4.833791555014576e-18
409.14191101188885 4.642944924261073e-18
409.2039867174018 4.684023721548545e-18
409.26606242291473 4.596320646901707e-18
409.32813812842767 4.6038437567295674e-18
409.3902138339406 4.603142509103132e-18
409.45228953945355 4.763341572059576e-18
409.5143652449665 4.7533033662200625e-18
409.5764409504794 4.737111636541552e-18
409.63851665599236 4.604975336253317e-18
409.7005923615053 4.55652570882663e-18
409.76266806701824 4.607861376591718e-18
409.82474377253124 4.660385055492576e-18
409.8868194780442 4.6898759747073954e-18
409.9488951835571 4.5644894419527646e-18
410.01097088907005 4.7979409056821405e-18
410.073046594583 4.941697716102583e-18
410.13512230009593 5.284276638091161e-18
410.19719800560887 5.45379530078922e-18
410.2592737111218 5.691897096725478e-18
410.32134941663475 6.049640168141633e-18
410.3834251221477 6.3162252791803955e-18
410.4455008276606 6.626704238229899e-18
410.50757653317356 6.684245601315662e-18
410.5696522386865 6.606395713151696e-18
410.6317279441995 6.503834553777524e-18
410.69380364971244 6.4064315828461955e-18
410.7558793552254 6.1029454603620886e-18
410.8179550607383 5.632019773481379e-18
410.88003076625125 5.195764085113047e-18
410.9421064717642 5.175486309033688e-18
411.00418217727713 4.985355771586759e-18
411.06625788279007 4.7405688740461674e-18
411.128333588303 4.423250301318778e-18
411.19040929381595 4.624177091364725e-18
411.2524849993289 4.6362328700966054e-18
411.3145607048418 4.6728789531577e-18
411.37663641035476 4.493248588022827e-18
411.4387121158677 4.1993347974481284e-18
411.50078782138064 4.478582590321337e-18
411.5628635268936 4.522483209583589e-18
411.6249392324065 4.596882255827692e-18
411.68701493791946 4.5676273176493374e-18
411.7490906434324 4.6152968565461585e-18
411.81116634894533 4.6037706033255e-18
411.8732420544583 4.56192493801109e-18
411.9353177599712 4.553926895299413e-18
411.9973934654842 4.543507856417068e-18
412.05946917099715 4.477469732024951e-18
412.1215448765101 4.362379543788503e-18
412.183620582023 4.4515027521241955e-18
412.24569628753596 4.649058076380188e-18
412.3077719930489 4.4800469409066555e-18
412.36984769856184 4.505287623262352e-18
412.4319234040748 4.444011078143072e-18
412.4939991095877 4.475742262856069e-18
412.55607481510066 4.588837769259903e-18
412.6181505206136 4.588016528029113e-18
412.68022622612654 4.521823880494078e-18
412.7423019316395 4.347344264615106e-18
412.80437763715247 4.620162713891517e-18
412.8664533426654 4.604139413357758e-18
412.92852904817835 4.309892688602493e-18
412.9906047536913 4.524516837578862e-18
413.0526804592042 4.4343471480433734e-18
413.11475616471716 4.438190816402891e-18
413.1768318702301 4.563157111112943e-18
413.23890757574304 4.544346308417142e-18
413.300983281256 4.608204948234618e-18
413.3630589867689 4.510076902352034e-18
413.42513469228186 4.583801568393161e-18
413.4872103977948 4.425254121889584e-18
413.54928610330774 4.6830129068729705e-18
413.6113618088207 4.555353614313804e-18
413.6734375143336 4.3939601032416735e-18
413.73551321984655 4.300301831314253e-18
413.7975889253595 4.5210895593555935e-18
413.85966463087243 4.565103238230086e-18
413.92174033638537 4.3992720455012505e-18
413.9838160418983 4.416683634773526e-18
414.04589174741125 4.3706287865810855e-18
414.1079674529242 4.461285702852249e-18
414.1700431584372 4.240124508228553e-18
414.2321188639501 4.557378186923438e-18
414.29419456946306 4.5600260989184036e-18
414.356270274976 4.632066794989807e-18
414.41834598048894 4.6273144116176634e-18
414.4804216860019 4.41576225893531e-18
414.5424973915148 4.5161405827569544e-18
414.60457309702775 4.3421587106225146e-18
414.6666488025407 4.329642056348769e-18
414.72872450805363 4.408108500278261e-18
414.79080021356657 4.4522309632761324e-18
414.8528759190795 4.4737849839861564e-18
414.91495162459245 4.678209664822326e-18
414.97702733010544 4.4951646942839064e-18
415.0391030356184 4.271074674700668e-18
415.1011787411313 4.4091528764286295e-18
415.16325444664426 4.430334991953685e-18
415.2253301521572 4.424994099899217e-18
415.28740585767014 4.459881470104757e-18
415.3494815631831 4.474930683295115e-18
415.411557268696 4.442662498316942e-18
415.47363297420895 4.3470503332026555e-18
415.5357086797219 4.387688346303527e-18
415.59778438523483 4.616546075574262e-18
415.65986009074777 4.53645023762927e-18
415.7219357962607 4.395136475725453e-18
415.78401150177365 4.517868454666277e-18
415.8460872072866 4.440419001786703e-18
415.9081629127995 4.388674231301755e-18
415.97023861831246 4.528767942350378e-18
416.0323143238254 4.362241294343446e-18
416.09439002933834 4.328913867603271e-18
416.1564657348513 4.457312080366806e-18
416.2185414403642 4.3673067160242924e-18
416.28061714587716 4.538527471184073e-18
416.34269285139015 4.37481794776314e-18
416.4047685569031 4.406189524251025e-18
416.46684426241603 4.445777242054072e-18
416.52891996792897 4.4858332043429395e-18
416.5909956734419 4.177058455659275e-18
416.65307137895485 4.424300640091723e-18
416.7151470844678 4.403374123566279e-18
416.7772227899807 4.4192667246163e-18
416.83929849549367 4.4883343714187134e-18
416.9013742010066 4.432200273674962e-18
416.96344990651954 4.234069452867418e-18
417.0255256120325 4.227887315193041e-18
417.0876013175454 4.313123124563011e-18
417.1496770230584 4.4249008011402265e-18
417.21175272857135 4.426239417539217e-18
417.2738284340843 4.414884327939783e-18
417.33590413959723 4.221991611951166e-18
417.39797984511017 4.171345513588547e-18
417.4600555506231 4.4582923681242645e-18
417.52213125613605 4.585397842872379e-18
417.584206961649 4.313621757415877e-18
417.6462826671619 4.309297650285718e-18
417.70835837267487 4.518957835553682e-18
417.7704340781878 4.607053522499078e-18
417.83250978370074 4.4947246834974845e-18
417.8945854892137 4.302202520510406e-18
417.9566611947266 4.264541889738774e-18
418.01873690023956 4.3101005351410775e-18
418.0808126057525 4.3443382848942524e-18
418.14288831126544 4.441932198474883e-18
418.2049640167784 4.395408919653541e-18
418.2670397222913 4.322967270100813e-18
418.32911542780425 4.436132263193992e-18
418.3911911333172 4.240770429898797e-18
418.45326683883013 4.2733899260863634e-18
418.5153425443431 4.266090917098493e-18
418.57741824985607 4.252986653530561e-18
418.639493955369 4.432190982814368e-18
418.70156966088194 4.343245435578294e-18
418.7636453663949 4.148096278191662e-18
418.8257210719078 4.223730954466177e-18
418.88779677742076 4.396168324343134e-18
418.9498724829337 4.376174041418724e-18
419.01194818844664 4.258335680333031e-18
419.0740238939596 4.402020354345153e-18
419.1360995994725 4.21153555983723e-18
419.19817530498545 4.2729429161006056e-18
419.2602510104984 4.13321262068894e-18
419.3223267160114 4.1167465466170775e-18
419.3844024215243 4.1784626379417844e-18
419.44647812703727 4.260147864326477e-18
419.5085538325502 4.3116654039930385e-18
419.57062953806314 4.16993575513153e-18
419.6327052435761 4.209764657575026e-18
419.694780949089 4.2581808516080055e-18
419.75685665460196 4.270476796965239e-18
419.8189323601149 4.162158941839406e-18
419.88100806562784 4.025230383462544e-18
419.9430837711408 4.121046636938439e-18
420.0051594766537 4.229518849317629e-18
420.06723518216666 4.21035965182104e-18
420.1293108876796 4.244097122804381e-18
420.19138659319253 4.240254589471739e-18
420.2534622987055 4.337101461620574e-18
420.3155380042184 4.237574652296222e-18
420.37761370973135 4.172037769554196e-18
420.4396894152443 4.19933325801849e-18
420.5017651207572 4.289131073758639e-18
420.56384082627017 4.270276299100363e-18
420.6259165317831 4.213148688109813e-18
420.6879922372961 4.218262774155928e-18
420.75006794280904 4.2912996917555985e-18
420.812143648322 4.1363156833685136e-18
420.8742193538349 4.1934615067437265e-18
420.93629505934786 4.172419247731862e-18
420.9983707648608 4.328188722423227e-18
421.06044647037373 4.329249104888229e-18
421.1225221758867 4.3729818216221166e-18
421.1845978813996 4.215864851316638e-18
421.24667358691255 4.169732291644677e-18
421.3087492924255 4.173954988027075e-18
421.3708249979384 4.2278656029204555e-18
421.43290070345137 4.0368100546852536e-18
421.49497640896436 4.1847041489959126e-18
421.5570521144773 4.18128712669465e-18
421.61912781999024 4.304411918277738e-18
421.6812035255032 4.118474402743457e-18
421.7432792310161 4.3751363219020495e-18
421.80535493652906 4.07780455050426e-18
421.867430642042 4.202491373761084e-18
421.92950634755493 4.288510450720688e-18
421.9915820530679 4.318619853012881e-18
422.0536577585808 4.364010864967615e-18
422.11573346409375 4.388519301780601e-18
422.1778091696067 4.151521455856142e-18
422.2398848751196 4.210037161927273e-18
422.30196058063257 4.2515288415380446e-18
422.3640362861455 4.201060166661945e-18
422.42611199165844 4.237475954906308e-18
422.4881876971714 4.167190196873524e-18
422.5502634026843 4.358167521898542e-18
422.61233910819726 4.4104450960578464e-18
422.6744148137102 4.169560500887585e-18
422.73649051922314 3.955694021913686e-18
422.7985662247361 4.0944359084847646e-18
422.8606419302491 4.16517311799653e-18
422.922717635762 4.105401074704261e-18
422.98479334127495 4.059778522995496e-18
423.0468690467879 3.948918931208837e-18
423.10894475230083 4.117433473411857e-18
423.17102045781377 4.179681563079242e-18
423.2330961633267 4.144628304455077e-18
423.29517186883965 4.090938214602191e-18
423.3572475743526 4.140175498005753e-18
423.4193232798655 4.211502298180212e-18
423.48139898537846 4.097829308250085e-18
423.5434746908914 4.060003632055652e-18
423.60555039640434 3.877497695732719e-18
423.66762610191734 3.983163170909434e-18
423.7297018074303 4.198526980383205e-18
423.7917775129432 4.135566376271855e-18
423.85385321845615 4.090605024208238e-18
423.9159289239691 4.283548360834478e-18
423.97800462948203 4.4993055263947336e-18
424.04008033499497 4.950628781801417e-18
424.1021560405079 5.10469082541703e-18
424.16423174602085 5.561181893890886e-18
424.2263074515338 5.770852263159825e-18
424.2883831570467 5.9622213166511635e-18
424.35045886255966 6.019516751097521e-18
424.4125345680726 5.819672008664913e-18
424.47461027358554 5.647388069000346e-18
424.5366859790985 5.335228896151634e-18
424.5987616846114 5.022453075193119e-18
424.66083739012436 4.5847418366253406e-18
424.7229130956373 4.242623715267205e-18
424.78498880115023 4.0440938408068476e-18
424.8470645066632 3.9664973986809595e-18
424.9091402121761 4.085793369068171e-18
424.97121591768905 4.064146500353957e-18
425.03329162320205 4.075166718255361e-18
425.095367328715 4.001309609950395e-18
425.1574430342279 3.9509717557920336e-18
425.21951873974086 4.021008968440873e-18
425.2815944452538 4.044486677935492e-18
425.34367015076674 4.085358352350651e-18
425.4057458562797 4.078705257487784e-18
425.4678215617926 4.0982667404333625e-18
425.52989726730556 4.185989301757298e-18
425.5919729728185 4.2171873663342435e-18
425.65404867833143 4.092500519541396e-18
425.7161243838444 4.0957096301048235e-18
425.7782000893573 4.1443319250732765e-18
425.8402757948703 4.098548562529136e-18
425.90235150038325 3.993217132924862e-18
425.9644272058962 3.95382191337426e-18
426.0265029114091 4.05253896685675e-18
426.08857861692206 4.08898849802346e-18
426.150654322435 4.239792931022541e-18
426.21273002794794 4.203016802219001e-18
426.2748057334609 4.044943191594712e-18
426.3368814389738 4.026446644410012e-18
426.39895714448676 4.21147896847539e-18
426.4610328499997 4.159315625730683e-18
426.52310855551264 4.087145265815466e-18
426.5851842610256 4.05507004967446e-18
426.6472599665385 4.114240511248151e-18
426.70933567205145 4.027355373225922e-18
426.7714113775644 4.1935008227731936e-18
426.83348708307733 4.2830221467727324e-18
426.89556278859027 4.2650978964844625e-18
426.9576384941032 4.093717396203647e-18
427.01971419961615 4.045739370904013e-18
427.0817899051291 4.2760090666321375e-18
427.143865610642 4.317462689534764e-18
427.205941316155 4.094098718716427e-18
427.26801702166796 4.08346389553507e-18
427.3300927271809 4.116461662132715e-18
427.39216843269384 4.085756797135605e-18
427.4542441382068 4.055661312042919e-18
427.5163198437197 4.052282623643446e-18
427.57839554923265 4.2293516668671516e-18
427.6404712547456 4.156720394899384e-18
427.70254696025853 4.151131254188972e-18
427.76462266577147 4.0730300653177444e-18
427.8266983712844 4.110461628557987e-18
427.88877407679735 4.072003214519782e-18
427.9508497823103 4.145508984296382e-18
428.0129254878233 4.251535223748768e-18
428.0750011933362 4.182756007849081e-18
428.13707689884916 4.230900153454273e-18
428.1991526043621 4.23530167187668e-18
428.26122830987504 4.214026457588856e-18
428.323304015388 4.14818558031623e-18
428.3853797209009 4.136181939066805e-18
428.44745542641385 4.044172004164583e-18
428.5095311319268 4.2351338575116896e-18
428.57160683743973 4.097024899095161e-18
428.63368254295267 4.049816415709493e-18
428.6957582484656 4.126069399006029e-18
428.75783395397855 4.30412481161315e-18
428.8199096594915 4.232235633562262e-18
428.8819853650044 4.0064599788203455e-18
428.94406107051736 4.282119174049217e-18
429.0061367760303 4.2642221586812054e-18
429.06821248154324 4.092501123248852e-18
429.1302881870562 4.037470723188986e-18
429.1923638925691 4.121936410455099e-18
429.25443959808206 4.14938720011109e-18
429.316515303595 4.197572355193059e-18
429.378591009108 4.007100662668304e-18
429.44066671462093 4.213383922838609e-18
429.50274242013387 4.142360782513858e-18
429.5648181256468 4.081444426764141e-18
429.62689383115975 4.213678436906015e-18
429.6889695366727 4.302516390125093e-18
429.7510452421856 4.191038652692853e-18
429.81312094769856 4.1650185638150555e-18
429.8751966532115 4.133519493944676e-18
429.93727235872444 4.1724502474422356e-18
429.9993480642374 4.204067613545429e-18
430.0614237697503 4.147607951719889e-18
430.12349947526326 4.074698247797113e-18
430.18557518077625 4.293677272119643e-18
430.2476508862892 4.331859636583479e-18
430.30972659180213 4.089577343065297e-18
430.37180229731507 4.110046027807943e-18
430.433878002828 4.2323255389004315e-18
430.49595370834095 4.20506425976857e-18
430.5580294138539 4.149557126961009e-18
430.6201051193668 4.270007689636995e-18
430.68218082487977 4.247597223201975e-18
430.7442565303927 4.070201441001363e-18
430.80633223590564 4.101083993407049e-18
430.8684079414186 4.188811994869207e-18
430.9304836469315 4.204718036597836e-18
430.99255935244446 4.136607935038905e-18
431.0546350579574 4.218760224245266e-18
431.11671076347034 4.235919099003426e-18
431.1787864689833 4.1384404882414895e-18
431.2408621744962 4.010940965885454e-18
431.30293788000915 4.057626672029178e-18
431.3650135855221 4.1673946065896216e-18
431.42708929103503 4.148830465294986e-18
431.48916499654797 4.100459606838516e-18
431.55124070206097 4.0853154839005494e-18
431.6133164075739 4.207933099297584e-18
431.67539211308684 4.061642622338714e-18
431.7374678185998 3.904239380707502e-18
431.7995435241127 3.858132366986539e-18
431.86161922962566 4.133226459396475e-18
431.9236949351386 4.176997962429265e-18
431.98577064065154 4.097763866555315e-18
432.0478463461645 4.056838704258125e-18
432.1099220516774 4.144027741903958e-18
432.17199775719035 4.079226176924443e-18
432.2340734627033 3.984799164705244e-18
432.29614916821623 4.012363709436701e-18
432.3582248737292 4.015072527907844e-18
432.42030057924217 4.097305560770875e-18
432.4823762847551 4.001480084256513e-18
432.54445199026804 4.121923455389912e-18
432.606527695781 4.064327132058734e-18
432.6686034012939 3.921833814197784e-18
432.73067910680686 4.087734576420536e-18
432.7927548123198 4.089367542087954e-18
432.85483051783274 4.133742937886702e-18
432.9169062233457 4.025188836933138e-18
432.9789819288586 4.0675875310095226e-18
433.04105763437155 4.155209179732983e-18
433.1031333398845 4.086815321988309e-18
433.16520904539743 4.159632689969137e-18
433.22728475091037 4.007105356839868e-18
433.2893604564233 3.903852177824191e-18
433.35143616193625 4.029046062479124e-18
433.4135118674492 4.042167522134297e-18
433.4755875729621 4.095383934310765e-18
433.53766327847507 4.097129427109591e-18
433.599738983988 4.133365039645947e-18
433.66181468950094 4.123008271767805e-18
433.72389039501394 4.002058006249009e-18
433.7859661005269 4.0895306885389915e-18
433.8480418060398 4.116542743440978e-18
433.91011751155276 3.985762811704576e-18
433.9721932170657 3.998139599930828e-18
434.03426892257863 4.042561762498061e-18
434.0963446280916 3.975118998813859e-18
434.1584203336045 4.080094106956233e-18
434.22049603911745 4.123471166271313e-18
434.2825717446304 3.988011193984553e-18
434.3446474501433 3.9542914105321425e-18
434.40672315565627 3.988854877374468e-18
434.4687988611692 4.024026473824623e-18
434.5308745666822 3.9927374366194025e-18
434.59295027219514 4.043403394998646e-18
434.6550259777081 4.097520561493855e-18
434.717101683221 4.086346470536022e-18
434.77917738873396 3.988516938961492e-18
434.8412530942469 4.099876293127892e-18
434.90332879975983 4.077261347732571e-18
434.9654045052728 4.077088715230313e-18
435.0274802107857 4.014486429412533e-18
435.08955591629865 4.064724445124501e-18
435.1516316218116 4.18694766523062e-18
435.2137073273245 4.049030263180085e-18
435.27578303283747 4.033763358959519e-18
435.3378587383504 3.954212718700917e-18
435.39993444386334 3.9340794931459856e-18
435.4620101493763 3.928739114937502e-18
435.5240858548892 4.0769268210173685e-18
435.58616156040216 4.1303179278315184e-18
435.6482372659151 4.156175043433847e-18
435.71031297142804 4.2250413768672845e-18
435.772388676941 4.1093277596483036e-18
435.8344643824539 4.0266178145166124e-18
435.8965400879669 4.109506323512874e-18
435.95861579347985 4.092660648020551e-18
436.0206914989928 4.0938300895457835e-18
436.0827672045057 4.147438636355832e-18
436.14484291001867 4.127455701586851e-18
436.2069186155316 4.1480237856077986e-18
436.26899432104454 4.190346195228172e-18
436.3310700265575 4.2258900931044566e-18
436.3931457320704 4.206885312512294e-18
436.45522143758336 4.106160659634507e-18
436.5172971430963 4.164375756532619e-18
436.57937284860924 4.176107476322408e-18
436.6414485541222 4.29111407472351e-18
436.7035242596352 4.4130350357344185e-18
436.7655999651481 4.140506195186207e-18
436.82767567066105 4.279392155449272e-18
436.889751376174 4.224185826499629e-18
436.95182708168693 4.081927929022163e-18
437.01390278719987 4.206625314122779e-18
437.0759784927128 4.0620343979709875e-18
437.13805419822575 4.1194681233676595e-18
437.2001299037387 4.0126778083137035e-18
437.2622056092516 4.190624748125056e-18
437.32428131476456 4.2434177131865836e-18
437.3863570202775 4.182106536087155e-18
437.44843272579044 4.1081446508772975e-18
437.5105084313034 4.082189070037304e-18
437.5725841368163 4.164453537379782e-18
437.63465984232926 4.205355989701422e-18
437.6967355478422 4.0808127522799615e-18
437.75881125335513 4.290064779274704e-18
437.8208869588681 4.144920858578046e-18
437.882962664381 4.3589026658362264e-18
437.94503836989395 4.269797022727905e-18
438.0071140754069 4.103448047881289e-18
438.0691897809199 4.200703715767218e-18
438.1312654864328 4.1924393980984474e-18
438.19334119194576 4.078194331591496e-18
438.2554168974587 4.131560171935313e-18
438.31749260297164 4.1801199874801635e-18
438.3795683084846 4.1410618062640435e-18
438.4416440139975 4.062021010061445e-18
438.50371971951046 4.1370103517494655e-18
438.5657954250234 4.216215113025134e-18
438.62787113053633 4.1570858494500754e-18
438.6899468360493 4.176268693379454e-18
438.7520225415622 4.259862723241992e-18
438.81409824707515 4.216910929401909e-18
438.87617395258815 4.195659261979799e-18
438.9382496581011 4.191908253336904e-18
439.000325363614 4.096498905282807e-18
439.06240106912696 3.922172737809382e-18
439.1244767746399 4.0480132232819926e-18
439.18655248015284 4.295845919414819e-18
439.2486281856658 4.227024411195001e-18
439.3107038911787 4.2272800308119135e-18
439.37277959669166 4.2328618569949085e-18
439.4348553022046 4.0993285252233715e-18
439.49693100771754 4.016323105094221e-18
439.5590067132305 4.177946893452084e-18
439.6210824187434 4.21926365359742e-18
439.68315812425635 4.155992624239865e-18
439.7452338297693 4.2762936827410564e-18
439.80730953528223 4.281357769006472e-18
439.86938524079517 4.174434712778454e-18
439.9314609463081 4.1784152055811976e-18
439.99353665182105 4.178310785831003e-18
440.055612357334 4.213252192896789e-18
440.1176880628469 4.142290099465924e-18
440.17976376835986 4.097031110518228e-18
440.24183947387286 4.2767504875740515e-18
440.3039151793858 4.262869322896181e-18
440.36599088489874 4.190523242698301e-18
440.4280665904117 4.051296525633763e-18
440.4901422959246 4.1193563401944216e-18
440.55221800143755 4.1850081273875975e-18
440.6142937069505 4.1599866635307415e-18
440.67636941246343 4.336087482849622e-18
440.73844511797637 4.128269612787133e-18
440.8005208234893 4.0273443981393186e-18
440.86259652900225 4.203501010954417e-18
440.9246722345152 4.300523686457574e-18
440.9867479400281 4.315343806210918e-18
441.0488236455411 4.28359595473947e-18
441.11089935105406 4.1957755056808386e-18
441.172975056567 4.058912714326423e-18
441.23505076207994 4.215792426768669e-18
441.2971264675929 4.2753398848838e-18
441.3592021731058 4.292485729911486e-18
441.42127787861875 4.302892970613219e-18
441.4833535841317 4.16942906180775e-18
441.54542928964463 4.1564603795160955e-18
441.60750499515757 4.2403585898109324e-18
441.6695807006705 4.245893204945921e-18
441.73165640618345 4.215634347014841e-18
441.7937321116964 4.167103878239101e-18
441.8558078172093 4.0545455679887494e-18
441.91788352272226 4.3562414839352834e-18
441.9799592282352 4.252723811580024e-18
442.04203493374814 4.222718157130957e-18
442.1041106392611 4.345709567254401e-18
442.166186344774 4.322591572406369e-18
442.22826205028696 4.1949251046069366e-18
442.2903377557999 4.2555966682059274e-18
442.35241346131284 4.2940679213064974e-18
442.41448916682583 4.2932385646121825e-18
442.47656487233877 4.209698946540152e-18
442.5386405778517 4.15718738975358e-18
442.60071628336465 4.162301599352122e-18
442.6627919888776 4.293407855019571e-18
442.7248676943905 4.179156806038579e-18
442.78694339990346 4.137063853882542e-18
442.8490191054164 4.1996493358190576e-18
442.91109481092934 4.217934218617826e-18
442.9731705164423 4.2459056061496776e-18
443.0352462219552 4.178264848566389e-18
443.09732192746816 4.311407592210161e-18
443.1593976329811 4.258568644842871e-18
443.2214733384941 4.273890206643893e-18
443.28354904400703 4.119987861547072e-18
443.34562474951997 4.155173922131868e-18
443.4077004550329 4.183793068109028e-18
443.46977616054585 4.2588086859888024e-18
443.5318518660588 4.271837489265869e-18
443.5939275715717 3.977425683059802e-18
443.65600327708466 4.097015637549368e-18
443.7180789825976 4.069839774442269e-18
443.78015468811054 4.145003330527358e-18
443.8422303936235 4.1569594094113005e-18
443.9043060991364 4.1487615530775324e-18
443.96638180464936 4.2100395869162746e-18
444.0284575101623 4.2355670134068944e-18
444.09053321567524 4.2176065608217294e-18
444.1526089211882 4.042835414823869e-18
444.2146846267011 4.065212712814381e-18
444.27676033221405 4.0628423038508665e-18
444.338836037727 4.202941686433243e-18
444.40091174323993 4.163002757341043e-18
444.46298744875287 4.113656438234211e-18
444.5250631542658 4.114008628045246e-18
444.5871388597788 4.2584591122785866e-18
444.64921456529174 4.2937017542833915e-18
444.7112902708047 4.155852680315237e-18
444.7733659763176 4.130739588971561e-18
444.83544168183056 4.212847927270523e-18
444.8975173873435 4.270141404933565e-18
444.95959309285644 4.1331089027488164e-18
445.0216687983694 4.193753675186627e-18
445.0837445038823 4.1685459456255855e-18
445.14582020939525 4.081113918664491e-18
445.2078959149082 4.2132801602562704e-18
445.26997162042113 4.147542662368098e-18
445.33204732593407 4.005640840298728e-18
445.39412303144707 4.1002511741858255e-18
445.45619873696 4.084527830123931e-18
445.51827444247294 4.028177375504341e-18
445.5803501479859 4.1074064241985475e-18
445.6424258534988 4.235106952473505e-18
445.70450155901176 4.2082412916074916e-18
445.7665772645247 4.100167436645228e-18
445.82865297003764 4.1300322680827685e-18
445.8907286755506 4.1697596982480845e-18
445.9528043810635 4.1463167245106746e-18
446.01488008657645 4.037390933144956e-18
446.0769557920894 4.050507277257489e-18
446.13903149760233 4.020370868891276e-18
446.20110720311527 4.182732352906801e-18
446.2631829086282 4.14145982405965e-18
446.32525861414115 4.14197120771799e-18
446.3873343196541 4.30340093352614e-18
446.449410025167 4.263924563469504e-18
446.51148573067996 4.1175899558166054e-18
446.5735614361929 3.969480267318682e-18
446.63563714170584 4.246607292974104e-18
446.6977128472188 4.163081925278907e-18
446.7597885527318 4.0470060710429275e-18
446.8218642582447 4.1636088814289514e-18
446.88393996375765 4.135655186955185e-18
446.9460156692706 4.0399099160547304e-18
447.00809137478353 4.1227170537900984e-18
447.07016708029647 4.076133143706385e-18
447.1322427858094 4.01866885737559e-18
447.19431849132235 4.138809521828702e-18
447.2563941968353 4.1868794346681295e-18
447.3184699023482 4.032395977812959e-18
447.38054560786117 4.1413954459780996e-18
447.4426213133741 4.102103065446149e-18
447.50469701888704 4.007387838011818e-18
447.56677272440004 4.123480994929604e-18
447.628848429913 4.084468055535592e-18
447.6909241354259 4.236622045394923e-18
447.75299984093886 4.023691550510772e-18
447.8150755464518 4.149301011880065e-18
447.87715125196473 4.186111164618347e-18
447.9392269574777 4.01741165722113e-18
448.0013026629906 4.072008421111176e-18
448.06337836850355 4.025792014160564e-18
448.1254540740165 3.9109876645093615e-18
448.1875297795294 4.090685006839837e-18
448.24960548504237 4.105130199088782e-18
448.3116811905553 4.026697123615401e-18
448.37375689606824 4.1047505452194995e-18
448.4358326015812 4.206257082070116e-18
448.4979083070941 4.0713211880438175e-18
448.55998401260706 4.1355830409750844e-18
448.62205971812 4.6418723722553836e-18
448.68413542363294 5.411467801502022e-18
448.7462111291459 6.192108241557887e-18
448.8082868346588 6.6612203672550494e-18
448.87036254017175 6.99276944431189e-18
448.93243824568475 7.406403425089539e-18
448.9945139511977 7.71555719422335e-18
449.0565896567106 7.42765368486225e-18
449.11866536222357 7.03411989258287e-18
449.1807410677365 6.683680345333668e-18
449.24281677324944 6.22680253041449e-18
449.3048924787624 5.5283142765592384e-18
449.3669681842753 4.885274150754454e-18
449.42904388978826 4.288204192175166e-18
449.4911195953012 4.0775228805561325e-18
449.55319530081414 4.0132093733274086e-18
449.6152710063271 3.951016586942385e-18
449.67734671184 4.022698210523298e-18
449.739422417353 4.066539156805588e-18
449.80149812286595 4.036004344204436e-18
449.8635738283789 3.974900234002217e-18
449.92564953389183 4.051809584484877e-18
449.98772523940477 3.947575001444967e-18
450.0498009449177 3.8723992015099214e-18
450.11187665043064 3.99632184538685e-18
450.1739523559436 3.996344957480227e-18
450.2360280614565 3.903695546274434e-18
450.29810376696946 4.1374773280739926e-18
450.3601794724824 4.206872704523189e-18
450.42225517799534 4.0305698633304236e-18
450.4843308835083 4.069491585793793e-18
450.5464065890212 4.105975624365105e-18
450.60848229453416 4.062136215839015e-18
450.6705580000471 4.0850368167833476e-18
450.73263370556003 4.0393609933659995e-18
450.794709411073 3.9461275787961255e-18
450.8567851165859 3.886517611539629e-18
450.91886082209885 4.100903398880325e-18
450.9809365276118 4.279426410703243e-18
451.0430122331247 4.5349571199208995e-18
451.1050879386377 4.580334054127609e-18
451.16716364415066 4.788863397378944e-18
451.2292393496636 5.114524693365369e-18
451.29131505517654 4.988647139844588e-18
451.3533907606895 4.829233094784308e-18
451.4154664662024 4.8333245808692136e-18
451.47754217171536 4.839451955937541e-18
451.5396178772283 4.659506106599717e-18
451.60169358274123 4.550382641545489e-18
451.6637692882542 4.342096542007467e-18
451.7258449937671 4.1948302616314795e-18
451.78792069928005 4.1748709772748906e-18
451.849996404793 4.16054239785908e-18
451.912072110306 4.029062801273772e-18
451.9741478158189 4.083612526463538e-18
452.03622352133186 4.070028973635306e-18
452.0982992268448 3.9024682265772425e-18
452.16037493235774 3.929034406193496e-18
452.2224506378707 4.021753264979871e-18
452.2845263433836 4.009941060520912e-18
452.34660204889656 4.109563179479783e-18
452.4086777544095 3.978086485910013e-18
452.47075345992243 3.736419498521625e-18
452.5328291654354 3.837430361136596e-18
452.5949048709483 3.988374735707597e-18
452.65698057646125 3.93869429828422e-18
452.7190562819742 3.91673279567728e-18
452.78113198748713 3.91627625103087e-18
452.84320769300007 3.989127962786879e-18
452.905283398513 4.0640622157289465e-18
452.96735910402595 4.1766034647449784e-18
453.0294348095389 4.051952668022485e-18
453.0915105150518 3.8463950888808834e-18
453.15358622056476 4.0029725815788685e-18
453.2156619260777 3.900055355245085e-18
453.2777376315907 3.939475546830271e-18
453.33981333710364 4.010014081441403e-18
453.4018890426166 4.005956470611941e-18
453.4639647481295 3.778347426066474e-18
453.52604045364245 4.047291589991984e-18
453.5881161591554 4.223753318372923e-18
453.65019186466833 4.084665058873334e-18
453.71226757018127 3.92506104312796e-18
453.7743432756942 3.864802816171586e-18
453.83641898120715 3.916535773109555e-18
453.8984946867201 3.9608217667514986e-18
453.960570392233 4.06104436967785e-18
454.02264609774596 3.865236864771494e-18
454.08472180325896 4.251255608901147e-18
454.1467975087719 4.1458531611363834e-18
454.20887321428484 4.200246886486726e-18
454.2709489197978 4.10374852734734e-18
454.3330246253107 3.931317935626868e-18
454.39510033082365 4.013713757457137e-18
454.4571760363366 3.978819108149166e-18
454.51925174184953 4.036304665461853e-18
454.58132744736247 3.9991103173403714e-18
454.6434031528754 3.9065914441301705e-18
454.70547885838835 3.904219685607309e-18
454.7675545639013 3.892203688775598e-18
454.8296302694142 3.875736114373895e-18
454.89170597492716 3.826575708938959e-18
454.9537816804401 3.905673668366644e-18
455.01585738595304 3.8075827230191706e-18
455.077933091466 3.880731487641212e-18
455.1400087969789 3.867538237550543e-18
455.20208450249186 3.87980943908134e-18
455.2641602080048 3.974904699632381e-18
455.32623591351773 3.983403220580212e-18
455.3883116190307 3.964944433630319e-18
455.45038732454367 3.948965738267538e-18
455.5124630300566 3.9690773378176036e-18
455.57453873556955 3.841457591459153e-18
455.6366144410825 3.7214285919053754e-18
455.6986901465954 3.821604869373267e-18
455.76076585210836 3.7766092119139366e-18
455.8228415576213 3.8336324102011325e-18
455.88491726313424 3.935980832638434e-18
455.9469929686472 3.984553256642341e-18
456.0090686741601 3.986547502372939e-18
456.07114437967306 4.0203037125464005e-18
456.133220085186 3.939098996017721e-18
456.19529579069894 3.9334343495083306e-18
456.2573714962119 4.007514267634072e-18
456.3194472017248 3.926638989022484e-18
456.3815229072378 4.006916012963166e-18
456.44359861275075 3.888219140225516e-18
456.5056743182637 3.812712123421485e-18
456.5677500237766 3.896768231533931e-18
456.62982572928956 3.8100578143117725e-18
456.6919014348025 3.889336030091648e-18
456.75397714031544 3.872574094750224e-18
456.8160528458284 3.8486407918684045e-18
456.8781285513413 3.819247361338123e-18
456.94020425685426 3.898924235892782e-18
457.0022799623672 3.940018402982077e-18
457.06435566788014 3.899417157084677e-18
457.1264313733931 3.8413093593495485e-18
457.188507078906 3.7141011129806015e-18
457.25058278441895 3.763075397608781e-18
457.3126584899319 3.962771260046556e-18
457.37473419544483 3.9982602958173005e-18
457.43680990095777 3.978130644735888e-18
457.4988856064707 3.872394180667705e-18
457.5609613119837 3.871937767199499e-18
457.62303701749664 3.811139312107617e-18
457.6851127230096 3.7765132381584105e-18
457.7471884285225 3.790651745025989e-18
457.80926413403546 3.8156829048100245e-18
457.8713398395484 3.840369340421051e-18
457.93341554506134 3.969102467868487e-18
457.9954912505743 3.873641449485024e-18
458.0575669560872 3.8077642385883204e-18
458.11964266160015 3.750625984476738e-18
458.1817183671131 3.7590389549883926e-18
458.24379407262603 3.84324370547066e-18
458.30586977813897 3.7643722410408465e-18
458.3679454836519 3.8219777279609526e-18
458.43002118916485 3.9660918676970785e-18
458.4920968946778 3.922020321253088e-18
458.5541726001908 3.807766566182914e-18
458.6162483057037 3.844668240902156e-18
458.67832401121666 3.8298158343208705e-18
458.7403997167296 3.8163827310655875e-18
458.80247542224254 3.809343107812516e-18
458.8645511277555 3.7634572305115485e-18
458.9266268332684 3.860762964991473e-18
458.98870253878135 3.816652395091972e-18
459.0507782442943 3.847301071759012e-18
459.11285394980723 3.815321677308727e-18
459.17492965532017 3.773656461334986e-18
459.2370053608331 3.762253768092614e-18
459.29908106634605 3.7798801992596225e-18
459.361156771859 3.8765384948885594e-18
459.4232324773719 3.8140471605644506e-18
459.48530818288486 3.7675599702011485e-18
459.5473838883978 3.707759949426507e-18
459.60945959391074 3.767233414128593e-18
459.6715352994237 3.812386373830786e-18
459.7336110049367 3.978213572596332e-18
459.7956867104496 3.844837992066861e-18
459.85776241596255 3.7187117709867285e-18
459.9198381214755 3.734665393625138e-18
459.98191382698843 3.862661129661961e-18
460.04398953250137 3.758274540364661e-18
460.1060652380143 3.7453450019631235e-18
460.16814094352725 3.865148125512352e-18
460.2302166490402 3.9383258650985526e-18
460.2922923545531 3.928899743360887e-18
460.35436806006607 3.83404211116538e-18
460.416443765579 3.743359620174006e-18
460.47851947109194 3.839053931945495e-18
460.5405951766049 3.766298237841151e-18
460.6026708821178 3.681851844165129e-18
460.66474658763076 3.755585773527192e-18
460.72682229314375 3.808047031760785e-18
460.7888979986567 3.5639484934425115e-18
460.85097370416963 3.758983749184086e-18
460.91304940968257 3.623146109772175e-18
460.9751251151955 3.6175715340939235e-18
461.03720082070845 3.786809811071347e-18
461.0992765262214 3.91162482867459e-18
461.1613522317343 3.795423635238788e-18
461.22342793724727 3.532751361134421e-18
461.2855036427602 3.8125903951861316e-18
461.34757934827314 3.730727495017197e-18
461.4096550537861 3.59387442052376e-18
461.471730759299 3.650990066782066e-18
461.53380646481196 3.748759577257633e-18
461.5958821703249 3.699640837580456e-18
461.65795787583784 3.829775373450915e-18
461.7200335813508 3.739986923797957e-18
461.7821092868637 3.662645983390584e-18
461.84418499237665 3.584953400628742e-18
461.90626069788965 3.702718669712677e-18
461.9683364034026 3.627872885241401e-18
462.0304121089155 3.743730773390039e-18
462.09248781442847 3.766854583179451e-18
462.1545635199414 3.828611070363472e-18
462.21663922545434 3.8701544736729016e-18
462.2787149309673 3.810536402945973e-18
462.3407906364802 3.889877763433259e-18
462.40286634199316 4.069092413749527e-18
462.4649420475061 3.979089759671499e-18
462.52701775301904 4.060794365637877e-18
462.589093458532 4.014432485035345e-18
462.6511691640449 3.9566136882944495e-18
462.71324486955785 3.864900033322232e-18
462.7753205750708 3.939096468386006e-18
462.83739628058373 3.822715760285825e-18
462.8994719860967 3.738650581623112e-18
462.96154769160967 3.7022679297664064e-18
463.0236233971226 3.6778727525411044e-18
463.08569910263554 3.727690128769352e-18
463.1477748081485 3.850766893951187e-18
463.2098505136614 3.740559103387936e-18
463.27192621917436 3.796067424055948e-18
463.3340019246873 3.63682938195622e-18
463.39607763020024 3.744556397373884e-18
463.4581533357132 3.682593381771329e-18
463.5202290412261 3.5647389754091535e-18
463.58230474673906 3.663823412696735e-18
463.644380452252 3.643063672902024e-18
463.70645615776493 3.8066512453018135e-18
463.7685318632779 3.773874788427014e-18
463.8306075687908 3.5476550030569096e-18
463.89268327430375 3.556582605112255e-18
463.9547589798167 3.581003418820384e-18
464.0168346853296 3.6860391847021094e-18
464.0789103908426 3.715778077301228e-18
464.14098609635556 3.6209954488409005e-18
464.2030618018685 3.686128079817104e-18
464.26513750738144 3.695755651895691e-18
464.3272132128944 3.622121361375647e-18
464.3892889184073 3.568291489903284e-18
464.45136462392026 3.6368081273047964e-18
464.5134403294332 3.636314475863134e-18
464.57551603494613 3.46335313374704e-18
464.6375917404591 3.6317661401674494e-18
464.699667445972 3.768423634829182e-18
464.76174315148495 3.613604435729192e-18
464.8238188569979 3.71482153816338e-18
464.8858945625108 3.677314518299657e-18
464.94797026802377 3.618849844946056e-18
465.0100459735367 3.623136782841754e-18
465.0721216790497 3.705567257361631e-18
465.13419738456264 3.7835352978643735e-18
465.1962730900756 3.604773369320846e-18
465.2583487955885 3.4531957314537507e-18
465.32042450110146 3.597368905508824e-18
465.3825002066144 3.541145393843588e-18
465.44457591212733 3.662044322340165e-18
465.5066516176403 3.730987914298027e-18
465.5687273231532 3.6799922962670465e-18
465.63080302866615 3.603499267700717e-18
465.6928787341791 3.541019985982111e-18
465.754954439692 3.5995311265435824e-18
465.81703014520497 3.537102296783521e-18
465.8791058507179 3.6438969525204345e-18
465.94118155623084 3.495745259151403e-18
466.0032572617438 3.508754794948987e-18
466.0653329672567 3.5189989188004385e-18
466.12740867276966 3.587772016714607e-18
466.1894843782826 3.547439231906597e-18
466.2515600837956 3.573433435790222e-18
466.31363578930853 3.545076329769503e-18
466.3757114948215 3.5587603655128766e-18
466.4377872003344 3.499152007353466e-18
466.49986290584735 3.486346994865446e-18
466.5619386113603 3.45609396205969e-18
466.62401431687323 3.4287650079842954e-18
466.68609002238617 3.511796541515791e-18
466.7481657278991 3.532877621515853e-18
466.81024143341205 3.434421457174122e-18
466.872317138925 3.495827218027207e-18
466.9343928444379 3.5450055685195296e-18
466.99646854995086 3.499616420068199e-18
467.0585442554638 3.422509252813606e-18
467.12061996097674 3.4834260211489794e-18
467.1826956664897 3.5200431201045e-18
467.2447713720027 3.56466394344633e-18
467.3068470775156 3.556725127235796e-18
467.36892278302855 3.649356985293873e-18
467.4309984885415 3.3946597578107773e-18
467.49307419405443 3.3470398052410814e-18
467.55514989956737 3.4429101880934182e-18
467.6172256050803 3.536714467520655e-18
467.67930131059325 3.504806736604242e-18
467.7413770161062 3.372949068205202e-18
467.8034527216191 3.517843950329194e-18
467.86552842713206 3.528588517648821e-18
467.927604132645 3.483439807102669e-18
467.98967983815794 3.4401300472968188e-18
468.0517555436709 3.5090339504582054e-18
468.1138312491838 3.553355500700619e-18
468.17590695469676 3.4654581443195737e-18
468.2379826602097 3.4978908932442166e-18
468.30005836572263 3.525266831930477e-18
468.3621340712356 3.4221849779508267e-18
468.42420977674857 3.464642606344924e-18
468.4862854822615 3.451644646921024e-18
468.54836118777445 3.429582019605253e-18
468.6104368932874 3.372926168177518e-18
468.6725125988003 3.3848472908955777e-18
468.73458830431326 3.399036529115123e-18
468.7966640098262 3.4245763240705672e-18
468.85873971533914 3.4124906452260777e-18
468.9208154208521 3.414114202337054e-18
468.982891126365 3.470236978752587e-18
469.04496683187796 3.4056509215380015e-18
469.1070425373909 3.3641025122561132e-18
469.16911824290383 3.4214667944483237e-18
469.2311939484168 3.5113410303856255e-18
469.2932696539297 3.4446936527129217e-18
469.35534535944265 3.2860376035647375e-18
469.41742106495565 3.319711441948522e-18
469.4794967704686 3.3242690110839092e-18
469.5415724759815 3.2266368907059353e-18
469.60364818149446 3.29202744561183e-18
469.6657238870074 3.4446960249256957e-18
469.72779959252034 3.363670442380128e-18
469.7898752980333 3.1486031866660155e-18
469.8519510035462 3.1940596448213036e-18
469.91402670905916 3.329996448730979e-18
469.9761024145721 3.2607157747075237e-18
470.03817812008504 3.1965111565397237e-18
470.100253825598 3.2281472172259693e-18
470.1623295311109 3.304417670426017e-18
470.22440523662385 3.301539804225949e-18
470.2864809421368 3.3207583495113327e-18
470.34855664764973 3.4669008420656633e-18
470.41063235316267 3.3071978817803666e-18
470.4727080586756 3.2514430691226384e-18
470.53478376418855 3.293633797344163e-18
470.59685946970154 3.2927933991255022e-18
470.6589351752145 3.2987602918646393e-18
470.7210108807274 3.3041144599793998e-18
470.78308658624036 3.3461872743108716e-18
470.8451622917533 3.251053791827019e-18
470.90723799726624 3.282141716925785e-18
470.9693137027792 3.4796228148058e-18
471.0313894082921 3.3201816464324358e-18
471.09346511380505 3.401014232172808e-18
471.155540819318 3.293983108422595e-18
471.21761652483093 3.449827160508592e-18
471.27969223034387 3.4591037579465965e-18
471.3417679358568 3.364825134509471e-18
471.40384364136975 3.3122444536548577e-18
471.4659193468827 3.3295744326699996e-18
471.5279950523956 3.2902981791253345e-18
471.5900707579086 3.4255108233189186e-18
471.65214646342156 3.475242403016849e-18
471.7142221689345 3.3808132018222964e-18
471.77629787444744 3.2705070972722393e-18
471.8383735799604 3.3845915671523088e-18
471.9004492854733 3.3407202147309214e-18
471.96252499098625 3.369604393034318e-18
472.0246006964992 3.3803267962685707e-18
472.08667640201213 3.3457750786329858e-18
472.14875210752507 3.298969646619704e-18
472.210827813038 3.489550334302246e-18
472.27290351855095 3.3436421733738156e-18
472.3349792240639 3.313987170150369e-18
472.3970549295768 3.2676873889519775e-18
472.45913063508976 3.2888175962977153e-18
472.5212063406027 3.4069768403174807e-18
472.58328204611564 3.4219081788132405e-18
472.6453577516286 3.3560347263155523e-18
472.7074334571415 3.348658985119978e-18
472.7695091626545 3.308640530144415e-18
472.83158486816745 3.3404930158616224e-18
472.8936605736804 3.392172495334843e-18
472.95573627919333 3.548216563302309e-18
473.01781198470627 3.3095368275667204e-18
473.0798876902192 3.229202779264526e-18
473.14196339573215 3.2926148440887828e-18
473.2040391012451 3.3222841530587015e-18
473.266114806758 3.3857787662904508e-18
473.32819051227096 3.320778387936771e-18
473.3902662177839 3.3943820186202236e-18
473.45234192329684 3.534053524859332e-18
473.5144176288098 3.272121334586223e-18
473.5764933343227 3.3129689176218485e-18
473.63856903983566 3.3210157749985694e-18
473.7006447453486 3.2334836506188475e-18
473.7627204508616 3.318783082313081e-18
473.82479615637453 3.332906034742976e-18
473.88687186188747 3.3060386498108127e-18
473.9489475674004 3.4220530646158932e-18
474.01102327291335 3.2562258345873237e-18
474.0730989784263 3.326656891410109e-18
474.1351746839392 3.3636065410222572e-18
474.19725038945217 3.3721422085183796e-18
474.2593260949651 3.36314066403556e-18
474.32140180047804 3.323977936067651e-18
474.383477505991 3.2979001267731237e-18
474.4455532115039 3.354557841251164e-18
474.50762891701686 3.313134318082418e-18
474.5697046225298 3.2776990420597593e-18
474.63178032804274 3.3244421768338786e-18
474.6938560335557 3.3790370854761497e-18
474.7559317390686 3.3038495999203164e-18
474.81800744458155 3.3003192927682784e-18
474.8800831500945 3.284856678385381e-18
474.9421588556075 3.3670282609476325e-18
475.0042345611204 3.343932382458338e-18
475.06631026663337 3.261281988805438e-18
475.1283859721463 3.287691418968122e-18
475.19046167765924 3.347221483687297e-18
475.2525373831722 3.3547737436707157e-18
475.3146130886851 3.367124141893545e-18
475.37668879419806 3.4509030319271525e-18
475.438764499711 3.3762663046504025e-18
475.50084020522394 3.3659881990850332e-18
475.5629159107369 3.324619821853902e-18
475.6249916162498 3.3361152051649046e-18
475.68706732176275 3.3422595349616163e-18
475.7491430272757 3.28989581257745e-18
475.81121873278863 3.227104906822447e-18
475.87329443830157 3.3477543796464105e-18
475.93537014381457 3.376218727031486e-18
475.9974458493275 3.429712525434099e-18
476.05952155484044 3.3982512083646326e-18
476.1215972603534 3.3742826886871187e-18
476.1836729658663 3.444382798039916e-18
476.24574867137926 3.4428197945444014e-18
476.3078243768922 3.2555091693551154e-18
476.36990008240514 3.2655730343509984e-18
476.4319757879181 3.3055091422929514e-18
476.494051493431 3.3395255604131326e-18
476.55612719894395 3.386442258824441e-18
476.6182029044569 3.3213472762908214e-18
476.68027860996983 3.42946550284605e-18
476.74235431548277 3.3571619236108e-18
476.8044300209957 3.2700115069005004e-18
476.86650572650865 3.273661054590292e-18
476.9285814320216 3.2823112241506873e-18
476.9906571375345 3.4407808596771936e-18
477.05273284304747 3.497991224800119e-18
477.11480854856046 3.4065935424978707e-18
477.1768842540734 3.2844461525116955e-18
477.23895995958634 3.375467975634758e-18
477.3010356650993 3.2714462359548885e-18
477.3631113706122 3.341498408714564e-18
477.42518707612516 3.3242934705155666e-18
477.4872627816381 3.383926265914775e-18
477.54933848715103 3.2261618240933068e-18
477.611414192664 3.3559598744415418e-18
477.6734898981769 3.251258762618763e-18
477.73556560368985 3.3532411263327972e-18
477.7976413092028 3.2961115684048885e-18
477.8597170147157 3.38706496623771e-18
477.92179272022867 3.3402804795631105e-18
477.9838684257416 3.4889024155623065e-18
478.04594413125454 3.334058296098843e-18
478.10801983676754 3.356921452380605e-18
478.1700955422805 3.4257300112346814e-18
478.2321712477934 3.3197823255072214e-18
478.29424695330636 3.4347087992724015e-18
478.3563226588193 3.324560362903064e-18
478.41839836433223 3.27380937276104e-18
478.4804740698452 3.31521134620969e-18
478.5425497753581 3.3561137792320937e-18
478.60462548087105 3.3443460667981174e-18
478.666701186384 3.3482421246087297e-18
478.7287768918969 3.244145216901189e-18
478.79085259740987 3.385962605418446e-18
478.8529283029228 3.325021747264984e-18
478.91500400843574 3.481435742422275e-18
478.9770797139487 3.434032174452858e-18
479.0391554194616 3.406301714023867e-18
479.10123112497456 3.4258432042610724e-18
479.1633068304875 3.2628515826650254e-18
479.22538253600044 3.331623669635219e-18
479.28745824151343 3.408313550224982e-18
479.3495339470264 3.3220054454462395e-18
479.4116096525393 3.317358540033443e-18
479.47368535805225 3.337966691871664e-18
479.5357610635652 3.4450373044491877e-18
479.5978367690781 3.4648348399621932e-18
479.65991247459107 3.278500839925807e-18
479.721988180104 3.3226581433669174e-18
479.78406388561694 3.3265408578662726e-18
479.8461395911299 3.5144653135509416e-18
479.9082152966428 3.444849630033488e-18
479.97029100215576 3.3717489149736857e-18
480.0323667076687 3.2787658449142777e-18
480.09444241318164 3.4064510487743287e-18
480.1565181186946 3.4117999748414225e-18
480.2185938242075 3.4181131123668636e-18
480.2806695297205 3.396981347327689e-18
480.34274523523345 3.3571959090796166e-18
480.4048209407464 3.4510102236970975e-18
480.46689664625933 3.229546558634557e-18
480.52897235177227 3.3767978358815018e-18
480.5910480572852 3.4411005282598718e-18
480.65312376279815 3.4335810498392e-18
480.7151994683111 3.3344732877249815e-18
480.777275173824 3.371293396425525e-18
480.83935087933696 3.381247239497917e-18
480.9014265848499 3.2875705995305734e-18
480.96350229036284 3.3875134171123604e-18
481.0255779958758 3.3016536142802578e-18
481.0876537013887 3.357364801502535e-18
481.14972940690166 3.4035360069260795e-18
481.2118051124146 3.293249537886313e-18
481.27388081792753 3.500734544987053e-18
481.3359565234405 3.4821478604851824e-18
481.3980322289534 3.4638181480875315e-18
481.4601079344664 3.32300792225875e-18
481.52218363997935 3.3311667215804952e-18
481.5842593454923 3.5954672573054475e-18
481.6463350510052 3.4131005803874478e-18
481.70841075651816 3.407692616301496e-18
481.7704864620311 3.366020667210256e-18
481.83256216754404 3.3312576665874333e-18
481.894637873057 3.3267483367498953e-18
481.9567135785699 3.4092416103597772e-18
482.01878928408286 3.399307666867663e-18
482.0808649895958 3.471684834432835e-18
482.14294069510873 3.3780855465059903e-18
482.2050164006217 3.449820850114011e-18
482.2670921061346 3.420450490201713e-18
482.32916781164755 3.468064895154805e-18
482.3912435171605 3.5112273273306776e-18
482.4533192226735 3.4410278663984965e-18
482.5153949281864 3.482152922713526e-18
482.57747063369936 3.3465337337533707e-18
482.6395463392123 3.4373957845244594e-18
482.70162204472524 3.3431880379331833e-18
482.7636977502382 3.3211063526069685e-18
482.8257734557511 3.3170563699622166e-18
482.88784916126406 3.3897336052397035e-18
482.949924866777 3.4018255145986554e-18
483.01200057228994 3.542038684850164e-18
483.0740762778029 3.4260553259487613e-18
483.1361519833158 3.488976290795639e-18
483.19822768882875 3.540498996022494e-18
483.2603033943417 3.4116751971046386e-18
483.32237909985463 3.4556503218238384e-18
483.38445480536757 3.482562552702166e-18
483.4465305108805 3.4385382291701205e-18
483.50860621639345 3.4222984197429708e-18
483.5706819219064 3.4119262313400324e-18
483.6327576274194 3.2967275332841112e-18
483.6948333329323 3.4092320088583357e-18
483.75690903844526 3.4395378494394486e-18
483.8189847439582 3.369476257043835e-18
483.88106044947114 3.4388288783711606e-18
483.9431361549841 3.3263566891504863e-18
484.005211860497 3.413195159846147e-18
484.06728756600995 3.423939443007852e-18
484.1293632715229 3.377519559136222e-18
484.19143897703583 3.395121795932522e-18
484.25351468254877 3.369800086934066e-18
484.3155903880617 3.475671160164759e-18
484.37766609357465 3.3252016060170488e-18
484.4397417990876 3.4877766316778756e-18
484.5018175046005 3.3945812187301283e-18
484.56389321011346 3.489560648276891e-18
484.62596891562646 3.4000026297689786e-18
484.6880446211394 3.3083586989220115e-18
484.75012032665234 3.417814184952867e-18
484.8121960321653 3.401357744801814e-18
484.8742717376782 3.296916712240961e-18
484.93634744319115 3.4083682957168364e-18
484.9984231487041 3.4348786127165798e-18
485.06049885421703 3.3457286327243587e-18
485.12257455972997 3.3988074096107187e-18
485.1846502652429 3.396056822939963e-18
485.24672597075585 3.341600087758469e-18
485.3088016762688 3.282145828726881e-18
485.3708773817817 3.3557832564260563e-18
485.43295308729466 3.3424708287242355e-18
485.4950287928076 3.4614394985404343e-18
485.55710449832054 3.418751084178126e-18
485.6191802038335 3.3636047517400634e-18
485.6812559093464 3.4136829523509255e-18
485.74333161485936 3.371683323583559e-18
485.80540732037235 3.2973777169449735e-18
485.8674830258853 3.3058347973921352e-18
485.92955873139823 3.4758514285929756e-18
485.99163443691117 3.3228720126581515e-18
486.0537101424241 3.307996305922755e-18
486.11578584793705 3.2902262993560316e-18
486.17786155345 3.3746519699785052e-18
486.2399372589629 3.3845293491890752e-18
486.30201296447586 3.4117980491178014e-18
486.3640886699888 3.360219568320474e-18
486.42616437550174 3.455912253849617e-18
486.4882400810147 3.41473561351928e-18
486.5503157865276 3.31721536420257e-18
486.61239149204056 3.375113645044125e-18
486.6744671975535 3.3346023151742355e-18
486.73654290306644 3.376387444600657e-18
486.79861860857943 3.3307145129381737e-18
486.86069431409237 3.3211347932192057e-18
486.9227700196053 3.31145085532196e-18
486.98484572511825 3.378995916843338e-18
487.0469214306312 3.389693105184427e-18
487.1089971361441 3.450811143610098e-18
487.17107284165706 3.3885762482078477e-18
487.23314854717 3.5688074610478304e-18
487.29522425268294 3.579533533160031e-18
487.3572999581959 3.567183282926969e-18
487.4193756637088 3.480488683312727e-18
487.48145136922176 3.4528778437906837e-18
487.5435270747347 3.62423024207613e-18
487.60560278024764 3.502378494523241e-18
487.6676784857606 3.381639064932417e-18
487.7297541912735 3.407180267987846e-18
487.79182989678645 3.4043800955061436e-18
487.8539056022994 3.41062402782983e-18
487.91598130781233 3.3878623189675685e-18
487.9780570133253 3.3250670782363812e-18
488.04013271883827 3.3491018124095415e-18
488.1022084243512 3.404691231086808e-18
488.16428412986414 3.553744739821136e-18
488.2263598353771 3.495153748567949e-18
488.28843554089 3.33527177593675e-18
488.35051124640296 3.292980900532306e-18
488.4125869519159 3.39205399677991e-18
488.47466265742884 3.388183216126388e-18
488.5367383629418 3.353453760385658e-18
488.5988140684547 3.3187849320704206e-18
488.66088977396765 3.385423571899821e-18
488.7229654794806 3.404419370966808e-18
488.78504118499353 3.3327900139160683e-18
488.84711689050647 3.4436083637083473e-18
488.9091925960194 3.2045511119424258e-18
488.9712683015324 3.2471565022406327e-18
489.03334400704534 3.3436202295470764e-18
489.0954197125583 3.347129852924604e-18
489.1574954180712 3.3106711870849992e-18
489.21957112358416 3.3260390886628248e-18
489.2816468290971 3.462013350706865e-18
489.34372253461004 3.4546624465257843e-18
489.405798240123 3.425601890851302e-18
489.4678739456359 3.328296996671574e-18
489.52994965114885 3.415669633010836e-18
489.5920253566618 3.435512030892775e-18
489.65410106217473 3.414791058294184e-18
489.71617676768767 3.289185250259196e-18
489.7782524732006 3.308554551458449e-18
489.84032817871355 3.4149799178681818e-18
489.9024038842265 3.4400257566843023e-18
489.9644795897394 3.454740433508929e-18
490.02655529525236 3.43575225246773e-18
490.0886310007653 3.4265079043568716e-18
490.1507067062783 3.4646440853951068e-18
490.21278241179124 3.406018549176258e-18
490.2748581173042 3.4286605802495543e-18
490.3369338228171 3.4591275484215404e-18
490.39900952833005 3.4314459127362174e-18
490.461085233843 3.4665725505352874e-18
490.52316093935593 3.4042793070264973e-18
490.58523664486887 3.455671573523373e-18
490.6473123503818 3.4094291486668637e-18
490.70938805589475 3.318152670795514e-18
490.7714637614077 3.4054222258125385e-18
490.8335394669206 3.384748061251124e-18
490.89561517243357 3.4067218661826668e-18
490.9576908779465 3.3732322109238517e-18
491.01976658345944 3.3283412176838482e-18
491.0818422889724 3.4204615835280146e-18
491.1439179944854 3.371961753716551e-18
491.2059936999983 3.3070551974838727e-18
491.26806940551126 3.3711917968132514e-18
491.3301451110242 3.3671767246326745e-18
491.39222081653713 3.305729119744971e-18
491.4542965220501 3.3221817327328143e-18
491.516372227563 3.301717291898103e-18
491.57844793307595 3.4129242029885237e-18
491.6405236385889 3.4180280301977172e-18
491.7025993441018 3.2615833662713553e-18
491.76467504961477 3.228977475249511e-18
491.8267507551277 3.4027939091900993e-18
491.88882646064064 3.4119525071556553e-18
491.9509021661536 3.3655546008743078e-18
492.0129778716665 3.4226473730586695e-18
492.07505357717946 3.532292288334284e-18
492.1371292826924 3.3506939839607908e-18
492.19920498820534 3.3425387892977717e-18
492.2612806937183 3.4376985162193255e-18
492.3233563992313 3.3820504043347496e-18
492.3854321047442 3.268967966806856e-18
492.44750781025715 3.3270706520414386e-18
492.5095835157701 3.2869901334115317e-18
492.571659221283 3.3257838869486504e-18
492.63373492679597 3.2663296188189644e-18
492.6958106323089 3.3577238355101103e-18
492.75788633782184 3.3474522263060018e-18
492.8199620433348 3.3326786297253013e-18
492.8820377488477 3.225513651229586e-18
492.94411345436066 3.285367653587991e-18
493.0061891598736 3.4159089008511646e-18
493.06826486538654 3.4044291939624815e-18
493.1303405708995 3.385863422981387e-18
493.1924162764124 3.243910823321412e-18
493.25449198192536 3.282507064099412e-18
493.31656768743835 3.376957732600657e-18
493.3786433929513 3.398054300200697e-18
493.4407190984642 3.40134564802286e-18
493.50279480397717 3.36498903767135e-18
493.5648705094901 3.4357317233095473e-18
493.62694621500304 3.3556851384964563e-18
493.689021920516 3.3862128163301413e-18
493.7510976260289 3.3716890134317997e-18
493.81317333154186 3.3937159807121415e-18
493.8752490370548 3.291169474836941e-18
493.93732474256774 3.2938379132177166e-18
493.9994004480807 3.3217674710033505e-18
494.0614761535936 3.3606812302660294e-18
494.12355185910656 3.397771732994691e-18
494.1856275646195 3.367874910956722e-18
494.24770327013243 3.35173727591955e-18
494.3097789756454 3.3466326709839375e-18
494.3718546811583 3.365939148923823e-18
494.43393038667125 3.4072691911784587e-18
494.49600609218425 3.3505207104513594e-18
494.5580817976972 3.3138472569325394e-18
494.6201575032101 3.4362210232863955e-18
494.68223320872306 3.4495486303835743e-18
494.744308914236 3.339167235460861e-18
494.80638461974894 3.388661594622058e-18
494.8684603252619 3.382096489117941e-18
494.9305360307748 3.3882346793862922e-18
494.99261173628776 3.3246432173739896e-18
495.0546874418007 3.3444117544297588e-18
495.11676314731363 3.391241032077844e-18
495.1788388528266 3.4632203512134356e-18
495.2409145583395 3.2955138148819584e-18
495.30299026385245 3.4069290208520085e-18
495.3650659693654 3.432426969324721e-18
495.4271416748783 3.4261212340659494e-18
495.4892173803913 3.218721555255586e-18
495.55129308590426 3.327092922808919e-18
495.6133687914172 3.358742589692869e-18
495.67544449693014 3.324035646902207e-18
495.7375202024431 3.3379996329188922e-18
495.799595907956 3.4103045673307146e-18
495.86167161346896 3.2910733778680878e-18
495.9237473189819 3.3316183173543258e-18
495.98582302449483 3.406771725237935e-18
496.0478987300078 3.4422015436086454e-18
496.1099744355207 3.267893866515439e-18
496.17205014103365 3.419926618784434e-18
496.2341258465466 3.3882208406196543e-18
496.29620155205953 3.369653176033314e-18
496.35827725757247 3.3739714082070284e-18
496.4203529630854 3.4758307791920655e-18
496.48242866859835 3.3756566698866907e-18
496.5445043741113 3.4028662174086247e-18
496.6065800796242 3.471185309757929e-18
496.6686557851372 3.430333003356778e-18
496.73073149065016 3.345682373134303e-18
496.7928071961631 3.3039795763796875e-18
496.85488290167604 3.3238023183977546e-18
496.916958607189 3.3202572186557275e-18
496.9790343127019 3.3743731584435564e-18
497.04111001821485 3.3689931280779596e-18
497.1031857237278 3.403311008647508e-18
497.16526142924073 3.3919669434082966e-18
497.22733713475367 3.2582838671488247e-18
497.2894128402666 3.3309463988288552e-18
497.35148854577955 3.3102705107525113e-18
497.4135642512925 3.429054980288202e-18
497.4756399568054 3.3740758808606815e-18
497.53771566231836 3.3758490153097896e-18
497.5997913678313 3.3094854591736322e-18
497.6618670733443 3.4040560321700545e-18
497.72394277885724 3.4223624066077156e-18
497.7860184843702 3.3767441889555137e-18
497.8480941898831 3.398981380560908e-18
497.91016989539605 3.4286143945647544e-18
497.972245600909 3.2988398036230438e-18
498.03432130642193 3.293999043449382e-18
498.09639701193487 3.3478906501050263e-18
498.1584727174478 3.304613446479534e-18
498.22054842296075 3.324673642360365e-18
498.2826241284737 3.3996016686938995e-18
498.3446998339866 3.3286215828910973e-18
498.40677553949956 3.4605339030021486e-18
498.4688512450125 3.3372238740482585e-18
498.53092695052544 3.2896311062447686e-18
498.5930026560384 3.2907654142052977e-18
498.6550783615513 3.3730068693747754e-18
498.71715406706426 3.419616767644664e-18
498.7792297725772 3.4144893244111966e-18
498.8413054780902 3.326022885171898e-18
498.90338118360313 3.3956630054048658e-18
498.96545688911607 3.386427454332299e-18
499.027532594629 3.2403815934876766e-18
499.08960830014195 3.2492224144603294e-18
499.1516840056549 3.2523965656601036e-18
499.2137597111678 3.3180639034327166e-18
499.27583541668076 3.3109793396751925e-18
499.3379111221937 3.304574078868639e-18
499.39998682770664 3.34992476340259e-18
499.4620625332196 3.357354657762638e-18
499.5241382387325 3.3095637058771542e-18
499.58621394424546 3.3087875168105874e-18
499.6482896497584 3.4488949025592557e-18
499.71036535527134 3.4249634946544135e-18
499.7724410607843 3.3193349792110885e-18
499.83451676629727 3.3064679456067212e-18
499.8965924718102 3.2548456883551912e-18
499.95866817732315 3.199859226340422e-18
500.0207438828361 3.229802118471536e-18
500.082819588349 3.341337567899804e-18
500.14489529386196 3.375601755116755e-18
500.2069709993749 3.308917118344108e-18
500.26904670488784 3.363588764139603e-18
500.3311224104008 3.3949006385632386e-18
500.3931981159137 3.3762654725583604e-18
500.45527382142666 3.3019293133167624e-18
500.5173495269396 3.343617618432624e-18
500.57942523245254 3.315529815964728e-18
500.6415009379655 3.2367970888460984e-18
500.7035766434784 3.3380439402391237e-18
500.76565234899135 3.385624767503111e-18
500.8277280545043 3.339369229551882e-18
500.88980376001723 3.3024156548671857e-18
500.95187946553017 3.23276326489124e-18
501.01395517104316 3.3546267792006936e-18
501.0760308765561 3.3090769154709887e-18
501.13810658206904 3.2684468780773224e-18
501.200182287582 3.3041575289047904e-18
501.2622579930949 3.2418730597898443e-18
501.32433369860786 3.266815204356639e-18
501.3864094041208 3.3153638215109903e-18
501.44848510963374 3.2048233541212624e-18
501.5105608151467 3.247296106346792e-18
501.5726365206596 3.2419329613416912e-18
501.63471222617255 3.2452493817704036e-18
501.6967879316855 3.249639797566386e-18
501.75886363719843 3.2474242286885165e-18
501.82093934271137 3.2678760228163036e-18
501.8830150482243 3.2484467207316106e-18
501.94509075373725 3.3483687851105577e-18
502.00716645925024 3.2837798762198904e-18
502.0692421647632 3.273665811470211e-18
502.1313178702761 3.2778832475239665e-18
502.19339357578906 3.273066261386926e-18
502.255469281302 3.333618219663175e-18
502.31754498681494 3.3136406828823155e-18
502.3796206923279 3.3321010281996735e-18
502.4416963978408 3.884242787761847e-18
502.50377210335375 4.980599376015424e-18
502.5658478088667 6.280003758252787e-18
502.62792351437963 7.75944782028974e-18
502.68999921989257 9.324099721227353e-18
502.7520749254055 1.0412606870297862e-17
502.81415063091845 1.0854588279004794e-17
502.8762263364314 1.0300844270830737e-17
502.9383020419443 9.950107237071091e-18
503.00037774745726 9.428893833330874e-18
503.0624534529702 8.294946278752573e-18
503.12452915848314 7.27847040309566e-18
503.18660486399614 5.7205821019306155e-18
503.2486805695091 4.108440168963798e-18
503.310756275022 3.375260883327037e-18
503.37283198053495 3.1416214476334284e-18
503.4349076860479 3.1766974650724946e-18
503.49698339156083 3.1908339395775136e-18
503.55905909707377 3.1792316976522695e-18
503.6211348025867 3.2068534335288967e-18
503.68321050809965 3.2085813565349164e-18
503.7452862136126 3.3394132334594787e-18
503.8073619191255 3.2973054159240304e-18
503.86943762463846 3.2740647693485143e-18
503.9315133301514 3.2592127395763447e-18
503.99358903566434 3.2331625298090133e-18
504.0556647411773 3.2107961855632283e-18
504.1177404466902 3.166873928106107e-18
504.17981615220316 3.260169548281311e-18
504.24189185771615 3.269292441582747e-18
504.3039675632291 3.175974741700111e-18
504.36604326874203 3.1793723247282715e-18
504.42811897425497 3.217631563184754e-18
504.4901946797679 3.1731184430441936e-18
504.55227038528085 3.3162537206914774e-18
504.6143460907938 3.22996344610387e-18
504.6764217963067 3.2390268472243362e-18
504.73849750181967 3.2938632716990033e-18
504.8005732073326 3.168140947341831e-18
504.86264891284554 3.1975446345503292e-18
504.9247246183585 3.2291168220842255e-18
504.9868003238714 3.156100637858849e-18
505.04887602938436 3.195279523474228e-18
505.1109517348973 3.1605492621195537e-18
505.17302744041024 3.0729914090931303e-18
505.2351031459232 3.2188715707914196e-18
505.2971788514361 3.1839762022552166e-18
505.3592545569491 3.15301011229226e-18
505.42133026246205 3.2275764422404454e-18
505.483405967975 3.1468120781313825e-18
505.5454816734879 3.197191702622943e-18
505.60755737900087 3.213558302149275e-18
505.6696330845138 3.188925570876381e-18
505.73170879002674 3.128167676254346e-18
505.7937844955397 3.1463870755178928e-18
505.8558602010526 3.1285269524668894e-18
505.91793590656556 3.145959644467999e-18
505.9800116120785 3.110480189606993e-18
506.04208731759144 3.0829941317828453e-18
506.1041630231044 3.233961732960126e-18
506.1662387286173 3.1798748162624216e-18
506.22831443413025 3.1568113517423433e-18
506.2903901396432 3.117614855433846e-18
506.35246584515613 3.2958926595612503e-18
506.4145415506691 3.2605111626993043e-18
506.47661725618207 3.127913119340656e-18
506.538692961695 3.1893104783017945e-18
506.60076866720794 3.201233859353775e-18
506.6628443727209 3.2372459170165392e-18
506.7249200782338 3.29804448066502e-18
506.78699578374676 3.1862920446242465e-18
506.8490714892597 3.1892449017867868e-18
506.91114719477264 3.2077396813302276e-18
506.9732229002856 3.148523196532007e-18
507.0352986057985 3.215275962460968e-18
507.09737431131146 3.1876514447752093e-18
507.1594500168244 3.1705983853092597e-18
507.22152572233733 3.2485458353334277e-18
507.2836014278503 3.2082867802092774e-18
507.3456771333632 3.127830019751537e-18
507.40775283887615 3.2208710115917204e-18
507.4698285443891 3.1100441633457303e-18
507.5319042499021 3.1787638373125012e-18
507.593979955415 3.176771804756656e-18
507.65605566092796 3.2234217826789207e-18
507.7181313664409 3.2069772548521277e-18
507.78020707195384 3.1118285497883442e-18
507.8422827774668 3.077064358813121e-18
507.9043584829797 3.0723766842634474e-18
507.96643418849266 3.0367951819796294e-18
508.0285098940056 3.053988817297553e-18
508.09058559951853 3.283223478917113e-18
508.1526613050315 3.1940259216331607e-18
508.2147370105444 3.1552262951270252e-18
508.27681271605735 3.1389044343581476e-18
508.3388884215703 3.169769435752828e-18
508.4009641270832 3.1467982604694174e-18
508.46303983259617 3.0576024694910577e-18
508.5251155381091 3.123468075612183e-18
508.5871912436221 3.1540248553602145e-18
508.64926694913504 3.0698287267388772e-18
508.711342654648 3.0036770863569774e-18
508.7734183601609 3.1565975622630674e-18
508.83549406567386 3.1479577457066337e-18
508.8975697711868 3.170269371651007e-18
508.95964547669973 3.1023844095101284e-18
509.0217211822127 3.1911973665886323e-18
509.0837968877256 3.1336368307818506e-18
509.14587259323855 3.2066696701964013e-18
509.2079482987515 3.187394321933364e-18
509.2700240042644 3.2168076388644777e-18
509.33209970977737 3.2827078968825594e-18
509.3941754152903 3.1827413671748273e-18
509.45625112080324 3.045263454462509e-18
509.5183268263162 3.1316088343218983e-18
509.5804025318291 3.0805335835258404e-18
509.64247823734206 3.122138221072306e-18
509.70455394285506 3.1344235707991455e-18
509.766629648368 3.054658487611298e-18
509.82870535388093 3.072866798436698e-18
509.8907810593939 3.05181381794274e-18
509.9528567649068 3.031213089130767e-18
510.01493247041975 3.1029322255000644e-18
510.0770081759327 3.1698621956561433e-18
510.13908388144563 3.2152373686110672e-18
510.20115958695857 3.104425468885173e-18
510.2632352924715 3.084680041858339e-18
510.32531099798445 3.0517908316033663e-18
510.3873867034974 3.1246539274364572e-18
510.4494624090103 3.1244620014725524e-18
510.51153811452326 3.118184959010643e-18
510.5736138200362 3.121184830763265e-18
510.63568952554914 3.1079037659303083e-18
510.6977652310621 3.1082693306217666e-18
510.7598409365751 3.157035664525185e-18
510.821916642088 3.206085597118117e-18
510.88399234760095 3.121891103948732e-18
510.9460680531139 3.0749463456643044e-18
511.00814375862683 3.111993679450721e-18
511.07021946413977 3.140502012080317e-18
511.1322951696527 3.0638167518600093e-18
511.19437087516565 3.164771250512311e-18
511.2564465806786 3.1526138608743778e-18
511.3185222861915 3.1172539385590073e-18
511.38059799170446 3.155182932846579e-18
511.4426736972174 3.120265351217489e-18
511.50474940273034 3.0911799582888948e-18
511.5668251082433 3.144470437816018e-18
511.6289008137562 3.1024277024628926e-18
511.69097651926916 3.0971474555413896e-18
511.7530522247821 3.083860970481737e-18
511.81512793029503 3.138989529371175e-18
511.87720363580803 3.112814854646804e-18
511.93927934132097 3.0810639865154536e-18
512.0013550468339 3.099905970756556e-18
512.0634307523468 3.1006984598364762e-18
512.1255064578597 3.019144725407014e-18
512.1875821633727 3.1286455523058154e-18
512.2496578688856 3.1442141818810082e-18
512.3117335743985 3.075845272057828e-18
512.3738092799116 3.2208332569971933e-18
512.4358849854245 3.267363913499392e-18
512.4979606909375 3.6365809362318775e-18
512.5600363964504 5.054901494302269e-18
512.6221121019634 8.086817003207596e-18
512.6841878074763 1.1710735611568743e-17
512.7462635129892 1.572261063650684e-17
512.8083392185022 1.9660069953332278e-17
512.8704149240151 2.1720079458078513e-17
512.932490629528 2.160587883813974e-17
512.994566335041 2.108931687457482e-17
513.0566420405539 2.0036841056423712e-17
513.1187177460669 1.778890873165835e-17
513.1807934515798 1.49703606342148e-17
513.2428691570927 1.1491291980117327e-17
513.3049448626057 7.398749408166607e-18
513.3670205681186 4.135273631911816e-18
513.4290962736316 3.1863191162593224e-18
513.4911719791445 3.0147234479548874e-18
513.5532476846574 3.0820274559911903e-18
513.6153233901704 3.1129893134243958e-18
513.6773990956833 3.067254702013303e-18
513.7394748011963 3.0781762968959847e-18
513.8015505067092 3.0915442575038164e-18
513.8636262122221 3.07387852412097e-18
513.9257019177351 3.128606267972389e-18
513.987777623248 3.030406072157274e-18
514.049853328761 2.988464000579714e-18
514.1119290342739 3.0541196074379864e-18
514.1740047397868 3.1382682205516323e-18
514.2360804452998 3.0994185278444304e-18
514.2981561508127 3.025072860097141e-18
514.3602318563256 2.985740879821387e-18
514.4223075618386 3.085850646761781e-18
514.4843832673515 3.0998958837484658e-18
514.5464589728646 3.103630747136458e-18
514.6085346783775 3.1081448140520143e-18
514.6706103838904 3.108081643929106e-18
514.7326860894034 3.088858146393382e-18
514.7947617949163 3.0534848938687835e-18
514.8568375004293 3.087249614200663e-18
514.9189132059422 3.0212613835017354e-18
514.9809889114551 3.10606220595967e-18
515.0430646169681 3.0799224219045163e-18
515.105140322481 3.070523189833153e-18
515.167216027994 3.1008115882006476e-18
515.2292917335069 3.0693815609029987e-18
515.2913674390198 3.0376320261925014e-18
515.3534431445328 3.0454170974078414e-18
515.4155188500457 3.05175602378146e-18
515.4775945555587 3.0904821315959953e-18
515.5396702610716 3.11210040797372e-18
515.6017459665845 3.0790287268410936e-18
515.6638216720975 3.0839567733400868e-18
515.7258973776104 3.049400934447874e-18
515.7879730831233 3.133514558530051e-18
515.8500487886363 3.0880589232918656e-18
515.9121244941492 3.064948897935788e-18
515.9742001996622 3.1272862622260957e-18
516.0362759051751 3.0457763992994282e-18
516.098351610688 3.0189533039741227e-18
516.160427316201 3.0420214453633866e-18
516.2225030217139 2.98619510365892e-18
516.2845787272269 2.9911632772263575e-18
516.3466544327398 3.025979661580584e-18
516.4087301382527 3.104984726255449e-18
516.4708058437657 3.121602247727797e-18
516.5328815492786 3.062001941209795e-18
516.5949572547916 3.068472034948997e-18
516.6570329603045 3.091513424684987e-18
516.7191086658175 3.1372304191200553e-18
516.7811843713305 3.0689447788329323e-18
516.8432600768434 3.015086043389111e-18
516.9053357823564 3.0962568737508587e-18
516.9674114878693 3.1286584222263312e-18
517.0294871933822 3.1121040580817078e-18
517.0915628988952 3.1818823075355137e-18
517.1536386044081 3.1638327353210757e-18
517.215714309921 3.2065769551728023e-18
517.277790015434 3.25167475490169e-18
517.3398657209469 3.2193394072137245e-18
517.4019414264599 3.381498680495061e-18
517.4640171319728 4.5857060749917835e-18
517.5260928374857 9.800853057549825e-18
517.5881685429987 1.970209448700855e-17
517.6502442485116 3.058402923911748e-17
517.7123199540246 4.1825219931344047e-17
517.7743956595375 5.285452259989696e-17
517.8364713650504 5.961943895853724e-17
517.8985470705634 5.901588966660366e-17
517.9606227760763 5.782161975449989e-17
518.0226984815893 5.223117534442058e-17
518.0847741871022 4.473694509312245e-17
518.1468498926151 3.699349622006127e-17
518.2089255981281 2.6252342004690097e-17
518.271001303641 1.3897074608471383e-17
518.333077009154 5.364437055909761e-18
518.3951527146669 3.3789948996615205e-18
518.4572284201798 3.2450819859158624e-18
518.5193041256928 3.2497813095653082e-18
518.5813798312057 3.21891662881446e-18
518.6434555367186 3.288870792614824e-18
518.7055312422316 3.239658792409486e-18
518.7676069477445 3.2428745869733677e-18
518.8296826532575 3.2867873644549403e-18
518.8917583587705 3.261447395614835e-18
518.9538340642835 3.1934268778176425e-18
519.0159097697964 3.170172447623539e-18
519.0779854753093 3.079466109376724e-18
519.1400611808223 3.0560487791746688e-18
519.2021368863352 2.9726011797145e-18
519.2642125918481 2.9943657232749073e-18
519.3262882973611 3.1425897609152362e-18
519.388364002874 3.0829833409818382e-18
519.450439708387 3.0843262321660183e-18
519.5125154138999 2.9678180152425104e-18
519.5745911194128 2.9900263581790094e-18
519.6366668249258 3.0258197862885216e-18
519.6987425304387 2.955888613507347e-18
519.7608182359517 2.9442919485558588e-18
519.8228939414646 2.9695359522726322e-18
519.8849696469775 2.931598462379321e-18
519.9470453524905 3.063422535061045e-18
520.0091210580034 2.9564765318379685e-18
520.0711967635164 2.9243644548605613e-18
520.1332724690293 2.8698010313809787e-18
520.1953481745422 2.8490927527531787e-18
520.2574238800552 2.8286215490610504e-18
520.3194995855681 2.909935624657928e-18
520.381575291081 2.9250249897238287e-18
520.443650996594 2.9154657548836678e-18
520.5057267021069 2.9212156703837905e-18
520.5678024076199 2.9894055164769047e-18
520.6298781131328 3.035391799137843e-18
520.6919538186457 2.9438139584894044e-18
520.7540295241587 2.925497322131775e-18
520.8161052296716 2.8730097030975784e-18
520.8781809351846 2.8999375553453052e-18
520.9402566406975 2.833892387568265e-18
521.0023323462104 2.906865224612549e-18
521.0644080517235 2.9369436431494656e-18
521.1264837572364 2.8225325280217184e-18
521.1885594627494 2.902105862580822e-18
521.2506351682623 2.96826363542945e-18
521.3127108737752 2.9080678290353126e-18
521.3747865792882 2.8467715943268446e-18
521.4368622848011 2.858159201754217e-18
521.4989379903141 2.9438880838895216e-18
521.561013695827 2.8830026040957924e-18
521.6230894013399 2.8173171642945606e-18
521.6851651068529 2.870292170056549e-18
521.7472408123658 2.9474169675515983e-18
521.8093165178788 2.923222387093709e-18
521.8713922233917 2.9733951124610233e-18
521.9334679289046 2.830325823330292e-18
521.9955436344176 2.827523326439819e-18
522.0576193399305 2.9065640892019563e-18
522.1196950454434 2.805240565851107e-18
522.1817707509564 2.7962337669040704e-18
522.2438464564693 2.858661617142217e-18
522.3059221619823 2.8661990274126414e-18
522.3679978674952 2.873096151415526e-18
522.4300735730081 2.892843995218537e-18
522.4921492785211 2.857546861576601e-18
522.554224984034 2.8590993154067804e-18
522.616300689547 2.8538858471006322e-18
522.6783763950599 2.9556267954808664e-18
522.7404521005728 2.9766266619633102e-18
522.8025278060858 2.881825154609415e-18
522.8646035115987 2.8956499470042517e-18
522.9266792171117 2.848250555385524e-18
522.9887549226246 2.882568567330843e-18
523.0508306281375 2.9462504353567867e-18
523.1129063336505 2.8409587238803284e-18
523.1749820391634 2.8613244960855712e-18
523.2370577446765 2.9557124278330076e-18
523.2991334501894 2.9417548978308486e-18
523.3612091557023 2.782942394332009e-18
523.4232848612153 2.8290363872090164e-18
523.4853605667282 2.866457619074931e-18
523.5474362722412 2.8876607669220116e-18
523.6095119777541 2.7683533925986414e-18
523.671587683267 2.877241583662847e-18
523.73366338878 2.836877351054052e-18
523.7957390942929 2.8191585140486507e-18
523.8578147998059 2.8944644285526924e-18
523.9198905053188 2.777575969946654e-18
523.9819662108317 2.8524286041428867e-18
524.0440419163447 2.8981210958731194e-18
524.1061176218576 2.8996615756129333e-18
524.1681933273705 2.894270779811011e-18
524.2302690328835 2.845341118376187e-18
524.2923447383964 2.897302282921633e-18
524.3544204439094 2.8326150634387586e-18
524.4164961494223 2.8622873688210894e-18
524.4785718549352 2.793454324760422e-18
524.5406475604482 2.7943961267741386e-18
524.6027232659611 2.8606039806967855e-18
524.664798971474 2.78588441945563e-18
524.726874676987 2.814098783166056e-18
524.7889503824999 2.8430786324747288e-18
524.8510260880129 2.833114205766646e-18
524.9131017935258 2.7451597475676713e-18
524.9751774990388 2.867790311261035e-18
525.0372532045517 2.7863273930653006e-18
525.0993289100646 2.8721547682323737e-18
525.1614046155776 2.8894704362352865e-18
525.2234803210905 2.87620623666607e-18
525.2855560266034 2.8413866046120824e-18
525.3476317321164 2.7563281725406467e-18
525.4097074376294 2.7934593985760517e-18
525.4717831431424 2.883154836331265e-18
525.5338588486553 2.7230400180266482e-18
525.5959345541683 2.7693069803191334e-18
525.6580102596812 2.741871647058186e-18
525.7200859651941 2.831030339242297e-18
525.7821616707071 2.741710126889336e-18
525.84423737622 2.7541988713499813e-18
525.906313081733 2.807688762328722e-18
525.9683887872459 2.758931772661265e-18
526.0304644927588 2.7634314247840562e-18
526.0925401982718 2.6775268847052856e-18
526.1546159037847 2.8058706918118226e-18
526.2166916092976 2.7275265793543123e-18
526.2787673148106 2.7498062416216422e-18
526.3408430203235 2.8854747056976908e-18
526.4029187258365 2.7231275129772555e-18
526.4649944313494 2.825777572963806e-18
526.5270701368623 2.7756561600158753e-18
526.5891458423753 2.8640407380023706e-18
526.6512215478882 2.8430304802165764e-18
526.7132972534012 2.7967987599927787e-18
526.7753729589141 2.811192325415698e-18
526.837448664427 2.721568456690975e-18
526.89952436994 2.773537018689925e-18
526.9616000754529 2.8537963797264183e-18
527.0236757809658 2.673408664955024e-18
527.0857514864788 2.6162660902672038e-18
527.1478271919917 2.7661638316240988e-18
527.2099028975047 2.7652293571815683e-18
527.2719786030176 2.8068567666566104e-18
527.3340543085305 2.7470671671495044e-18
527.3961300140435 2.7522936643861862e-18
527.4582057195564 2.7900525084382818e-18
527.5202814250694 2.6885466104689685e-18
527.5823571305824 2.7539180599608233e-18
527.6444328360953 2.7660108308952637e-18
527.7065085416083 2.7437009079468362e-18
527.7685842471212 2.7862982521787068e-18
527.8306599526342 2.7497403889026606e-18
527.8927356581471 2.7468730380759983e-18
527.95481136366 2.7651580955429677e-18
528.016887069173 2.7994770188963688e-18
528.0789627746859 2.778172595242996e-18
528.1410384801989 2.7933275757213455e-18
528.2031141857118 2.667284011899254e-18
528.2651898912247 2.7668043992801135e-18
528.3272655967377 2.6681732255943074e-18
528.3893413022506 2.8190230482963735e-18
528.4514170077636 2.6763461352883387e-18
528.5134927132765 2.6681178778750024e-18
528.5755684187894 2.7699289596313e-18
528.6376441243024 2.6658104306240695e-18
528.6997198298153 2.6963729345945607e-18
528.7617955353282 2.7692866557017286e-18
528.8238712408412 2.676453505451961e-18
528.8859469463541 2.831537223220429e-18
528.9480226518671 2.7587637425552125e-18
529.01009835738 2.688780203694045e-18
529.0721740628929 2.7198379009123017e-18
529.1342497684059 2.823107415779173e-18
529.1963254739188 2.754634173651462e-18
529.2584011794318 2.7551471363459915e-18
529.3204768849447 2.7337891111015406e-18
529.3825525904576 2.678269842845124e-18
529.4446282959706 2.7858698960758984e-18
529.5067040014835 2.750291327838672e-18
529.5687797069965 2.6980657731670923e-18
529.6308554125094 2.70723065879959e-18
529.6929311180223 2.743348060410634e-18
529.7550068235354 2.691900152266081e-18
529.8170825290483 2.6732249882824622e-18
529.8791582345613 2.7448976793495363e-18
529.9412339400742 2.718043947357713e-18
530.0033096455871 2.718238396996337e-18
530.0653853511001 2.725467477928374e-18
530.127461056613 2.6977416700305187e-18
530.189536762126 2.703660277507778e-18
530.2516124676389 2.807708816472877e-18
530.3136881731518 2.6951031574424122e-18
530.3757638786648 2.657491879791504e-18
530.4378395841777 2.7593409928524935e-18
530.4999152896906 2.70354593432878e-18
530.5619909952036 2.6886150199787422e-18
530.6240667007165 2.7455951987053776e-18
530.6861424062295 2.673137485572478e-18
530.7482181117424 2.6521929852471886e-18
530.8102938172553 2.644579443702231e-18
530.8723695227683 2.7224022814344045e-18
530.9344452282812 2.7470485480029286e-18
530.9965209337942 2.746779220925503e-18
531.0585966393071 2.6908771558929115e-18
531.12067234482 2.6973834526995473e-18
531.182748050333 2.7369735683249247e-18
531.2448237558459 2.7276979626567102e-18
531.3068994613589 2.7664511133977147e-18
531.3689751668718 2.7240498237250373e-18
531.4310508723847 2.6720921521275526e-18
531.4931265778977 2.7175831944205174e-18
531.5552022834106 2.681392712110555e-18
531.6172779889235 2.7269567219629996e-18
531.6793536944365 2.705956937879481e-18
531.7414293999494 2.7306447540758745e-18
531.8035051054624 2.6604136177402747e-18
531.8655808109753 2.6890479898174676e-18
531.9276565164884 2.656772647616052e-18
531.9897322220013 2.710775282739608e-18
532.0518079275142 2.7226956335544063e-18
532.1138836330272 2.6621377463149167e-18
532.1759593385401 2.7247642385841e-18
532.238035044053 2.7076048237827958e-18
532.300110749566 2.6903872100329366e-18
532.3621864550789 2.6640615000898676e-18
532.4242621605919 2.681493843272311e-18
532.4863378661048 2.7426587227887498e-18
532.5484135716177 2.707948751670675e-18
532.6104892771307 2.767924834479302e-18
532.6725649826436 2.7510972952406584e-18
532.7346406881566 2.6535352461559015e-18
532.7967163936695 2.755233698421438e-18
532.8587920991824 2.7506421512448098e-18
532.9208678046954 2.7212955694664263e-18
532.9829435102083 2.685634028684189e-18
533.0450192157213 2.7324066566494025e-18
533.1070949212342 2.7032272760675837e-18
533.1691706267471 2.7368573854548936e-18
533.2312463322601 2.64994849934778e-18
533.293322037773 2.6828640031649065e-18
533.355397743286 2.7644613459244455e-18
533.4174734487989 2.738405697813007e-18
533.4795491543118 2.6953967332873288e-18
533.5416248598248 2.66879146411936e-18
533.6037005653377 2.6576156941223116e-18
533.6657762708506 2.6972533931926706e-18
533.7278519763636 2.718047543982823e-18
533.7899276818765 2.7425600753562475e-18
533.8520033873895 2.6809391839647354e-18
533.9140790929024 2.741411112563223e-18
533.9761547984153 2.7534814790845678e-18
534.0382305039283 2.66904949390248e-18
534.1003062094413 2.6660406198286477e-18
534.1623819149543 2.7076186558195157e-18
534.2244576204672 2.6911671317135476e-18
534.2865333259801 2.6807042901263835e-18
534.3486090314931 2.707951046752027e-18
534.410684737006 2.696254560649992e-18
534.472760442519 2.6544831170717137e-18
534.5348361480319 2.6241636593900115e-18
534.5969118535448 2.670847216116793e-18
534.6589875590578 2.661191793592665e-18
534.7210632645707 2.7139737627895993e-18
534.7831389700837 2.81575622492165e-18
534.8452146755966 2.760461949686937e-18
534.9072903811095 2.6707203255818793e-18
534.9693660866225 2.6775971552116566e-18
535.0314417921354 2.7232392779197526e-18
535.0935174976483 2.7425647684855804e-18
535.1555932031613 2.74841738317463e-18
535.2176689086742 2.6992915095670395e-18
535.2797446141872 2.641998422013193e-18
535.3418203197001 2.6780866865872543e-18
535.403896025213 2.7669678660021548e-18
535.465971730726 2.745448716532683e-18
535.5280474362389 2.6875465243530696e-18
535.5901231417519 2.605946814369679e-18
535.6521988472648 2.6346889176716517e-18
535.7142745527777 2.7110990481892927e-18
535.7763502582907 2.699995409334929e-18
535.8384259638036 2.5943871983058023e-18
535.9005016693166 2.6814359114036187e-18
535.9625773748295 2.7203175605424602e-18
536.0246530803424 2.6466568112095217e-18
536.0867287858554 2.7356771401017103e-18
536.1488044913683 2.7324268185325456e-18
536.2108801968812 2.666243234844828e-18
536.2729559023942 2.6733442349603936e-18
536.3350316079072 2.6784854227190417e-18
536.3971073134202 2.693500865269347e-18
536.4591830189331 2.720371440096963e-18
536.521258724446 2.669483920953383e-18
536.583334429959 2.6817114641945333e-18
536.6454101354719 2.6617223473406642e-18
536.7074858409849 2.7176928494186506e-18
536.7695615464978 2.7929136183927627e-18
536.8316372520108 2.6728523582843157e-18
536.8937129575237 2.660942074872329e-18
536.9557886630366 2.731351774705196e-18
537.0178643685496 2.6583625158856178e-18
537.0799400740625 2.7386606761000564e-18
537.1420157795754 2.705386930116418e-18
537.2040914850884 2.7133843819209127e-18
537.2661671906013 2.702014059151708e-18
537.3282428961143 2.7319023236086466e-18
537.3903186016272 2.7156433992166965e-18
537.4523943071401 2.695600503185051e-18
537.5144700126531 2.691194173926221e-18
537.576545718166 2.7516383348595578e-18
537.638621423679 2.722251689703117e-18
537.7006971291919 2.6974619938858143e-18
537.7627728347048 2.68064986591144e-18
537.8248485402178 2.7003743425635475e-18
537.8869242457307 2.8101629946847776e-18
537.9489999512436 2.7496282607761228e-18
538.0110756567566 2.727719658263418e-18
538.0731513622695 2.7798535057458438e-18
538.1352270677825 2.678871846212181e-18
538.1973027732954 2.5908163953551625e-18
538.2593784788083 2.64498245292894e-18
538.3214541843213 2.6708438940598324e-18
538.3835298898342 2.7545093727662426e-18
538.4456055953472 2.7259118385700437e-18
538.5076813008602 2.700813365848594e-18
538.5697570063732 2.7073425602379586e-18
538.6318327118861 2.797045769020212e-18
538.693908417399 2.7126349172568742e-18
538.755984122912 2.6370316279830995e-18
538.8180598284249 2.71963863811724e-18
538.8801355339378 2.6422405602060457e-18
538.9422112394508 2.609604398157354e-18
539.0042869449637 2.7394007235650714e-18
539.0663626504767 2.6342306733111558e-18
539.1284383559896 2.7069554654221974e-18
539.1905140615025 2.68780677843043e-18
539.2525897670155 2.7118673096781283e-18
539.3146654725284 2.740752090467584e-18
539.3767411780414 2.702152553657407e-18
539.4388168835543 2.7056133212559503e-18
539.5008925890672 2.688466147284611e-18
539.5629682945802 2.7675053242017346e-18
539.6250440000931 2.6809997746051836e-18
539.687119705606 2.664059012422809e-18
539.749195411119 2.5616946818435024e-18
539.8112711166319 2.6569044615174097e-18
539.8733468221449 2.6423964946288287e-18
539.9354225276578 2.6091319329123143e-18
539.9974982331707 2.625349564788912e-18
540.0595739386837 2.699052001896543e-18
540.1216496441966 2.6264888932144286e-18
540.1837253497096 2.7132201537240525e-18
540.2458010552225 2.670094676542308e-18
540.3078767607354 2.6305034062701463e-18
540.3699524662484 2.6138763292207294e-18
540.4320281717613 2.558505754131681e-18
540.4941038772743 2.7365344119566135e-18
540.5561795827872 2.6380979831748515e-18
540.6182552883001 2.6788177208968464e-18
540.6803309938132 2.649257464022366e-18
540.7424066993261 2.576133672483031e-18
540.8044824048391 2.697177508766167e-18
540.866558110352 2.664301740548258e-18
540.9286338158649 2.6136402708174308e-18
540.9907095213779 2.7413450517093218e-18
541.0527852268908 2.5428474023123573e-18
541.1148609324038 2.5442604738008347e-18
541.1769366379167 2.5207907325831495e-18
541.2390123434296 2.567396572942254e-18
541.3010880489426 2.6140131314301328e-18
541.3631637544555 2.6649715834478945e-18
541.4252394599685 2.63260146469091e-18
541.4873151654814 2.6501144657659024e-18
541.5493908709943 2.635510983666948e-18
541.6114665765073 2.565666170131776e-18
541.6735422820202 2.6759176237860685e-18
541.7356179875331 2.6570052891623398e-18
541.7976936930461 2.514069215695982e-18
541.859769398559 2.5515081911271855e-18
541.921845104072 2.5950972963870284e-18
541.9839208095849 2.7118175100785933e-18
542.0459965150978 2.5080687621112867e-18
542.1080722206108 2.5130342984911707e-18
542.1701479261237 2.49305687757256e-18
542.2322236316367 2.638041441163446e-18
542.2942993371496 2.5262710121453935e-18
542.3563750426625 2.4696906395164267e-18
542.4184507481755 2.6598048129488345e-18
542.4805264536884 2.605115857143153e-18
542.5426021592014 2.6876332964114275e-18
542.6046778647143 2.660986155198103e-18
542.6667535702272 2.5758252078442734e-18
542.7288292757402 2.609409967025435e-18
542.7909049812531 2.5475326940539006e-18
542.8529806867662 2.49003285712848e-18
542.9150563922791 2.5583598663298867e-18
542.977132097792 2.5346873851474366e-18
543.039207803305 2.5654898426739335e-18
543.1012835088179 2.60161479877774e-18
543.1633592143309 2.5330642305997172e-18
543.2254349198438 2.4622108862342993e-18
543.2875106253567 2.5678143248738553e-18
543.3495863308697 2.5712629038132194e-18
543.4116620363826 2.5806537963413102e-18
543.4737377418955 2.507345826670369e-18
543.5358134474085 2.5876480941607962e-18
543.5978891529214 2.5702162256682777e-18
543.6599648584344 2.554914820894864e-18
543.7220405639473 2.556678842229838e-18
543.7841162694602 2.5842178670926744e-18
543.8461919749732 2.5286788632763856e-18
543.9082676804861 2.480339070179707e-18
543.9703433859991 2.4730748438886965e-18
544.032419091512 2.526889533055367e-18
544.0944947970249 2.4954422112159044e-18
544.1565705025379 2.449840067571635e-18
544.2186462080508 2.612105870955953e-18
544.2807219135638 2.5750459507644457e-18
544.3427976190767 2.4913292919956924e-18
544.4048733245896 2.5589424652702958e-18
544.4669490301026 2.5465157836051736e-18
544.5290247356155 2.465103684123029e-18
544.5911004411284 2.463140721886258e-18
544.6531761466414 2.495747776658331e-18
544.7152518521543 2.5011406385128408e-18
544.7773275576673 2.513682810564757e-18
544.8394032631802 2.4283044823001516e-18
544.9014789686931 2.517221414519772e-18
544.9635546742061 2.486617418735062e-18
545.0256303797191 2.4797279446165666e-18
545.0877060852321 2.546541608153723e-18
545.149781790745 2.513152862330356e-18
545.211857496258 2.4438206343328402e-18
545.2739332017709 2.4904681481332277e-18
545.3360089072838 2.5299464752692583e-18
545.3980846127968 2.505635170533169e-18
545.4601603183097 2.5313015083534975e-18
545.5222360238226 2.46026792752441e-18
545.5843117293356 2.478143896888844e-18
545.6463874348485 2.5043041985120476e-18
545.7084631403615 2.4984519741721287e-18
545.7705388458744 2.5253290233646168e-18
545.8326145513873 2.4849603487284036e-18
545.8946902569003 2.5256202291152037e-18
545.9567659624132 2.5135301177738033e-18
546.0188416679262 2.4349422901084662e-18
546.0809173734391 2.430354548238904e-18
546.142993078952 2.4446448571367894e-18
546.205068784465 2.488038134769346e-18
546.2671444899779 2.492645814486694e-18
546.3292201954908 2.535234428738901e-18
546.3912959010038 2.509808472534507e-18
546.4533716065167 2.4850695674501468e-18
546.5154473120297 2.4235896704812033e-18
546.5775230175426 2.4212002311370817e-18
546.6395987230555 2.4683032614023166e-18
546.7016744285685 2.4438695476451183e-18
546.7637501340814 2.4308613761923583e-18
546.8258258395944 2.4466838619984728e-18
546.8879015451073 2.3797227614808322e-18
546.9499772506202 2.4656563822581207e-18
547.0120529561332 2.5106935431865656e-18
547.0741286616461 2.4217650064509503e-18
547.136204367159 2.5074741368830483e-18
547.1982800726721 2.5031939413804935e-18
547.260355778185 2.3722784281482548e-18
547.322431483698 2.32892253204085e-18
547.3845071892109 2.3553192385993475e-18
547.4465828947239 2.487181670406206e-18
547.5086586002368 2.418422817425612e-18
547.5707343057497 2.4504805514647185e-18
547.6328100112627 2.4123044200647503e-18
547.6948857167756 2.4776295505643744e-18
547.7569614222886 2.5371384250579747e-18
547.8190371278015 2.410409142063389e-18
547.8811128333144 2.454695385031548e-18
547.9431885388274 2.4670350688863197e-18
548.0052642443403 2.4721191652532106e-18
548.0673399498532 2.4556409299538327e-18
548.1294156553662 2.3899422984428143e-18
548.1914913608791 2.3989826455203675e-18
548.2535670663921 2.406759845469947e-18
548.315642771905 2.557117698330905e-18
548.377718477418 2.4453742785454514e-18
548.4397941829309 2.502778570113515e-18
548.5018698884438 2.5057046083286727e-18
548.5639455939568 2.46887406987895e-18
548.6260212994697 2.401085041627218e-18
548.6880970049826 2.4984421048690283e-18
548.7501727104956 2.4413996111351055e-18
548.8122484160085 2.4767880619903172e-18
548.8743241215215 2.4114139900868956e-18
548.9363998270344 2.5542138014147384e-18
548.9984755325473 2.467555469598538e-18
549.0605512380603 2.4339090870600523e-18
549.1226269435732 2.4041395723011016e-18
549.1847026490861 2.5004771683143398e-18
549.2467783545991 2.4107439557998834e-18
549.308854060112 2.415890030529054e-18
549.3709297656251 2.4878041489939583e-18
549.433005471138 2.4797945186483938e-18
549.495081176651 2.417688694756238e-18
549.5571568821639 2.5659323563086636e-18
549.6192325876768 2.503017089413757e-18
549.6813082931898 2.39945572841761e-18
549.7433839987027 2.4181544288359967e-18
549.8054597042157 2.5118362891389082e-18
549.8675354097286 2.502598875535687e-18
549.9296111152415 2.5334377162093446e-18
549.9916868207545 2.488350906532793e-18
550.0537625262674 2.50862717257473e-18
550.1158382317803 2.5059802857085346e-18
550.1779139372933 2.4323265656645633e-18
550.2399896428062 2.4512048847573306e-18
550.3020653483192 2.5801894648671098e-18
550.3641410538321 2.3845876994369243e-18
550.426216759345 2.471241121436219e-18
550.488292464858 2.503043909670807e-18
550.5503681703709 2.438402898549107e-18
550.6124438758839 2.3572649760628397e-18
550.6745195813968 2.2624556426839088e-18
550.7365952869097 2.391233023562385e-18
550.7986709924227 2.234773732197852e-18
550.8607466979356 2.1961570858961236e-18
550.9228224034485 2.4032185480850568e-18
550.9848981089615 2.3862057386062496e-18
551.0469738144744 2.392019988647251e-18
551.1090495199874 2.44468329435118e-18
551.1711252255003 2.4649385080820953e-18
551.2332009310132 2.5369724887559156e-18
551.2952766365262 2.465139270052982e-18
551.3573523420391 2.4654173878716984e-18
551.4194280475521 2.4773603705590265e-18
551.481503753065 2.455320833501071e-18
551.543579458578 2.434218661269429e-18
551.605655164091 2.454098722430846e-18
551.6677308696039 2.5286120727725295e-18
551.7298065751169 2.391612605206768e-18
551.7918822806298 2.5330686167527952e-18
551.8539579861427 2.5419655072739954e-18
551.9160336916557 2.4260412665092228e-18
551.9781093971686 2.3801757948552013e-18
552.0401851026816 2.5153543388165244e-18
552.1022608081945 2.4454607351416135e-18
552.1643365137074 2.4480808330943332e-18
552.2264122192204 2.5456495466245995e-18
552.2884879247333 2.5459736620645015e-18
552.3505636302463 2.5021461492301015e-18
552.4126393357592 2.4884449912726455e-18
552.4747150412721 2.5290657455632884e-18
552.5367907467851 2.4245960674054968e-18
552.598866452298 2.4719335744459936e-18
552.660942157811 2.5064885672100042e-18
552.7230178633239 2.4683915387444675e-18
552.7850935688368 2.4579690005691855e-18
552.8471692743498 2.494739049886221e-18
552.9092449798627 2.426421520131788e-18
552.9713206853756 2.4604496448518714e-18
553.0333963908886 2.479649806270185e-18
553.0954720964015 2.3525637902744227e-18
553.1575478019145 2.40269672643643e-18
553.2196235074274 2.5249546801245347e-18
553.2816992129403 2.5401618881592847e-18
553.3437749184533 2.551479212282331e-18
553.4058506239662 2.4488958301114853e-18
553.4679263294792 2.399104705691176e-18
553.5300020349921 2.512170337360198e-18
553.5920777405051 2.4977920596864868e-18
553.654153446018 2.4454648122311954e-18
553.716229151531 2.430713967222051e-18
553.778304857044 2.4578840026828712e-18
553.8403805625569 2.5299365733617714e-18
553.9024562680698 2.4663421688541056e-18
553.9645319735828 2.5194636707807925e-18
554.0266076790957 2.4894900078448334e-18
554.0886833846087 2.463553461244395e-18
554.1507590901216 2.4638826776161086e-18
554.2128347956345 2.49234366618359e-18
554.2749105011475 2.393327388315721e-18
554.3369862066604 2.4576772888856984e-18
554.3990619121734 2.5350545067324544e-18
554.4611376176863 2.4925266615850815e-18
554.5232133231992 2.4630239088294725e-18
554.5852890287122 2.499839436862757e-18
554.6473647342251 2.432891679078659e-18
554.709440439738 2.4504669919376656e-18
554.771516145251 2.509302377955637e-18
554.8335918507639 2.5749668230839364e-18
554.8956675562769 2.4776583845944557e-18
554.9577432617898 2.4849211421534846e-18
555.0198189673027 2.581268273971986e-18
555.0818946728157 2.555394072040592e-18
555.1439703783286 2.5299394176989525e-18
555.2060460838416 2.4681706471989434e-18
555.2681217893545 2.4920565518261643e-18
555.3301974948674 2.446587416124528e-18
555.3922732003804 2.456601049674478e-18
555.4543489058933 2.4909252075750898e-18
555.5164246114063 2.4825130068680213e-18
555.5785003169192 2.4973972116711226e-18
555.6405760224321 2.4597160067461913e-18
555.7026517279451 2.494371341106747e-18
555.7647274334581 2.4881018063463093e-18
555.826803138971 2.5776669383867667e-18
555.888878844484 2.5394865460725163e-18
555.9509545499969 2.4951768445158096e-18
556.0130302555099 2.507185594579693e-18
556.0751059610228 2.4766839118420854e-18
556.1371816665358 2.558869560491224e-18
556.1992573720487 2.535397553916627e-18
556.2613330775616 2.443813398926566e-18
556.3234087830746 2.476190560463314e-18
556.3854844885875 2.5258331362621946e-18
556.4475601941004 2.48446895838404e-18
556.5096358996134 2.437462285956933e-18
556.5717116051263 2.5559139827676383e-18
556.6337873106393 2.5253927748923573e-18
556.6958630161522 2.4124450535088346e-18
556.7579387216651 2.4585994173863684e-18
556.8200144271781 2.470840620129747e-18
556.882090132691 2.4764435263292717e-18
556.944165838204 2.487369372190048e-18
557.0062415437169 2.4705830007543883e-18
557.0683172492298 2.4117960798917763e-18
557.1303929547428 2.4885184488133228e-18
557.1924686602557 2.4407590512979365e-18
557.2545443657687 2.4993312691262347e-18
557.3166200712816 2.441435972324834e-18
557.3786957767945 2.6385125723962354e-18
557.4407714823075 2.3721685391701113e-18
557.5028471878204 2.4229854384776623e-18
557.5649228933333 2.3790776037702657e-18
557.6269985988463 2.5031157297253424e-18
557.6890743043592 2.521562232004049e-18
557.7511500098722 2.509680244979056e-18
557.8132257153851 2.5694287291178386e-18
557.875301420898 2.5380535433522774e-18
557.9373771264111 2.4007779113209593e-18
557.9994528319239 2.6257227596429593e-18
558.061528537437 2.661607179178696e-18
558.1236042429499 2.3410708919816558e-18
558.1856799484628 2.435120438425709e-18
558.2477556539758 2.4765209338233327e-18
558.3098313594887 2.5638334106813804e-18
558.3719070650017 2.47261059876739e-18
558.4339827705146 2.580516130076967e-18
558.4960584760275 2.4861424693934575e-18
558.5581341815405 2.5231391904451834e-18
558.6202098870534 2.574442732135463e-18
558.6822855925664 2.5396603588590253e-18
558.7443612980793 2.538926633327391e-18
558.8064370035922 2.437517199334819e-18
558.8685127091052 2.523493259362788e-18
558.9305884146181 2.5562153190776122e-18
558.992664120131 2.457085634070678e-18
559.054739825644 2.428037412857345e-18
559.1168155311569 2.4744788927231353e-18
559.1788912366699 2.4823125053754372e-18
559.2409669421828 2.521771901936771e-18
559.3030426476957 2.516313993244918e-18
559.3651183532087 2.453156769441324e-18
559.4271940587216 2.470935597802745e-18
559.4892697642346 2.419393330863952e-18
559.5513454697475 2.4623070561739654e-18
559.6134211752604 2.4936311766151474e-18
559.6754968807734 2.4079102689899367e-18
559.7375725862863 2.388375892192296e-18
559.7996482917993 2.5181969079392854e-18
559.8617239973122 2.4664462469895334e-18
559.9237997028251 2.481109389487755e-18
559.9858754083381 2.456196110977465e-18
560.047951113851 2.4532069336977857e-18
560.1100268193641 2.4653338912766746e-18
560.1721025248769 2.5284945650417435e-18
560.23417823039 2.5370331194651438e-18
560.2962539359029 2.492590259783347e-18
560.3583296414158 2.4455482775360486e-18
560.4204053469288 2.4873739885841245e-18
560.4824810524417 2.5177668792518763e-18
560.5445567579546 2.4592116746590142e-18
560.6066324634676 2.5563760546762994e-18
560.6687081689805 2.5198889263269642e-18
560.7307838744935 2.5067328017052946e-18
560.7928595800064 2.5141494979282387e-18
560.8549352855193 2.5257130929011126e-18
560.9170109910323 2.4835922616208294e-18
560.9790866965452 2.492210903347962e-18
561.0411624020581 2.5032722262362124e-18
561.1032381075711 2.474575561678642e-18
561.165313813084 2.5420623017919167e-18
561.227389518597 2.4705353844709122e-18
561.2894652241099 2.45375193307742e-18
561.3515409296228 2.5436173748596843e-18
561.4136166351358 2.519888792224415e-18
561.4756923406487 2.5695727555779942e-18
561.5377680461617 2.5137598561431747e-18
561.5998437516746 2.435328201884924e-18
561.6619194571875 2.52415627724627e-18
561.7239951627005 2.54872309353246e-18
561.7860708682134 2.5322528860323165e-18
561.8481465737264 2.5324840634837022e-18
561.9102222792393 2.4543137954136264e-18
561.9722979847522 2.387450968092633e-18
562.0343736902652 2.4537192232264993e-18
562.0964493957781 2.488933434853477e-18
562.158525101291 2.470183312930654e-18
562.220600806804 2.4405210364224926e-18
562.282676512317 2.4317559440969235e-18
562.3447522178299 2.432252978656316e-18
562.4068279233429 2.3834337438341226e-18
562.4689036288559 2.4689470003385975e-18
562.5309793343688 2.470651083268425e-18
562.5930550398817 2.4960248955078575e-18
562.6551307453947 2.451619170370648e-18
562.7172064509076 2.472832607733426e-18
562.7792821564205 2.4809143337247434e-18
562.8413578619335 2.438990161917402e-18
562.9034335674464 2.4247724484376773e-18
562.9655092729594 2.391570680176445e-18
563.0275849784723 2.4065417060414663e-18
563.0896606839852 2.4464731534463257e-18
563.1517363894982 2.5366553261063712e-18
563.2138120950111 2.413863116227248e-18
563.2758878005241 2.4508358612303818e-18
563.337963506037 2.483418623736905e-18
563.4000392115499 2.5267594445390112e-18
563.4621149170629 2.510228175147041e-18
563.5241906225758 2.4815041896092315e-18
563.5862663280888 2.442691233701644e-18
563.6483420336017 2.4252597239149095e-18
563.7104177391146 2.5052854375341276e-18
563.7724934446276 2.467728295827653e-18
563.8345691501405 2.3931803662448325e-18
563.8966448556534 2.4422987545740712e-18
563.9587205611664 2.454430361588912e-18
564.0207962666793 2.4439229745540093e-18
564.0828719721923 2.4843639963270254e-18
564.1449476777052 2.521557675813469e-18
564.2070233832181 2.5192489601075556e-18
564.2690990887311 2.576858842657085e-18
564.331174794244 2.4231608042599106e-18
564.393250499757 2.4687376196922073e-18
564.45532620527 2.5495041626343258e-18
564.5174019107828 2.497938659089621e-18
564.5794776162959 2.4715327173887356e-18
564.6415533218088 2.417543206662491e-18
564.7036290273218 2.453117994788305e-18
564.7657047328347 2.4150333998217263e-18
564.8277804383476 2.4488838137087553e-18
564.8898561438606 2.4677600095783352e-18
564.9519318493735 2.4797833212593288e-18
565.0140075548865 2.4722052581265253e-18
565.0760832603994 2.533978385963368e-18
565.1381589659123 2.497368304056496e-18
565.2002346714253 2.396975331885804e-18
565.2623103769382 2.5545532854599706e-18
565.3243860824512 2.526572388179274e-18
565.3864617879641 2.5612491397796295e-18
565.448537493477 2.5490430167453556e-18
565.51061319899 2.3515034268919763e-18
565.5726889045029 2.4775733084094575e-18
565.6347646100158 2.520304226303807e-18
565.6968403155288 2.508918076501297e-18
565.7589160210417 2.4284659995955985e-18
565.8209917265547 2.4259989427826356e-18
565.8830674320676 2.412865588147054e-18
565.9451431375805 2.5300707011435174e-18
566.0072188430935 2.478288157372699e-18
566.0692945486064 2.466774713068751e-18
566.1313702541194 2.4314447273031357e-18
566.1934459596323 2.5132485432459673e-18
566.2555216651452 2.530521654498773e-18
566.3175973706582 2.4479120194564794e-18
566.3796730761711 2.520511149339024e-18
566.441748781684 2.4783680815205027e-18
566.503824487197 2.423907433772179e-18
566.5659001927099 2.442124841960618e-18
566.627975898223 2.498937799624175e-18
566.6900516037358 2.443731133381907e-18
566.7521273092489 2.3937703164686027e-18
566.8142030147618 2.4643876106280015e-18
566.8762787202747 2.5080241691453658e-18
566.9383544257877 2.4975093238847402e-18
567.0004301313006 2.504493124332876e-18
567.0625058368136 2.461856675504999e-18
567.1245815423265 2.4810033427614756e-18
567.1866572478394 2.458913439427192e-18
567.2487329533524 2.4264100166205953e-18
567.3108086588653 2.4861900788014753e-18
567.3728843643783 2.507353698436062e-18
567.4349600698912 2.4629235790179954e-18
567.4970357754041 2.435753985277275e-18
567.5591114809171 2.5278986270561578e-18
567.62118718643 2.4760060020399646e-18
567.683262891943 2.409416030150442e-18
567.7453385974559 2.4774103936638413e-18
567.8074143029688 2.3990769542589857e-18
567.8694900084818 2.4475887648715165e-18
567.9315657139947 2.453102171476208e-18
567.9936414195076 2.4542809598508477e-18
568.0557171250206 2.429799635141545e-18
568.1177928305335 2.4287495707471146e-18
568.1798685360465 2.3742899830230974e-18
568.2419442415594 2.395598678950838e-18
568.3040199470723 2.3961242574458832e-18
568.3660956525853 2.429443576025451e-18
568.4281713580982 2.4472282917141635e-18
568.4902470636112 2.5414314063147405e-18
568.5523227691241 2.4397167141501774e-18
568.614398474637 2.4924902538533985e-18
568.67647418015 2.380607743728595e-18
568.7385498856629 2.4091619613014468e-18
568.800625591176 2.3952619868101216e-18
568.8627012966888 2.396420105507888e-18
568.9247770022018 2.4060690054522333e-18
568.9868527077148 2.385323879765341e-18
569.0489284132277 2.4363135601345928e-18
569.1110041187407 2.437146414897452e-18
569.1730798242536 2.326767993895711e-18
569.2351555297665 2.3977897702607992e-18
569.2972312352795 2.381729776470141e-18
569.3593069407924 2.3565841574633997e-18
569.4213826463053 2.4388608712199398e-18
569.4834583518183 2.4103826307268633e-18
569.5455340573312 2.4667960142849647e-18
569.6076097628442 2.4005194234265844e-18
569.6696854683571 2.3949454956599246e-18
569.73176117387 2.43752712285168e-18
569.793836879383 2.4623773335912695e-18
569.8559125848959 2.42583519258125e-18
569.9179882904089 2.4171702316962388e-18
569.9800639959218 2.36851788483683e-18
570.0421397014347 2.453972821615212e-18
570.1042154069477 2.3928643979357545e-18
570.1662911124606 2.4673805899740963e-18
570.2283668179736 2.411642257034541e-18
570.2904425234865 2.336671435463019e-18
570.3525182289994 2.359862583177048e-18
570.4145939345124 2.2712317121874507e-18
570.4766696400253 2.361227405121247e-18
570.5387453455382 2.450170375336323e-18
570.6008210510512 2.3874499203084963e-18
570.6628967565641 2.420995208175385e-18
570.7249724620771 2.4067015417137726e-18
570.78704816759 2.4416886953449235e-18
570.8491238731029 2.4656819092889675e-18
570.9111995786159 2.358745663822004e-18
570.9732752841289 2.4370995512676625e-18
571.0353509896418 2.420579098540328e-18
571.0974266951548 2.361261615427468e-18
571.1595024006677 2.498336028956606e-18
571.2215781061807 2.427964527405016e-18
571.2836538116936 2.429143912620037e-18
571.3457295172066 2.3698483032209638e-18
571.4078052227195 2.3848619245156468e-18
571.4698809282324 2.4691247078843045e-18
571.5319566337454 2.4245574808416117e-18
571.5940323392583 2.4343517003713603e-18
571.6561080447713 2.4116610536253355e-18
571.7181837502842 2.37513821616249e-18
571.7802594557971 2.446165736991547e-18
571.8423351613101 2.3701951961006025e-18
571.904410866823 2.3728352648318876e-18
571.966486572336 2.3795745978428416e-18
572.0285622778489 2.3058925188399517e-18
572.0906379833618 2.383249388209074e-18
572.1527136888748 2.454989467407542e-18
572.2147893943877 2.3849244839855222e-18
572.2768650999006 2.3408163680345456e-18
572.3389408054136 2.2994956726541767e-18
572.4010165109265 2.35716328133565e-18
572.4630922164395 2.3747647299529965e-18
572.5251679219524 2.3919930365081226e-18
572.5872436274653 2.4098107486378897e-18
572.6493193329783 2.258207759121858e-18
572.7113950384912 2.358456581726572e-18
572.7734707440042 2.3831953686984746e-18
572.8355464495171 2.4214652236248514e-18
572.89762215503 2.390189002863493e-18
572.959697860543 2.3202787077497573e-18
573.0217735660559 2.2783289983252546e-18
573.0838492715689 2.3527488466594818e-18
573.1459249770819 2.3219817775431256e-18
573.2080006825947 2.3082768764636966e-18
573.2700763881078 2.4300532214629802e-18
573.3321520936207 2.3547118315563607e-18
573.3942277991337 2.3895583676135576e-18
573.4563035046466 2.396397313749452e-18
573.5183792101595 2.357223170728373e-18
573.5804549156725 2.378236142556215e-18
573.6425306211854 2.2911475493089927e-18
573.7046063266984 2.3696170445630525e-18
573.7666820322113 2.4143547869906768e-18
573.8287577377242 2.3646413301958234e-18
573.8908334432372 2.3307346717855566e-18
573.9529091487501 2.3323815594897124e-18
574.014984854263 2.3995965616029748e-18
574.077060559776 2.3723700147859202e-18
574.1391362652889 2.3751151612147348e-18
574.2012119708019 2.430297169845366e-18
574.2632876763148 2.421432970416723e-18
574.3253633818277 2.3245184259689667e-18
574.3874390873407 2.412415303416107e-18
574.4495147928536 2.394622543247718e-18
574.5115904983666 2.33464338924904e-18
574.5736662038795 2.3428417143143185e-18
574.6357419093924 2.333991267015884e-18
574.6978176149054 2.292394284713371e-18
574.7598933204183 2.33758699785019e-18
574.8219690259313 2.305595136843827e-18
574.8840447314442 2.3604504204767273e-18
574.9461204369571 2.2374215902822013e-18
575.0081961424701 2.327620639470283e-18
575.070271847983 2.4015199319335202e-18
575.132347553496 2.4362456334788373e-18
575.1944232590089 2.444779797801993e-18
575.2564989645218 2.36883370736845e-18
575.3185746700349 2.3780545260111287e-18
575.3806503755477 2.3549303126831802e-18
575.4427260810608 2.264767288050714e-18
575.5048017865737 2.3771472546074672e-18
575.5668774920866 2.3369703083297268e-18
575.6289531975996 2.3708199943520633e-18
575.6910289031125 2.349230773269401e-18
575.7531046086254 2.3704796178706765e-18
575.8151803141384 2.3269351089125157e-18
575.8772560196513 2.2953089773348166e-18
575.9393317251643 2.3640391630681257e-18
576.0014074306772 2.3757266477113042e-18
576.0634831361901 2.3753451551694785e-18
576.1255588417031 2.3731718347879192e-18
576.187634547216 2.386433649702339e-18
576.249710252729 2.3704480616955663e-18
576.3117859582419 2.3081779958417964e-18
576.3738616637548 2.3430666387871275e-18
576.4359373692678 2.4428466285404917e-18
576.4980130747807 2.3956799109754318e-18
576.5600887802937 2.312030512647314e-18
576.6221644858066 2.3101957407339674e-18
576.6842401913195 2.360175406092939e-18
576.7463158968325 2.4162489290922775e-18
576.8083916023454 2.330441438857747e-18
576.8704673078583 2.303781609105201e-18
576.9325430133713 2.4114574262735226e-18
576.9946187188842 2.2579906189895775e-18
577.0566944243972 2.2786446067609422e-18
577.1187701299101 2.3745532845239927e-18
577.180845835423 2.4919880468395942e-18
577.242921540936 2.378215322040969e-18
577.3049972464489 2.3096521076792424e-18
577.3670729519619 2.3589745330243753e-18
577.4291486574748 2.3498095038540335e-18
577.4912243629879 2.319292874550749e-18
577.5533000685007 2.330992551590629e-18
577.6153757740137 2.305742765701454e-18
577.6774514795267 2.3533334716579535e-18
577.7395271850396 2.3880912499881067e-18
577.8016028905525 2.331757733146306e-18
577.8636785960655 2.2687187883643375e-18
577.9257543015784 2.2976800570585576e-18
577.9878300070914 2.4094616745572777e-18
578.0499057126043 2.3486600344877873e-18
578.1119814181172 2.3355792824514984e-18
578.1740571236302 2.31424836362061e-18
578.2361328291431 2.3489787412676217e-18
578.298208534656 2.2971770567162106e-18
578.360284240169 2.306469682594178e-18
578.4223599456819 2.3354682162299618e-18
578.4844356511949 2.3607016031624218e-18
578.5465113567078 2.3494000840196333e-18
578.6085870622207 2.341947216437422e-18
578.6706627677337 2.2805062542318015e-18
578.7327384732466 2.3898204158736696e-18
578.7948141787596 2.332591274246983e-18
578.8568898842725 2.24606028314014e-18
578.9189655897854 2.3005845125190744e-18
578.9810412952984 2.337023265191252e-18
579.0431170008113 2.3710919230847064e-18
579.1051927063243 2.3475446804579447e-18
579.1672684118372 2.3319144396289176e-18
579.2293441173501 2.3357107465500493e-18
579.2914198228631 2.343584016380665e-18
579.353495528376 2.25498666984499e-18
579.415571233889 2.317757834740679e-18
579.4776469394019 2.3142356244090566e-18
579.5397226449148 2.3122864475035097e-18
579.6017983504278 2.3310508341279515e-18
579.6638740559408 2.279640107295439e-18
579.7259497614536 2.368560605760864e-18
579.7880254669667 2.3298510083794252e-18
579.8501011724796 2.366703227462682e-18
579.9121768779926 2.27544620973975e-18
579.9742525835055 2.265999224302267e-18
580.0363282890185 2.3201152043433704e-18
580.0984039945314 2.342197483738393e-18
580.1604797000443 2.326291240017813e-18
580.2225554055573 2.372032740874256e-18
580.2846311110702 2.3508314322289283e-18
580.3467068165832 2.3211539910694934e-18
580.4087825220961 2.279681342768143e-18
580.470858227609 2.3176314632570977e-18
580.532933933122 2.324201722562004e-18
580.5950096386349 2.3255251161333582e-18
580.6570853441478 2.3594893136257765e-18
580.7191610496608 2.276451888854034e-18
580.7812367551737 2.3431936778720172e-18
580.8433124606867 2.312630713500284e-18
580.9053881661996 2.2633911244443678e-18
580.9674638717125 2.3202000580641452e-18
581.0295395772255 2.261785039424865e-18
581.0916152827384 2.2808125579311587e-18
581.1536909882514 2.3733403920663706e-18
581.2157666937643 2.3821080305290466e-18
581.2778423992772 2.279292592656782e-18
581.3399181047902 2.2813793286447794e-18
581.4019938103031 2.2735150988041958e-18
581.464069515816 2.2893870074515305e-18
581.526145221329 2.340252648911587e-18
581.5882209268419 2.3884781851791225e-18
581.6502966323549 2.3250220132372085e-18
581.7123723378678 2.2443855911371346e-18
581.7744480433807 2.3623127487845565e-18
581.8365237488938 2.3156969923330646e-18
581.8985994544066 2.2974160727704884e-18
581.9606751599197 2.3609355929600145e-18
582.0227508654326 2.2851205274587862e-18
582.0848265709456 2.3110689950726185e-18
582.1469022764585 2.217400444111526e-18
582.2089779819714 2.3092434450719907e-18
582.2710536874844 2.3872954844924035e-18
582.3331293929973 2.269407644766641e-18
582.3952050985102 2.2393440314064753e-18
582.4572808040232 2.22408824397913e-18
582.5193565095361 2.28324340323545e-18
582.5814322150491 2.3428412608062013e-18
582.643507920562 2.3063030303271e-18
582.7055836260749 2.259036136089401e-18
582.7676593315879 2.326763332977324e-18
582.8297350371008 2.2981811072399577e-18
582.8918107426138 2.272567224349777e-18
582.9538864481267 2.257884679206325e-18
583.0159621536396 2.3045581307015903e-18
583.0780378591526 2.3394434974974243e-18
583.1401135646655 2.3357475381631744e-18
583.2021892701785 2.3032720517560898e-18
583.2642649756914 2.265638328714008e-18
583.3263406812043 2.244880950045317e-18
583.3884163867173 2.2902783890158366e-18
583.4504920922302 2.284274496389257e-18
583.5125677977431 2.260511826596486e-18
583.5746435032561 2.141021356395226e-18
583.636719208769 2.1847512484536932e-18
583.698794914282 2.295879430230248e-18
583.7608706197949 2.273477835843823e-18
583.8229463253078 2.2003961008353678e-18
583.8850220308208 2.2125059824625995e-18
583.9470977363337 2.150011578335808e-18
584.0091734418468 2.2134961975123686e-18
584.0712491473596 2.244220310167118e-18
584.1333248528726 2.158844155517619e-18
584.1954005583855 2.308518121905253e-18
584.2574762638985 2.2483231703602785e-18
584.3195519694115 2.1245949222638687e-18
584.3816276749244 2.1687633301605964e-18
584.4437033804373 2.1944667868639934e-18
584.5057790859503 2.348617748133743e-18
584.5678547914632 2.137840585635361e-18
584.6299304969762 2.1513146831504146e-18
584.6920062024891 2.1483670188159515e-18
584.754081908002 2.209790055849771e-18
584.816157613515 2.2551258325966324e-18
584.8782333190279 2.2876080932051986e-18
584.9403090245409 2.2469266774402446e-18
585.0023847300538 2.157308897927998e-18
585.0644604355667 2.282473957043857e-18
585.1265361410797 2.2118239917690352e-18
585.1886118465926 2.1283444273934398e-18
585.2506875521055 2.1915598984941025e-18
585.3127632576185 2.215194952678893e-18
585.3748389631314 2.145123662366414e-18
585.4369146686444 2.2052156241809104e-18
585.4989903741573 2.1234909891209037e-18
585.5610660796702 2.198607784607523e-18
585.6231417851832 2.2225538787162405e-18
585.6852174906961 2.202831120874819e-18
585.7472931962091 2.20264038929116e-18
585.809368901722 2.2148363547974977e-18
585.8714446072349 2.172011003088421e-18
585.9335203127479 2.2223260625483137e-18
585.9955960182608 2.1982535459120788e-18
586.0576717237738 2.1809671493422313e-18
586.1197474292867 2.1773867604241016e-18
586.1818231347997 2.2132042342509256e-18
586.2438988403126 2.187731352100216e-18
586.3059745458256 2.1596680908573694e-18
586.3680502513384 2.160629129058211e-18
586.4301259568515 2.1100911228152073e-18
586.4922016623644 2.1366442187134312e-18
586.5542773678774 2.2206963789855488e-18
586.6163530733903 2.183043249110861e-18
586.6784287789033 2.1701011459710457e-18
586.7405044844162 2.1660844248736755e-18
586.8025801899291 2.190699426027117e-18
586.8646558954421 2.1911187501692938e-18
586.926731600955 2.1024609363946852e-18
586.988807306468 2.1425506899460876e-18
587.0508830119809 2.2049946548019208e-18
587.1129587174938 2.233755191435138e-18
587.1750344230068 2.1684736609787834e-18
587.2371101285197 2.090590007697543e-18
587.2991858340326 2.152462515670928e-18
587.3612615395456 2.159991150186037e-18
587.4233372450585 2.1577276277304016e-18
587.4854129505715 2.124153735034653e-18
587.5474886560844 2.1976345963297702e-18
587.6095643615973 2.2517696009255967e-18
587.6716400671103 2.1254095989211043e-18
587.7337157726232 2.0758740186129183e-18
587.7957914781362 2.182740882709345e-18
587.8578671836491 2.1500542473452144e-18
587.919942889162 2.0953458625852527e-18
587.982018594675 2.0494513067162892e-18
588.0440943001879 2.049851277404824e-18
588.1061700057008 2.1567605138560517e-18
588.1682457112138 2.1575972252028163e-18
588.2303214167267 2.1466899118020626e-18
588.2923971222397 2.1299873683004574e-18
588.3544728277527 2.1873886878958453e-18
588.4165485332655 2.1670306998296587e-18
588.4786242387786 2.1769049612062256e-18
588.5406999442914 2.0073169315117286e-18
588.6027756498045 2.0809798479851412e-18
588.6648513553174 1.9862080027763846e-18
588.7269270608303 2.034990207357453e-18
588.7890027663433 2.09693862325445e-18
588.8510784718562 2.0911600450418395e-18
588.9131541773692 2.0689335435870268e-18
588.9752298828821 2.094072433325953e-18
589.037305588395 2.083992758112253e-18
589.099381293908 2.0736311371942395e-18
589.1614569994209 2.103734170490947e-18
589.2235327049339 2.1670180693957177e-18
589.2856084104468 2.09397469280268e-18
589.3476841159597 2.089143509878515e-18
589.4097598214727 2.1750358061224416e-18
589.4718355269856 2.097205104969879e-18
589.5339112324986 2.1500759790509736e-18
589.5959869380115 2.126628673379615e-18
589.6580626435244 2.1313466800858055e-18
589.7201383490374 2.146776985370035e-18
589.7822140545503 2.070942803828806e-18
589.8442897600632 2.0784651575987987e-18
589.9063654655762 2.09645883071432e-18
589.9684411710891 2.098683832444503e-18
590.0305168766021 2.094411380805426e-18
590.092592582115 2.092034334729817e-18
590.1546682876279 2.1239904897406652e-18
590.2167439931409 2.1557547681622106e-18
590.2788196986538 2.1367678224776534e-18
590.3408954041668 2.0979494211837868e-18
590.4029711096797 2.0903600120385847e-18
590.4650468151926 2.035964975630487e-18
590.5271225207057 2.0765545524603438e-18
590.5891982262185 2.120856403372731e-18
590.6512739317316 2.0695053676522952e-18
590.7133496372444 2.109979364387889e-18
590.7754253427574 2.133656851272008e-18
590.8375010482704 2.1333820195038838e-18
590.8995767537833 2.1077964185159134e-18
590.9616524592963 2.083249838065634e-18
591.0237281648092 2.024850913971215e-18
591.0858038703221 2.0562262476870746e-18
591.1478795758351 2.048727769340098e-18
591.209955281348 2.0730406044876814e-18
591.272030986861 2.0437414403445602e-18
591.3341066923739 2.0108764654388545e-18
591.3961823978868 2.032784718042328e-18
591.4582581033998 2.0163248840359358e-18
591.5203338089127 2.0496296040052873e-18
591.5824095144256 2.02618360931197e-18
591.6444852199386 2.054660548770112e-18
591.7065609254515 2.0781580575856038e-18
591.7686366309645 2.077008878847802e-18
591.8307123364774 2.0194901716733175e-18
591.8927880419903 2.03610607011545e-18
591.9548637475033 2.1020189420339672e-18
592.0169394530162 2.0837509035489578e-18
592.0790151585292 2.0347094676843142e-18
592.1410908640421 2.034307933380896e-18
592.203166569555 2.112276537553412e-18
592.265242275068 2.129372573112054e-18
592.3273179805809 2.0402633115503437e-18
592.3893936860939 1.9977682124651854e-18
592.4514693916068 2.019992006284222e-18
592.5135450971197 2.0357465202045643e-18
592.5756208026327 2.045311802197492e-18
592.6376965081456 2.0320201878121387e-18
592.6997722136587 2.062655862303938e-18
592.7618479191715 2.1382116590547314e-18
592.8239236246845 2.1198296270582553e-18
592.8859993301974 2.0567627195746273e-18
592.9480750357104 2.009903984296274e-18
593.0101507412234 2.0025720534751103e-18
593.0722264467363 2.0673770586647266e-18
593.1343021522492 2.1073229159426896e-18
593.1963778577622 2.0942592260787552e-18
593.2584535632751 2.0460579729175438e-18
593.320529268788 1.985716143104781e-18
593.382604974301 2.0122431123692645e-18
593.4446806798139 2.0910251492534123e-18
593.5067563853269 2.108049383260552e-18
593.5688320908398 2.0812452153560683e-18
593.6309077963527 2.054315017117522e-18
593.6929835018657 2.0407336692311546e-18
593.7550592073786 2.0290591566452715e-18
593.8171349128916 2.0221770843690466e-18
593.8792106184045 2.0337848460900607e-18
593.9412863239174 2.0144322547422707e-18
594.0033620294304 1.974344522078982e-18
594.0654377349433 1.984897756501495e-18
594.1275134404563 2.0308862260690727e-18
594.1895891459692 2.034245196271751e-18
594.2516648514821 2.0156755700294047e-18
594.3137405569951 2.0262006974460076e-18
594.375816262508 2.0168667979695413e-18
594.437891968021 2.0170557313317837e-18
594.4999676735339 2.0185804552759952e-18
594.5620433790468 1.990099621044702e-18
594.6241190845598 1.959669431983278e-18
594.6861947900727 1.9994242159019685e-18
594.7482704955856 2.031988897952541e-18
594.8103462010986 2.0205321277521644e-18
594.8724219066116 1.9989872623625944e-18
594.9344976121245 2.0639047457796614e-18
594.9965733176375 2.1109465620255623e-18
595.0586490231503 2.025263001932062e-18
595.1207247286634 1.9961524047405817e-18
595.1828004341763 2.0103542822239377e-18
595.2448761396893 2.048162511094375e-18
595.3069518452022 2.051824238574675e-18
595.3690275507151 2.0053267971694556e-18
595.4311032562281 1.8921998596689995e-18
595.493178961741 1.9030235719029924e-18
595.555254667254 1.972680404716114e-18
595.6173303727669 1.989220480812837e-18
595.6794060782798 2.0259278287845968e-18
595.7414817837928 2.015503277738939e-18
595.8035574893057 2.0221974552117133e-18
595.8656331948187 1.9687523426006177e-18
595.9277089003316 1.956940627717086e-18
595.9897846058445 2.0166223787461974e-18
596.0518603113575 1.949802421228414e-18
596.1139360168704 2.0136401566899312e-18
596.1760117223834 2.0516672846173738e-18
596.2380874278963 1.964847614605871e-18
596.3001631334092 2.0287249443845096e-18
596.3622388389222 1.9892760211916385e-18
596.4243145444351 2.001385669079332e-18
596.486390249948 2.0267711745352732e-18
596.548465955461 2.076948476102315e-18
596.6105416609739 2.054130544109467e-18
596.6726173664869 2.022782980670497e-18
596.7346930719998 2.120267478798195e-18
596.7967687775127 2.05042619219023e-18
596.8588444830257 2.0061085539777e-18
596.9209201885386 2.069273047830564e-18
596.9829958940516 1.9963249857118594e-18
597.0450715995646 1.9432598006164444e-18
597.1071473050774 2.0075750478317323e-18
597.1692230105905 2.0109423303431586e-18
597.2312987161033 1.981749870818907e-18
597.2933744216164 1.987700328076537e-18
597.3554501271293 1.933250059712277e-18
597.4175258326422 1.944312800613536e-18
597.4796015381552 2.0744719367364063e-18
597.5416772436681 2.054824915701186e-18
597.6037529491811 1.964167481730684e-18
597.665828654694 1.95051889181152e-18
597.7279043602069 1.9853415326040926e-18
597.7899800657199 1.9605082695994413e-18
597.8520557712328 1.9522981731243154e-18
597.9141314767458 1.990291004208802e-18
597.9762071822587 1.9831655141431646e-18
598.0382828877716 1.989890724499382e-18
598.1003585932846 2.007623553307392e-18
598.1624342987975 2.010739766388728e-18
598.2245100043104 1.987325365140956e-18
598.2865857098234 1.9940267482579944e-18
598.3486614153363 1.9661731472516886e-18
598.4107371208493 1.9281569608646533e-18
598.4728128263622 1.979800930714308e-18
598.5348885318751 1.9856198332292806e-18
598.5969642373881 1.9506473186330672e-18
598.659039942901 1.9790457837621397e-18
598.721115648414 1.9661738460741718e-18
598.7831913539269 1.96279494607335e-18
598.8452670594398 2.0277272355969524e-18
598.9073427649528 1.9986298036121026e-18
598.9694184704657 1.9562939943213343e-18
599.0314941759787 1.928208523202736e-18
599.0935698814916 1.9496630348053575e-18
599.1556455870045 1.966623037141559e-18
599.2177212925176 1.954494380859878e-18
599.2797969980304 1.926860250168758e-18
599.3418727035435 1.9429051322063667e-18
599.4039484090563 1.9659375090582986e-18
599.4660241145693 1.9608561053430143e-18
599.5280998200823 2.0096405333369775e-18
599.5901755255952 2.0124834594857974e-18
599.6522512311082 1.9738524136917183e-18
599.7143269366211 1.9802034452138465e-18
599.776402642134 1.983440228608774e-18
599.838478347647 1.9638799270042747e-18
599.9005540531599 1.9579337424880804e-18
599.9626297586728 1.961259461945245e-18
600.0247054641858 2.0140170777546402e-18
600.0867811696987 2.009565576446794e-18
600.1488568752117 1.9961340807565245e-18
600.2109325807246 1.995005894415814e-18
600.2730082862375 1.9466889288383444e-18
600.3350839917505 1.983949285219342e-18
600.3971596972634 1.9738222572242316e-18
600.4592354027764 2.0278389968741737e-18
600.5213111082893 2.0258952564735287e-18
600.5833868138022 1.952868197609646e-18
600.6454625193152 2.0190922598606148e-18
600.7075382248281 2.0489623343662448e-18
600.769613930341 2.021778699840806e-18
600.831689635854 2.056121772173369e-18
600.8937653413669 2.0679551106778445e-18
600.9558410468799 2.0172645750145885e-18
601.0179167523928 1.956904044777825e-18
601.0799924579057 1.978592040891003e-18
601.1420681634187 2.0284787499733994e-18
601.2041438689316 1.997055726934659e-18
601.2662195744446 1.951769091944769e-18
601.3282952799575 1.97789494575153e-18
601.3903709854706 2.0433915208229683e-18
601.4524466909834 2.065915676513487e-18
601.5145223964964 2.0590654087289227e-18
601.5765981020093 2.024832431228131e-18
601.6386738075223 1.994023826918429e-18
601.7007495130352 2.005000266977515e-18
601.7628252185482 1.981641189725772e-18
601.8249009240611 1.9457588110413032e-18
601.8869766295741 1.98690531345315e-18
601.949052335087 2.0733643313044794e-18
602.0111280405999 2.0552763212751946e-18
602.0732037461129 1.9966022969528126e-18
602.1352794516258 1.9917928301237202e-18
602.1973551571388 1.9471221721524593e-18
602.2594308626517 1.973709085163909e-18
602.3215065681646 1.9834691350869877e-18
602.3835822736776 1.952295038840209e-18
602.4456579791905 1.947295300874652e-18
602.5077336847035 1.978620439817419e-18
602.5698093902164 1.9287514595485562e-18
602.6318850957293 1.9034668577475898e-18
602.6939608012423 1.9465993124206645e-18
602.7560365067552 1.8928489372222866e-18
602.8181122122681 1.91602127721561e-18
602.8801879177811 1.9253539976452124e-18
602.942263623294 1.876879697804153e-18
603.004339328807 1.9976425388768478e-18
603.0664150343199 1.9820992674870533e-18
603.1284907398328 1.9878485280560108e-18
603.1905664453458 2.018065307028036e-18
603.2526421508587 1.9961291785057878e-18
603.3147178563717 2.0288034800511508e-18
603.3767935618846 1.979485433013773e-18
603.4388692673975 1.9888548284994362e-18
603.5009449729105 2.0334768407334183e-18
603.5630206784235 1.993818549543457e-18
603.6250963839364 2.021198045692613e-18
603.6871720894494 2.04751912342021e-18
603.7492477949622 2.0517535463585953e-18
603.8113235004753 2.014319053671652e-18
603.8733992059882 2.015997575345873e-18
603.9354749115012 2.0213524605030784e-18
603.9975506170141 2.0265139316718386e-18
604.059626322527 2.0217894104685563e-18
604.12170202804 2.0009321057147196e-18
604.1837777335529 1.994353798410705e-18
604.2458534390659 2.0185009753571624e-18
604.3079291445788 1.985004650900382e-18
604.3700048500917 2.0381395234023314e-18
604.4320805556047 2.0602543973108055e-18
604.4941562611176 2.04459543881999e-18
604.5562319666305 2.079575963740565e-18
604.6183076721435 2.0852267943051955e-18
604.6803833776564 2.0313035449479604e-18
604.7424590831694 2.0465611102056142e-18
604.8045347886823 2.0445291503385613e-18
604.8666104941952 2.018221410769908e-18
604.9286861997082 2.0479217055585682e-18
604.9907619052211 2.0403087568643804e-18
605.0528376107341 1.9984742953771814e-18
605.114913316247 2.020514181862099e-18
605.1769890217599 2.070542218715971e-18
605.2390647272729 2.0816348546206054e-18
605.3011404327858 2.0442254913889212e-18
605.3632161382988 2.022522454528947e-18
605.4252918438117 1.993832427839107e-18
605.4873675493246 2.001363834643163e-18
605.5494432548376 2.0120545546924817e-18
605.6115189603505 2.0042114478284944e-18
605.6735946658634 2.0234577326764854e-18
605.7356703713765 2.0377186688704854e-18
605.7977460768893 2.0124931851414492e-18
605.8598217824024 2.016406699695529e-18
605.9218974879152 2.073163123900152e-18
605.9839731934283 2.052645068967494e-18
606.0460488989412 2.0367569632477805e-18
606.1081246044541 2.04825036328881e-18
606.1702003099671 2.0389169375620058e-18
606.23227601548 2.017145636784902e-18
606.294351720993 2.0034218445113695e-18
606.3564274265059 2.045184020900282e-18
606.4185031320188 2.0033176656836477e-18
606.4805788375318 1.9659363304030624e-18
606.5426545430447 1.9711456563061335e-18
606.6047302485576 2.0111084539237867e-18
606.6668059540706 2.038672925528022e-18
606.7288816595835 2.0436365311440555e-18
606.7909573650965 2.032450074137043e-18
606.8530330706094 2.0658258281849422e-18
606.9151087761223 2.0714050904240374e-18
606.9771844816353 2.079086442401017e-18
607.0392601871482 2.106709984213317e-18
607.1013358926612 2.123543236744902e-18
607.1634115981741 2.030470205427316e-18
607.225487303687 2.006855974399329e-18
607.2875630092 2.0068489402211043e-18
607.3496387147129 2.1003343659833818e-18
607.4117144202258 2.2311913544131554e-18
607.4737901257388 2.3746907044254764e-18
607.5358658312517 2.5463985331219315e-18
607.5979415367647 2.7284010322933057e-18
607.6600172422776 2.926244678681543e-18
607.7220929477905 3.0333401405392053e-18
607.7841686533035 3.0219213184141524e-18
607.8462443588164 2.885627755712558e-18
607.9083200643295 2.8189959645469275e-18
607.9703957698423 2.7083443045335634e-18
608.0324714753554 2.5100747942730713e-18
608.0945471808682 2.3156179465046514e-18
608.1566228863812 2.1434861433885085e-18
608.2186985918942 2.0911773928432165e-18
608.2807742974071 2.0975298544416936e-18
608.34285000292 2.0571976845269785e-18
608.404925708433 2.107750303242516e-18
608.4670014139459 2.0692248619230852e-18
608.5290771194589 2.097987927704329e-18
608.5911528249718 2.0884480103259543e-18
608.6532285304847 2.05744175666649e-18
608.7153042359977 2.103293875657813e-18
608.7773799415106 2.0741185928650634e-18
608.8394556470236 2.0286508491252985e-18
608.9015313525365 2.0317319844864254e-18
608.9636070580494 2.0600324177301944e-18
609.0256827635624 2.068469194334062e-18
609.0877584690753 2.0069693776474564e-18
609.1498341745882 1.9694755042623755e-18
609.2119098801012 2.016814265995628e-18
609.2739855856141 2.0717180771408895e-18
609.3360612911271 2.0380977624831968e-18
609.39813699664 2.068361412270655e-18
609.460212702153 2.0834203599686263e-18
609.5222884076659 2.0614745717562558e-18
609.5843641131788 2.077515601665637e-18
609.6464398186918 2.0727280634117152e-18
609.7085155242047 2.0332545960413975e-18
609.7705912297176 2.073799406645607e-18
609.8326669352306 2.049766290068359e-18
609.8947426407435 1.9962614453176988e-18
609.9568183462565 2.014768886366655e-18
610.0188940517694 2.0105332239687543e-18
610.0809697572824 2.0194981020938173e-18
610.1430454627953 2.0692154428683847e-18
610.2051211683083 2.053557150934868e-18
610.2671968738211 2.10898487104773e-18
610.3292725793342 2.116574552898221e-18
610.3913482848471 2.0694756126168122e-18
610.4534239903601 2.0781503429670457e-18
610.515499695873 2.1279163757865128e-18
610.577575401386 2.0922605891551675e-18
610.6396511068989 2.0448471747830685e-18
610.7017268124118 2.0775557251784324e-18
610.7638025179248 2.0778346176306814e-18
610.8258782234377 2.032176857966719e-18
610.8879539289507 2.0458520832543654e-18
610.9500296344636 2.0504328082702813e-18
611.0121053399765 2.024157342659555e-18
611.0741810454895 2.000437596874271e-18
611.1362567510024 2.0336848713368925e-18
611.1983324565153 2.0909534689940053e-18
611.2604081620283 2.02605119062717e-18
611.3224838675412 1.9732049118884372e-18
611.3845595730542 2.0393324015712298e-18
611.4466352785671 2.06665255204613e-18
611.50871098408 2.050503573675435e-18
611.570786689593 2.044616615281632e-18
611.6328623951059 2.055089267046959e-18
611.6949381006189 2.01009961821231e-18
611.7570138061318 2.0447571705477005e-18
611.8190895116447 2.0715385532305788e-18
611.8811652171577 2.0130628685026942e-18
611.9432409226706 2.040148540298384e-18
612.0053166281836 2.0925365266556197e-18
612.0673923336965 2.0907429501886332e-18
612.1294680392094 1.99917086010549e-18
612.1915437447224 2.0067533291501394e-18
612.2536194502354 2.072270748027931e-18
612.3156951557482 2.03853620005733e-18
612.3777708612613 2.1007994846763163e-18
612.4398465667741 2.0666267601012544e-18
612.5019222722872 1.9784686838595703e-18
612.5639979778001 2.0419851723086454e-18
612.626073683313 2.091782948534932e-18
612.688149388826 2.0689416306752057e-18
612.7502250943389 2.013453131238854e-18
612.8123007998519 2.018637782707268e-18
612.8743765053648 2.0301446228940184e-18
612.9364522108777 2.030129155041572e-18
612.9985279163907 2.02600248520713e-18
613.0606036219036 2.034037034859102e-18
613.1226793274166 2.04956289771455e-18
613.1847550329295 2.0912736741471786e-18
613.2468307384424 2.076572379825509e-18
613.3089064439554 2.01974598911606e-18
613.3709821494683 2.017015944555423e-18
613.4330578549813 1.992158088439807e-18
613.4951335604942 2.0172349911993647e-18
613.5572092660071 2.021638337513686e-18
613.6192849715201 2.0043540587324166e-18
613.681360677033 2.004771243294532e-18
613.743436382546 2.004271290006235e-18
613.8055120880589 2.000710855526421e-18
613.8675877935718 2.0130212678282807e-18
613.9296634990848 2.0220022560326556e-18
613.9917392045977 2.0261391493313437e-18
614.0538149101106 2.0368078490697284e-18
614.1158906156236 2.0113929807185507e-18
614.1779663211365 1.9807551594735794e-18
614.2400420266495 1.9731973051943926e-18
614.3021177321624 2.026605649408009e-18
614.3641934376753 2.037150015711431e-18
614.4262691431884 2.0166303245559124e-18
614.4883448487012 1.9822776334664136e-18
614.5504205542143 2.022674501370299e-18
614.6124962597271 2.0468799387707944e-18
614.6745719652401 2.0059519967492555e-18
614.7366476707531 2.013005186554908e-18
614.798723376266 1.9853015641017677e-18
614.860799081779 1.99869891628495e-18
614.9228747872919 1.9977042956433056e-18
614.9849504928048 2.0266329968331804e-18
615.0470261983178 2.0483302121778744e-18
615.1091019038307 1.9838289104857667e-18
615.1711776093437 1.957866152988243e-18
615.2332533148566 1.9859567936378655e-18
615.2953290203695 1.942346715291991e-18
615.3574047258825 1.9277800977183466e-18
615.4194804313954 1.987095367181975e-18
615.4815561369084 2.0214689029357394e-18
615.5436318424213 2.02023045205454e-18
615.6057075479342 2.0055296724631747e-18
615.6677832534472 1.975838221819552e-18
615.7298589589601 1.963770354241943e-18
615.791934664473 2.0324248988136292e-18
615.854010369986 2.0247039445380837e-18
615.9160860754989 1.971013115259324e-18
615.9781617810119 1.94258526573542e-18
616.0402374865248 1.968449199710418e-18
616.1023131920377 1.9881130440391242e-18
616.1643888975507 1.995064353305581e-18
616.2264646030636 2.0127335747373115e-18
616.2885403085766 2.024002742846832e-18
616.3506160140895 1.974313951953402e-18
616.4126917196024 1.921666923450805e-18
616.4747674251154 1.9334410639094715e-18
616.5368431306283 1.991785606241921e-18
616.5989188361414 2.0169093937230484e-18
616.6609945416542 2.019163074205906e-18
616.7230702471672 2.000922957195848e-18
616.7851459526801 1.9532818623124604e-18
616.8472216581931 1.964669888487686e-18
616.9092973637061 1.995835013060129e-18
616.971373069219 2.0303268374695492e-18
617.0334487747319 2.0559293085215056e-18
617.0955244802449 1.9890150177649742e-18
617.1576001857578 1.912744231992772e-18
617.2196758912708 1.95074313988918e-18
617.2817515967837 1.9700351394798977e-18
617.3438273022966 1.9168567984716305e-18
617.4059030078096 1.949968606953567e-18
617.4679787133225 1.9487268014820957e-18
617.5300544188354 1.9696577866243453e-18
617.5921301243484 1.9782679406413276e-18
617.6542058298613 1.981190473157596e-18
617.7162815353743 1.9704365798099516e-18
617.7783572408872 1.9718383310232202e-18
617.8404329464001 1.9840680296811422e-18
617.9025086519131 1.993296620174952e-18
617.964584357426 1.9522178338304894e-18
618.026660062939 1.9769184400272854e-18
618.0887357684519 1.942272409123409e-18
618.1508114739648 1.927663733032625e-18
618.2128871794778 1.9349933698528086e-18
618.2749628849907 1.9256300404925045e-18
618.3370385905037 1.917985862465357e-18
618.3991142960166 1.9678428338868527e-18
618.4611900015295 2.0094894584358323e-18
618.5232657070425 1.9610864430511648e-18
618.5853414125554 1.966135331855279e-18
618.6474171180683 2.032717031778333e-18
618.7094928235813 1.999667417126198e-18
618.7715685290943 1.927439609433675e-18
618.8336442346072 1.931753967298679e-18
618.8957199401202 1.918603512662784e-18
618.957795645633 1.9310421829033943e-18
619.0198713511461 1.972886798815817e-18
619.081947056659 1.973035960955719e-18
619.144022762172 2.009705207506165e-18
619.2060984676849 2.011021285860375e-18
619.2681741731978 1.9654744220261063e-18
619.3302498787108 1.951983891601449e-18
619.3923255842237 1.9091139033706033e-18
619.4544012897367 1.955192600393599e-18
619.5164769952496 1.9676065244988417e-18
619.5785527007625 1.9230089332925736e-18
619.6406284062755 1.9336623356768374e-18
619.7027041117884 1.9495927645473494e-18
619.7647798173014 1.9519125654271987e-18
619.8268555228143 2.0007506308288303e-18
619.8889312283272 1.9869448302985085e-18
619.9510069338402 1.9556102299538475e-18
620.0130826393531 1.938906056742841e-18
620.075158344866 1.971468078017179e-18
620.137234050379 1.925513697671408e-18
620.1993097558919 1.9107543950542043e-18
620.2613854614049 1.977868678992633e-18
620.3234611669178 1.9733806911482798e-18
620.3855368724307 1.9370146231212073e-18
620.4476125779437 1.9230325126398883e-18
620.5096882834566 1.9267190623654225e-18
620.5717639889696 1.9336889726442166e-18
620.6338396944825 1.932777981007186e-18
620.6959153999954 1.933584125492851e-18
620.7579911055084 1.9268998682397436e-18
620.8200668110213 1.931394232460517e-18
620.8821425165343 1.9642080090158584e-18
620.9442182220473 1.961683293834646e-18
621.0062939275601 1.9613187889983224e-18
621.0683696330732 1.960876219677104e-18
621.130445338586 1.945936401926365e-18
621.1925210440991 1.9669490305078353e-18
621.254596749612 1.9749283399108726e-18
621.316672455125 1.9308806664506842e-18
621.3787481606379 2.0157789317965043e-18
621.4408238661508 1.9502044436070648e-18
621.5028995716638 1.9212312526766636e-18
621.5649752771767 1.891467667426544e-18
621.6270509826896 1.9095718905827842e-18
621.6891266882026 1.9202310468298454e-18
621.7512023937155 1.9220851436039946e-18
621.8132780992285 1.895384406180713e-18
621.8753538047414 1.9034650619841344e-18
621.9374295102543 1.929690980553131e-18
621.9995052157673 1.946656324475487e-18
622.0615809212802 1.9307019435115825e-18
622.1236566267931 1.9399829584710508e-18
622.1857323323061 1.9502220175176146e-18
622.247808037819 1.9183339716645342e-18
622.309883743332 1.9073126733247913e-18
622.3719594488449 1.923803039669284e-18
622.4340351543578 1.904245448141646e-18
622.4961108598708 1.8882545342224004e-18
622.5581865653837 1.9207389759627252e-18
622.6202622708967 1.9518562194895463e-18
622.6823379764096 1.9682783326410823e-18
622.7444136819225 1.9237060554916895e-18
622.8064893874355 1.911622137782259e-18
622.8685650929484 1.898071617123352e-18
622.9306407984614 1.9515382885118132e-18
622.9927165039743 1.9542862837799775e-18
623.0547922094872 1.9101149573615288e-18
623.1168679150003 1.9064989299652107e-18
623.1789436205131 1.9429831008345226e-18
623.2410193260262 1.907411354307135e-18
623.303095031539 1.905988676675209e-18
623.365170737052 1.8995833895089225e-18
623.427246442565 1.924708819381057e-18
623.4893221480779 1.908123563342104e-18
623.5513978535909 1.912939270566349e-18
623.6134735591038 1.946857558706688e-18
623.6755492646167 1.9187078161382186e-18
623.7376249701297 1.9007626168034308e-18
623.7997006756426 1.9061898961626922e-18
623.8617763811556 1.9336781355862157e-18
623.9238520866685 1.9675029918626095e-18
623.9859277921814 1.9505662762991717e-18
624.0480034976944 1.893172983065977e-18
624.1100792032073 1.891747114690762e-18
624.1721549087202 1.9453440262430108e-18
624.2342306142332 1.9478231664510143e-18
624.2963063197461 1.92984160377e-18
624.3583820252591 1.9199524676454696e-18
624.420457730772 1.9021320430457663e-18
624.4825334362849 1.882621564054211e-18
624.5446091417979 1.8832781022348794e-18
624.6066848473108 1.91043266249306e-18
624.6687605528238 1.9204022520543724e-18
624.7308362583367 1.9282601600943413e-18
624.7929119638496 1.9661776400629784e-18
624.8549876693626 1.9523695895525658e-18
624.9170633748755 1.931312633954343e-18
624.9791390803884 1.9715041018403095e-18
625.0412147859014 1.9400257922558735e-18
625.1032904914143 1.90179304318306e-18
625.1653661969273 1.8930559238381993e-18
625.2274419024402 1.8992973068039453e-18
625.2895176079533 1.9198004552304108e-18
625.3515933134661 1.914616875083672e-18
625.4136690189791 1.9186442259555546e-18
625.475744724492 1.9552272878215328e-18
625.537820430005 1.9424026525389187e-18
625.599896135518 1.9560791680656562e-18
625.6619718410309 1.9344475187761254e-18
625.7240475465438 1.8910633986944036e-18
625.7861232520568 1.896227304830507e-18
625.8481989575697 1.88937164882474e-18
625.9102746630826 1.946152443712111e-18
625.9723503685956 1.9578876573115172e-18
626.0344260741085 1.95206804728303e-18
626.0965017796215 1.9423963350897367e-18
626.1585774851344 1.960237103486083e-18
626.2206531906473 1.9148618792418873e-18
626.2827288961603 1.9777083035585834e-18
626.3448046016732 1.9853655053134282e-18
626.4068803071862 1.914745602003543e-18
626.4689560126991 1.9530014518425404e-18
626.531031718212 1.9723235984667048e-18
626.593107423725 1.9529225100101804e-18
626.6551831292379 1.9599214020000595e-18
626.7172588347509 1.9379305042233957e-18
626.7793345402638 1.929058019204729e-18
626.8414102457767 1.931304414018461e-18
626.9034859512897 1.9242941945262992e-18
626.9655616568026 1.8910796206986628e-18
627.0276373623155 1.930118287356377e-18
627.0897130678285 1.88937803802488e-18
627.1517887733414 1.860087904878941e-18
627.2138644788544 1.8284142059576686e-18
627.2759401843673 1.871599952131925e-18
627.3380158898802 1.9110994510753632e-18
627.4000915953932 1.8968675095403717e-18
627.4621673009062 1.9548509647118716e-18
627.524243006419 1.9218128395952186e-18
627.5863187119321 1.889547578040234e-18
627.6483944174449 1.870161644506474e-18
627.710470122958 1.8415766926384616e-18
627.7725458284709 1.8440196842469682e-18
627.8346215339839 1.7743652776049386e-18
627.8966972394968 1.8171237731223895e-18
627.9587729450097 1.828920682907163e-18
628.0208486505227 1.8386648735925197e-18
628.0829243560356 1.834505327014242e-18
628.1450000615486 1.865256017303825e-18
628.2070757670615 1.9209808784999054e-18
628.2691514725744 1.8634383121001145e-18
628.3312271780874 1.8359956761883422e-18
628.3933028836003 1.8918814968550397e-18
628.4553785891133 1.902465284970797e-18
628.5174542946262 1.914910833653321e-18
628.5795300001391 1.8998078916353392e-18
628.6416057056521 1.9575292024690787e-18
628.703681411165 1.9407555791001094e-18
628.765757116678 1.8753354379078618e-18
628.8278328221909 1.9110801066564926e-18
628.8899085277038 1.9654198720622374e-18
628.9519842332168 1.9235645559773903e-18
629.0140599387297 1.8848225229574705e-18
629.0761356442426 1.8796979756500493e-18
629.1382113497556 1.881476047091411e-18
629.2002870552685 1.9186575624731923e-18
629.2623627607815 1.9175592862605396e-18
629.3244384662944 1.8973416754031484e-18
629.3865141718073 1.8841672593548124e-18
629.4485898773203 1.88294735176961e-18
629.5106655828332 1.940898976340657e-18
629.5727412883462 2.000629775519434e-18
629.6348169938592 2.026685336501275e-18
629.696892699372 1.936706458044582e-18
629.7589684048851 1.81555579546233e-18
629.8210441103979 1.805840040975634e-18
629.883119815911 1.8833610768272665e-18
629.9451955214239 1.8599509876914955e-18
630.0072712269368 1.717270005251867e-18
630.0693469324498 1.7756838016858903e-18
630.1314226379627 1.9357774727264053e-18
630.1934983434757 1.9702000034016084e-18
630.2555740489886 1.945498630017555e-18
630.3176497545015 1.985952208113256e-18
630.3797254600145 2.0733484726506668e-18
630.4418011655274 1.9809441266060887e-18
630.5038768710403 1.889784987176136e-18
630.5659525765533 1.8789980169098852e-18
630.6280282820662 1.9193246366366856e-18
630.6901039875792 1.9439771617931263e-18
630.7521796930921 1.8983504466432015e-18
630.814255398605 1.9449525838383564e-18
630.876331104118 1.9246343659915776e-18
630.9384068096309 1.8786386768501367e-18
631.0004825151439 1.9084462399759706e-18
631.0625582206568 1.9052780554233474e-18
631.1246339261697 1.9011904244049243e-18
631.1867096316827 1.943495545912402e-18
631.2487853371956 1.944598739201069e-18
631.3108610427086 1.9097347731529377e-18
631.3729367482215 1.9109029150760132e-18
631.4350124537344 1.9021865369582245e-18
631.4970881592474 1.9274234346149306e-18
631.5591638647603 1.921455020859682e-18
631.6212395702732 1.8842831844595e-18
631.6833152757862 1.894140126037711e-18
631.7453909812991 1.9232328946021845e-18
631.8074666868122 1.88150137272116e-18
631.869542392325 1.8608740335162545e-18
631.931618097838 1.9010252944993306e-18
631.9936938033509 1.9057010484953332e-18
632.0557695088639 1.8976086824744566e-18
632.1178452143769 1.9177927212429374e-18
632.1799209198898 1.923248064144694e-18
632.2419966254027 1.924559445804988e-18
632.3040723309157 1.923276126514559e-18
632.3661480364286 1.869228513590837e-18
632.4282237419416 1.8420330947253024e-18
632.4902994474545 1.8696518264714815e-18
632.5523751529674 1.9177646942007017e-18
632.6144508584804 1.9050327859698487e-18
632.6765265639933 1.8911622557292274e-18
632.7386022695063 1.911136257655178e-18
632.8006779750192 1.9228098795282468e-18
632.8627536805321 1.9210812187465655e-18
632.9248293860451 1.93914194616929e-18
632.986905091558 1.901235198797592e-18
633.048980797071 1.859669511501518e-18
633.1110565025839 1.8529570472040663e-18
633.1731322080968 1.9352115906684304e-18
633.2352079136098 1.903411080293029e-18
633.2972836191227 1.8483025161305257e-18
633.3593593246356 1.9077366659359482e-18
633.4214350301486 1.9275391002639258e-18
633.4835107356615 1.9038755119333126e-18
633.5455864411745 1.8875541172055317e-18
633.6076621466874 1.9228038880997326e-18
633.6697378522003 1.9023850220040604e-18
633.7318135577133 1.9042847439909126e-18
633.7938892632262 1.887284090371048e-18
633.8559649687392 1.9029173849337343e-18
633.9180406742521 1.977103645071482e-18
633.9801163797651 1.899644158048932e-18
634.042192085278 1.8591585357769266e-18
634.104267790791 1.93482485520555e-18
634.1663434963039 1.9223560485978833e-18
634.2284192018169 1.8843985226603046e-18
634.2904949073298 1.890895477812474e-18
634.3525706128428 1.886343545097346e-18
634.4146463183557 1.880369708118159e-18
634.4767220238687 1.907695486232973e-18
634.5387977293816 1.9415751971229874e-18
634.6008734348945 1.9117351957968003e-18
634.6629491404075 1.8832056112881945e-18
634.7250248459204 1.887512958758102e-18
634.7871005514334 1.9197948661512263e-18
634.8491762569463 1.9061099307366008e-18
634.9112519624592 1.86210355351512e-18
634.9733276679722 1.863567529155598e-18
635.0354033734851 1.9074911325171688e-18
635.097479078998 1.872082873393813e-18
635.159554784511 1.886872804546287e-18
635.2216304900239 1.927182738870834e-18
635.2837061955369 1.9210529328794964e-18
635.3457819010498 1.931819094015715e-18
635.4078576065627 1.8991324777905334e-18
635.4699333120757 1.909789930224193e-18
635.5320090175886 1.8993834507056143e-18
635.5940847231016 1.8923386524740194e-18
635.6561604286145 1.8903208737346974e-18
635.7182361341274 1.891769262009239e-18
635.7803118396404 1.9088795783169157e-18
635.8423875451533 1.9092960046668645e-18
635.9044632506663 1.8258328512336908e-18
635.9665389561792 1.883557621046904e-18
636.0286146616921 1.9807439540280217e-18
636.0906903672051 1.9167312969120752e-18
636.1527660727181 1.892211338273252e-18
636.214841778231 1.864894479889824e-18
636.276917483744 1.913205534974016e-18
636.3389931892568 1.8981810367510756e-18
636.4010688947699 1.884660633950111e-18
636.4631446002828 1.939099162317778e-18
636.5252203057958 1.9168674306461143e-18
636.5872960113087 1.8614899365411576e-18
636.6493717168216 1.8907879667575856e-18
636.7114474223346 1.888323387117138e-18
636.7735231278475 1.973155306672082e-18
636.8355988333605 1.851879420801438e-18
636.8976745388734 1.9035470747148803e-18
636.9597502443863 1.9252020962189144e-18
637.0218259498993 1.951212399180623e-18
637.0839016554122 1.9132137592073628e-18
637.1459773609251 1.8694407482207785e-18
637.2080530664381 1.8639869779068287e-18
637.270128771951 1.87401468498994e-18
637.332204477464 1.8810841818185173e-18
637.3942801829769 1.9436727703421063e-18
637.4563558884898 1.8962661666238257e-18
637.5184315940028 1.9205614116684175e-18
637.5805072995157 1.925550003136042e-18
637.6425830050287 1.9061856100023277e-18
637.7046587105416 1.8514034076362574e-18
637.7667344160545 1.844876333102234e-18
637.8288101215675 1.8744194739405157e-18
637.8908858270804 1.9209283608656507e-18
637.9529615325933 1.916282766155372e-18
638.0150372381063 1.8425867465461166e-18
638.0771129436192 1.8607730488731122e-18
638.1391886491322 1.9093567413790926e-18
638.2012643546451 1.870050840305413e-18
638.263340060158 1.897286013641893e-18
638.3254157656711 1.866297278251e-18
638.3874914711839 1.8635402477617545e-18
638.449567176697 1.953263107868978e-18
638.5116428822098 1.859496113921461e-18
638.5737185877229 1.8510953512846933e-18
638.6357942932358 1.8547749561087748e-18
638.6978699987487 1.8722522804639622e-18
638.7599457042617 1.9004862787641537e-18
638.8220214097746 1.8588436114408944e-18
638.8840971152875 1.8368054610798337e-18
638.9461728208005 1.841303813344393e-18
639.0082485263134 1.853130966923011e-18
639.0703242318264 1.8689410407044906e-18
639.1323999373393 1.8831467780981284e-18
639.1944756428522 1.8760733347550604e-18
639.2565513483652 1.916529176348241e-18
639.3186270538781 1.908563044434897e-18
639.380702759391 1.8698274026943054e-18
639.442778464904 1.890968917765801e-18
639.5048541704169 1.8679375035647466e-18
639.5669298759299 1.811516358409843e-18
639.6290055814428 1.80190439916808e-18
639.6910812869558 1.8733863739361304e-18
639.7531569924687 1.8659271675847095e-18
639.8152326979816 1.825351043416114e-18
639.8773084034946 1.8438069127471827e-18
639.9393841090075 1.885199130934311e-18
640.0014598145204 1.904979583529755e-18
640.0635355200334 1.85797962134893e-18
640.1256112255463 1.8733386058043573e-18
640.1876869310593 1.8873721058306145e-18
640.2497626365722 1.8490865289216492e-18
640.3118383420851 1.845984408343722e-18
640.3739140475981 1.8680812448203975e-18
640.435989753111 1.9321541004840283e-18
640.4980654586241 1.895197935405891e-18
640.5601411641369 1.8653620301743142e-18
640.62221686965 1.849181569263926e-18
640.6842925751628 1.8489265753132166e-18
640.7463682806758 1.8706860854627425e-18
640.8084439861888 1.8270283689164994e-18
640.8705196917017 1.7871495581074207e-18
640.9325953972146 1.826660082297027e-18
640.9946711027276 1.8315244035241427e-18
641.0567468082405 1.888072401173021e-18
641.1188225137535 1.8639446607427558e-18
641.1808982192664 1.8474857701662638e-18
641.2429739247793 1.8203719162253867e-18
641.3050496302923 1.8294463741650777e-18
641.3671253358052 1.827506154540363e-18
641.4292010413182 1.8380690693301084e-18
641.4912767468311 1.8516923023477695e-18
641.553352452344 1.819560691011584e-18
641.615428157857 1.7870874174936367e-18
641.6775038633699 1.821575849404601e-18
641.7395795688828 1.87180171157079e-18
641.8016552743958 1.8803724173776516e-18
641.8637309799087 1.8415396070898225e-18
641.9258066854217 1.850233111919467e-18
641.9878823909346 1.916434416163128e-18
642.0499580964475 1.89818212300669e-18
642.1120338019605 1.9032631974387852e-18
642.1741095074734 1.885465487681473e-18
642.2361852129864 1.8360315724798456e-18
642.2982609184993 1.8529991052651972e-18
642.3603366240122 1.8497684373254313e-18
642.4224123295252 1.861877114805566e-18
642.4844880350381 1.8463196480773976e-18
642.546563740551 1.8230501599255257e-18
642.608639446064 1.838092449372641e-18
642.670715151577 1.8427501332218903e-18
642.7327908570899 1.7979317410944974e-18
642.7948665626029 1.8152115657325598e-18
642.8569422681157 1.8196505324353076e-18
642.9190179736288 1.84210735688177e-18
642.9810936791417 1.848673476549241e-18
643.0431693846547 1.8564387486080183e-18
643.1052450901676 1.797891828355051e-18
643.1673207956806 1.785413386048923e-18
643.2293965011935 1.8505506881486244e-18
643.2914722067064 1.88557208438343e-18
643.3535479122194 1.9160406056794996e-18
643.4156236177323 1.829761472392596e-18
643.4776993232452 1.8121449263584264e-18
643.5397750287582 1.8786707743254326e-18
643.6018507342711 1.88438072956713e-18
643.6639264397841 1.8524755443460473e-18
643.726002145297 1.805964077488934e-18
643.7880778508099 1.8381942750890232e-18
643.8501535563229 1.868514514990086e-18
643.9122292618358 1.836701126126172e-18
643.9743049673488 1.794464810748579e-18
644.0363806728617 1.771287031976831e-18
644.0984563783746 1.798666726528992e-18
644.1605320838876 1.8117497065743247e-18
644.2226077894005 1.828046298357257e-18
644.2846834949135 1.8407770774665268e-18
644.3467592004264 1.8049292987618744e-18
644.4088349059393 1.8428430615968742e-18
644.4709106114523 1.881697149879958e-18
644.5329863169652 1.8404113974111095e-18
644.5950620224781 1.8733074646964797e-18
644.6571377279911 1.8524967804757383e-18
644.719213433504 1.871719447503482e-18
644.781289139017 1.853768878753446e-18
644.84336484453 1.8635874971703187e-18
644.9054405500428 1.8572580722211043e-18
644.9675162555559 1.87733892788874e-18
645.0295919610687 1.8700753798929456e-18
645.0916676665818 1.821778051928931e-18
645.1537433720947 1.8086095411185682e-18
645.2158190776076 1.822564861388565e-18
645.2778947831206 1.8573093423804244e-18
645.3399704886335 1.8443019824480602e-18
645.4020461941465 1.82147845453827e-18
645.4641218996594 1.836847318238565e-18
645.5261976051723 1.833876192608003e-18
645.5882733106853 1.8125205676665658e-18
645.6503490161982 1.795391252344583e-18
645.7124247217112 1.802401709549264e-18
645.7745004272241 1.8125186712372267e-18
645.836576132737 1.839947343243127e-18
645.89865183825 1.766885780146806e-18
645.9607275437629 1.7859050567506198e-18
646.0228032492759 1.8049727212535036e-18
646.0848789547888 1.772385478387689e-18
646.1469546603017 1.7328231011044375e-18
646.2090303658147 1.7419024897673353e-18
646.2711060713276 1.7959426514176205e-18
646.3331817768405 1.802587137472404e-18
646.3952574823535 1.8219238091850674e-18
646.4573331878664 1.829048334762145e-18
646.5194088933794 1.7846889415673712e-18
646.5814845988923 1.7968209939825452e-18
646.6435603044052 1.8142377738695073e-18
646.7056360099182 1.7810086932485056e-18
646.7677117154311 1.7917530028552688e-18
646.8297874209441 1.842301966616956e-18
646.891863126457 1.8269451496663535e-18
646.9539388319699 1.8158030362138925e-18
647.016014537483 1.8075959627133056e-18
647.0780902429958 1.8082745809079803e-18
647.1401659485089 1.825633049262025e-18
647.2022416540217 1.767227529586175e-18
647.2643173595347 1.7095615205892508e-18
647.3263930650477 1.771703503554378e-18
647.3884687705606 1.8123315961672396e-18
647.4505444760736 1.7215109025882207e-18
647.5126201815865 1.7255730641248979e-18
647.5746958870994 1.791189942310584e-18
647.6367715926124 1.7880107670742867e-18
647.6988472981253 1.7809615589137147e-18
647.7609230036383 1.833821651962257e-18
647.8229987091512 1.821551320995555e-18
647.8850744146641 1.788593440397018e-18
647.9471501201771 1.811796886853778e-18
648.00922582569 1.8040760816175353e-18
648.071301531203 1.7893431454893845e-18
648.1333772367159 1.8239780950660707e-18
648.1954529422288 1.7898017550062752e-18
648.2575286477418 1.7532014209428173e-18
648.3196043532547 1.7691390020070084e-18
648.3816800587676 1.8086061048755286e-18
648.4437557642806 1.8160694900286092e-18
648.5058314697935 1.7721539510616816e-18
648.5679071753065 1.8004790433995806e-18
648.6299828808194 1.861643804038405e-18
648.6920585863323 1.846892476784166e-18
648.7541342918453 1.810968992376674e-18
648.8162099973582 1.774775512000602e-18
648.8782857028712 1.795955436565371e-18
648.9403614083841 1.809777472641355e-18
649.002437113897 1.8072399784745983e-18
649.0645128194101 1.7951122870615423e-18
649.1265885249229 1.8274089965524693e-18
649.188664230436 1.853696263990893e-18
649.2507399359488 1.8453903632211323e-18
649.3128156414618 1.8317001957775913e-18
649.3748913469747 1.802936775565395e-18
649.4369670524877 1.763350620873363e-18
649.4990427580005 1.7635193946664113e-18
649.5611184635136 1.7991704045296268e-18
649.6231941690265 1.822644346083083e-18
649.6852698745395 1.8073008546313947e-18
649.7473455800524 1.7644161072256577e-18
649.8094212855653 1.776593118200037e-18
649.8714969910783 1.7689400702412605e-18
649.9335726965912 1.7889051448455e-18
649.9956484021042 1.7842251705806693e-18
650.0577241076171 1.7378485609857287e-18
650.11979981313 1.7799584539420148e-18
650.181875518643 1.7698759075965825e-18
650.2439512241559 1.7673952830572863e-18
650.3060269296689 1.8084214757720754e-18
650.3681026351818 1.779375492483894e-18
650.4301783406947 1.7329141444736124e-18
650.4922540462077 1.7701873446007245e-18
650.5543297517206 1.732843123074734e-18
650.6164054572336 1.7885826187885848e-18
650.6784811627465 1.8005389849802906e-18
650.7405568682594 1.7447981608501183e-18
650.8026325737724 1.76203818327631e-18
650.8647082792853 1.7648767814698562e-18
650.9267839847982 1.7764373052422732e-18
650.9888596903112 1.7726153110483327e-18
651.0509353958241 1.7344938908272597e-18
651.1130111013371 1.7118786427087665e-18
651.17508680685 1.7031129988301203e-18
651.237162512363 1.7351861523826576e-18
651.2992382178759 1.752675000244081e-18
651.3613139233889 1.7873322257148787e-18
651.4233896289018 1.8813513803624214e-18
651.4854653344148 1.886365026781937e-18
651.5475410399276 1.8468547310294293e-18
651.6096167454407 1.8599520009453593e-18
651.6716924509535 1.8846521634216242e-18
651.7337681564666 1.873324930092108e-18
651.7958438619795 1.8942595723732153e-18
651.8579195674924 1.896485690525142e-18
651.9199952730054 1.867883151469534e-18
651.9820709785183 1.8126153250391542e-18
652.0441466840313 1.842580417153242e-18
652.1062223895442 1.7813570859193226e-18
652.1682980950571 1.7709187733619598e-18
652.2303738005701 1.7741906593486504e-18
652.292449506083 1.707617747872253e-18
652.354525211596 1.71212052382724e-18
652.4166009171089 1.7743966197869963e-18
652.4786766226218 1.743632336030904e-18
652.5407523281348 1.771504196181128e-18
652.6028280336477 1.786560242805541e-18
652.6649037391606 1.7759649745432846e-18
652.7269794446736 1.792466685986492e-18
652.7890551501865 1.8091933499277644e-18
652.8511308556995 1.798553352857436e-18
652.9132065612124 1.829252034144442e-18
652.9752822667253 1.9050824934686362e-18
653.0373579722383 1.8957510509034e-18
653.0994336777512 1.8517913133116833e-18
653.1615093832642 1.7782699661892868e-18
653.2235850887771 1.7290452837375936e-18
653.28566079429 1.793098421445007e-18
653.347736499803 1.746179654008401e-18
653.409812205316 1.691773176841936e-18
653.4718879108289 1.7322154226465838e-18
653.5339636163419 1.7494414435150727e-18
653.5960393218547 1.7532873933999922e-18
653.6581150273678 1.7918797623396072e-18
653.7201907328806 1.7792177360072565e-18
653.7822664383937 1.8012257285822656e-18
653.8443421439065 1.7681799936311035e-18
653.9064178494195 1.753191808226772e-18
653.9684935549325 1.7397275315149012e-18
654.0305692604454 1.731511051353843e-18
654.0926449659584 1.7242406422698179e-18
654.1547206714713 1.7198231544445258e-18
654.2167963769842 1.6750896714671193e-18
654.2788720824972 1.6903021207802308e-18
654.3409477880101 1.7128305524523163e-18
654.403023493523 1.6915671908754658e-18
654.465099199036 1.7257359131479937e-18
654.5271749045489 1.7685625742528044e-18
654.5892506100619 1.7388532281557087e-18
654.6513263155748 1.7371239656994115e-18
654.7134020210877 1.7185506019922505e-18
654.7754777266007 1.6980023509431187e-18
654.8375534321136 1.6929867549843426e-18
654.8996291376266 1.7021826185709879e-18
654.9617048431395 1.7408322235196274e-18
655.0237805486524 1.7453568352769596e-18
655.0858562541654 1.6845438362121445e-18
655.1479319596783 1.74281781877079e-18
655.2100076651913 1.7413813411271708e-18
655.2720833707042 1.7171384065909981e-18
655.3341590762171 1.7036202422985017e-18
655.3962347817301 1.6911004181672952e-18
655.458310487243 1.6802399022545602e-18
655.520386192756 1.6589804857255953e-18
655.582461898269 1.6784586479010174e-18
655.6445376037818 1.69675035318697e-18
655.7066133092949 1.7105930306574562e-18
655.7686890148077 1.7041120521608102e-18
655.8307647203208 1.6911528635870859e-18
655.8928404258336 1.6944665732943938e-18
655.9549161313466 1.7444587752139975e-18
656.0169918368595 1.6839956931559148e-18
656.0790675423725 1.6854581749952338e-18
656.1411432478855 1.6988545138743062e-18
656.2032189533984 1.719451448363755e-18
656.2652946589113 1.739638015592874e-18
656.3273703644243 1.6871292853594903e-18
656.3894460699372 1.6958128192762625e-18
656.4515217754501 1.681634445636148e-18
656.5135974809631 1.6129072830679645e-18
656.575673186476 1.6585916422432778e-18
656.637748891989 1.6835683855092459e-18
656.6998245975019 1.6256754913051317e-18
656.7619003030148 1.6924135766110653e-18
656.8239760085278 1.7226449038589507e-18
656.8860517140407 1.6494085300712109e-18
656.9481274195537 1.641612910607064e-18
657.0102031250666 1.6682259597083978e-18
657.0722788305795 1.6632853396670767e-18
657.1343545360925 1.6676795817629149e-18
657.1964302416054 1.6809036223239517e-18
657.2585059471184 1.6810778241960158e-18
657.3205816526313 1.703083648123012e-18
657.3826573581442 1.6471329324130284e-18
657.4447330636572 1.6245949780680993e-18
657.5068087691701 1.7154615630283506e-18
657.568884474683 1.7251840261180812e-18
657.630960180196 1.653753899061548e-18
657.6930358857089 1.6389999580465699e-18
657.755111591222 1.682351678431468e-18
657.8171872967348 1.6810554843586368e-18
657.8792630022479 1.654958719205194e-18
657.9413387077607 1.6637242447119092e-18
658.0034144132737 1.7131784433438021e-18
658.0654901187866 1.6934011657197914e-18
658.1275658242996 1.6738266634315746e-18
658.1896415298124 1.6905424918539053e-18
658.2517172353255 1.719454095793076e-18
658.3137929408384 1.7559023659791258e-18
658.3758686463514 1.768354052493979e-18
658.4379443518643 1.7229989623439965e-18
658.5000200573772 1.6869256790694483e-18
658.5620957628902 1.6969750160055363e-18
658.6241714684031 1.6555067280009026e-18
658.6862471739161 1.6942904758112843e-18
658.748322879429 1.6517820120057695e-18
658.8103985849419 1.6221709385589103e-18
658.8724742904549 1.6556035053969492e-18
658.9345499959678 1.7173434185405089e-18
658.9966257014808 1.6821735768273284e-18
659.0587014069937 1.6714388616435874e-18
659.1207771125066 1.700630656586086e-18
659.1828528180196 1.6732101968665327e-18
659.2449285235325 1.6406831845120964e-18
659.3070042290454 1.5984936093811157e-18
659.3690799345584 1.6620222096055434e-18
659.4311556400713 1.6942689068609066e-18
659.4932313455843 1.6205206774021496e-18
659.5553070510972 1.6485552445092126e-18
659.6173827566101 1.6942291611977802e-18
659.6794584621231 1.742092662162603e-18
659.741534167636 1.6948421345541333e-18
659.803609873149 1.6856847050482379e-18
659.8656855786619 1.6844253231650465e-18
659.927761284175 1.6967335652885184e-18
659.9898369896878 1.6461101427453459e-18
660.0519126952008 1.6489323204506083e-18
660.1139884007137 1.6854483553685404e-18
660.1760641062267 1.6693228702168153e-18
660.2381398117395 1.6768089697379187e-18
660.3002155172526 1.6690632932000963e-18
660.3622912227654 1.6515948885879892e-18
660.4243669282785 1.6283494197535446e-18
660.4864426337914 1.6374450987294227e-18
660.5485183393043 1.6638044108032094e-18
660.6105940448173 1.6667826063633956e-18
660.6726697503302 1.6300080284712006e-18
660.7347454558432 1.6425271020987955e-18
660.7968211613561 1.6659504936564564e-18
660.858896866869 1.6380374403345606e-18
660.920972572382 1.6763489990795305e-18
660.9830482778949 1.7029180962721227e-18
661.0451239834078 1.6939864946784672e-18
661.1071996889208 1.7214877703425646e-18
661.1692753944337 1.694320865867639e-18
661.2313510999467 1.7052313429594231e-18
661.2934268054596 1.6560680900866699e-18
661.3555025109725 1.598353590070977e-18
661.4175782164855 1.614767346170018e-18
661.4796539219984 1.6728847770037832e-18
661.5417296275114 1.6544012483760593e-18
661.6038053330243 1.6184400377752786e-18
661.6658810385372 1.646018067359646e-18
661.7279567440502 1.6212272944748424e-18
661.7900324495631 1.6316802163629633e-18
661.852108155076 1.6611041514968843e-18
661.914183860589 1.6955684315370724e-18
661.9762595661019 1.6822255492994078e-18
662.0383352716149 1.6745658981001122e-18
662.1004109771279 1.662446812811275e-18
662.1624866826407 1.6005564408993399e-18
662.2245623881538 1.5674317728837593e-18
662.2866380936666 1.6280628514200233e-18
662.3487137991797 1.718239021488322e-18
662.4107895046925 1.6631245868489093e-18
662.4728652102056 1.6391782303928423e-18
662.5349409157184 1.6480462687398954e-18
662.5970166212314 1.6563376863772838e-18
662.6590923267444 1.6502492513503586e-18
662.7211680322573 1.638353710844524e-18
662.7832437377702 1.6392046008828598e-18
662.8453194432832 1.6681403658806117e-18
662.9073951487961 1.6583342249706629e-18
662.9694708543091 1.6404063021647381e-18
663.031546559822 1.6538060663813234e-18
663.093622265335 1.6808125682726689e-18
663.1556979708479 1.631789957634034e-18
663.2177736763608 1.5945457265222392e-18
663.2798493818738 1.6417745498438274e-18
663.3419250873867 1.6367742620749796e-18
663.4040007928996 1.622576511997927e-18
663.4660764984126 1.5984566450366612e-18
663.5281522039255 1.6225505942663562e-18
663.5902279094385 1.656878917894261e-18
663.6523036149514 1.6626667210136898e-18
663.7143793204643 1.6975175730627848e-18
663.7764550259773 1.6771413954321578e-18
663.8385307314902 1.6467184187572693e-18
663.9006064370031 1.6157841132462843e-18
663.9626821425161 1.6535622949410282e-18
664.024757848029 1.618002644874757e-18
664.086833553542 1.6256416860080106e-18
664.1489092590549 1.5801910453749153e-18
664.2109849645678 1.5662095215572817e-18
664.2730606700809 1.5876985840972885e-18
664.3351363755937 1.5949768416245567e-18
664.3972120811068 1.6050246946301217e-18
664.4592877866196 1.636312239817648e-18
664.5213634921327 1.6773699707904812e-18
664.5834391976455 1.6615720956953011e-18
664.6455149031585 1.5905803388964285e-18
664.7075906086714 1.6303464381375121e-18
664.7696663141844 1.7102107599510407e-18
664.8317420196973 1.6504880487645322e-18
664.8938177252103 1.5972272584081358e-18
664.9558934307232 1.5999745369829784e-18
665.0179691362362 1.6282897718063802e-18
665.0800448417491 1.6947433992119758e-18
665.142120547262 1.7414637358014038e-18
665.204196252775 1.7257301813356342e-18
665.2662719582879 1.7254387106707476e-18
665.3283476638009 1.775303919270192e-18
665.3904233693138 1.667141147552115e-18
665.4524990748267 1.6232993556584215e-18
665.5145747803397 1.592383508923779e-18
665.5766504858526 1.6169447978191728e-18
665.6387261913655 1.6191043554405535e-18
665.7008018968785 1.6164651185260178e-18
665.7628776023914 1.6262969344696215e-18
665.8249533079044 1.5976982509515106e-18
665.8870290134173 1.5786902171840643e-18
665.9491047189302 1.636862629392049e-18
666.0111804244432 1.6331733417682173e-18
666.0732561299561 1.636260850093318e-18
666.1353318354691 1.5684664145360652e-18
666.197407540982 1.5850241724928855e-18
666.2594832464949 1.5771502946637672e-18
666.3215589520079 1.590126783761873e-18
666.3836346575208 1.5718263792139447e-18
666.4457103630339 1.6900302811040077e-18
666.5077860685467 1.6752678707666445e-18
666.5698617740597 1.6316628665524448e-18
666.6319374795726 1.6304780840704627e-18
666.6940131850856 1.658220326325956e-18
666.7560888905984 1.673381845664205e-18
666.8181645961115 1.6525548906191995e-18
666.8802403016243 1.6340123146972964e-18
666.9423160071374 1.5876149318347841e-18
667.0043917126503 1.5972196727383322e-18
667.0664674181633 1.6292712618650757e-18
667.1285431236762 1.597872758109123e-18
667.1906188291891 1.6001311015529788e-18
667.2526945347021 1.6001149860423247e-18
667.314770240215 1.5791988370033811e-18
667.376845945728 1.6507163109823522e-18
667.4389216512409 1.642117895372991e-18
667.5009973567538 1.6566228351768974e-18
667.5630730622668 1.6713115663435057e-18
667.6251487677797 1.634684063229254e-18
667.6872244732926 1.6397994816657226e-18
667.7493001788056 1.6422709540808876e-18
667.8113758843185 1.6245567996467097e-18
667.8734515898315 1.5502082339108175e-18
667.9355272953444 1.5501264635780128e-18
667.9976030008573 1.5569681579096662e-18
668.0596787063703 1.573767735556877e-18
668.1217544118832 1.5942786828166878e-18
668.1838301173962 1.591117021709958e-18
668.2459058229091 1.6080172487693255e-18
668.307981528422 1.6069521446508353e-18
668.370057233935 1.604362798400567e-18
668.4321329394479 1.616416233009907e-18
668.4942086449608 1.5961349303873026e-18
668.5562843504738 1.5508329760489115e-18
668.6183600559868 1.552314359596171e-18
668.6804357614997 1.5960012013884225e-18
668.7425114670127 1.6035567796561004e-18
668.8045871725255 1.667882889353965e-18
668.8666628780386 1.6794647447234285e-18
668.9287385835514 1.628086855116762e-18
668.9908142890645 1.561051366618488e-18
669.0528899945773 1.5930535798401847e-18
669.1149657000904 1.6516645382211215e-18
669.1770414056033 1.633058691349774e-18
669.2391171111162 1.5988242606797424e-18
669.3011928166292 1.5463849519788036e-18
669.3632685221421 1.5665026781647447e-18
669.425344227655 1.6099375357386228e-18
669.487419933168 1.5871080360550746e-18
669.5494956386809 1.584464375825971e-18
669.6115713441939 1.5923090241155522e-18
669.6736470497068 1.577517467444243e-18
669.7357227552197 1.5848252092196874e-18
669.7977984607327 1.5691520601408451e-18
669.8598741662456 1.5482559716497933e-18
669.9219498717586 1.5364079674616876e-18
669.9840255772715 1.5513114321535831e-18
670.0461012827844 1.5744128889860697e-18
670.1081769882974 1.5944461363551144e-18
670.1702526938103 1.5760298028856003e-18
670.2323283993233 1.5217190261748416e-18
670.2944041048362 1.5230853350460146e-18
670.3564798103491 1.5643737653041918e-18
670.4185555158621 1.562910265094015e-18
670.480631221375 1.5261628894607975e-18
670.542706926888 1.5658307639407513e-18
670.6047826324009 1.5815178050413961e-18
670.6668583379138 1.614053692243422e-18
670.7289340434268 1.6006088213662804e-18
670.7910097489398 1.5556393344107295e-18
670.8530854544526 1.5514155326166715e-18
670.9151611599657 1.5917923766238364e-18
670.9772368654785 1.6029375130186244e-18
671.0393125709916 1.5806933323035275e-18
671.1013882765044 1.6135501718833755e-18
671.1634639820174 1.5770726658392693e-18
671.2255396875303 1.5442404086333148e-18
671.2876153930433 1.5524561480692078e-18
671.3496910985563 1.5512239319875165e-18
671.4117668040692 1.5551823153367327e-18
671.4738425095821 1.5570221250828358e-18
671.5359182150951 1.589139102329178e-18
671.597993920608 1.5733348938160554e-18
671.660069626121 1.5703182235410918e-18
671.7221453316339 1.5317444361628593e-18
671.7842210371468 1.5998864305875397e-18
671.8462967426598 1.5958802621717181e-18
671.9083724481727 1.5394738834433322e-18
671.9704481536857 1.5508339054071712e-18
672.0325238591986 1.5559383203787017e-18
672.0945995647115 1.5538880069138028e-18
672.1566752702245 1.5471336362640796e-18
672.2187509757374 1.555509492101058e-18
672.2808266812503 1.541635423112554e-18
672.3429023867633 1.5549941979006993e-18
672.4049780922762 1.5330393397060398e-18
672.4670537977892 1.529304098126355e-18
672.5291295033021 1.5571982287825667e-18
672.591205208815 1.542355062322609e-18
672.653280914328 1.572228855640815e-18
672.7153566198409 1.6005779260662894e-18
672.7774323253539 1.5826840265954162e-18
672.8395080308668 1.5670451122885432e-18
672.9015837363797 1.5435074342906762e-18
672.9636594418928 1.481096616538656e-18
673.0257351474056 1.513460408407478e-18
673.0878108529187 1.5395305647528379e-18
673.1498865584315 1.5389536662396923e-18
673.2119622639445 1.5435366667913476e-18
673.2740379694574 1.5737330159317482e-18
673.3361136749704 1.5938503855697083e-18
673.3981893804832 1.5560994360968444e-18
673.4602650859963 1.5621612182760137e-18
673.5223407915092 1.5313210479547543e-18
673.5844164970222 1.499661375084543e-18
673.6464922025351 1.5058043060101336e-18
673.708567908048 1.5186401536817226e-18
673.770643613561 1.544002544873299e-18
673.8327193190739 1.5157616221489778e-18
673.8947950245869 1.502595718091789e-18
673.9568707300998 1.5080816955804691e-18
674.0189464356127 1.510505308306339e-18
674.0810221411257 1.512861183405319e-18
674.1430978466386 1.5321380302863287e-18
674.2051735521516 1.4925789439813427e-18
674.2672492576645 1.5105555472337326e-18
674.3293249631774 1.5461213592613742e-18
674.3914006686904 1.5515147795322823e-18
674.4534763742033 1.5482421141482842e-18
674.5155520797163 1.5529092758906144e-18
674.5776277852292 1.5053030156166014e-18
674.6397034907421 1.515500014812306e-18
674.7017791962551 1.5540976780295395e-18
674.763854901768 1.5496503437191732e-18
674.825930607281 1.5745511490600522e-18
674.8880063127939 1.5790952010214329e-18
674.9500820183068 1.552404653235535e-18
675.0121577238198 1.5477063292842893e-18
675.0742334293327 1.490301678436147e-18
675.1363091348458 1.4770214600731556e-18
675.1983848403586 1.536287310209044e-18
675.2604605458716 1.5513676944288295e-18
675.3225362513845 1.4876843665281345e-18
675.3846119568975 1.482831235680641e-18
675.4466876624103 1.557871191109788e-18
675.5087633679234 1.5495146271924587e-18
675.5708390734362 1.4933209847212242e-18
675.6329147789493 1.486743914378137e-18
675.6949904844622 1.5437878894799194e-18
675.7570661899751 1.5484837833257906e-18
675.8191418954881 1.5160374223934055e-18
675.881217601001 1.534638835622205e-18
675.943293306514 1.5103948283182859e-18
676.0053690120269 1.5217760489939903e-18
676.0674447175398 1.5100708948866674e-18
676.1295204230528 1.5053161203283567e-18
676.1915961285657 1.502750573998576e-18
676.2536718340787 1.4848762392633629e-18
676.3157475395916 1.5153800775478845e-18
676.3778232451045 1.5371268405423716e-18
676.4398989506175 1.5494752368078564e-18
676.5019746561304 1.5523936514496564e-18
676.5640503616434 1.5088091530992366e-18
676.6261260671563 1.4842550226891525e-18
676.6882017726692 1.5221926534987781e-18
676.7502774781822 1.5332692114258326e-18
676.8123531836951 1.5410661115832278e-18
676.874428889208 1.5314972306562698e-18
676.936504594721 1.5467826352500955e-18
676.9985803002339 1.5496297839647922e-18
677.0606560057469 1.571894262395546e-18
677.1227317112598 1.5857127660196895e-18
677.1848074167727 1.5955458513707665e-18
677.2468831222857 1.5914503207321761e-18
677.3089588277987 1.6301984248429476e-18
677.3710345333116 1.6359821037264148e-18
677.4331102388246 1.6040171538781692e-18
677.4951859443374 1.5863869753400894e-18
677.5572616498505 1.5928984783497367e-18
677.6193373553633 1.5717476948838228e-18
677.6814130608764 1.5875912942494326e-18
677.7434887663892 1.5534053509629125e-18
677.8055644719022 1.4996652267102326e-18
677.8676401774152 1.5023695960750357e-18
677.9297158829281 1.5362145093081658e-18
677.9917915884411 1.5596384863214547e-18
678.053867293954 1.525321615697575e-18
678.1159429994669 1.4818559610927114e-18
678.1780187049799 1.5588938033918621e-18
678.2400944104928 1.565899526952199e-18
678.3021701160058 1.5376546512645527e-18
678.3642458215187 1.5742594306438275e-18
678.4263215270316 1.9026878908665268e-18
678.4883972325446 3.3005907202444485e-18
678.5504729380575 6.55668802888575e-18
678.6125486435704 1.113735045372361e-17
678.6746243490834 1.598463354538701e-17
678.7367000545963 2.119628192821394e-17
678.7987757601093 2.6167466594338585e-17
678.8608514656222 2.6387737345141698e-17
678.9229271711351 2.5870579426188878e-17
678.9850028766481 2.4093707378068203e-17
679.047078582161 2.0640217202231077e-17
679.109154287674 1.6529232692437327e-17
679.1712299931869 1.1840818315475374e-17
679.2333056986998 6.8498692611403246e-18
679.2953814042128 3.1766787109024436e-18
679.3574571097257 1.75634905328378e-18
679.4195328152387 1.5923125137007306e-18
679.4816085207517 1.5526200048607253e-18
679.5436842262645 1.5240135465799042e-18
679.6057599317776 1.512382731785625e-18
679.6678356372904 1.5037123531940475e-18
679.7299113428035 1.5001298098608393e-18
679.7919870483163 1.5050707355414494e-18
679.8540627538293 1.5420447272881457e-18
679.9161384593422 1.5244838500586682e-18
679.9782141648552 1.5081155307479217e-18
680.0402898703682 1.5016637638811447e-18
680.1023655758811 1.5294988575289558e-18
680.164441281394 1.5172475003752147e-18
680.226516986907 1.495223480001911e-18
680.2885926924199 1.508011333938564e-18
680.3506683979328 1.4682526492769316e-18
680.4127441034458 1.4889389702772721e-18
680.4748198089587 1.5149227902231538e-18
680.5368955144717 1.4840728488541325e-18
680.5989712199846 1.4900822607904623e-18
680.6610469254975 1.5615308138972052e-18
680.7231226310105 1.6557064366009058e-18
680.7851983365234 1.6914493772399044e-18
680.8472740420364 1.7317408485861584e-18
680.9093497475493 1.8137634681193883e-18
680.9714254530622 1.829547413154801e-18
681.0335011585752 1.774875691623759e-18
681.0955768640881 1.7311538393892727e-18
681.157652569601 1.7301300192831584e-18
681.219728275114 1.7261431712128538e-18
681.2818039806269 1.6062228946528938e-18
681.3438796861399 1.5440975301092802e-18
681.4059553916528 1.47601884399324e-18
681.4680310971657 1.4320329903416112e-18
681.5301068026787 1.4565055757655624e-18
681.5921825081916 1.4546828166426758e-18
681.6542582137047 1.4850253007933464e-18
681.7163339192175 1.4572760943453315e-18
681.7784096247306 1.4479669554338881e-18
681.8404853302434 1.470198027912059e-18
681.9025610357564 1.4430193789296508e-18
681.9646367412693 1.4406482652218283e-18
682.0267124467823 1.4555272601394762e-18
682.0887881522951 1.483127565299869e-18
682.1508638578082 1.4781571985294608e-18
682.2129395633211 1.4793860587908247e-18
682.2750152688341 1.4357760299158703e-18
682.337090974347 1.4278297881761282e-18
682.39916667986 1.4453931653443315e-18
682.4612423853729 1.4215095146408858e-18
682.5233180908858 1.4215503538409509e-18
682.5853937963988 1.4394127856452554e-18
682.6474695019117 1.4031196990678717e-18
682.7095452074246 1.4122691839782096e-18
682.7716209129376 1.479466910546727e-18
682.8336966184505 1.4673674857937432e-18
682.8957723239635 1.4206015025414473e-18
682.9578480294764 1.3948704589393484e-18
683.0199237349893 1.4208347836275796e-18
683.0819994405023 1.469637577656184e-18
683.1440751460152 1.4283776459882325e-18
683.2061508515282 1.4174156186007688e-18
683.2682265570411 1.438169858891711e-18
683.330302262554 1.4478135789445478e-18
683.392377968067 1.475080165697527e-18
683.4544536735799 1.4598447222123908e-18
683.5165293790928 1.4729516921052207e-18
683.5786050846058 1.4769783461283504e-18
683.6406807901187 1.4369580235218664e-18
683.7027564956317 1.46197044432508e-18
683.7648322011446 1.451749172522235e-18
683.8269079066577 1.442952661145086e-18
683.8889836121705 1.4622714543322131e-18
683.9510593176835 1.4891762573890736e-18
684.0131350231964 1.4679904764718453e-18
684.0752107287094 1.4803027693827363e-18
684.1372864342222 1.4852313964134924e-18
684.1993621397353 1.4186669113864739e-18
684.2614378452481 1.4022330575688321e-18
684.3235135507612 1.4361080921406712e-18
684.3855892562741 1.4238020517534457e-18
684.447664961787 1.4400608265348342e-18
684.5097406673 1.3997604346348509e-18
684.5718163728129 1.3936665228641607e-18
684.6338920783259 1.4631152499536356e-18
684.6959677838388 1.4488849815306431e-18
684.7580434893517 1.4099379131268539e-18
684.8201191948647 1.447076582670553e-18
684.8821949003776 1.4518901930642859e-18
684.9442706058906 1.4287066857316757e-18
685.0063463114035 1.4409276677046444e-18
685.0684220169164 1.4374424344919244e-18
685.1304977224294 1.411891938665352e-18
685.1925734279423 1.4303158241917752e-18
685.2546491334552 1.4485547034351573e-18
685.3167248389682 1.464050692917716e-18
685.3788005444811 1.4584928376093753e-18
685.4408762499941 1.389934325979856e-18
685.502951955507 1.421074628251003e-18
685.5650276610199 1.491371194223984e-18
685.6271033665329 1.426773999396666e-18
685.6891790720458 1.4048265411325384e-18
685.7512547775588 1.446942361421537e-18
685.8133304830717 1.439608820206622e-18
685.8754061885846 1.4600878906270296e-18
685.9374818940976 1.438654019806366e-18
685.9995575996106 1.4046106034859364e-18
686.0616333051235 1.388160734492577e-18
686.1237090106365 1.4378724304932765e-18
686.1857847161493 1.4732714946256634e-18
686.2478604216624 1.4071326238748019e-18
686.3099361271752 1.3793473455634947e-18
686.3720118326883 1.3839656637602888e-18
686.4340875382011 1.421716809398309e-18
686.4961632437141 1.3680008683632792e-18
686.5582389492271 1.284393814643262e-18
686.62031465474 1.2365100152342375e-18
686.682390360253 1.2381819101292194e-18
686.7444660657659 1.1849935457501875e-18
686.8065417712788 1.1592759719139653e-18
686.8686174767918 1.1060691516326792e-18
686.9306931823047 1.0551363827904333e-18
686.9927688878176 9.825197374182679e-19
687.0548445933306 9.646252417558085e-19
687.1169202988435 9.82144892485931e-19
687.1789960043565 9.90325432780822e-19
687.2410717098694 1.0009505164659896e-18
687.3031474153823 1.066980293925726e-18
687.3652231208953 1.1004101856522527e-18
687.4272988264082 1.1190227349107626e-18
687.4893745319212 1.1301867786001682e-18
687.5514502374341 1.1396246054361846e-18
687.613525942947 1.1378000606706286e-18
687.67560164846 1.135416153426378e-18
687.7376773539729 1.171875273399196e-18
687.7997530594859 1.216569184979566e-18
687.8618287649988 1.2002562495567184e-18
687.9239044705117 1.1822058696848522e-18
687.9859801760247 1.238220155794357e-18
688.0480558815376 1.3102289561196594e-18
688.1101315870505 1.347879846080273e-18
688.1722072925636 1.3526975094163393e-18
688.2342829980764 1.3546423270337566e-18
688.2963587035895 1.3502953202117697e-18
688.3584344091023 1.3426850443923097e-18
688.4205101146154 1.3027414952994529e-18
688.4825858201282 1.2944810851081544e-18
688.5446615256412 1.283339099790356e-18
688.606737231154 1.2758804499394705e-18
688.6688129366671 1.2756703898440518e-18
688.73088864218 1.257605414726471e-18
688.792964347693 1.266700362948351e-18
688.8550400532059 1.2670710250926424e-18
688.9171157587189 1.2238853681767017e-18
688.9791914642318 1.2064998898005948e-18
689.0412671697447 1.2731989426149613e-18
689.1033428752577 1.2489747694829113e-18
689.1654185807706 1.2281236171397384e-18
689.2274942862836 1.2307528454723244e-18
689.2895699917965 1.2312109813545744e-18
689.3516456973094 1.2228537237757932e-18
689.4137214028224 1.2293680547561697e-18
689.4757971083353 1.2367688793062203e-18
689.5378728138483 1.2409219409515042e-18
689.5999485193612 1.2851016963362477e-18
689.6620242248741 1.2947817662396865e-18
689.7240999303871 1.2499660145936952e-18
689.7861756359 1.2468919390389652e-18
689.848251341413 1.2227249496547002e-18
689.9103270469259 1.209745953032837e-18
689.9724027524388 1.2911162310003263e-18
690.0344784579518 1.3080695249645224e-18
690.0965541634647 1.2830405300648897e-18
690.1586298689776 1.2527607757072956e-18
690.2207055744906 1.2519288868201624e-18
690.2827812800035 1.2587361973672292e-18
690.3448569855166 1.26988862453076e-18
690.4069326910294 1.3024376439813065e-18
690.4690083965424 1.358873710946911e-18
690.5310841020553 1.3955574577486161e-18
690.5931598075683 1.4282133556054797e-18
690.6552355130812 1.44460793364693e-18
690.7173112185942 1.5093162652207987e-18
690.779386924107 1.604284762262914e-18
690.8414626296201 1.6301665409287974e-18
690.903538335133 1.5629449060712056e-18
690.965614040646 1.4911662155484605e-18
691.0276897461589 1.4555500640874541e-18
691.0897654516718 1.4139707464683148e-18
691.1518411571848 1.3908532178343329e-18
691.2139168626977 1.3241696509889738e-18
691.2759925682107 1.3267258229512702e-18
691.3380682737236 1.3905692079098734e-18
691.4001439792365 1.3686643588110875e-18
691.4622196847495 1.3315418310579415e-18
691.5242953902624 1.3104306245721457e-18
691.5863710957753 1.3113779519316588e-18
691.6484468012883 1.310845166752533e-18
691.7105225068012 1.295229019901596e-18
691.7725982123142 1.271547305794565e-18
691.8346739178271 1.281429184059968e-18
691.89674962334 1.305624437742141e-18
691.958825328853 1.348720778514194e-18
692.0209010343659 1.3122975404947557e-18
692.0829767398789 1.3105925392963866e-18
692.1450524453918 1.3477271098353528e-18
692.2071281509047 1.3516822066138843e-18
692.2692038564177 1.3620773716268839e-18
692.3312795619306 1.3205280907154924e-18
692.3933552674436 1.2848075424333638e-18
692.4554309729565 1.3328417661455402e-18
692.5175066784695 1.3474275761126477e-18
692.5795823839824 1.3279783099693745e-18
692.6416580894954 1.3435156975352517e-18
692.7037337950082 1.3555740132177372e-18
692.7658095005213 1.3925178878304633e-18
692.8278852060341 1.3812739435707357e-18
692.8899609115472 1.3187679205371334e-18
692.95203661706 1.308964205768276e-18
693.014112322573 1.3252662353114e-18
693.076188028086 1.3278652154904272e-18
693.1382637335989 1.335565650474869e-18
693.2003394391119 1.3392488624158728e-18
693.2624151446248 1.3574624945147313e-18
693.3244908501377 1.3436942344459076e-18
693.3865665556507 1.3041350437049831e-18
693.4486422611636 1.2769486781359394e-18
693.5107179666766 1.3234976819455212e-18
693.5727936721895 1.3483219726805503e-18
693.6348693777024 1.3222367509089869e-18
693.6969450832154 1.3269081736152132e-18
693.7590207887283 1.3203871320036757e-18
693.8210964942413 1.2953590208938014e-18
693.8831721997542 1.3234404357531746e-18
693.9452479052671 1.3139814272840945e-18
694.0073236107801 1.3380731966038494e-18
694.069399316293 1.3163642255168142e-18
694.131475021806 1.2859384041379711e-18
694.1935507273189 1.2989854326518243e-18
694.2556264328318 1.3311849148352838e-18
694.3177021383448 1.3578615560940852e-18
694.3797778438577 1.4539044297069614e-18
694.4418535493706 1.5629224689938325e-18
694.5039292548836 1.6889748691909733e-18
694.5660049603965 1.8156421874840178e-18
694.6280806659095 1.939767837980485e-18
694.6901563714225 2.01536480665591e-18
694.7522320769353 2.031970197804286e-18
694.8143077824484 1.9829038906136353e-18
694.8763834879612 1.9238164100102055e-18
694.9384591934743 1.7723531704850456e-18
695.0005348989871 1.6228054240048362e-18
695.0626106045002 1.5844347885221364e-18
695.124686310013 1.5053755111232018e-18
695.186762015526 1.4111530987945677e-18
695.248837721039 1.3914017432956323e-18
695.3109134265519 1.3758884187769034e-18
695.3729891320648 1.3515751838300025e-18
695.4350648375778 1.3696207384517515e-18
695.4971405430907 1.3515924745630994e-18
695.5592162486037 1.3633764663086607e-18
695.6212919541166 1.3553718006285899e-18
695.6833676596295 1.3032071881881043e-18
695.7454433651425 1.3181204182163097e-18
695.8075190706554 1.3478191062561793e-18
695.8695947761684 1.3831105312518107e-18
695.9316704816813 1.5034049677546082e-18
695.9937461871942 1.5930062628580882e-18
696.0558218927072 1.6830553609456103e-18
696.1178975982201 1.7940245459148634e-18
696.179973303733 1.8699010460400697e-18
696.242049009246 1.8874171329786378e-18
696.3041247147589 1.809469225203978e-18
696.3662004202719 1.756960774556133e-18
696.4282761257848 1.6930731838228575e-18
696.4903518312977 1.624793082683793e-18
696.5524275368107 1.5582062211971836e-18
696.6145032423236 1.4991048176537337e-18
696.6765789478366 1.3840644128677465e-18
696.7386546533495 1.342663624837642e-18
696.8007303588624 1.3508584049964062e-18
696.8628060643755 1.363401464695433e-18
696.9248817698883 1.3732405810226313e-18
696.9869574754014 1.3745066193934466e-18
697.0490331809142 1.3667384821179168e-18
697.1111088864272 1.3210780438499037e-18
697.1731845919401 1.3415381629155644e-18
697.2352602974531 1.366818648452783e-18
697.297336002966 1.330490494120032e-18
697.359411708479 1.3179091856102074e-18
697.4214874139919 1.3556445919570055e-18
697.4835631195049 1.343304118692382e-18
697.5456388250178 1.3593131615186425e-18
697.6077145305308 1.3836414091145505e-18
697.6697902360437 1.4102677805273369e-18
697.7318659415566 1.4067123258035458e-18
697.7939416470696 1.3898599118930367e-18
697.8560173525825 1.3816627495165123e-18
697.9180930580955 1.3501065594748592e-18
697.9801687636084 1.3320890557627152e-18
698.0422444691213 1.3147932624536881e-18
698.1043201746343 1.3126328105118343e-18
698.1663958801472 1.3408414174370721e-18
698.2284715856601 1.3505725884199375e-18
698.2905472911731 1.3135098152295087e-18
698.352622996686 1.3205957419599359e-18
698.414698702199 1.326311690195374e-18
698.4767744077119 1.331095801418832e-18
698.5388501132248 1.3494804456900865e-18
698.6009258187378 1.3633201808517557e-18
698.6630015242507 1.3489463190109165e-18
698.7250772297637 1.355329934073417e-18
698.7871529352766 1.3485656617805896e-18
698.8492286407895 1.3099999158926438e-18
698.9113043463025 1.3175548405858478e-18
698.9733800518154 1.3487336074401742e-18
699.0354557573285 1.2928845991628895e-18
699.0975314628413 1.2965042124704912e-18
699.1596071683543 1.3437323404302924e-18
699.2216828738672 1.3514459863522453e-18
699.2837585793802 1.3127671376176703e-18
699.345834284893 1.321112563630048e-18
699.4079099904061 1.2963792498446029e-18
699.4699856959189 1.2875422502990587e-18
699.532061401432 1.3425736983366956e-18
699.5941371069449 1.3234700866038975e-18
699.6562128124579 1.3166234095158027e-18
699.7182885179708 1.344668445038908e-18
699.7803642234837 1.3538851617494037e-18
699.8424399289967 1.3377671170242484e-18
699.9045156345096 1.3045425581520238e-18
699.9665913400225 1.302902598137683e-18
700.0286670455355 1.300278808569829e-18
700.0907427510484 1.3193812067265597e-18
700.1528184565614 1.329542058095971e-18
700.2148941620743 1.339052347943953e-18
700.2769698675872 1.339262579429047e-18
700.3390455731002 1.3315764803692669e-18
700.4011212786131 1.309236093030019e-18
700.4631969841261 1.3201204792994873e-18
700.525272689639 1.3247649039856115e-18
700.5873483951519 1.311363276942339e-18
700.6494241006649 1.3256229975837651e-18
700.7114998061778 1.2789164685610341e-18
700.7735755116908 1.2769149594689104e-18
700.8356512172037 1.32054947704233e-18
700.8977269227166 1.3564960264279896e-18
700.9598026282296 1.3168974783342266e-18
701.0218783337425 1.3094014441885587e-18
701.0839540392554 1.3100684041822068e-18
701.1460297447684 1.276772067813709e-18
701.2081054502814 1.3041851743163664e-18
701.2701811557943 1.3285082461799138e-18
701.3322568613073 1.3105849227470846e-18
701.3943325668201 1.2995915851784227e-18
701.4564082723332 1.2829178634641806e-18
701.518483977846 1.268498803378339e-18
701.5805596833591 1.311781695462591e-18
701.6426353888719 1.3244661984859643e-18
701.704711094385 1.3339053064899523e-18
701.7667867998979 1.3474580268859882e-18
701.8288625054108 1.3403091548236086e-18
701.8909382109238 1.301056023279896e-18
701.9530139164367 1.283191773220665e-18
702.0150896219496 1.317228980652994e-18
702.0771653274626 1.3214291377708255e-18
702.1392410329755 1.2911148205770426e-18
702.2013167384885 1.2968680380216757e-18
702.2633924440014 1.2671030810427606e-18
702.3254681495143 1.278418092672663e-18
702.3875438550273 1.2858944977139239e-18
702.4496195605402 1.316222166724695e-18
702.5116952660532 1.2988708563831508e-18
702.5737709715661 1.306691607914266e-18
702.635846677079 1.295001682697586e-18
702.697922382592 1.2939743144969555e-18
702.7599980881049 1.3427321447370263e-18
702.8220737936178 1.3064413949159542e-18
702.8841494991308 1.2764889091600834e-18
702.9462252046437 1.3121161032456228e-18
703.0083009101567 1.3490609401824952e-18
703.0703766156696 1.3447555788189408e-18
703.1324523211825 1.3288058896330309e-18
703.1945280266955 1.3046172527241665e-18
703.2566037322084 1.3045993655383693e-18
703.3186794377214 1.3034116785971725e-18
703.3807551432344 1.3272760718441151e-18
703.4428308487472 1.3278129454675394e-18
703.5049065542603 1.2991983623810643e-18
703.5669822597731 1.2856194996711629e-18
703.6290579652862 1.3229734812730436e-18
703.691133670799 1.308087243520894e-18
703.753209376312 1.33737025471278e-18
703.8152850818249 1.3421795345507307e-18
703.8773607873379 1.301988713499603e-18
703.9394364928509 1.2971986511604603e-18
704.0015121983638 1.2956620179922463e-18
704.0635879038767 1.269943952493299e-18
704.1256636093897 1.3023769626705224e-18
704.1877393149026 1.304143598661511e-18
704.2498150204156 1.2834522248950844e-18
704.3118907259285 1.3041067170030893e-18
704.3739664314414 1.3122830161973722e-18
704.4360421369544 1.2873373247557556e-18
704.4981178424673 1.2972311731716055e-18
704.5601935479802 1.325542580649303e-18
704.6222692534932 1.3135677862256422e-18
704.6843449590061 1.3301314950220048e-18
704.7464206645191 1.3122715087329937e-18
704.808496370032 1.2774841309502156e-18
704.8705720755449 1.2988210437255605e-18
704.9326477810579 1.3253756503372925e-18
704.9947234865708 1.3075047836231885e-18
705.0567991920838 1.2960462240506542e-18
705.1188748975967 1.3123971615811046e-18
705.1809506031096 1.2828968870980409e-18
705.2430263086226 1.3117878609192935e-18
705.3051020141355 1.3380467994237709e-18
705.3671777196485 1.3172716045123757e-18
705.4292534251614 1.3465320215791578e-18
705.4913291306743 1.326308805196538e-18
705.5534048361874 1.3088841771702221e-18
705.6154805417002 1.3047112759131825e-18
705.6775562472133 1.3222984382496848e-18
705.7396319527261 1.3362291221506056e-18
705.8017076582391 1.3548324186233206e-18
705.863783363752 1.3037415925999892e-18
705.925859069265 1.2935014855848779e-18
705.9879347747778 1.281945844379683e-18
706.0500104802909 1.309026985399591e-18
706.1120861858038 1.3208934088398884e-18
706.1741618913168 1.2805413852620886e-18
706.2362375968297 1.3022641284472206e-18
706.2983133023426 1.3211875364354116e-18
706.3603890078556 1.2762203081410337e-18
706.4224647133685 1.303376297047822e-18
706.4845404188815 1.2901627952570287e-18
706.5466161243944 1.2817881249120507e-18
706.6086918299073 1.3283747073812155e-18
706.6707675354203 1.3619471571657899e-18
706.7328432409332 1.3156786990032854e-18
706.7949189464462 1.262100881110427e-18
706.8569946519591 1.261606092163462e-18
706.919070357472 1.2480278618980225e-18
706.981146062985 1.3063929002506077e-18
707.0432217684979 1.295342572932895e-18
707.1052974740109 1.2790281956447056e-18
707.1673731795238 1.2698768722308055e-18
707.2294488850367 1.3171273219261713e-18
707.2915245905497 1.2956590395943205e-18
707.3536002960626 1.2731868068575744e-18
707.4156760015755 1.2918113690869785e-18
707.4777517070885 1.2951264938676481e-18
707.5398274126014 1.2535778696429562e-18
707.6019031181144 1.2676203686520105e-18
707.6639788236273 1.2938555295303787e-18
707.7260545291404 1.3116727098347645e-18
707.7881302346532 1.3118663206749096e-18
707.8502059401662 1.3620669332326232e-18
707.9122816456791 1.2951341185141124e-18
707.9743573511921 1.2870361858818777e-18
708.0364330567049 1.2769529762175288e-18
708.098508762218 1.277121446921075e-18
708.1605844677308 1.2745490145647183e-18
708.2226601732439 1.29652739690553e-18
708.2847358787568 1.2990903835245563e-18
708.3468115842697 1.2832878218097254e-18
708.4088872897827 1.2519301905004104e-18
708.4709629952956 1.2431326156627292e-18
708.5330387008086 1.2390592464511903e-18
708.5951144063215 1.251686104209999e-18
708.6571901118344 1.2984738296069813e-18
708.7192658173474 1.263592362339548e-18
708.7813415228603 1.2522776234778908e-18
708.8434172283733 1.2440498881601274e-18
708.9054929338862 1.2829026893602003e-18
708.9675686393991 1.2868262267146673e-18
709.0296443449121 1.2912342360662462e-18
709.091720050425 1.3044631086241374e-18
709.153795755938 1.2754600598256755e-18
709.2158714614509 1.283949445133058e-18
709.2779471669638 1.2979705682615047e-18
709.3400228724768 1.2575194664181781e-18
709.4020985779897 1.2482070814933073e-18
709.4641742835026 1.2573942904399207e-18
709.5262499890156 1.2679286671296997e-18
709.5883256945285 1.2813620675455414e-18
709.6504014000415 1.3312722678037885e-18
709.7124771055544 1.3136860413585198e-18
709.7745528110673 1.3069265104930908e-18
709.8366285165803 1.3022180867048399e-18
709.8987042220933 1.2559117188811606e-18
709.9607799276062 1.2437039915474698e-18
710.0228556331192 1.2755083944190692e-18
710.084931338632 1.2782213165780719e-18
710.1470070441451 1.2596008418448462e-18
710.2090827496579 1.26855432724229e-18
710.271158455171 1.255599497122252e-18
710.3332341606838 1.2589946039271917e-18
710.3953098661968 1.2619817855449601e-18
710.4573855717098 1.2712008183479936e-18
710.5194612772227 1.2776560906854015e-18
710.5815369827357 1.2634030830075737e-18
710.6436126882486 1.2486619370952014e-18
710.7056883937615 1.2524279396278459e-18
710.7677640992745 1.2649694111730956e-18
710.8298398047874 1.2862583394045573e-18
710.8919155103004 1.2998958086054071e-18
710.9539912158133 1.2723954888381516e-18
711.0160669213262 1.2880902888207876e-18
711.0781426268392 1.2939315574530956e-18
711.1402183323521 1.2809777657872401e-18
711.202294037865 1.2517694049884343e-18
711.264369743378 1.2694216525595232e-18
711.3264454488909 1.2978369617904895e-18
711.3885211544039 1.2620444809637477e-18
711.4505968599168 1.2278797115908884e-18
711.5126725654297 1.2871111878930242e-18
711.5747482709427 1.3017372771881422e-18
711.6368239764556 1.2850416137438585e-18
711.6988996819686 1.2601817786373702e-18
711.7609753874815 1.264474478448616e-18
711.8230510929944 1.2678823088912873e-18
711.8851267985074 1.2769529334420608e-18
711.9472025040203 1.296964985072805e-18
712.0092782095332 1.2989685834590534e-18
712.0713539150463 1.2996513458575478e-18
712.1334296205591 1.2840599773013928e-18
712.1955053260722 1.2756043435766418e-18
712.257581031585 1.2548891314860782e-18
712.3196567370981 1.2144127196035496e-18
712.3817324426109 1.3014953414850724e-18
712.4438081481239 1.3231587372068211e-18
712.5058838536368 1.2766330943891855e-18
712.5679595591498 1.3033425019093405e-18
712.6300352646628 1.3036836356791607e-18
712.6921109701757 1.2786832784251343e-18
712.7541866756886 1.2762477344258103e-18
712.8162623812016 1.2936085580835029e-18
712.8783380867145 1.2774807666693057e-18
712.9404137922274 1.2609381518952246e-18
713.0024894977404 1.258632938619725e-18
713.0645652032533 1.3027273052409733e-18
713.1266409087663 1.2786004519666318e-18
713.1887166142792 1.2639964815779088e-18
713.2507923197921 1.2836464541226133e-18
713.3128680253051 1.2957042088700805e-18
713.374943730818 1.2653601544856882e-18
713.437019436331 1.2531468107228018e-18
713.4990951418439 1.2519393328465755e-18
713.5611708473568 1.2296504855234392e-18
713.6232465528698 1.2402053023600011e-18
713.6853222583827 1.246990558434862e-18
713.7473979638957 1.259361185840781e-18
713.8094736694086 1.2491943581660795e-18
713.8715493749215 1.2374260003216814e-18
713.9336250804345 1.2343168159508778e-18
713.9957007859474 1.2507519372085846e-18
714.0577764914603 1.26337290550692e-18
714.1198521969733 1.2634376911159583e-18
714.1819279024862 1.2450769328422324e-18
714.2440036079993 1.2670037075006878e-18
714.3060793135121 1.3104486314012714e-18
714.3681550190252 1.2681999579946545e-18
714.430230724538 1.2786085176425612e-18
714.492306430051 1.2866372658880083e-18
714.5543821355639 1.2510150072932996e-18
714.6164578410769 1.257725246284441e-18
714.6785335465897 1.249291290790123e-18
714.7406092521028 1.2673798303779538e-18
714.8026849576157 1.2475239981697795e-18
714.8647606631287 1.2551356886425652e-18
714.9268363686416 1.2389594150570842e-18
714.9889120741545 1.2552957186976602e-18
715.0509877796675 1.279692389245134e-18
715.1130634851804 1.2798700672648658e-18
715.1751391906934 1.271145040207297e-18
715.2372148962063 1.2181293612515097e-18
715.2992906017192 1.204996417330504e-18
715.3613663072322 1.2459251107290252e-18
715.4234420127451 1.26573214866023e-18
715.485517718258 1.226998822068795e-18
715.547593423771 1.24399449538704e-18
715.6096691292839 1.2610611080657557e-18
715.6717448347969 1.2692995098207614e-18
715.7338205403098 1.2688712965154185e-18
715.7958962458227 1.2707642150980176e-18
715.8579719513357 1.244167268865857e-18
715.9200476568486 1.2324327585886943e-18
715.9821233623616 1.2161318491454015e-18
716.0441990678745 1.2163028054532177e-18
716.1062747733874 1.2535621813759893e-18
716.1683504789004 1.2614149729255467e-18
716.2304261844133 1.2636107397628225e-18
716.2925018899263 1.2605775045692205e-18
716.3545775954392 1.2890279351107194e-18
716.4166533009522 1.2511791593440963e-18
716.4787290064651 1.2069345937220859e-18
716.5408047119781 1.17596530451221e-18
716.602880417491 1.1542159366665234e-18
716.664956123004 1.2043095305251014e-18
716.7270318285168 1.2214573769118516e-18
716.7891075340299 1.2117087926973642e-18
716.8511832395427 1.1691913636229227e-18
716.9132589450558 1.1173680965386131e-18
716.9753346505687 1.1679363345885281e-18
717.0374103560816 1.1920635853885578e-18
717.0994860615946 1.1636323089136128e-18
717.1615617671075 1.1825390255618698e-18
717.2236374726205 1.180792930995964e-18
717.2857131781334 1.125626973470195e-18
717.3477888836463 1.0871961204651091e-18
717.4098645891593 1.1107677710382854e-18
717.4719402946722 1.1282661702296108e-18
717.5340160001851 1.0862924095090129e-18
717.5960917056981 1.122218746766733e-18
717.658167411211 1.145681370498812e-18
717.720243116724 1.1138647625064667e-18
717.7823188222369 1.1681565966901988e-18
717.8443945277498 1.1820144085674581e-18
717.9064702332628 1.1100849704322004e-18
717.9685459387757 1.1022016733392793e-18
718.0306216442887 1.1788216823840544e-18
718.0926973498016 1.228784108047853e-18
718.1547730553145 1.192268739465414e-18
718.2168487608275 1.122062768140725e-18
718.2789244663404 1.1090523580243135e-18
718.3410001718534 1.138417255977437e-18
718.4030758773663 1.1259973892376932e-18
718.4651515828792 1.0813367665146327e-18
718.5272272883922 1.0630339354368918e-18
718.5893029939052 1.0553314777765356e-18
718.651378699418 1.0382024194750245e-18
718.7134544049311 1.0619250282864386e-18
718.7755301104439 1.106966133664911e-18
718.837605815957 1.0912783208693984e-18
718.8996815214698 1.0730664756656416e-18
718.9617572269829 1.0648178406103097e-18
719.0238329324957 1.0794829042272963e-18
719.0859086380087 1.174213981719326e-18
719.1479843435217 1.1830911171243257e-18
719.2100600490346 1.1204590378224714e-18
719.2721357545475 1.1005630662418613e-18
719.3342114600605 1.0700390233680485e-18
719.3962871655734 1.062265996455278e-18
719.4583628710864 1.0673299250360372e-18
719.5204385765993 1.0760044789799977e-18
719.5825142821122 1.0935606093638817e-18
719.6445899876252 1.1361948269078127e-18
719.7066656931381 1.1569367529421453e-18
719.7687413986511 1.1442434839273928e-18
719.830817104164 1.1309608230261597e-18
719.8928928096769 1.113723899070278e-18
719.9549685151899 1.1193779825612316e-18
720.0170442207028 1.0853887619019856e-18
720.0791199262158 1.0453598451436745e-18
720.1411956317287 1.0659575875942622e-18
720.2032713372416 1.0696027676500976e-18
720.2653470427546 1.0818174867280073e-18
720.3274227482675 1.0898635395215906e-18
720.3894984537804 1.0815281034243878e-18
720.4515741592934 1.0918372548995004e-18
720.5136498648063 1.0893544434476955e-18
720.5757255703193 1.08764556728967e-18
720.6378012758322 1.073143568230712e-18
720.6998769813451 1.0409316283114347e-18
720.7619526868582 1.0652150345173035e-18
720.824028392371 1.137896993728752e-18
720.8861040978841 1.17105023236376e-18
720.9481798033969 1.173962108320667e-18
721.01025550891 1.196075758571848e-18
721.0723312144228 1.1654470463618927e-18
721.1344069199358 1.164106990791841e-18
721.1964826254487 1.220984080401418e-18
721.2585583309617 1.2042306957618503e-18
721.3206340364746 1.2108999358343048e-18
721.3827097419876 1.2335943681042714e-18
721.4447854475005 1.2279287928759059e-18
721.5068611530135 1.2144285493867868e-18
721.5689368585264 1.1632628007938326e-18
721.6310125640393 1.1466531586755728e-18
721.6930882695523 1.1648791380384425e-18
721.7551639750652 1.151907279603183e-18
721.8172396805782 1.2005681789014364e-18
721.8793153860911 1.182167134996997e-18
721.941391091604 1.1713128437731477e-18
722.003466797117 1.2026155252608326e-18
722.0655425026299 1.2009963407935283e-18
722.1276182081428 1.1910104843842765e-18
722.1896939136558 1.156787256262122e-18
722.2517696191687 1.171814854075855e-18
722.3138453246817 1.2509516298766424e-18
722.3759210301946 1.1671906250440678e-18
722.4379967357075 1.1372209632098783e-18
722.5000724412205 1.1623211495309249e-18
722.5621481467334 1.169321815413217e-18
722.6242238522464 1.1477777451835293e-18
722.6862995577593 1.1392612993447744e-18
722.7483752632722 1.1557931422988364e-18
722.8104509687852 1.1347478860941355e-18
722.8725266742981 1.094794999904828e-18
722.9346023798112 1.1315670226794994e-18
722.996678085324 1.1604359088368785e-18
723.058753790837 1.1378183022975996e-18
723.1208294963499 1.1406982982767733e-18
723.1829052018629 1.1762933478209436e-18
723.2449809073757 1.2015129561404568e-18
723.3070566128888 1.1564116803978123e-18
723.3691323184016 1.0810405343153738e-18
723.4312080239147 1.0661518655682829e-18
723.4932837294276 1.0930381183835693e-18
723.5553594349406 1.0877309954490294e-18
723.6174351404535 1.0382375779706037e-18
723.6795108459664 1.045578537040145e-18
723.7415865514794 1.0553633807074061e-18
723.8036622569923 1.1015894304307875e-18
723.8657379625052 1.1316273339128713e-18
723.9278136680182 1.082511154779941e-18
723.9898893735311 1.1337538963031384e-18
724.0519650790441 1.1316769626518602e-18
724.114040784557 1.0975094640997987e-18
724.17611649007 1.1161762233068235e-18
724.2381921955829 1.13947718771829e-18
724.3002679010958 1.1121317986709664e-18
724.3623436066088 1.1404658682909636e-18
724.4244193121217 1.1216721048827605e-18
724.4864950176346 1.0425967223843702e-18
724.5485707231476 1.0804914483637548e-18
724.6106464286605 1.1072387121599483e-18
724.6727221341735 1.055093125626306e-18
724.7347978396864 1.0854455326554558e-18
724.7968735451993 1.1375507799751908e-18
724.8589492507123 1.1772077152525072e-18
724.9210249562252 1.1663566828467268e-18
724.9831006617381 1.1401562517560114e-18
725.0451763672511 1.1212091901196323e-18
725.1072520727641 1.136043100891146e-18
725.169327778277 1.1530676840325776e-18
725.23140348379 1.1314114101831045e-18
725.2934791893028 1.0987338896297947e-18
725.3555548948159 1.0904171685452944e-18
725.4176306003287 1.0877552595483841e-18
725.4797063058418 1.0566373935126417e-18
725.5417820113546 1.1218988427896278e-18
725.6038577168677 1.2532578215384387e-18
725.6659334223806 1.2179707459164477e-18
725.7280091278935 1.1853190831696535e-18
725.7900848334065 1.1936700026655089e-18
725.8521605389194 1.1527728545946749e-18
725.9142362444323 1.1805942183177194e-18
725.9763119499453 1.2002687028062559e-18
726.0383876554582 0.0
