# wavelength flux(cal) flux
3585.4324 4.616565e+02 4.125402e+03
3586.6592 4.363882e+02 3.877426e+03
3587.8859 3.714352e+02 3.281281e+03
3589.1126 3.459894e+02 3.038648e+03
3590.3394 3.273755e+02 2.858177e+03
3591.5661 3.178589e+02 2.758487e+03
3592.7929 4.431855e+02 3.822831e+03
3594.0196 4.830950e+02 4.141568e+03
3595.2464 4.810514e+02 4.098517e+03
3596.4731 5.105017e+02 4.322215e+03
3597.6998 3.809143e+02 3.204658e+03
3598.9266 3.991913e+02 3.336975e+03
3600.1533 4.474225e+02 3.716033e+03
3601.3801 4.019298e+02 3.316463e+03
3602.6068 3.289445e+02 2.696400e+03
3603.8336 2.847391e+02 2.318567e+03
3605.0603 3.321093e+02 2.686207e+03
3606.2870 4.308652e+02 3.461473e+03
3607.5138 4.586625e+02 3.659734e+03
3608.7405 4.560992e+02 3.614339e+03
3609.9673 4.481180e+02 3.526566e+03
3611.1940 4.342686e+02 3.393794e+03
3612.4207 4.211106e+02 3.267898e+03
3613.6475 3.614307e+02 2.784974e+03
3614.8742 3.610470e+02 2.762246e+03
3616.1010 3.590562e+02 2.727363e+03
3617.3277 4.180260e+02 3.152432e+03
3618.5545 3.902575e+02 2.921701e+03
3619.7812 4.461933e+02 3.316122e+03
3621.0079 4.592059e+02 3.387812e+03
3622.2347 5.144262e+02 3.767219e+03
3623.4614 4.062053e+02 2.952647e+03
3624.6882 4.362733e+02 3.147571e+03
3625.9149 4.408333e+02 3.156643e+03
3627.1417 4.298543e+02 3.054851e+03
3628.3684 3.667441e+02 2.586625e+03
3629.5951 3.852503e+02 2.696494e+03
3630.8219 3.517306e+02 2.443080e+03
3632.0486 3.097685e+02 2.135115e+03
3633.2754 3.390000e+02 2.318601e+03
3634.5021 4.365520e+02 2.962721e+03
3635.7289 4.084689e+02 2.750608e+03
3636.9556 3.893221e+02 2.601242e+03
3638.1823 4.305522e+02 2.854218e+03
3639.4091 3.419637e+02 2.249151e+03
3640.6358 3.900515e+02 2.545226e+03
3641.8626 4.330410e+02 2.803416e+03
3643.0893 3.892761e+02 2.500113e+03
3644.3161 3.952949e+02 2.518581e+03
3645.5428 4.070091e+02 2.572535e+03
3646.7695 4.445041e+02 2.787057e+03
3647.9963 4.224898e+02 2.627784e+03
3649.2230 3.865226e+02 2.384749e+03
3650.4498 3.304122e+02 2.022132e+03
3651.6765 2.764844e+02 1.678423e+03
3652.9032 3.048150e+02 1.835425e+03
3654.1300 2.954398e+02 1.764538e+03
3655.3567 3.146376e+02 1.863920e+03
3656.5835 3.954712e+02 2.323695e+03
3657.8102 4.889024e+02 2.849231e+03
3659.0370 4.481812e+02 2.590562e+03
3660.2637 3.600146e+02 2.063905e+03
3661.4904 4.386780e+02 2.494245e+03
3662.7172 4.268132e+02 2.406853e+03
3663.9439 3.270321e+02 1.829008e+03
3665.1707 4.093494e+02 2.270536e+03
3666.3974 4.629880e+02 2.546882e+03
3667.6242 3.922800e+02 2.140110e+03
3668.8509 4.040414e+02 2.186065e+03
3670.0776 4.458739e+02 2.392453e+03
3671.3044 3.929994e+02 2.091290e+03
3672.5311 4.062812e+02 2.144063e+03
3673.7579 2.519556e+02 1.318624e+03
3674.9846 4.012177e+02 2.082385e+03
3676.2114 3.630224e+02 1.868515e+03
3677.4381 3.981215e+02 2.032167e+03
3678.6648 3.734741e+02 1.890531e+03
3679.8916 3.818174e+02 1.916715e+03
3681.1183 3.498693e+02 1.741749e+03
3682.3451 3.707663e+02 1.830449e+03
3683.5718 4.058552e+02 1.987037e+03
3684.7986 4.293026e+02 2.084376e+03
3686.0253 4.584128e+02 2.207229e+03
3687.2520 4.125465e+02 1.969891e+03
3688.4788 4.618726e+02 2.187113e+03
3689.7055 4.801506e+02 2.254797e+03
3690.9323 4.144666e+02 1.930199e+03
3692.1590 3.352692e+02 1.548425e+03
3693.3857 3.543030e+02 1.622772e+03
3694.6125 4.389611e+02 1.993871e+03
3695.8392 4.690286e+02 2.112813e+03
3697.0660 4.371483e+02 1.952918e+03
3698.2927 4.245039e+02 1.880760e+03
3699.5195 4.180266e+02 1.836771e+03
3700.7462 3.370600e+02 1.468795e+03
3701.9729 4.065346e+02 1.756945e+03
3703.1997 3.894149e+02 1.669104e+03
3704.4264 4.187595e+02 1.780123e+03
3705.6532 4.428549e+02 1.867091e+03
3706.8799 4.361513e+02 1.823746e+03
3708.1067 4.012672e+02 1.664136e+03
3709.3334 4.734754e+02 1.947535e+03
3710.5601 4.139067e+02 1.688605e+03
3711.7869 3.833847e+02 1.551328e+03
3713.0136 2.286368e+02 9.176216e+02
3714.2404 4.407956e+02 1.754726e+03
3715.4671 3.928372e+02 1.551118e+03
3716.6939 3.801482e+02 1.488852e+03
3717.9206 4.202136e+02 1.632456e+03
3719.1473 4.255534e+02 1.639852e+03
3720.3741 4.983750e+02 1.904989e+03
3721.6008 4.661928e+02 1.767643e+03
3722.8276 4.519737e+02 1.699972e+03
3724.0543 5.328840e+02 1.988237e+03
3725.2811 4.317565e+02 1.598043e+03
3726.5078 4.088550e+02 1.501208e+03
3727.7345 4.196600e+02 1.528616e+03
3728.9613 4.185013e+02 1.512290e+03
3730.1880 4.171479e+02 1.495456e+03
3731.4148 3.425365e+02 1.218271e+03
3732.6415 3.172154e+02 1.119318e+03
3733.8682 3.480366e+02 1.218413e+03
3735.0950 3.149417e+02 1.093903e+03
3736.3217 3.702864e+02 1.276070e+03
3737.5485 4.240853e+02 1.450063e+03
3738.7752 4.100468e+02 1.391147e+03
3740.0020 4.816389e+02 1.621349e+03
3741.2287 4.588794e+02 1.532774e+03
3742.4554 4.887741e+02 1.620027e+03
3743.6822 4.227317e+02 1.390346e+03
3744.9089 3.463208e+02 1.130291e+03
3746.1357 3.544200e+02 1.147873e+03
3747.3624 3.540974e+02 1.138078e+03
3748.5892 4.288478e+02 1.367844e+03
3749.8159 4.814977e+02 1.524130e+03
3751.0426 5.417687e+02 1.701949e+03
3752.2694 3.954926e+02 1.233066e+03
3753.4961 4.701532e+02 1.454835e+03
3754.7229 4.371255e+02 1.342510e+03
3755.9496 4.224627e+02 1.287798e+03
3757.1764 4.687182e+02 1.418176e+03
3758.4031 4.250111e+02 1.276406e+03
3759.6298 2.933362e+02 8.744517e+02
3760.8566 3.449178e+02 1.020654e+03
3762.0833 4.092329e+02 1.202093e+03
3763.3101 4.870355e+02 1.420182e+03
3764.5368 4.725018e+02 1.367775e+03
3765.7636 4.279931e+02 1.229950e+03
3766.9903 4.439140e+02 1.266488e+03
3768.2170 3.976410e+02 1.126307e+03
3769.4438 4.377704e+02 1.231084e+03
3770.6705 4.582611e+02 1.279505e+03
3771.8973 4.463848e+02 1.237481e+03
3773.1240 5.181741e+02 1.426321e+03
3774.3507 5.103120e+02 1.394769e+03
3775.5775 4.747447e+02 1.288440e+03
3776.8042 4.761356e+02 1.283172e+03
3778.0310 5.005315e+02 1.339518e+03
3779.2577 4.844790e+02 1.287561e+03
3780.4845 3.817690e+02 1.007585e+03
3781.7112 5.158693e+02 1.352142e+03
3782.9379 5.171412e+02 1.346190e+03
3784.1647 4.525446e+02 1.170001e+03
3785.3914 3.812129e+02 9.788887e+02
3786.6182 4.659590e+02 1.188413e+03
3787.8449 5.382125e+02 1.363456e+03
3789.0717 5.479382e+02 1.378794e+03
3790.2984 4.384936e+02 1.096038e+03
3791.5251 6.302307e+02 1.564838e+03
3792.7519 5.195757e+02 1.281563e+03
3793.9786 4.653917e+02 1.140368e+03
3795.2054 4.844802e+02 1.179373e+03
3796.4321 5.065600e+02 1.225091e+03
3797.6589 5.591383e+02 1.343485e+03
3798.8856 4.042296e+02 9.650103e+02
3800.1123 5.526155e+02 1.310784e+03
3801.3391 5.149816e+02 1.213718e+03
3802.5658 5.261003e+02 1.232045e+03
3803.7926 5.011273e+02 1.166144e+03
3805.0193 4.265687e+02 9.864009e+02
3806.2461 4.913725e+02 1.129145e+03
3807.4728 4.680940e+02 1.068958e+03
3808.6995 3.766898e+02 8.548979e+02
3809.9263 3.998774e+02 9.019336e+02
3811.1530 4.022517e+02 9.017314e+02
3812.3798 3.871635e+02 8.626201e+02
3813.6065 4.662789e+02 1.032598e+03
3814.8332 5.646041e+02 1.242809e+03
3816.0600 5.271253e+02 1.153356e+03
3817.2867 5.744570e+02 1.249427e+03
3818.5135 6.003825e+02 1.298075e+03
3819.7402 4.308300e+02 9.259995e+02
3820.9670 4.372970e+02 9.343916e+02
3822.1937 5.463715e+02 1.160654e+03
3823.4204 5.100835e+02 1.077291e+03
3824.6472 5.697704e+02 1.196418e+03
3825.8739 5.863253e+02 1.224132e+03
3827.1007 5.201547e+02 1.079800e+03
3828.3274 4.765229e+02 9.836265e+02
3829.5542 5.422174e+02 1.112937e+03
3830.7809 4.153402e+02 8.477476e+02
3832.0076 7.205291e+02 1.462495e+03
3833.2344 5.503895e+02 1.110985e+03
3834.4611 5.501324e+02 1.104372e+03
3835.6879 5.195128e+02 1.037216e+03
3836.9146 4.408917e+02 8.754768e+02
3838.1414 5.941572e+02 1.173461e+03
3839.3681 5.368262e+02 1.054559e+03
3840.5948 7.088484e+02 1.385081e+03
3841.8216 6.645793e+02 1.291719e+03
3843.0483 5.811348e+02 1.123602e+03
3844.2751 6.254240e+02 1.202928e+03
3845.5018 6.771812e+02 1.295729e+03
3846.7286 6.274401e+02 1.194376e+03
3847.9553 5.833605e+02 1.104791e+03
3849.1820 7.657615e+02 1.442866e+03
3850.4088 1.172970e+03 2.198993e+03
3851.6355 1.585087e+03 2.956714e+03
3852.8623 2.169451e+03 4.026616e+03
3854.0890 2.983249e+03 5.509717e+03
3855.3158 3.668197e+03 6.741503e+03
3856.5425 4.049102e+03 7.405290e+03
3857.7692 4.202854e+03 7.649305e+03
3858.9960 3.940034e+03 7.136526e+03
3860.2227 3.318849e+03 5.982720e+03
3861.4495 2.676533e+03 4.802009e+03
3862.6762 1.821284e+03 3.252237e+03
3863.9029 1.007220e+03 1.790185e+03
3865.1297 7.687702e+02 1.360048e+03
3866.3564 7.776407e+02 1.369417e+03
3867.5832 7.207494e+02 1.263441e+03
3868.8099 5.909396e+02 1.031200e+03
3870.0367 6.526345e+02 1.133740e+03
3871.2634 6.755225e+02 1.168267e+03
3872.4901 4.976451e+02 8.568318e+02
3873.7169 5.810770e+02 9.960886e+02
3874.9436 6.027578e+02 1.028751e+03
3876.1704 6.546188e+02 1.112434e+03
3877.3971 5.736593e+02 9.706729e+02
3878.6239 6.733041e+02 1.134431e+03
3879.8506 7.487525e+02 1.256225e+03
3881.0773 8.370901e+02 1.398553e+03
3882.3041 7.458599e+02 1.240955e+03
3883.5308 7.740173e+02 1.282497e+03
3884.7576 7.519400e+02 1.240825e+03
3885.9843 7.069081e+02 1.161787e+03
3887.2111 7.150192e+02 1.170395e+03
3888.4378 7.653938e+02 1.247858e+03
3889.6645 7.224608e+02 1.173207e+03
3890.8913 7.093827e+02 1.147456e+03
3892.1180 7.259901e+02 1.169756e+03
3893.3448 7.682564e+02 1.233090e+03
3894.5715 6.934772e+02 1.108816e+03
3895.7983 6.991398e+02 1.113639e+03
3897.0250 7.449168e+02 1.182104e+03
3898.2517 7.060564e+02 1.116270e+03
3899.4785 6.836936e+02 1.076930e+03
3900.7052 7.460734e+02 1.170896e+03
3901.9320 7.457009e+02 1.166075e+03
3903.1587 8.639531e+02 1.346144e+03
3904.3854 8.898347e+02 1.381543e+03
3905.6122 7.703561e+02 1.191831e+03
3906.8389 8.303445e+02 1.280158e+03
3908.0657 8.227487e+02 1.264064e+03
3909.2924 8.509062e+02 1.302849e+03
3910.5192 8.517009e+02 1.299644e+03
3911.7459 9.471508e+02 1.440440e+03
3912.9726 9.574563e+02 1.451269e+03
3914.1994 9.041788e+02 1.365999e+03
3915.4261 6.593295e+02 9.928403e+02
3916.6529 6.391312e+02 9.593164e+02
3917.8796 7.063542e+02 1.056825e+03
3919.1064 7.833570e+02 1.168324e+03
3920.3331 7.267485e+02 1.080499e+03
3921.5598 7.492429e+02 1.110486e+03
3922.7866 7.663691e+02 1.132381e+03
3924.0133 7.789255e+02 1.147436e+03
3925.2401 7.871362e+02 1.156043e+03
3926.4668 7.882545e+02 1.154240e+03
3927.6936 8.499092e+02 1.240855e+03
3928.9203 8.849664e+02 1.288272e+03
3930.1470 8.243298e+02 1.196542e+03
3931.3738 8.298354e+02 1.201098e+03
3932.6005 8.939241e+02 1.290209e+03
3933.8273 8.223495e+02 1.183592e+03
3935.0540 7.580798e+02 1.088079e+03
3936.2808 8.096609e+02 1.158942e+03
3937.5075 8.385396e+02 1.197039e+03
3938.7342 7.308580e+02 1.040537e+03
3939.9610 7.822929e+02 1.110827e+03
3941.1877 8.215674e+02 1.163553e+03
3942.4145 8.773854e+02 1.239403e+03
3943.6412 8.587393e+02 1.209973e+03
3944.8679 8.575056e+02 1.205192e+03
3946.0947 7.980892e+02 1.118894e+03
3947.3214 9.387837e+02 1.312907e+03
3948.5482 8.664946e+02 1.208866e+03
3949.7749 9.303203e+02 1.294796e+03
3951.0017 8.684822e+02 1.205867e+03
3952.2284 8.961979e+02 1.241437e+03
3953.4551 8.007674e+02 1.106679e+03
3954.6819 8.902786e+02 1.227577e+03
3955.9086 9.727963e+02 1.338335e+03
3957.1354 8.933189e+02 1.226259e+03
3958.3621 9.451490e+02 1.294557e+03
3959.5889 9.629886e+02 1.316132e+03
3960.8156 9.384887e+02 1.279904e+03
3962.0423 8.688734e+02 1.182462e+03
3963.2691 8.913782e+02 1.210563e+03
3964.4958 9.159520e+02 1.241380e+03
3965.7226 9.722112e+02 1.314958e+03
3966.9493 9.800869e+02 1.322961e+03
3968.1761 9.914218e+02 1.335624e+03
3969.4028 1.044316e+03 1.404147e+03
3970.6295 1.036886e+03 1.391488e+03
3971.8563 1.002553e+03 1.342872e+03
3973.0830 8.767302e+02 1.172154e+03
3974.3098 8.416823e+02 1.123232e+03
3975.5365 8.296322e+02 1.105151e+03
3976.7633 7.801248e+02 1.037353e+03
3977.9900 8.096320e+02 1.074703e+03
3979.2167 8.767903e+02 1.161840e+03
3980.4435 9.261044e+02 1.225100e+03
3981.6702 8.069956e+02 1.065751e+03
3982.8970 9.049009e+02 1.193081e+03
3984.1237 8.684399e+02 1.143153e+03
3985.3504 1.041099e+03 1.368243e+03
3986.5772 1.005959e+03 1.319988e+03
3987.8039 9.874266e+02 1.293672e+03
3989.0307 1.037000e+03 1.356561e+03
3990.2574 9.185402e+02 1.199804e+03
3991.4842 9.941751e+02 1.296696e+03
3992.7109 1.032590e+03 1.344860e+03
3993.9376 8.878596e+02 1.154725e+03
3995.1644 1.022235e+03 1.327642e+03
3996.3911 1.022496e+03 1.326167e+03
3997.6179 1.342150e+03 1.738422e+03
3998.8446 1.785604e+03 2.309765e+03
4000.0714 2.096082e+03 2.707884e+03
4001.2981 2.491598e+03 3.214766e+03
4002.5248 2.805946e+03 3.615854e+03
4003.7516 2.910645e+03 3.746206e+03
4004.9783 2.876641e+03 3.698021e+03
4006.2051 2.427089e+03 3.116457e+03
4007.4318 1.619615e+03 2.077252e+03
4008.6586 1.102976e+03 1.413044e+03
4009.8853 9.771127e+02 1.250423e+03
4011.1120 9.828146e+02 1.256368e+03
4012.3388 1.006394e+03 1.285156e+03
4013.5655 9.581298e+02 1.222265e+03
4014.7923 9.077440e+02 1.156824e+03
4016.0190 7.248801e+02 9.228757e+02
4017.2458 8.267328e+02 1.051539e+03
4018.4725 9.987825e+02 1.269181e+03
4019.6992 1.217805e+03 1.546084e+03
4020.9260 1.297681e+03 1.646021e+03
4022.1527 1.181430e+03 1.497262e+03
4023.3795 1.436601e+03 1.819104e+03
4024.6062 1.532880e+03 1.939415e+03
4025.8329 1.448812e+03 1.831577e+03
4027.0597 1.296692e+03 1.637986e+03
4028.2864 9.686404e+02 1.222659e+03
4029.5132 8.659965e+02 1.092290e+03
4030.7399 9.529250e+02 1.201071e+03
4031.9667 9.804859e+02 1.234948e+03
4033.1934 9.938360e+02 1.250918e+03
4034.4201 9.332111e+02 1.173842e+03
4035.6469 9.015294e+02 1.133273e+03
4036.8736 9.239297e+02 1.160720e+03
4038.1004 8.856478e+02 1.111968e+03
4039.3271 9.174819e+02 1.151278e+03
4040.5539 9.464369e+02 1.186957e+03
4041.7806 8.979116e+02 1.125501e+03
4043.0073 8.864589e+02 1.110578e+03
4044.2341 8.925501e+02 1.117660e+03
4045.4608 8.875706e+02 1.110901e+03
4046.6876 9.018865e+02 1.128309e+03
4047.9143 9.598082e+02 1.200253e+03
4049.1411 9.504393e+02 1.188046e+03
4050.3678 9.453134e+02 1.181174e+03
4051.5945 9.681653e+02 1.209275e+03
4052.8213 9.788871e+02 1.222232e+03
4054.0480 9.098536e+02 1.135656e+03
4055.2748 8.460695e+02 1.055706e+03
4056.5015 8.276025e+02 1.032355e+03
4057.7283 8.667585e+02 1.080895e+03
4058.9550 9.814755e+02 1.223633e+03
4060.1817 9.479716e+02 1.181574e+03
4061.4085 9.280620e+02 1.156497e+03
4062.6352 7.879431e+02 9.816851e+02
4063.8620 8.373271e+02 1.043014e+03
4065.0887 8.557244e+02 1.065747e+03
4066.3155 8.374861e+02 1.042871e+03
4067.5422 9.375235e+02 1.167281e+03
4068.7689 8.078926e+02 1.005761e+03
4069.9957 8.571003e+02 1.066912e+03
4071.2224 7.564594e+02 9.415542e+02
4072.4492 7.907135e+02 9.841223e+02
4073.6759 8.588225e+02 1.068836e+03
4074.9026 8.563013e+02 1.065661e+03
4076.1294 8.597237e+02 1.069900e+03
4077.3561 8.632911e+02 1.074338e+03
4078.5829 8.240580e+02 1.025528e+03
4079.8096 8.574017e+02 1.067056e+03
4081.0364 9.080413e+02 1.130131e+03
4082.2631 9.229263e+02 1.148729e+03
4083.4898 8.650089e+02 1.076726e+03
4084.7166 8.442922e+02 1.051038e+03
4085.9433 8.279267e+02 1.030778e+03
4087.1701 7.847366e+02 9.771277e+02
4088.3968 7.785073e+02 9.695073e+02
4089.6236 8.528625e+02 1.062270e+03
4090.8503 8.716223e+02 1.085822e+03
4092.0770 7.705200e+02 9.600518e+02
4093.3038 8.335493e+02 1.038793e+03
4094.5305 7.598095e+02 9.471003e+02
4095.7573 8.153824e+02 1.016605e+03
4096.9840 7.805035e+02 9.733564e+02
4098.2108 7.908516e+02 9.865164e+02
4099.4375 8.121599e+02 1.013373e+03
4100.6642 1.034199e+03 1.290792e+03
4101.8910 1.232564e+03 1.538836e+03
4103.1177 1.412926e+03 1.764570e+03
4104.3445 1.546142e+03 1.931574e+03
4105.5712 1.503169e+03 1.878531e+03
4106.7980 1.726717e+03 2.158669e+03
4108.0247 1.785979e+03 2.233579e+03
4109.2514 1.532736e+03 1.917600e+03
4110.4782 1.201882e+03 1.504264e+03
4111.7049 9.091467e+02 1.138344e+03
4112.9317 7.863088e+02 9.849526e+02
4114.1584 7.430507e+02 9.311699e+02
4115.3851 7.978560e+02 1.000297e+03
4116.6119 8.128599e+02 1.019575e+03
4117.8386 7.931392e+02 9.953081e+02
4119.0654 7.894800e+02 9.911953e+02
4120.2921 8.481804e+02 1.065422e+03
4121.5189 8.444021e+02 1.061214e+03
4122.7456 8.006038e+02 1.006693e+03
4123.9723 8.061517e+02 1.014208e+03
4125.1991 8.362778e+02 1.052680e+03
4126.4258 8.187766e+02 1.031222e+03
4127.6526 8.539899e+02 1.076181e+03
4128.8793 8.183463e+02 1.031859e+03
4130.1061 9.039998e+02 1.140531e+03
4131.3328 8.565028e+02 1.081255e+03
4132.5595 8.819066e+02 1.114005e+03
4133.7863 8.362405e+02 1.056978e+03
4135.0130 8.433190e+02 1.066599e+03
4136.2398 7.209187e+02 9.123779e+02
4137.4665 8.226105e+02 1.041757e+03
4138.6933 9.333033e+02 1.182724e+03
4139.9200 9.907209e+02 1.256333e+03
4141.1467 8.377420e+02 1.063068e+03
4142.3735 7.769446e+02 9.866035e+02
4143.6002 8.293611e+02 1.053907e+03
4144.8270 8.784482e+02 1.117082e+03
4146.0537 8.576758e+02 1.091457e+03
4147.2805 7.935593e+02 1.010605e+03
4148.5072 8.116388e+02 1.034399e+03
4149.7339 8.919185e+02 1.137568e+03
4150.9607 8.748342e+02 1.116629e+03
4152.1874 8.321999e+02 1.063031e+03
4153.4142 8.108146e+02 1.036523e+03
4154.6409 8.059135e+02 1.031071e+03
4155.8676 7.871057e+02 1.007813e+03
4157.0944 5.884885e+02 7.541118e+02
4158.3211 2.392915e+02 3.068877e+02
4159.5479 -1.701933e+02 -2.184504e+02
4160.7746 -6.766874e+02 -8.692812e+02
4162.0014 -6.373474e+02 -8.194338e+02
4163.2281 3.444210e+02 4.431965e+02
4164.4548 8.320202e+02 1.071552e+03
4165.6816 8.693091e+02 1.120546e+03
4166.9083 8.736064e+02 1.127070e+03
4168.1351 9.136307e+02 1.179747e+03
4169.3618 8.854704e+02 1.144402e+03
4170.5886 9.043867e+02 1.169899e+03
4171.8153 8.913347e+02 1.154059e+03
4173.0420 8.282574e+02 1.073368e+03
4174.2688 7.416398e+02 9.620020e+02
4175.4955 8.737957e+02 1.134476e+03
4176.7223 7.550989e+02 9.812849e+02
4177.9490 8.353448e+02 1.086590e+03
4179.1758 9.080700e+02 1.182310e+03
4180.4025 8.966063e+02 1.168499e+03
4181.6292 8.622054e+02 1.124748e+03
4182.8560 8.957953e+02 1.169698e+03
4184.0827 8.373395e+02 1.094435e+03
4185.3095 8.233096e+02 1.077155e+03
4186.5362 8.616646e+02 1.128450e+03
4187.7630 8.733275e+02 1.144861e+03
4188.9897 8.774828e+02 1.151460e+03
4190.2164 8.838639e+02 1.161002e+03
4191.4432 8.080129e+02 1.062443e+03
4192.6699 8.099908e+02 1.066129e+03
4193.8967 8.344698e+02 1.099474e+03
4195.1234 8.471981e+02 1.117395e+03
4196.3501 8.502842e+02 1.122628e+03
4197.5769 8.516490e+02 1.125601e+03
4198.8036 7.953285e+02 1.052265e+03
4200.0304 8.083186e+02 1.070577e+03
4201.2571 7.880460e+02 1.044832e+03
4202.4839 7.807688e+02 1.036284e+03
4203.7106 8.491671e+02 1.128270e+03
4204.9373 8.374991e+02 1.113961e+03
4206.1641 8.393491e+02 1.117626e+03
4207.3908 8.763740e+02 1.168190e+03
4208.6176 8.282562e+02 1.105251e+03
4209.8443 7.665635e+02 1.024044e+03
4211.0711 7.900620e+02 1.056593e+03
4212.2978 7.519864e+02 1.006780e+03
4213.5245 7.877590e+02 1.055840e+03
4214.7513 7.876034e+02 1.056804e+03
4215.9780 8.471422e+02 1.137959e+03
4217.2048 7.932369e+02 1.066741e+03
4218.4315 8.733712e+02 1.175824e+03
4219.6583 7.551497e+02 1.017807e+03
4220.8850 7.937759e+02 1.071078e+03
4222.1117 7.512795e+02 1.014886e+03
4223.3385 7.322889e+02 9.903582e+02
4224.5652 7.574658e+02 1.025578e+03
4225.7920 7.897546e+02 1.070520e+03
4227.0187 8.123553e+02 1.102421e+03
4228.2455 7.607084e+02 1.033522e+03
4229.4722 7.537084e+02 1.025196e+03
4230.6989 7.519738e+02 1.024022e+03
4231.9257 7.371128e+02 1.004951e+03
4233.1524 6.911651e+02 9.434058e+02
4234.3792 6.870873e+02 9.389355e+02
4235.6059 7.034377e+02 9.624050e+02
4236.8326 6.652315e+02 9.112021e+02
4238.0594 7.786103e+02 1.067758e+03
4239.2861 9.755656e+02 1.339434e+03
4240.5129 1.124737e+03 1.546070e+03
4241.7396 1.235729e+03 1.700653e+03
4242.9664 1.315968e+03 1.813231e+03
4244.1931 1.385167e+03 1.910849e+03
4245.4198 1.391168e+03 1.921416e+03
4246.6466 1.298807e+03 1.795994e+03
4247.8733 1.038547e+03 1.437824e+03
4249.1001 7.895156e+02 1.094361e+03
4250.3268 6.686815e+02 9.279844e+02
4251.5536 6.704992e+02 9.316262e+02
4252.7803 6.507723e+02 9.053062e+02
4254.0070 6.785431e+02 9.450779e+02
4255.2338 6.545939e+02 9.128232e+02
4256.4605 6.264329e+02 8.746104e+02
4257.6873 6.870131e+02 9.603533e+02
4258.9140 6.741568e+02 9.435254e+02
4260.1408 7.220612e+02 1.011799e+03
4261.3675 7.457017e+02 1.046196e+03
4262.5942 7.486494e+02 1.051611e+03
4263.8210 7.192578e+02 1.011557e+03
4265.0477 6.597897e+02 9.290540e+02
4266.2745 6.520754e+02 9.193130e+02
4267.5012 6.496486e+02 9.170115e+02
4268.7280 6.522599e+02 9.218242e+02
4269.9547 6.977512e+02 9.873237e+02
4271.1814 6.968955e+02 9.873215e+02
4272.4082 7.090818e+02 1.005819e+03
4273.6349 7.264299e+02 1.031691e+03
4274.8617 7.053737e+02 1.003017e+03
4276.0884 6.842054e+02 9.741118e+02
4277.3151 6.907946e+02 9.847019e+02
4278.5419 6.602436e+02 9.423101e+02
4279.7686 6.671822e+02 9.533845e+02
4280.9954 7.137409e+02 1.021171e+03
4282.2221 7.067103e+02 1.012357e+03
4283.4489 7.198712e+02 1.032480e+03
4284.6756 6.862029e+02 9.854031e+02
4285.9023 6.561940e+02 9.434705e+02
4287.1291 7.392687e+02 1.064224e+03
4288.3558 6.286371e+02 9.060781e+02
4289.5826 6.576106e+02 9.490066e+02
4290.8093 5.958640e+02 8.609587e+02
4292.0361 6.345977e+02 9.180544e+02
4293.2628 8.142137e+02 1.179351e+03
4294.4895 6.653146e+02 9.648645e+02
4295.7163 6.531354e+02 9.483682e+02
4296.9430 7.776743e+02 1.130592e+03
4298.1698 7.040298e+02 1.024786e+03
4299.3965 7.353113e+02 1.071637e+03
4300.6233 7.015461e+02 1.023685e+03
4301.8500 6.828578e+02 9.976405e+02
4303.0767 6.603063e+02 9.658787e+02
4304.3035 6.655154e+02 9.746941e+02
4305.5302 6.942913e+02 1.018087e+03
4306.7570 6.899873e+02 1.013017e+03
4307.9837 6.830117e+02 1.004005e+03
4309.2105 6.512681e+02 9.585156e+02
4310.4372 6.931907e+02 1.021465e+03
4311.6639 7.108040e+02 1.048701e+03
4312.8907 6.661390e+02 9.840049e+02
4314.1174 6.984200e+02 1.032950e+03
4315.3442 7.584898e+02 1.123161e+03
4316.5709 6.949753e+02 1.030364e+03
4317.7977 6.460280e+02 9.589619e+02
4319.0244 6.702340e+02 9.961040e+02
4320.2511 7.398527e+02 1.100908e+03
4321.4779 7.106750e+02 1.058776e+03
4322.7046 7.237567e+02 1.079573e+03
4323.9314 6.903826e+02 1.031039e+03
4325.1581 6.988724e+02 1.044981e+03
4326.3848 6.225970e+02 9.320564e+02
4327.6116 6.299815e+02 9.442498e+02
4328.8383 6.426195e+02 9.643535e+02
4330.0651 6.452846e+02 9.695188e+02
4331.2918 6.561146e+02 9.869758e+02
4332.5186 6.494963e+02 9.781931e+02
4333.7453 6.433713e+02 9.701301e+02
4334.9720 6.527208e+02 9.854062e+02
4336.1988 6.017937e+02 9.096082e+02
4337.4255 6.645798e+02 1.005708e+03
4338.6523 7.142626e+02 1.082181e+03
4339.8790 6.938687e+02 1.052532e+03
4341.1058 6.060806e+02 9.204583e+02
4342.3325 5.566807e+02 8.464368e+02
4343.5592 5.844277e+02 8.896780e+02
4344.7860 6.107184e+02 9.307991e+02
4346.0127 6.453246e+02 9.847024e+02
4347.2395 6.958870e+02 1.063106e+03
4348.4662 6.377638e+02 9.754558e+02
4349.6930 6.219157e+02 9.523318e+02
4350.9197 6.774485e+02 1.038583e+03
4352.1464 6.644302e+02 1.019815e+03
4353.3732 6.536860e+02 1.004493e+03
4354.5999 6.638373e+02 1.021279e+03
4355.8267 6.290500e+02 9.688845e+02
4357.0534 5.994117e+02 9.243042e+02
4358.2802 6.180953e+02 9.542166e+02
4359.5069 6.530552e+02 1.009351e+03
4360.7336 6.700759e+02 1.036850e+03
4361.9604 6.616418e+02 1.024975e+03
4363.1871 5.905228e+02 9.158501e+02
4364.4139 5.736384e+02 8.906809e+02
4365.6406 6.760980e+02 1.050966e+03
4366.8673 6.135786e+02 9.548672e+02
4368.0941 6.171575e+02 9.615271e+02
4369.3208 6.627517e+02 1.033732e+03
4370.5476 6.861760e+02 1.071477e+03
4371.7743 6.005353e+02 9.388037e+02
4373.0011 6.571494e+02 1.028462e+03
4374.2278 6.397252e+02 1.002315e+03
4375.4545 6.548527e+02 1.027163e+03
4376.6813 6.815894e+02 1.070293e+03
4377.9080 7.117008e+02 1.118820e+03
4379.1348 6.451291e+02 1.015291e+03
4380.3615 6.504422e+02 1.024785e+03
4381.5883 5.751137e+02 9.071030e+02
4382.8150 5.982531e+02 9.446377e+02
4384.0417 6.716561e+02 1.061704e+03
4385.2685 6.577168e+02 1.040807e+03
4386.4952 6.329657e+02 1.002731e+03
4387.7220 6.336463e+02 1.004901e+03
4388.9487 6.211384e+02 9.861328e+02
4390.1755 6.152462e+02 9.778340e+02
4391.4022 5.610326e+02 8.926311e+02
4392.6289 6.059133e+02 9.650742e+02
4393.8557 6.713129e+02 1.070385e+03
4395.0824 6.655953e+02 1.062402e+03
4396.3092 6.467452e+02 1.033413e+03
4397.5359 5.640734e+02 9.022705e+02
4398.7627 5.397961e+02 8.643506e+02
4399.9894 5.964811e+02 9.561245e+02
4401.2161 6.121769e+02 9.823149e+02
4402.4429 6.506731e+02 1.045180e+03
4403.6696 6.547146e+02 1.052770e+03
4404.8964 6.036338e+02 9.716426e+02
4406.1231 6.699616e+02 1.079526e+03
4407.3498 6.315780e+02 1.018729e+03
4408.5766 5.859073e+02 9.460352e+02
4409.8033 5.204576e+02 8.412190e+02
4411.0301 6.744745e+02 1.091272e+03
4412.2568 6.348517e+02 1.028211e+03
4413.4836 6.844881e+02 1.109728e+03
4414.7103 6.522306e+02 1.058500e+03
4415.9370 6.570322e+02 1.067367e+03
4417.1638 6.472189e+02 1.052480e+03
4418.3905 6.299421e+02 1.025410e+03
4419.6173 6.407577e+02 1.044055e+03
4420.8440 6.192400e+02 1.009996e+03
4422.0708 6.023096e+02 9.833540e+02
4423.2975 5.928832e+02 9.689177e+02
4424.5242 5.896718e+02 9.646155e+02
4425.7510 5.639390e+02 9.234224e+02
4426.9777 6.260716e+02 1.026160e+03
4428.2045 6.858688e+02 1.125261e+03
4429.4312 6.302912e+02 1.035077e+03
4430.6580 6.119223e+02 1.005879e+03
4431.8847 6.127743e+02 1.008245e+03
4433.1114 6.829507e+02 1.124784e+03
4434.3382 6.919607e+02 1.140706e+03
4435.5649 6.528385e+02 1.077232e+03
4436.7917 6.648699e+02 1.098119e+03
4438.0184 6.588656e+02 1.089223e+03
4439.2452 5.945745e+02 9.838574e+02
4440.4719 6.265461e+02 1.037727e+03
4441.6986 6.638395e+02 1.100514e+03
4442.9254 6.700307e+02 1.111802e+03
4444.1521 6.049619e+02 1.004754e+03
4445.3789 6.290124e+02 1.045654e+03
4446.6056 5.341448e+02 8.887576e+02
4447.8323 5.100203e+02 8.493865e+02
4449.0591 5.462106e+02 9.104788e+02
4450.2858 6.094490e+02 1.016804e+03
4451.5126 6.110026e+02 1.020308e+03
4452.7393 5.836875e+02 9.755625e+02
4453.9661 6.778480e+02 1.133944e+03
4455.1928 6.707117e+02 1.122996e+03
4456.4195 6.665181e+02 1.116955e+03
4457.6463 6.491549e+02 1.088808e+03
4458.8730 6.133450e+02 1.029640e+03
4460.0998 5.965093e+02 1.002244e+03
4461.3265 6.753345e+02 1.135663e+03
4462.5533 6.435391e+02 1.083122e+03
4463.7800 6.030431e+02 1.015831e+03
4465.0067 6.383873e+02 1.076281e+03
4466.2335 6.421920e+02 1.083610e+03
4467.4602 6.150275e+02 1.038646e+03
4468.6870 6.284720e+02 1.062239e+03
4469.9137 6.683278e+02 1.130543e+03
4471.1405 6.612054e+02 1.119421e+03
4472.3672 6.192203e+02 1.049204e+03
4473.5939 6.084878e+02 1.031864e+03
4474.8207 5.976129e+02 1.014249e+03
4476.0474 6.024210e+02 1.023238e+03
4477.2742 5.905275e+02 1.003846e+03
4478.5009 6.050294e+02 1.029323e+03
4479.7277 6.325350e+02 1.076977e+03
4480.9544 6.319936e+02 1.076910e+03
4482.1811 6.210030e+02 1.059018e+03
4483.4079 6.171801e+02 1.053325e+03
4484.6346 7.580702e+02 1.294790e+03
4485.8614 1.007589e+03 1.722307e+03
4487.0881 1.241508e+03 2.123793e+03
4488.3148 1.445369e+03 2.474430e+03
4489.5416 1.683266e+03 2.883905e+03
4490.7683 1.884369e+03 3.230904e+03
4491.9951 2.083160e+03 3.574447e+03
4493.2218 1.855574e+03 3.186329e+03
4494.4486 1.296381e+03 2.227765e+03
4495.6753 7.613881e+02 1.309379e+03
4496.9020 6.808666e+02 1.171768e+03
4498.1288 6.839634e+02 1.177962e+03
4499.3555 6.335760e+02 1.091979e+03
4500.5823 6.519457e+02 1.124454e+03
4501.8090 6.569377e+02 1.133882e+03
4503.0358 6.365644e+02 1.099505e+03
4504.2625 7.045294e+02 1.217765e+03
4505.4892 6.531908e+02 1.129827e+03
4506.7160 6.930441e+02 1.199605e+03
4507.9427 7.296280e+02 1.263813e+03
4509.1695 7.871228e+02 1.364350e+03
4510.3962 8.815396e+02 1.529062e+03
4511.6230 9.150793e+02 1.588328e+03
4512.8497 9.225006e+02 1.602302e+03
4514.0764 1.009209e+03 1.754097e+03
4515.3032 1.045036e+03 1.817591e+03
4516.5299 1.012081e+03 1.761453e+03
4517.7567 9.027071e+02 1.572140e+03
4518.9834 7.607908e+02 1.325857e+03
4520.2102 6.936713e+02 1.209679e+03
4521.4369 6.586108e+02 1.149287e+03
4522.6636 6.972553e+02 1.217511e+03
4523.8904 7.592002e+02 1.326530e+03
4525.1171 7.482870e+02 1.308298e+03
4526.3439 7.262004e+02 1.270488e+03
4527.5706 6.901976e+02 1.208263e+03
4528.7973 6.550667e+02 1.147481e+03
4530.0241 7.170022e+02 1.256756e+03
4531.2508 7.020896e+02 1.231378e+03
4532.4776 7.897805e+02 1.386027e+03
4533.7043 7.103794e+02 1.247442e+03
4534.9311 7.452921e+02 1.309541e+03
4536.1578 7.301617e+02 1.283727e+03
4537.3845 7.123068e+02 1.253083e+03
4538.6113 7.685637e+02 1.352850e+03
4539.8380 7.199039e+02 1.267943e+03
4541.0648 8.068333e+02 1.421879e+03
4542.2915 8.041722e+02 1.418011e+03
4543.5183 6.597665e+02 1.164047e+03
4544.7450 7.642985e+02 1.349247e+03
4545.9717 7.562158e+02 1.335735e+03
4547.1985 7.581454e+02 1.339896e+03
4548.4252 7.787358e+02 1.377055e+03
4549.6520 7.592355e+02 1.343317e+03
4550.8787 7.364041e+02 1.303637e+03
4552.1055 7.493331e+02 1.327250e+03
4553.3322 7.318556e+02 1.296995e+03
4554.5589 7.529810e+02 1.335150e+03
4555.7857 7.936155e+02 1.407952e+03
4557.0124 7.835258e+02 1.390787e+03
4558.2392 7.811419e+02 1.387283e+03
4559.4659 7.879551e+02 1.400112e+03
4560.6927 7.924205e+02 1.408773e+03
4561.9194 8.046994e+02 1.431336e+03
4563.1461 8.002775e+02 1.424194e+03
4564.3729 7.416398e+02 1.320506e+03
4565.5996 7.617803e+02 1.357044e+03
4566.8264 7.758121e+02 1.382725e+03
4568.0531 7.218584e+02 1.287196e+03
4569.2799 7.929681e+02 1.414686e+03
4570.5066 7.999663e+02 1.427861e+03
4571.7333 8.058375e+02 1.439029e+03
4572.9601 7.854114e+02 1.403219e+03
4574.1868 8.592805e+02 1.535917e+03
4575.4136 8.571298e+02 1.532788e+03
4576.6403 7.998467e+02 1.431011e+03
4577.8670 8.390482e+02 1.501835e+03
4579.0938 8.395693e+02 1.503451e+03
4580.3205 8.399037e+02 1.504727e+03
4581.5473 8.480041e+02 1.519917e+03
4582.7740 7.977824e+02 1.430535e+03
4584.0008 7.459734e+02 1.338220e+03
4585.2275 8.034133e+02 1.441889e+03
4586.4542 7.773587e+02 1.395729e+03
4587.6810 8.946140e+02 1.606942e+03
4588.9077 9.746763e+02 1.751492e+03
4590.1345 8.959858e+02 1.610758e+03
4591.3612 8.619597e+02 1.550229e+03
4592.5880 8.061773e+02 1.450500e+03
4593.8147 7.724070e+02 1.390303e+03
4595.0414 8.603051e+02 1.549139e+03
4596.2682 8.876648e+02 1.599042e+03
4597.4949 8.348281e+02 1.504454e+03
4598.7217 8.221462e+02 1.482178e+03
4599.9484 8.286807e+02 1.494535e+03
4601.1752 8.870809e+02 1.600472e+03
4602.4019 8.892129e+02 1.604926e+03
4603.6286 8.545299e+02 1.542904e+03
4604.8554 8.503061e+02 1.535847e+03
4606.0821 8.797723e+02 1.589652e+03
4607.3089 8.986834e+02 1.624411e+03
4608.5356 8.321082e+02 1.504613e+03
4609.7624 8.063460e+02 1.458547e+03
4610.9891 8.543999e+02 1.546011e+03
4612.2158 8.866874e+02 1.604992e+03
4613.4426 8.626560e+02 1.562029e+03
4614.6693 8.915813e+02 1.614952e+03
4615.8961 8.916467e+02 1.615613e+03
4617.1228 8.549518e+02 1.549638e+03
4618.3495 8.290200e+02 1.503128e+03
4619.5763 8.530178e+02 1.547141e+03
4620.8030 7.592788e+02 1.377565e+03
4622.0298 9.090060e+02 1.649738e+03
4623.2565 9.196890e+02 1.669649e+03
4624.4833 9.104771e+02 1.653436e+03
4625.7100 9.230680e+02 1.676813e+03
4626.9367 9.759427e+02 1.773398e+03
4628.1635 1.015905e+03 1.846563e+03
4629.3902 9.108827e+02 1.656156e+03
4630.6170 9.134177e+02 1.661248e+03
4631.8437 8.541954e+02 1.553984e+03
4633.0705 9.081963e+02 1.652692e+03
4634.2972 8.866691e+02 1.613969e+03
4635.5239 9.147706e+02 1.665580e+03
4636.7507 8.452617e+02 1.539439e+03
4637.9774 8.480484e+02 1.544929e+03
4639.2042 8.380884e+02 1.527188e+03
4640.4309 8.552372e+02 1.558844e+03
4641.6577 9.302194e+02 1.695951e+03
4642.8844 8.891437e+02 1.621474e+03
4644.1111 9.364937e+02 1.708250e+03
4645.3379 9.393854e+02 1.713947e+03
4646.5646 9.068457e+02 1.654979e+03
4647.7914 9.061163e+02 1.654044e+03
4649.0181 8.700231e+02 1.588533e+03
4650.2449 8.483937e+02 1.549401e+03
4651.4716 8.853969e+02 1.617349e+03
4652.6983 9.294180e+02 1.698144e+03
4653.9251 9.466379e+02 1.729990e+03
4655.1518 8.721792e+02 1.594264e+03
4656.3786 8.631297e+02 1.578061e+03
4657.6053 8.868630e+02 1.621794e+03
4658.8320 9.104857e+02 1.665339e+03
4660.0588 8.803251e+02 1.610502e+03
4661.2855 8.942515e+02 1.636308e+03
4662.5123 8.753654e+02 1.602066e+03
4663.7390 8.569694e+02 1.568702e+03
4664.9658 9.232060e+02 1.690271e+03
4666.1925 8.193527e+02 1.500410e+03
4667.4192 9.151359e+02 1.676117e+03
4668.6460 9.473679e+02 1.735464e+03
4669.8727 9.114482e+02 1.669959e+03
4671.0995 9.188425e+02 1.683799e+03
4672.3262 8.612784e+02 1.578580e+03
4673.5530 9.542183e+02 1.749215e+03
4674.7797 8.975363e+02 1.645578e+03
4676.0064 9.497347e+02 1.741559e+03
4677.2332 8.765652e+02 1.607637e+03
4678.4599 9.319719e+02 1.709517e+03
4679.6867 8.907362e+02 1.634123e+03
4680.9134 8.687833e+02 1.594083e+03
4682.1402 8.849654e+02 1.624008e+03
4683.3669 8.465216e+02 1.553677e+03
4684.5936 8.970361e+02 1.646615e+03
4685.8204 8.960364e+02 1.645000e+03
4687.0471 8.568195e+02 1.573209e+03
4688.2739 8.758930e+02 1.608435e+03
4689.5006 8.457552e+02 1.553284e+03
4690.7274 8.297366e+02 1.524049e+03
4691.9541 8.716852e+02 1.601289e+03
4693.1808 8.396656e+02 1.542645e+03
4694.4076 8.574093e+02 1.575419e+03
4695.6343 9.052247e+02 1.663456e+03
4696.8611 8.955383e+02 1.645829e+03
4698.0878 8.954450e+02 1.645826e+03
4699.3145 8.840341e+02 1.625013e+03
4700.5413 8.939713e+02 1.643437e+03
4701.7680 8.965321e+02 1.648297e+03
4702.9948 8.849756e+02 1.627196e+03
4704.2215 8.842411e+02 1.625986e+03
4705.4483 8.698236e+02 1.599607e+03
4706.6750 9.322155e+02 1.714484e+03
4707.9017 8.607543e+02 1.583178e+03
4709.1285 8.863032e+02 1.630291e+03
4710.3552 8.927958e+02 1.642351e+03
4711.5820 8.924345e+02 1.641798e+03
4712.8087 8.621425e+02 1.586174e+03
4714.0355 8.298900e+02 1.526930e+03
4715.2622 8.489134e+02 1.562024e+03
4716.4889 9.085184e+02 1.671793e+03
4717.7157 9.256035e+02 1.703322e+03
4718.9424 8.764772e+02 1.613000e+03
4720.1692 8.597215e+02 1.582239e+03
4721.3959 9.046258e+02 1.664955e+03
4722.6227 9.582010e+02 1.763633e+03
4723.8494 9.512885e+02 1.750978e+03
4725.0761 8.871545e+02 1.632988e+03
4726.3029 9.089010e+02 1.673072e+03
4727.5296 8.353113e+02 1.537657e+03
4728.7564 8.645681e+02 1.591556e+03
4729.9831 8.973599e+02 1.651961e+03
4731.2099 8.968676e+02 1.651090e+03
4732.4366 8.922740e+02 1.642664e+03
4733.6633 8.836784e+02 1.626865e+03
4734.8901 8.889958e+02 1.636676e+03
4736.1168 9.143323e+02 1.683338e+03
4737.3436 8.858486e+02 1.630910e+03
4738.5703 8.275853e+02 1.523649e+03
4739.7970 8.206199e+02 1.510828e+03
4741.0238 8.248459e+02 1.518607e+03
4742.2505 8.519496e+02 1.568501e+03
4743.4773 9.023875e+02 1.661350e+03
4744.7040 9.161035e+02 1.686586e+03
4745.9308 9.036599e+02 1.663657e+03
4747.1575 8.694213e+02 1.600599e+03
4748.3842 8.314293e+02 1.530629e+03
4749.6110 8.705755e+02 1.602664e+03
4750.8377 8.379474e+02 1.542562e+03
4752.0645 7.982736e+02 1.469490e+03
4753.2912 7.993930e+02 1.471509e+03
4754.5180 8.631926e+02 1.588901e+03
4755.7447 8.329160e+02 1.533119e+03
4756.9714 8.214869e+02 1.512027e+03
4758.1982 8.785570e+02 1.617008e+03
4759.4249 8.403251e+02 1.546577e+03
4760.6517 8.153195e+02 1.500489e+03
4761.8784 8.787679e+02 1.617183e+03
4763.1052 8.445223e+02 1.554084e+03
4764.3319 8.596207e+02 1.581787e+03
4765.5586 8.437264e+02 1.552455e+03
4766.7854 8.540248e+02 1.571315e+03
4768.0121 8.549406e+02 1.572906e+03
4769.2389 8.175602e+02 1.504041e+03
4770.4656 8.011411e+02 1.473740e+03
4771.6924 8.278495e+02 1.522770e+03
4772.9191 8.412563e+02 1.547323e+03
4774.1458 8.204802e+02 1.509001e+03
4775.3726 8.395355e+02 1.543932e+03
4776.5993 8.114500e+02 1.492167e+03
4777.8261 8.133179e+02 1.495483e+03
4779.0528 8.861338e+02 1.629239e+03
4780.2796 8.581754e+02 1.577702e+03
4781.5063 8.829850e+02 1.623171e+03
4782.7330 8.042825e+02 1.478362e+03
4783.9598 7.731051e+02 1.420925e+03
4785.1865 7.910941e+02 1.453850e+03
4786.4133 8.417081e+02 1.546718e+03
4787.6400 8.337814e+02 1.532000e+03
4788.8667 8.112652e+02 1.490478e+03
4790.0935 7.680854e+02 1.411000e+03
4791.3202 8.169169e+02 1.500546e+03
4792.5470 8.641523e+02 1.587138e+03
4793.7737 8.022988e+02 1.473372e+03
4795.0005 7.683167e+02 1.410806e+03
4796.2272 7.856129e+02 1.442399e+03
4797.4539 8.079020e+02 1.483148e+03
4798.6807 7.735923e+02 1.419991e+03
4799.9074 7.418340e+02 1.361530e+03
4801.1342 7.539130e+02 1.383526e+03
4802.3609 7.856476e+02 1.441580e+03
4803.5877 8.193909e+02 1.503301e+03
4804.8144 8.108021e+02 1.487348e+03
4806.0411 7.690421e+02 1.410553e+03
4807.2679 7.775168e+02 1.425903e+03
4808.4946 7.748898e+02 1.420889e+03
4809.7214 7.932222e+02 1.454300e+03
4810.9481 8.288777e+02 1.519454e+03
4812.1749 7.594728e+02 1.392022e+03
4813.4016 8.128486e+02 1.489634e+03
4814.6283 8.085958e+02 1.481619e+03
4815.8551 8.410190e+02 1.540795e+03
4817.0818 7.736285e+02 1.417113e+03
4818.3086 7.921829e+02 1.450874e+03
4819.5353 7.765887e+02 1.422088e+03
4820.7621 7.668196e+02 1.403974e+03
4821.9888 7.414862e+02 1.357370e+03
4823.2155 7.221367e+02 1.321730e+03
4824.4423 8.705706e+02 1.593143e+03
4825.6690 8.027946e+02 1.468865e+03
4826.8958 7.735791e+02 1.415167e+03
4828.1225 7.833917e+02 1.432869e+03
4829.3492 7.350499e+02 1.344213e+03
4830.5760 7.567117e+02 1.383581e+03
4831.8027 7.215774e+02 1.319104e+03
4833.0295 7.597991e+02 1.388723e+03
4834.2562 7.461959e+02 1.363609e+03
4835.4830 7.656178e+02 1.398841e+03
4836.7097 7.383488e+02 1.348764e+03
4837.9364 7.886847e+02 1.440440e+03
4839.1632 8.021935e+02 1.464831e+03
4840.3899 7.597442e+02 1.387047e+03
4841.6167 7.910120e+02 1.443849e+03
4842.8434 7.935436e+02 1.448182e+03
4844.0702 7.579839e+02 1.383010e+03
4845.2969 7.342303e+02 1.339398e+03
4846.5236 7.410901e+02 1.351635e+03
4847.7504 7.571512e+02 1.380643e+03
4848.9771 7.914815e+02 1.442942e+03
4850.2039 8.075769e+02 1.471975e+03
4851.4306 7.707368e+02 1.404528e+03
4852.6574 7.692126e+02 1.401449e+03
4853.8841 7.615971e+02 1.387274e+03
4855.1108 7.420751e+02 1.351418e+03
4856.3376 7.770183e+02 1.414743e+03
4857.5643 8.131988e+02 1.480288e+03
4858.7911 7.898027e+02 1.437377e+03
4860.0178 8.299835e+02 1.510161e+03
4861.2446 7.479281e+02 1.360550e+03
4862.4713 7.540118e+02 1.371301e+03
4863.6980 7.450231e+02 1.354638e+03
4864.9248 7.435209e+02 1.351590e+03
4866.1515 7.646379e+02 1.389649e+03
4867.3783 7.232759e+02 1.314165e+03
4868.6050 7.577473e+02 1.376468e+03
4869.8317 7.771274e+02 1.411331e+03
4871.0585 8.581914e+02 1.558170e+03
4872.2852 8.615345e+02 1.563856e+03
4873.5120 8.591666e+02 1.559171e+03
4874.7387 8.567983e+02 1.554486e+03
4875.9655 8.544312e+02 1.549802e+03
4877.1922 8.520636e+02 1.545116e+03
4878.4189 8.496965e+02 1.540430e+03
4879.6457 8.473295e+02 1.535744e+03
4880.8724 8.449634e+02 1.531060e+03
4882.0992 8.425971e+02 1.526374e+03
4883.3259 8.402307e+02 1.521688e+03
4884.5527 8.378648e+02 1.517002e+03
4885.7794 8.354990e+02 1.512316e+03
4887.0061 8.331335e+02 1.507630e+03
4888.2329 8.307678e+02 1.502943e+03
4889.4596 8.284025e+02 1.498257e+03
4890.6864 8.260374e+02 1.493571e+03
4891.9131 8.236723e+02 1.488885e+03
4893.1399 8.213069e+02 1.484198e+03
4894.3666 8.189418e+02 1.479511e+03
4895.5933 8.165766e+02 1.474824e+03
4896.8201 8.142115e+02 1.470137e+03
4898.0468 8.118464e+02 1.465450e+03
4899.2736 8.094810e+02 1.460762e+03
4900.5003 8.071155e+02 1.456074e+03
4901.7271 8.047505e+02 1.451387e+03
4902.9538 8.023851e+02 1.446699e+03
4904.1805 8.000197e+02 1.442012e+03
4905.4073 7.976539e+02 1.437324e+03
4906.6340 7.952880e+02 1.432635e+03
4907.8608 7.929221e+02 1.427947e+03
4909.0875 7.905562e+02 1.423259e+03
4910.3142 7.881896e+02 1.418570e+03
4911.5410 7.858232e+02 1.413882e+03
4912.7677 7.834565e+02 1.409193e+03
4913.9945 7.810897e+02 1.404505e+03
4915.2212 7.787228e+02 1.399816e+03
4916.4480 7.763554e+02 1.395127e+03
4917.6747 7.739877e+02 1.390438e+03
4918.9014 7.716193e+02 1.385748e+03
4920.1282 7.692510e+02 1.381059e+03
4921.3549 7.668826e+02 1.376370e+03
4922.5817 7.645134e+02 1.371680e+03
4923.8084 7.621440e+02 1.366990e+03
4925.0352 7.597748e+02 1.362301e+03
4926.2619 7.574043e+02 1.357610e+03
4927.4886 7.550336e+02 1.352920e+03
4928.7154 7.526628e+02 1.348230e+03
4929.9421 7.502913e+02 1.343540e+03
4931.1689 7.479195e+02 1.338849e+03
4932.3956 7.455471e+02 1.334158e+03
4933.6224 7.431742e+02 1.329468e+03
4934.8491 7.408010e+02 1.324777e+03
4936.0758 7.384271e+02 1.320086e+03
4937.3026 7.360526e+02 1.315395e+03
4938.5293 7.336779e+02 1.310704e+03
4939.7561 7.313024e+02 1.306012e+03
4940.9828 7.289264e+02 1.301321e+03
4942.2096 7.265497e+02 1.296629e+03
4943.4363 7.241719e+02 1.291937e+03
4944.6630 7.217944e+02 1.287246e+03
4945.8898 7.194160e+02 1.282554e+03
4947.1165 7.186616e+02 1.280757e+03
4948.3433 7.799537e+02 1.389496e+03
4949.5700 7.985037e+02 1.422037e+03
4950.7967 7.085056e+02 1.261311e+03
4952.0235 7.116263e+02 1.266412e+03
4953.2502 7.645872e+02 1.360170e+03
4954.4770 7.196514e+02 1.279768e+03
4955.7037 7.163834e+02 1.273492e+03
4956.9305 7.639158e+02 1.357493e+03
4958.1572 8.250157e+02 1.465531e+03
4959.3839 8.806277e+02 1.563741e+03
4960.6107 8.906197e+02 1.580898e+03
4961.8374 8.318136e+02 1.475965e+03
4963.0642 7.652010e+02 1.357261e+03
4964.2909 7.188335e+02 1.274539e+03
4965.5177 7.094254e+02 1.257384e+03
4966.7444 7.600123e+02 1.346535e+03
4967.9711 7.915480e+02 1.401875e+03
4969.1979 6.871548e+02 1.216524e+03
4970.4246 6.987536e+02 1.236585e+03
4971.6514 7.481931e+02 1.323569e+03
4972.8781 7.325326e+02 1.295364e+03
4974.1049 7.382289e+02 1.304931e+03
4975.3316 7.482145e+02 1.322067e+03
4976.5583 6.855785e+02 1.210918e+03
4977.7851 6.622849e+02 1.169316e+03
4979.0118 7.451743e+02 1.315145e+03
4980.2386 7.281094e+02 1.284519e+03
4981.4653 7.371796e+02 1.300003e+03
4982.6921 7.793013e+02 1.373736e+03
4983.9188 7.384844e+02 1.301264e+03
4985.1455 7.577354e+02 1.334648e+03
4986.3723 7.637876e+02 1.344766e+03
4987.5990 7.506631e+02 1.321123e+03
4988.8258 7.352565e+02 1.293482e+03
4990.0525 7.314732e+02 1.286301e+03
4991.2792 6.668942e+02 1.172257e+03
4992.5060 6.459114e+02 1.134907e+03
4993.7327 7.138058e+02 1.253684e+03
4994.9595 7.770286e+02 1.364159e+03
4996.1862 7.133854e+02 1.251905e+03
4997.4130 6.617252e+02 1.160763e+03
4998.6397 6.659058e+02 1.167606e+03
4999.8664 6.867084e+02 1.203575e+03
5001.0932 7.125669e+02 1.248369e+03
5002.3199 7.205040e+02 1.261740e+03
5003.5467 6.795530e+02 1.189521e+03
5004.7734 6.946450e+02 1.215419e+03
5006.0002 7.028410e+02 1.229233e+03
5007.2269 6.856180e+02 1.198595e+03
5008.4536 6.882510e+02 1.202679e+03
5009.6804 7.395176e+02 1.291705e+03
5010.9071 7.187554e+02 1.254894e+03
5012.1339 7.234228e+02 1.262492e+03
5013.3606 7.318898e+02 1.276709e+03
5014.5874 7.543666e+02 1.315340e+03
5015.8141 7.377614e+02 1.285820e+03
5017.0408 6.922358e+02 1.205941e+03
5018.2676 6.873257e+02 1.196856e+03
5019.4943 7.205277e+02 1.254112e+03
5020.7211 6.812614e+02 1.185238e+03
5021.9478 6.994062e+02 1.216260e+03
5023.1746 8.510174e+02 1.479244e+03
5024.4013 1.284149e+03 2.231109e+03
5025.6280 1.980492e+03 3.439393e+03
5026.8548 2.638802e+03 4.580552e+03
5028.0815 3.134953e+03 5.439313e+03
5029.3083 3.577995e+03 6.205174e+03
5030.5350 3.804531e+03 6.595019e+03
5031.7618 3.884686e+03 6.730862e+03
5032.9885 3.140776e+03 5.439400e+03
5034.2152 1.674217e+03 2.898173e+03
5035.4420 8.368549e+02 1.447974e+03
5036.6687 7.273212e+02 1.257865e+03
5037.8955 7.289389e+02 1.260073e+03
5039.1222 7.298749e+02 1.261098e+03
5040.3489 6.630079e+02 1.145023e+03
5041.5757 6.604838e+02 1.140125e+03
5042.8024 6.793995e+02 1.172221e+03
5044.0292 6.720253e+02 1.158946e+03
5045.2559 6.115936e+02 1.054225e+03
5046.4827 6.755427e+02 1.163898e+03
5047.7094 6.431000e+02 1.107470e+03
5048.9361 7.085099e+02 1.219523e+03
5050.1629 7.406897e+02 1.274297e+03
5051.3896 7.211776e+02 1.240126e+03
5052.6164 7.213403e+02 1.239802e+03
5053.8431 6.640383e+02 1.140758e+03
5055.0699 7.177536e+02 1.232432e+03
5056.2966 7.127495e+02 1.223239e+03
5057.5233 6.941414e+02 1.190717e+03
5058.7501 6.553813e+02 1.123673e+03
5059.9768 6.699310e+02 1.148050e+03
5061.2036 7.207723e+02 1.234562e+03
5062.4303 7.292264e+02 1.248420e+03
5063.6571 6.951116e+02 1.189421e+03
5064.8838 6.982376e+02 1.194171e+03
5066.1105 6.761815e+02 1.155867e+03
5067.3373 6.876246e+02 1.174835e+03
5068.5640 6.860927e+02 1.171624e+03
5069.7908 6.624711e+02 1.130712e+03
5071.0175 6.879920e+02 1.173674e+03
5072.2443 7.157665e+02 1.220432e+03
5073.4710 7.370018e+02 1.255996e+03
5074.6977 6.799863e+02 1.158235e+03
5075.9245 6.874200e+02 1.170294e+03
5077.1512 7.219009e+02 1.228361e+03
5078.3780 7.028563e+02 1.195335e+03
5079.6047 7.201341e+02 1.224083e+03
5080.8314 7.515452e+02 1.276810e+03
5082.0582 7.205737e+02 1.223552e+03
5083.2849 6.550600e+02 1.111725e+03
5084.5117 6.461992e+02 1.096111e+03
5085.7384 7.321619e+02 1.241270e+03
5086.9652 7.189349e+02 1.218201e+03
5088.1919 7.046987e+02 1.193445e+03
5089.4186 7.126290e+02 1.206234e+03
5090.6454 7.853689e+02 1.328648e+03
5091.8721 7.654781e+02 1.294305e+03
5093.0989 7.372883e+02 1.245972e+03
5094.3256 7.396216e+02 1.249243e+03
5095.5524 7.675577e+02 1.295729e+03
5096.7791 7.385701e+02 1.246120e+03
5098.0058 7.833874e+02 1.321020e+03
5099.2326 7.619175e+02 1.284116e+03
5100.4593 7.374433e+02 1.242190e+03
5101.6861 8.010314e+02 1.348564e+03
5102.9128 7.726136e+02 1.300008e+03
5104.1396 7.333180e+02 1.233211e+03
5105.3663 7.539089e+02 1.267139e+03
5106.5930 7.980635e+02 1.340611e+03
5107.8198 6.623054e+02 1.111944e+03
5109.0465 7.375180e+02 1.237530e+03
5110.2733 7.545027e+02 1.265324e+03
5111.5000 7.006588e+02 1.174369e+03
5112.7268 7.975574e+02 1.336031e+03
5113.9535 7.779362e+02 1.302430e+03
5115.1802 7.713524e+02 1.290680e+03
5116.4070 7.414890e+02 1.240010e+03
5117.6337 8.209366e+02 1.372094e+03
5118.8605 7.838638e+02 1.309387e+03
5120.0872 7.791630e+02 1.300794e+03
5121.3139 8.285338e+02 1.382427e+03
5122.5407 9.068131e+02 1.512172e+03
5123.7674 1.012262e+03 1.687046e+03
5124.9942 1.598506e+03 2.662554e+03
5126.2209 3.197014e+03 5.322038e+03
5127.4477 4.645635e+03 7.729070e+03
5128.6744 6.012667e+03 9.997639e+03
5129.9011 7.234839e+03 1.202282e+04
5131.1279 8.020931e+03 1.332138e+04
5132.3546 8.404702e+03 1.395060e+04
5133.5814 7.438113e+03 1.233896e+04
5134.8081 4.321798e+03 7.165147e+03
5136.0349 1.815308e+03 3.007843e+03
5137.2616 1.070995e+03 1.773518e+03
5138.4883 8.909440e+02 1.474489e+03
5139.7151 8.365911e+02 1.383714e+03
5140.9418 8.147357e+02 1.346763e+03
5142.1686 8.123630e+02 1.342041e+03
5143.3953 8.329973e+02 1.375306e+03
5144.6221 8.299185e+02 1.369401e+03
5145.8488 8.210811e+02 1.354004e+03
5147.0755 8.217177e+02 1.354238e+03
5148.3023 8.040950e+02 1.324394e+03
5149.5290 8.049790e+02 1.325047e+03
5150.7558 7.904066e+02 1.300270e+03
5151.9825 8.171291e+02 1.343412e+03
5153.2093 8.201761e+02 1.347599e+03
5154.4360 7.802225e+02 1.281169e+03
5155.6627 8.141756e+02 1.336102e+03
5156.8895 8.226894e+02 1.349244e+03
5158.1162 8.280964e+02 1.357275e+03
5159.3430 8.075626e+02 1.322802e+03
5160.5697 8.319211e+02 1.361858e+03
5161.7964 8.339619e+02 1.364351e+03
5163.0232 8.322087e+02 1.360636e+03
5164.2499 8.492791e+02 1.387679e+03
5165.4767 8.302675e+02 1.355767e+03
5166.7034 8.710505e+02 1.421472e+03
5167.9302 8.959796e+02 1.461235e+03
5169.1569 9.207758e+02 1.500729e+03
5170.3836 1.025682e+03 1.670656e+03
5171.6104 1.064936e+03 1.733496e+03
5172.8371 1.291305e+03 2.100645e+03
5174.0639 2.062023e+03 3.352289e+03
5175.2906 5.358347e+03 8.705663e+03
5176.5174 1.047939e+04 1.701490e+04
5177.7441 1.477324e+04 2.397129e+04
5178.9708 1.843822e+04 2.989894e+04
5180.1976 2.205147e+04 3.573509e+04
5181.4243 2.403270e+04 3.892063e+04
5182.6511 2.203401e+04 3.566072e+04
5183.8778 1.524506e+04 2.465723e+04
5185.1046 5.705973e+03 9.222804e+03
5186.3313 1.973457e+03 3.187707e+03
5187.5580 1.341419e+03 2.165369e+03
5188.7848 1.192688e+03 1.924023e+03
5190.0115 9.526895e+02 1.535855e+03
5191.2383 1.010801e+03 1.628468e+03
5192.4650 1.023309e+03 1.647535e+03
5193.6918 9.697991e+02 1.560354e+03
5194.9185 8.154903e+02 1.311212e+03
5196.1452 8.471104e+02 1.361151e+03
5197.3720 8.417400e+02 1.351624e+03
5198.5987 8.294015e+02 1.330925e+03
5199.8255 8.601268e+02 1.379309e+03
5201.0522 8.046656e+02 1.289508e+03
5202.2789 8.070042e+02 1.292389e+03
5203.5057 7.895597e+02 1.263604e+03
5204.7324 8.133197e+02 1.300753e+03
5205.9592 8.268727e+02 1.321537e+03
5207.1859 7.447788e+02 1.189527e+03
5208.4127 7.681044e+02 1.225951e+03
5209.6394 7.535009e+02 1.201826e+03
5210.8661 7.662266e+02 1.221292e+03
5212.0929 7.665984e+02 1.221052e+03
5213.3196 7.773896e+02 1.237394e+03
5214.5464 7.990988e+02 1.271078e+03
5215.7731 7.950641e+02 1.263793e+03
5216.9999 7.779559e+02 1.235748e+03
5218.2266 7.708768e+02 1.223660e+03
5219.4533 7.907043e+02 1.254266e+03
5220.6801 7.626882e+02 1.208988e+03
5221.9068 7.490220e+02 1.186502e+03
5223.1336 7.996673e+02 1.265847e+03
5224.3603 8.050332e+02 1.273454e+03
5225.5871 7.684899e+02 1.214799e+03
5226.8138 7.458357e+02 1.178163e+03
5228.0405 7.595270e+02 1.198950e+03
5229.2673 7.631193e+02 1.203775e+03
5230.4940 7.797297e+02 1.229111e+03
5231.7208 7.722437e+02 1.216453e+03
5232.9475 7.338507e+02 1.155158e+03
5234.1743 7.655218e+02 1.204159e+03
5235.4010 8.445991e+02 1.327604e+03
5236.6277 8.478996e+02 1.331845e+03
5237.8545 8.186479e+02 1.284981e+03
5239.0812 7.995354e+02 1.254086e+03
5240.3080 7.697758e+02 1.206544e+03
5241.5347 7.834911e+02 1.227161e+03
5242.7615 8.567598e+02 1.340956e+03
5243.9882 9.207693e+02 1.440104e+03
5245.2149 8.435513e+02 1.318382e+03
5246.4417 8.161964e+02 1.274708e+03
5247.6684 7.903447e+02 1.233440e+03
5248.8952 8.093352e+02 1.262161e+03
5250.1219 8.646253e+02 1.347406e+03
5251.3486 8.806819e+02 1.371429e+03
5252.5754 7.948981e+02 1.236941e+03
5253.8021 8.208124e+02 1.276332e+03
5255.0289 8.193762e+02 1.273166e+03
5256.2556 7.226777e+02 1.122090e+03
5257.4824 7.929929e+02 1.230362e+03
5258.7091 8.091812e+02 1.254554e+03
5259.9358 8.002078e+02 1.239726e+03
5261.1626 7.855532e+02 1.216123e+03
5262.3893 8.352536e+02 1.292106e+03
5263.6161 8.596014e+02 1.328785e+03
5264.8428 7.579689e+02 1.170808e+03
5266.0696 8.353820e+02 1.289425e+03
5267.2963 8.343950e+02 1.286940e+03
5268.5230 7.980253e+02 1.229924e+03
5269.7498 7.927579e+02 1.220891e+03
5270.9765 8.505639e+02 1.308932e+03
5272.2033 8.168081e+02 1.256040e+03
5273.4300 8.573954e+02 1.317460e+03
5274.6568 8.353155e+02 1.282564e+03
5275.8835 8.431967e+02 1.293686e+03
5277.1102 8.178235e+02 1.253807e+03
5278.3370 8.443578e+02 1.293504e+03
5279.5637 8.513807e+02 1.303271e+03
5280.7905 8.939011e+02 1.367319e+03
5282.0172 8.759246e+02 1.338800e+03
5283.2440 8.145079e+02 1.243977e+03
5284.4707 8.404852e+02 1.282668e+03
5285.6974 8.411059e+02 1.282631e+03
5286.9242 8.845919e+02 1.347908e+03
5288.1509 8.051925e+02 1.225978e+03
5289.3777 8.748615e+02 1.331029e+03
5290.6044 8.902672e+02 1.353421e+03
5291.8311 8.900288e+02 1.352012e+03
5293.0579 8.786599e+02 1.333708e+03
5294.2846 7.683457e+02 1.165358e+03
5295.5114 8.067859e+02 1.222709e+03
5296.7381 8.496840e+02 1.286720e+03
5297.9649 8.250820e+02 1.248489e+03
5299.1916 8.706525e+02 1.316415e+03
5300.4183 8.870870e+02 1.340214e+03
5301.6451 8.826435e+02 1.332455e+03
5302.8718 8.417381e+02 1.269706e+03
5304.0986 8.196667e+02 1.235440e+03
5305.3253 8.745836e+02 1.317175e+03
5306.5521 8.926812e+02 1.343369e+03
5307.7788 8.472277e+02 1.273960e+03
5309.0055 8.364997e+02 1.256833e+03
5310.2323 8.149176e+02 1.223435e+03
5311.4590 8.239911e+02 1.236074e+03
5312.6858 8.710428e+02 1.305617e+03
5313.9125 8.857209e+02 1.326560e+03
5315.1393 8.586603e+02 1.285004e+03
5316.3660 8.718915e+02 1.303762e+03
5317.5927 8.838436e+02 1.320576e+03
5318.8195 8.667142e+02 1.293944e+03
5320.0462 8.453043e+02 1.260967e+03
5321.2730 9.154841e+02 1.364558e+03
5322.4997 9.187968e+02 1.368393e+03
5323.7265 9.216119e+02 1.371478e+03
5324.9532 8.852706e+02 1.316333e+03
5326.1799 8.937835e+02 1.327915e+03
5327.4067 9.330635e+02 1.385151e+03
5328.6334 9.062413e+02 1.344240e+03
5329.8602 8.645184e+02 1.281310e+03
5331.0869 8.623961e+02 1.277124e+03
5332.3136 8.835335e+02 1.307359e+03
5333.5404 9.483890e+02 1.402180e+03
5334.7671 9.232465e+02 1.363891e+03
5335.9939 9.078810e+02 1.340093e+03
5337.2206 9.607808e+02 1.417014e+03
5338.4474 9.047418e+02 1.333269e+03
5339.6741 8.904912e+02 1.311189e+03
5340.9008 9.138319e+02 1.344448e+03
5342.1276 9.077168e+02 1.334350e+03
5343.3543 9.326760e+02 1.369908e+03
5344.5811 9.281098e+02 1.362074e+03
5345.8078 8.713555e+02 1.277723e+03
5347.0346 8.487700e+02 1.243573e+03
5348.2613 8.732537e+02 1.278382e+03
5349.4880 9.344767e+02 1.366871e+03
5350.7148 8.407853e+02 1.228803e+03
5351.9415 8.859691e+02 1.293759e+03
5353.1683 8.926021e+02 1.302356e+03
5354.3950 9.400661e+02 1.370462e+03
5355.6218 1.005783e+03 1.465039e+03
5356.8485 9.933857e+02 1.445768e+03
5358.0752 1.027467e+03 1.494115e+03
5359.3020 9.809248e+02 1.425235e+03
5360.5287 8.677560e+02 1.259746e+03
5361.7555 9.275966e+02 1.345483e+03
5362.9822 9.378888e+02 1.359264e+03
5364.2090 9.605874e+02 1.390985e+03
5365.4357 9.842005e+02 1.423972e+03
5366.6624 9.911064e+02 1.432750e+03
5367.8892 8.791968e+02 1.269895e+03
5369.1159 9.295714e+02 1.341515e+03
5370.3427 9.627575e+02 1.388227e+03
5371.5694 9.218575e+02 1.328121e+03
5372.7961 9.344582e+02 1.345127e+03
5374.0229 9.090936e+02 1.307499e+03
5375.2496 9.689468e+02 1.392393e+03
5376.4764 9.497664e+02 1.363663e+03
5377.7031 1.000042e+03 1.434619e+03
5378.9299 9.629815e+02 1.380269e+03
5380.1566 1.010169e+03 1.446662e+03
5381.3833 1.013477e+03 1.450153e+03
5382.6101 9.545201e+02 1.364618e+03
5383.8368 9.341415e+02 1.334334e+03
5385.0636 9.380557e+02 1.338771e+03
5386.2903 9.678201e+02 1.380058e+03
5387.5171 9.877257e+02 1.407225e+03
5388.7438 1.002908e+03 1.427619e+03
5389.9705 9.977496e+02 1.419048e+03
5391.1973 9.601533e+02 1.364393e+03
5392.4240 9.693276e+02 1.376235e+03
5393.6508 9.373188e+02 1.329633e+03
5394.8775 9.363439e+02 1.327096e+03
5396.1043 9.047706e+02 1.281230e+03
5397.3310 9.210186e+02 1.303103e+03
5398.5577 9.274968e+02 1.311124e+03
5399.7845 9.406983e+02 1.328625e+03
5401.0112 9.762518e+02 1.377635e+03
5402.2380 9.590234e+02 1.352139e+03
5403.4647 9.221628e+02 1.299031e+03
5404.6915 9.656414e+02 1.359086e+03
5405.9182 9.499946e+02 1.335891e+03
5407.1449 9.277944e+02 1.303527e+03
5408.3717 9.750062e+02 1.368655e+03
5409.5984 9.937150e+02 1.393690e+03
5410.8252 1.005940e+03 1.409593e+03
5412.0519 1.036093e+03 1.450566e+03
5413.2786 1.055914e+03 1.477012e+03
5414.5054 1.028023e+03 1.436729e+03
5415.7321 9.880754e+02 1.379679e+03
5416.9589 9.999305e+02 1.394997e+03
5418.1856 1.042182e+03 1.452655e+03
5419.4124 9.698970e+02 1.350702e+03
5420.6391 9.228875e+02 1.284096e+03
5421.8658 1.025957e+03 1.426238e+03
5423.0926 1.085906e+03 1.508236e+03
5424.3193 1.054389e+03 1.463159e+03
5425.5461 1.012672e+03 1.404020e+03
5426.7728 1.033132e+03 1.431111e+03
5427.9996 9.959456e+02 1.378370e+03
5429.2263 9.981698e+02 1.380216e+03
5430.4530 9.813217e+02 1.355708e+03
5431.6798 9.864623e+02 1.361593e+03
5432.9065 1.015015e+03 1.399751e+03
5434.1333 1.057337e+03 1.456811e+03
5435.3600 1.043526e+03 1.436495e+03
5436.5868 1.061112e+03 1.459395e+03
5437.8135 1.042004e+03 1.431829e+03
5439.0402 9.767059e+02 1.340898e+03
5440.2670 9.621079e+02 1.319671e+03
5441.4937 1.005306e+03 1.377686e+03
5442.7205 1.060117e+03 1.451493e+03
5443.9472 1.024283e+03 1.401168e+03
5445.1740 9.956564e+02 1.360782e+03
5446.4007 9.715130e+02 1.326589e+03
5447.6274 9.694908e+02 1.322634e+03
5448.8542 1.005851e+03 1.371001e+03
5450.0809 1.017611e+03 1.385779e+03
5451.3077 1.011515e+03 1.376233e+03
5452.5344 1.067416e+03 1.450977e+03
5453.7611 1.052402e+03 1.429276e+03
5454.9879 1.022710e+03 1.387694e+03
5456.2146 9.511807e+02 1.289469e+03
5457.4414 1.046029e+03 1.416765e+03
5458.6681 1.046872e+03 1.416623e+03
5459.8949 1.066422e+03 1.441769e+03
5461.1216 1.099544e+03 1.485201e+03
5462.3483 1.126242e+03 1.519882e+03
5463.5751 1.057754e+03 1.426160e+03
5464.8018 1.026446e+03 1.382691e+03
5466.0286 1.031432e+03 1.388145e+03
5467.2553 9.751906e+02 1.311259e+03
5468.4821 1.106454e+03 1.486405e+03
5469.7088 1.054029e+03 1.414689e+03
5470.9355 1.133805e+03 1.520375e+03
5472.1623 1.077833e+03 1.444003e+03
5473.3890 1.149017e+03 1.537968e+03
5474.6158 1.102108e+03 1.473835e+03
5475.8425 1.071659e+03 1.431808e+03
5477.0693 1.090958e+03 1.456262e+03
5478.2960 1.115258e+03 1.487340e+03
5479.5227 1.078202e+03 1.436608e+03
5480.7495 1.004653e+03 1.337388e+03
5481.9762 1.071426e+03 1.424972e+03
5483.2030 9.998812e+02 1.328604e+03
5484.4297 1.145382e+03 1.520547e+03
5485.6565 1.078436e+03 1.430365e+03
5486.8832 1.116466e+03 1.479449e+03
5488.1099 1.086136e+03 1.437942e+03
5489.3367 1.131930e+03 1.497196e+03
5490.5634 1.114703e+03 1.473060e+03
5491.7902 1.101716e+03 1.454564e+03
5493.0169 1.120460e+03 1.477956e+03
5494.2437 1.068448e+03 1.408057e+03
5495.4704 1.056053e+03 1.390447e+03
5496.6971 1.068400e+03 1.405413e+03
5497.9239 1.043057e+03 1.370818e+03
5499.1506 1.039060e+03 1.364312e+03
5500.3774 1.078789e+03 1.415177e+03
5501.6041 1.094211e+03 1.434091e+03
5502.8308 1.068664e+03 1.399324e+03
5504.0576 1.044097e+03 1.365900e+03
5505.2843 1.094824e+03 1.430947e+03
5506.5111 1.042598e+03 1.361436e+03
5507.7378 1.027372e+03 1.340322e+03
5508.9646 1.051481e+03 1.370515e+03
5510.1913 1.043127e+03 1.358377e+03
5511.4180 1.047839e+03 1.363260e+03
5512.6448 1.096863e+03 1.425730e+03
5513.8715 1.155772e+03 1.500921e+03
5515.0983 1.179919e+03 1.530871e+03
5516.3250 1.129432e+03 1.464021e+03
5517.5518 1.058709e+03 1.371086e+03
5518.7785 1.068883e+03 1.382989e+03
5520.0052 1.135669e+03 1.468051e+03
5521.2320 1.040309e+03 1.343546e+03
5522.4587 1.087453e+03 1.403142e+03
5523.6855 1.110422e+03 1.431463e+03
5524.9122 1.098979e+03 1.415409e+03
5526.1390 1.125033e+03 1.447634e+03
5527.3657 9.950063e+02 1.279146e+03
5528.5924 1.109848e+03 1.425472e+03
5529.8192 1.115405e+03 1.431292e+03
5531.0459 1.101521e+03 1.412179e+03
5532.2727 1.186932e+03 1.520281e+03
5533.4994 1.106463e+03 1.415910e+03
5534.7262 1.119636e+03 1.431452e+03
5535.9529 1.066274e+03 1.361978e+03
5537.1796 1.093713e+03 1.395744e+03
5538.4064 1.130525e+03 1.441397e+03
5539.6331 1.079498e+03 1.375076e+03
5540.8599 1.029580e+03 1.310287e+03
5542.0866 1.060071e+03 1.347854e+03
5543.3133 1.122216e+03 1.425561e+03
5544.5401 1.140757e+03 1.447785e+03
5545.7668 1.116734e+03 1.415997e+03
5546.9936 1.161730e+03 1.471702e+03
5548.2203 1.120250e+03 1.417853e+03
5549.4471 1.084976e+03 1.371952e+03
5550.6738 1.093756e+03 1.381787e+03
5551.9005 1.141970e+03 1.441378e+03
5553.1273 1.130077e+03 1.425062e+03
5554.3540 1.094214e+03 1.378575e+03
5555.5808 1.133227e+03 1.426420e+03
5556.8075 1.172758e+03 1.474830e+03
5558.0343 1.111782e+03 1.396871e+03
5559.2610 1.103445e+03 1.385129e+03
5560.4877 1.116368e+03 1.400072e+03
5561.7145 1.127322e+03 1.412519e+03
5562.9412 1.197271e+03 1.498795e+03
5564.1680 1.245349e+03 1.557559e+03
5565.3947 1.156402e+03 1.444995e+03
5566.6215 1.073036e+03 1.339602e+03
5567.8482 1.100217e+03 1.372285e+03
5569.0749 1.158374e+03 1.443508e+03
5570.3017 1.173162e+03 1.460605e+03
5571.5284 1.135920e+03 1.412953e+03
5572.7552 1.035929e+03 1.287404e+03
5573.9819 8.786249e+02 1.090922e+03
5575.2087 1.085842e+03 1.346983e+03
5576.4354 1.103192e+03 1.367265e+03
5577.6621 1.057100e+03 1.308951e+03
5578.8889 1.025374e+03 1.268515e+03
5580.1156 9.911337e+02 1.225045e+03
5581.3424 9.647639e+02 1.191372e+03
5582.5691 1.213120e+03 1.496707e+03
5583.7958 1.168470e+03 1.440316e+03
5585.0226 1.095447e+03 1.349084e+03
5586.2493 1.137346e+03 1.399419e+03
5587.4761 1.079819e+03 1.327437e+03
5588.7028 1.103454e+03 1.355270e+03
5589.9296 1.111868e+03 1.364373e+03
5591.1563 1.103283e+03 1.352619e+03
5592.3830 1.095660e+03 1.342064e+03
5593.6098 1.087046e+03 1.330316e+03
5594.8365 1.099954e+03 1.344902e+03
5596.0633 1.121569e+03 1.370100e+03
5597.2900 1.165821e+03 1.422879e+03
5598.5168 1.193250e+03 1.455050e+03
5599.7435 1.138094e+03 1.386550e+03
5600.9702 1.096028e+03 1.334105e+03
5602.1970 1.100741e+03 1.338643e+03
5603.4237 1.109285e+03 1.347828e+03
5604.6505 1.166882e+03 1.416546e+03
5605.8772 1.203318e+03 1.459475e+03
5607.1040 1.150202e+03 1.393808e+03
5608.3307 1.130109e+03 1.368240e+03
5609.5574 1.153555e+03 1.395384e+03
5610.7842 1.134436e+03 1.371037e+03
5612.0109 1.186861e+03 1.433122e+03
5613.2377 1.141776e+03 1.377459e+03
5614.4644 1.075945e+03 1.296890e+03
5615.6912 1.046303e+03 1.260044e+03
5616.9179 1.123822e+03 1.352201e+03
5618.1446 1.047797e+03 1.259613e+03
5619.3714 1.041340e+03 1.250745e+03
5620.5981 1.078711e+03 1.294489e+03
5621.8249 1.053552e+03 1.263184e+03
5623.0516 1.151270e+03 1.379130e+03
5624.2783 1.169616e+03 1.399875e+03
5625.5051 1.186662e+03 1.419031e+03
5626.7318 1.173113e+03 1.401598e+03
5627.9586 1.176887e+03 1.404874e+03
5629.1853 1.158749e+03 1.382012e+03
5630.4121 1.158605e+03 1.380633e+03
5631.6388 1.067218e+03 1.270623e+03
5632.8655 1.064464e+03 1.266239e+03
5634.0923 1.127098e+03 1.339578e+03
5635.3190 1.156085e+03 1.372834e+03
5636.5458 1.209360e+03 1.434850e+03
5637.7725 1.099182e+03 1.302996e+03
5638.9993 1.139541e+03 1.349669e+03
5640.2260 1.168550e+03 1.382829e+03
5641.4527 1.186502e+03 1.402859e+03
5642.6795 1.164436e+03 1.375581e+03
5643.9062 1.156924e+03 1.365528e+03
5645.1330 1.097698e+03 1.294507e+03
5646.3597 1.068258e+03 1.258706e+03
5647.5865 1.078746e+03 1.269973e+03
5648.8132 1.073431e+03 1.262631e+03
5650.0399 1.162928e+03 1.366732e+03
5651.2667 1.121165e+03 1.316523e+03
5652.4934 1.067710e+03 1.252684e+03
5653.7202 1.059834e+03 1.242383e+03
5654.9469 1.095048e+03 1.282569e+03
5656.1737 1.156378e+03 1.353250e+03
5657.4004 1.120520e+03 1.310174e+03
5658.6271 1.061203e+03 1.239765e+03
5659.8539 1.070027e+03 1.249017e+03
5661.0806 1.141641e+03 1.331484e+03
5662.3074 1.096860e+03 1.278177e+03
5663.5341 9.822947e+02 1.143709e+03
5664.7608 1.047349e+03 1.218428e+03
5665.9876 1.057507e+03 1.229212e+03
5667.2143 1.082001e+03 1.256629e+03
5668.4411 1.018178e+03 1.181516e+03
5669.6678 1.024686e+03 1.188074e+03
5670.8946 1.034286e+03 1.198205e+03
5672.1213 1.097736e+03 1.270651e+03
5673.3480 1.052849e+03 1.217680e+03
5674.5748 1.064138e+03 1.229716e+03
5675.8015 1.088638e+03 1.256986e+03
5677.0283 1.126637e+03 1.299786e+03
5678.2550 1.096766e+03 1.264279e+03
5679.4818 1.062312e+03 1.223553e+03
5680.7085 1.024999e+03 1.179606e+03
5681.9352 9.981778e+02 1.147796e+03
5683.1620 1.038836e+03 1.193569e+03
5684.3887 1.016944e+03 1.167461e+03
5685.6155 1.053852e+03 1.208844e+03
5686.8422 1.094752e+03 1.254736e+03
5688.0690 1.034908e+03 1.185181e+03
5689.2957 1.017530e+03 1.164334e+03
5690.5224 1.122450e+03 1.283351e+03
5691.7492 1.051119e+03 1.200823e+03
5692.9759 1.088050e+03 1.242010e+03
5694.2027 1.060307e+03 1.209367e+03
5695.4294 1.070084e+03 1.219538e+03
5696.6562 1.143400e+03 1.302048e+03
5697.8829 9.961062e+02 1.133409e+03
5699.1096 1.021821e+03 1.161739e+03
5700.3364 1.017033e+03 1.155374e+03
5701.5631 1.021556e+03 1.159588e+03
5702.7899 8.952055e+02 1.015359e+03
5704.0166 8.555816e+02 9.696482e+02
5705.2433 1.034188e+03 1.171141e+03
5706.4701 1.033978e+03 1.169979e+03
5707.6968 1.052692e+03 1.190217e+03
5708.9236 1.019722e+03 1.152034e+03
5710.1503 1.091066e+03 1.231670e+03
5711.3771 1.061094e+03 1.196898e+03
5712.6038 1.019483e+03 1.149065e+03
5713.8305 9.849244e+02 1.109250e+03
5715.0573 1.031306e+03 1.160585e+03
5716.2840 1.021315e+03 1.148451e+03
5717.5108 1.038654e+03 1.167047e+03
5718.7375 1.009382e+03 1.133282e+03
5719.9643 1.043109e+03 1.170248e+03
5721.1910 1.066968e+03 1.196097e+03
5722.4177 9.573547e+02 1.072396e+03
5723.6445 9.887937e+02 1.106768e+03
5724.8712 9.994897e+02 1.117888e+03
5726.0980 1.022060e+03 1.142264e+03
5727.3247 1.012214e+03 1.130402e+03
5728.5515 1.059576e+03 1.182399e+03
5729.7782 1.045930e+03 1.166292e+03
5731.0049 1.031343e+03 1.149162e+03
5732.2317 1.058069e+03 1.178057e+03
5733.4584 1.073057e+03 1.193850e+03
5734.6852 1.020625e+03 1.134669e+03
5735.9119 1.058975e+03 1.176428e+03
5737.1387 1.015566e+03 1.127367e+03
5738.3654 9.938713e+02 1.102468e+03
5739.5921 9.696673e+02 1.074825e+03
5740.8189 1.012360e+03 1.121323e+03
5742.0456 9.979444e+02 1.104543e+03
5743.2724 1.078257e+03 1.192561e+03
5744.4991 1.062791e+03 1.174597e+03
5745.7259 1.021884e+03 1.128566e+03
5746.9526 1.048244e+03 1.156837e+03
5748.1793 1.030327e+03 1.136241e+03
5749.4061 9.908509e+02 1.091918e+03
5750.6328 9.687620e+02 1.066808e+03
5751.8596 1.022811e+03 1.125519e+03
5753.0863 1.028209e+03 1.130649e+03
5754.3130 1.020149e+03 1.120987e+03
5755.5398 9.907451e+02 1.087902e+03
5756.7665 9.278895e+02 1.018161e+03
5757.9933 1.034590e+03 1.134440e+03
5759.2200 1.116167e+03 1.223027e+03
5760.4468 9.717177e+02 1.064000e+03
5761.6735 8.844764e+02 9.677959e+02
5762.9002 9.700826e+02 1.060726e+03
5764.1270 9.939982e+02 1.086120e+03
5765.3537 1.046015e+03 1.142165e+03
5766.5805 1.013512e+03 1.105908e+03
5767.8072 9.356446e+02 1.020239e+03
5769.0340 1.025102e+03 1.117016e+03
5770.2607 9.500749e+02 1.034554e+03
5771.4874 1.026783e+03 1.117320e+03
5772.7142 9.342456e+02 1.015931e+03
5773.9409 1.051346e+03 1.142496e+03
5775.1677 1.089085e+03 1.182707e+03
5776.3944 1.057544e+03 1.147681e+03
5777.6212 9.710374e+02 1.053095e+03
5778.8479 9.659242e+02 1.046849e+03
5780.0746 1.054314e+03 1.141883e+03
5781.3014 1.007226e+03 1.090159e+03
5782.5281 1.014231e+03 1.097015e+03
5783.7549 1.028528e+03 1.111745e+03
5784.9816 1.005989e+03 1.086669e+03
5786.2084 1.032717e+03 1.114811e+03
5787.4351 9.926882e+02 1.070901e+03
5788.6618 1.002886e+03 1.081199e+03
5789.8886 1.116653e+03 1.203071e+03
5791.1153 9.956736e+02 1.072037e+03
5792.3421 1.067026e+03 1.148124e+03
5793.5688 1.005176e+03 1.080881e+03
5794.7955 1.046351e+03 1.124440e+03
5796.0223 1.016094e+03 1.091230e+03
5797.2490 1.056541e+03 1.133951e+03
5798.4758 1.023220e+03 1.097496e+03
5799.7025 9.886551e+02 1.059757e+03
5800.9293 1.025136e+03 1.098174e+03
5802.1560 9.626835e+02 1.030630e+03
5803.3827 9.942145e+02 1.063726e+03
5804.6095 9.969110e+02 1.065952e+03
5805.8362 1.072666e+03 1.146248e+03
5807.0630 1.041520e+03 1.112283e+03
5808.2897 1.070824e+03 1.142880e+03
5809.5165 8.958577e+02 9.555593e+02
5810.7432 1.038375e+03 1.106904e+03
5811.9699 1.017851e+03 1.084372e+03
5813.1967 9.996644e+02 1.064357e+03
5814.4234 9.622996e+02 1.023962e+03
5815.6502 9.305591e+02 9.895986e+02
5816.8769 9.040901e+02 9.608806e+02
5818.1037 9.604720e+02 1.020202e+03
5819.3304 9.598035e+02 1.018893e+03
5820.5571 1.000995e+03 1.062000e+03
5821.7839 1.009256e+03 1.070141e+03
5823.0106 9.647620e+02 1.022370e+03
5824.2374 1.033844e+03 1.094945e+03
5825.4641 9.971942e+02 1.055523e+03
5826.6909 1.083864e+03 1.146607e+03
5827.9176 1.093163e+03 1.155786e+03
5829.1443 1.093530e+03 1.155520e+03
5830.3711 1.023946e+03 1.081380e+03
5831.5978 9.669846e+02 1.020651e+03
5832.8246 9.855332e+02 1.039649e+03
5834.0513 9.770471e+02 1.030124e+03
5835.2780 1.077994e+03 1.135927e+03
5836.5048 1.015356e+03 1.069334e+03
5837.7315 9.467351e+02 9.965186e+02
5838.9583 1.053216e+03 1.107995e+03
5840.1850 1.015551e+03 1.067792e+03
5841.4118 9.717546e+02 1.021191e+03
5842.6385 9.470618e+02 9.947080e+02
5843.8652 8.997320e+02 9.444924e+02
5845.0920 1.004900e+03 1.054332e+03
5846.3187 1.074382e+03 1.126636e+03
5847.5455 9.873460e+02 1.034823e+03
5848.7722 9.410734e+02 9.858093e+02
5849.9990 8.742140e+02 9.152952e+02
5851.2257 9.415802e+02 9.853169e+02
5852.4524 9.061766e+02 9.477808e+02
5853.6792 9.129226e+02 9.543477e+02
5854.9059 9.492160e+02 9.917827e+02
5856.1327 8.977431e+02 9.375266e+02
5857.3594 9.638996e+02 1.006108e+03
5858.5862 9.873156e+02 1.030033e+03
5859.8129 8.808500e+02 9.185037e+02
5861.0396 9.239153e+02 9.629329e+02
5862.2664 9.675795e+02 1.007945e+03
5863.4931 9.450314e+02 9.839739e+02
5864.7199 9.841768e+02 1.024234e+03
5865.9466 9.391586e+02 9.769102e+02
5867.1734 9.727260e+02 1.011340e+03
5868.4001 9.518193e+02 9.891304e+02
5869.6268 9.310760e+02 9.671140e+02
5870.8536 9.776494e+02 1.015010e+03
5872.0803 1.061124e+03 1.101157e+03
5873.3071 9.974767e+02 1.034626e+03
5874.5338 9.922909e+02 1.028769e+03
5875.7605 9.157551e+02 9.489822e+02
5876.9873 9.817446e+02 1.016900e+03
5878.2140 9.483807e+02 9.818940e+02
5879.4408 8.532856e+02 8.830388e+02
5880.6675 9.708185e+02 1.004218e+03
5881.8943 9.676749e+02 1.000520e+03
5883.1210 9.359095e+02 9.672466e+02
5884.3477 9.608906e+02 9.926262e+02
5885.5745 8.453712e+02 8.729092e+02
5886.8012 7.929450e+02 8.184189e+02
5888.0280 8.135000e+02 8.392715e+02
5889.2547 9.305558e+02 9.596235e+02
5890.4815 8.150002e+02 8.401001e+02
5891.7082 8.260740e+02 8.511543e+02
5892.9349 8.220740e+02 8.466768e+02
5894.1617 8.020485e+02 8.257070e+02
5895.3884 7.426958e+02 7.642866e+02
5896.6152 9.563350e+02 9.837314e+02
5897.8419 8.826391e+02 9.075532e+02
5899.0687 8.766765e+02 9.010566e+02
5900.2954 8.957560e+02 9.202959e+02
5901.5221 8.801257e+02 9.038757e+02
5902.7489 8.833340e+02 9.068105e+02
5903.9756 9.220748e+02 9.462080e+02
5905.2024 9.415735e+02 9.658394e+02
5906.4291 9.424995e+02 9.664141e+02
5907.6559 8.843638e+02 9.064541e+02
5908.8826 9.261727e+02 9.489446e+02
5910.1093 9.177919e+02 9.400012e+02
5911.3361 8.657586e+02 8.863752e+02
5912.5628 9.225320e+02 9.441482e+02
5913.7896 9.927385e+02 1.015624e+03
5915.0163 9.687745e+02 9.907432e+02
5916.2430 9.376533e+02 9.585669e+02
5917.4698 9.661030e+02 9.872944e+02
5918.6965 9.019017e+02 9.213547e+02
5919.9233 9.163404e+02 9.357722e+02
5921.1500 9.003276e+02 9.190959e+02
5922.3768 8.875381e+02 9.057234e+02
5923.6035 9.473648e+02 9.664412e+02
5924.8302 9.063057e+02 9.242378e+02
5926.0570 1.017507e+03 1.037286e+03
5927.2837 9.117516e+02 9.291616e+02
5928.5105 9.155234e+02 9.326936e+02
5929.7372 8.977020e+02 9.142349e+02
5930.9640 8.389540e+02 8.541245e+02
5932.1907 8.789966e+02 8.946001e+02
5933.4174 8.783943e+02 8.936990e+02
5934.6442 8.324467e+02 8.466804e+02
5935.8709 8.861838e+02 9.010513e+02
5937.0977 9.258560e+02 9.410942e+02
5938.3244 8.689968e+02 8.830251e+02
5939.5512 8.717436e+02 8.855442e+02
5940.7779 8.530070e+02 8.662473e+02
5942.0046 8.840140e+02 8.974653e+02
5943.2314 8.518146e+02 8.645181e+02
5944.4581 8.536547e+02 8.661299e+02
5945.6849 9.303727e+02 9.436934e+02
5946.9116 8.929003e+02 9.054226e+02
5948.1384 7.756224e+02 7.862749e+02
5949.3651 8.367510e+02 8.480029e+02
5950.5918 8.887214e+02 9.004199e+02
5951.8186 9.742689e+02 9.868201e+02
5953.0453 9.888499e+02 1.001314e+03
5954.2721 9.372463e+02 9.488032e+02
5955.4988 9.570120e+02 9.685530e+02
5956.7256 9.440532e+02 9.551848e+02
5957.9523 8.612172e+02 8.711438e+02
5959.1790 8.596462e+02 8.693296e+02
5960.4058 8.523810e+02 8.617620e+02
5961.6325 8.876229e+02 8.971648e+02
5962.8593 9.034503e+02 9.129341e+02
5964.0860 8.863303e+02 8.954133e+02
5965.3127 8.865255e+02 8.953921e+02
5966.5395 8.521290e+02 8.604443e+02
5967.7662 9.441586e+02 9.531453e+02
5968.9930 8.973350e+02 9.056633e+02
5970.2197 8.450635e+02 8.527090e+02
5971.4465 8.597676e+02 8.673477e+02
5972.6732 8.538717e+02 8.612053e+02
5973.8999 8.527957e+02 8.599285e+02
5975.1267 9.400305e+02 9.476846e+02
5976.3534 9.175124e+02 9.247827e+02
5977.5802 8.686705e+02 8.753667e+02
5978.8069 9.033737e+02 9.101455e+02
5980.0337 9.185093e+02 9.252024e+02
5981.2604 9.197393e+02 9.262517e+02
5982.4871 9.715641e+02 9.782461e+02
5983.7139 9.641152e+02 9.705530e+02
5984.9406 8.899835e+02 8.957510e+02
5986.1674 8.446579e+02 8.499678e+02
5987.3941 9.180447e+02 9.236406e+02
5988.6209 8.981411e+02 9.034470e+02
5989.8476 8.760068e+02 8.810200e+02
5991.0743 9.126442e+02 9.177012e+02
5992.3011 8.539607e+02 8.585398e+02
5993.5278 8.589734e+02 8.634285e+02
5994.7546 8.800897e+02 8.845022e+02
5995.9813 8.496266e+02 8.537422e+02
5997.2081 8.342427e+02 8.381448e+02
5998.4348 9.139021e+02 9.180271e+02
5999.6615 8.739132e+02 8.777173e+02
6000.8883 8.378580e+02 8.413730e+02
6002.1150 8.737338e+02 8.772642e+02
6003.3418 8.580078e+02 8.613445e+02
6004.5685 8.905952e+02 8.939263e+02
6005.7952 8.942940e+02 8.975085e+02
6007.0220 8.630577e+02 8.660369e+02
6008.2487 8.586994e+02 8.615435e+02
6009.4755 8.796492e+02 8.824424e+02
6010.7022 8.382683e+02 8.408179e+02
6011.9290 8.331342e+02 8.355591e+02
6013.1557 8.896178e+02 8.920934e+02
6014.3824 8.622609e+02 8.645526e+02
6015.6092 8.527424e+02 8.549048e+02
6016.8359 8.709207e+02 8.730255e+02
6018.0627 9.067992e+02 9.088854e+02
6019.2894 8.234584e+02 8.252596e+02
6020.5162 8.335421e+02 8.352734e+02
6021.7429 8.977466e+02 8.995150e+02
6022.9696 8.795893e+02 8.812301e+02
6024.1964 8.760519e+02 8.775972e+02
6025.4231 9.143360e+02 9.158586e+02
6026.6499 9.055518e+02 9.069731e+02
6027.8766 8.921074e+02 8.934248e+02
6029.1034 8.811990e+02 8.824211e+02
6030.3301 8.883211e+02 8.894758e+02
6031.5568 9.243987e+02 9.255225e+02
6032.7836 9.441135e+02 9.451846e+02
6034.0103 8.581109e+02 8.590171e+02
6035.2371 9.197191e+02 9.206208e+02
6036.4638 9.306113e+02 9.314561e+02
6037.6906 8.522127e+02 8.529268e+02
6038.9173 8.780181e+02 8.786949e+02
6040.1440 8.593936e+02 8.600010e+02
6041.3708 8.739740e+02 8.745381e+02
6042.5975 9.078805e+02 9.084133e+02
6043.8243 9.358460e+02 9.363431e+02
6045.0510 9.558030e+02 9.562603e+02
6046.2777 9.230365e+02 9.234319e+02
6047.5045 8.952237e+02 8.955648e+02
6048.7312 8.738914e+02 8.741855e+02
6049.9580 8.460859e+02 8.463354e+02
6051.1847 8.849463e+02 8.851729e+02
6052.4115 8.789999e+02 8.791931e+02
6053.6382 8.687525e+02 8.689146e+02
6054.8649 8.375691e+02 8.376997e+02
6056.0917 7.994159e+02 7.995183e+02
6057.3184 8.655072e+02 8.655964e+02
6058.5452 8.593633e+02 8.594326e+02
6059.7719 8.704169e+02 8.704701e+02
6060.9987 8.122933e+02 8.123292e+02
6062.2254 8.465252e+02 8.465507e+02
6063.4521 8.323839e+02 8.323994e+02
6064.6789 8.113068e+02 8.113148e+02
6065.9056 9.413893e+02 9.413931e+02
6067.1324 8.084957e+02 8.084962e+02
6068.3591 8.450961e+02 8.450961e+02
6069.5859 8.112062e+02 8.112079e+02
6070.8126 8.109297e+02 8.109352e+02
6072.0393 8.045959e+02 8.046073e+02
6073.2661 8.875776e+02 8.875991e+02
6074.4928 1.049099e+03 1.049138e+03
6075.7196 1.097179e+03 1.097237e+03
6076.9463 1.175600e+03 1.175682e+03
6078.1731 1.181321e+03 1.181428e+03
6079.3998 1.241760e+03 1.241902e+03
6080.6265 1.290640e+03 1.290820e+03
6081.8533 1.265638e+03 1.265851e+03
6083.0800 1.029377e+03 1.029582e+03
6084.3068 8.615695e+02 8.617704e+02
6085.5335 9.411774e+02 9.414309e+02
6086.7602 8.702012e+02 8.704694e+02
6087.9870 8.857258e+02 8.860354e+02
6089.2137 9.007579e+02 9.011123e+02
6090.4405 8.920703e+02 8.924628e+02
6091.6672 8.778785e+02 8.783079e+02
6092.8940 8.705894e+02 8.710601e+02
6094.1207 8.419281e+02 8.424288e+02
6095.3474 9.045135e+02 9.051027e+02
6096.5742 8.386394e+02 8.392352e+02
6097.8009 9.287438e+02 9.294609e+02
6099.0277 9.097947e+02 9.105555e+02
6100.2544 8.897060e+02 8.905093e+02
6101.4812 8.283292e+02 8.291343e+02
6102.7079 9.139514e+02 9.149052e+02
6103.9346 8.311169e+02 8.320458e+02
6105.1614 8.416208e+02 8.426257e+02
6106.3881 8.992166e+02 9.003613e+02
6107.6149 9.342189e+02 9.354841e+02
6108.8416 9.501981e+02 9.515646e+02
6110.0684 9.419067e+02 9.433425e+02
6111.2951 1.013767e+03 1.015403e+03
6112.5218 1.034285e+03 1.036047e+03
6113.7486 1.046471e+03 1.048352e+03
6114.9753 1.017879e+03 1.019806e+03
6116.2021 9.457807e+02 9.476641e+02
6117.4288 9.129580e+02 9.148678e+02
6118.6556 9.210915e+02 9.231130e+02
6119.8823 9.236049e+02 9.257291e+02
6121.1090 9.288259e+02 9.310621e+02
6122.3358 8.754438e+02 8.776477e+02
6123.5625 9.245135e+02 9.269446e+02
6124.7893 9.986545e+02 1.001395e+03
6126.0160 9.821351e+02 9.849449e+02
6127.2427 8.905706e+02 8.932246e+02
6128.4695 9.149329e+02 9.177705e+02
6129.6962 8.543657e+02 8.571211e+02
6130.9230 9.146754e+02 9.177405e+02
6132.1497 1.005219e+03 1.008716e+03
6133.3765 9.352348e+02 9.386106e+02
6134.6032 9.172827e+02 9.207153e+02
6135.8299 9.295768e+02 9.331809e+02
6137.0567 9.593553e+02 9.632063e+02
6138.2834 9.110592e+02 9.148433e+02
6139.5102 8.771155e+02 8.808826e+02
6140.7369 9.030230e+02 9.070311e+02
6141.9637 9.742028e+02 9.786689e+02
6143.1904 9.763411e+02 9.809614e+02
6144.4171 9.137889e+02 9.182505e+02
6145.6439 8.722889e+02 8.766807e+02
6146.8706 8.852411e+02 8.898347e+02
6148.0974 9.204477e+02 9.253680e+02
6149.3241 9.435931e+02 9.487869e+02
6150.5509 8.625478e+02 8.674341e+02
6151.7776 9.195267e+02 9.248855e+02
6153.0043 9.335748e+02 9.391694e+02
6154.2311 8.605295e+02 8.658301e+02
6155.4578 9.389064e+02 9.448484e+02
6156.6846 9.163231e+02 9.222789e+02
6157.9113 9.574750e+02 9.638640e+02
6159.1381 9.606339e+02 9.672122e+02
6160.3648 8.971771e+02 9.034797e+02
6161.5915 8.488873e+02 8.550028e+02
6162.8183 8.988141e+02 9.054521e+02
6164.0450 9.139404e+02 9.208574e+02
6165.2718 9.186708e+02 9.257937e+02
6166.4985 9.062208e+02 9.134166e+02
6167.7252 9.059590e+02 9.133240e+02
6168.9520 8.742938e+02 8.815682e+02
6170.1787 8.948727e+02 9.024910e+02
6171.4055 8.669804e+02 8.745300e+02
6172.6322 9.053707e+02 9.134326e+02
6173.8590 8.312939e+02 8.388613e+02
6175.0857 8.826467e+02 8.908584e+02
6176.3124 8.729800e+02 8.812784e+02
6177.5392 8.471481e+02 8.553739e+02
6178.7659 8.700475e+02 8.786749e+02
6179.9927 9.537795e+02 9.634353e+02
6181.2194 8.773529e+02 8.864189e+02
6182.4462 8.446611e+02 8.535679e+02
6183.6729 8.708066e+02 8.801748e+02
6184.8996 8.820519e+02 8.917307e+02
6186.1264 9.509154e+02 9.615560e+02
6187.3531 9.128417e+02 9.232559e+02
6188.5799 8.500447e+02 8.599297e+02
6189.8066 8.352471e+02 8.451455e+02
6191.0334 8.951181e+02 9.059263e+02
6192.2601 9.103184e+02 9.215154e+02
6193.4868 9.417117e+02 9.535088e+02
6194.7136 9.338398e+02 9.457520e+02
6195.9403 9.940645e+02 1.006974e+03
6197.1671 8.808199e+02 8.924634e+02
6198.3938 9.239056e+02 9.363347e+02
6199.6206 9.217946e+02 9.344124e+02
6200.8473 9.208054e+02 9.336279e+02
6202.0740 9.198156e+02 9.328440e+02
6203.3008 9.188248e+02 9.320601e+02
6204.5275 9.178327e+02 9.312756e+02
6205.7543 9.168392e+02 9.304908e+02
6206.9810 9.158457e+02 9.297070e+02
6208.2078 9.148507e+02 9.289226e+02
6209.4345 9.138548e+02 9.281382e+02
6210.6612 9.128577e+02 9.273534e+02
6211.8880 9.118599e+02 9.265688e+02
6213.1147 9.108621e+02 9.257852e+02
6214.3415 9.098624e+02 9.250002e+02
6215.5682 9.088618e+02 9.242155e+02
6216.7949 9.078607e+02 9.234308e+02
6218.0217 9.068592e+02 9.226466e+02
6219.2484 9.058564e+02 9.218619e+02
6220.4752 9.048524e+02 9.210767e+02
6221.7019 9.038484e+02 9.202922e+02
6222.9287 9.028434e+02 9.195076e+02
6224.1554 9.018373e+02 9.187224e+02
6225.3821 9.008305e+02 9.179373e+02
6226.6089 8.998240e+02 9.171531e+02
6227.8356 8.988162e+02 9.163682e+02
6229.0624 8.978079e+02 9.155835e+02
6230.2891 8.967985e+02 9.147983e+02
6231.5159 8.957883e+02 9.140129e+02
6232.7426 8.947786e+02 9.132288e+02
6233.9693 8.937673e+02 9.124434e+02
6235.1961 8.927554e+02 9.116580e+02
6236.4228 8.917434e+02 9.108730e+02
6237.6496 8.907311e+02 9.100884e+02
6238.8763 8.897178e+02 9.093032e+02
6240.1031 8.887039e+02 9.085178e+02
6241.3298 8.876894e+02 9.077324e+02
6242.5565 8.866749e+02 9.069475e+02
6243.7833 8.856600e+02 9.061626e+02
6245.0100 8.846438e+02 9.053767e+02
6246.2368 8.836286e+02 9.045923e+02
6247.4635 8.826115e+02 9.038064e+02
6248.6903 8.815950e+02 9.030215e+02
6249.9170 8.805770e+02 9.022354e+02
6251.1437 8.795593e+02 9.014500e+02
6252.3705 8.785415e+02 9.006648e+02
6253.5972 8.775229e+02 8.998792e+02
6254.8240 8.765043e+02 8.990938e+02
6256.0507 8.754852e+02 8.983081e+02
6257.2774 8.744655e+02 8.975222e+02
6258.5042 8.734456e+02 8.967363e+02
6259.7309 8.724262e+02 8.959512e+02
6260.9577 8.714058e+02 8.951653e+02
6262.1844 8.703860e+02 8.943801e+02
6263.4112 8.693645e+02 8.935935e+02
6264.6379 8.683441e+02 8.928081e+02
6265.8646 8.673236e+02 8.920229e+02
6267.0914 8.663019e+02 8.912366e+02
6268.3181 8.663510e+02 8.915522e+02
6269.5449 8.141936e+02 8.381277e+02
6270.7716 8.649246e+02 8.906162e+02
6271.9984 8.797576e+02 9.061614e+02
6273.2251 8.404099e+02 8.658928e+02
6274.4518 8.391643e+02 8.648699e+02
6275.6786 9.303483e+02 9.591365e+02
6276.9053 8.836908e+02 9.113108e+02
6278.1321 7.430235e+02 7.664792e+02
6279.3588 8.117925e+02 8.376736e+02
6280.5856 7.696384e+02 7.944172e+02
6281.8123 7.573269e+02 7.819478e+02
6283.0390 7.953926e+02 8.215020e+02
6284.2658 8.007025e+02 8.272393e+02
6285.4925 8.342220e+02 8.621340e+02
6286.7193 8.157698e+02 8.433235e+02
6287.9460 8.284465e+02 8.566919e+02
6289.1728 8.053503e+02 8.330649e+02
6290.3995 8.038516e+02 8.317715e+02
6291.6262 8.380403e+02 8.674158e+02
6292.8530 8.358588e+02 8.654258e+02
6294.0797 7.646205e+02 7.919131e+02
6295.3065 5.396410e+02 5.590767e+02
6296.5332 6.474467e+02 6.709736e+02
6297.7599 6.876646e+02 7.128750e+02
6298.9867 7.957628e+02 8.251934e+02
6300.2134 9.581830e+02 9.939307e+02
6301.4402 7.274639e+02 7.548398e+02
6302.6669 7.055988e+02 7.323809e+02
6303.8937 7.942406e+02 8.246455e+02
6305.1204 9.020447e+02 9.368701e+02
6306.3471 7.965719e+02 8.275850e+02
6307.5739 8.268656e+02 8.593279e+02
6308.8006 8.650997e+02 8.993457e+02
6310.0274 8.171785e+02 8.497947e+02
6311.2541 8.187955e+02 8.517444e+02
6312.4809 8.808621e+02 9.165972e+02
6313.7076 9.124523e+02 9.497683e+02
6314.9343 8.672502e+02 9.030024e+02
6316.1611 8.237346e+02 8.579636e+02
6317.3878 8.048514e+02 8.385605e+02
6318.6146 8.322695e+02 8.674009e+02
6319.8413 8.358566e+02 8.714148e+02
6321.0681 8.635499e+02 9.005708e+02
6322.2948 8.716946e+02 9.093523e+02
6323.5215 8.115704e+02 8.468984e+02
6324.7483 7.996089e+02 8.346804e+02
6325.9750 8.524143e+02 8.900835e+02
6327.2018 8.488467e+02 8.866389e+02
6328.4285 8.513627e+02 8.895483e+02
6329.6553 8.329503e+02 8.705857e+02
6330.8820 8.059794e+02 8.426628e+02
6332.1087 8.320303e+02 8.701748e+02
6333.3355 8.431090e+02 8.820405e+02
6334.5622 8.333708e+02 8.721287e+02
6335.7890 7.512035e+02 7.863887e+02
6337.0157 7.959006e+02 8.334429e+02
6338.2424 8.462138e+02 8.864097e+02
6339.4692 8.514933e+02 8.922219e+02
6340.6959 7.562973e+02 7.927229e+02
6341.9227 7.602106e+02 7.970764e+02
6343.1494 8.701262e+02 9.126104e+02
6344.3762 8.235431e+02 8.640254e+02
6345.6029 7.973056e+02 8.367620e+02
6346.8296 8.383078e+02 8.800706e+02
6348.0564 8.142476e+02 8.550811e+02
6349.2831 8.072056e+02 8.479526e+02
6350.5099 7.555944e+02 7.939858e+02
6351.7366 8.432947e+02 8.864207e+02
6352.9634 8.589224e+02 9.031311e+02
6354.1901 8.134332e+02 8.555688e+02
6355.4168 8.406357e+02 8.844575e+02
6356.6436 8.106321e+02 8.531570e+02
6357.8703 7.238517e+02 7.620625e+02
6359.0971 7.341174e+02 7.731116e+02
6360.3238 8.918390e+02 9.395039e+02
6361.5506 8.325016e+02 8.772686e+02
6362.7773 7.886743e+02 8.313433e+02
6364.0040 8.043724e+02 8.481543e+02
6365.2308 8.372510e+02 8.830967e+02
6366.4575 8.667034e+02 9.144453e+02
6367.6843 8.054233e+02 8.500527e+02
6368.9110 7.404562e+02 7.817273e+02
6370.1378 8.226662e+02 8.687876e+02
6371.3645 8.326227e+02 8.795734e+02
6372.5912 8.361177e+02 8.835374e+02
6373.8180 8.510833e+02 8.996279e+02
6375.0447 8.595269e+02 9.088318e+02
6376.2715 8.938091e+02 9.453699e+02
6377.4982 8.589066e+02 9.087316e+02
6378.7249 8.315132e+02 8.800176e+02
6379.9517 7.960673e+02 8.427605e+02
6381.1784 8.459565e+02 8.958480e+02
6382.4052 8.275648e+02 8.766375e+02
6383.6319 8.228725e+02 8.719307e+02
6384.8587 8.656686e+02 9.175552e+02
6386.0854 8.553046e+02 9.068433e+02
6387.3121 8.207948e+02 8.705156e+02
6388.5389 8.319889e+02 8.826526e+02
6389.7656 8.686530e+02 9.218252e+02
6390.9924 8.688990e+02 9.223616e+02
6392.2191 8.920173e+02 9.471843e+02
6393.4459 8.737054e+02 9.280156e+02
6394.6726 8.434122e+02 8.961050e+02
6395.8993 8.239608e+02 8.756970e+02
6397.1261 8.628670e+02 9.173167e+02
6398.3528 8.545736e+02 9.087671e+02
6399.5796 8.397260e+02 8.932397e+02
6400.8063 8.613947e+02 9.165574e+02
6402.0331 8.573973e+02 9.125701e+02
6403.2598 8.039293e+02 8.559104e+02
6404.4865 8.320380e+02 8.860934e+02
6405.7133 8.274340e+02 8.814451e+02
6406.9400 8.558157e+02 9.119421e+02
6408.1668 8.476961e+02 9.035496e+02
6409.3935 8.666196e+02 9.239845e+02
6410.6203 8.729336e+02 9.309822e+02
6411.8470 8.830175e+02 9.420046e+02
6413.0737 8.474249e+02 9.042908e+02
6414.3005 8.394839e+02 8.960703e+02
6415.5272 8.640941e+02 9.225991e+02
6416.7540 7.848459e+02 8.382206e+02
6417.9807 8.042354e+02 8.591689e+02
6419.2075 8.928876e+02 9.541425e+02
6420.4342 8.589479e+02 9.181294e+02
6421.6609 9.021758e+02 9.646025e+02
6422.8877 8.124328e+02 8.688892e+02
6424.1144 8.054202e+02 8.616259e+02
6425.3412 7.766075e+02 8.310298e+02
6426.5679 8.237348e+02 8.816997e+02
6427.7946 8.840398e+02 9.465051e+02
6429.0214 8.342799e+02 8.934707e+02
6430.2481 7.624123e+02 8.167240e+02
6431.4749 7.712761e+02 8.264407e+02
6432.7016 8.188127e+02 8.776115e+02
6433.9284 8.052161e+02 8.632678e+02
6435.1551 8.670381e+02 9.297930e+02
6436.3818 8.695786e+02 9.327629e+02
6437.6086 8.680544e+02 9.313723e+02
6438.8353 8.233056e+02 8.835900e+02
6440.0621 8.316873e+02 8.928174e+02
6441.2888 8.893521e+02 9.549675e+02
6442.5156 8.354053e+02 8.972715e+02
6443.7423 7.729728e+02 8.304282e+02
6444.9690 8.024201e+02 8.622842e+02
6446.1958 8.853093e+02 9.515986e+02
6447.4225 9.389556e+02 1.009517e+03
6448.6493 9.251989e+02 9.949758e+02
6449.8760 9.146995e+02 9.839304e+02
6451.1028 8.823049e+02 9.493198e+02
6452.3295 8.782692e+02 9.452112e+02
6453.5562 9.322177e+02 1.003518e+03
6454.7830 9.422729e+02 1.014591e+03
6456.0097 8.692483e+02 9.361892e+02
6457.2365 8.499163e+02 9.155898e+02
6458.4632 8.717719e+02 9.393601e+02
6459.6900 8.820262e+02 9.506367e+02
6460.9167 9.210780e+02 9.929622e+02
6462.1434 8.724390e+02 9.407495e+02
6463.3702 8.586937e+02 9.261455e+02
6464.5969 8.665179e+02 9.348025e+02
6465.8237 8.747559e+02 9.439087e+02
6467.0504 8.764290e+02 9.459321e+02
6468.2771 8.339272e+02 9.002661e+02
6469.5039 7.867028e+02 8.494785e+02
6470.7306 8.389433e+02 9.060925e+02
6471.9574 8.595496e+02 9.285569e+02
6473.1841 9.237326e+02 9.981155e+02
6474.4109 8.786447e+02 9.496074e+02
6475.6376 8.729879e+02 9.437017e+02
6476.8643 8.558271e+02 9.253533e+02
6478.0911 8.463326e+02 9.152864e+02
6479.3178 8.156147e+02 8.822560e+02
6480.5446 8.638845e+02 9.346699e+02
6481.7713 9.121282e+02 9.870765e+02
6482.9981 9.217997e+02 9.977534e+02
6484.2248 8.015399e+02 8.677662e+02
6485.4515 8.609777e+02 9.323088e+02
6486.6783 8.602455e+02 9.317083e+02
6487.9050 9.016395e+02 9.767410e+02
6489.1318 8.252199e+02 8.941377e+02
6490.3585 8.997150e+02 9.750508e+02
6491.5853 9.549027e+02 1.035066e+03
6492.8120 9.191356e+02 9.964943e+02
6494.0387 8.586595e+02 9.311113e+02
6495.2655 9.082835e+02 9.851147e+02
6496.4922 8.784016e+02 9.528894e+02
6497.7190 8.493303e+02 9.215295e+02
6498.9457 9.075869e+02 9.849255e+02
6500.1725 9.172155e+02 9.955623e+02
6501.3992 8.182247e+02 8.882817e+02
6502.6259 8.488679e+02 9.217192e+02
6503.8527 9.119696e+02 9.904180e+02
6505.0794 8.819135e+02 9.579504e+02
6506.3062 8.573464e+02 9.314329e+02
6507.5329 8.776823e+02 9.536960e+02
6508.7596 9.270074e+02 1.007471e+03
6509.9864 9.312462e+02 1.012255e+03
6511.2131 8.759176e+02 9.522778e+02
6512.4399 8.896686e+02 9.673933e+02
6513.6666 9.314472e+02 1.012994e+03
6514.8934 9.553846e+02 1.039201e+03
6516.1201 9.809657e+02 1.067204e+03
6517.3468 9.816096e+02 1.068080e+03
6518.5736 9.944821e+02 1.082262e+03
6519.8003 1.024977e+03 1.115627e+03
6521.0271 1.015170e+03 1.105129e+03
6522.2538 1.010731e+03 1.100470e+03
6523.4806 8.745369e+02 9.523317e+02
6524.7073 9.333618e+02 1.016545e+03
6525.9340 9.543904e+02 1.039606e+03
6527.1608 9.693641e+02 1.056075e+03
6528.3875 9.412978e+02 1.025650e+03
6529.6143 9.353956e+02 1.019368e+03
6530.8410 9.712002e+02 1.058540e+03
6532.0678 9.748404e+02 1.062659e+03
6533.2945 9.888946e+02 1.078131e+03
6534.5212 9.371372e+02 1.021845e+03
6535.7480 1.005203e+03 1.096214e+03
6536.9747 9.506757e+02 1.036890e+03
6538.2015 8.616340e+02 9.398989e+02
6539.4282 8.575884e+02 9.356089e+02
6540.6550 9.285870e+02 1.013198e+03
6541.8817 9.666039e+02 1.054814e+03
6543.1084 9.812468e+02 1.070928e+03
6544.3352 9.652316e+02 1.053580e+03
6545.5619 9.181349e+02 1.002295e+03
6546.7887 9.092000e+02 9.926604e+02
6548.0154 9.462424e+02 1.033226e+03
6549.2421 9.190459e+02 1.003646e+03
6550.4689 9.828654e+02 1.073463e+03
6551.6956 9.367622e+02 1.023226e+03
6552.9224 9.680755e+02 1.057547e+03
6554.1491 9.309342e+02 1.017083e+03
6555.3759 8.928622e+02 9.755928e+02
6556.6026 8.913796e+02 9.740752e+02
6557.8293 9.128230e+02 9.976108e+02
6559.0561 9.196991e+02 1.005228e+03
6560.2828 9.284902e+02 1.014937e+03
6561.5096 9.359517e+02 1.023193e+03
6562.7363 9.181205e+02 1.003796e+03
6563.9631 9.281392e+02 1.014844e+03
6565.1898 9.473558e+02 1.035951e+03
6566.4165 9.448378e+02 1.033290e+03
6567.6433 9.693282e+02 1.060167e+03
6568.8700 9.658320e+02 1.056433e+03
6570.0968 9.034437e+02 9.882756e+02
6571.3235 8.916472e+02 9.754514e+02
6572.5503 9.404826e+02 1.028959e+03
6573.7770 9.384737e+02 1.026842e+03
6575.0037 9.634491e+02 1.054249e+03
6576.2305 9.765412e+02 1.068654e+03
6577.4572 9.447766e+02 1.033968e+03
6578.6840 8.718525e+02 9.542268e+02
6579.9107 8.939980e+02 9.785317e+02
6581.1375 9.634338e+02 1.054603e+03
6582.3642 9.728474e+02 1.064976e+03
6583.5909 9.540175e+02 1.044429e+03
6584.8177 1.010762e+03 1.106618e+03
6586.0444 8.878680e+02 9.721262e+02
6587.2712 1.020400e+03 1.117299e+03
6588.4979 1.007613e+03 1.103358e+03
6589.7246 9.797614e+02 1.072917e+03
6590.9514 9.866764e+02 1.080544e+03
6592.1781 9.357593e+02 1.024833e+03
6593.4049 8.932361e+02 9.783081e+02
6594.6316 9.361833e+02 1.025392e+03
6595.8584 9.758599e+02 1.068895e+03
6597.0851 9.928370e+02 1.087536e+03
6598.3118 9.686177e+02 1.061048e+03
6599.5386 9.024967e+02 9.886541e+02
6600.7653 9.000909e+02 9.860535e+02
6601.9921 9.616249e+02 1.053499e+03
6603.2188 1.046187e+03 1.146176e+03
6604.4456 1.038492e+03 1.137780e+03
6605.6723 9.802280e+02 1.073975e+03
6606.8990 9.826221e+02 1.076625e+03
6608.1258 9.743172e+02 1.067551e+03
6609.3525 9.294825e+02 1.018448e+03
6610.5793 9.352741e+02 1.024815e+03
6611.8060 9.125969e+02 9.999844e+02
6613.0328 9.293846e+02 1.018396e+03
6614.2595 9.585638e+02 1.050384e+03
6615.4862 9.688470e+02 1.061666e+03
6616.7130 9.632809e+02 1.055577e+03
6617.9397 9.365225e+02 1.026263e+03
6619.1665 9.678561e+02 1.060606e+03
6620.3932 8.985356e+02 9.846470e+02
6621.6200 9.062599e+02 9.931140e+02
6622.8467 9.212496e+02 1.009541e+03
6624.0734 9.337234e+02 1.023209e+03
6625.3002 9.543397e+02 1.045798e+03
6626.5269 9.762793e+02 1.069835e+03
6627.7537 9.420880e+02 1.032359e+03
6628.9804 9.161452e+02 1.003922e+03
6630.2071 9.521566e+02 1.043373e+03
6631.4339 9.366075e+02 1.026321e+03
6632.6606 8.643304e+02 9.471072e+02
6633.8874 8.145161e+02 8.925076e+02
6635.1141 9.763015e+02 1.069765e+03
6636.3409 9.028450e+02 9.892563e+02
6637.5676 8.852493e+02 9.699553e+02
6638.7943 9.506399e+02 1.041578e+03
6640.0211 9.285530e+02 1.017352e+03
6641.2478 9.687490e+02 1.061363e+03
6642.4746 9.640476e+02 1.056181e+03
6643.7013 9.535316e+02 1.044628e+03
6644.9281 9.466932e+02 1.037102e+03
6646.1548 9.552247e+02 1.046412e+03
6647.3815 9.617960e+02 1.053572e+03
6648.6083 9.838571e+02 1.077697e+03
6649.8350 9.606217e+02 1.052203e+03
6651.0618 9.090912e+02 9.957180e+02
6652.2885 9.626703e+02 1.054357e+03
6653.5153 9.579572e+02 1.049147e+03
6654.7420 8.996397e+02 9.852312e+02
6655.9687 9.063913e+02 9.925764e+02
6657.1955 8.986945e+02 9.840978e+02
6658.4222 9.042410e+02 9.901191e+02
6659.6490 8.925502e+02 9.772649e+02
6660.8757 8.725126e+02 9.552719e+02
6662.1025 9.100309e+02 9.962913e+02
6663.3292 9.345670e+02 1.023092e+03
6664.5559 9.278234e+02 1.015647e+03
6665.7827 9.044977e+02 9.900514e+02
6667.0094 8.821468e+02 9.655238e+02
6668.2362 9.107145e+02 9.967253e+02
6669.4629 8.898211e+02 9.737924e+02
6670.6897 9.108987e+02 9.967894e+02
6671.9164 9.149327e+02 1.001132e+03
6673.1431 8.621833e+02 9.433440e+02
6674.3699 9.144434e+02 1.000449e+03
6675.5966 9.478334e+02 1.036900e+03
6676.8234 9.726908e+02 1.064010e+03
6678.0501 9.195358e+02 1.005784e+03
6679.2768 8.761275e+02 9.582263e+02
6680.5036 8.338168e+02 9.118752e+02
6681.7303 9.512261e+02 1.040188e+03
6682.9571 9.240800e+02 1.010416e+03
6684.1838 8.923560e+02 9.756421e+02
6685.4106 8.984206e+02 9.821848e+02
6686.6373 8.847548e+02 9.671570e+02
6687.8640 8.778824e+02 9.595557e+02
6689.0908 9.002813e+02 9.839458e+02
6690.3175 9.270915e+02 1.013151e+03
6691.5443 9.299615e+02 1.016188e+03
6692.7710 8.914854e+02 9.740483e+02
6693.9978 8.763877e+02 9.574564e+02
6695.2245 8.775790e+02 9.586604e+02
6696.4512 8.794610e+02 9.606171e+02
6697.6780 8.880038e+02 9.698466e+02
6698.9047 9.236732e+02 1.008696e+03
6700.1315 9.535147e+02 1.041173e+03
6701.3582 9.253098e+02 1.010265e+03
6702.5850 8.898939e+02 9.714895e+02
6703.8117 8.538112e+02 9.319939e+02
6705.0384 8.844229e+02 9.652993e+02
6706.2652 8.980887e+02 9.801022e+02
6707.4919 9.024550e+02 9.847527e+02
6708.7187 9.220784e+02 1.006047e+03
6709.9454 9.433894e+02 1.029177e+03
6711.1722 9.181035e+02 1.001471e+03
6712.3989 9.357694e+02 1.020616e+03
6713.6256 9.883960e+02 1.077882e+03
6714.8524 9.869904e+02 1.076215e+03
6716.0791 9.293556e+02 1.013243e+03
6717.3059 8.378719e+02 9.133855e+02
6718.5326 9.279785e+02 1.011483e+03
6719.7593 8.883228e+02 9.681335e+02
6720.9861 8.969540e+02 9.774124e+02
6722.2128 8.460211e+02 9.217888e+02
6723.4396 9.112210e+02 9.926956e+02
6724.6663 9.077293e+02 9.887585e+02
6725.8931 9.111068e+02 9.923027e+02
6727.1198 9.247777e+02 1.007054e+03
6728.3465 9.157198e+02 9.970525e+02
6729.5733 8.763152e+02 9.540150e+02
6730.8000 8.947729e+02 9.739724e+02
6732.0268 8.954277e+02 9.745470e+02
6733.2535 9.077906e+02 9.878612e+02
6734.4803 8.932209e+02 9.718665e+02
6735.7070 9.016294e+02 9.808729e+02
6736.9337 9.520346e+02 1.035557e+03
6738.1605 9.186488e+02 9.990950e+02
6739.3872 8.903225e+02 9.681445e+02
6740.6140 9.354791e+02 1.017096e+03
6741.8407 9.283000e+02 1.009139e+03
6743.0675 8.929625e+02 9.705771e+02
6744.2942 9.062253e+02 9.848427e+02
6745.5209 8.780519e+02 9.540786e+02
6746.7477 8.449718e+02 9.179924e+02
6747.9744 8.442605e+02 9.170771e+02
6749.2012 8.898719e+02 9.664713e+02
6750.4279 8.929543e+02 9.696665e+02
6751.6547 8.637141e+02 9.377659e+02
6752.8814 9.259987e+02 1.005230e+03
6754.1081 9.670621e+02 1.049639e+03
6755.3349 9.377897e+02 1.017704e+03
6756.5616 8.629481e+02 9.363330e+02
6757.7884 8.673723e+02 9.409803e+02
6759.0151 8.801885e+02 9.547280e+02
6760.2418 9.062564e+02 9.828420e+02
6761.4686 8.968381e+02 9.724673e+02
6762.6953 9.326916e+02 1.011177e+03
6763.9221 9.472917e+02 1.026834e+03
6765.1488 9.126419e+02 9.891091e+02
6766.3756 9.253637e+02 1.002728e+03
6767.6023 8.820046e+02 9.555828e+02
6768.8290 9.165912e+02 9.928862e+02
6770.0558 9.561862e+02 1.035601e+03
6771.2825 9.254614e+02 1.002153e+03
6772.5093 8.961246e+02 9.702184e+02
6773.7360 9.380914e+02 1.015480e+03
6774.9628 9.822447e+02 1.063092e+03
6776.1895 1.005102e+03 1.087642e+03
6777.4162 1.007707e+03 1.090271e+03
6778.6430 9.846601e+02 1.065150e+03
6779.8697 9.771031e+02 1.056790e+03
6781.0965 1.016884e+03 1.099622e+03
6782.3232 1.158912e+03 1.252985e+03
6783.5500 2.001674e+03 2.163775e+03
6784.7767 3.998318e+03 4.321346e+03
6786.0034 6.164261e+03 6.661093e+03
6787.2302 8.093501e+03 8.744270e+03
6788.4569 9.808138e+03 1.059488e+04
6789.6837 1.100134e+04 1.188167e+04
6790.9104 1.163748e+04 1.256646e+04
6792.1372 1.118797e+04 1.207889e+04
6793.3639 7.736257e+03 8.350807e+03
6794.5906 3.256379e+03 3.514423e+03
6795.8174 1.371973e+03 1.480424e+03
6797.0441 1.082797e+03 1.168177e+03
6798.2709 9.930496e+02 1.071159e+03
6799.4976 9.696555e+02 1.045735e+03
6800.7243 9.877126e+02 1.065015e+03
6801.9511 9.708653e+02 1.046658e+03
6803.1778 9.492805e+02 1.023202e+03
6804.4046 9.373281e+02 1.010134e+03
6805.6313 9.588858e+02 1.033177e+03
6806.8581 1.017914e+03 1.096578e+03
6808.0848 1.021530e+03 1.100272e+03
6809.3115 1.089582e+03 1.173354e+03
6810.5383 1.082229e+03 1.165222e+03
6811.7650 1.041275e+03 1.120922e+03
6812.9918 1.062875e+03 1.143964e+03
6814.2185 1.069118e+03 1.150472e+03
6815.4453 9.551644e+02 1.027659e+03
6816.6720 8.846907e+02 9.516614e+02
6817.8987 8.968524e+02 9.645665e+02
6819.1255 9.265569e+02 9.963308e+02
6820.3522 8.912839e+02 9.582256e+02
6821.5790 8.601318e+02 9.245641e+02
6822.8057 9.289188e+02 9.983207e+02
6824.0325 9.087498e+02 9.764658e+02
6825.2592 8.318967e+02 8.937222e+02
6826.4859 8.876317e+02 9.534248e+02
6827.7127 8.796808e+02 9.447117e+02
6828.9394 7.818794e+02 8.395269e+02
6830.1662 8.393101e+02 9.010273e+02
6831.3929 7.828412e+02 8.402529e+02
6832.6197 8.226481e+02 8.828184e+02
6833.8464 8.325038e+02 8.932324e+02
6835.0731 7.926874e+02 8.503572e+02
6836.2999 7.661465e+02 8.217363e+02
6837.5266 8.728359e+02 9.359976e+02
6838.7534 8.911380e+02 9.554514e+02
6839.9801 8.437225e+02 9.044509e+02
6841.2068 8.213785e+02 8.803403e+02
6842.4336 8.001002e+02 8.573806e+02
6843.6603 7.609155e+02 8.152446e+02
6844.8871 8.257414e+02 8.845410e+02
6846.1138 8.689377e+02 9.306475e+02
6847.3406 8.343835e+02 8.934805e+02
6848.5673 8.508992e+02 9.110045e+02
6849.7940 8.676018e+02 9.287228e+02
6851.0208 8.102526e+02 8.671807e+02
6852.2475 7.847399e+02 8.397280e+02
6853.4743 8.286252e+02 8.865332e+02
6854.7010 8.694355e+02 9.300333e+02
6855.9278 8.667210e+02 9.269685e+02
6857.1545 8.257098e+02 8.829536e+02
6858.3812 7.775673e+02 8.313301e+02
6859.6080 7.483922e+02 8.000002e+02
6860.8347 7.474592e+02 7.988662e+02
6862.0615 7.197974e+02 7.691709e+02
6863.2882 7.587051e+02 8.106099e+02
6864.5150 7.821359e+02 8.355024e+02
6865.7417 7.190171e+02 7.679478e+02
6866.9684 6.581746e+02 7.028472e+02
6868.1952 6.996915e+02 7.470576e+02
6869.4219 5.695395e+02 6.079941e+02
6870.6487 5.603524e+02 5.980881e+02
6871.8754 5.854920e+02 6.248184e+02
6873.1022 5.782799e+02 6.170212e+02
6874.3289 6.239915e+02 6.656873e+02
6875.5556 6.077361e+02 6.482412e+02
6876.7824 6.628109e+02 7.068735e+02
6878.0091 7.065417e+02 7.533916e+02
6879.2359 6.942938e+02 7.402144e+02
6880.4626 6.995067e+02 7.456549e+02
6881.6893 7.137214e+02 7.606886e+02
6882.9161 7.372141e+02 7.856055e+02
6884.1428 7.039050e+02 7.499944e+02
6885.3696 6.836881e+02 7.283425e+02
6886.5963 7.394931e+02 7.876729e+02
6887.8231 6.792022e+02 7.233450e+02
6889.0498 7.043452e+02 7.500100e+02
6890.2765 7.229753e+02 7.697339e+02
6891.5033 6.585546e+02 7.010437e+02
6892.7300 6.422076e+02 6.835425e+02
6893.9568 6.885388e+02 7.327498e+02
6895.1835 7.382375e+02 7.855272e+02
6896.4103 7.675083e+02 8.165571e+02
6897.6370 7.524504e+02 8.004243e+02
6898.8637 7.581587e+02 8.063843e+02
6900.0905 7.457270e+02 7.930525e+02
6901.3172 7.572008e+02 8.051445e+02
6902.5440 7.338290e+02 7.801875e+02
6903.7707 7.815938e+02 8.308586e+02
6904.9975 7.682403e+02 8.165554e+02
6906.2242 8.096905e+02 8.604999e+02
6907.4509 8.336440e+02 8.858420e+02
6908.6777 8.220674e+02 8.734290e+02
6909.9044 8.600707e+02 9.136912e+02
6911.1312 8.340491e+02 8.859368e+02
6912.3579 8.416041e+02 8.938516e+02
6913.5847 7.590659e+02 8.060913e+02
6914.8114 7.255708e+02 7.704287e+02
6916.0381 7.107415e+02 7.545933e+02
6917.2649 7.134538e+02 7.573845e+02
6918.4916 7.299039e+02 7.747583e+02
6919.7184 7.786849e+02 8.264434e+02
6920.9451 7.502072e+02 7.961301e+02
6922.1719 7.298087e+02 7.743977e+02
6923.3986 7.267717e+02 7.710918e+02
6924.6253 7.875029e+02 8.354375e+02
6925.8521 8.130494e+02 8.624487e+02
6927.0788 6.957070e+02 7.379009e+02
6928.3056 6.966481e+02 7.388245e+02
6929.5323 7.415205e+02 7.863354e+02
6930.7590 7.620268e+02 8.080024e+02
6931.9858 7.617742e+02 8.076575e+02
6933.2125 8.808301e+02 9.337970e+02
6934.4393 7.228166e+02 7.662114e+02
6935.6660 7.634702e+02 8.092332e+02
6936.8928 7.854689e+02 8.324773e+02
6938.1195 7.926518e+02 8.400181e+02
6939.3462 7.861243e+02 8.330308e+02
6940.5730 7.435048e+02 7.878037e+02
6941.7997 7.782830e+02 8.245884e+02
6943.0265 8.735582e+02 9.254602e+02
6944.2532 1.008576e+03 1.068419e+03
6945.4800 1.110494e+03 1.176298e+03
6946.7067 1.149964e+03 1.218020e+03
6947.9334 1.201126e+03 1.272122e+03
6949.1602 1.266168e+03 1.340918e+03
6950.3869 1.214880e+03 1.286518e+03
6951.6137 1.096464e+03 1.161047e+03
6952.8404 9.395117e+02 9.947898e+02
6954.0672 8.374053e+02 8.866240e+02
6955.2939 8.025366e+02 8.496582e+02
6956.5206 7.947155e+02 8.413326e+02
6957.7474 8.342195e+02 8.831084e+02
6958.9741 9.187471e+02 9.725417e+02
6960.2009 1.087378e+03 1.150993e+03
6961.4276 1.042619e+03 1.103565e+03
6962.6544 1.065262e+03 1.127485e+03
6963.8811 1.109702e+03 1.174473e+03
6965.1078 1.141315e+03 1.207886e+03
6966.3346 1.149660e+03 1.216675e+03
6967.5613 9.680241e+02 1.024418e+03
6968.7881 8.162410e+02 8.637664e+02
6970.0148 7.599091e+02 8.041321e+02
6971.2415 7.554828e+02 7.994280e+02
6972.4683 7.557261e+02 7.996672e+02
6973.6950 7.732311e+02 8.181733e+02
6974.9218 7.782661e+02 8.234863e+02
6976.1485 8.161107e+02 8.635166e+02
6977.3753 7.941811e+02 8.403025e+02
6978.6020 7.512770e+02 7.948987e+02
6979.8287 7.469135e+02 7.902759e+02
6981.0555 7.394603e+02 7.823860e+02
6982.2822 7.706962e+02 8.154333e+02
6983.5090 8.219397e+02 8.696516e+02
6984.7357 7.914574e+02 8.374023e+02
6985.9625 7.874445e+02 8.331611e+02
6987.1892 8.138250e+02 8.610803e+02
6988.4159 7.708594e+02 8.156289e+02
6989.6427 7.804799e+02 8.258195e+02
6990.8694 7.641384e+02 8.085420e+02
6992.0962 7.314434e+02 7.739619e+02
6993.3229 7.772370e+02 8.224355e+02
6994.5497 7.953024e+02 8.415723e+02
6995.7764 7.716429e+02 8.165588e+02
6997.0031 7.693418e+02 8.141484e+02
6998.2299 7.167314e+02 7.584991e+02
6999.4566 7.359160e+02 7.788297e+02
7000.6834 7.719061e+02 8.169503e+02
7001.9101 7.790804e+02 8.245776e+02
7003.1369 7.253214e+02 7.677134e+02
7004.3636 7.114091e+02 7.530237e+02
7005.5903 7.155711e+02 7.574673e+02
7006.8171 6.834263e+02 7.234790e+02
7008.0438 6.967786e+02 7.376553e+02
7009.2706 7.572568e+02 8.017290e+02
7010.4973 7.305910e+02 7.735452e+02
7011.7240 6.821448e+02 7.222976e+02
7012.9508 7.437489e+02 7.875815e+02
7014.1775 7.849913e+02 8.313137e+02
7015.4043 7.178726e+02 7.602905e+02
7016.6310 6.960723e+02 7.372590e+02
7017.8578 7.123705e+02 7.545820e+02
7019.0845 7.088906e+02 7.509584e+02
7020.3112 6.941014e+02 7.353550e+02
7021.5380 6.919634e+02 7.331554e+02
7022.7647 6.762541e+02 7.165771e+02
7023.9915 6.873717e+02 7.284272e+02
7025.2182 7.231363e+02 7.664036e+02
7026.4450 7.081783e+02 7.506270e+02
7027.6717 7.257155e+02 7.692960e+02
7028.8984 7.850043e+02 8.322351e+02
7030.1252 7.432960e+02 7.881050e+02
7031.3519 7.312605e+02 7.754325e+02
7032.5787 7.355122e+02 7.800327e+02
7033.8054 7.169690e+02 7.604587e+02
7035.0322 7.009830e+02 7.435952e+02
7036.2589 7.108985e+02 7.542092e+02
7037.4856 7.518458e+02 7.977551e+02
7038.7124 7.294117e+02 7.740544e+02
7039.9391 7.283739e+02 7.730588e+02
7041.1659 7.028992e+02 7.461257e+02
7042.3926 7.246674e+02 7.693427e+02
7043.6194 7.134364e+02 7.575303e+02
7044.8461 6.919726e+02 7.348499e+02
7046.0728 6.834942e+02 7.259572e+02
7047.2996 6.517834e+02 6.923845e+02
7048.5263 7.191739e+02 7.640947e+02
7049.7531 7.061088e+02 7.503357e+02
7050.9798 7.317091e+02 7.776687e+02
7052.2065 7.014321e+02 7.456162e+02
7053.4333 7.198517e+02 7.653284e+02
7054.6600 7.070048e+02 7.518022e+02
7055.8868 7.594893e+02 8.077571e+02
7057.1135 7.224457e+02 7.684998e+02
7058.3403 7.318099e+02 7.786057e+02
7059.5670 7.529503e+02 8.012498e+02
7060.7937 7.452391e+02 7.931968e+02
7062.0205 7.465737e+02 7.947732e+02
7063.2472 7.225641e+02 7.693669e+02
7064.4740 6.665074e+02 7.098232e+02
7065.7007 6.761057e+02 7.201938e+02
7066.9275 6.685878e+02 7.123351e+02
7068.1542 6.317754e+02 6.732573e+02
7069.3809 7.107036e+02 7.575317e+02
7070.6077 7.175435e+02 7.649905e+02
7071.8344 7.297115e+02 7.781367e+02
7073.0612 7.514929e+02 8.015453e+02
7074.2879 7.573217e+02 8.079480e+02
7075.5147 7.336208e+02 7.828455e+02
7076.7414 6.762514e+02 7.217976e+02
7077.9681 7.405244e+02 7.905894e+02
7079.1949 7.479800e+02 7.987437e+02
7080.4216 7.421757e+02 7.927412e+02
7081.6484 7.181155e+02 7.672339e+02
7082.8751 7.382367e+02 7.889316e+02
7084.1019 7.099552e+02 7.589033e+02
7085.3286 7.158137e+02 7.653652e+02
7086.5553 6.979034e+02 7.464124e+02
7087.7821 7.133829e+02 7.631719e+02
7089.0088 7.386556e+02 7.904226e+02
7090.2356 7.542498e+02 8.073313e+02
7091.4623 7.310547e+02 7.827213e+02
7092.6890 6.881434e+02 7.369845e+02
7093.9158 7.068777e+02 7.572642e+02
7095.1425 7.189535e+02 7.704226e+02
7096.3693 7.290251e+02 7.814431e+02
7097.5960 7.004623e+02 7.510481e+02
7098.8228 6.629448e+02 7.110333e+02
7100.0495 6.397941e+02 6.864104e+02
7101.2762 7.118919e+02 7.639946e+02
7102.5030 6.643160e+02 7.131567e+02
7103.7297 6.605095e+02 7.092917e+02
7104.9565 7.226930e+02 7.763127e+02
7106.1832 6.946191e+02 7.463939e+02
7107.4100 6.768724e+02 7.275588e+02
7108.6367 6.917338e+02 7.437754e+02
7109.8634 6.945169e+02 7.470137e+02
7111.0902 7.058869e+02 7.594956e+02
7112.3169 6.765256e+02 7.281490e+02
7113.5437 6.929578e+02 7.460881e+02
7114.7704 7.175893e+02 7.728730e+02
7115.9972 7.510687e+02 8.092117e+02
7117.2239 7.222557e+02 7.784401e+02
7118.4506 6.865435e+02 7.402109e+02
7119.6774 7.027363e+02 7.579395e+02
7120.9041 6.890345e+02 7.434285e+02
7122.1309 7.044861e+02 7.603757e+02
7123.3576 7.268994e+02 7.848545e+02
7124.5844 7.061483e+02 7.627307e+02
7125.8111 6.881701e+02 7.435891e+02
7127.0378 7.483314e+02 8.088994e+02
7128.2646 6.752578e+02 7.301885e+02
7129.4913 7.036175e+02 7.611464e+02
7130.7181 6.812881e+02 7.372759e+02
7131.9448 7.735344e+02 8.374288e+02
7133.1716 7.765893e+02 8.410663e+02
7134.3983 8.311981e+02 9.005654e+02
7135.6250 7.265064e+02 7.874509e+02
7136.8518 7.479183e+02 8.109854e+02
7138.0785 7.212993e+02 7.824390e+02
7139.3053 7.081663e+02 7.685068e+02
7140.5320 6.932592e+02 7.526396e+02
7141.7587 7.317423e+02 7.947489e+02
7142.9855 6.810793e+02 7.400332e+02
7144.2122 7.049579e+02 7.663018e+02
7145.4390 7.111992e+02 7.734146e+02
7146.6657 6.292746e+02 6.846162e+02
7147.8925 6.559492e+02 7.139443e+02
7149.1192 6.567236e+02 7.150977e+02
7150.3459 6.423054e+02 6.997039e+02
7151.5727 6.893365e+02 7.512686e+02
7152.7994 6.374355e+02 6.950129e+02
7154.0262 6.454996e+02 7.041198e+02
7155.2529 6.766180e+02 7.383961e+02
7156.4797 5.860542e+02 6.398530e+02
7157.7064 6.643149e+02 7.256285e+02
7158.9331 7.344572e+02 8.026128e+02
7160.1599 6.328984e+02 6.919491e+02
7161.3866 6.424103e+02 7.026749e+02
7162.6134 7.013261e+02 7.674766e+02
7163.8401 6.765369e+02 7.406978e+02
7165.0669 6.782069e+02 7.428779e+02
7166.2936 6.055899e+02 6.636526e+02
7167.5203 6.046572e+02 6.629482e+02
7168.7471 6.270697e+02 6.878530e+02
7169.9738 5.701204e+02 6.256870e+02
7171.2006 6.267141e+02 6.881323e+02
7172.4273 6.740483e+02 7.404688e+02
7173.6541 6.335681e+02 6.963433e+02
7174.8808 5.958416e+02 6.552040e+02
7176.1075 5.924666e+02 6.518181e+02
7177.3343 6.417828e+02 7.064292e+02
7178.5610 5.864708e+02 6.458715e+02
7179.7878 5.440912e+02 5.995037e+02
7181.0145 5.695319e+02 6.278555e+02
7182.2412 6.115247e+02 6.744944e+02
7183.4680 6.094205e+02 6.725200e+02
7184.6947 5.852297e+02 6.461592e+02
7185.9215 5.759518e+02 6.362466e+02
7187.1482 6.257892e+02 6.916631e+02
7188.3750 6.483637e+02 7.169908e+02
7189.6017 5.778362e+02 6.393359e+02
7190.8284 5.740861e+02 6.355239e+02
7192.0552 5.631711e+02 6.237734e+02
7193.2819 5.757316e+02 6.380273e+02
7194.5087 5.881104e+02 6.520964e+02
7195.7354 6.145674e+02 6.818005e+02
7196.9622 6.398096e+02 7.101897e+02
7198.1889 6.232363e+02 6.921707e+02
7199.4156 6.506058e+02 7.229634e+02
7200.6424 5.874992e+02 6.531975e+02
7201.8691 5.621508e+02 6.253599e+02
7203.0959 6.146112e+02 6.840983e+02
7204.3226 5.868959e+02 6.536134e+02
7205.5494 5.783438e+02 6.444492e+02
7206.7761 6.005377e+02 6.695555e+02
7208.0028 6.478192e+02 7.226780e+02
7209.2296 6.858473e+02 7.655332e+02
7210.4563 7.086624e+02 7.914482e+02
7211.6831 6.958204e+02 7.775488e+02
7212.9098 6.579027e+02 7.355979e+02
7214.1366 6.651014e+02 7.440735e+02
7215.3633 6.846929e+02 7.664324e+02
7216.5900 6.612964e+02 7.406704e+02
7217.8168 6.704175e+02 7.513215e+02
7219.0435 6.604712e+02 7.406055e+02
7220.2703 6.391919e+02 7.171626e+02
7221.4970 6.420129e+02 7.207493e+02
7222.7237 6.462926e+02 7.259797e+02
7223.9505 6.703221e+02 7.534155e+02
7225.1772 6.746516e+02 7.587295e+02
7226.4040 6.663791e+02 7.498699e+02
7227.6307 6.315288e+02 7.110752e+02
7228.8575 6.757632e+02 7.613345e+02
7230.0842 6.522902e+02 7.353279e+02
7231.3109 6.594628e+02 7.438586e+02
7232.5377 6.568765e+02 7.413861e+02
7233.7644 6.161500e+02 6.958384e+02
7234.9912 5.592600e+02 6.319717e+02
7236.2179 5.329235e+02 6.025752e+02
7237.4447 5.450760e+02 6.166895e+02
7238.6714 6.038547e+02 6.836055e+02
7239.8981 6.637635e+02 7.518838e+02
7241.1249 5.892911e+02 6.679316e+02
7242.3516 4.929171e+02 5.590381e+02
7243.5784 5.382606e+02 6.108379e+02
7244.8051 5.469133e+02 6.210381e+02
7246.0319 5.589753e+02 6.351250e+02
7247.2586 5.267155e+02 5.988389e+02
7248.4853 6.720478e+02 7.645430e+02
7249.7121 6.650503e+02 7.570498e+02
7250.9388 5.527864e+02 6.296453e+02
7252.1656 5.488698e+02 6.255715e+02
7253.3923 5.955022e+02 6.791418e+02
7254.6191 5.798234e+02 6.616719e+02
7255.8458 5.839784e+02 6.668281e+02
7257.0725 5.575828e+02 6.370845e+02
7258.2993 5.433896e+02 6.212549e+02
7259.5260 5.967823e+02 6.827246e+02
7260.7528 5.949242e+02 6.810244e+02
7261.9795 5.548542e+02 6.355527e+02
7263.2062 5.754635e+02 6.595723e+02
7264.4330 5.926555e+02 6.797029e+02
7265.6597 5.897123e+02 6.767517e+02
7266.8865 6.084228e+02 6.986621e+02
7268.1132 6.073125e+02 6.978252e+02
7269.3400 6.484608e+02 7.455745e+02
7270.5667 5.507383e+02 6.336152e+02
7271.7934 4.218211e+02 4.856035e+02
7273.0202 5.945457e+02 6.848760e+02
7274.2469 6.016001e+02 6.934385e+02
7275.4737 4.896255e+02 5.647256e+02
7276.7004 5.437171e+02 6.275088e+02
7277.9272 5.231340e+02 6.041338e+02
7279.1539 4.609977e+02 5.327119e+02
7280.3806 4.683720e+02 5.415742e+02
7281.6074 5.734092e+02 6.634453e+02
7282.8341 6.296611e+02 7.289883e+02
7284.0609 6.090004e+02 7.055122e+02
7285.2876 5.821506e+02 6.748315e+02
7286.5144 6.446706e+02 7.477749e+02
7287.7411 5.797252e+02 6.728652e+02
7288.9678 6.008897e+02 6.978682e+02
7290.1946 6.522079e+02 7.579441e+02
7291.4213 6.031482e+02 7.013704e+02
7292.6481 6.426161e+02 7.477339e+02
7293.8748 5.818344e+02 6.774336e+02
7295.1016 6.225840e+02 7.253320e+02
7296.3283 6.751989e+02 7.871216e+02
7297.5550 6.569010e+02 7.662686e+02
7298.7818 5.728002e+02 6.685823e+02
7300.0085 5.005784e+02 5.846475e+02
7301.2353 5.499880e+02 6.427544e+02
7302.4620 6.119984e+02 7.156680e+02
7303.6887 6.159260e+02 7.207073e+02
7304.9155 6.371887e+02 7.460486e+02
7306.1422 6.793926e+02 7.959541e+02
7307.3690 6.960372e+02 8.159570e+02
7308.5957 7.001360e+02 8.212671e+02
7309.8225 7.579519e+02 8.896318e+02
7311.0492 7.931570e+02 9.315237e+02
7312.2759 6.701572e+02 7.875479e+02
7313.5027 6.749492e+02 7.936631e+02
7314.7294 6.119866e+02 7.200645e+02
7315.9562 5.210126e+02 6.133965e+02
7317.1829 6.213806e+02 7.320044e+02
7318.4097 6.486928e+02 7.646406e+02
7319.6364 5.902169e+02 6.961318e+02
7320.8631 5.580144e+02 6.585459e+02
7322.0899 6.225657e+02 7.351667e+02
7323.3166 7.145156e+02 8.442512e+02
7324.5434 6.683339e+02 7.901543e+02
7325.7701 6.670154e+02 7.890635e+02
7326.9969 6.661229e+02 7.884736e+02
7328.2236 6.629262e+02 7.851523e+02
7329.4503 6.997572e+02 8.292607e+02
7330.6771 6.580931e+02 7.803423e+02
7331.9038 6.080138e+02 7.213804e+02
7333.1306 6.745789e+02 8.008215e+02
7334.3573 6.061078e+02 7.199529e+02
7335.5841 6.439668e+02 7.653635e+02
7336.8108 6.143156e+02 7.305415e+02
7338.0375 7.961725e+02 9.473457e+02
7339.2643 6.922629e+02 8.241748e+02
7340.4910 7.367708e+02 8.776602e+02
7341.7178 7.596790e+02 9.054590e+02
7342.9445 7.163483e+02 8.542920e+02
7344.1712 6.412517e+02 7.651611e+02
7345.3980 7.058365e+02 8.426934e+02
7346.6247 7.269901e+02 8.684277e+02
7347.8515 6.746349e+02 8.063296e+02
7349.0782 6.630123e+02 7.928711e+02
7350.3050 6.696201e+02 8.012083e+02
7351.5317 6.766292e+02 8.100322e+02
7352.7584 7.034871e+02 8.426377e+02
7353.9852 6.939465e+02 8.316538e+02
7355.2119 7.117932e+02 8.534946e+02
7356.4387 7.139894e+02 8.565796e+02
7357.6654 6.357850e+02 7.631567e+02
7358.8922 6.557463e+02 7.875269e+02
7360.1189 6.610840e+02 7.943477e+02
7361.3456 6.951087e+02 8.356602e+02
7362.5724 6.362136e+02 7.652463e+02
7363.7991 6.079702e+02 7.316450e+02
7365.0259 5.632104e+02 6.781206e+02
7366.2526 6.326461e+02 7.621030e+02
7367.4794 6.626354e+02 7.986240e+02
7368.7061 6.764803e+02 8.157104e+02
7369.9328 6.914753e+02 8.341978e+02
7371.1596 7.234481e+02 8.731914e+02
7372.3863 7.125850e+02 8.604917e+02
7373.6131 6.300927e+02 7.612383e+02
7374.8398 6.396609e+02 7.731616e+02
7376.0666 7.598046e+02 9.188083e+02
7377.2933 7.326073e+02 8.863289e+02
7378.5200 7.516968e+02 9.098401e+02
7379.7468 7.217220e+02 8.739551e+02
7380.9735 8.803293e+02 1.066496e+03
7382.2003 8.766187e+02 1.062472e+03
7383.4270 8.544838e+02 1.036100e+03
7384.6538 8.415721e+02 1.020888e+03
7385.8805 8.346165e+02 1.012886e+03
7387.1072 6.946113e+02 8.433352e+02
7388.3340 5.846175e+02 7.100891e+02
7389.5607 5.518453e+02 6.705620e+02
7390.7875 6.261546e+02 7.611699e+02
7392.0142 6.475607e+02 7.875112e+02
7393.2409 6.601614e+02 8.031570e+02
7394.4677 6.146412e+02 7.480728e+02
7395.6944 6.379257e+02 7.767153e+02
7396.9212 6.557835e+02 7.987661e+02
7398.1479 6.911360e+02 8.421465e+02
7399.3747 7.069344e+02 8.617197e+02
7400.6014 6.451732e+02 7.867261e+02
7401.8281 7.292988e+02 8.896328e+02
7403.0549 6.660527e+02 8.127734e+02
7404.2816 6.376564e+02 7.783965e+02
7405.5084 6.587243e+02 8.043936e+02
7406.7351 6.151385e+02 7.514258e+02
7407.9619 6.023078e+02 7.359995e+02
7409.1886 6.590522e+02 8.056050e+02
7410.4153 6.424051e+02 7.855107e+02
7411.6421 6.240022e+02 7.632512e+02
7412.8688 6.488002e+02 7.938308e+02
7414.0956 6.286235e+02 7.693796e+02
7415.3223 6.844667e+02 8.379783e+02
7416.5491 6.734974e+02 8.247915e+02
7417.7758 6.491643e+02 7.952212e+02
7419.0025 6.511257e+02 7.978486e+02
7420.2293 6.495420e+02 7.961274e+02
7421.4560 6.496615e+02 7.964883e+02
7422.6828 6.619286e+02 8.117412e+02
7423.9095 6.465361e+02 7.930684e+02
7425.1363 6.689799e+02 8.208040e+02
7426.3630 6.479420e+02 7.951851e+02
7427.5897 6.877853e+02 8.442825e+02
7428.8165 6.534466e+02 8.023152e+02
7430.0432 6.464579e+02 7.939119e+02
7431.2700 6.700408e+02 8.230522e+02
7432.4967 6.926355e+02 8.509854e+02
7433.7234 6.150176e+02 7.557761e+02
7434.9502 6.478934e+02 7.963325e+02
7436.1769 5.804381e+02 7.135576e+02
7437.4037 6.093499e+02 7.492368e+02
7438.6304 6.652578e+02 8.181228e+02
7439.8572 6.809335e+02 8.375415e+02
7441.0839 5.692344e+02 7.002656e+02
7442.3106 6.326570e+02 7.784072e+02
7443.5374 6.748261e+02 8.304131e+02
7444.7641 6.316949e+02 7.774460e+02
7445.9909 6.291528e+02 7.744199e+02
7447.2176 6.687242e+02 8.232310e+02
7448.4444 7.028902e+02 8.653926e+02
7449.6711 7.188992e+02 8.852002e+02
7450.8978 6.887692e+02 8.481873e+02
7452.1246 6.614849e+02 8.146653e+02
7453.3513 6.714381e+02 8.269958e+02
7454.5781 6.130681e+02 7.551631e+02
7455.8048 6.309300e+02 7.772212e+02
7457.0316 6.534568e+02 8.050232e+02
7458.2583 6.866903e+02 8.460132e+02
7459.4850 6.835559e+02 8.421929e+02
7460.7118 6.398043e+02 7.883201e+02
7461.9385 7.018145e+02 8.647534e+02
7463.1653 6.661992e+02 8.208904e+02
7464.3920 6.083958e+02 7.496782e+02
7465.6188 6.462629e+02 7.963467e+02
7466.8455 6.687042e+02 8.240010e+02
7468.0722 5.847529e+02 7.205486e+02
7469.2990 5.997125e+02 7.389717e+02
7470.5257 3.287278e+02 4.050525e+02
7471.7525 0.000000e+00 0.000000e+00
7472.9792 0.000000e+00 0.000000e+00
7474.2059 0.000000e+00 0.000000e+00
7475.4327 0.000000e+00 0.000000e+00
