# EP260321a HET LRS2-B spectrum, 2026-03-25
# observed_wavelength[A] F_lambda[10^-17 erg/s/cm^2/A]
3650.0000 4.71618039e+01
3650.7000 4.67214753e+01
3651.4000 4.63435070e+01
3652.1000 4.80632550e+01
3652.8000 4.61811673e+01
3653.5000 4.67927194e+01
3654.2000 4.42483652e+01
3654.9000 4.93207625e+01
3655.6000 4.84211853e+01
3656.3000 4.73357122e+01
3657.0000 4.52494746e+01
3657.7000 4.48319077e+01
3658.4000 4.89994343e+01
3659.1000 4.85419077e+01
3659.8000 5.01930488e+01
3660.5000 4.33347551e+01
3661.2000 5.02562739e+01
3661.9000 4.79057297e+01
3662.6000 5.03320035e+01
3663.3000 4.93135260e+01
3664.0000 4.44985114e+01
3664.7000 4.48432348e+01
3665.4000 4.50103001e+01
3666.1000 4.55537816e+01
3666.8000 4.18197781e+01
3667.5000 4.06314730e+01
3668.2000 4.20725448e+01
3668.9000 4.57544738e+01
3669.6000 4.38827413e+01
3670.3000 4.64567055e+01
3671.0000 4.34347457e+01
3671.7000 4.30277578e+01
3672.4000 4.16103853e+01
3673.1000 4.70716586e+01
3673.8000 4.91733506e+01
3674.5000 4.20531830e+01
3675.2000 4.33458372e+01
3675.9000 4.23321201e+01
3676.6000 4.59623234e+01
3677.3000 4.53549994e+01
3678.0000 3.77126240e+01
3678.7000 4.22843327e+01
3679.4000 4.54269838e+01
3680.1000 4.53377032e+01
3680.8000 4.50580898e+01
3681.5000 4.55605586e+01
3682.2000 4.30069455e+01
3682.9000 4.19787188e+01
3683.6000 4.51210414e+01
3684.3000 4.62648110e+01
3685.0000 4.56913775e+01
3685.7000 4.84237987e+01
3686.4000 4.76252422e+01
3687.1000 4.52220682e+01
3687.8000 4.39058509e+01
3688.5000 4.49375850e+01
3689.2000 4.19306582e+01
3689.9000 4.25829033e+01
3690.6000 4.29200246e+01
3691.3000 4.08504139e+01
3692.0000 4.47477816e+01
3692.7000 4.16108950e+01
3693.4000 4.43674698e+01
3694.1000 4.41284903e+01
3694.8000 4.28669801e+01
3695.5000 4.31135361e+01
3696.2000 4.20428659e+01
3696.9000 4.51184337e+01
3697.6000 4.41175386e+01
3698.3000 4.37568866e+01
3699.0000 4.26726936e+01
3699.7000 4.20526664e+01
3700.4000 4.51401425e+01
3701.1000 4.58757058e+01
3701.8000 4.39001713e+01
3702.5000 4.39628282e+01
3703.2000 4.19301991e+01
3703.9000 4.20434405e+01
3704.6000 4.17663244e+01
3705.3000 4.28001577e+01
3706.0000 4.55438828e+01
3706.7000 4.47516098e+01
3707.4000 4.37450123e+01
3708.1000 4.66561318e+01
3708.8000 4.56254359e+01
3709.5000 4.66326014e+01
3710.2000 4.24141766e+01
3710.9000 4.21324648e+01
3711.6000 4.40469288e+01
3712.3000 4.43799395e+01
3713.0000 4.56252927e+01
3713.7000 4.40446931e+01
3714.4000 4.42894680e+01
3715.1000 4.43712472e+01
3715.8000 4.39033718e+01
3716.5000 4.39780187e+01
3717.2000 4.32226449e+01
3717.9000 4.63868998e+01
3718.6000 4.27674271e+01
3719.3000 4.31314547e+01
3720.0000 4.36788975e+01
3720.7000 4.36170340e+01
3721.4000 4.52439028e+01
3722.1000 4.41656296e+01
3722.8000 4.45818077e+01
3723.5000 4.44587418e+01
3724.2000 4.38396116e+01
3724.9000 4.37899824e+01
3725.6000 4.30330576e+01
3726.3000 4.42835171e+01
3727.0000 4.44502455e+01
3727.7000 4.51466416e+01
3728.4000 4.36159035e+01
3729.1000 4.34140178e+01
3729.8000 4.49370225e+01
3730.5000 4.01713964e+01
3731.2000 4.24227219e+01
3731.9000 4.20459015e+01
3732.6000 4.31874918e+01
3733.3000 4.26757376e+01
3734.0000 3.88886675e+01
3734.7000 3.14012698e+01
3735.4000 2.73663282e+01
3736.1000 2.89195900e+01
3736.8000 3.38154868e+01
3737.5000 3.92033876e+01
3738.2000 4.57736068e+01
3738.9000 4.40015640e+01
3739.6000 4.14366384e+01
3740.3000 4.27794778e+01
3741.0000 4.19937926e+01
3741.7000 4.44059242e+01
3742.4000 4.50907224e+01
3743.1000 4.41530797e+01
3743.8000 4.33653136e+01
3744.5000 4.41646191e+01
3745.2000 4.34790716e+01
3745.9000 4.48030270e+01
3746.6000 4.39075214e+01
3747.3000 4.52891719e+01
3748.0000 4.43127411e+01
3748.7000 4.49078184e+01
3749.4000 4.38435188e+01
3750.1000 4.28379471e+01
3750.8000 4.18941594e+01
3751.5000 4.05515654e+01
3752.2000 4.21558232e+01
3752.9000 4.40092918e+01
3753.6000 4.40716868e+01
3754.3000 4.39639139e+01
3755.0000 4.63129000e+01
3755.7000 4.38763770e+01
3756.4000 4.39561713e+01
3757.1000 4.28367577e+01
3757.8000 4.57941312e+01
3758.5000 4.91450012e+01
3759.2000 4.59286241e+01
3759.9000 4.62785899e+01
3760.6000 4.51974336e+01
3761.3000 4.35663754e+01
3762.0000 4.46801842e+01
3762.7000 4.34419986e+01
3763.4000 4.65634600e+01
3764.1000 4.62566996e+01
3764.8000 4.51782861e+01
3765.5000 4.29197971e+01
3766.2000 4.44816665e+01
3766.9000 4.55705478e+01
3767.6000 4.51249839e+01
3768.3000 4.34929028e+01
3769.0000 4.69928330e+01
3769.7000 4.41480694e+01
3770.4000 4.68613121e+01
3771.1000 4.56511986e+01
3771.8000 4.54911766e+01
3772.5000 4.81547889e+01
3773.2000 4.69631884e+01
3773.9000 4.72737050e+01
3774.6000 4.44056904e+01
3775.3000 4.69867206e+01
3776.0000 4.58519978e+01
3776.7000 4.33759912e+01
3777.4000 4.47334756e+01
3778.1000 4.73868067e+01
3778.8000 4.52054730e+01
3779.5000 4.74207587e+01
3780.2000 4.60617147e+01
3780.9000 4.44196166e+01
3781.6000 4.43633018e+01
3782.3000 4.60345818e+01
3783.0000 4.80740389e+01
3783.7000 4.46034535e+01
3784.4000 4.67951244e+01
3785.1000 4.76401875e+01
3785.8000 4.53072841e+01
3786.5000 4.61617506e+01
3787.2000 4.64107225e+01
3787.9000 4.51966620e+01
3788.6000 4.45999143e+01
3789.3000 4.41664578e+01
3790.0000 4.71797593e+01
3790.7000 4.54693220e+01
3791.4000 4.56802663e+01
3792.1000 4.82807552e+01
3792.8000 5.00752714e+01
3793.5000 4.83477907e+01
3794.2000 4.60586664e+01
3794.9000 4.30022791e+01
3795.6000 4.53793124e+01
3796.3000 4.64071190e+01
3797.0000 4.90451846e+01
3797.7000 4.59354919e+01
3798.4000 4.57476196e+01
3799.1000 4.58565750e+01
3799.8000 4.69569780e+01
3800.5000 4.87311438e+01
3801.2000 4.67490579e+01
3801.9000 4.92653095e+01
3802.6000 4.67803016e+01
3803.3000 4.44669392e+01
3804.0000 4.58293236e+01
3804.7000 4.44253764e+01
3805.4000 4.60301068e+01
3806.1000 4.51517065e+01
3806.8000 4.48847187e+01
3807.5000 4.47662342e+01
3808.2000 4.53781619e+01
3808.9000 4.91821722e+01
3809.6000 4.84289037e+01
3810.3000 4.86961759e+01
3811.0000 4.56790535e+01
3811.7000 4.45930459e+01
3812.4000 4.97927203e+01
3813.1000 4.85730826e+01
3813.8000 4.53877913e+01
3814.5000 4.98371676e+01
3815.2000 5.03836177e+01
3815.9000 4.58921932e+01
3816.6000 4.60134873e+01
3817.3000 4.77072302e+01
3818.0000 4.70087998e+01
3818.7000 4.71242067e+01
3819.4000 4.51453171e+01
3820.1000 4.69966437e+01
3820.8000 4.89201396e+01
3821.5000 4.97246792e+01
3822.2000 4.99462158e+01
3822.9000 4.65442140e+01
3823.6000 4.90995231e+01
3824.3000 4.77999748e+01
3825.0000 4.71287905e+01
3825.7000 4.59541331e+01
3826.4000 4.51927160e+01
3827.1000 4.47059729e+01
3827.8000 4.50354997e+01
3828.5000 4.86826303e+01
3829.2000 4.88749490e+01
3829.9000 4.84037059e+01
3830.6000 4.75918760e+01
3831.3000 5.16380230e+01
3832.0000 5.21603196e+01
3832.7000 4.77720359e+01
3833.4000 4.69902503e+01
3834.1000 4.74394243e+01
3834.8000 4.77752842e+01
3835.5000 4.76756028e+01
3836.2000 4.56417042e+01
3836.9000 4.63613689e+01
3837.6000 4.85131419e+01
3838.3000 4.96201226e+01
3839.0000 5.13878473e+01
3839.7000 5.49999255e+01
3840.4000 5.10211042e+01
3841.1000 4.70508729e+01
3841.8000 4.46623126e+01
3842.5000 4.71880646e+01
3843.2000 4.45069697e+01
3843.9000 4.45923170e+01
3844.6000 4.55371621e+01
3845.3000 4.54412351e+01
3846.0000 4.75201214e+01
3846.7000 4.83393324e+01
3847.4000 4.77236185e+01
3848.1000 4.72195548e+01
3848.8000 5.08046966e+01
3849.5000 5.33783444e+01
3850.2000 5.26197450e+01
3850.9000 4.63395984e+01
3851.6000 4.66484198e+01
3852.3000 4.73183491e+01
3853.0000 6.59870109e+01
3853.7000 1.10829781e+02
3854.4000 1.20535059e+02
3855.1000 8.40565712e+01
3855.8000 8.26084956e+01
3856.5000 1.29442412e+02
3857.2000 1.46168869e+02
3857.9000 1.01979208e+02
3858.6000 5.59750903e+01
3859.3000 4.79656308e+01
3860.0000 4.61883237e+01
3860.7000 4.63309269e+01
3861.4000 4.68993001e+01
3862.1000 4.91059845e+01
3862.8000 4.93241922e+01
3863.5000 4.78431551e+01
3864.2000 4.58113387e+01
3864.9000 4.37132322e+01
3865.6000 4.28030975e+01
3866.3000 4.52523412e+01
3867.0000 4.72754613e+01
3867.7000 4.76279358e+01
3868.4000 4.62509795e+01
3869.1000 4.61369504e+01
3869.8000 4.71423987e+01
3870.5000 4.90512846e+01
3871.2000 4.76573162e+01
3871.9000 4.65891183e+01
3872.6000 4.83894825e+01
3873.3000 4.70761131e+01
3874.0000 4.53229680e+01
3874.7000 4.45773541e+01
3875.4000 4.65318447e+01
3876.1000 4.66372522e+01
3876.8000 4.75799041e+01
3877.5000 4.96587776e+01
3878.2000 5.05896998e+01
3878.9000 5.19601514e+01
3879.6000 4.86796498e+01
3880.3000 4.54609926e+01
3881.0000 4.70495494e+01
3881.7000 4.69239138e+01
3882.4000 5.03491153e+01
3883.1000 4.71942985e+01
3883.8000 4.63477235e+01
3884.5000 4.56320295e+01
3885.2000 4.60681855e+01
3885.9000 4.62385304e+01
3886.6000 4.69889222e+01
3887.3000 4.57363013e+01
3888.0000 4.54507487e+01
3888.7000 4.59347233e+01
3889.4000 4.59657213e+01
3890.1000 4.74040988e+01
3890.8000 4.70362243e+01
3891.5000 4.51770269e+01
3892.2000 4.66900578e+01
3892.9000 4.57006369e+01
3893.6000 4.44290030e+01
3894.3000 4.37978229e+01
3895.0000 4.55290956e+01
3895.7000 4.34418746e+01
3896.4000 4.34425056e+01
3897.1000 4.50013311e+01
3897.8000 4.51644405e+01
3898.5000 4.51392240e+01
3899.2000 4.88300114e+01
3899.9000 5.25054927e+01
3900.6000 5.39361576e+01
3901.3000 4.89468555e+01
3902.0000 4.43963368e+01
3902.7000 4.67878728e+01
3903.4000 4.50586296e+01
3904.1000 4.29097997e+01
3904.8000 4.46982052e+01
3905.5000 4.69076033e+01
3906.2000 4.58356502e+01
3906.9000 4.66903823e+01
3907.6000 4.66409561e+01
3908.3000 4.35937346e+01
3909.0000 4.57858188e+01
3909.7000 4.46679563e+01
3910.4000 4.45532944e+01
3911.1000 4.46561715e+01
3911.8000 4.52968273e+01
3912.5000 4.61397844e+01
3913.2000 4.50953303e+01
3913.9000 4.61895470e+01
3914.6000 4.53955761e+01
3915.3000 4.46493871e+01
3916.0000 4.38202736e+01
3916.7000 4.56827316e+01
3917.4000 4.32480171e+01
3918.1000 4.31319876e+01
3918.8000 4.43136957e+01
3919.5000 4.03277805e+01
3920.2000 4.22004574e+01
3920.9000 4.23283720e+01
3921.6000 4.02121939e+01
3922.3000 4.23113230e+01
3923.0000 4.56840369e+01
3923.7000 4.44725339e+01
3924.4000 4.84981869e+01
3925.1000 4.72210517e+01
3925.8000 4.59580172e+01
3926.5000 4.51504751e+01
3927.2000 4.91530145e+01
3927.9000 5.47064996e+01
3928.6000 5.62882673e+01
3929.3000 5.32547099e+01
3930.0000 4.85843661e+01
3930.7000 4.62238142e+01
3931.4000 4.65388184e+01
3932.1000 4.56937454e+01
3932.8000 4.66312916e+01
3933.5000 4.55981587e+01
3934.2000 4.14488692e+01
3934.9000 4.09742002e+01
3935.6000 4.29843646e+01
3936.3000 4.50208196e+01
3937.0000 4.73085984e+01
3937.7000 4.91938929e+01
3938.4000 4.72018075e+01
3939.1000 4.66725413e+01
3939.8000 4.50297280e+01
3940.5000 4.77353276e+01
3941.2000 4.82272660e+01
3941.9000 4.74151014e+01
3942.6000 4.74406418e+01
3943.3000 4.72258755e+01
3944.0000 4.72068131e+01
3944.7000 4.56879743e+01
3945.4000 4.63406533e+01
3946.1000 4.62628040e+01
3946.8000 4.65151995e+01
3947.5000 4.73505807e+01
3948.2000 4.69620625e+01
3948.9000 4.67839083e+01
3949.6000 4.70764085e+01
3950.3000 4.69460009e+01
3951.0000 4.69103252e+01
3951.7000 4.52335871e+01
3952.4000 4.52472803e+01
3953.1000 4.68500033e+01
3953.8000 4.63463446e+01
3954.5000 4.63927269e+01
3955.2000 4.60532756e+01
3955.9000 4.65454851e+01
3956.6000 4.50921918e+01
3957.3000 4.28513814e+01
3958.0000 4.54779701e+01
3958.7000 4.57342427e+01
3959.4000 4.70741300e+01
3960.1000 4.61489644e+01
3960.8000 4.71752860e+01
3961.5000 4.64270717e+01
3962.2000 4.61790547e+01
3962.9000 4.59878592e+01
3963.6000 4.56961756e+01
3964.3000 4.56416419e+01
3965.0000 4.70093315e+01
3965.7000 4.89576788e+01
3966.4000 5.44528595e+01
3967.1000 6.02039953e+01
3967.8000 5.86989777e+01
3968.5000 5.08144970e+01
3969.2000 4.63001939e+01
3969.9000 4.46689142e+01
3970.6000 4.42752189e+01
3971.3000 4.67688025e+01
3972.0000 4.66687853e+01
3972.7000 4.73356509e+01
3973.4000 4.83757799e+01
3974.1000 4.71440866e+01
3974.8000 4.79352994e+01
3975.5000 4.67233712e+01
3976.2000 4.67754610e+01
3976.9000 4.59188971e+01
3977.6000 4.84254663e+01
3978.3000 4.65294521e+01
3979.0000 4.61403403e+01
3979.7000 4.59684499e+01
3980.4000 4.75538737e+01
3981.1000 4.74155731e+01
3981.8000 4.70614570e+01
3982.5000 4.57552551e+01
3983.2000 4.51098546e+01
3983.9000 4.50477511e+01
3984.6000 4.64216089e+01
3985.3000 4.70098938e+01
3986.0000 4.66661597e+01
3986.7000 4.95401446e+01
3987.4000 4.84879673e+01
3988.1000 4.68574271e+01
3988.8000 4.74227156e+01
3989.5000 4.80882941e+01
3990.2000 4.62421052e+01
3990.9000 4.52187149e+01
3991.6000 4.69099810e+01
3992.3000 4.89522733e+01
3993.0000 4.92707467e+01
3993.7000 4.83970360e+01
3994.4000 4.76893915e+01
3995.1000 4.74945750e+01
3995.8000 4.78940951e+01
3996.5000 4.70933108e+01
3997.2000 4.73669134e+01
3997.9000 4.64745437e+01
3998.6000 4.69938010e+01
3999.3000 4.81567320e+01
4000.0000 5.36106758e+01
4000.7000 9.15729977e+01
4001.4000 1.49810788e+02
4002.1000 1.43332961e+02
4002.8000 8.59845252e+01
4003.5000 5.45747038e+01
4004.2000 4.86923886e+01
4004.9000 5.11297244e+01
4005.6000 4.68726664e+01
4006.3000 4.74097706e+01
4007.0000 4.69899422e+01
4007.7000 4.64450388e+01
4008.4000 4.56674363e+01
4009.1000 4.52782484e+01
4009.8000 4.65222829e+01
4010.5000 4.58269481e+01
4011.2000 4.43951453e+01
4011.9000 4.50308128e+01
4012.6000 4.38852875e+01
4013.3000 4.51608937e+01
4014.0000 4.37859014e+01
4014.7000 4.27975639e+01
4015.4000 4.19685329e+01
4016.1000 4.50794848e+01
4016.8000 4.42100835e+01
4017.5000 4.67594652e+01
4018.2000 4.59303894e+01
4018.9000 4.53342145e+01
4019.6000 4.44732979e+01
4020.3000 4.62321695e+01
4021.0000 4.93123771e+01
4021.7000 6.75490568e+01
4022.4000 8.09891696e+01
4023.1000 7.37072491e+01
4023.8000 5.49005116e+01
4024.5000 4.57931230e+01
4025.2000 4.37601955e+01
4025.9000 4.44852349e+01
4026.6000 4.63623252e+01
4027.3000 4.44016179e+01
4028.0000 4.48935398e+01
4028.7000 4.50161283e+01
4029.4000 4.52047183e+01
4030.1000 4.52847160e+01
4030.8000 4.59259089e+01
4031.5000 4.59085453e+01
4032.2000 4.55441530e+01
4032.9000 4.59142738e+01
4033.6000 4.48279994e+01
4034.3000 4.39582214e+01
4035.0000 4.57613387e+01
4035.7000 4.59973290e+01
4036.4000 4.74412651e+01
4037.1000 4.53583929e+01
4037.8000 4.26851842e+01
4038.5000 4.48524936e+01
4039.2000 4.47085050e+01
4039.9000 4.60943767e+01
4040.6000 4.60807750e+01
4041.3000 4.31973148e+01
4042.0000 4.49309045e+01
4042.7000 4.43959991e+01
4043.4000 4.40654220e+01
4044.1000 4.37817327e+01
4044.8000 4.47894454e+01
4045.5000 4.74715460e+01
4046.2000 4.52018734e+01
4046.9000 4.51258540e+01
4047.6000 4.56480619e+01
4048.3000 4.45082032e+01
4049.0000 4.46202087e+01
4049.7000 4.36208807e+01
4050.4000 4.38253070e+01
4051.1000 4.38274413e+01
4051.8000 4.31636970e+01
4052.5000 4.26620991e+01
4053.2000 4.44913041e+01
4053.9000 4.33698335e+01
4054.6000 4.56793855e+01
4055.3000 4.31563832e+01
4056.0000 4.45028426e+01
4056.7000 4.29527115e+01
4057.4000 4.29179783e+01
4058.1000 4.45356478e+01
4058.8000 4.40801501e+01
4059.5000 4.25517673e+01
4060.2000 4.35092456e+01
4060.9000 4.58541241e+01
4061.6000 4.57618657e+01
4062.3000 4.37494315e+01
4063.0000 4.47129775e+01
4063.7000 4.25649694e+01
4064.4000 4.43031892e+01
4065.1000 4.60443552e+01
4065.8000 4.37121625e+01
4066.5000 4.42987310e+01
4067.2000 4.22188392e+01
4067.9000 3.99872383e+01
4068.6000 3.83812599e+01
4069.3000 3.85679972e+01
4070.0000 4.07197758e+01
4070.7000 4.38180469e+01
4071.4000 4.51258707e+01
4072.1000 4.35578190e+01
4072.8000 4.26471343e+01
4073.5000 4.13467502e+01
4074.2000 4.14958203e+01
4074.9000 4.29393327e+01
4075.6000 4.34036782e+01
4076.3000 4.39197224e+01
4077.0000 4.24584514e+01
4077.7000 4.23466339e+01
4078.4000 4.25329698e+01
4079.1000 4.34051459e+01
4079.8000 4.25394397e+01
4080.5000 4.35467346e+01
4081.2000 4.21016844e+01
4081.9000 4.22725892e+01
4082.6000 4.31784822e+01
4083.3000 4.40587226e+01
4084.0000 4.41465986e+01
4084.7000 4.45432714e+01
4085.4000 4.29144835e+01
4086.1000 4.15154705e+01
4086.8000 4.22378705e+01
4087.5000 4.38802703e+01
4088.2000 4.36442388e+01
4088.9000 4.32249908e+01
4089.6000 4.27036404e+01
4090.3000 4.27574058e+01
4091.0000 4.31317516e+01
4091.7000 4.21325952e+01
4092.4000 4.27873669e+01
4093.1000 4.15799900e+01
4093.8000 4.13033342e+01
4094.5000 4.33445563e+01
4095.2000 4.23282021e+01
4095.9000 4.37379257e+01
4096.6000 4.35321829e+01
4097.3000 4.00919518e+01
4098.0000 4.08727231e+01
4098.7000 4.21098267e+01
4099.4000 4.24831089e+01
4100.1000 4.23943137e+01
4100.8000 4.33043488e+01
4101.5000 4.54962692e+01
4102.2000 4.92653759e+01
4102.9000 6.14060024e+01
4103.6000 7.25631715e+01
4104.3000 6.70120455e+01
4105.0000 5.61540309e+01
4105.7000 6.08986442e+01
4106.4000 7.02123793e+01
4107.1000 6.47454914e+01
4107.8000 5.02449723e+01
4108.5000 4.32689353e+01
4109.2000 4.02495023e+01
4109.9000 4.41711021e+01
4110.6000 4.18372572e+01
4111.3000 4.30502133e+01
4112.0000 4.15468835e+01
4112.7000 4.18879403e+01
4113.4000 4.17034655e+01
4114.1000 4.13657290e+01
4114.8000 4.17566608e+01
4115.5000 4.15584112e+01
4116.2000 4.14484244e+01
4116.9000 4.05802810e+01
4117.6000 4.08138106e+01
4118.3000 4.32855152e+01
4119.0000 4.33464703e+01
4119.7000 4.20945481e+01
4120.4000 4.24176719e+01
4121.1000 4.21567692e+01
4121.8000 4.23526821e+01
4122.5000 4.17287078e+01
4123.2000 4.13277094e+01
4123.9000 4.22988229e+01
4124.6000 4.33807484e+01
4125.3000 4.38255886e+01
4126.0000 4.19987171e+01
4126.7000 4.26599747e+01
4127.4000 4.35058083e+01
4128.1000 4.34988465e+01
4128.8000 4.33097663e+01
4129.5000 4.11795013e+01
4130.2000 4.35564812e+01
4130.9000 4.25151080e+01
4131.6000 4.29774947e+01
4132.3000 4.21576592e+01
4133.0000 4.14732139e+01
4133.7000 4.26711542e+01
4134.4000 4.20518652e+01
4135.1000 4.15178173e+01
4135.8000 4.27599433e+01
4136.5000 4.30702028e+01
4137.2000 4.27390236e+01
4137.9000 4.15723890e+01
4138.6000 4.26823625e+01
4139.3000 4.37486452e+01
4140.0000 4.21676664e+01
4140.7000 4.26982480e+01
4141.4000 4.31576396e+01
4142.1000 4.27786882e+01
4142.8000 4.13316299e+01
4143.5000 4.23462012e+01
4144.2000 4.14914490e+01
4144.9000 4.13293675e+01
4145.6000 4.20923107e+01
4146.3000 4.18392476e+01
4147.0000 4.33280588e+01
4147.7000 4.15965189e+01
4148.4000 4.19672354e+01
4149.1000 4.12283459e+01
4149.8000 4.30798037e+01
4150.5000 4.17317789e+01
4151.2000 4.10450872e+01
4151.9000 4.19691273e+01
4152.6000 4.11860571e+01
4153.3000 3.96514323e+01
4154.0000 4.02227357e+01
4154.7000 4.16283644e+01
4155.4000 4.28369458e+01
4156.1000 4.09221175e+01
4156.8000 4.23440690e+01
4157.5000 4.19359193e+01
4158.2000 4.13882341e+01
4158.9000 4.24043785e+01
4159.6000 4.04943102e+01
4160.3000 4.25806376e+01
4161.0000 4.10849843e+01
4161.7000 3.99436676e+01
4162.4000 4.09599789e+01
4163.1000 4.26635665e+01
4163.8000 4.42470227e+01
4164.5000 4.33996485e+01
4165.2000 4.34060565e+01
4165.9000 4.17819357e+01
4166.6000 4.04974827e+01
4167.3000 4.26629878e+01
4168.0000 4.14940311e+01
4168.7000 3.92385324e+01
4169.4000 4.08484334e+01
4170.1000 4.03203414e+01
4170.8000 4.10055790e+01
4171.5000 4.10304412e+01
4172.2000 4.18737381e+01
4172.9000 4.14358944e+01
4173.6000 4.01647572e+01
4174.3000 4.00835408e+01
4175.0000 4.07019066e+01
4175.7000 4.02537247e+01
4176.4000 4.09907416e+01
4177.1000 4.04631615e+01
4177.8000 4.01889491e+01
4178.5000 4.20619430e+01
4179.2000 4.30090490e+01
4179.9000 4.02210042e+01
4180.6000 4.13716920e+01
4181.3000 4.10777880e+01
4182.0000 4.15008318e+01
4182.7000 4.10293769e+01
4183.4000 3.99504345e+01
4184.1000 4.09536303e+01
4184.8000 4.05215008e+01
4185.5000 3.95286254e+01
4186.2000 3.96514758e+01
4186.9000 4.04817474e+01
4187.6000 3.86910874e+01
4188.3000 3.95055235e+01
4189.0000 4.04159926e+01
4189.7000 3.91337420e+01
4190.4000 3.90051909e+01
4191.1000 3.82936330e+01
4191.8000 3.97547642e+01
4192.5000 3.84741666e+01
4193.2000 3.85394068e+01
4193.9000 4.07602853e+01
4194.6000 3.84984445e+01
4195.3000 3.90305015e+01
4196.0000 3.78640280e+01
4196.7000 3.77743739e+01
4197.4000 3.98756454e+01
4198.1000 3.94697202e+01
4198.8000 4.07736248e+01
4199.5000 3.91188077e+01
4200.2000 3.91131482e+01
4200.9000 4.05887258e+01
4201.6000 4.12440989e+01
4202.3000 3.89488564e+01
4203.0000 3.98557483e+01
4203.7000 4.01830322e+01
4204.4000 4.04269306e+01
4205.1000 4.07296953e+01
4205.8000 4.03975773e+01
4206.5000 4.03345143e+01
4207.2000 4.07522225e+01
4207.9000 3.97927066e+01
4208.6000 4.17651749e+01
4209.3000 4.15474552e+01
4210.0000 3.99899920e+01
4210.7000 3.93390688e+01
4211.4000 3.67744408e+01
4212.1000 3.94665503e+01
4212.8000 4.18684520e+01
4213.5000 4.06291793e+01
4214.2000 3.92699538e+01
4214.9000 3.94605272e+01
4215.6000 4.05165602e+01
4216.3000 3.85977112e+01
4217.0000 3.73994502e+01
4217.7000 3.85228136e+01
4218.4000 3.82327523e+01
4219.1000 3.83493762e+01
4219.8000 3.78642053e+01
4220.5000 3.87144177e+01
4221.2000 4.01119068e+01
4221.9000 3.99660080e+01
4222.6000 3.88029033e+01
4223.3000 3.92845003e+01
4224.0000 4.02370303e+01
4224.7000 3.91721120e+01
4225.4000 3.86416683e+01
4226.1000 3.93326636e+01
4226.8000 3.87857704e+01
4227.5000 3.92957901e+01
4228.2000 3.86090799e+01
4228.9000 3.81233892e+01
4229.6000 3.94524641e+01
4230.3000 4.02734814e+01
4231.0000 3.93052579e+01
4231.7000 3.91323737e+01
4232.4000 4.02403202e+01
4233.1000 4.07424894e+01
4233.8000 4.07463224e+01
4234.5000 3.93572552e+01
4235.2000 3.94651760e+01
4235.9000 3.99273784e+01
4236.6000 3.91685791e+01
4237.3000 3.81987649e+01
4238.0000 3.90876196e+01
4238.7000 3.98331723e+01
4239.4000 3.98427385e+01
4240.1000 4.01573504e+01
4240.8000 4.15622710e+01
4241.5000 5.87400963e+01
4242.2000 7.96887668e+01
4242.9000 8.24292248e+01
4243.6000 6.35076552e+01
4244.3000 4.58543585e+01
4245.0000 3.86099580e+01
4245.7000 4.02352374e+01
4246.4000 4.00901273e+01
4247.1000 4.05939702e+01
4247.8000 4.00960875e+01
4248.5000 3.92569897e+01
4249.2000 3.94222529e+01
4249.9000 3.88419261e+01
4250.6000 3.94028809e+01
4251.3000 3.88565087e+01
4252.0000 3.85780404e+01
4252.7000 3.90809811e+01
4253.4000 3.90683956e+01
4254.1000 3.97597439e+01
4254.8000 3.99699030e+01
4255.5000 3.96500443e+01
4256.2000 3.62924380e+01
4256.9000 3.89033089e+01
4257.6000 4.00764857e+01
4258.3000 3.92553412e+01
4259.0000 3.92184060e+01
4259.7000 3.94931670e+01
4260.4000 3.97412494e+01
4261.1000 3.68558254e+01
4261.8000 3.70236815e+01
4262.5000 3.99316842e+01
4263.2000 3.90093315e+01
4263.9000 4.09070073e+01
4264.6000 4.18293327e+01
4265.3000 4.09088038e+01
4266.0000 4.03893389e+01
4266.7000 3.92807516e+01
4267.4000 3.99991129e+01
4268.1000 3.89400533e+01
4268.8000 4.00809821e+01
4269.5000 3.97131822e+01
4270.2000 4.07284825e+01
4270.9000 4.08816853e+01
4271.6000 4.10903818e+01
4272.3000 3.90171999e+01
4273.0000 3.99404193e+01
4273.7000 3.95504042e+01
4274.4000 3.79706294e+01
4275.1000 3.88666754e+01
4275.8000 3.73388123e+01
4276.5000 3.91869120e+01
4277.2000 4.02201707e+01
4277.9000 3.94751524e+01
4278.6000 3.89632694e+01
4279.3000 3.89192181e+01
4280.0000 3.95610748e+01
4280.7000 4.06620747e+01
4281.4000 4.01708533e+01
4282.1000 3.92064507e+01
4282.8000 3.93909415e+01
4283.5000 4.00404654e+01
4284.2000 3.89720545e+01
4284.9000 3.91360343e+01
4285.6000 3.97051303e+01
4286.3000 4.02245227e+01
4287.0000 4.06763429e+01
4287.7000 3.90137300e+01
4288.4000 3.94729059e+01
4289.1000 4.10964000e+01
4289.8000 3.82607613e+01
4290.5000 3.81862587e+01
4291.2000 3.75168974e+01
4291.9000 3.79663969e+01
4292.6000 3.99818079e+01
4293.3000 3.97819877e+01
4294.0000 4.02951076e+01
4294.7000 4.19472681e+01
4295.4000 4.07893510e+01
4296.1000 3.91712307e+01
4296.8000 3.87613419e+01
4297.5000 3.98165614e+01
4298.2000 3.95448568e+01
4298.9000 4.00679934e+01
4299.6000 4.06042884e+01
4300.3000 4.14248982e+01
4301.0000 3.91013440e+01
4301.7000 3.99819635e+01
4302.4000 4.05437839e+01
4303.1000 3.90397089e+01
4303.8000 3.85682645e+01
4304.5000 3.93422514e+01
4305.2000 4.12065335e+01
4305.9000 4.00186050e+01
4306.6000 4.01203058e+01
4307.3000 4.10697576e+01
4308.0000 4.11536843e+01
4308.7000 4.01615720e+01
4309.4000 4.02814887e+01
4310.1000 4.06662676e+01
4310.8000 3.94736894e+01
4311.5000 4.10176500e+01
4312.2000 4.07213601e+01
4312.9000 3.96911494e+01
4313.6000 3.96766750e+01
4314.3000 3.97017614e+01
4315.0000 3.94034412e+01
4315.7000 3.83196025e+01
4316.4000 3.72102349e+01
4317.1000 3.86771729e+01
4317.8000 3.88947542e+01
4318.5000 3.91527488e+01
4319.2000 3.86968964e+01
4319.9000 3.91201420e+01
4320.6000 3.76858828e+01
4321.3000 3.97468100e+01
4322.0000 4.06049905e+01
4322.7000 3.97491112e+01
4323.4000 3.87311093e+01
4324.1000 4.12338307e+01
4324.8000 4.02956549e+01
4325.5000 4.08222042e+01
4326.2000 3.99397024e+01
4326.9000 4.02599247e+01
4327.6000 3.77689140e+01
4328.3000 3.79741035e+01
4329.0000 3.79689006e+01
4329.7000 4.04074015e+01
4330.4000 3.98134287e+01
4331.1000 3.81307633e+01
4331.8000 3.74880414e+01
4332.5000 3.90182970e+01
4333.2000 3.99198039e+01
4333.9000 3.72449652e+01
4334.6000 3.88097157e+01
4335.3000 3.92712025e+01
4336.0000 3.99228900e+01
4336.7000 3.84559338e+01
4337.4000 3.99599803e+01
4338.1000 4.07666808e+01
4338.8000 3.90593134e+01
4339.5000 3.90237809e+01
4340.2000 3.98252404e+01
4340.9000 3.82506688e+01
4341.6000 3.92323150e+01
4342.3000 3.96886886e+01
4343.0000 3.85088889e+01
4343.7000 3.80099641e+01
4344.4000 3.81111324e+01
4345.1000 3.99463011e+01
4345.8000 3.99993671e+01
4346.5000 3.83794464e+01
4347.2000 3.88560409e+01
4347.9000 3.90342453e+01
4348.6000 4.01852489e+01
4349.3000 3.83019600e+01
4350.0000 3.87249984e+01
4350.7000 3.88882639e+01
4351.4000 3.97836675e+01
4352.1000 4.00498033e+01
4352.8000 3.84973029e+01
4353.5000 3.96417573e+01
4354.2000 4.05707580e+01
4354.9000 3.99030410e+01
4355.6000 3.92059887e+01
4356.3000 3.94381436e+01
4357.0000 3.94972732e+01
4357.7000 3.87847143e+01
4358.4000 4.04712265e+01
4359.1000 3.98339125e+01
4359.8000 4.00845247e+01
4360.5000 3.89297962e+01
4361.2000 3.87700800e+01
4361.9000 3.85736882e+01
4362.6000 3.98329158e+01
4363.3000 4.03885891e+01
4364.0000 4.06261379e+01
4364.7000 4.04562623e+01
4365.4000 4.00293210e+01
4366.1000 3.80115554e+01
4366.8000 3.91553826e+01
4367.5000 3.99647091e+01
4368.2000 3.91638360e+01
4368.9000 4.02649190e+01
4369.6000 3.81202786e+01
4370.3000 3.99355396e+01
4371.0000 4.00604641e+01
4371.7000 3.92622363e+01
4372.4000 3.87172503e+01
4373.1000 4.27372187e+01
4373.8000 4.21038917e+01
4374.5000 4.06841034e+01
4375.2000 4.05699148e+01
4375.9000 4.01087682e+01
4376.6000 4.10034197e+01
4377.3000 4.09454096e+01
4378.0000 4.10009796e+01
4378.7000 4.01962953e+01
4379.4000 4.09759036e+01
4380.1000 4.21619118e+01
4380.8000 4.04357847e+01
4381.5000 4.04161968e+01
4382.2000 4.27746736e+01
4382.9000 4.29740553e+01
4383.6000 4.18369879e+01
4384.3000 4.02064962e+01
4385.0000 3.92163724e+01
4385.7000 4.01337849e+01
4386.4000 4.14634693e+01
4387.1000 4.08804280e+01
4387.8000 4.15440368e+01
4388.5000 4.37482049e+01
4389.2000 4.12209371e+01
4389.9000 3.95758707e+01
4390.6000 4.10037442e+01
4391.3000 4.19594608e+01
4392.0000 4.16715665e+01
4392.7000 4.01004182e+01
4393.4000 4.06865357e+01
4394.1000 4.09997511e+01
4394.8000 4.17259889e+01
4395.5000 4.05034897e+01
4396.2000 4.01446075e+01
4396.9000 4.34248569e+01
4397.6000 4.23420788e+01
4398.3000 4.10262928e+01
4399.0000 4.06470691e+01
4399.7000 4.09079008e+01
4400.4000 4.09109177e+01
4401.1000 4.11124224e+01
4401.8000 3.94210217e+01
4402.5000 4.21904994e+01
4403.2000 4.36239816e+01
4403.9000 4.25356778e+01
4404.6000 4.29381339e+01
4405.3000 3.99847681e+01
4406.0000 4.10835825e+01
4406.7000 4.06902649e+01
4407.4000 4.15614146e+01
4408.1000 4.17711278e+01
4408.8000 4.15832378e+01
4409.5000 4.01623814e+01
4410.2000 4.29649371e+01
4410.9000 4.29058492e+01
4411.6000 4.17284472e+01
4412.3000 4.08421078e+01
4413.0000 4.12629225e+01
4413.7000 4.18534753e+01
4414.4000 4.18599637e+01
4415.1000 4.32464243e+01
4415.8000 4.15289398e+01
4416.5000 3.97796099e+01
4417.2000 4.07055697e+01
4417.9000 4.09304420e+01
4418.6000 4.01342833e+01
4419.3000 4.31266058e+01
4420.0000 4.05958148e+01
4420.7000 4.07213661e+01
4421.4000 4.10074905e+01
4422.1000 4.13618799e+01
4422.8000 4.15923234e+01
4423.5000 4.32520595e+01
4424.2000 3.94098623e+01
4424.9000 3.95915483e+01
4425.6000 4.09069226e+01
4426.3000 4.19198655e+01
4427.0000 4.01941154e+01
4427.7000 3.96853565e+01
4428.4000 4.04266086e+01
4429.1000 4.18067565e+01
4429.8000 3.99316675e+01
4430.5000 3.96790775e+01
4431.2000 3.94477330e+01
4431.9000 4.03821586e+01
4432.6000 4.17055284e+01
4433.3000 4.15526441e+01
4434.0000 3.99641900e+01
4434.7000 4.07695629e+01
4435.4000 4.11660306e+01
4436.1000 3.98264605e+01
4436.8000 3.93465477e+01
4437.5000 3.78400703e+01
4438.2000 3.84361352e+01
4438.9000 3.74129829e+01
4439.6000 3.80195397e+01
4440.3000 3.77344189e+01
4441.0000 3.81518325e+01
4441.7000 3.93917803e+01
4442.4000 4.08659178e+01
4443.1000 4.22699368e+01
4443.8000 4.11411189e+01
4444.5000 3.90733527e+01
4445.2000 3.97168814e+01
4445.9000 3.95245487e+01
4446.6000 4.05754731e+01
4447.3000 3.89817184e+01
4448.0000 3.98705019e+01
4448.7000 4.05742202e+01
4449.4000 4.17036820e+01
4450.1000 4.03068588e+01
4450.8000 4.13233819e+01
4451.5000 4.21835391e+01
4452.2000 4.23025594e+01
4452.9000 4.05934727e+01
4453.6000 4.07191098e+01
4454.3000 4.13365094e+01
4455.0000 4.11235730e+01
4455.7000 4.16157776e+01
4456.4000 4.15692161e+01
4457.1000 3.60545557e+01
4457.8000 3.47298528e+01
4458.5000 3.76761048e+01
4459.2000 4.11167617e+01
4459.9000 4.24131566e+01
4460.6000 4.09113210e+01
4461.3000 4.19523166e+01
4462.0000 4.21010860e+01
4462.7000 3.98201903e+01
4463.4000 4.10518475e+01
4464.1000 4.17788238e+01
4464.8000 4.23863792e+01
4465.5000 4.32494250e+01
4466.2000 4.32103546e+01
4466.9000 4.23288644e+01
4467.6000 4.01545304e+01
4468.3000 4.11888019e+01
4469.0000 4.23448082e+01
4469.7000 4.20166360e+01
4470.4000 4.31821327e+01
4471.1000 4.14000500e+01
4471.8000 4.13573102e+01
4472.5000 3.94533073e+01
4473.2000 4.02191448e+01
4473.9000 4.17154693e+01
4474.6000 4.12730990e+01
4475.3000 4.07301778e+01
4476.0000 4.15271661e+01
4476.7000 4.32061974e+01
4477.4000 3.92714576e+01
4478.1000 3.86864703e+01
4478.8000 3.88092633e+01
4479.5000 4.03189666e+01
4480.2000 3.94090644e+01
4480.9000 3.85610948e+01
4481.6000 3.98338566e+01
4482.3000 4.10015910e+01
4483.0000 3.91220751e+01
4483.7000 3.96883700e+01
4484.4000 3.82272646e+01
4485.1000 3.83395059e+01
4485.8000 4.09460601e+01
4486.5000 3.92246028e+01
4487.2000 4.00707460e+01
4487.9000 4.96546544e+01
4488.6000 8.31947064e+01
4489.3000 1.18047148e+02
4490.0000 1.11995744e+02
4490.7000 7.08232397e+01
4491.4000 4.37978835e+01
4492.1000 4.09262516e+01
4492.8000 4.01736622e+01
4493.5000 3.77886049e+01
4494.2000 3.82604349e+01
4494.9000 3.78703446e+01
4495.6000 3.83376627e+01
4496.3000 3.89216521e+01
4497.0000 3.87938963e+01
4497.7000 3.92039033e+01
4498.4000 3.94880126e+01
4499.1000 3.98786510e+01
4499.8000 3.94693568e+01
4500.5000 4.03337881e+01
4501.2000 4.03299552e+01
4501.9000 3.88045357e+01
4502.6000 3.82176180e+01
4503.3000 3.75307738e+01
4504.0000 3.88137507e+01
4504.7000 3.98325440e+01
4505.4000 4.07855154e+01
4506.1000 3.78993266e+01
4506.8000 3.82131579e+01
4507.5000 4.05051840e+01
4508.2000 4.01421098e+01
4508.9000 3.95069479e+01
4509.6000 3.86661508e+01
4510.3000 3.85828511e+01
4511.0000 3.84673959e+01
4511.7000 4.44055924e+01
4512.4000 5.73622055e+01
4513.1000 6.18994100e+01
4513.8000 5.39738929e+01
4514.5000 4.36159054e+01
4515.2000 4.17944921e+01
4515.9000 3.86160896e+01
4516.6000 3.95138025e+01
4517.3000 3.99242253e+01
4518.0000 3.95891725e+01
4518.7000 3.89753779e+01
4519.4000 3.96705100e+01
4520.1000 3.98123947e+01
4520.8000 3.90602724e+01
4521.5000 3.95519698e+01
4522.2000 4.02376913e+01
4522.9000 3.97626722e+01
4523.6000 3.90338176e+01
4524.3000 3.83402608e+01
4525.0000 3.98433515e+01
4525.7000 3.88964331e+01
4526.4000 4.02358571e+01
4527.1000 4.09213648e+01
4527.8000 3.97244973e+01
4528.5000 4.06417485e+01
4529.2000 3.98787337e+01
4529.9000 3.96166808e+01
4530.6000 3.93552700e+01
4531.3000 4.03711233e+01
4532.0000 3.96290154e+01
4532.7000 3.93711684e+01
4533.4000 4.02426364e+01
4534.1000 3.94953491e+01
4534.8000 3.93318640e+01
4535.5000 3.88231359e+01
4536.2000 3.85158903e+01
4536.9000 3.85923927e+01
4537.6000 3.92793358e+01
4538.3000 4.02388253e+01
4539.0000 3.97283238e+01
4539.7000 4.05232056e+01
4540.4000 4.05380235e+01
4541.1000 3.88223453e+01
4541.8000 3.90476358e+01
4542.5000 3.88979640e+01
4543.2000 3.92151796e+01
4543.9000 3.89331774e+01
4544.6000 3.68727573e+01
4545.3000 3.61341138e+01
4546.0000 3.95255615e+01
4546.7000 3.75473273e+01
4547.4000 3.91933499e+01
4548.1000 3.85729670e+01
4548.8000 3.85121412e+01
4549.5000 3.89471729e+01
4550.2000 3.74762255e+01
4550.9000 3.80129292e+01
4551.6000 3.86242662e+01
4552.3000 4.07167719e+01
4553.0000 4.05043158e+01
4553.7000 3.90076567e+01
4554.4000 3.85259655e+01
4555.1000 3.73817269e+01
4555.8000 3.83159224e+01
4556.5000 3.70129009e+01
4557.2000 3.74117292e+01
4557.9000 3.91103917e+01
4558.6000 3.71420082e+01
4559.3000 3.64702465e+01
4560.0000 3.83880012e+01
4560.7000 3.70389262e+01
4561.4000 3.67830725e+01
4562.1000 3.84542762e+01
4562.8000 3.88900642e+01
4563.5000 3.86874162e+01
4564.2000 3.71546741e+01
4564.9000 3.86259231e+01
4565.6000 3.84071681e+01
4566.3000 3.73709099e+01
4567.0000 3.85771527e+01
4567.7000 3.87611078e+01
4568.4000 3.69370795e+01
4569.1000 3.67125334e+01
4569.8000 3.81856211e+01
4570.5000 3.81360731e+01
4571.2000 3.92378657e+01
4571.9000 3.84224282e+01
4572.6000 3.85200116e+01
4573.3000 3.86642501e+01
4574.0000 3.83616641e+01
4574.7000 3.78253888e+01
4575.4000 3.81099910e+01
4576.1000 3.77540355e+01
4576.8000 3.58435093e+01
4577.5000 3.67200898e+01
4578.2000 3.85354558e+01
4578.9000 3.84341985e+01
4579.6000 3.66021967e+01
4580.3000 3.71729512e+01
4581.0000 3.47775068e+01
4581.7000 3.60090729e+01
4582.4000 3.52869921e+01
4583.1000 3.61463535e+01
4583.8000 3.59746852e+01
4584.5000 3.60709891e+01
4585.2000 3.75818857e+01
4585.9000 3.67305412e+01
4586.6000 3.63109251e+01
4587.3000 3.73540356e+01
4588.0000 3.65595417e+01
4588.7000 3.59607089e+01
4589.4000 3.85137799e+01
4590.1000 3.83518631e+01
4590.8000 3.80548618e+01
4591.5000 3.69379794e+01
4592.2000 3.69066068e+01
4592.9000 3.64348176e+01
4593.6000 3.81368001e+01
4594.3000 3.66601604e+01
4595.0000 3.62656788e+01
4595.7000 3.68877713e+01
4596.4000 3.60140452e+01
4597.1000 3.51090808e+01
4597.8000 3.49365996e+01
4598.5000 3.56200140e+01
4599.2000 3.61918861e+01
4599.9000 3.70566812e+01
4600.6000 3.67152895e+01
4601.3000 3.82061164e+01
4602.0000 3.46425894e+01
4602.7000 3.69511281e+01
4603.4000 3.63883235e+01
4604.1000 3.43410730e+01
4604.8000 3.47144578e+01
4605.5000 3.66647980e+01
4606.2000 3.73824820e+01
4606.9000 3.62963674e+01
4607.6000 3.66212435e+01
4608.3000 3.54539196e+01
4609.0000 3.63725592e+01
4609.7000 3.41880703e+01
4610.4000 3.51602226e+01
4611.1000 3.56460559e+01
4611.8000 3.58452923e+01
4612.5000 3.59736336e+01
4613.2000 3.42002718e+01
4613.9000 3.48555233e+01
4614.6000 3.54953052e+01
4615.3000 3.55794156e+01
4616.0000 3.74735419e+01
4616.7000 3.42720667e+01
4617.4000 3.55182224e+01
4618.1000 3.47650633e+01
4618.8000 3.63478207e+01
4619.5000 3.58794681e+01
4620.2000 3.53613435e+01
4620.9000 3.57265948e+01
4621.6000 3.48071148e+01
4622.3000 3.54382860e+01
4623.0000 3.52812536e+01
4623.7000 3.64612082e+01
4624.4000 4.15353456e+01
4625.1000 4.31012063e+01
4625.8000 3.71670867e+01
4626.5000 3.49779381e+01
4627.2000 3.42290732e+01
4627.9000 3.44893564e+01
4628.6000 3.29949335e+01
4629.3000 3.46487688e+01
4630.0000 3.33461469e+01
4630.7000 3.46048988e+01
4631.4000 3.48210480e+01
4632.1000 3.48809404e+01
4632.8000 3.51455253e+01
4633.5000 3.46206707e+01
4634.2000 3.25460529e+01
4634.9000 3.32852509e+01
4635.6000 3.38143244e+01
4636.3000 3.53459685e+01
4637.0000 3.58096570e+01
4637.7000 3.47642289e+01
4638.4000 3.46158435e+01
4639.1000 3.26551122e+01
4639.8000 3.38647945e+01
4640.5000 3.42726085e+01
4641.2000 3.41197404e+01
4641.9000 3.33949862e+01
4642.6000 3.40777574e+01
4643.3000 3.46551201e+01
4644.0000 3.48801962e+01
4645.4000 3.51095962e+01
4646.1000 3.53703290e+01
4646.8000 3.65021363e+01
4647.5000 3.57908089e+01
4648.2000 3.31311480e+01
4648.9000 3.24695806e+01
4649.6000 3.21193980e+01
4650.3000 3.34394501e+01
4651.0000 3.30952986e+01
4651.7000 3.26757940e+01
4652.4000 3.41604692e+01
4653.1000 3.33596115e+01
4653.8000 3.00552856e+01
4654.5000 3.09910281e+01
4655.2000 3.15456086e+01
4655.9000 3.23783852e+01
4656.6000 3.25338014e+01
4657.3000 3.27375501e+01
4658.0000 3.31491222e+01
4658.7000 3.34505394e+01
4659.4000 3.41958368e+01
4660.1000 3.32923160e+01
4660.8000 3.27363019e+01
4661.5000 3.21313780e+01
4662.2000 3.23446679e+01
4662.9000 3.26413453e+01
4663.6000 3.36244183e+01
4664.3000 3.41028170e+01
4665.0000 3.50594667e+01
4665.7000 3.44129301e+01
4666.4000 3.39898557e+01
4667.1000 3.26955005e+01
4667.8000 3.27522013e+01
4668.5000 3.28371330e+01
4669.2000 3.33060952e+01
4669.9000 3.35191901e+01
4670.6000 3.39146163e+01
4671.3000 3.33594411e+01
4672.0000 3.29830458e+01
4672.7000 3.16376682e+01
4673.4000 3.18269610e+01
4674.1000 3.21382642e+01
4674.8000 3.08002262e+01
4675.5000 3.07278011e+01
4676.2000 3.20116072e+01
4676.9000 3.24920240e+01
4677.6000 3.28387367e+01
4678.3000 3.21699198e+01
4679.0000 3.25068586e+01
4679.7000 3.30928688e+01
4680.4000 3.34367987e+01
4681.1000 3.32516654e+01
4681.8000 3.18406656e+01
4682.5000 3.15278795e+01
4683.2000 3.12880360e+01
4683.9000 3.18349973e+01
4684.6000 3.21940296e+01
4685.3000 3.27946627e+01
4686.0000 3.27137058e+01
4686.7000 3.29260601e+01
4687.4000 3.42373200e+01
4688.1000 3.34878691e+01
4688.8000 3.28767565e+01
4689.5000 3.26361923e+01
4690.2000 3.23092842e+01
4690.9000 3.17158971e+01
4691.6000 3.23641509e+01
4692.3000 3.25826481e+01
4693.0000 3.25537918e+01
4693.7000 3.25172559e+01
4694.4000 3.24845924e+01
4695.1000 3.19419168e+01
4695.8000 3.18112716e+01
4696.5000 3.16300757e+01
4697.2000 3.06411187e+01
4697.9000 3.03739058e+01
4698.6000 3.11288916e+01
4699.3000 3.08333358e+01
4700.0000 3.05610546e+01
4700.7000 3.03983730e+01
4701.4000 3.04938259e+01
4702.1000 3.07402565e+01
4702.8000 3.15241238e+01
4703.5000 3.17849694e+01
4704.2000 3.13642365e+01
4704.9000 3.10848848e+01
4705.6000 3.08122423e+01
4706.3000 3.08120104e+01
4707.0000 3.07453636e+01
4707.7000 3.05997561e+01
4708.4000 3.06379870e+01
4709.1000 3.07214849e+01
4709.8000 3.14030819e+01
4710.5000 3.14596203e+01
4711.2000 3.15185860e+01
4711.9000 3.14980904e+01
4712.6000 3.16157089e+01
4713.3000 3.19268511e+01
4714.0000 3.10503382e+01
4714.7000 3.06773633e+01
4715.4000 3.11230454e+01
4716.1000 3.17285038e+01
4716.8000 3.23950100e+01
4717.5000 3.19419208e+01
4718.2000 3.18883620e+01
4718.9000 3.19298042e+01
4719.6000 3.20808911e+01
4720.3000 3.21873347e+01
4721.0000 3.26728626e+01
4721.7000 3.22967483e+01
4722.4000 3.18588069e+01
4723.1000 3.20018215e+01
4723.8000 3.19821816e+01
4724.5000 3.18616524e+01
4725.2000 3.08892819e+01
4725.9000 3.04722857e+01
4726.6000 3.24407580e+01
4727.3000 3.22312838e+01
4728.0000 3.19722892e+01
4728.7000 3.12528133e+01
4729.4000 3.14190893e+01
4730.1000 3.23691108e+01
4730.8000 3.12512573e+01
4731.5000 3.06713620e+01
4732.2000 3.22519878e+01
4732.9000 3.18025655e+01
4733.6000 3.12103743e+01
4734.3000 3.09853777e+01
4735.0000 3.10675669e+01
4735.7000 3.15099022e+01
4736.4000 3.16386090e+01
4737.1000 3.16864387e+01
4737.8000 3.01440443e+01
4738.5000 3.01845410e+01
4739.2000 3.02410904e+01
4739.9000 3.13128979e+01
4740.6000 3.15268423e+01
4741.3000 3.14056795e+01
4742.0000 3.20287433e+01
4742.7000 3.24235757e+01
4743.4000 3.06021586e+01
4744.1000 3.05426183e+01
4744.8000 3.04535100e+01
4745.5000 3.13118541e+01
4746.2000 3.15194068e+01
4746.9000 3.14807427e+01
4747.6000 3.03216875e+01
4748.3000 2.95244615e+01
4749.0000 2.91706343e+01
4749.7000 2.99718881e+01
4750.4000 3.12497046e+01
4751.1000 3.13002128e+01
4751.8000 3.11432319e+01
4752.5000 3.03663422e+01
4753.2000 3.09411009e+01
4753.9000 3.13617151e+01
4754.6000 3.14247247e+01
4755.3000 3.13724326e+01
4756.0000 3.12809691e+01
4756.7000 3.06678079e+01
4757.4000 3.04899987e+01
4758.1000 3.05235907e+01
4758.8000 3.05214601e+01
4759.5000 3.05199701e+01
4760.2000 3.12570225e+01
4760.9000 3.12647733e+01
4761.6000 3.12221916e+01
4762.3000 3.12311310e+01
4763.0000 3.13056770e+01
4763.7000 3.17073674e+01
4764.4000 3.13348082e+01
4765.1000 3.10271499e+01
4765.8000 3.14803130e+01
4766.5000 3.18737004e+01
4767.2000 3.25799389e+01
4767.9000 3.21344108e+01
4768.6000 3.19387379e+01
4769.3000 3.16931840e+01
4770.0000 3.17773134e+01
4770.7000 3.18512674e+01
4771.4000 3.16400822e+01
4772.1000 3.12808420e+01
4772.8000 3.05721542e+01
4773.5000 3.05215672e+01
4774.2000 3.04813122e+01
4774.9000 3.03258748e+01
4775.6000 3.07111017e+01
4776.3000 3.10700829e+01
4777.0000 3.07375976e+01
4777.7000 3.07831018e+01
4778.4000 3.09516298e+01
4779.1000 3.09747066e+01
4779.8000 3.09418872e+01
4780.5000 3.05832268e+01
4781.2000 3.06404818e+01
4781.9000 3.06970372e+01
4782.6000 3.19132818e+01
4783.3000 3.24337762e+01
4784.0000 3.33463979e+01
4784.7000 3.22000817e+01
4785.4000 3.16963981e+01
4786.1000 3.17243605e+01
4786.8000 3.15187269e+01
4787.5000 3.13026994e+01
4788.2000 3.15877054e+01
4788.9000 3.16232854e+01
4789.6000 3.16203235e+01
4790.3000 3.22463956e+01
4791.0000 3.25116736e+01
4791.7000 3.21377204e+01
4792.4000 3.21084345e+01
4793.1000 3.20758968e+01
4793.8000 3.15929683e+01
4794.5000 3.14800793e+01
4795.2000 3.13697772e+01
4795.9000 3.15153791e+01
4796.6000 3.15965434e+01
4797.3000 3.17153280e+01
4798.0000 3.15351505e+01
4798.7000 3.13219135e+01
4799.4000 3.21046245e+01
4800.1000 3.23811259e+01
4800.8000 3.28081397e+01
4801.5000 3.24899958e+01
4802.2000 3.23087709e+01
4802.9000 3.21209337e+01
4803.6000 3.16482495e+01
4804.3000 3.10534703e+01
4805.0000 3.15856422e+01
4805.7000 3.16547538e+01
4806.4000 3.15499190e+01
4807.1000 3.15238158e+01
4807.8000 3.15458015e+01
4808.5000 3.27080736e+01
4809.2000 3.26852714e+01
4809.9000 3.26546290e+01
4810.6000 3.25112526e+01
4811.3000 3.26334986e+01
4812.0000 3.31692291e+01
4812.7000 3.33073810e+01
4813.4000 3.33754463e+01
4814.1000 3.23435819e+01
4814.8000 3.19506705e+01
4815.5000 3.13921489e+01
4816.2000 3.23983128e+01
4816.9000 3.23269848e+01
4817.6000 3.11524783e+01
4818.3000 3.16801654e+01
4819.0000 3.20256946e+01
4819.7000 3.31308678e+01
4820.4000 3.28929534e+01
4821.1000 3.25349045e+01
4821.8000 3.23562968e+01
4822.5000 3.22319210e+01
4823.2000 3.19158837e+01
4823.9000 3.23661959e+01
4824.6000 3.26774065e+01
4825.3000 3.28649865e+01
4826.0000 3.24654692e+01
4826.7000 3.18227797e+01
4827.4000 3.23492587e+01
4828.1000 3.24438662e+01
4828.8000 3.22210276e+01
4829.5000 3.15527512e+01
4830.2000 3.10531666e+01
4830.9000 3.26336393e+01
4831.6000 3.27707218e+01
4832.3000 3.29343828e+01
4833.0000 3.29901522e+01
4833.7000 3.28704470e+01
4834.4000 3.22076442e+01
4835.1000 3.21089454e+01
4835.8000 3.20269068e+01
4836.5000 3.25173314e+01
4837.2000 3.28863779e+01
4837.9000 3.35349854e+01
4838.6000 3.31586557e+01
4839.3000 3.29856720e+01
4840.0000 3.27696676e+01
4840.7000 3.19430691e+01
4841.4000 3.12475358e+01
4842.1000 3.23216084e+01
4842.8000 3.26189137e+01
4843.5000 3.30869205e+01
4844.2000 3.29552881e+01
4844.9000 3.28599653e+01
4845.6000 3.26167668e+01
4846.3000 3.13976106e+01
4847.0000 3.03115294e+01
4847.7000 3.09804014e+01
4848.4000 3.13177122e+01
4849.1000 3.19314651e+01
4849.8000 3.22930556e+01
4850.5000 3.24102902e+01
4851.2000 3.23112352e+01
4851.9000 3.22845475e+01
4852.6000 3.22585345e+01
4853.3000 3.35873061e+01
4854.0000 3.30767879e+01
4854.7000 3.16617244e+01
4855.4000 3.20083911e+01
4856.1000 3.21454785e+01
4856.8000 3.21505481e+01
4857.5000 3.19476392e+01
4858.2000 3.17447826e+01
4858.9000 3.25283029e+01
4859.6000 3.27996204e+01
4860.3000 3.32530275e+01
4861.0000 3.38540483e+01
4861.7000 3.40716549e+01
4862.4000 3.35947776e+01
4863.1000 3.32084678e+01
4863.8000 3.27986736e+01
4864.5000 3.17495181e+01
4865.2000 3.15355965e+01
4865.9000 3.13612996e+01
4866.6000 3.20839324e+01
4867.3000 3.24906760e+01
4868.0000 3.33000968e+01
4868.7000 3.28709451e+01
4869.4000 3.23873378e+01
4870.1000 3.21667969e+01
4870.8000 3.25137280e+01
4871.5000 3.35883428e+01
4872.2000 3.46747540e+01
4872.9000 3.51956609e+01
4873.6000 3.45930183e+01
4874.3000 3.41380287e+01
4875.0000 3.35926412e+01
4875.7000 3.27052200e+01
4876.4000 3.25409298e+01
4877.1000 3.25147817e+01
4877.8000 3.22060349e+01
4878.5000 3.20369172e+01
4879.2000 3.20378029e+01
4879.9000 3.24353524e+01
4880.6000 3.29429383e+01
4881.3000 3.32725457e+01
4882.0000 3.34054217e+01
4882.7000 3.36243840e+01
4883.4000 3.32785824e+01
4884.1000 3.31006842e+01
4884.8000 3.39128367e+01
4885.5000 3.32575607e+01
4886.2000 3.23664034e+01
4886.9000 3.22117645e+01
4887.6000 3.22881413e+01
4888.3000 3.26695709e+01
4889.0000 3.29911207e+01
4889.7000 3.31946928e+01
4890.4000 3.31291750e+01
4891.1000 3.33496430e+01
4891.8000 3.36642111e+01
4892.5000 3.28020486e+01
4893.2000 3.24299028e+01
4893.9000 3.17639114e+01
4894.6000 3.16245405e+01
4895.3000 3.15352002e+01
4896.0000 3.22494587e+01
4896.7000 3.21388491e+01
4897.4000 3.19604495e+01
4898.1000 3.21929983e+01
4898.8000 3.22176286e+01
4899.5000 3.20355919e+01
4900.2000 3.23126092e+01
4900.9000 3.25122171e+01
4901.6000 3.14307182e+01
4902.3000 3.20575255e+01
4903.0000 3.31085767e+01
4903.7000 3.29281415e+01
4904.4000 3.27796165e+01
4905.1000 3.22924124e+01
4905.8000 3.24651516e+01
4906.5000 3.25979224e+01
4907.2000 3.29642917e+01
4907.9000 3.26686052e+01
4908.6000 3.21236214e+01
4909.3000 3.27949846e+01
4910.0000 3.30546485e+01
4910.7000 3.32891021e+01
4911.4000 3.27197406e+01
4912.1000 3.22655364e+01
4912.8000 3.19858646e+01
4913.5000 3.16706577e+01
4914.2000 3.11025383e+01
4914.9000 3.11535421e+01
4915.6000 3.12622047e+01
4916.3000 3.17841492e+01
4917.0000 3.24828102e+01
4917.7000 3.30779992e+01
4918.4000 3.28040987e+01
4919.1000 3.26210979e+01
4919.8000 3.22869109e+01
4920.5000 3.22422728e+01
4921.2000 3.20967491e+01
4921.9000 3.12012172e+01
4922.6000 3.13433817e+01
4923.3000 3.14720091e+01
4924.0000 3.15743949e+01
4924.7000 3.19099600e+01
4925.4000 3.26018841e+01
4926.1000 3.24141139e+01
4926.8000 3.22796255e+01
4927.5000 3.17962810e+01
4928.2000 3.20403222e+01
4928.9000 3.22742006e+01
4929.6000 3.25146736e+01
4930.3000 3.25850318e+01
4931.0000 3.26869755e+01
4931.7000 3.19823152e+01
4932.4000 3.16784965e+01
4933.1000 3.16343718e+01
4933.8000 3.17118794e+01
4934.5000 3.17905926e+01
4935.2000 3.20880166e+01
4935.9000 3.25027391e+01
4936.6000 3.34310371e+01
4937.3000 3.27076794e+01
4938.0000 3.23764594e+01
4938.7000 3.23619707e+01
4939.4000 3.24713305e+01
4940.1000 3.25893939e+01
4940.8000 3.26861495e+01
4941.5000 3.27140291e+01
4942.2000 3.27515743e+01
4942.9000 3.28401572e+01
4943.6000 3.28031632e+01
4944.3000 3.17132068e+01
4945.0000 3.19363153e+01
4945.7000 3.21922646e+01
4946.4000 3.28670646e+01
4947.1000 3.28030295e+01
4947.8000 3.23144571e+01
4948.5000 3.13978795e+01
4949.2000 3.09845874e+01
4949.9000 3.21513534e+01
4950.6000 3.22520641e+01
4951.3000 3.23748419e+01
4952.0000 3.28533713e+01
4952.7000 3.29459172e+01
4953.4000 3.29680974e+01
4954.1000 3.20464917e+01
4954.8000 3.15483961e+01
4955.5000 3.19765357e+01
4956.2000 3.20762918e+01
4956.9000 3.22059051e+01
4957.6000 3.25490196e+01
4958.3000 3.26170534e+01
4959.0000 3.26188233e+01
4959.7000 3.20675162e+01
4960.4000 3.17340847e+01
4961.1000 3.15801125e+01
4961.8000 3.15218025e+01
4962.5000 3.14427775e+01
4963.2000 3.14855393e+01
4963.9000 3.18722460e+01
4964.6000 3.32588677e+01
4965.3000 3.28387861e+01
4966.0000 3.25651263e+01
4966.7000 3.19622439e+01
4967.4000 3.22360403e+01
4968.1000 3.26390847e+01
4968.8000 3.32277955e+01
4969.5000 3.32552218e+01
4970.2000 3.27968754e+01
4970.9000 3.24048035e+01
4971.6000 3.21383370e+01
4972.3000 3.29232017e+01
4973.0000 3.28541691e+01
4973.7000 3.27418972e+01
4974.4000 3.20905359e+01
4975.1000 3.19221092e+01
4975.8000 3.19634908e+01
4976.5000 3.18326875e+01
4977.2000 3.17375255e+01
4977.9000 3.20804362e+01
4978.6000 3.21357851e+01
4979.3000 3.22181767e+01
4980.0000 3.29827245e+01
4980.7000 3.31014124e+01
4981.4000 3.25934560e+01
4982.1000 3.23587331e+01
4982.8000 3.21786869e+01
4983.5000 3.32015497e+01
4984.2000 3.31109123e+01
4984.9000 3.28850705e+01
4985.6000 3.29363907e+01
4986.3000 3.30206879e+01
4987.0000 3.33995601e+01
4987.7000 3.31288044e+01
4988.4000 3.29084778e+01
4989.1000 3.22526316e+01
4989.8000 3.23580807e+01
4990.5000 3.26264677e+01
4991.2000 3.34713271e+01
4991.9000 3.36607399e+01
4992.6000 3.30379701e+01
4993.3000 3.23045724e+01
4994.0000 3.16717042e+01
4994.7000 3.22480434e+01
4995.4000 3.22819555e+01
4996.1000 3.22710330e+01
4996.8000 3.16281856e+01
4997.5000 3.15953854e+01
4998.2000 3.30600315e+01
4998.9000 3.30502824e+01
4999.6000 3.30408468e+01
5000.3000 3.21210907e+01
5001.0000 3.16199470e+01
5001.7000 3.07151176e+01
5002.4000 3.11350343e+01
5003.1000 3.13602740e+01
5003.8000 3.18343089e+01
5004.5000 3.21533250e+01
5005.2000 3.24631259e+01
5005.9000 3.22586948e+01
5006.6000 3.23027605e+01
5007.3000 3.24614932e+01
5008.0000 3.17523158e+01
5008.7000 3.15164762e+01
5009.4000 3.22173384e+01
5010.1000 3.22249837e+01
5010.8000 3.22330151e+01
5011.5000 3.21768716e+01
5012.2000 3.20499907e+01
5012.9000 3.17583416e+01
5013.6000 3.15716925e+01
5014.3000 3.15134504e+01
5015.0000 3.18707306e+01
5015.7000 3.14078891e+01
5016.4000 3.09014094e+01
5017.1000 3.12021795e+01
5017.8000 3.16482692e+01
5018.5000 3.27386462e+01
5019.2000 3.20456646e+01
5019.9000 3.16765993e+01
5020.6000 3.13534642e+01
5021.3000 3.15380072e+01
5022.0000 3.17537625e+01
5022.7000 3.12856669e+01
5023.4000 3.21082730e+01
5024.1000 3.47266802e+01
5024.8000 4.28071131e+01
5025.5000 4.85278939e+01
5026.2000 7.56684659e+01
5026.9000 8.94839175e+01
5027.6000 1.06564392e+02
5028.3000 1.15998320e+02
5029.0000 1.13018882e+02
5029.7000 9.81853630e+01
5030.4000 7.67605530e+01
5031.1000 6.37661426e+01
5031.8000 4.05437170e+01
5032.5000 3.72231787e+01
5033.2000 3.28621403e+01
5033.9000 3.13080808e+01
5034.6000 3.09957110e+01
5035.3000 3.10248566e+01
5036.0000 3.09188929e+01
5036.7000 3.08536821e+01
5037.4000 3.08102383e+01
5038.1000 3.05483920e+01
5038.8000 3.01830474e+01
5039.5000 3.01778859e+01
5040.2000 3.03265691e+01
5040.9000 3.08864510e+01
5041.6000 3.16607217e+01
5042.3000 3.21586491e+01
5043.0000 3.19781040e+01
5043.7000 3.15547200e+01
5044.4000 3.09254112e+01
5045.1000 3.10536995e+01
5045.8000 3.08332929e+01
5046.5000 2.97972065e+01
5047.2000 2.98641108e+01
5047.9000 2.99102789e+01
5048.6000 3.05926525e+01
5049.3000 3.06645401e+01
5050.0000 3.07671654e+01
5050.7000 3.09510788e+01
5051.4000 3.11027077e+01
5052.1000 3.15567883e+01
5052.8000 3.13031618e+01
5053.5000 3.11184398e+01
5054.2000 3.03426728e+01
5054.9000 2.99794541e+01
5055.6000 2.93996170e+01
5056.3000 2.98259069e+01
5057.0000 2.99859951e+01
5057.7000 3.01461721e+01
5058.4000 3.09102105e+01
5059.1000 3.15024669e+01
5059.8000 3.08502261e+01
5060.5000 3.10206988e+01
5061.2000 3.13754799e+01
5061.9000 3.06298097e+01
5062.6000 3.04005224e+01
5063.3000 3.04770500e+01
5064.0000 3.06116863e+01
5064.7000 3.07223259e+01
5065.4000 3.00473112e+01
5066.1000 3.00807229e+01
5066.8000 3.02204196e+01
5067.5000 3.06997620e+01
5068.2000 3.08427541e+01
5068.9000 3.06832961e+01
5069.6000 3.06183892e+01
5070.3000 3.05612134e+01
5071.0000 3.07165180e+01
5071.7000 3.07071212e+01
5072.4000 3.06659456e+01
5073.1000 3.05160721e+01
5073.8000 3.04721367e+01
5074.5000 3.05770134e+01
5075.2000 3.03388134e+01
5075.9000 3.01172111e+01
5076.6000 3.08775454e+01
5077.3000 3.06548851e+01
5078.0000 3.00141718e+01
5078.7000 3.06217141e+01
5079.4000 3.08455783e+01
5080.1000 3.06537512e+01
5080.8000 3.04359556e+01
5081.5000 3.02210434e+01
5082.2000 2.96507675e+01
5082.9000 2.98850492e+01
5083.6000 3.05919856e+01
5084.3000 2.99049876e+01
5085.0000 2.96673635e+01
5085.7000 3.03305358e+01
5086.4000 3.03178890e+01
5087.1000 3.03048292e+01
5087.8000 3.04551752e+01
5088.5000 3.06566633e+01
5089.2000 3.11253985e+01
5089.9000 3.09855419e+01
5090.6000 3.09554857e+01
5091.3000 3.14185618e+01
5092.0000 3.09445793e+01
5092.7000 3.04184432e+01
5093.4000 3.02179249e+01
5094.1000 3.01638649e+01
5094.8000 3.01048247e+01
5095.5000 2.98195272e+01
5096.2000 2.96894955e+01
5096.9000 2.99368370e+01
5097.6000 3.03930411e+01
5098.3000 3.09324846e+01
5099.0000 3.04317996e+01
5099.7000 3.02588515e+01
5100.4000 3.00049890e+01
5101.1000 3.01908575e+01
5101.8000 3.02947224e+01
5102.5000 3.04125322e+01
5103.2000 3.02336517e+01
5103.9000 3.00107143e+01
5104.6000 2.95009279e+01
5105.3000 2.95716399e+01
5106.0000 3.01162333e+01
5106.7000 2.96903845e+01
5107.4000 2.94717474e+01
5108.1000 3.03382764e+01
5108.8000 3.05162084e+01
5109.5000 3.07549543e+01
5110.2000 3.02339791e+01
5110.9000 3.01278984e+01
5111.6000 3.01498336e+01
5112.3000 3.03018441e+01
5113.0000 3.03938143e+01
5113.7000 3.04182925e+01
5114.4000 3.06120634e+01
5115.1000 3.08885923e+01
5115.8000 2.99185081e+01
5116.5000 2.98466899e+01
5117.2000 3.04453130e+01
5117.9000 2.95996984e+01
5118.6000 2.90466203e+01
5119.3000 2.96722941e+01
5120.0000 2.96782720e+01
5120.7000 2.96895495e+01
5121.4000 3.04137486e+01
5122.1000 3.05826037e+01
5122.8000 3.05207722e+01
5123.5000 3.09391094e+01
5124.2000 3.12287295e+01
5124.9000 3.88270502e+01
5125.6000 5.08626187e+01
5126.3000 7.00253766e+01
5127.0000 1.23693797e+02
5127.7000 1.52141045e+02
5128.4000 2.14060217e+02
5129.1000 2.26493636e+02
5129.8000 2.35682765e+02
5130.5000 1.90876466e+02
5131.2000 1.60249762e+02
5131.9000 1.10080738e+02
5132.6000 6.39062655e+01
5133.3000 4.73719823e+01
5134.0000 3.49727270e+01
5134.7000 3.31495028e+01
5135.4000 3.17154595e+01
5136.1000 2.96160134e+01
5136.8000 2.98814110e+01
5137.5000 3.05413357e+01
5138.2000 2.94027776e+01
5138.9000 2.91507241e+01
5139.6000 2.98828133e+01
5140.3000 3.01764345e+01
5141.0000 3.04213763e+01
5141.7000 2.99760828e+01
5142.4000 2.97245478e+01
5143.1000 2.92893426e+01
5143.8000 2.99831894e+01
5144.5000 3.01872708e+01
5145.2000 2.99000634e+01
5145.9000 2.97453709e+01
5146.6000 2.96079847e+01
5147.3000 2.99257714e+01
5148.0000 3.00405651e+01
5148.7000 3.02294399e+01
5149.4000 2.94192416e+01
5150.1000 2.91376232e+01
5150.8000 2.93827987e+01
5151.5000 2.93012356e+01
5152.2000 2.92243403e+01
5152.9000 2.94631780e+01
5153.6000 2.95762377e+01
5154.3000 2.97790067e+01
5155.0000 2.95864628e+01
5155.7000 2.95127598e+01
5156.4000 2.95749825e+01
5157.1000 2.96119027e+01
5157.8000 2.96488454e+01
5158.5000 2.93201074e+01
5159.2000 2.90889504e+01
5159.9000 2.86259271e+01
5160.6000 2.87899470e+01
5161.3000 2.89037418e+01
5162.0000 2.93286394e+01
5162.7000 2.96365500e+01
5163.4000 2.99636134e+01
5164.1000 2.96999194e+01
5164.8000 2.96604292e+01
5165.5000 2.96509838e+01
5166.2000 2.96494842e+01
5166.9000 2.96783676e+01
5167.6000 3.00603322e+01
5168.3000 2.96662030e+01
5169.0000 2.92219425e+01
5169.7000 3.02545282e+01
5170.4000 3.00666723e+01
5171.1000 2.91030315e+01
5171.8000 3.01212326e+01
5172.5000 3.07047475e+01
5173.2000 3.17095112e+01
5173.9000 3.93943115e+01
5174.6000 4.85972689e+01
5175.3000 1.16363856e+02
5176.0000 1.73502608e+02
5176.7000 3.10308873e+02
5177.4000 4.62085769e+02
5178.1000 5.49724394e+02
5178.8000 6.49848570e+02
5179.5000 6.02675160e+02
5180.2000 5.42668129e+02
5180.9000 3.49102230e+02
5181.6000 2.65330727e+02
5182.3000 1.14539928e+02
5183.0000 7.34531822e+01
5183.7000 4.90949164e+01
5184.4000 3.72628155e+01
5185.1000 3.54670540e+01
5185.8000 3.30399265e+01
5186.5000 3.14684042e+01
5187.2000 3.11335852e+01
5187.9000 3.11578114e+01
5188.6000 3.05307221e+01
5189.3000 3.01271588e+01
5190.0000 2.92628496e+01
5190.7000 2.88450146e+01
5191.4000 2.82457552e+01
5192.1000 2.85077177e+01
5192.8000 2.85962369e+01
5193.5000 2.87057660e+01
5194.2000 2.86161942e+01
5194.9000 2.85550668e+01
5195.6000 2.88103418e+01
5196.3000 2.87185692e+01
5197.0000 2.85799976e+01
5197.7000 2.86649249e+01
5198.4000 2.86978497e+01
5199.1000 2.87554483e+01
5199.8000 2.80838502e+01
5200.5000 2.76082001e+01
5201.2000 2.84683508e+01
5201.9000 2.83146614e+01
5202.6000 2.80438025e+01
5203.3000 2.77994554e+01
5204.0000 2.77233232e+01
5204.7000 2.77084063e+01
5205.4000 2.78732427e+01
5206.1000 2.79954893e+01
5206.8000 2.79848254e+01
5207.5000 2.81726846e+01
5208.2000 2.85036682e+01
5208.9000 2.82905564e+01
5209.6000 2.82608532e+01
5210.3000 2.84689874e+01
5211.0000 2.84852883e+01
5211.7000 2.84974576e+01
5212.4000 2.87846629e+01
5213.1000 2.84261791e+01
5213.8000 2.77389420e+01
5214.5000 2.79117936e+01
5215.2000 2.79197802e+01
5215.9000 2.76307789e+01
5216.6000 2.78594340e+01
5217.3000 2.80530039e+01
5218.0000 2.78652152e+01
5218.7000 2.76583960e+01
5219.4000 2.72749636e+01
5220.1000 2.74850442e+01
5220.8000 2.75823391e+01
5221.5000 2.77236955e+01
5222.2000 2.78326176e+01
5222.9000 2.79308713e+01
5223.6000 2.75475061e+01
5224.3000 2.77711314e+01
5225.0000 2.83130719e+01
5225.7000 2.87060626e+01
5226.4000 2.87101509e+01
5227.1000 2.75381559e+01
5227.8000 2.75686098e+01
5228.5000 2.75979522e+01
5229.2000 2.77839877e+01
5229.9000 2.75972093e+01
5230.6000 2.71277326e+01
5231.3000 2.73403024e+01
5232.0000 2.74431567e+01
5232.7000 2.75493745e+01
5233.4000 2.75566616e+01
5234.1000 2.75640614e+01
5234.8000 2.75278177e+01
5235.5000 2.76550782e+01
5236.2000 2.79738501e+01
5236.9000 2.73535808e+01
5237.6000 2.71250616e+01
5238.3000 2.76947819e+01
5239.0000 2.74780983e+01
5239.7000 2.72444225e+01
5240.4000 2.68963308e+01
5241.1000 2.70358572e+01
5241.8000 2.75271079e+01
5242.5000 2.72265348e+01
5243.2000 2.70703559e+01
5243.9000 2.69305937e+01
5244.6000 2.72240385e+01
5245.3000 2.75593666e+01
5246.0000 2.72491922e+01
5246.7000 2.72146073e+01
5247.4000 2.72542291e+01
5248.1000 2.74374325e+01
5248.8000 2.75605246e+01
5249.5000 2.80380052e+01
5250.2000 2.74279101e+01
5250.9000 2.66865301e+01
5251.6000 2.64992613e+01
5252.3000 2.66895883e+01
5253.0000 2.73777294e+01
5253.7000 2.74340500e+01
5254.4000 2.74593129e+01
5255.1000 2.73240473e+01
5255.8000 2.69989130e+01
5256.5000 2.65794892e+01
5257.2000 2.67863636e+01
5257.9000 2.66897254e+01
5258.6000 2.62325620e+01
5259.3000 2.59131261e+01
5260.0000 2.57403040e+01
5260.7000 2.64452535e+01
5261.4000 2.63990988e+01
5262.1000 2.63366671e+01
5262.8000 2.74345775e+01
5263.5000 2.75021173e+01
5264.2000 2.68690549e+01
5264.9000 2.68188292e+01
5265.6000 2.67838109e+01
5266.3000 2.65949192e+01
5267.0000 2.68685063e+01
5267.7000 2.72694103e+01
5268.4000 2.71929580e+01
5269.1000 2.72173251e+01
5269.8000 2.73974394e+01
5270.5000 2.73006711e+01
5271.2000 2.72340963e+01
5271.9000 2.67276507e+01
5272.6000 2.65161263e+01
5273.3000 2.61942441e+01
5274.0000 2.64760793e+01
5274.7000 2.64890597e+01
5275.4000 2.62237509e+01
5276.1000 2.59385263e+01
5276.8000 2.57333485e+01
5277.5000 2.62537237e+01
5278.2000 2.63513232e+01
5278.9000 2.64971899e+01
5279.6000 2.55622446e+01
5280.3000 2.55487062e+01
5281.0000 2.68178781e+01
5281.7000 2.66818312e+01
5282.4000 2.65779330e+01
5283.1000 2.70312355e+01
5283.8000 2.68480460e+01
5284.5000 2.64969132e+01
5285.2000 2.63581895e+01
5285.9000 2.63194483e+01
5286.6000 2.63503654e+01
5287.3000 2.60931455e+01
5288.0000 2.58852469e+01
5288.7000 2.58182722e+01
5289.4000 2.60751150e+01
5290.1000 2.65654406e+01
5290.8000 2.62914034e+01
5291.5000 2.63283528e+01
5292.2000 2.71257635e+01
5292.9000 2.67109016e+01
5293.6000 2.63547457e+01
5294.3000 2.62872839e+01
5295.0000 2.60746081e+01
5295.7000 2.56535908e+01
5296.4000 2.64465968e+01
5297.1000 2.66471631e+01
5297.8000 2.59789115e+01
5298.5000 2.56390795e+01
5299.2000 2.53291723e+01
5299.9000 2.55749276e+01
5300.6000 2.58324520e+01
5301.3000 2.63383977e+01
5302.0000 2.64354890e+01
5302.7000 2.63822591e+01
5303.4000 2.56289452e+01
5304.1000 2.58600876e+01
5304.8000 2.60842165e+01
5305.5000 2.62270569e+01
5306.2000 2.62516058e+01
5306.9000 2.62700271e+01
5307.6000 2.62039744e+01
5308.3000 2.61831474e+01
5309.0000 2.62427959e+01
5309.7000 2.59281246e+01
5310.4000 2.56040316e+01
5311.1000 2.65394385e+01
5311.8000 2.66898522e+01
5312.5000 2.67732989e+01
5313.2000 2.69747178e+01
5313.9000 2.70935570e+01
5314.6000 2.73789122e+01
5315.3000 2.68669901e+01
5316.0000 2.63073462e+01
5316.7000 2.64694607e+01
5317.4000 2.65816014e+01
5318.1000 2.68191367e+01
5318.8000 2.63508687e+01
5319.5000 2.61347064e+01
5320.2000 2.63584657e+01
5320.9000 2.61296353e+01
5321.6000 2.58640865e+01
5322.3000 2.58175148e+01
5323.0000 2.58735501e+01
5323.7000 2.60590170e+01
5324.4000 2.61848964e+01
5325.1000 2.61943379e+01
5325.8000 2.51426918e+01
5326.5000 2.57460106e+01
5327.2000 2.64897138e+01
5327.9000 2.60811212e+01
5328.6000 2.60768085e+01
5329.3000 2.63010367e+01
5330.0000 2.60088937e+01
5330.7000 2.58340784e+01
5331.4000 2.55925621e+01
5332.1000 2.55180819e+01
5332.8000 2.54211796e+01
5333.5000 2.57873722e+01
5334.2000 2.58479776e+01
5334.9000 2.58019040e+01
5335.6000 2.55840111e+01
5336.3000 2.54439931e+01
5337.0000 2.50587594e+01
5337.7000 2.53495747e+01
5338.4000 2.57549737e+01
5339.1000 2.62472240e+01
5339.8000 2.62212756e+01
5340.5000 2.57115169e+01
5341.2000 2.59215866e+01
5341.9000 2.60599609e+01
5342.6000 2.66670900e+01
5343.3000 2.66036205e+01
5344.0000 2.65099163e+01
5344.7000 2.57699031e+01
5345.4000 2.55999577e+01
5346.1000 2.56616583e+01
5346.8000 2.56581610e+01
5347.5000 2.56556269e+01
5348.2000 2.51812781e+01
5348.9000 2.52590364e+01
5349.6000 2.53885442e+01
5350.3000 2.57369001e+01
5351.0000 2.57680214e+01
5351.7000 2.54815471e+01
5352.4000 2.53991227e+01
5353.1000 2.53387110e+01
5353.8000 2.61470957e+01
5354.5000 2.63831579e+01
5355.2000 2.67474294e+01
5355.9000 2.68233437e+01
5356.6000 2.66749556e+01
5357.3000 2.58298229e+01
5358.0000 2.56257878e+01
5358.7000 2.54671414e+01
5359.4000 2.46843502e+01
5360.1000 2.48376962e+01
5360.8000 2.51716933e+01
5361.5000 2.54953845e+01
5362.2000 2.56745182e+01
5362.9000 2.61026477e+01
5363.6000 2.60852539e+01
5364.3000 2.60695689e+01
5365.0000 2.61554698e+01
5365.7000 2.59635398e+01
5366.4000 2.55924229e+01
5367.1000 2.58085200e+01
5367.8000 2.58946771e+01
5368.5000 2.59840446e+01
5369.2000 2.61507213e+01
5369.9000 2.62946624e+01
5370.6000 2.64275604e+01
5371.3000 2.60244261e+01
5372.0000 2.51876972e+01
5372.7000 2.55479214e+01
5373.4000 2.57855735e+01
5374.1000 2.65439233e+01
5374.8000 2.59510628e+01
5375.5000 2.54018737e+01
5376.2000 2.52816757e+01
5376.9000 2.56910592e+01
5377.6000 2.66210423e+01
5378.3000 2.62498736e+01
5379.0000 2.61466777e+01
5379.7000 2.65816144e+01
5380.4000 2.62570591e+01
5381.1000 2.59383153e+01
5381.8000 2.61292918e+01
5382.5000 2.60667371e+01
5383.2000 2.58792039e+01
5383.9000 2.51397901e+01
5384.6000 2.48302983e+01
5385.3000 2.49999008e+01
5386.0000 2.52355505e+01
5386.7000 2.54819978e+01
5387.4000 2.55040540e+01
5388.1000 2.54980477e+01
5388.8000 2.54817081e+01
5389.5000 2.50159458e+01
5390.2000 2.47931208e+01
5390.9000 2.47616381e+01
5391.6000 2.51875371e+01
5392.3000 2.56600544e+01
5393.0000 2.56196301e+01
5393.7000 2.55327471e+01
5394.4000 2.53146262e+01
5395.1000 2.52433995e+01
5395.8000 2.52226319e+01
5396.5000 2.54515340e+01
5397.2000 2.55616601e+01
5397.9000 2.56915233e+01
5398.6000 2.47694220e+01
5399.3000 2.46643552e+01
5400.0000 2.48098171e+01
5400.7000 2.49750451e+01
5401.4000 2.50951829e+01
5402.1000 2.57168870e+01
5402.8000 2.58347609e+01
5403.5000 2.59819069e+01
5404.2000 2.54029131e+01
5404.9000 2.52595630e+01
5405.6000 2.51487529e+01
5406.3000 2.44725355e+01
5407.0000 2.41302417e+01
5407.7000 2.54863932e+01
5408.4000 2.52734158e+01
5409.1000 2.49901826e+01
5409.8000 2.51017002e+01
5410.5000 2.51610014e+01
5411.2000 2.52859718e+01
5411.9000 2.48881042e+01
5412.6000 2.46534215e+01
5413.3000 2.51653149e+01
5414.0000 2.50333029e+01
5414.7000 2.48471505e+01
5415.4000 2.41969917e+01
5416.1000 2.40285867e+01
5416.8000 2.39663643e+01
5417.5000 2.47448717e+01
5418.2000 2.52498581e+01
5418.9000 2.48635882e+01
5419.6000 2.46561365e+01
5420.3000 2.43458376e+01
5421.0000 2.51646941e+01
5421.7000 2.52795248e+01
5422.4000 2.48950316e+01
5423.1000 2.50326580e+01
5423.8000 2.51265701e+01
5424.5000 2.58793079e+01
5425.2000 2.54144053e+01
5425.9000 2.46581633e+01
5426.6000 2.47033104e+01
5427.3000 2.47090272e+01
5428.0000 2.46889383e+01
5428.7000 2.46324885e+01
5429.4000 2.45894665e+01
5430.1000 2.45555435e+01
5430.8000 2.47685038e+01
5431.5000 2.51366949e+01
5432.2000 2.49072151e+01
5432.9000 2.46748587e+01
5433.6000 2.38580916e+01
5434.3000 2.37811181e+01
5435.0000 2.37197283e+01
5435.7000 2.34387009e+01
5436.4000 2.36073263e+01
5437.1000 2.39404328e+01
5437.8000 2.34410911e+01
5438.5000 2.34500596e+01
5439.2000 2.44593875e+01
5439.9000 2.41699754e+01
5440.6000 2.39283745e+01
5441.3000 2.38994258e+01
5442.0000 2.37055236e+01
5442.7000 2.33358425e+01
5443.4000 2.36044238e+01
5444.1000 2.37156058e+01
5444.8000 2.38267078e+01
5445.5000 2.38482555e+01
5446.2000 2.38670126e+01
5446.9000 2.39290878e+01
5447.6000 2.36983472e+01
5448.3000 2.32117025e+01
5449.0000 2.34319365e+01
5449.7000 2.34826387e+01
5450.4000 2.32383296e+01
5451.1000 2.38278551e+01
5451.8000 2.43813759e+01
5452.5000 2.39585984e+01
5453.2000 2.37636056e+01
5453.9000 2.34212351e+01
5454.6000 2.36244723e+01
5455.3000 2.36881712e+01
5456.0000 2.35146129e+01
5456.7000 2.32873090e+01
5457.4000 2.30608965e+01
5458.1000 2.38823768e+01
5458.8000 2.39271456e+01
5459.5000 2.38108829e+01
5460.2000 2.33537206e+01
5460.9000 2.31269181e+01
5461.6000 2.28878504e+01
5462.3000 2.30391351e+01
5463.0000 2.31993976e+01
5463.7000 2.36593170e+01
5464.4000 2.37463245e+01
5465.1000 2.38118930e+01
5465.8000 2.32702841e+01
5466.5000 2.30314706e+01
5467.2000 2.32724676e+01
5467.9000 2.31916483e+01
5468.6000 2.31006739e+01
5469.3000 2.39168900e+01
5470.0000 2.38514518e+01
5470.7000 2.33222975e+01
5471.4000 2.36765629e+01
5472.1000 2.38087255e+01
5472.8000 2.30151173e+01
5473.5000 2.25852446e+01
5474.2000 2.20716908e+01
5474.9000 2.28524253e+01
5475.6000 2.31252214e+01
5476.3000 2.35374923e+01
5477.0000 2.36724511e+01
5477.7000 2.37268300e+01
5478.4000 2.32948280e+01
5479.1000 2.33224001e+01
5479.8000 2.33569541e+01
5480.5000 2.28056420e+01
5481.2000 2.28263767e+01
5481.9000 2.32399386e+01
5482.6000 2.31501905e+01
5483.3000 2.31149718e+01
5484.0000 2.36835502e+01
5484.7000 2.32326288e+01
5485.4000 2.26246258e+01
5486.1000 2.37147640e+01
5486.8000 2.39125923e+01
5487.5000 2.37824623e+01
5488.2000 2.34026818e+01
5488.9000 2.31641933e+01
5489.6000 2.29919462e+01
5490.3000 2.29574489e+01
5491.0000 2.29082010e+01
5491.7000 2.33470848e+01
5492.4000 2.33684484e+01
5493.1000 2.30488814e+01
5493.8000 2.31289694e+01
5494.5000 2.31813720e+01
5495.2000 2.33997544e+01
5495.9000 2.33326203e+01
5496.6000 2.32306499e+01
5497.3000 2.31705977e+01
5498.0000 2.31260399e+01
5498.7000 2.30069156e+01
5499.4000 2.33805236e+01
5500.1000 2.36426749e+01
5500.8000 2.33218653e+01
5501.5000 2.34096283e+01
5502.2000 2.35618957e+01
5502.9000 2.33184885e+01
5503.6000 2.32456667e+01
5504.3000 2.32349814e+01
5505.0000 2.30246626e+01
5505.7000 2.28668038e+01
5506.4000 2.29164090e+01
5507.1000 2.30940359e+01
5507.8000 2.34003472e+01
5508.5000 2.32863528e+01
5509.2000 2.31248115e+01
5509.9000 2.24682276e+01
5510.6000 2.26802275e+01
5511.3000 2.28484587e+01
5512.0000 2.26102691e+01
5512.7000 2.27855907e+01
5513.4000 2.31320687e+01
5514.1000 2.31811421e+01
5514.8000 2.31767853e+01
5515.5000 2.30574741e+01
5516.2000 2.32455619e+01
5516.9000 2.34043662e+01
5517.6000 2.33073716e+01
5518.3000 2.32674677e+01
5519.0000 2.32017882e+01
5519.7000 2.32813450e+01
5520.4000 2.32494174e+01
5521.1000 2.28434373e+01
5521.8000 2.28845506e+01
5522.5000 2.29215220e+01
5523.2000 2.33644684e+01
5523.9000 2.33659956e+01
5524.6000 2.32922860e+01
5525.3000 2.33233398e+01
5526.0000 2.33728815e+01
5526.7000 2.36581247e+01
5527.4000 2.33176786e+01
5528.1000 2.29934896e+01
5528.8000 2.30849298e+01
5529.5000 2.32946668e+01
5530.2000 2.37485348e+01
5530.9000 2.31626824e+01
5531.6000 2.28486475e+01
5532.3000 2.22459549e+01
5533.0000 2.23908526e+01
5533.7000 2.25373781e+01
5534.4000 2.26647961e+01
5535.1000 2.27085364e+01
5535.8000 2.27774122e+01
5536.5000 2.32643957e+01
5537.2000 2.34355796e+01
5537.9000 2.29014176e+01
5538.6000 2.28129898e+01
5539.3000 2.27179816e+01
5540.0000 2.28691433e+01
5540.7000 2.26956666e+01
5541.4000 2.21859060e+01
5542.1000 2.24079733e+01
5542.8000 2.25847639e+01
5543.5000 2.34938496e+01
5544.2000 2.37506052e+01
5544.9000 2.40432486e+01
5545.6000 2.30971822e+01
5546.3000 2.28012260e+01
5547.0000 2.23834088e+01
5547.7000 2.29595417e+01
5548.4000 2.32551654e+01
5549.1000 2.31892186e+01
5549.8000 2.30510199e+01
5550.5000 2.28835100e+01
5551.2000 2.32723774e+01
5551.9000 2.34385959e+01
5552.6000 2.37342066e+01
5553.3000 2.38502119e+01
5554.0000 2.38830154e+01
5554.7000 2.31176222e+01
5555.4000 2.30720247e+01
5556.1000 2.30129620e+01
5556.8000 2.27816194e+01
5557.5000 2.27165195e+01
5558.2000 2.26498307e+01
5558.9000 2.28593860e+01
5559.6000 2.30008610e+01
5560.3000 2.36434678e+01
5561.0000 2.39969433e+01
5561.7000 2.44796385e+01
5562.4000 2.34388050e+01
5563.1000 2.33901948e+01
5563.8000 2.40412231e+01
5564.5000 2.45840736e+01
5565.2000 2.49322449e+01
5565.9000 2.54307288e+01
5566.6000 2.52458788e+01
5567.3000 2.49759445e+01
5568.0000 2.43887869e+01
5568.7000 2.40630792e+01
5569.4000 2.33344766e+01
5570.1000 2.33884437e+01
5570.8000 2.34249080e+01
5571.5000 2.31949721e+01
5572.2000 2.32263016e+01
5572.9000 2.32758387e+01
5573.6000 2.32926578e+01
5574.3000 2.32878289e+01
5575.0000 2.32471185e+01
5575.7000 2.32637213e+01
5576.4000 2.32751865e+01
5577.1000 2.33284432e+01
5577.8000 2.32926129e+01
5578.5000 2.32322868e+01
5579.2000 2.32787973e+01
5579.9000 2.32901827e+01
5580.6000 2.32848323e+01
5581.3000 2.33094664e+01
5582.0000 2.33272896e+01
5582.7000 2.32206716e+01
5583.4000 2.32660468e+01
5584.1000 2.33545874e+01
5584.8000 2.42061297e+01
5585.5000 2.45151664e+01
5586.2000 2.47390654e+01
5586.9000 2.47984764e+01
5587.6000 2.48453519e+01
5588.3000 2.44238432e+01
5589.0000 2.41687919e+01
5589.7000 2.37349763e+01
5590.4000 2.33815962e+01
5591.1000 2.32607201e+01
5591.8000 2.32770425e+01
5592.5000 2.37054199e+01
5593.2000 2.40715978e+01
5593.9000 2.42044997e+01
5594.6000 2.40828023e+01
5595.3000 2.38246225e+01
5596.0000 2.37833481e+01
5596.7000 2.37429237e+01
5597.4000 2.35845499e+01
5598.1000 2.36919285e+01
5598.8000 2.37893527e+01
5599.5000 2.35580891e+01
5600.2000 2.34400153e+01
5600.9000 2.32329869e+01
5601.6000 2.29748360e+01
5602.3000 2.29368346e+01
5603.0000 2.34659987e+01
5603.7000 2.38387909e+01
5604.4000 2.41989155e+01
5605.1000 2.35719708e+01
5605.8000 2.33119862e+01
5606.5000 2.28660911e+01
5607.2000 2.27542738e+01
5607.9000 2.26960686e+01
5608.6000 2.26078411e+01
5609.3000 2.27318127e+01
5610.0000 2.28591066e+01
5610.7000 2.32129035e+01
5611.4000 2.31210259e+01
5612.1000 2.27874971e+01
5612.8000 2.27975729e+01
5613.5000 2.28576409e+01
5614.2000 2.34848909e+01
5614.9000 2.34046467e+01
5615.6000 2.33173831e+01
5616.3000 2.31270801e+01
5617.0000 2.31781640e+01
5617.7000 2.33873390e+01
5618.4000 2.34350309e+01
5619.1000 2.34252097e+01
5619.8000 2.29634793e+01
5620.5000 2.31141453e+01
5621.2000 2.32884553e+01
5621.9000 2.29228611e+01
5622.6000 2.29600146e+01
5623.3000 2.32384122e+01
5624.0000 2.34770711e+01
5624.7000 2.36015085e+01
5625.4000 2.35830614e+01
5626.1000 2.32917085e+01
5626.8000 2.29340762e+01
5627.5000 2.23289442e+01
5628.2000 2.23482315e+01
5628.9000 2.27538356e+01
5629.6000 2.29650803e+01
5630.3000 2.30690822e+01
5631.0000 2.26873887e+01
5631.7000 2.26626218e+01
5632.4000 2.26305872e+01
5633.1000 2.28403071e+01
5633.8000 2.29186484e+01
5634.5000 2.30404984e+01
5635.2000 2.33855568e+01
5635.9000 2.35754833e+01
5636.6000 2.28069704e+01
5637.3000 2.27756604e+01
5638.0000 2.27323882e+01
5638.7000 2.31607806e+01
5639.4000 2.32885155e+01
5640.1000 2.34030520e+01
5640.8000 2.28660246e+01
5641.5000 2.25222995e+01
5642.2000 2.24625473e+01
5642.9000 2.25582367e+01
5643.6000 2.26992571e+01
5644.3000 2.31331185e+01
5645.0000 2.32279681e+01
5645.7000 2.31731454e+01
5646.4000 2.30603433e+01
5647.1000 2.29839603e+01
5647.8000 2.27110020e+01
5648.5000 2.25347677e+01
5649.2000 2.22606376e+01
5649.9000 2.28195401e+01
5650.6000 2.30519806e+01
5651.3000 2.34069364e+01
5652.0000 2.31604567e+01
5652.7000 2.29823050e+01
5653.4000 2.30413494e+01
5654.1000 2.29256934e+01
5654.8000 2.27287801e+01
5655.5000 2.22669508e+01
5656.2000 2.21311232e+01
5656.9000 2.21348018e+01
5657.6000 2.25181919e+01
5658.3000 2.28136768e+01
5659.0000 2.22981672e+01
5659.7000 2.22098084e+01
5660.4000 2.20875886e+01
5661.1000 2.27932977e+01
5661.8000 2.29820957e+01
5662.5000 2.27635545e+01
5663.2000 2.27304929e+01
5663.9000 2.27035583e+01
5664.6000 2.28264624e+01
5665.3000 2.28880974e+01
5666.0000 2.29918795e+01
5666.7000 2.32347243e+01
5667.4000 2.32269447e+01
5668.1000 2.26462275e+01
5668.8000 2.24472316e+01
5669.5000 2.22743591e+01
5670.2000 2.29552627e+01
5670.9000 2.29925924e+01
5671.6000 2.29669206e+01
5672.3000 2.28630797e+01
5673.0000 2.28235497e+01
5673.7000 2.28189882e+01
5674.4000 2.24174665e+01
5675.1000 2.20469595e+01
5675.8000 2.28106969e+01
5676.5000 2.28278923e+01
5677.2000 2.27140377e+01
5677.9000 2.24538797e+01
5678.6000 2.23993535e+01
5679.3000 2.28195723e+01
5680.0000 2.26692218e+01
5680.7000 2.25218808e+01
5681.4000 2.20496254e+01
5682.1000 2.22215665e+01
5682.8000 2.27441043e+01
5683.5000 2.29808869e+01
5684.2000 2.30638036e+01
5684.9000 2.28640510e+01
5685.6000 2.27270855e+01
5686.3000 2.25845172e+01
5687.0000 2.27677872e+01
5687.7000 2.25544977e+01
5688.4000 2.19586844e+01
5689.1000 2.22410614e+01
5689.8000 2.23606244e+01
5690.5000 2.22156609e+01
5691.2000 2.22917043e+01
5691.9000 2.23756396e+01
5692.6000 2.24916241e+01
5693.3000 2.22623690e+01
5694.0000 2.15955001e+01
5694.7000 2.21051943e+01
5695.4000 2.23556950e+01
5696.1000 2.22957014e+01
5696.8000 2.22583079e+01
5697.5000 2.22146591e+01
5698.2000 2.20679819e+01
5698.9000 2.22640499e+01
5699.6000 2.29142517e+01
5700.3000 2.27292572e+01
5701.0000 2.26096062e+01
5701.7000 2.22282999e+01
5702.4000 2.23268209e+01
5703.1000 2.24501969e+01
5703.8000 2.26883418e+01
5704.5000 2.26560646e+01
5705.2000 2.24171434e+01
5705.9000 2.26459851e+01
5706.6000 2.27964682e+01
5707.3000 2.34118140e+01
5708.0000 2.29244172e+01
5708.7000 2.22804752e+01
5709.4000 2.26801147e+01
5710.1000 2.26986853e+01
5710.8000 2.24811327e+01
5711.5000 2.25939605e+01
5712.2000 2.26511037e+01
5712.9000 2.21032800e+01
5713.6000 2.20128933e+01
5714.3000 2.18872049e+01
5715.0000 2.23064338e+01
5715.7000 2.24265357e+01
5716.4000 2.25210406e+01
5717.1000 2.24560406e+01
5717.8000 2.24141533e+01
5718.5000 2.28252108e+01
5719.2000 2.25382094e+01
5719.9000 2.21100691e+01
5720.6000 2.19647117e+01
5721.3000 2.18617750e+01
5722.0000 2.15938323e+01
5722.7000 2.22614981e+01
5723.4000 2.27220968e+01
5724.1000 2.13782046e+01
5724.8000 2.19032120e+01
5725.5000 2.27669134e+01
5726.2000 2.22415564e+01
5726.9000 2.21708868e+01
5727.6000 2.25201730e+01
5728.3000 2.24079442e+01
5729.0000 2.23251147e+01
5729.7000 2.23450297e+01
5730.4000 2.24132663e+01
5731.1000 2.25293208e+01
5731.8000 2.25287607e+01
5732.5000 2.25007740e+01
5733.2000 2.23626621e+01
5733.9000 2.22118799e+01
5734.6000 2.20938690e+01
5735.3000 2.18095883e+01
5736.0000 2.20381449e+01
5736.7000 2.24757491e+01
5737.4000 2.25903542e+01
5738.1000 2.24769990e+01
5738.8000 2.16208374e+01
5739.5000 2.14972776e+01
5740.2000 2.13944912e+01
5740.9000 2.17082039e+01
5741.6000 2.18666933e+01
5742.3000 2.21383361e+01
5743.0000 2.22884188e+01
5743.7000 2.22885716e+01
5744.4000 2.19511003e+01
5745.1000 2.21484823e+01
5745.8000 2.23221303e+01
5746.5000 2.23759863e+01
5747.2000 2.22622761e+01
5747.9000 2.20199552e+01
5748.6000 2.17405834e+01
5749.3000 2.16619541e+01
5750.0000 2.18814556e+01
5750.7000 2.19037189e+01
5751.4000 2.19242894e+01
5752.1000 2.19223811e+01
5752.8000 2.17832820e+01
5753.5000 2.14777532e+01
5754.2000 2.21354869e+01
5754.9000 2.23691594e+01
5755.6000 2.20556453e+01
5756.3000 2.21248535e+01
5757.0000 2.21935360e+01
5757.7000 2.21321208e+01
5758.4000 2.21130226e+01
5759.1000 2.20877925e+01
5759.8000 2.20245900e+01
5760.5000 2.19888352e+01
5761.2000 2.19264755e+01
5761.9000 2.18852757e+01
5762.6000 2.18420263e+01
5763.3000 2.24098286e+01
5764.0000 2.23622145e+01
5764.7000 2.20527084e+01
5765.4000 2.09489153e+01
5766.1000 2.03779214e+01
5766.8000 1.98237821e+01
5767.5000 1.99898067e+01
5768.2000 2.01761537e+01
5768.9000 2.06339746e+01
5769.6000 2.09232158e+01
5770.3000 2.15348855e+01
5771.0000 2.11111908e+01
5771.7000 2.09129200e+01
5772.4000 2.12020539e+01
5773.1000 2.04570059e+01
5773.8000 1.95712470e+01
5774.5000 1.96458287e+01
5775.2000 1.96903324e+01
5775.9000 1.97877575e+01
5776.6000 1.98231518e+01
5777.3000 1.99049620e+01
5778.0000 2.12538755e+01
5778.7000 2.10968246e+01
5779.4000 2.08988002e+01
5780.1000 2.09766128e+01
5780.8000 2.10722884e+01
5781.5000 2.13357700e+01
5782.2000 2.18051188e+01
5782.9000 2.20770399e+01
5783.6000 2.20701224e+01
5784.3000 2.20038997e+01
5785.0000 2.19152674e+01
5785.7000 2.19070337e+01
5786.4000 2.19448874e+01
5787.1000 2.20855412e+01
5787.8000 2.14965635e+01
5788.5000 2.11485687e+01
5789.2000 2.22469225e+01
5789.9000 2.18807636e+01
5790.6000 2.13577952e+01
5791.3000 2.16751036e+01
5792.0000 2.17514300e+01
5792.7000 2.17561050e+01
5793.4000 2.17197447e+01
5794.1000 2.16959840e+01
5794.8000 2.16723117e+01
5795.5000 2.17896200e+01
5796.2000 2.19677347e+01
5796.9000 2.20000816e+01
5797.6000 2.20294804e+01
5798.3000 2.21166977e+01
5799.0000 2.19391406e+01
5799.7000 2.18150096e+01
5800.4000 2.13893892e+01
5801.1000 2.11843284e+01
5801.8000 2.08622865e+01
5802.5000 2.17461223e+01
5803.2000 2.19914524e+01
5803.9000 2.19614803e+01
5804.6000 2.16317754e+01
5805.3000 2.13863507e+01
5806.0000 2.18737999e+01
5806.7000 2.18020352e+01
5807.4000 2.16509100e+01
5808.1000 2.12574656e+01
5808.8000 2.12561604e+01
5809.5000 2.18792118e+01
5810.2000 2.17842702e+01
5810.9000 2.17093994e+01
5811.6000 2.13886879e+01
5812.3000 2.13604394e+01
5813.0000 2.13349550e+01
5813.7000 2.15163675e+01
5814.4000 2.15392637e+01
5815.1000 2.13123690e+01
5815.8000 2.12686969e+01
5816.5000 2.12321121e+01
5817.2000 2.12235575e+01
5817.9000 2.12885214e+01
5818.6000 2.14162330e+01
5819.3000 2.16878429e+01
5820.0000 2.16467060e+01
5820.7000 2.07166830e+01
5821.4000 2.12098814e+01
5822.1000 2.16508725e+01
5822.8000 2.08127826e+01
5823.5000 2.09907211e+01
5824.2000 2.15079726e+01
5824.9000 2.10364581e+01
5825.6000 2.08109597e+01
5826.3000 2.04960240e+01
5827.0000 2.06464923e+01
5827.7000 2.07892598e+01
5828.4000 2.11208687e+01
5829.1000 2.11241823e+01
5829.8000 2.10577046e+01
5830.5000 2.09814729e+01
5831.2000 2.09934839e+01
5831.9000 2.13869072e+01
5832.6000 2.14825255e+01
5833.3000 2.15788795e+01
5834.0000 2.15523902e+01
5834.7000 2.12183153e+01
5835.4000 2.04164862e+01
5836.1000 2.09962494e+01
5836.8000 2.12555006e+01
5837.5000 2.12316701e+01
5838.2000 2.08378927e+01
5838.9000 2.04165964e+01
5839.6000 2.04282439e+01
5840.3000 2.05356556e+01
5841.0000 2.08117690e+01
5841.7000 2.11300022e+01
5842.4000 2.12414393e+01
5843.1000 2.06840372e+01
5843.8000 2.06695427e+01
5844.5000 2.06531228e+01
5845.2000 2.11966077e+01
5845.9000 2.11992042e+01
5846.6000 2.09664512e+01
5847.3000 2.08884230e+01
5848.0000 2.08463099e+01
5848.7000 2.08046537e+01
5849.4000 2.07997614e+01
5850.1000 2.07936093e+01
5850.8000 2.04958151e+01
5851.5000 2.05850590e+01
5852.2000 2.10136980e+01
5852.9000 2.06121729e+01
5853.6000 2.03984520e+01
5854.3000 2.05645871e+01
5855.0000 2.07439465e+01
5855.7000 2.09732848e+01
5856.4000 2.13928658e+01
5857.1000 2.11347632e+01
5857.8000 2.00028804e+01
5858.5000 2.01757913e+01
5859.2000 2.02837375e+01
5859.9000 2.04790462e+01
5860.6000 2.04428851e+01
5861.3000 2.03927160e+01
5862.0000 2.04335478e+01
5862.7000 2.04466601e+01
5863.4000 2.04593591e+01
5864.1000 2.03721862e+01
5864.8000 2.03153197e+01
5865.5000 2.01363120e+01
5866.2000 2.04239193e+01
5866.9000 2.08405891e+01
5867.6000 2.12137288e+01
5868.3000 2.11272761e+01
5869.0000 2.04336949e+01
5869.7000 2.00913447e+01
5870.4000 1.98611954e+01
5871.1000 1.98192730e+01
5871.8000 1.98220844e+01
5872.5000 1.98282348e+01
5873.2000 2.02105728e+01
5873.9000 2.04150118e+01
5874.6000 2.08734811e+01
5875.3000 2.11201383e+01
5876.0000 2.12932036e+01
5876.7000 2.09357658e+01
5877.4000 2.07398085e+01
5878.1000 2.04334773e+01
5878.8000 2.08660059e+01
5879.5000 2.08110941e+01
5880.2000 1.99675114e+01
5880.9000 1.98635915e+01
5881.6000 1.97826036e+01
5882.3000 2.05694808e+01
5883.0000 2.05726522e+01
5883.7000 2.05369757e+01
5884.4000 2.04099190e+01
5885.1000 2.02657715e+01
5885.8000 1.97361649e+01
5886.5000 1.97759785e+01
5887.2000 1.98059347e+01
5887.9000 1.96995951e+01
5888.6000 1.97117956e+01
5889.3000 1.97526303e+01
5890.0000 1.96625126e+01
5890.7000 1.96293677e+01
5891.4000 1.96439681e+01
5892.1000 1.95802128e+01
5892.8000 1.95246142e+01
5893.5000 1.95718704e+01
5894.2000 1.93911971e+01
5894.9000 1.90316514e+01
5895.6000 1.91714111e+01
5896.3000 1.92613902e+01
5897.0000 1.95505813e+01
5897.7000 1.93338039e+01
5898.4000 1.91369473e+01
5899.1000 1.99148471e+01
5899.8000 1.97890486e+01
5900.5000 1.93849053e+01
5901.2000 1.93563015e+01
5901.9000 1.93562297e+01
5902.6000 1.94663260e+01
5903.3000 1.94056644e+01
5904.0000 1.93473959e+01
5904.7000 1.92922521e+01
5905.4000 1.92237154e+01
5906.1000 1.90842076e+01
5906.8000 1.94010439e+01
5907.5000 1.94937000e+01
5908.2000 1.91113505e+01
5908.9000 1.90074361e+01
5909.6000 1.89015730e+01
5910.3000 1.91131762e+01
5911.0000 1.91032485e+01
5911.7000 1.90177025e+01
5912.4000 1.89371159e+01
5913.1000 1.88848242e+01
5913.8000 1.87190571e+01
5914.5000 1.84656652e+01
5915.2000 1.81909350e+01
5915.9000 1.84857821e+01
5916.6000 1.86467796e+01
5917.3000 1.89641258e+01
5918.0000 1.87679736e+01
5918.7000 1.86646663e+01
5919.4000 1.85638002e+01
5920.1000 1.80080490e+01
5920.8000 1.73674390e+01
5921.5000 1.89007305e+01
5922.2000 1.88649438e+01
5922.9000 1.80536200e+01
5923.6000 1.79623440e+01
5924.3000 1.79603836e+01
5925.0000 1.87743363e+01
5925.7000 1.88219473e+01
5926.4000 1.88798489e+01
5927.1000 1.86325860e+01
5927.8000 1.86074516e+01
5928.5000 1.86649988e+01
5929.2000 1.84376836e+01
5929.9000 1.82975660e+01
5930.6000 1.79517891e+01
5931.3000 1.78956977e+01
5932.0000 1.78220011e+01
5932.7000 1.80367230e+01
5933.4000 1.81653578e+01
5934.1000 1.84489580e+01
5934.8000 1.82768706e+01
5935.5000 1.81768915e+01
5936.2000 1.82760354e+01
5936.9000 1.83061195e+01
5937.6000 1.83469281e+01
5938.3000 1.79802501e+01
5939.0000 1.78779663e+01
5939.7000 1.78017712e+01
5940.4000 1.76325295e+01
5941.1000 1.75334985e+01
5941.8000 1.86383233e+01
5942.5000 1.86850325e+01
5943.2000 1.87531964e+01
5943.9000 1.86645850e+01
5944.6000 1.85604558e+01
5945.3000 1.82277685e+01
5946.0000 1.83696898e+01
5946.7000 1.84660413e+01
5947.4000 1.90302094e+01
5948.1000 1.87945324e+01
5948.8000 1.84188730e+01
5949.5000 1.83899065e+01
5950.2000 1.84199210e+01
5950.9000 1.85881580e+01
5951.6000 1.84682350e+01
5952.3000 1.83816510e+01
5953.0000 1.87795641e+01
5953.7000 1.84422605e+01
5954.4000 1.78644534e+01
5955.1000 1.79706306e+01
5955.8000 1.80912766e+01
5956.5000 1.85304926e+01
5957.2000 1.82767851e+01
5957.9000 1.80822106e+01
5958.6000 1.82554854e+01
5959.3000 1.81749197e+01
5960.0000 1.80193604e+01
5960.7000 1.80101130e+01
5961.4000 1.80246689e+01
5962.1000 1.81187828e+01
5962.8000 1.80699062e+01
5963.5000 1.80303393e+01
5964.2000 1.84138472e+01
5964.9000 1.83885484e+01
5965.6000 1.82993557e+01
5966.3000 1.83545622e+01
5967.0000 1.83608003e+01
5967.7000 1.82752096e+01
5968.4000 1.85515542e+01
5969.1000 1.87912713e+01
5969.8000 1.80163772e+01
5970.5000 1.78194113e+01
5971.2000 1.75308775e+01
5971.9000 1.77252002e+01
5972.6000 1.78139328e+01
5973.3000 1.79183607e+01
5974.0000 1.82674750e+01
5974.7000 1.85887896e+01
5975.4000 1.77878443e+01
5976.1000 1.78346756e+01
5976.8000 1.80906809e+01
5977.5000 1.81868484e+01
5978.2000 1.82315149e+01
5978.9000 1.82724605e+01
5979.6000 1.80698646e+01
5980.3000 1.78718987e+01
5981.0000 1.77764197e+01
5981.7000 1.77569641e+01
5982.4000 1.77343123e+01
5983.1000 1.75181308e+01
5983.8000 1.74478021e+01
5984.5000 1.76740611e+01
5985.2000 1.78431120e+01
5985.9000 1.80182312e+01
5986.6000 1.85053007e+01
5987.3000 1.84669865e+01
5988.0000 1.82167555e+01
5988.7000 1.78238224e+01
5989.4000 1.76723398e+01
5990.1000 1.80464553e+01
5990.8000 1.82913653e+01
5991.5000 1.85609090e+01
5992.2000 1.84066376e+01
5992.9000 1.82803149e+01
5993.6000 1.80011923e+01
5994.3000 1.80903927e+01
5995.0000 1.81277358e+01
5995.7000 1.80339364e+01
5996.4000 1.82840804e+01
5997.1000 1.85767029e+01
5997.8000 1.85492947e+01
5998.5000 1.83798264e+01
5999.2000 1.79010918e+01
5999.9000 1.79894571e+01
6000.6000 1.80376997e+01
6001.3000 1.80759586e+01
6002.0000 1.80378057e+01
6002.7000 1.79909625e+01
6003.4000 1.80690096e+01
6004.1000 1.82157061e+01
6004.8000 1.86372038e+01
6005.5000 1.82054450e+01
6006.2000 1.79962594e+01
6006.9000 1.90559869e+01
6007.6000 1.88743926e+01
6008.3000 1.86354328e+01
6009.0000 1.80982371e+01
6009.7000 1.79729213e+01
6010.4000 1.79275852e+01
6011.1000 1.83597904e+01
6011.8000 1.86181295e+01
6012.5000 1.84160616e+01
6013.2000 1.84164257e+01
6013.9000 1.84173160e+01
6014.6000 1.80663986e+01
6015.3000 1.79478388e+01
6016.0000 1.78054513e+01
6016.7000 1.77690418e+01
6017.4000 1.77452657e+01
6018.1000 1.76348747e+01
6018.8000 1.77359348e+01
6019.5000 1.78866003e+01
6020.2000 1.79629028e+01
6020.9000 1.80810742e+01
6021.6000 1.84864622e+01
6022.3000 1.86582032e+01
6023.0000 1.87770492e+01
6023.7000 1.80441181e+01
6024.4000 1.82275086e+01
6025.1000 1.85308905e+01
6025.8000 1.86930802e+01
6026.5000 1.87197131e+01
6027.2000 1.86321854e+01
6027.9000 1.86637292e+01
6028.6000 1.86873702e+01
6029.3000 1.84441670e+01
6030.0000 1.82152351e+01
6030.7000 1.78370389e+01
6031.4000 1.78574888e+01
6032.1000 1.79836739e+01
6032.8000 1.85857234e+01
6033.5000 1.86464582e+01
6034.2000 1.86940065e+01
6034.9000 1.83622591e+01
6035.6000 1.84284668e+01
6036.3000 1.85725398e+01
6037.0000 1.90589068e+01
6037.7000 1.92366182e+01
6038.4000 1.93383915e+01
6039.1000 1.91912470e+01
6039.8000 1.90694125e+01
6040.5000 1.88662124e+01
6041.2000 1.88221038e+01
6041.9000 1.87600234e+01
6042.6000 1.80375769e+01
6043.3000 1.78658135e+01
6044.0000 1.84070086e+01
6044.7000 1.84771621e+01
6045.4000 1.85384316e+01
6046.1000 1.84033315e+01
6046.8000 1.84576307e+01
6047.5000 1.85923722e+01
6048.2000 1.83276215e+01
6048.9000 1.82322712e+01
6049.6000 1.82842326e+01
6050.3000 1.83924579e+01
6051.0000 1.84930057e+01
6051.7000 1.89071162e+01
6052.4000 1.88523768e+01
6053.1000 1.86489859e+01
6053.8000 1.87725914e+01
6054.5000 1.88049894e+01
6055.2000 1.86646211e+01
6055.9000 1.86367108e+01
6056.6000 1.86089008e+01
6057.3000 1.81663190e+01
6058.0000 1.82492636e+01
6058.7000 1.85684803e+01
6059.4000 1.86541290e+01
6060.1000 1.87249029e+01
6060.8000 1.90790847e+01
6061.5000 1.85561403e+01
6062.2000 1.80067058e+01
6062.9000 1.88423224e+01
6063.6000 1.87776387e+01
6064.3000 1.83403327e+01
6065.0000 1.85982113e+01
6065.7000 1.87348017e+01
6066.4000 1.89396095e+01
6067.1000 1.88204967e+01
6067.8000 1.86882134e+01
6068.5000 1.85808349e+01
6069.2000 1.85969818e+01
6069.9000 1.86924026e+01
6070.6000 1.87117233e+01
6071.3000 1.87275789e+01
6072.0000 1.88521379e+01
6072.7000 1.93329547e+01
6073.4000 1.99038608e+01
6074.1000 2.09761015e+01
6074.8000 2.15575400e+01
6075.5000 2.27511686e+01
6076.2000 2.48302716e+01
6076.9000 2.59832724e+01
6077.6000 2.65776039e+01
6078.3000 2.57088892e+01
6079.0000 2.46162351e+01
6079.7000 2.22836125e+01
6080.4000 2.15284249e+01
6081.1000 2.05349340e+01
6081.8000 1.93739069e+01
6082.5000 1.87113797e+01
6083.2000 1.90159627e+01
6083.9000 1.88202053e+01
6084.6000 1.85588944e+01
6085.3000 1.84693702e+01
6086.0000 1.84557959e+01
6086.7000 1.84768245e+01
6087.4000 1.84727267e+01
6088.1000 1.84709013e+01
6088.8000 1.85185822e+01
6089.5000 1.83383702e+01
6090.2000 1.80820001e+01
6090.9000 1.79318539e+01
6091.6000 1.80611695e+01
6092.3000 1.86927003e+01
6093.0000 1.84531353e+01
6093.7000 1.82962826e+01
6094.4000 1.84993099e+01
6095.1000 1.87032422e+01
6095.8000 1.90117974e+01
6096.5000 1.84638292e+01
6097.2000 1.83464294e+01
6097.9000 1.84458194e+01
6098.6000 1.86285328e+01
6099.3000 1.87567725e+01
6100.0000 1.88308073e+01
6100.7000 1.89381356e+01
6101.4000 1.91086028e+01
6102.1000 1.85278958e+01
6102.8000 1.83799300e+01
6103.5000 1.84509315e+01
6104.2000 1.84376296e+01
6104.9000 1.84282700e+01
6105.6000 1.81860958e+01
6106.3000 1.82495696e+01
6107.0000 1.83700193e+01
6107.7000 1.82404031e+01
6108.4000 1.82441592e+01
6109.1000 1.84651341e+01
6109.8000 1.85556391e+01
6110.5000 1.86276004e+01
6111.2000 1.79439669e+01
6111.9000 1.80852432e+01
6112.6000 1.84011351e+01
6113.3000 1.89638568e+01
6114.0000 1.89909320e+01
6114.7000 1.80492477e+01
6115.4000 1.81919752e+01
6116.1000 1.83121208e+01
6116.8000 1.84415663e+01
6117.5000 1.86131334e+01
6118.2000 1.89317492e+01
6118.9000 1.88619069e+01
6119.6000 1.87974475e+01
6120.3000 1.85316069e+01
6121.0000 1.84857584e+01
6121.7000 1.84451181e+01
6122.4000 1.88781972e+01
6123.1000 1.88888326e+01
6123.8000 1.88362218e+01
6124.5000 1.86696433e+01
6125.2000 1.86205217e+01
6125.9000 1.87320095e+01
6126.6000 1.88587627e+01
6127.3000 1.89787942e+01
6128.0000 1.87892938e+01
6128.7000 1.86690501e+01
6129.4000 1.84383742e+01
6130.1000 1.84621252e+01
6130.8000 1.84940806e+01
6131.5000 1.86814147e+01
6132.2000 1.85672935e+01
6132.9000 1.84525435e+01
6133.6000 1.88593917e+01
6134.3000 1.88590372e+01
6135.0000 1.87423644e+01
6135.7000 1.87707775e+01
6136.4000 1.87584184e+01
6137.1000 1.84893558e+01
6137.8000 1.81491857e+01
6138.5000 1.77861714e+01
6139.2000 1.81848270e+01
6139.9000 1.81092809e+01
6140.6000 1.77720450e+01
6141.3000 1.79062014e+01
6142.0000 1.79947911e+01
6142.7000 1.83024612e+01
6143.4000 1.85206563e+01
6144.1000 1.87676796e+01
6144.8000 1.83347794e+01
6145.5000 1.83053463e+01
6146.2000 1.84107361e+01
6146.9000 1.84438389e+01
6147.6000 1.84392569e+01
6148.3000 1.80830084e+01
6149.0000 1.80321714e+01
6149.7000 1.79710338e+01
6150.4000 1.86379061e+01
6151.1000 1.85113737e+01
6151.8000 1.77742001e+01
6152.5000 1.75815857e+01
6153.2000 1.75155413e+01
6153.9000 1.84346941e+01
6154.6000 1.82331634e+01
6155.3000 1.79758020e+01
6156.0000 1.81193954e+01
6156.7000 1.81793223e+01
6157.4000 1.82853703e+01
6158.1000 1.79075920e+01
6158.8000 1.76976195e+01
6159.5000 1.81405882e+01
6160.2000 1.83605059e+01
6160.9000 1.86595795e+01
6161.6000 1.85318801e+01
6162.3000 1.83886116e+01
6163.0000 1.79769415e+01
6163.7000 1.80079773e+01
6164.4000 1.80268722e+01
6165.1000 1.80248503e+01
6165.8000 1.78591382e+01
6166.5000 1.76203644e+01
6167.2000 1.76694169e+01
6167.9000 1.77554869e+01
6168.6000 1.80497506e+01
6169.3000 1.81307095e+01
6170.0000 1.81841638e+01
6170.7000 1.56600897e+01
6171.4000 1.55906980e+01
6172.1000 1.54960842e+01
6172.8000 1.58348954e+01
6173.5000 1.58917148e+01
6174.2000 1.57535083e+01
6174.9000 1.53734644e+01
6175.6000 1.51037229e+01
6176.3000 1.48367067e+01
6177.0000 1.51018764e+01
6177.7000 1.55447063e+01
6178.4000 1.54951547e+01
6179.1000 1.54796510e+01
6179.8000 1.54758403e+01
6180.5000 1.68736772e+01
6181.2000 1.79274056e+01
6181.9000 1.77160445e+01
6182.6000 1.78628014e+01
6183.3000 1.81320289e+01
6184.0000 1.79546692e+01
6184.7000 1.77809515e+01
6185.4000 1.71530371e+01
6186.1000 1.76845368e+01
6186.8000 1.81105082e+01
6187.5000 1.79300632e+01
6188.2000 1.76238105e+01
6188.9000 1.70697289e+01
6189.6000 1.72120857e+01
6190.3000 1.72993653e+01
6191.0000 1.75299888e+01
6191.7000 1.73487198e+01
6192.4000 1.71946171e+01
6193.1000 1.80449667e+01
6193.8000 1.80767276e+01
6194.5000 1.80256505e+01
6195.2000 1.81687433e+01
6195.9000 1.81187682e+01
6196.6000 1.74171666e+01
6197.3000 1.74490658e+01
6198.0000 1.74780533e+01
6198.7000 1.82990680e+01
6199.4000 1.83368025e+01
6200.1000 1.82683143e+01
6200.8000 1.78471004e+01
6201.5000 1.75969889e+01
6202.2000 1.69403853e+01
6202.9000 1.71203647e+01
6203.6000 1.72931340e+01
6204.3000 1.72724817e+01
6205.0000 1.73372176e+01
6205.7000 1.74888500e+01
6206.4000 1.75516915e+01
6207.1000 1.75304421e+01
6207.8000 1.70861994e+01
6208.5000 1.68684490e+01
6209.2000 1.66464541e+01
6209.9000 1.74140772e+01
6210.6000 1.75188798e+01
6211.3000 1.75481235e+01
6212.0000 1.74409020e+01
6212.7000 1.73488491e+01
6213.4000 1.68748839e+01
6214.1000 1.70331858e+01
6214.8000 1.72043427e+01
6215.5000 1.77018087e+01
6216.2000 1.76461915e+01
6216.9000 1.73155595e+01
6217.6000 1.72879680e+01
6218.3000 1.72827771e+01
6219.0000 1.74004787e+01
6219.7000 1.73758004e+01
6220.4000 1.73474925e+01
6221.1000 1.72425536e+01
6221.8000 1.71911216e+01
6222.5000 1.70935408e+01
6223.2000 1.71593185e+01
6223.9000 1.71710872e+01
6224.6000 1.67791448e+01
6225.3000 1.71797028e+01
6226.0000 1.76686467e+01
6226.7000 1.71020106e+01
6227.4000 1.72140775e+01
6228.1000 1.78779384e+01
6228.8000 1.75217925e+01
6229.5000 1.73373256e+01
6230.2000 1.77169398e+01
6230.9000 1.75042147e+01
6231.6000 1.72289056e+01
6232.3000 1.64917156e+01
6233.0000 1.66081130e+01
6233.7000 1.74992429e+01
6234.4000 1.77384201e+01
6235.1000 1.78647683e+01
6235.8000 1.72065954e+01
6236.5000 1.72692656e+01
6237.2000 1.73560988e+01
6237.9000 1.75932097e+01
6238.6000 1.75319289e+01
6239.3000 1.71152022e+01
6240.0000 1.75109076e+01
6240.7000 1.77600841e+01
6241.4000 1.75162665e+01
6242.1000 1.76043853e+01
6242.8000 1.77338261e+01
6243.5000 1.74868980e+01
6244.2000 1.73116606e+01
6244.9000 1.68522067e+01
6245.6000 1.71564395e+01
6246.3000 1.73624943e+01
6247.0000 1.76867410e+01
6247.7000 1.76190319e+01
6248.4000 1.75097586e+01
6249.1000 1.79675715e+01
6249.8000 1.80219276e+01
6250.5000 1.77130889e+01
6251.2000 1.79001177e+01
6251.9000 1.80354283e+01
6252.6000 1.70584603e+01
6253.3000 1.70545466e+01
6254.0000 1.70823527e+01
6254.7000 1.70640103e+01
6255.4000 1.70068208e+01
6256.1000 1.67458902e+01
6256.8000 1.68377633e+01
6257.5000 1.69090275e+01
6258.2000 1.70431506e+01
6258.9000 1.71724802e+01
6259.6000 1.73903024e+01
6260.3000 1.75777059e+01
6261.0000 1.76274787e+01
6261.7000 1.75593060e+01
6262.4000 1.74744484e+01
6263.1000 1.74064246e+01
6263.8000 1.73856386e+01
6264.5000 1.74828594e+01
6265.2000 1.76652444e+01
6265.9000 1.73086296e+01
6266.6000 1.73359998e+01
6267.3000 1.82514755e+01
6268.0000 1.79135382e+01
6268.7000 1.76222235e+01
6269.4000 1.69714674e+01
6270.1000 1.70749265e+01
6270.8000 1.73739682e+01
6271.5000 1.72673464e+01
6272.2000 1.71741588e+01
6272.9000 1.67868422e+01
6273.6000 1.70365250e+01
6274.3000 1.72655373e+01
6275.0000 1.70798436e+01
6275.7000 1.70355727e+01
6276.4000 1.69724296e+01
6277.1000 1.70230811e+01
6277.8000 1.70217570e+01
6278.5000 1.68401875e+01
6279.2000 1.68366469e+01
6279.9000 1.68328404e+01
6280.6000 1.68337388e+01
6281.3000 1.71080110e+01
6282.0000 1.77455402e+01
6282.7000 1.78124442e+01
6283.4000 1.77973668e+01
6284.1000 1.73849077e+01
6284.8000 1.76526232e+01
6285.5000 1.79289294e+01
6286.2000 1.73177023e+01
6286.9000 1.72833304e+01
6287.6000 1.73922721e+01
6288.3000 1.73857563e+01
6289.0000 1.73995997e+01
6289.7000 1.76175255e+01
6290.4000 1.77003201e+01
6291.1000 1.77913566e+01
6291.8000 1.67829675e+01
6292.5000 1.67547593e+01
6293.2000 1.70773308e+01
6293.9000 1.72642459e+01
6294.6000 1.73580669e+01
6295.3000 1.74088816e+01
6296.0000 1.73548053e+01
6296.7000 1.72927559e+01
6297.4000 1.72640479e+01
6298.1000 1.72572543e+01
6298.8000 1.72602995e+01
6299.5000 1.72733796e+01
6300.2000 1.72744561e+01
6300.9000 1.72147300e+01
6301.6000 1.72074847e+01
6302.3000 1.72000572e+01
6303.0000 1.72308916e+01
6303.7000 1.72389589e+01
6304.4000 1.72568297e+01
6305.1000 1.72057216e+01
6305.8000 1.71957425e+01
6306.5000 1.77949071e+01
6307.2000 1.73134519e+01
6307.9000 1.66827922e+01
6308.6000 1.69876265e+01
6309.3000 1.70893979e+01
6310.0000 1.72341356e+01
6310.7000 1.72413792e+01
6311.4000 1.72440509e+01
6312.1000 1.72878585e+01
6312.8000 1.70338704e+01
6313.5000 1.66816803e+01
6314.2000 1.69733366e+01
6314.9000 1.71113000e+01
6315.6000 1.73910622e+01
6316.3000 1.73699845e+01
6317.0000 1.73545217e+01
6317.7000 1.74796849e+01
6318.4000 1.73691406e+01
6319.1000 1.72083025e+01
6319.8000 1.73926834e+01
6320.5000 1.74653655e+01
6321.2000 1.75879890e+01
6321.9000 1.70692932e+01
6322.6000 1.67114728e+01
6323.3000 1.71537298e+01
6324.0000 1.69425656e+01
6324.7000 1.66051268e+01
6325.4000 1.67802730e+01
6326.1000 1.67390425e+01
6326.8000 1.63486351e+01
6327.5000 1.67960508e+01
6328.2000 1.71210133e+01
6328.9000 1.74625318e+01
6329.6000 1.71375020e+01
6330.3000 1.65782237e+01
6331.0000 1.67616960e+01
6331.7000 1.68320486e+01
6332.4000 1.69205480e+01
6333.1000 1.67667575e+01
6333.8000 1.66467785e+01
6334.5000 1.70520760e+01
6335.2000 1.70377641e+01
6335.9000 1.69844774e+01
6336.6000 1.71992923e+01
6337.3000 1.72611731e+01
6338.0000 1.72225903e+01
6338.7000 1.68885303e+01
6339.4000 1.66130941e+01
6340.1000 1.63910272e+01
6340.8000 1.65303125e+01
6341.5000 1.68241112e+01
6342.2000 1.73870647e+01
6342.9000 1.75214193e+01
6343.6000 1.71137631e+01
6344.3000 1.68271091e+01
6345.0000 1.65763562e+01
6345.7000 1.70509607e+01
6346.4000 1.70229081e+01
6347.1000 1.68911844e+01
6347.8000 1.70798540e+01
6348.5000 1.70793493e+01
6349.2000 1.65480929e+01
6349.9000 1.68002834e+01
6350.6000 1.70351594e+01
6351.3000 1.73782312e+01
6352.0000 1.74170814e+01
6352.7000 1.74301638e+01
6353.4000 1.71715574e+01
6354.1000 1.70987909e+01
6354.8000 1.73676187e+01
6355.5000 1.71177180e+01
6356.2000 1.68710033e+01
6356.9000 1.71826724e+01
6357.6000 1.72110746e+01
6358.3000 1.71930264e+01
6359.0000 1.75208374e+01
6359.7000 1.76470475e+01
6360.4000 1.74505545e+01
6361.1000 1.73946100e+01
6361.8000 1.73357503e+01
6362.5000 1.70744358e+01
6363.2000 1.70687935e+01
6363.9000 1.71369982e+01
6364.6000 1.71148033e+01
6365.3000 1.71566997e+01
6366.0000 1.77770881e+01
6366.7000 1.76345015e+01
6367.4000 1.74753520e+01
6368.1000 1.76687990e+01
6368.8000 1.74596719e+01
6369.5000 1.68041533e+01
6370.2000 1.68677969e+01
6370.9000 1.69178729e+01
6371.6000 1.71816425e+01
6372.3000 1.69719355e+01
6373.0000 1.67236182e+01
6373.7000 1.69525890e+01
6374.4000 1.69611106e+01
6375.1000 1.68699684e+01
6375.8000 1.67602718e+01
6376.5000 1.67082753e+01
6377.2000 1.68538149e+01
6377.9000 1.70517758e+01
6378.6000 1.73001288e+01
6379.3000 1.69279020e+01
6380.0000 1.68653176e+01
6380.7000 1.68914934e+01
6381.4000 1.68010501e+01
6382.1000 1.67585064e+01
6382.8000 1.70613327e+01
6383.5000 1.70512386e+01
6384.2000 1.70378775e+01
6384.9000 1.70840190e+01
6385.6000 1.70783061e+01
6386.3000 1.70257793e+01
6387.0000 1.66793496e+01
6387.7000 1.64604892e+01
6388.4000 1.61273333e+01
6389.1000 1.62073856e+01
6389.8000 1.63214121e+01
6390.5000 1.67954193e+01
6391.2000 1.68942451e+01
6391.9000 1.68508911e+01
6392.6000 1.65604811e+01
6393.3000 1.63704223e+01
6394.0000 1.67162368e+01
6394.7000 1.66293178e+01
6395.4000 1.64988690e+01
6396.1000 1.67437243e+01
6396.8000 1.67097670e+01
6397.5000 1.63064002e+01
6398.2000 1.65976251e+01
6398.9000 1.67999726e+01
6399.6000 1.70099096e+01
6400.3000 1.71610390e+01
6401.0000 1.74002569e+01
6401.7000 1.67070987e+01
6402.4000 1.65095560e+01
6403.1000 1.65007324e+01
6403.8000 1.65591643e+01
6404.5000 1.66021242e+01
6405.2000 1.68484251e+01
6405.9000 1.67621153e+01
6406.6000 1.66027081e+01
6407.3000 1.64867927e+01
6408.0000 1.64305233e+01
6408.7000 1.63263524e+01
6409.4000 1.64929558e+01
6410.1000 1.66239125e+01
6410.8000 1.65712585e+01
6411.5000 1.66009838e+01
6412.2000 1.66604325e+01
6412.9000 1.65834558e+01
6413.6000 1.65282925e+01
6414.3000 1.63597387e+01
6415.0000 1.65871787e+01
6415.7000 1.67772807e+01
6416.4000 1.69663944e+01
6417.1000 1.69342227e+01
6417.8000 1.68490629e+01
6418.5000 1.66650136e+01
6419.2000 1.66766092e+01
6419.9000 1.71873413e+01
6420.6000 1.69465488e+01
6421.3000 1.67326109e+01
6422.0000 1.68403703e+01
6422.7000 1.67960578e+01
6423.4000 1.66862012e+01
6424.1000 1.67724934e+01
6424.8000 1.68194528e+01
6425.5000 1.69233191e+01
6426.2000 1.68234132e+01
6426.9000 1.67291191e+01
6427.6000 1.64039963e+01
6428.3000 1.64211394e+01
6429.0000 1.65309493e+01
6429.7000 1.67105834e+01
6430.4000 1.67866169e+01
6431.1000 1.68005995e+01
6431.8000 1.69250862e+01
6432.5000 1.70496585e+01
6433.2000 1.62937420e+01
6433.9000 1.61572880e+01
6434.6000 1.60400299e+01
6435.3000 1.63804115e+01
6436.0000 1.65345433e+01
6436.7000 1.65601116e+01
6437.4000 1.68809571e+01
6438.1000 1.72220150e+01
6438.8000 1.65577607e+01
6439.5000 1.64503732e+01
6440.2000 1.64055074e+01
6440.9000 1.64594965e+01
6441.6000 1.65045598e+01
6442.3000 1.67620274e+01
6443.0000 1.66096499e+01
6443.7000 1.64379174e+01
6444.4000 1.63894089e+01
6445.1000 1.64511294e+01
6445.8000 1.66477832e+01
6446.5000 1.65663567e+01
6447.2000 1.65378214e+01
6447.9000 1.67746092e+01
6448.6000 1.66156734e+01
6449.3000 1.64257388e+01
6450.0000 1.62005717e+01
6450.7000 1.62391723e+01
6451.4000 1.64785132e+01
6452.1000 1.65000518e+01
6452.8000 1.65167782e+01
6453.5000 1.66556720e+01
6454.2000 1.67194714e+01
6454.9000 1.68015952e+01
6455.6000 1.66893435e+01
6456.3000 1.66865659e+01
6457.0000 1.67543288e+01
6457.7000 1.62399404e+01
6458.4000 1.59562030e+01
6459.1000 1.65957223e+01
6459.8000 1.67045728e+01
6460.5000 1.68529891e+01
6461.2000 1.61373444e+01
6461.9000 1.61385498e+01
6462.6000 1.67010140e+01
6463.3000 1.67050562e+01
6464.0000 1.67027147e+01
6464.7000 1.63912017e+01
6465.4000 1.64359669e+01
6466.1000 1.65014553e+01
6466.8000 1.64051498e+01
6467.5000 1.63267892e+01
6468.2000 1.61143334e+01
6468.9000 1.63010829e+01
6469.6000 1.64247213e+01
6470.3000 1.63203640e+01
6471.0000 1.62472050e+01
6471.7000 1.61361823e+01
6472.4000 1.68095731e+01
6473.1000 1.67683278e+01
6473.8000 1.58332002e+01
6474.5000 1.60676658e+01
6475.2000 1.62333659e+01
6475.9000 1.65110964e+01
6476.6000 1.65349358e+01
6477.3000 1.65661249e+01
6478.0000 1.64632446e+01
6478.7000 1.63963472e+01
6479.4000 1.62179966e+01
6480.1000 1.61267911e+01
6480.8000 1.60585276e+01
6481.5000 1.61028160e+01
6482.2000 1.61213029e+01
6482.9000 1.61503599e+01
6483.6000 1.59782613e+01
6484.3000 1.59938867e+01
6485.0000 1.63574492e+01
6485.7000 1.64144408e+01
6486.4000 1.64603901e+01
6487.1000 1.61044988e+01
6487.8000 1.62573478e+01
6488.5000 1.65725361e+01
6489.2000 1.64128166e+01
6489.9000 1.62194241e+01
6490.6000 1.53849110e+01
6491.3000 1.56430705e+01
6492.0000 1.58625642e+01
6492.7000 1.59404507e+01
6493.4000 1.60769345e+01
6494.1000 1.63355840e+01
6494.8000 1.60729271e+01
6495.5000 1.60110469e+01
6496.2000 1.62334632e+01
6496.9000 1.61051147e+01
6497.6000 1.59897781e+01
6498.3000 1.58230997e+01
6499.0000 1.59353374e+01
6499.7000 1.62005857e+01
6500.4000 1.61081813e+01
6501.1000 1.60536575e+01
6501.8000 1.59016294e+01
6502.5000 1.62380852e+01
6503.2000 1.65602517e+01
6503.9000 1.58498689e+01
6504.6000 1.58764765e+01
6505.3000 1.60975119e+01
6506.0000 1.60012914e+01
6506.7000 1.59551319e+01
6507.4000 1.58921567e+01
6508.1000 1.58166485e+01
6508.8000 1.57399027e+01
6509.5000 1.57380282e+01
6510.2000 1.57165142e+01
6510.9000 1.56603556e+01
6511.6000 1.61368081e+01
6512.3000 1.63578299e+01
6513.0000 1.63828282e+01
6513.7000 1.65835160e+01
6514.4000 1.67997633e+01
6515.1000 1.73153922e+01
6515.8000 1.74711928e+01
6516.5000 1.76878101e+01
6517.2000 1.71795707e+01
6517.9000 1.69102171e+01
6518.6000 1.65965058e+01
6519.3000 1.66024319e+01
6520.0000 1.66086603e+01
6520.7000 1.66036264e+01
6521.4000 1.63052406e+01
6522.1000 1.54524493e+01
6522.8000 1.57808150e+01
6523.5000 1.59565233e+01
6524.2000 1.59973482e+01
6524.9000 1.61753803e+01
6525.6000 1.63910639e+01
6526.3000 1.65337627e+01
6527.0000 1.66738708e+01
6527.7000 1.70184009e+01
6528.4000 1.71605422e+01
6529.1000 1.72562041e+01
6529.8000 1.75982490e+01
6530.5000 1.71620574e+01
6531.2000 1.65962908e+01
6531.9000 1.62942556e+01
6532.6000 1.61561078e+01
6533.3000 1.58859517e+01
6534.0000 1.57250359e+01
6534.7000 1.56400290e+01
6535.4000 1.59709264e+01
6536.1000 1.58768140e+01
6536.8000 1.57450626e+01
6537.5000 1.58365650e+01
6538.2000 1.58786979e+01
6538.9000 1.59458685e+01
6539.6000 1.59511530e+01
6540.3000 1.59584481e+01
6541.0000 1.61140873e+01
6541.7000 1.61405449e+01
6542.4000 1.61760003e+01
6543.1000 1.58904180e+01
6543.8000 1.58376878e+01
6544.5000 1.58926557e+01
6545.2000 1.57919233e+01
6545.9000 1.57261100e+01
6546.6000 1.56837902e+01
6547.3000 1.56002958e+01
6548.0000 1.54670802e+01
6548.7000 1.55869637e+01
6549.4000 1.56101789e+01
6550.1000 1.55570341e+01
6550.8000 1.55592307e+01
6551.5000 1.55623084e+01
6552.2000 1.51653372e+01
6552.9000 1.52696794e+01
6553.6000 1.54530668e+01
6554.3000 1.48951862e+01
6555.0000 1.49150679e+01
6555.7000 1.57973438e+01
6556.4000 1.59324282e+01
6557.1000 1.60362511e+01
6557.8000 1.62829954e+01
6558.5000 1.61988009e+01
6559.2000 1.60310658e+01
6559.9000 1.59512008e+01
6560.6000 1.59395785e+01
6561.3000 1.60076189e+01
6562.0000 1.58644165e+01
6562.7000 1.57484501e+01
6563.4000 1.58657977e+01
6564.1000 1.59189223e+01
6564.8000 1.60061962e+01
6565.5000 1.57476981e+01
6566.2000 1.56482027e+01
6566.9000 1.55852423e+01
6567.6000 1.58212397e+01
6568.3000 1.60239023e+01
6569.0000 1.50961957e+01
6569.7000 1.51604579e+01
6570.4000 1.54221499e+01
6571.1000 1.55943149e+01
6571.8000 1.56619015e+01
6572.5000 1.56943376e+01
6573.2000 1.55352714e+01
6573.9000 1.53894666e+01
6574.6000 1.53256204e+01
6575.3000 1.53873023e+01
6576.0000 1.55358004e+01
6576.7000 1.56920669e+01
6577.4000 1.58859746e+01
6578.1000 1.69580348e+01
6578.8000 1.64789567e+01
6579.5000 1.60141190e+01
6580.2000 1.56352922e+01
6580.9000 1.57402428e+01
6581.6000 1.60809181e+01
6582.3000 1.64646536e+01
6583.0000 1.65611362e+01
6583.7000 1.59325109e+01
6584.4000 1.57875711e+01
6585.1000 1.56385131e+01
6585.8000 1.53601422e+01
6586.5000 1.52854739e+01
6587.2000 1.51916829e+01
6587.9000 1.54929252e+01
6588.6000 1.55812888e+01
6589.3000 1.50258522e+01
6590.0000 1.52562033e+01
6590.7000 1.55085118e+01
6591.4000 1.56878947e+01
6592.1000 1.56142313e+01
6592.8000 1.53541065e+01
6593.5000 1.54976065e+01
6594.2000 1.55556598e+01
6594.9000 1.53969509e+01
6595.6000 1.54151566e+01
6596.3000 1.54370627e+01
6597.0000 1.52209541e+01
6597.7000 1.52792196e+01
6598.4000 1.55555041e+01
6599.1000 1.56771551e+01
6599.8000 1.57326023e+01
6600.5000 1.55923664e+01
6601.2000 1.51536743e+01
6601.9000 1.46135597e+01
6602.6000 1.50336336e+01
6603.3000 1.53413764e+01
6604.0000 1.60694089e+01
6604.7000 1.53255546e+01
6605.4000 1.49084494e+01
6606.1000 1.50353283e+01
6606.8000 1.50658898e+01
6607.5000 1.51068837e+01
6608.2000 1.51822753e+01
6608.9000 1.51748126e+01
6609.6000 1.51016480e+01
6610.3000 1.54390669e+01
6611.0000 1.56355238e+01
6611.7000 1.53577364e+01
6612.4000 1.52466178e+01
6613.1000 1.50929561e+01
6613.8000 1.48970873e+01
6614.5000 1.48489527e+01
6615.2000 1.48409929e+01
6615.9000 1.50748169e+01
6616.6000 1.52235563e+01
6617.3000 1.51576730e+01
6618.0000 1.51352629e+01
6618.7000 1.51035209e+01
6619.4000 1.48444668e+01
6620.1000 1.46925297e+01
6620.8000 1.43434573e+01
6621.5000 1.43947976e+01
6622.2000 1.44289391e+01
6622.9000 1.45132353e+01
6623.6000 1.46683880e+01
6624.3000 1.49137085e+01
6625.0000 1.52511501e+01
6625.7000 1.52827245e+01
6626.4000 1.50159480e+01
6627.1000 1.46419571e+01
6627.8000 1.43691793e+01
6628.5000 1.55846734e+01
6629.2000 1.55178627e+01
6629.9000 1.53569645e+01
6630.6000 1.51363597e+01
6631.3000 1.50361318e+01
6632.0000 1.48717566e+01
6632.7000 1.48901869e+01
6633.4000 1.49039561e+01
6634.1000 1.52408282e+01
6634.8000 1.53040934e+01
6635.5000 1.53947412e+01
6636.2000 1.49894636e+01
6636.9000 1.48374875e+01
6637.6000 1.47286025e+01
6638.3000 1.45718172e+01
6639.0000 1.44428613e+01
6639.7000 1.48466994e+01
6640.4000 1.50930701e+01
6641.1000 1.55219249e+01
6641.8000 1.54511110e+01
6642.5000 1.53426774e+01
6643.2000 1.48181050e+01
6643.9000 1.49631077e+01
6644.6000 1.50897918e+01
6645.3000 1.45902380e+01
6646.0000 1.46579397e+01
6646.7000 1.48726066e+01
6647.4000 1.45706792e+01
6648.1000 1.44958324e+01
6648.8000 1.47791987e+01
6649.5000 1.46438234e+01
6650.2000 1.45185517e+01
6650.9000 1.46156273e+01
6651.6000 1.45576355e+01
6652.3000 1.44095105e+01
6653.0000 1.46688750e+01
6653.7000 1.47743836e+01
6654.4000 1.47633379e+01
6655.1000 1.48840144e+01
6655.8000 1.50029300e+01
6656.5000 1.46941661e+01
6657.2000 1.45742937e+01
6657.9000 1.43693923e+01
6658.6000 1.44849172e+01
6659.3000 1.45030191e+01
6660.0000 1.41704786e+01
6660.7000 1.43849570e+01
6661.4000 1.46090063e+01
6662.1000 1.46821626e+01
6662.8000 1.47710848e+01
6663.5000 1.49696113e+01
6664.2000 1.46251945e+01
6664.9000 1.45069511e+01
6665.6000 1.50206155e+01
6666.3000 1.49438562e+01
6667.0000 1.48583337e+01
6667.7000 1.51401454e+01
6668.4000 1.51782346e+01
6669.1000 1.51660920e+01
6669.8000 1.51443279e+01
6670.5000 1.51044716e+01
6671.2000 1.46625562e+01
6671.9000 1.44262662e+01
6672.6000 1.41475463e+01
6673.3000 1.50035181e+01
6674.0000 1.50856109e+01
6674.7000 1.49034143e+01
6675.4000 1.48307309e+01
6676.1000 1.48199238e+01
6676.8000 1.54018839e+01
6677.5000 1.53381200e+01
6678.2000 1.52584291e+01
6678.9000 1.46157228e+01
6679.6000 1.44830606e+01
6680.3000 1.44502167e+01
6681.0000 1.48127103e+01
6681.7000 1.50178121e+01
6682.4000 1.49653773e+01
6683.1000 1.49422686e+01
6683.8000 1.49124664e+01
6684.5000 1.47980184e+01
6685.2000 1.47676637e+01
6685.9000 1.47527224e+01
6686.6000 1.48922872e+01
6687.3000 1.49703387e+01
6688.0000 1.46492757e+01
6688.7000 1.47388155e+01
6689.4000 1.48672030e+01
6690.1000 1.47256223e+01
6690.8000 1.45689081e+01
6691.5000 1.41077115e+01
6692.2000 1.43222880e+01
6692.9000 1.44615727e+01
6693.6000 1.49259661e+01
6694.3000 1.48711118e+01
6695.0000 1.47911270e+01
6695.7000 1.42659460e+01
6696.4000 1.42306448e+01
6697.1000 1.46529611e+01
6697.8000 1.46296383e+01
6698.5000 1.46123267e+01
6699.2000 1.49053571e+01
6699.9000 1.49527742e+01
6700.6000 1.50250595e+01
6701.3000 1.44842355e+01
6702.0000 1.43133956e+01
6702.7000 1.42305010e+01
6703.4000 1.41511483e+01
6704.1000 1.40921736e+01
6704.8000 1.40086738e+01
6705.5000 1.40276007e+01
6706.2000 1.40653690e+01
6706.9000 1.49329366e+01
6707.6000 1.50755552e+01
6708.3000 1.44537412e+01
6709.0000 1.42805993e+01
6709.7000 1.41449155e+01
6710.4000 1.40027788e+01
6711.1000 1.40182575e+01
6711.8000 1.40580010e+01
6712.5000 1.39090490e+01
6713.2000 1.38612667e+01
6713.9000 1.38668194e+01
6714.6000 1.39917015e+01
6715.3000 1.40962883e+01
6716.0000 1.44886863e+01
6716.7000 1.45480705e+01
6717.4000 1.46153354e+01
6718.1000 1.45313486e+01
6718.8000 1.45192923e+01
6719.5000 1.46275161e+01
6720.2000 1.43279171e+01
6720.9000 1.40630260e+01
6721.6000 1.46744115e+01
6722.3000 1.46438573e+01
6723.0000 1.44774379e+01
6723.7000 1.42101473e+01
6724.4000 1.41541127e+01
6725.1000 1.44930091e+01
6725.8000 1.46841345e+01
6726.5000 1.48641499e+01
6727.2000 1.46045953e+01
6727.9000 1.45078697e+01
6728.6000 1.43437307e+01
6729.3000 1.41834982e+01
6730.0000 1.41411748e+01
6730.7000 1.43371504e+01
6731.4000 1.41919658e+01
6732.1000 1.40469320e+01
6732.8000 1.42669407e+01
6733.5000 1.43242923e+01
6734.2000 1.43977065e+01
6734.9000 1.43564766e+01
6735.6000 1.43397190e+01
6736.3000 1.43426250e+01
6737.0000 1.43196569e+01
6737.7000 1.42950260e+01
6738.4000 1.42571077e+01
6739.1000 1.41950503e+01
6739.8000 1.40449362e+01
6740.5000 1.36836364e+01
6741.2000 1.35639251e+01
6741.9000 1.42221869e+01
6742.6000 1.42685311e+01
6743.3000 1.43203312e+01
6744.0000 1.41055780e+01
6744.7000 1.40627177e+01
6745.4000 1.40326751e+01
6746.1000 1.39393003e+01
6746.8000 1.38774452e+01
6747.5000 1.36445684e+01
6748.2000 1.37034920e+01
6748.9000 1.37736401e+01
6749.6000 1.39664874e+01
6750.3000 1.39717585e+01
6751.0000 1.38865276e+01
6751.7000 1.41460602e+01
6752.4000 1.42950607e+01
6753.1000 1.44511647e+01
6753.8000 1.44293399e+01
6754.5000 1.44015312e+01
6755.2000 1.42666238e+01
6755.9000 1.41567961e+01
6756.6000 1.38843037e+01
6757.3000 1.37271058e+01
6758.0000 1.36401049e+01
6758.7000 1.38076200e+01
6759.4000 1.38856611e+01
6760.1000 1.39911281e+01
6760.8000 1.39763929e+01
6761.5000 1.40500643e+01
6762.2000 1.43248582e+01
6762.9000 1.45838916e+01
6763.6000 1.47357326e+01
6764.3000 1.41154972e+01
6765.0000 1.40017216e+01
6765.7000 1.38390463e+01
6766.4000 1.39496797e+01
6767.1000 1.39876395e+01
6767.8000 1.40362164e+01
6768.5000 1.39718793e+01
6769.2000 1.39285622e+01
6769.9000 1.45083404e+01
6770.6000 1.45816645e+01
6771.3000 1.46935673e+01
6772.0000 1.50423990e+01
6772.7000 1.50678074e+01
6773.4000 1.47926165e+01
6774.1000 1.46833746e+01
6774.8000 1.46055781e+01
6775.5000 1.41273538e+01
6776.2000 1.40528869e+01
6776.9000 1.39462931e+01
6777.6000 1.41716775e+01
6778.3000 1.41939572e+01
6779.0000 1.40023967e+01
6779.7000 1.40655850e+01
6780.4000 1.41120643e+01
6781.1000 1.57813584e+01
6781.8000 1.72615282e+01
6782.5000 1.97362081e+01
6783.2000 2.98638649e+01
6783.9000 3.83758920e+01
6784.6000 6.65897585e+01
6785.3000 9.80193757e+01
6786.0000 1.23019537e+02
6786.7000 1.89287261e+02
6787.4000 2.06961747e+02
6788.1000 2.33756573e+02
6788.8000 2.16711403e+02
6789.5000 2.00397855e+02
6790.2000 1.38167218e+02
6790.9000 1.04701556e+02
6791.6000 7.64135862e+01
6792.3000 4.00418263e+01
6793.0000 3.14788003e+01
6793.7000 1.92415276e+01
6794.4000 1.63538733e+01
6795.1000 1.52462386e+01
6795.8000 1.48872883e+01
6796.5000 1.44175850e+01
6797.2000 1.39956601e+01
6797.9000 1.35617626e+01
6798.6000 1.36292490e+01
6799.3000 1.38506219e+01
6800.0000 1.38948385e+01
6800.7000 1.39184365e+01
6801.4000 1.39779398e+01
6802.1000 1.39663861e+01
6802.8000 1.39552618e+01
6803.5000 1.35693342e+01
6804.2000 1.37145023e+01
6804.9000 1.41345311e+01
6805.6000 1.42966983e+01
6806.3000 1.43973239e+01
6807.0000 1.46987709e+01
6807.7000 1.53173412e+01
6808.4000 1.59433848e+01
6809.1000 1.67793114e+01
6809.8000 1.66921803e+01
6810.5000 1.62419972e+01
6811.2000 1.54632249e+01
6811.9000 1.50767295e+01
6812.6000 1.47299519e+01
6813.3000 1.43376225e+01
6814.0000 1.39163356e+01
6814.7000 1.34496320e+01
6815.4000 1.34412043e+01
6816.1000 1.35900489e+01
6816.8000 1.31944861e+01
6817.5000 1.30626697e+01
6818.2000 1.38728202e+01
6818.9000 1.36529920e+01
6819.6000 1.34024642e+01
6820.3000 1.37125734e+01
6821.0000 1.36948154e+01
6821.7000 1.35078964e+01
6822.4000 1.36464015e+01
6823.1000 1.36833471e+01
6823.8000 1.30855636e+01
6824.5000 1.30336944e+01
6825.2000 1.29710252e+01
6825.9000 1.31227280e+01
6826.6000 1.31157764e+01
6827.3000 1.30118683e+01
6828.0000 1.34706733e+01
6828.7000 1.37152636e+01
6829.4000 1.34682860e+01
6830.1000 1.35098681e+01
6830.8000 1.35633611e+01
6831.5000 1.34172617e+01
6832.2000 1.32259990e+01
6832.9000 1.26847093e+01
6833.6000 1.29893079e+01
6834.3000 1.31733275e+01
6835.0000 1.32949977e+01
6835.7000 1.34542278e+01
6836.4000 1.36718270e+01
6837.1000 1.37313504e+01
6837.8000 1.36468476e+01
6838.5000 1.32897398e+01
6839.2000 1.35384338e+01
6839.9000 1.36918145e+01
