# wavelength flux(cal) flux
5238.7269 1.470003e+03 1.631195e+03
5239.9245 1.265388e+03 1.404016e+03
5241.1221 1.131132e+03 1.254973e+03
5242.3197 1.338144e+03 1.484598e+03
5243.5174 1.296145e+03 1.437992e+03
5244.7150 1.126921e+03 1.250273e+03
5245.9126 1.269414e+03 1.408430e+03
5247.1102 1.217259e+03 1.350660e+03
5248.3079 1.038974e+03 1.152949e+03
5249.5055 1.046378e+03 1.161309e+03
5250.7031 1.054807e+03 1.170836e+03
5251.9007 1.325517e+03 1.471578e+03
5253.0984 1.540818e+03 1.710938e+03
5254.2960 1.395166e+03 1.549543e+03
5255.4936 1.682667e+03 1.869309e+03
5256.6912 1.528745e+03 1.698762e+03
5257.8889 1.180529e+03 1.312195e+03
5259.0865 1.416244e+03 1.574684e+03
5260.2841 1.282127e+03 1.426031e+03
5261.4817 1.453822e+03 1.617562e+03
5262.6793 1.081330e+03 1.203562e+03
5263.8770 1.399163e+03 1.557930e+03
5265.0746 1.053872e+03 1.173938e+03
5266.2722 1.148966e+03 1.280414e+03
5267.4698 1.373525e+03 1.531348e+03
5268.6675 1.466268e+03 1.635508e+03
5269.8651 1.330244e+03 1.484500e+03
5271.0627 1.136763e+03 1.269219e+03
5272.2603 1.202953e+03 1.343816e+03
5273.4580 1.363185e+03 1.523625e+03
5274.6556 1.328863e+03 1.486082e+03
5275.8532 1.318471e+03 1.475297e+03
5277.0508 1.416005e+03 1.585355e+03
5278.2485 1.391472e+03 1.558820e+03
5279.4461 1.431607e+03 1.604766e+03
5280.6437 1.272322e+03 1.427109e+03
5281.8413 1.328941e+03 1.491574e+03
5283.0390 1.270929e+03 1.427398e+03
5284.2366 1.213167e+03 1.363438e+03
5285.4342 1.400328e+03 1.574855e+03
5286.6318 1.075675e+03 1.210582e+03
5287.8295 1.208707e+03 1.361262e+03
5289.0271 1.134930e+03 1.279094e+03
5290.2247 1.037669e+03 1.170336e+03
5291.4223 1.432735e+03 1.617113e+03
5292.6199 1.497637e+03 1.691645e+03
5293.8176 1.625090e+03 1.837016e+03
5295.0152 1.477648e+03 1.671645e+03
5296.2128 1.258032e+03 1.424316e+03
5297.4104 1.340075e+03 1.518414e+03
5298.6081 1.379234e+03 1.564047e+03
5299.8057 1.220701e+03 1.385402e+03
5301.0033 1.302267e+03 1.479195e+03
5302.2009 1.608379e+03 1.828422e+03
5303.3986 1.849688e+03 2.104520e+03
5304.5962 1.474605e+03 1.679191e+03
5305.7938 1.686122e+03 1.921707e+03
5306.9914 1.257841e+03 1.434832e+03
5308.1891 1.532191e+03 1.749316e+03
5309.3867 1.247629e+03 1.425688e+03
5310.5843 1.599679e+03 1.829609e+03
5311.7819 1.409672e+03 1.613738e+03
5312.9796 1.356736e+03 1.554543e+03
5314.1772 1.406345e+03 1.612852e+03
5315.3748 1.572594e+03 1.805164e+03
5316.5724 1.564770e+03 1.797840e+03
5317.7701 1.588211e+03 1.826465e+03
5318.9677 1.624307e+03 1.869719e+03
5320.1653 1.508876e+03 1.738477e+03
5321.3629 1.633132e+03 1.883414e+03
5322.5605 1.732201e+03 1.999559e+03
5323.7582 1.548731e+03 1.789473e+03
5324.9558 1.491252e+03 1.724707e+03
5326.1534 1.652954e+03 1.913559e+03
5327.3510 1.495392e+03 1.732824e+03
5328.5487 1.772343e+03 2.055734e+03
5329.7463 1.561137e+03 1.812516e+03
5330.9439 1.717871e+03 1.996430e+03
5332.1415 1.531156e+03 1.781176e+03
5333.3392 1.431957e+03 1.667410e+03
5334.5368 1.347073e+03 1.570109e+03
5335.7344 1.591215e+03 1.856500e+03
5336.9320 1.631630e+03 1.905531e+03
5338.1297 1.675754e+03 1.958996e+03
5339.3273 1.686782e+03 1.973840e+03
5340.5249 1.463713e+03 1.714508e+03
5341.7225 1.440660e+03 1.689180e+03
5342.9202 1.595120e+03 1.872145e+03
5344.1178 1.602286e+03 1.882426e+03
5345.3154 1.608544e+03 1.891660e+03
5346.5130 1.604772e+03 1.889105e+03
5347.7106 1.311871e+03 1.545848e+03
5348.9083 1.491939e+03 1.759785e+03
5350.1059 1.469440e+03 1.734977e+03
5351.3035 1.359156e+03 1.606363e+03
5352.5011 1.574252e+03 1.862438e+03
5353.6988 1.609845e+03 1.906445e+03
5354.8964 1.381325e+03 1.637453e+03
5356.0940 1.948783e+03 2.312430e+03
5357.2916 1.669073e+03 1.982496e+03
5358.4893 1.605659e+03 1.909070e+03
5359.6869 1.559074e+03 1.855523e+03
5360.8845 1.466317e+03 1.746859e+03
5362.0821 1.477500e+03 1.761926e+03
5363.2798 1.426323e+03 1.702578e+03
5364.4774 1.607766e+03 1.921059e+03
5365.6750 1.751905e+03 2.095348e+03
5366.8726 1.886402e+03 2.258430e+03
5368.0703 1.894576e+03 2.270441e+03
5369.2679 1.577735e+03 1.892594e+03
5370.4655 1.654929e+03 1.987133e+03
5371.6631 1.624675e+03 1.952707e+03
5372.8608 2.064208e+03 2.483395e+03
5374.0584 1.789429e+03 2.154902e+03
5375.2560 1.474441e+03 1.777297e+03
5376.4536 1.936502e+03 2.336516e+03
5377.6512 1.639965e+03 1.980625e+03
5378.8489 1.784393e+03 2.157117e+03
5380.0465 1.610806e+03 1.949129e+03
5381.2441 1.679788e+03 2.034531e+03
5382.4417 1.903842e+03 2.308086e+03
5383.6394 1.928958e+03 2.340742e+03
5384.8370 1.700194e+03 2.065082e+03
5386.0346 1.682700e+03 2.045746e+03
5387.2322 1.842280e+03 2.241844e+03
5388.4299 1.844218e+03 2.246285e+03
5389.6275 1.799407e+03 2.193730e+03
5390.8251 1.790425e+03 2.184789e+03
5392.0227 1.835769e+03 2.242172e+03
5393.2204 1.759727e+03 2.151254e+03
5394.4180 1.531825e+03 1.874344e+03
5395.6156 1.591743e+03 1.949418e+03
5396.8132 1.781985e+03 2.184367e+03
5398.0109 1.844794e+03 2.263379e+03
5399.2085 2.071998e+03 2.544395e+03
5400.4061 1.874983e+03 2.304496e+03
5401.6037 1.662413e+03 2.045027e+03
5402.8013 1.578477e+03 1.943469e+03
5403.9990 1.736391e+03 2.139754e+03
5405.1966 1.920187e+03 2.368289e+03
5406.3942 2.059216e+03 2.541941e+03
5407.5918 1.802738e+03 2.227238e+03
5408.7895 1.500425e+03 1.855309e+03
5409.9871 1.646891e+03 2.038133e+03
5411.1847 1.675696e+03 2.075516e+03
5412.3823 1.817615e+03 2.253168e+03
5413.5800 2.036011e+03 2.525980e+03
5414.7776 2.014407e+03 2.501227e+03
5415.9752 1.822947e+03 2.265340e+03
5417.1728 1.637376e+03 2.036379e+03
5418.3705 2.034888e+03 2.532789e+03
5419.5681 1.823799e+03 2.271859e+03
5420.7657 2.041303e+03 2.544809e+03
5421.9633 2.010670e+03 2.508586e+03
5423.1610 1.964177e+03 2.452488e+03
5424.3586 1.902556e+03 2.377383e+03
5425.5562 1.825940e+03 2.283395e+03
5426.7538 1.699948e+03 2.127453e+03
5427.9515 2.046317e+03 2.562859e+03
5429.1491 1.932603e+03 2.422250e+03
5430.3467 2.156055e+03 2.704320e+03
5431.5443 1.949339e+03 2.446836e+03
5432.7419 2.055359e+03 2.581793e+03
5433.9396 2.109233e+03 2.651379e+03
5435.1372 1.902875e+03 2.393691e+03
5436.3348 1.837798e+03 2.313469e+03
5437.5324 1.995553e+03 2.513820e+03
5438.7301 1.994648e+03 2.514430e+03
5439.9277 1.971517e+03 2.486984e+03
5441.1253 1.761097e+03 2.223066e+03
5442.3229 1.782380e+03 2.251453e+03
5443.5206 1.718811e+03 2.172609e+03
5444.7182 1.752515e+03 2.216680e+03
5445.9158 2.006292e+03 2.539336e+03
5447.1134 1.402284e+03 1.776004e+03
5448.3111 1.871546e+03 2.371852e+03
5449.5087 2.003248e+03 2.540375e+03
5450.7063 1.989632e+03 2.524695e+03
5451.9039 1.848139e+03 2.346609e+03
5453.1016 2.049491e+03 2.603871e+03
5454.2992 1.914899e+03 2.434352e+03
5455.4968 1.760511e+03 2.239430e+03
5456.6944 1.966668e+03 2.503156e+03
5457.8920 2.037361e+03 2.594656e+03
5459.0897 1.861762e+03 2.372402e+03
5460.2873 1.915103e+03 2.441773e+03
5461.4849 1.911202e+03 2.438180e+03
5462.6825 1.690693e+03 2.158078e+03
5463.8802 1.792423e+03 2.289195e+03
5465.0778 2.000250e+03 2.556016e+03
5466.2754 1.863663e+03 2.382762e+03
5467.4730 1.713613e+03 2.192082e+03
5468.6707 1.767440e+03 2.262125e+03
5469.8683 2.031167e+03 2.601012e+03
5471.0659 1.948197e+03 2.496039e+03
5472.2635 2.188646e+03 2.805516e+03
5473.4612 1.833998e+03 2.352078e+03
5474.6588 1.868610e+03 2.397641e+03
5475.8564 2.103051e+03 2.699758e+03
5477.0540 1.925721e+03 2.473289e+03
5478.2517 1.957177e+03 2.514867e+03
5479.4493 1.948064e+03 2.504312e+03
5480.6469 1.830656e+03 2.354449e+03
5481.8445 1.801944e+03 2.318559e+03
5483.0422 1.901484e+03 2.447715e+03
5484.2398 1.882052e+03 2.423750e+03
5485.4374 1.983595e+03 2.555609e+03
5486.6350 2.032263e+03 2.619410e+03
5487.8326 1.900867e+03 2.451062e+03
5489.0303 1.961254e+03 2.529953e+03
5490.2279 1.869449e+03 2.412488e+03
5491.4255 1.680849e+03 2.169953e+03
5492.6231 1.895937e+03 2.448570e+03
5493.8208 2.036787e+03 2.631469e+03
5495.0184 1.863758e+03 2.408812e+03
5496.2160 1.728870e+03 2.235289e+03
5497.4136 2.033945e+03 2.630664e+03
5498.6113 2.210728e+03 2.860312e+03
5499.8089 2.350631e+03 3.042367e+03
5501.0065 1.995763e+03 2.583938e+03
5502.2041 2.024992e+03 2.622645e+03
5503.4018 1.915732e+03 2.481938e+03
5504.5994 2.193612e+03 2.842844e+03
5505.7970 2.260982e+03 2.931059e+03
5506.9946 2.222266e+03 2.881738e+03
5508.1923 1.973956e+03 2.560496e+03
5509.3899 2.079277e+03 2.697891e+03
5510.5875 1.956542e+03 2.539355e+03
5511.7851 1.993684e+03 2.588273e+03
5512.9827 2.205273e+03 2.863734e+03
5514.1804 2.120663e+03 2.754582e+03
5515.3780 2.159613e+03 2.805891e+03
5516.5756 2.118126e+03 2.752672e+03
5517.7732 2.021109e+03 2.627227e+03
5518.9709 1.989629e+03 2.586914e+03
5520.1685 1.803539e+03 2.345496e+03
5521.3661 2.022617e+03 2.630992e+03
5522.5637 2.330234e+03 3.031789e+03
5523.7614 2.325622e+03 3.026422e+03
5524.9590 2.097735e+03 2.730418e+03
5526.1566 2.091862e+03 2.723309e+03
5527.3542 2.245374e+03 2.923715e+03
5528.5519 2.360373e+03 3.074020e+03
5529.7495 1.936949e+03 2.523023e+03
5530.9471 1.904371e+03 2.481012e+03
5532.1447 2.026951e+03 2.641145e+03
5533.3424 2.135969e+03 2.783637e+03
5534.5400 2.121945e+03 2.765781e+03
5535.7376 2.132976e+03 2.780566e+03
5536.9352 2.387473e+03 3.112766e+03
5538.1329 2.463243e+03 3.211984e+03
5539.3305 2.248766e+03 2.932688e+03
5540.5281 2.175357e+03 2.837297e+03
5541.7257 2.174138e+03 2.836035e+03
5542.9233 2.299155e+03 2.999441e+03
5544.1210 2.475197e+03 3.229438e+03
5545.3186 2.287724e+03 2.985129e+03
5546.5162 2.239968e+03 2.923082e+03
5547.7138 1.889308e+03 2.465695e+03
5548.9115 2.170176e+03 2.832477e+03
5550.1091 1.999027e+03 2.609289e+03
5551.3067 2.298997e+03 3.001039e+03
5552.5043 2.049468e+03 2.675480e+03
5553.7020 2.208596e+03 2.883379e+03
5554.8996 2.191181e+03 2.860789e+03
5556.0972 2.040524e+03 2.664215e+03
5557.2948 2.320484e+03 3.029867e+03
5558.4925 2.158075e+03 2.817906e+03
5559.6901 1.962327e+03 2.562383e+03
5560.8877 2.174699e+03 2.839762e+03
5562.0853 2.268747e+03 2.962625e+03
5563.2830 2.094931e+03 2.735684e+03
5564.4806 2.219141e+03 2.897906e+03
5565.6782 2.431310e+03 3.174977e+03
5566.8758 2.276120e+03 2.972309e+03
5568.0734 2.229097e+03 2.910879e+03
5569.2711 1.937250e+03 2.529734e+03
5570.4687 1.735826e+03 2.266664e+03
5571.6663 1.868072e+03 2.439293e+03
5572.8639 1.812620e+03 2.366816e+03
5574.0616 2.311418e+03 3.018016e+03
5575.2592 2.238126e+03 2.922203e+03
5576.4568 2.429799e+03 3.172320e+03
5577.6544 2.369335e+03 3.093227e+03
5578.8521 1.880924e+03 2.455461e+03
5580.0497 2.158170e+03 2.817227e+03
5581.2473 2.051378e+03 2.677652e+03
5582.4449 2.137910e+03 2.790410e+03
5583.6426 2.432046e+03 3.174086e+03
5584.8402 2.244839e+03 2.929531e+03
5586.0378 2.300420e+03 3.001816e+03
5587.2354 2.227889e+03 2.906918e+03
5588.4331 2.269556e+03 2.961012e+03
5589.6307 2.189490e+03 2.856277e+03
5590.8283 2.185857e+03 2.851250e+03
5592.0259 2.188696e+03 2.854652e+03
5593.2236 2.141131e+03 2.792309e+03
5594.4212 1.989482e+03 2.594242e+03
5595.6188 1.919093e+03 2.502160e+03
5596.8164 1.993881e+03 2.599352e+03
5598.0140 2.121640e+03 2.765555e+03
5599.2117 2.205089e+03 2.873953e+03
5600.4093 2.186469e+03 2.849301e+03
5601.6069 2.156348e+03 2.809656e+03
5602.8045 2.134728e+03 2.781086e+03
5604.0022 2.076614e+03 2.704977e+03
5605.1998 2.169195e+03 2.825145e+03
5606.3974 2.095604e+03 2.728875e+03
5607.5950 2.301283e+03 2.996230e+03
5608.7927 2.166128e+03 2.819801e+03
5609.9903 2.150650e+03 2.799184e+03
5611.1879 2.288914e+03 2.978633e+03
5612.3855 2.250756e+03 2.928465e+03
5613.5832 2.289479e+03 2.978316e+03
5614.7808 2.385744e+03 3.102980e+03
5615.9784 2.339464e+03 3.042223e+03
5617.1760 2.136260e+03 2.777453e+03
5618.3737 2.116430e+03 2.751141e+03
5619.5713 2.210853e+03 2.873316e+03
5620.7689 2.171167e+03 2.821176e+03
5621.9665 2.180715e+03 2.833008e+03
5623.1641 2.225479e+03 2.890566e+03
5624.3618 2.083885e+03 2.706090e+03
5625.5594 2.096460e+03 2.721840e+03
5626.7570 2.055561e+03 2.668164e+03
5627.9546 2.191536e+03 2.844039e+03
5629.1523 2.256077e+03 2.927145e+03
5630.3499 2.433378e+03 3.156473e+03
5631.5475 1.989471e+03 2.580066e+03
5632.7451 2.406168e+03 3.119742e+03
5633.9428 2.412814e+03 3.127625e+03
5635.1404 2.239725e+03 2.902568e+03
5636.3380 2.246403e+03 2.910523e+03
5637.5356 2.084480e+03 2.700074e+03
5638.7333 2.316468e+03 2.999836e+03
5639.9309 2.352814e+03 3.046146e+03
5641.1285 2.279588e+03 2.950602e+03
5642.3261 2.260685e+03 2.925391e+03
5643.5238 2.285759e+03 2.957078e+03
5644.7214 2.144859e+03 2.774078e+03
5645.9190 2.056193e+03 2.658705e+03
5647.1166 2.169551e+03 2.804539e+03
5648.3143 2.285202e+03 2.953252e+03
5649.5119 2.170324e+03 2.804037e+03
5650.7095 2.053604e+03 2.652516e+03
5651.9071 2.201996e+03 2.843406e+03
5653.1047 2.321109e+03 2.996389e+03
5654.3024 2.275468e+03 2.936652e+03
5655.5000 2.424340e+03 3.127906e+03
5656.6976 2.380007e+03 3.069840e+03
5657.8952 2.110898e+03 2.721957e+03
5659.0929 2.377361e+03 3.064676e+03
5660.2905 2.095448e+03 2.700480e+03
5661.4881 2.232492e+03 2.876258e+03
5662.6857 2.169243e+03 2.793953e+03
5663.8834 2.096367e+03 2.699295e+03
5665.0810 2.210171e+03 2.844986e+03
5666.2786 2.304670e+03 2.965744e+03
5667.4762 2.237184e+03 2.878037e+03
5668.6739 2.074010e+03 2.667316e+03
5669.8715 2.096223e+03 2.695066e+03
5671.0691 2.118717e+03 2.723156e+03
5672.2667 2.206549e+03 2.835176e+03
5673.4644 2.067117e+03 2.655203e+03
5674.6620 1.943454e+03 2.495586e+03
5675.8596 2.060355e+03 2.644875e+03
5677.0572 1.869828e+03 2.399545e+03
5678.2549 1.926762e+03 2.471832e+03
5679.4525 1.886357e+03 2.419234e+03
5680.6501 2.056973e+03 2.637213e+03
5681.8477 2.415878e+03 3.096375e+03
5683.0453 2.225803e+03 2.851850e+03
5684.2430 2.270543e+03 2.908242e+03
5685.4406 2.215092e+03 2.836305e+03
5686.6382 1.976454e+03 2.529926e+03
5687.8358 2.116864e+03 2.708777e+03
5689.0335 2.247079e+03 2.874469e+03
5690.2311 2.206168e+03 2.821217e+03
5691.4287 2.108398e+03 2.695309e+03
5692.6263 2.064046e+03 2.637746e+03
5693.8240 2.147697e+03 2.743746e+03
5695.0216 2.246230e+03 2.868680e+03
5696.2192 2.317920e+03 2.959258e+03
5697.4168 2.302525e+03 2.938631e+03
5698.6145 2.133155e+03 2.721566e+03
5699.8121 2.008689e+03 2.561916e+03
5701.0097 1.984450e+03 2.530158e+03
5702.2073 2.020757e+03 2.575590e+03
5703.4050 2.291793e+03 2.920066e+03
5704.6026 2.259154e+03 2.877516e+03
5705.8002 2.178895e+03 2.774357e+03
5706.9978 2.092983e+03 2.664072e+03
5708.1954 2.100895e+03 2.673244e+03
5709.3931 1.748177e+03 2.223686e+03
5710.5907 2.131666e+03 2.710570e+03
5711.7883 1.833981e+03 2.331256e+03
5712.9859 1.933781e+03 2.457285e+03
5714.1836 2.106545e+03 2.675914e+03
5715.3812 1.773358e+03 2.251910e+03
5716.5788 1.803549e+03 2.289473e+03
5717.7764 2.159075e+03 2.739859e+03
5718.9741 2.091675e+03 2.653430e+03
5720.1717 2.046505e+03 2.595250e+03
5721.3693 2.020276e+03 2.561119e+03
5722.5669 2.025429e+03 2.566781e+03
5723.7646 2.026861e+03 2.567727e+03
5724.9622 2.115656e+03 2.679309e+03
5726.1598 2.094031e+03 2.651023e+03
5727.3574 1.958948e+03 2.479170e+03
5728.5551 2.137604e+03 2.704355e+03
5729.7527 2.274405e+03 2.876453e+03
5730.9503 2.166358e+03 2.738879e+03
5732.1479 2.071112e+03 2.617578e+03
5733.3456 2.212318e+03 2.795098e+03
5734.5432 2.194104e+03 2.771150e+03
5735.7408 2.055793e+03 2.595590e+03
5736.9384 2.403156e+03 3.033141e+03
5738.1360 2.282713e+03 2.880154e+03
5739.3337 2.132892e+03 2.690219e+03
5740.5313 2.233689e+03 2.816410e+03
5741.7289 2.295750e+03 2.893693e+03
5742.9265 2.198456e+03 2.770133e+03
5744.1242 2.016532e+03 2.540055e+03
5745.3218 2.027368e+03 2.552854e+03
5746.5194 1.911613e+03 2.406295e+03
5747.7170 1.885751e+03 2.372953e+03
5748.9147 2.072150e+03 2.606648e+03
5750.1123 1.944037e+03 2.444682e+03
5751.3099 1.853536e+03 2.330105e+03
5752.5075 1.693049e+03 2.127656e+03
5753.7052 1.800719e+03 2.262223e+03
5754.9028 1.928749e+03 2.422273e+03
5756.1004 1.924595e+03 2.416268e+03
5757.2980 1.925751e+03 2.416934e+03
5758.4957 2.021237e+03 2.535951e+03
5759.6933 1.964754e+03 2.464287e+03
5760.8909 1.935005e+03 2.426191e+03
5762.0885 1.944272e+03 2.437027e+03
5763.2861 2.155815e+03 2.701318e+03
5764.4838 2.251916e+03 2.820836e+03
5765.6814 2.185626e+03 2.736928e+03
5766.8790 2.009221e+03 2.515229e+03
5768.0766 1.814578e+03 2.270848e+03
5769.2743 1.899194e+03 2.375992e+03
5770.4719 2.087263e+03 2.610457e+03
5771.6695 2.124219e+03 2.655848e+03
5772.8671 1.742674e+03 2.178135e+03
5774.0648 2.026082e+03 2.531576e+03
5775.2624 1.900644e+03 2.374109e+03
5776.4600 1.974152e+03 2.465172e+03
5777.6576 1.979791e+03 2.471457e+03
5778.8553 2.115923e+03 2.640592e+03
5780.0529 1.969564e+03 2.457197e+03
5781.2505 1.961554e+03 2.446465e+03
5782.4481 2.018138e+03 2.516281e+03
5783.6458 2.088915e+03 2.603750e+03
5784.8434 2.059884e+03 2.566801e+03
5786.0410 1.936297e+03 2.412088e+03
5787.2386 1.883006e+03 2.345012e+03
5788.4363 1.896731e+03 2.361412e+03
5789.6339 1.874345e+03 2.332863e+03
5790.8315 1.864393e+03 2.319805e+03
5792.0291 1.933087e+03 2.404586e+03
5793.2267 2.200321e+03 2.736219e+03
5794.4244 1.885103e+03 2.343561e+03
5795.6220 1.813009e+03 2.253297e+03
5796.8196 1.924326e+03 2.390975e+03
5798.0172 2.072300e+03 2.574113e+03
5799.2149 2.266118e+03 2.814084e+03
5800.4125 1.846334e+03 2.292160e+03
5801.6101 2.049721e+03 2.543961e+03
5802.8077 1.915591e+03 2.376842e+03
5804.0054 1.706119e+03 2.116359e+03
5805.2030 1.755325e+03 2.176812e+03
5806.4006 1.754988e+03 2.175814e+03
5807.5982 1.738542e+03 2.154855e+03
5808.7959 1.814871e+03 2.248871e+03
5809.9935 1.869928e+03 2.316490e+03
5811.1911 2.078850e+03 2.574639e+03
5812.3887 1.873743e+03 2.320020e+03
5813.5864 2.116198e+03 2.619553e+03
5814.7840 2.134096e+03 2.641041e+03
5815.9816 1.910338e+03 2.363537e+03
5817.1792 1.918405e+03 2.372928e+03
5818.3768 1.912857e+03 2.365482e+03
5819.5745 1.982792e+03 2.451365e+03
5820.7721 2.081469e+03 2.572738e+03
5821.9697 1.899235e+03 2.346930e+03
5823.1673 1.839261e+03 2.272277e+03
5824.3650 1.764631e+03 2.179562e+03
5825.5626 2.094914e+03 2.586902e+03
5826.7602 2.107766e+03 2.602170e+03
5827.9578 1.895811e+03 2.339961e+03
5829.1555 1.656099e+03 2.043625e+03
5830.3531 1.900228e+03 2.344354e+03
5831.5507 1.607053e+03 1.982215e+03
5832.7483 1.830142e+03 2.256887e+03
5833.9460 1.926623e+03 2.375346e+03
5835.1436 1.660671e+03 2.047010e+03
5836.3412 1.782703e+03 2.196963e+03
5837.5388 1.864658e+03 2.297477e+03
5838.7365 1.869764e+03 2.303287e+03
5839.9341 2.207323e+03 2.718551e+03
5841.1317 2.203922e+03 2.713809e+03
5842.3293 1.970653e+03 2.426082e+03
5843.5270 1.980833e+03 2.438129e+03
5844.7246 1.958818e+03 2.410557e+03
5845.9222 1.673332e+03 2.058832e+03
5847.1198 1.553655e+03 1.911217e+03
5848.3174 1.883363e+03 2.316365e+03
5849.5151 1.932844e+03 2.376777e+03
5850.7127 1.851974e+03 2.276912e+03
5851.9103 2.099085e+03 2.580254e+03
5853.1079 1.838303e+03 2.259287e+03
5854.3056 1.878276e+03 2.308006e+03
5855.5032 2.094872e+03 2.573707e+03
5856.7008 1.698573e+03 2.086465e+03
5857.8984 2.143135e+03 2.632102e+03
5859.0961 1.955187e+03 2.400871e+03
5860.2937 1.977094e+03 2.427373e+03
5861.4913 1.753838e+03 2.152922e+03
5862.6889 1.752186e+03 2.150551e+03
5863.8866 1.741356e+03 2.136924e+03
5865.0842 1.741631e+03 2.136932e+03
5866.2818 1.892759e+03 2.322010e+03
5867.4794 1.813448e+03 2.224381e+03
5868.6771 1.719781e+03 2.109180e+03
5869.8747 1.963604e+03 2.407865e+03
5871.0723 2.121379e+03 2.600969e+03
5872.2699 2.218570e+03 2.719756e+03
5873.4675 2.113568e+03 2.590682e+03
5874.6652 2.083837e+03 2.553900e+03
5875.8628 2.050396e+03 2.512588e+03
5877.0604 2.059293e+03 2.523168e+03
5878.2580 1.959060e+03 2.400057e+03
5879.4557 1.822427e+03 2.232395e+03
5880.6533 1.945863e+03 2.383312e+03
5881.8509 2.014036e+03 2.466523e+03
5883.0485 1.920733e+03 2.351990e+03
5884.2462 1.898624e+03 2.324658e+03
5885.4438 1.897077e+03 2.322512e+03
5886.6414 1.682055e+03 2.059051e+03
5887.8390 1.805294e+03 2.209684e+03
5889.0367 1.843980e+03 2.256809e+03
5890.2343 1.809106e+03 2.213910e+03
5891.4319 1.527661e+03 1.869312e+03
5892.6295 1.937921e+03 2.371105e+03
5893.8272 2.281684e+03 2.791461e+03
5895.0248 1.871304e+03 2.289195e+03
5896.2224 1.781055e+03 2.178609e+03
5897.4200 1.978870e+03 2.420383e+03
5898.6177 1.673163e+03 2.046309e+03
5899.8153 1.665826e+03 2.037182e+03
5901.0129 1.793420e+03 2.193061e+03
5902.2105 2.009206e+03 2.456760e+03
5903.4081 1.997440e+03 2.442209e+03
5904.6058 1.923561e+03 2.351729e+03
5905.8034 1.907889e+03 2.332424e+03
5907.0010 1.858973e+03 2.272490e+03
5908.1986 1.765352e+03 2.157924e+03
5909.3963 1.716737e+03 2.098387e+03
5910.5939 1.809504e+03 2.211666e+03
5911.7915 1.864288e+03 2.278518e+03
5912.9891 1.964276e+03 2.400615e+03
5914.1868 1.963060e+03 2.399029e+03
5915.3844 1.733640e+03 2.118576e+03
5916.5820 1.654960e+03 2.022354e+03
5917.7796 1.776003e+03 2.170195e+03
5918.9773 1.914924e+03 2.339879e+03
5920.1749 2.116025e+03 2.585537e+03
5921.3725 2.059070e+03 2.515883e+03
5922.5701 1.785100e+03 2.181084e+03
5923.7678 2.192712e+03 2.679064e+03
5924.9654 1.637187e+03 2.000289e+03
5926.1630 1.913604e+03 2.337980e+03
5927.3606 1.764698e+03 2.156029e+03
5928.5582 2.039022e+03 2.491166e+03
5929.7559 2.082650e+03 2.544457e+03
5930.9535 2.038612e+03 2.490648e+03
5932.1511 1.776741e+03 2.170713e+03
5933.3487 1.894493e+03 2.314584e+03
5934.5464 1.665129e+03 2.034373e+03
5935.7440 1.685104e+03 2.058797e+03
5936.9416 1.868153e+03 2.282467e+03
5938.1392 1.880857e+03 2.298023e+03
5939.3369 1.747154e+03 2.134703e+03
5940.5345 1.727510e+03 2.110746e+03
5941.7321 1.875943e+03 2.292162e+03
5942.9297 1.886816e+03 2.305508e+03
5944.1274 1.672798e+03 2.044059e+03
5945.3250 1.741211e+03 2.127723e+03
5946.5226 1.959005e+03 2.393945e+03
5947.7202 1.853754e+03 2.265412e+03
5948.9179 1.733591e+03 2.118650e+03
5950.1155 1.999301e+03 2.443484e+03
5951.3131 1.929227e+03 2.357951e+03
5952.5107 2.028157e+03 2.478986e+03
5953.7084 1.931224e+03 2.360629e+03
5954.9060 1.506016e+03 1.840977e+03
5956.1036 1.723920e+03 2.107467e+03
5957.3012 1.844678e+03 2.255227e+03
5958.4988 2.035710e+03 2.488932e+03
5959.6965 1.879374e+03 2.297939e+03
5960.8941 1.885637e+03 2.305756e+03
5962.0917 1.809200e+03 2.212445e+03
5963.2893 1.890915e+03 2.312545e+03
5964.4870 1.933238e+03 2.364486e+03
5965.6846 1.728009e+03 2.113645e+03
5966.8822 1.885543e+03 2.306525e+03
5968.0798 1.609149e+03 1.968588e+03
5969.2775 1.336014e+03 1.634586e+03
5970.4751 1.626995e+03 1.990775e+03
5971.6727 1.941344e+03 2.375631e+03
5972.8703 1.914140e+03 2.342566e+03
5974.0680 1.745854e+03 2.136824e+03
5975.2656 1.755667e+03 2.149053e+03
5976.4632 1.793532e+03 2.195631e+03
5977.6608 1.758393e+03 2.152844e+03
5978.8585 1.702323e+03 2.084424e+03
5980.0561 1.894997e+03 2.320605e+03
5981.2537 2.037930e+03 2.495928e+03
5982.4513 2.117512e+03 2.593699e+03
5983.6489 1.812440e+03 2.220289e+03
5984.8466 1.982380e+03 2.428770e+03
5986.0442 1.747500e+03 2.141268e+03
5987.2418 1.592046e+03 1.951035e+03
5988.4394 1.720983e+03 2.109322e+03
5989.6371 1.610759e+03 1.974490e+03
5990.8347 1.764223e+03 2.162902e+03
5992.0323 1.927705e+03 2.363656e+03
5993.2299 1.914188e+03 2.347414e+03
5994.4276 1.868170e+03 2.291311e+03
5995.6252 1.590048e+03 1.950480e+03
5996.8228 1.792352e+03 2.198971e+03
5998.0204 1.903889e+03 2.336166e+03
5999.2181 1.800722e+03 2.209916e+03
6000.4157 1.669615e+03 2.049338e+03
6001.6133 1.748339e+03 2.146309e+03
6002.8109 1.934369e+03 2.375068e+03
6004.0086 1.900035e+03 2.333297e+03
6005.2062 1.725283e+03 2.119051e+03
6006.4038 1.872421e+03 2.300160e+03
6007.6014 1.831106e+03 2.249795e+03
6008.7991 1.672535e+03 2.055324e+03
6009.9967 1.683514e+03 2.069184e+03
6011.1943 1.682665e+03 2.068512e+03
6012.3919 1.720094e+03 2.114908e+03
6013.5895 1.815937e+03 2.233162e+03
6014.7872 1.702874e+03 2.094514e+03
6015.9848 1.629279e+03 2.004373e+03
6017.1824 1.868570e+03 2.299195e+03
6018.3800 1.900282e+03 2.338670e+03
6019.5777 1.939507e+03 2.387414e+03
6020.7753 1.990091e+03 2.450168e+03
6021.9729 1.633917e+03 2.012059e+03
6023.1705 1.619109e+03 1.994230e+03
6024.3682 1.891034e+03 2.329637e+03
6025.5658 1.995273e+03 2.458566e+03
6026.7634 1.852340e+03 2.282928e+03
6027.9610 1.829278e+03 2.254986e+03
6029.1587 1.875358e+03 2.312289e+03
6030.3563 1.940805e+03 2.393506e+03
6031.5539 1.881239e+03 2.320559e+03
6032.7515 2.025840e+03 2.499484e+03
6033.9492 1.880650e+03 2.320871e+03
6035.1468 2.099165e+03 2.591125e+03
6036.3444 2.129406e+03 2.629059e+03
6037.5420 1.873627e+03 2.313799e+03
6038.7397 1.832798e+03 2.263908e+03
6039.9373 1.851043e+03 2.286986e+03
6041.1349 1.728868e+03 2.136547e+03
6042.3325 1.191411e+03 1.472709e+03
6043.5301 1.141586e+03 1.411463e+03
6044.7278 2.031407e+03 2.512260e+03
6045.9254 2.145385e+03 2.653875e+03
6047.1230 1.887072e+03 2.334920e+03
6048.3206 1.880585e+03 2.327480e+03
6049.5183 1.904596e+03 2.357797e+03
6050.7159 2.056966e+03 2.547076e+03
6051.9135 1.960022e+03 2.427660e+03
6053.1111 1.934981e+03 2.397270e+03
6054.3088 1.799248e+03 2.229693e+03
6055.5064 1.773254e+03 2.198062e+03
6056.7040 1.801628e+03 2.233830e+03
6057.9016 1.526627e+03 1.893367e+03
6059.0993 1.710361e+03 2.121814e+03
6060.2969 1.662725e+03 2.063281e+03
6061.4945 1.999832e+03 2.482281e+03
6062.6921 1.657032e+03 2.057354e+03
6063.8898 1.844855e+03 2.291191e+03
6065.0874 1.756105e+03 2.181582e+03
6066.2850 1.688374e+03 2.098035e+03
6067.4826 1.763080e+03 2.191492e+03
6068.6802 1.743980e+03 2.168373e+03
6069.8779 1.946116e+03 2.420398e+03
6071.0755 1.852027e+03 2.304049e+03
6072.2731 1.870863e+03 2.328164e+03
6073.4707 2.065648e+03 2.571318e+03
6074.6684 2.205502e+03 2.746223e+03
6075.8660 2.340509e+03 2.915199e+03
6077.0636 2.419485e+03 3.014473e+03
6078.2612 2.495514e+03 3.110139e+03
6079.4589 2.491755e+03 3.106398e+03
6080.6565 2.340371e+03 2.918564e+03
6081.8541 2.077136e+03 2.591094e+03
6083.0517 1.964695e+03 2.451590e+03
6084.2494 1.995849e+03 2.491240e+03
6085.4470 1.749521e+03 2.184455e+03
6086.6446 1.823979e+03 2.278141e+03
6087.8422 2.013412e+03 2.515537e+03
6089.0399 2.195179e+03 2.743508e+03
6090.2375 1.615395e+03 2.019547e+03
6091.4351 1.822402e+03 2.279078e+03
6092.6327 1.654088e+03 2.069256e+03
6093.8304 1.577063e+03 1.973539e+03
6095.0280 1.431946e+03 1.792525e+03
6096.2256 9.434150e+02 1.181365e+03
6097.4232 9.955166e+02 1.247020e+03
6098.6208 1.249428e+03 1.565598e+03
6099.8185 1.767552e+03 2.215572e+03
6101.0161 1.679741e+03 2.106209e+03
6102.2137 1.833857e+03 2.300227e+03
6103.4113 1.952198e+03 2.449492e+03
6104.6090 1.962395e+03 2.463123e+03
6105.8066 1.744339e+03 2.190174e+03
6107.0042 1.989347e+03 2.498660e+03
6108.2018 2.124093e+03 2.668822e+03
6109.3995 1.875297e+03 2.357037e+03
6110.5971 1.844697e+03 2.319381e+03
6111.7947 1.970037e+03 2.477838e+03
6112.9923 1.868945e+03 2.351512e+03
6114.1900 1.800941e+03 2.266746e+03
6115.3876 1.887014e+03 2.375920e+03
6116.5852 2.012996e+03 2.535441e+03
6117.7828 1.912644e+03 2.409902e+03
6118.9805 1.859677e+03 2.344002e+03
6120.1781 1.820256e+03 2.295137e+03
6121.3757 1.989021e+03 2.508834e+03
6122.5733 1.834054e+03 2.314203e+03
6123.7709 1.939958e+03 2.448721e+03
6124.9686 1.974593e+03 2.493346e+03
6126.1662 2.146109e+03 2.710912e+03
6127.3638 1.913850e+03 2.418414e+03
6128.5614 1.852174e+03 2.341340e+03
6129.7591 1.490588e+03 1.884953e+03
6130.9567 1.831134e+03 2.316455e+03
6132.1543 1.834602e+03 2.321705e+03
6133.3519 1.982551e+03 2.509871e+03
6134.5496 1.702838e+03 2.156566e+03
6135.7472 1.843150e+03 2.335141e+03
6136.9448 1.766910e+03 2.239393e+03
6138.1424 1.709706e+03 2.167711e+03
6139.3401 1.902829e+03 2.413482e+03
6140.5377 1.960286e+03 2.487303e+03
6141.7353 2.016602e+03 2.559734e+03
6142.9329 1.883943e+03 2.392260e+03
6144.1306 1.765213e+03 2.242354e+03
6145.3282 2.047099e+03 2.601434e+03
6146.5258 2.126333e+03 2.703164e+03
6147.7234 2.093897e+03 2.662957e+03
6148.9211 2.054193e+03 2.613475e+03
6150.1187 1.791157e+03 2.279709e+03
6151.3163 1.801121e+03 2.293283e+03
6152.5139 1.826349e+03 2.326312e+03
6153.7115 1.856487e+03 2.365627e+03
6154.9092 2.053236e+03 2.617359e+03
6156.1068 1.959038e+03 2.498264e+03
6157.3044 2.016141e+03 2.572098e+03
6158.5020 1.876447e+03 2.394828e+03
6159.6997 1.943815e+03 2.481789e+03
6160.8973 1.861729e+03 2.377928e+03
6162.0949 1.786038e+03 2.282158e+03
6163.2925 1.868868e+03 2.388947e+03
6164.4902 1.955374e+03 2.500525e+03
6165.6878 1.849646e+03 2.366268e+03
6166.8854 1.731756e+03 2.216338e+03
6168.0830 1.796625e+03 2.300283e+03
6169.2807 1.769955e+03 2.267049e+03
6170.4783 1.952682e+03 2.502104e+03
6171.6759 1.958362e+03 2.510396e+03
6172.8735 2.020399e+03 2.590969e+03
6174.0712 1.813824e+03 2.327000e+03
6175.2688 1.700518e+03 2.182523e+03
6176.4664 1.689753e+03 2.169590e+03
6177.6640 1.858301e+03 2.386973e+03
6178.8616 1.760223e+03 2.261916e+03
6180.0593 1.799676e+03 2.313559e+03
6181.2569 2.045381e+03 2.630500e+03
6182.4545 1.839120e+03 2.366205e+03
6183.6521 1.788352e+03 2.301832e+03
6184.8498 1.815321e+03 2.337506e+03
6186.0474 1.581213e+03 2.036895e+03
6187.2450 1.537740e+03 1.981711e+03
6188.4426 1.639342e+03 2.113520e+03
6189.6403 1.637672e+03 2.112240e+03
6190.8379 1.812060e+03 2.338131e+03
6192.0355 1.674235e+03 2.161189e+03
6193.2331 1.738708e+03 2.245346e+03
6194.4308 1.844148e+03 2.382500e+03
6195.6284 1.902310e+03 2.458664e+03
6196.8260 1.957705e+03 2.531314e+03
6198.0236 2.078394e+03 2.688486e+03
6199.2213 1.877054e+03 2.429059e+03
6200.4189 1.604110e+03 2.076715e+03
6201.6165 1.562491e+03 2.023680e+03
6202.8141 1.811048e+03 2.346584e+03
6204.0118 1.719498e+03 2.228895e+03
6205.2094 1.854184e+03 2.404490e+03
6206.4070 1.846974e+03 2.396145e+03
6207.6046 1.692111e+03 2.196158e+03
6208.8022 1.863664e+03 2.419830e+03
6209.9999 1.955515e+03 2.540160e+03
6211.1975 1.796984e+03 2.335215e+03
6212.3951 1.654329e+03 2.150738e+03
6213.5927 1.699173e+03 2.209969e+03
6214.7904 1.803700e+03 2.346908e+03
6215.9880 1.808409e+03 2.354027e+03
6217.1856 1.652249e+03 2.151660e+03
6218.3832 1.680732e+03 2.189678e+03
6219.5809 1.941108e+03 2.529967e+03
6220.7785 1.866734e+03 2.434059e+03
6221.9761 1.679718e+03 2.191133e+03
6223.1737 1.808002e+03 2.359473e+03
6224.3714 1.811682e+03 2.365275e+03
6225.5690 1.625179e+03 2.122682e+03
6226.7666 1.328088e+03 1.735379e+03
6227.9642 1.162235e+03 1.519307e+03
6229.1619 1.177268e+03 1.539609e+03
6230.3595 1.304327e+03 1.706498e+03
6231.5571 1.673769e+03 2.190779e+03
6232.7547 1.894797e+03 2.481133e+03
6233.9523 1.659691e+03 2.174195e+03
6235.1500 1.467234e+03 1.922891e+03
6236.3476 1.594067e+03 2.089998e+03
6237.5452 1.667562e+03 2.187285e+03
6238.7428 1.659530e+03 2.177672e+03
6239.9405 1.633725e+03 2.144719e+03
6241.1381 1.696920e+03 2.228623e+03
6242.3357 1.762527e+03 2.315768e+03
6243.5333 1.741583e+03 2.289219e+03
6244.7310 1.777616e+03 2.337572e+03
6245.9286 1.832064e+03 2.410191e+03
6247.1262 1.784696e+03 2.348869e+03
6248.3238 1.645009e+03 2.165941e+03
6249.5215 1.588499e+03 2.092420e+03
6250.7191 1.675459e+03 2.207900e+03
6251.9167 1.869745e+03 2.464969e+03
6253.1143 1.734902e+03 2.288166e+03
6254.3120 1.637721e+03 2.160906e+03
6255.5096 1.801830e+03 2.378445e+03
6256.7072 1.979133e+03 2.613590e+03
6257.9048 1.603247e+03 2.118098e+03
6259.1025 1.521113e+03 2.010436e+03
6260.3001 1.647821e+03 2.178820e+03
6261.4977 1.574550e+03 2.082814e+03
6262.6953 1.613066e+03 2.134662e+03
6263.8929 1.792253e+03 2.372787e+03
6265.0906 1.831018e+03 2.425127e+03
6266.2882 1.782640e+03 2.362043e+03
6267.4858 1.723039e+03 2.284027e+03
6268.6834 1.760169e+03 2.334225e+03
6269.8811 1.540252e+03 2.043439e+03
6271.0787 1.680910e+03 2.230982e+03
6272.2763 1.799388e+03 2.389230e+03
6273.4739 1.703053e+03 2.262262e+03
6274.6716 1.736392e+03 2.307510e+03
6275.8692 1.531670e+03 2.036301e+03
6277.0668 1.557763e+03 2.071854e+03
6278.2644 1.539637e+03 2.048598e+03
6279.4621 1.699965e+03 2.262865e+03
6280.6597 1.534469e+03 2.043418e+03
6281.8573 1.806933e+03 2.407250e+03
6283.0549 1.676729e+03 2.234713e+03
6284.2526 1.539661e+03 2.052881e+03
6285.4502 1.611902e+03 2.150090e+03
6286.6478 1.364395e+03 1.820695e+03
6287.8454 1.815942e+03 2.424254e+03
6289.0430 1.542024e+03 2.059426e+03
6290.2407 1.530212e+03 2.044490e+03
6291.4383 1.523727e+03 2.036662e+03
6292.6359 1.537503e+03 2.055918e+03
6293.8335 1.536885e+03 2.055934e+03
6295.0312 1.385462e+03 1.854129e+03
6296.2288 1.552786e+03 2.078902e+03
6297.4264 1.598213e+03 2.140594e+03
6298.6240 1.668026e+03 2.235008e+03
6299.8217 1.607478e+03 2.154754e+03
6301.0193 1.596793e+03 2.141301e+03
6302.2169 1.555679e+03 2.087012e+03
6303.4145 1.695436e+03 2.275422e+03
6304.6122 1.792190e+03 2.406246e+03
6305.8098 1.375800e+03 1.847934e+03
6307.0074 1.217871e+03 1.636467e+03
6308.2050 1.583342e+03 2.128408e+03
6309.4027 1.671744e+03 2.248145e+03
6310.6003 1.839935e+03 2.475316e+03
6311.7979 1.612801e+03 2.170613e+03
6312.9955 1.480384e+03 1.993193e+03
6314.1932 1.736733e+03 2.339273e+03
6315.3908 1.567759e+03 2.112516e+03
6316.5884 1.626496e+03 2.192531e+03
6317.7860 1.667414e+03 2.248578e+03
6318.9836 1.672691e+03 2.256586e+03
6320.1813 1.557212e+03 2.101625e+03
6321.3789 1.605157e+03 2.167184e+03
6322.5765 1.783510e+03 2.408932e+03
6323.7741 1.909044e+03 2.579496e+03
6324.9718 1.509937e+03 2.041021e+03
6326.1694 1.354517e+03 1.831650e+03
6327.3670 1.607992e+03 2.175260e+03
6328.5646 1.731759e+03 2.343600e+03
6329.7623 1.602036e+03 2.168885e+03
6330.9599 1.384947e+03 1.875709e+03
6332.1575 1.663239e+03 2.253484e+03
6333.3551 1.403159e+03 1.901840e+03
6334.5528 1.449694e+03 1.965668e+03
6335.7504 1.505588e+03 2.042238e+03
6336.9480 1.568423e+03 2.128283e+03
6338.1456 1.715405e+03 2.328619e+03
6339.3433 1.659478e+03 2.253557e+03
6340.5409 1.609270e+03 2.186203e+03
6341.7385 1.620807e+03 2.202711e+03
6342.9361 1.641290e+03 2.231389e+03
6344.1337 1.585354e+03 2.156154e+03
6345.3314 1.605090e+03 2.183816e+03
6346.5290 1.653731e+03 2.250838e+03
6347.7266 1.556719e+03 2.119590e+03
6348.9242 1.483041e+03 2.020023e+03
6350.1219 1.669614e+03 2.274996e+03
6351.3195 1.755359e+03 2.392719e+03
6352.5171 1.858582e+03 2.534357e+03
6353.7147 1.868481e+03 2.548795e+03
6354.9124 1.571152e+03 2.143996e+03
6356.1100 1.568096e+03 2.140609e+03
6357.3076 1.516729e+03 2.071244e+03
6358.5052 1.468121e+03 2.005596e+03
6359.7029 1.568684e+03 2.143754e+03
6360.9005 1.448613e+03 1.980383e+03
6362.0981 1.416842e+03 1.937648e+03
6363.2957 1.396939e+03 1.911117e+03
6364.4934 1.661040e+03 2.273242e+03
6365.6910 1.651390e+03 2.260844e+03
6366.8886 1.938747e+03 2.655199e+03
6368.0862 1.740124e+03 2.384023e+03
6369.2839 1.673381e+03 2.293396e+03
6370.4815 1.598532e+03 2.191588e+03
6371.6791 1.567629e+03 2.149977e+03
6372.8767 1.775120e+03 2.435402e+03
6374.0743 1.658144e+03 2.275711e+03
6375.2720 1.525571e+03 2.094492e+03
6376.4696 1.704130e+03 2.340453e+03
6377.6672 1.753894e+03 2.409633e+03
6378.8648 1.467071e+03 2.016270e+03
6380.0625 1.576488e+03 2.167393e+03
6381.2601 1.605453e+03 2.207971e+03
6382.4577 1.571244e+03 2.161662e+03
6383.6553 1.515769e+03 2.086051e+03
6384.8530 1.573947e+03 2.166852e+03
6386.0506 1.685243e+03 2.320857e+03
6387.2482 1.688696e+03 2.326396e+03
6388.4458 1.583725e+03 2.182518e+03
6389.6435 1.527414e+03 2.105619e+03
6390.8411 1.633985e+03 2.253283e+03
6392.0387 1.735303e+03 2.393795e+03
6393.2363 1.691055e+03 2.333527e+03
6394.4340 1.755195e+03 2.422834e+03
6395.6316 1.845429e+03 2.548227e+03
6396.8292 1.642078e+03 2.268174e+03
6398.0268 1.678421e+03 2.319129e+03
6399.2244 1.859421e+03 2.570055e+03
6400.4221 1.762345e+03 2.436666e+03
6401.6197 1.580700e+03 2.186221e+03
6402.8173 1.640142e+03 2.269160e+03
6404.0149 1.589218e+03 2.199408e+03
6405.2126 1.837868e+03 2.544336e+03
6406.4102 1.592868e+03 2.205857e+03
6407.6078 1.689348e+03 2.340203e+03
6408.8054 1.574055e+03 2.181176e+03
6410.0031 1.681307e+03 2.330523e+03
6411.2007 1.642615e+03 2.277600e+03
6412.3983 1.891439e+03 2.623424e+03
6413.5959 1.657385e+03 2.299500e+03
6414.7936 1.788873e+03 2.482693e+03
6415.9912 1.657403e+03 2.300936e+03
6417.1888 1.753053e+03 2.434465e+03
6418.3864 1.782547e+03 2.476174e+03
6419.5841 1.834365e+03 2.548924e+03
6420.7817 1.874475e+03 2.605441e+03
6421.9793 1.619894e+03 2.252258e+03
6423.1769 1.678605e+03 2.334582e+03
6424.3746 1.603738e+03 2.231119e+03
6425.5722 1.676531e+03 2.333076e+03
6426.7698 1.772011e+03 2.466672e+03
6427.9674 1.776818e+03 2.474086e+03
6429.1650 1.720072e+03 2.395768e+03
6430.3627 1.660616e+03 2.313625e+03
6431.5603 1.772003e+03 2.469523e+03
6432.7579 1.795592e+03 2.503115e+03
6433.9555 1.772679e+03 2.471879e+03
6435.1532 1.871188e+03 2.609982e+03
6436.3508 1.863666e+03 2.600225e+03
6437.5484 1.741693e+03 2.430729e+03
6438.7460 1.791811e+03 2.501373e+03
6439.9437 1.709356e+03 2.386930e+03
6441.1413 1.742920e+03 2.434471e+03
6442.3389 1.769048e+03 2.471646e+03
6443.5365 1.484793e+03 2.075064e+03
6444.7342 1.701744e+03 2.378910e+03
6445.9318 1.634525e+03 2.285562e+03
6447.1294 1.775651e+03 2.483568e+03
6448.3270 1.741580e+03 2.436568e+03
6449.5247 1.876240e+03 2.625664e+03
6450.7223 2.010975e+03 2.814963e+03
6451.9199 1.690445e+03 2.366910e+03
6453.1175 1.800774e+03 2.522051e+03
6454.3152 1.559518e+03 2.184732e+03
6455.5128 1.791822e+03 2.510818e+03
6456.7104 1.947222e+03 2.729279e+03
6457.9080 1.707727e+03 2.394211e+03
6459.1056 1.677113e+03 2.351891e+03
6460.3033 1.692777e+03 2.374459e+03
6461.5009 1.885901e+03 2.646021e+03
6462.6985 1.785275e+03 2.505465e+03
6463.8961 1.785939e+03 2.507021e+03
6465.0938 1.603125e+03 2.250953e+03
6466.2914 1.443447e+03 2.027248e+03
6467.4890 1.560524e+03 2.192213e+03
6468.6866 1.908355e+03 2.681496e+03
6469.8843 1.801899e+03 2.532523e+03
6471.0819 1.681106e+03 2.363320e+03
6472.2795 1.796956e+03 2.526787e+03
6473.4771 1.951221e+03 2.744357e+03
6474.6748 1.912381e+03 2.690365e+03
6475.8724 1.711815e+03 2.408771e+03
6477.0700 1.488703e+03 2.095309e+03
6478.2676 1.748789e+03 2.461941e+03
6479.4653 1.827527e+03 2.573381e+03
6480.6629 1.612086e+03 2.270533e+03
6481.8605 1.545426e+03 2.177141e+03
6483.0581 1.728165e+03 2.435125e+03
6484.2557 1.820568e+03 2.565904e+03
6485.4534 1.896428e+03 2.673416e+03
6486.6510 1.796245e+03 2.532746e+03
6487.8486 1.632229e+03 2.301986e+03
6489.0462 1.777571e+03 2.507514e+03
6490.2439 1.777639e+03 2.508152e+03
6491.4415 1.456144e+03 2.054982e+03
6492.6391 1.478240e+03 2.086611e+03
6493.8367 1.768505e+03 2.496865e+03
6495.0344 1.775900e+03 2.507834e+03
6496.2320 1.852253e+03 2.616203e+03
6497.4296 1.902076e+03 2.687135e+03
6498.6272 1.780434e+03 2.515805e+03
6499.8249 1.971687e+03 2.786621e+03
6501.0225 1.994488e+03 2.819420e+03
6502.2201 2.037325e+03 2.880555e+03
6503.4177 1.659444e+03 2.346742e+03
6504.6154 1.745073e+03 2.468328e+03
6505.8130 1.938938e+03 2.743082e+03
6507.0106 1.946360e+03 2.754121e+03
6508.2082 1.947085e+03 2.755684e+03
6509.4059 1.947819e+03 2.757254e+03
6510.6035 1.948553e+03 2.758820e+03
6511.8011 1.949296e+03 2.760396e+03
6512.9987 1.950028e+03 2.761953e+03
6514.1963 1.950772e+03 2.763523e+03
6515.3940 1.951518e+03 2.765094e+03
6516.5916 1.952262e+03 2.766656e+03
6517.7892 1.953014e+03 2.768227e+03
6518.9868 1.953768e+03 2.769797e+03
6520.1845 1.954526e+03 2.771369e+03
6521.3821 1.955283e+03 2.772936e+03
6522.5797 1.956043e+03 2.774504e+03
6523.7773 1.956808e+03 2.776074e+03
6524.9750 1.957574e+03 2.777643e+03
6526.1726 1.958339e+03 2.779207e+03
6527.3702 1.959113e+03 2.780779e+03
6528.5678 1.959883e+03 2.782344e+03
6529.7655 1.960658e+03 2.783910e+03
6530.9631 1.961440e+03 2.785484e+03
6532.1607 1.962222e+03 2.787053e+03
6533.3583 1.963002e+03 2.788617e+03
6534.5560 1.963790e+03 2.790188e+03
6535.7536 1.964579e+03 2.791756e+03
6536.9512 1.965370e+03 2.793324e+03
6538.1488 1.966163e+03 2.794891e+03
6539.3464 1.966959e+03 2.796459e+03
6540.5441 1.967760e+03 2.798029e+03
6541.7417 1.968560e+03 2.799596e+03
6542.9393 1.969370e+03 2.801172e+03
6544.1369 1.970176e+03 2.802740e+03
6545.3346 1.970983e+03 2.804305e+03
6546.5322 1.971796e+03 2.805875e+03
6547.7298 1.972612e+03 2.807445e+03
6548.9274 1.973431e+03 2.809016e+03
6550.1251 1.974250e+03 2.810584e+03
6551.3227 1.975071e+03 2.812150e+03
6552.5203 1.975900e+03 2.813725e+03
6553.7179 1.976729e+03 2.815295e+03
6554.9156 1.977557e+03 2.816861e+03
6556.1132 1.978391e+03 2.818432e+03
6557.3108 1.979226e+03 2.820000e+03
6558.5084 1.980063e+03 2.821568e+03
6559.7061 1.980904e+03 2.823137e+03
6560.9037 1.981752e+03 2.824713e+03
6562.1013 1.982597e+03 2.826281e+03
6563.2989 1.983448e+03 2.827854e+03
6564.4966 1.984298e+03 2.829422e+03
6565.6942 1.985149e+03 2.830988e+03
6566.8918 1.986005e+03 2.832557e+03
6568.0894 1.986866e+03 2.834129e+03
6569.2870 1.987726e+03 2.835697e+03
6570.4847 1.988592e+03 2.837270e+03
6571.6823 1.989458e+03 2.838838e+03
6572.8799 1.990324e+03 2.840404e+03
6574.0775 1.991199e+03 2.841979e+03
6575.2752 1.992074e+03 2.843549e+03
6576.4728 1.992952e+03 2.845121e+03
6577.6704 1.993830e+03 2.846689e+03
6578.8680 1.994715e+03 2.848264e+03
6580.0657 1.994807e+03 2.848701e+03
6581.2633 1.930286e+03 2.756855e+03
6582.4609 1.880740e+03 2.686375e+03
6583.6585 2.077081e+03 2.967129e+03
6584.8562 2.072187e+03 2.960439e+03
6586.0538 1.839674e+03 2.628525e+03
6587.2514 1.984743e+03 2.836082e+03
6588.4490 2.061868e+03 2.946578e+03
6589.6467 1.843882e+03 2.635314e+03
6590.8443 1.838840e+03 2.628359e+03
6592.0419 1.860092e+03 2.658986e+03
6593.2395 1.868552e+03 2.671328e+03
6594.4371 1.942229e+03 2.776912e+03
6595.6348 2.007033e+03 2.869826e+03
6596.8324 2.051092e+03 2.933086e+03
6598.0300 1.862999e+03 2.664344e+03
6599.2276 1.783976e+03 2.551551e+03
6600.4253 1.697450e+03 2.428002e+03
6601.6229 2.038588e+03 2.916203e+03
6602.8205 1.816418e+03 2.598604e+03
6604.0181 2.018085e+03 2.887346e+03
6605.2158 1.805000e+03 2.582684e+03
6606.4134 1.826759e+03 2.614023e+03
6607.6110 1.815599e+03 2.598254e+03
6608.8086 2.071125e+03 2.964156e+03
6610.0063 1.789563e+03 2.561381e+03
6611.2039 1.789406e+03 2.561344e+03
6612.4015 2.081178e+03 2.979199e+03
6613.5991 1.936708e+03 2.772588e+03
6614.7968 1.746303e+03 2.500178e+03
6615.9944 1.945467e+03 2.785512e+03
6617.1920 2.052924e+03 2.939564e+03
6618.3896 2.165775e+03 3.101359e+03
6619.5873 1.906554e+03 2.730336e+03
6620.7849 1.863478e+03 2.668816e+03
6621.9825 1.909304e+03 2.734617e+03
6623.1801 1.812567e+03 2.596223e+03
6624.3777 2.068825e+03 2.963449e+03
6625.5754 2.015266e+03 2.886898e+03
6626.7730 1.944182e+03 2.785230e+03
6627.9706 1.857149e+03 2.660695e+03
6629.1682 1.943190e+03 2.784117e+03
6630.3659 1.855146e+03 2.658115e+03
6631.5635 1.743497e+03 2.498271e+03
6632.7611 1.985681e+03 2.845445e+03
6633.9587 2.169005e+03 3.108301e+03
6635.1564 2.167240e+03 3.105924e+03
6636.3540 2.127397e+03 3.048969e+03
6637.5516 1.962182e+03 2.812314e+03
6638.7492 1.935265e+03 2.773861e+03
6639.9469 1.870172e+03 2.680682e+03
6641.1445 1.796904e+03 2.575771e+03
6642.3421 1.881616e+03 2.697314e+03
6643.5397 1.930980e+03 2.768191e+03
6644.7374 1.959297e+03 2.808896e+03
6645.9350 2.016292e+03 2.890719e+03
6647.1326 1.923702e+03 2.758076e+03
6648.3302 1.849025e+03 2.651105e+03
6649.5278 1.992814e+03 2.857369e+03
6650.7255 1.977170e+03 2.835035e+03
6651.9231 2.023625e+03 2.901742e+03
6653.1207 1.996700e+03 2.863225e+03
6654.3183 1.871854e+03 2.684281e+03
6655.5160 1.943781e+03 2.787508e+03
6656.7136 2.004449e+03 2.874592e+03
6657.9112 1.989086e+03 2.852639e+03
6659.1088 2.141211e+03 3.070889e+03
6660.3065 2.050961e+03 2.941529e+03
6661.5041 1.884409e+03 2.702723e+03
6662.7017 1.725120e+03 2.474318e+03
6663.8993 1.983456e+03 2.844910e+03
6665.0970 1.962601e+03 2.815057e+03
6666.2946 2.025132e+03 2.904807e+03
6667.4922 1.977041e+03 2.835881e+03
6668.6898 1.881292e+03 2.698586e+03
6669.8875 1.818276e+03 2.608238e+03
6671.0851 1.859373e+03 2.667232e+03
6672.2827 1.980263e+03 2.840689e+03
6673.4803 1.816024e+03 2.605125e+03
6674.6780 2.095233e+03 3.005695e+03
6675.8756 1.877640e+03 2.693582e+03
6677.0732 1.960538e+03 2.812535e+03
6678.2708 2.047882e+03 2.937865e+03
6679.4684 1.963574e+03 2.816943e+03
6680.6661 1.871897e+03 2.685445e+03
6681.8637 1.871139e+03 2.684377e+03
6683.0613 1.955011e+03 2.804719e+03
6684.2589 2.005919e+03 2.877768e+03
6685.4566 1.990306e+03 2.855381e+03
6686.6542 1.999914e+03 2.869174e+03
6687.8518 2.010365e+03 2.884174e+03
6689.0494 1.977715e+03 2.837338e+03
6690.2471 1.808935e+03 2.595197e+03
6691.4447 2.056246e+03 2.950002e+03
6692.6423 2.114719e+03 3.033887e+03
6693.8399 2.082184e+03 2.987203e+03
6695.0376 1.859013e+03 2.667023e+03
6696.2352 1.878532e+03 2.695016e+03
6697.4328 2.091826e+03 3.001000e+03
6698.6304 2.104653e+03 3.019385e+03
6699.8281 2.177604e+03 3.124021e+03
6701.0257 2.101627e+03 3.015000e+03
6702.2233 1.980782e+03 2.841611e+03
6703.4209 2.065045e+03 2.962467e+03
6704.6185 2.023884e+03 2.903389e+03
6705.8162 2.142594e+03 3.073652e+03
6707.0138 2.148305e+03 3.081809e+03
6708.2114 1.911705e+03 2.742363e+03
6709.4090 1.970450e+03 2.826596e+03
6710.6067 1.916506e+03 2.749174e+03
6711.8043 1.731102e+03 2.483180e+03
6713.0019 1.795930e+03 2.576131e+03
6714.1995 1.940348e+03 2.783242e+03
6715.3972 2.068499e+03 2.967010e+03
6716.5948 2.235476e+03 3.206459e+03
6717.7924 2.142294e+03 3.072744e+03
6718.9900 1.945898e+03 2.790994e+03
6720.1877 2.056998e+03 2.950283e+03
6721.3853 1.821964e+03 2.613125e+03
6722.5829 1.898638e+03 2.723033e+03
6723.7805 2.141166e+03 3.070797e+03
6724.9782 1.966649e+03 2.820443e+03
6726.1758 2.184424e+03 3.132686e+03
6727.3734 1.881012e+03 2.697494e+03
6728.5710 2.144897e+03 3.075844e+03
6729.7687 1.754827e+03 2.516404e+03
6730.9663 1.708295e+03 2.449611e+03
6732.1639 1.752030e+03 2.512254e+03
6733.3615 1.988329e+03 2.851004e+03
6734.5591 1.989502e+03 2.852602e+03
6735.7568 1.949003e+03 2.794449e+03
6736.9544 2.114624e+03 3.031820e+03
6738.1520 1.932099e+03 2.770039e+03
6739.3496 1.957426e+03 2.806260e+03
6740.5473 1.944670e+03 2.787881e+03
6741.7449 1.855663e+03 2.660191e+03
6742.9425 1.993333e+03 2.857451e+03
6744.1401 2.192384e+03 3.142682e+03
6745.3378 2.087570e+03 2.992330e+03
6746.5354 2.004705e+03 2.873447e+03
6747.7330 1.928839e+03 2.764604e+03
6748.9306 2.003378e+03 2.871332e+03
6750.1283 1.976224e+03 2.832307e+03
6751.3259 1.877154e+03 2.690217e+03
6752.5235 1.968693e+03 2.821293e+03
6753.7211 1.872463e+03 2.683281e+03
6754.9188 1.863275e+03 2.670008e+03
6756.1164 1.919250e+03 2.750105e+03
6757.3140 2.064235e+03 2.957732e+03
6758.5116 2.137606e+03 3.062732e+03
6759.7092 2.042683e+03 2.926604e+03
6760.9069 2.101741e+03 3.011088e+03
6762.1045 2.243621e+03 3.214213e+03
6763.3021 2.068012e+03 2.962504e+03
6764.4997 2.048469e+03 2.934377e+03
6765.6974 2.068637e+03 2.963133e+03
6766.8950 1.960661e+03 2.808338e+03
6768.0926 1.997366e+03 2.860779e+03
6769.2902 2.178160e+03 3.119580e+03
6770.4879 2.118360e+03 3.033789e+03
6771.6855 2.084571e+03 2.985256e+03
6772.8831 2.102353e+03 3.010574e+03
6774.0807 2.025442e+03 2.900297e+03
6775.2784 2.060654e+03 2.950572e+03
6776.4760 1.946513e+03 2.786998e+03
6777.6736 2.015341e+03 2.885400e+03
6778.8712 2.233674e+03 3.197830e+03
6780.0689 2.118126e+03 3.032250e+03
6781.2665 2.370004e+03 3.392656e+03
6782.4641 3.205187e+03 4.587980e+03
6783.6617 6.562175e+03 9.392758e+03
6784.8594 1.349157e+04 1.931012e+04
6786.0570 1.966428e+04 2.814343e+04
6787.2546 2.173704e+04 3.110829e+04
6788.4522 2.126849e+04 3.043609e+04
6789.6498 1.934584e+04 2.768318e+04
6790.8475 1.654191e+04 2.366956e+04
6792.0451 1.236763e+04 1.769566e+04
6793.2427 7.657193e+03 1.095534e+04
6794.4403 4.098544e+03 5.863561e+03
6795.6380 2.504009e+03 3.582145e+03
6796.8356 2.101396e+03 3.006010e+03
6798.0332 1.837834e+03 2.628838e+03
6799.2308 2.154950e+03 3.082264e+03
6800.4285 1.983309e+03 2.836598e+03
6801.6261 1.893284e+03 2.707682e+03
6802.8237 1.872421e+03 2.677688e+03
6804.0213 2.015377e+03 2.881955e+03
6805.2190 2.216840e+03 3.169855e+03
6806.4166 2.352295e+03 3.363342e+03
6807.6142 2.477870e+03 3.542678e+03
6808.8118 2.047090e+03 2.926604e+03
6810.0095 2.303252e+03 3.292623e+03
6811.2071 2.286396e+03 3.268328e+03
6812.4047 2.104315e+03 3.007865e+03
6813.6023 2.126046e+03 3.038740e+03
6814.8000 2.067633e+03 2.955068e+03
6815.9976 2.030040e+03 2.901160e+03
6817.1952 2.039541e+03 2.914557e+03
6818.3928 1.718330e+03 2.455385e+03
6819.5904 1.894503e+03 2.706955e+03
6820.7881 1.803630e+03 2.576949e+03
6821.9857 1.848259e+03 2.640547e+03
6823.1833 1.852310e+03 2.646166e+03
6824.3809 1.971240e+03 2.815887e+03
6825.5786 1.983895e+03 2.833783e+03
6826.7762 1.943535e+03 2.775955e+03
6827.9738 1.751769e+03 2.501895e+03
6829.1714 1.906405e+03 2.722572e+03
6830.3691 2.035677e+03 2.907000e+03
6831.5667 1.850382e+03 2.642223e+03
6832.7643 1.844116e+03 2.633104e+03
6833.9619 1.871599e+03 2.672170e+03
6835.1596 1.861414e+03 2.657455e+03
6836.3572 1.947652e+03 2.780391e+03
6837.5548 2.011522e+03 2.871379e+03
6838.7524 1.977266e+03 2.822295e+03
6839.9501 2.007642e+03 2.865463e+03
6841.1477 1.847717e+03 2.637031e+03
6842.3453 1.714573e+03 2.446848e+03
6843.5429 1.685070e+03 2.404584e+03
6844.7405 1.798919e+03 2.566875e+03
6845.9382 1.797529e+03 2.564721e+03
6847.1358 1.689449e+03 2.410352e+03
6848.3334 1.749550e+03 2.495930e+03
6849.5310 1.736740e+03 2.477490e+03
6850.7287 1.777312e+03 2.535195e+03
6851.9263 1.736087e+03 2.476225e+03
6853.1239 1.785088e+03 2.545945e+03
6854.3215 1.797134e+03 2.562953e+03
6855.5192 1.821247e+03 2.597166e+03
6856.7168 1.840138e+03 2.623928e+03
6857.9144 1.866162e+03 2.660857e+03
6859.1120 1.783290e+03 2.542523e+03
6860.3097 1.803820e+03 2.571619e+03
6861.5073 1.785617e+03 2.545496e+03
6862.7049 1.455595e+03 2.074891e+03
6863.9025 1.439981e+03 2.052494e+03
6865.1002 1.714719e+03 2.443930e+03
6866.2978 1.593416e+03 2.270887e+03
6867.4954 1.462011e+03 2.083471e+03
6868.6930 1.392968e+03 1.984945e+03
6869.8907 1.444538e+03 2.058291e+03
6871.0883 1.485040e+03 2.115858e+03
6872.2859 1.110813e+03 1.582559e+03
6873.4835 1.357197e+03 1.933447e+03
6874.6811 1.510394e+03 2.151545e+03
6875.8788 1.279016e+03 1.821824e+03
6877.0764 1.588408e+03 2.262367e+03
6878.2740 1.576653e+03 2.245473e+03
6879.4716 1.545052e+03 2.200318e+03
6880.6693 1.452871e+03 2.068902e+03
6881.8669 1.480232e+03 2.107723e+03
6883.0645 1.598359e+03 2.275771e+03
6884.2621 1.531414e+03 2.180307e+03
6885.4598 1.440425e+03 2.050625e+03
6886.6574 1.355156e+03 1.929104e+03
6887.8550 1.587846e+03 2.260193e+03
6889.0526 1.655828e+03 2.356803e+03
6890.2503 1.446685e+03 2.058982e+03
6891.4479 1.580097e+03 2.248709e+03
6892.6455 1.765446e+03 2.512320e+03
6893.8431 1.648859e+03 2.346254e+03
6895.0408 1.524701e+03 2.169438e+03
6896.2384 1.509066e+03 2.147049e+03
6897.4360 1.568639e+03 2.231658e+03
6898.6336 1.630999e+03 2.320223e+03
6899.8312 1.507463e+03 2.144340e+03
6901.0289 1.541816e+03 2.193062e+03
6902.2265 1.600636e+03 2.276576e+03
6903.4241 1.527887e+03 2.172963e+03
6904.6217 1.832207e+03 2.605596e+03
6905.8194 1.826616e+03 2.597475e+03
6907.0170 1.827992e+03 2.599262e+03
6908.2146 1.744198e+03 2.479951e+03
6909.4122 1.612808e+03 2.292988e+03
6910.6099 1.827728e+03 2.598379e+03
6911.8075 1.756617e+03 2.497123e+03
6913.0051 1.638527e+03 2.329102e+03
6914.2027 1.780207e+03 2.530330e+03
6915.4004 1.912922e+03 2.718793e+03
6916.5980 1.801790e+03 2.560680e+03
6917.7956 1.679649e+03 2.386941e+03
6918.9932 1.580748e+03 2.246252e+03
6920.1909 1.587040e+03 2.255049e+03
6921.3885 1.704963e+03 2.422455e+03
6922.5861 1.758308e+03 2.498092e+03
6923.7837 1.772077e+03 2.517496e+03
6924.9814 1.743292e+03 2.476447e+03
6926.1790 1.613063e+03 2.291307e+03
6927.3766 1.606457e+03 2.281781e+03
6928.5742 1.794279e+03 2.548402e+03
6929.7718 1.797678e+03 2.553072e+03
6930.9695 1.731501e+03 2.458938e+03
6932.1671 1.709145e+03 2.427041e+03
6933.3647 1.861613e+03 2.643389e+03
6934.5623 1.809778e+03 2.569631e+03
6935.7600 1.613343e+03 2.290582e+03
6936.9576 1.689184e+03 2.398115e+03
6938.1552 1.706081e+03 2.421959e+03
6939.3528 1.611231e+03 2.287174e+03
6940.5505 1.780093e+03 2.526727e+03
6941.7481 1.822531e+03 2.586812e+03
6942.9457 1.983105e+03 2.814559e+03
6944.1433 2.155847e+03 3.059547e+03
6945.3410 2.475520e+03 3.513018e+03
6946.5386 2.613826e+03 3.709074e+03
6947.7362 2.536500e+03 3.599141e+03
6948.9338 2.405130e+03 3.412539e+03
6950.1315 2.325350e+03 3.299154e+03
6951.3291 2.232239e+03 3.166871e+03
6952.5267 2.057462e+03 2.918752e+03
6953.7243 1.835128e+03 2.603199e+03
6954.9219 1.633176e+03 2.316594e+03
6956.1196 1.719128e+03 2.438379e+03
6957.3172 2.021669e+03 2.867340e+03
6958.5148 2.083944e+03 2.955504e+03
6959.7124 2.280994e+03 3.234789e+03
6960.9101 2.431885e+03 3.448590e+03
6962.1077 2.265851e+03 3.212969e+03
6963.3053 2.444334e+03 3.465873e+03
6964.5029 2.267267e+03 3.214637e+03
6965.7006 2.395717e+03 3.396580e+03
6966.8982 1.963234e+03 2.783273e+03
6968.0958 1.848994e+03 2.621180e+03
6969.2934 1.933009e+03 2.740141e+03
6970.4911 1.785387e+03 2.530750e+03
6971.6887 1.817662e+03 2.576369e+03
6972.8863 1.952189e+03 2.766910e+03
6974.0839 1.746357e+03 2.475053e+03
6975.2816 2.089834e+03 2.961705e+03
6976.4792 1.776483e+03 2.517502e+03
6977.6768 1.829229e+03 2.592123e+03
6978.8744 1.784675e+03 2.528865e+03
6980.0721 1.991294e+03 2.821508e+03
6981.2697 1.782646e+03 2.525750e+03
6982.4673 1.786856e+03 2.531596e+03
6983.6649 1.885226e+03 2.670840e+03
6984.8625 1.893363e+03 2.682244e+03
6986.0602 1.747646e+03 2.475699e+03
6987.2578 1.615795e+03 2.288816e+03
6988.4554 1.763459e+03 2.497875e+03
6989.6530 1.609293e+03 2.279402e+03
6990.8507 1.617327e+03 2.290682e+03
6992.0483 1.632930e+03 2.312680e+03
6993.2459 1.630392e+03 2.308984e+03
6994.4435 1.881925e+03 2.665096e+03
6995.6412 1.745675e+03 2.472039e+03
6996.8388 1.699259e+03 2.406209e+03
6998.0364 1.705378e+03 2.414773e+03
6999.2340 1.615596e+03 2.287551e+03
7000.4317 1.641914e+03 2.324721e+03
7001.6293 1.750097e+03 2.477793e+03
7002.8269 1.897564e+03 2.686471e+03
7004.0245 1.723358e+03 2.439744e+03
7005.2222 1.700841e+03 2.407773e+03
7006.4198 1.570908e+03 2.223750e+03
7007.6174 1.615745e+03 2.287135e+03
7008.8150 1.654719e+03 2.342215e+03
7010.0126 1.684356e+03 2.384078e+03
7011.2103 1.744632e+03 2.469305e+03
7012.4079 1.725542e+03 2.442197e+03
7013.6055 1.622350e+03 2.296066e+03
7014.8031 1.790260e+03 2.533615e+03
7016.0008 1.777529e+03 2.515512e+03
7017.1984 1.673192e+03 2.367775e+03
7018.3960 1.603611e+03 2.269234e+03
7019.5936 1.593895e+03 2.255410e+03
7020.7913 1.645970e+03 2.329023e+03
7021.9889 1.668668e+03 2.361064e+03
7023.1865 1.686362e+03 2.386025e+03
7024.3841 1.779224e+03 2.517338e+03
7025.5818 1.728932e+03 2.446107e+03
7026.7794 1.610712e+03 2.278779e+03
7027.9770 1.693660e+03 2.396061e+03
7029.1746 1.684189e+03 2.382594e+03
7030.3723 1.645151e+03 2.327301e+03
7031.5699 1.811228e+03 2.562168e+03
7032.7675 1.761084e+03 2.491166e+03
7033.9651 1.620144e+03 2.291736e+03
7035.1628 1.709127e+03 2.417541e+03
7036.3604 1.664881e+03 2.354895e+03
7037.5580 1.696474e+03 2.399520e+03
7038.7556 1.633716e+03 2.310697e+03
7039.9532 1.734153e+03 2.452693e+03
7041.1509 1.666019e+03 2.356271e+03
7042.3485 1.599403e+03 2.262004e+03
7043.5461 1.585278e+03 2.241977e+03
7044.7437 1.662838e+03 2.351613e+03
7045.9414 1.654827e+03 2.340232e+03
7047.1390 1.703258e+03 2.408672e+03
7048.3366 1.853782e+03 2.621482e+03
7049.5342 1.627090e+03 2.300865e+03
7050.7319 1.554836e+03 2.198648e+03
7051.9295 1.733124e+03 2.450713e+03
7053.1271 1.597954e+03 2.259535e+03
7054.3247 1.484326e+03 2.098826e+03
7055.5224 1.527131e+03 2.159314e+03
7056.7200 1.760747e+03 2.489598e+03
7057.9176 1.780806e+03 2.517920e+03
7059.1152 1.621137e+03 2.292125e+03
7060.3129 1.667972e+03 2.358309e+03
7061.5105 1.709132e+03 2.416469e+03
7062.7081 1.641243e+03 2.320451e+03
7063.9057 1.565095e+03 2.212760e+03
7065.1033 1.623406e+03 2.295172e+03
7066.3010 1.625445e+03 2.298025e+03
7067.4986 1.725411e+03 2.439328e+03
7068.6962 1.497878e+03 2.117625e+03
7069.8938 1.511997e+03 2.137562e+03
7071.0915 1.454140e+03 2.055748e+03
7072.2891 1.677978e+03 2.372170e+03
7073.4867 1.703349e+03 2.408016e+03
7074.6843 1.609822e+03 2.275777e+03
7075.8820 1.697808e+03 2.400143e+03
7077.0796 1.702591e+03 2.406887e+03
7078.2772 1.816745e+03 2.568244e+03
7079.4748 1.768055e+03 2.499398e+03
7080.6725 1.638928e+03 2.316846e+03
7081.8701 1.553875e+03 2.196602e+03
7083.0677 1.777861e+03 2.513223e+03
7084.2653 1.556926e+03 2.200896e+03
7085.4630 1.761486e+03 2.490057e+03
7086.6606 1.608968e+03 2.274449e+03
7087.8582 1.567865e+03 2.216342e+03
7089.0558 1.567210e+03 2.215412e+03
7090.2535 1.733268e+03 2.450150e+03
7091.4511 1.766121e+03 2.496590e+03
7092.6487 1.823822e+03 2.578156e+03
7093.8463 1.726037e+03 2.439930e+03
7095.0439 1.703319e+03 2.407818e+03
7096.2416 1.576112e+03 2.228002e+03
7097.4392 1.541482e+03 2.179055e+03
7098.6368 1.634307e+03 2.310279e+03
7099.8344 1.725311e+03 2.438934e+03
7101.0321 1.762823e+03 2.491971e+03
7102.2297 1.770249e+03 2.502480e+03
7103.4273 1.668752e+03 2.359014e+03
7104.6249 1.827179e+03 2.582988e+03
7105.8226 1.672384e+03 2.364178e+03
7107.0202 1.651476e+03 2.334639e+03
7108.2178 1.571563e+03 2.221686e+03
7109.4154 1.666262e+03 2.355578e+03
7110.6131 1.846094e+03 2.609828e+03
7111.8107 1.767263e+03 2.498408e+03
7113.0083 1.673839e+03 2.366357e+03
7114.2059 1.579856e+03 2.233514e+03
7115.4036 1.601988e+03 2.264828e+03
7116.6012 1.553814e+03 2.196748e+03
7117.7988 1.749119e+03 2.472896e+03
7118.9964 1.762667e+03 2.492082e+03
7120.1940 1.585762e+03 2.242002e+03
7121.3917 1.723578e+03 2.436885e+03
7122.5893 1.504306e+03 2.126898e+03
7123.7869 1.772345e+03 2.505910e+03
7124.9845 1.656019e+03 2.341475e+03
7126.1822 1.636597e+03 2.314051e+03
7127.3798 1.600334e+03 2.262816e+03
7128.5774 1.686276e+03 2.384377e+03
7129.7750 1.792259e+03 2.534281e+03
7130.9727 1.816061e+03 2.567986e+03
7132.1703 1.494131e+03 2.112805e+03
7133.3679 1.593683e+03 2.253623e+03
7134.5655 1.760680e+03 2.489824e+03
7135.7632 1.802891e+03 2.549570e+03
7136.9608 1.713387e+03 2.423049e+03
7138.1584 1.737329e+03 2.456963e+03
7139.3560 1.569141e+03 2.219158e+03
7140.5537 1.451745e+03 2.053180e+03
7141.7513 1.696581e+03 2.399504e+03
7142.9489 1.549761e+03 2.191908e+03
7144.1465 1.565509e+03 2.214236e+03
7145.3442 1.618920e+03 2.289840e+03
7146.5418 1.534519e+03 2.170518e+03
7147.7394 1.499088e+03 2.120459e+03
7148.9370 1.557032e+03 2.202480e+03
7150.1346 1.562856e+03 2.210781e+03
7151.3323 1.602879e+03 2.267461e+03
7152.5299 1.634208e+03 2.311848e+03
7153.7275 1.672853e+03 2.366588e+03
7154.9251 1.590296e+03 2.249861e+03
7156.1228 1.567927e+03 2.218283e+03
7157.3204 1.701132e+03 2.406816e+03
7158.5180 1.690298e+03 2.391564e+03
7159.7156 1.653787e+03 2.339982e+03
7160.9133 1.720304e+03 2.434180e+03
7162.1109 1.396399e+03 1.975930e+03
7163.3085 1.423273e+03 2.014025e+03
7164.5061 1.540549e+03 2.180055e+03
7165.7038 1.525221e+03 2.158440e+03
7166.9014 1.528850e+03 2.163654e+03
7168.0990 1.566431e+03 2.216920e+03
7169.2966 1.512369e+03 2.140487e+03
7170.4943 1.447644e+03 2.048958e+03
7171.6919 1.435508e+03 2.031857e+03
7172.8895 1.650849e+03 2.336748e+03
7174.0871 1.594278e+03 2.256762e+03
7175.2848 1.456244e+03 2.061451e+03
7176.4824 1.486343e+03 2.104145e+03
7177.6800 1.395621e+03 1.975794e+03
7178.8776 1.435009e+03 2.031640e+03
7180.0752 1.477621e+03 2.092058e+03
7181.2729 1.375552e+03 1.947627e+03
7182.4705 1.345189e+03 1.904719e+03
7183.6681 1.351736e+03 1.914073e+03
7184.8657 1.254748e+03 1.776815e+03
7186.0634 1.240712e+03 1.757018e+03
7187.2610 1.364700e+03 1.932689e+03
7188.4586 1.409670e+03 1.996468e+03
7189.6562 1.415630e+03 2.005002e+03
7190.8539 1.421048e+03 2.012770e+03
7192.0515 1.396503e+03 1.978098e+03
7193.2491 1.448026e+03 2.051177e+03
7194.4467 1.442655e+03 2.043667e+03
7195.6444 1.441606e+03 2.042281e+03
7196.8420 1.429736e+03 2.025566e+03
7198.0396 1.321706e+03 1.872609e+03
7199.2372 1.311086e+03 1.857657e+03
7200.4349 1.312431e+03 1.859658e+03
7201.6325 1.312282e+03 1.859543e+03
7202.8301 1.524983e+03 2.161059e+03
7204.0277 1.690617e+03 2.395906e+03
7205.2253 1.584577e+03 2.245748e+03
7206.4230 1.433793e+03 2.032157e+03
7207.6206 1.521318e+03 2.156326e+03
7208.8182 1.445735e+03 2.049307e+03
7210.0158 1.527392e+03 2.165174e+03
7211.2135 1.472874e+03 2.088008e+03
7212.4111 1.359956e+03 1.928039e+03
7213.6087 1.327587e+03 1.882256e+03
7214.8063 1.389946e+03 1.970781e+03
7216.0040 1.560843e+03 2.213221e+03
7217.2016 1.599647e+03 2.268376e+03
7218.3992 1.578978e+03 2.239197e+03
7219.5968 1.530534e+03 2.170627e+03
7220.7945 1.470633e+03 2.085799e+03
7221.9921 1.531445e+03 2.172180e+03
7223.1897 1.584609e+03 2.247723e+03
7224.3873 1.492931e+03 2.117810e+03
7225.5850 1.548968e+03 2.197438e+03
7226.7826 1.560697e+03 2.214215e+03
7227.9802 1.598102e+03 2.267424e+03
7229.1778 1.613943e+03 2.290045e+03
7230.3755 1.473996e+03 2.091605e+03
7231.5731 1.343293e+03 1.906260e+03
7232.7707 1.168559e+03 1.658402e+03
7233.9683 1.336055e+03 1.896234e+03
7235.1659 1.357222e+03 1.926402e+03
7236.3636 1.242898e+03 1.764250e+03
7237.5612 1.299008e+03 1.844020e+03
7238.7588 1.433465e+03 2.035025e+03
7239.9564 1.364938e+03 1.937871e+03
7241.1541 1.355711e+03 1.924902e+03
7242.3517 1.359751e+03 1.930770e+03
7243.5493 1.462705e+03 2.077102e+03
7244.7469 1.670851e+03 2.372842e+03
7245.9446 1.633266e+03 2.319627e+03
7247.1422 1.389159e+03 1.973076e+03
7248.3398 1.532592e+03 2.176953e+03
7249.5374 1.590756e+03 2.259732e+03
7250.7351 1.425108e+03 2.024566e+03
7251.9327 1.362993e+03 1.936463e+03
7253.1303 1.424132e+03 2.023473e+03
7254.3279 1.400999e+03 1.990748e+03
7255.5256 1.339912e+03 1.904086e+03
7256.7232 1.443257e+03 2.051096e+03
7257.9208 1.687780e+03 2.398779e+03
7259.1184 1.629162e+03 2.315641e+03
7260.3160 1.422206e+03 2.021631e+03
7261.5137 1.460951e+03 2.076863e+03
7262.7113 1.493072e+03 2.122686e+03
7263.9089 1.465944e+03 2.084277e+03
7265.1065 1.406266e+03 1.999580e+03
7266.3042 1.394998e+03 1.983711e+03
7267.5018 1.428819e+03 2.031963e+03
7268.6994 1.471377e+03 2.092648e+03
7269.8970 1.439757e+03 2.047838e+03
7271.0947 1.357910e+03 1.931574e+03
7272.2923 1.266514e+03 1.801709e+03
7273.4899 1.223465e+03 1.740607e+03
7274.6875 1.605624e+03 2.284482e+03
7275.8852 1.537708e+03 2.188027e+03
7277.0828 1.428687e+03 2.033062e+03
7278.2804 1.620378e+03 2.306031e+03
7279.4780 1.399277e+03 1.991535e+03
7280.6757 1.482824e+03 2.110617e+03
7281.8733 1.217524e+03 1.733137e+03
7283.0709 1.402441e+03 1.996529e+03
7284.2685 1.477191e+03 2.103119e+03
7285.4662 1.547300e+03 2.203119e+03
7286.6638 1.637515e+03 2.331766e+03
7287.8614 1.463455e+03 2.084086e+03
7289.0590 1.439212e+03 2.049734e+03
7290.2566 1.505214e+03 2.143916e+03
7291.4543 1.607143e+03 2.289291e+03
7292.6519 1.508523e+03 2.148996e+03
7293.8495 1.619424e+03 2.307180e+03
7295.0471 1.706893e+03 2.432006e+03
7296.2448 1.649055e+03 2.349801e+03
7297.4424 1.671461e+03 2.381934e+03
7298.6400 1.434804e+03 2.044861e+03
7299.8376 1.464877e+03 2.087904e+03
7301.0353 1.589656e+03 2.265951e+03
7302.2329 1.455877e+03 2.075441e+03
7303.4305 1.282460e+03 1.828387e+03
7304.6281 1.649328e+03 2.351635e+03
7305.8258 1.773203e+03 2.528482e+03
7307.0234 1.679923e+03 2.395686e+03
7308.2210 1.692037e+03 2.413178e+03
7309.4186 1.730195e+03 2.467820e+03
7310.6163 1.634944e+03 2.332172e+03
7311.8139 1.517229e+03 2.164453e+03
7313.0115 1.647901e+03 2.351082e+03
7314.2091 1.690130e+03 2.411551e+03
7315.4067 1.681173e+03 2.398990e+03
7316.6044 1.556480e+03 2.221262e+03
7317.8020 1.344256e+03 1.918572e+03
7318.9996 1.680469e+03 2.398650e+03
7320.1972 1.738375e+03 2.481533e+03
7321.3949 1.603286e+03 2.288906e+03
7322.5925 1.833991e+03 2.618514e+03
7323.7901 1.673819e+03 2.390049e+03
7324.9877 1.607466e+03 2.295520e+03
7326.1854 1.538656e+03 2.197463e+03
7327.3830 1.695497e+03 2.421688e+03
7328.5806 1.615112e+03 2.307092e+03
7329.7782 1.677086e+03 2.395846e+03
7330.9759 1.740736e+03 2.487012e+03
7332.1735 1.677721e+03 2.397211e+03
7333.3711 1.722644e+03 2.461635e+03
7334.5687 1.723595e+03 2.463230e+03
7335.7664 1.519954e+03 2.172412e+03
7336.9640 1.579162e+03 2.257254e+03
7338.1616 1.745078e+03 2.494656e+03
7339.3592 1.980971e+03 2.832148e+03
7340.5569 1.699033e+03 2.429305e+03
7341.7545 1.495296e+03 2.138207e+03
7342.9521 1.600576e+03 2.288977e+03
7344.1497 1.928900e+03 2.758781e+03
7345.3473 2.029958e+03 2.903604e+03
7346.5450 1.673755e+03 2.394336e+03
7347.7426 1.757089e+03 2.513795e+03
7348.9402 1.665250e+03 2.382641e+03
7350.1378 1.699880e+03 2.432430e+03
7351.3355 1.763422e+03 2.523605e+03
7352.5331 1.754635e+03 2.511281e+03
7353.7307 1.491731e+03 2.135219e+03
7354.9283 1.554793e+03 2.225707e+03
7356.1260 1.554620e+03 2.225682e+03
7357.3236 1.434627e+03 2.054100e+03
7358.5212 1.470767e+03 2.106057e+03
7359.7188 1.607674e+03 2.302332e+03
7360.9165 1.869226e+03 2.677168e+03
7362.1141 1.662994e+03 2.382037e+03
7363.3117 1.574339e+03 2.255277e+03
7364.5093 1.433499e+03 2.053730e+03
7365.7070 1.575988e+03 2.258100e+03
7366.9046 1.757450e+03 2.518357e+03
7368.1022 1.757597e+03 2.518826e+03
7369.2998 1.557814e+03 2.232744e+03
7370.4974 1.518749e+03 2.176977e+03
7371.6951 1.603882e+03 2.299242e+03
7372.8927 1.881855e+03 2.698008e+03
7374.0903 1.842120e+03 2.641311e+03
7375.2879 1.677126e+03 2.404984e+03
7376.4856 1.742539e+03 2.499043e+03
7377.6832 2.056672e+03 2.949858e+03
7378.8808 2.119438e+03 3.040198e+03
7380.0784 2.132353e+03 3.059041e+03
7381.2761 2.105297e+03 3.020541e+03
7382.4737 2.067022e+03 2.965935e+03
7383.6713 1.967936e+03 2.824053e+03
7384.8689 2.035230e+03 2.920926e+03
7386.0666 1.781948e+03 2.557688e+03
7387.2642 1.721961e+03 2.471844e+03
7388.4618 1.592068e+03 2.285625e+03
7389.6594 1.758051e+03 2.524180e+03
7390.8571 1.869426e+03 2.684371e+03
7392.0547 1.751388e+03 2.515141e+03
7393.2523 1.827881e+03 2.625268e+03
7394.4499 1.630898e+03 2.342600e+03
7395.6476 1.608397e+03 2.310523e+03
7396.8452 1.624397e+03 2.333754e+03
7398.0428 1.781730e+03 2.560062e+03
7399.2404 1.832603e+03 2.633438e+03
7400.4380 1.742696e+03 2.504506e+03
7401.6357 1.733128e+03 2.491020e+03
7402.8333 1.536008e+03 2.207934e+03
7404.0309 1.556637e+03 2.237824e+03
7405.2285 1.667037e+03 2.396789e+03
7406.4262 1.715296e+03 2.466436e+03
7407.6238 1.524576e+03 2.192432e+03
7408.8214 1.454415e+03 2.091758e+03
7410.0190 1.723921e+03 2.479628e+03
7411.2167 1.758739e+03 2.529979e+03
7412.4143 1.642667e+03 2.363259e+03
7413.6119 1.628841e+03 2.343618e+03
7414.8095 1.596918e+03 2.297932e+03
7416.0072 1.660751e+03 2.390041e+03
7417.2048 1.584173e+03 2.280079e+03
7418.4024 1.661236e+03 2.391250e+03
7419.6000 1.744089e+03 2.510780e+03
7420.7977 1.668187e+03 2.401769e+03
7421.9953 1.491833e+03 2.148094e+03
7423.1929 1.626182e+03 2.341793e+03
7424.3905 1.606113e+03 2.313140e+03
7425.5881 1.643480e+03 2.367210e+03
7426.7858 1.712210e+03 2.466471e+03
7427.9834 1.743430e+03 2.511713e+03
7429.1810 1.642368e+03 2.366369e+03
7430.3786 1.416647e+03 2.041363e+03
7431.5763 1.559760e+03 2.247828e+03
7432.7739 1.630043e+03 2.349367e+03
7433.9715 1.425756e+03 2.055150e+03
7435.1691 1.557943e+03 2.245932e+03
7436.3668 1.491112e+03 2.149818e+03
7437.5644 1.594374e+03 2.298943e+03
7438.7620 1.588836e+03 2.291205e+03
7439.9596 1.642664e+03 2.369082e+03
7441.1573 1.576085e+03 2.273305e+03
7442.3549 1.618591e+03 2.334865e+03
7443.5525 1.682458e+03 2.427256e+03
7444.7501 1.686965e+03 2.434019e+03
7445.9478 1.706853e+03 2.462979e+03
7447.1454 1.674077e+03 2.415941e+03
7448.3430 1.614504e+03 2.330219e+03
7449.5406 1.620043e+03 2.338464e+03
7450.7383 1.697554e+03 2.450611e+03
7451.9359 1.769990e+03 2.555454e+03
7453.1335 1.635875e+03 2.362076e+03
7454.3311 1.571272e+03 2.269038e+03
7455.5287 1.605838e+03 2.319202e+03
7456.7264 1.638959e+03 2.367291e+03
7457.9240 1.565957e+03 2.262090e+03
7459.1216 1.638021e+03 2.366441e+03
7460.3192 1.594175e+03 2.303344e+03
7461.5169 1.617496e+03 2.337289e+03
7462.7145 1.658348e+03 2.396576e+03
7463.9121 1.720439e+03 2.486574e+03
7465.1097 1.702486e+03 2.460889e+03
7466.3074 1.588526e+03 2.296408e+03
7467.5050 1.610952e+03 2.329076e+03
7468.7026 1.620757e+03 2.343502e+03
7469.9002 1.482065e+03 2.143191e+03
7471.0979 1.643139e+03 2.376371e+03
7472.2955 1.534213e+03 2.219074e+03
7473.4931 1.496577e+03 2.164867e+03
7474.6907 1.698404e+03 2.457080e+03
7475.8884 1.720004e+03 2.488594e+03
7477.0860 1.555125e+03 2.250277e+03
7478.2836 1.459380e+03 2.111957e+03
7479.4812 1.520577e+03 2.200752e+03
7480.6788 1.533939e+03 2.220326e+03
7481.8765 1.551505e+03 2.245990e+03
7483.0741 1.556063e+03 2.252826e+03
7484.2717 1.550011e+03 2.244301e+03
7485.4693 1.678513e+03 2.430619e+03
7486.6670 1.611968e+03 2.334502e+03
7487.8646 1.533431e+03 2.220996e+03
7489.0622 1.625189e+03 2.354145e+03
7490.2598 1.618080e+03 2.344094e+03
7491.4575 1.665962e+03 2.413713e+03
7492.6551 1.560512e+03 2.261170e+03
7493.8527 1.513423e+03 2.193168e+03
7495.0503 1.417841e+03 2.054871e+03
7496.2480 1.439420e+03 2.086363e+03
7497.4456 1.311734e+03 1.901488e+03
7498.6432 1.437503e+03 2.084020e+03
7499.8408 1.635204e+03 2.370883e+03
7501.0385 1.524301e+03 2.210314e+03
7502.2361 1.437272e+03 2.084335e+03
7503.4337 1.419025e+03 2.058086e+03
7504.6313 1.518136e+03 2.202061e+03
7505.8290 1.521934e+03 2.207799e+03
7507.0266 1.556330e+03 2.257928e+03
7508.2242 1.521190e+03 2.207175e+03
7509.4218 1.496966e+03 2.172251e+03
7510.6194 1.589141e+03 2.306244e+03
7511.8171 1.628591e+03 2.363738e+03
7513.0147 1.761372e+03 2.556719e+03
7514.2123 1.512081e+03 2.195086e+03
7515.4099 1.393465e+03 2.023098e+03
7516.6076 1.632840e+03 2.370877e+03
7517.8052 1.709780e+03 2.482846e+03
7519.0028 1.466865e+03 2.130316e+03
7520.2004 1.254995e+03 1.822805e+03
7521.3981 1.383009e+03 2.008941e+03
7522.5957 1.601689e+03 2.326828e+03
7523.7933 1.489433e+03 2.163969e+03
7524.9909 1.517566e+03 2.205066e+03
7526.1886 1.346572e+03 1.956805e+03
7527.3862 1.268256e+03 1.843184e+03
7528.5838 1.495002e+03 2.172936e+03
7529.7814 1.689534e+03 2.455928e+03
7530.9791 1.495355e+03 2.173885e+03
7532.1767 1.667167e+03 2.423900e+03
7533.3743 1.614655e+03 2.347787e+03
7534.5719 1.428259e+03 2.076965e+03
7535.7696 1.555636e+03 2.262422e+03
7536.9672 1.513592e+03 2.201494e+03
7538.1648 1.496653e+03 2.177072e+03
7539.3624 1.361165e+03 1.980184e+03
7540.5600 1.517084e+03 2.207227e+03
7541.7577 1.570853e+03 2.285682e+03
7542.9553 1.622241e+03 2.360686e+03
7544.1529 1.520669e+03 2.213095e+03
7545.3505 1.671857e+03 2.433363e+03
7546.5482 1.462587e+03 2.128982e+03
7547.7458 1.721929e+03 2.506732e+03
7548.9434 1.541985e+03 2.244993e+03
7550.1410 1.587500e+03 2.311483e+03
7551.3387 1.736984e+03 2.529385e+03
7552.5363 1.364123e+03 1.986619e+03
7553.7339 1.477965e+03 2.152619e+03
7554.9315 1.616811e+03 2.355070e+03
7556.1292 1.401045e+03 2.040979e+03
7557.3268 1.553495e+03 2.263277e+03
7558.5244 1.563374e+03 2.277889e+03
7559.7220 1.556159e+03 2.267592e+03
7560.9197 1.441256e+03 2.100357e+03
7562.1173 1.631334e+03 2.377586e+03
7563.3149 1.308195e+03 1.906809e+03
7564.5125 1.440276e+03 2.099525e+03
7565.7101 1.765844e+03 2.574356e+03
7566.9078 1.549383e+03 2.258998e+03
7568.1054 1.663761e+03 2.425988e+03
7569.3030 1.761416e+03 2.568623e+03
7570.5006 1.680162e+03 2.450361e+03
7571.6983 1.656155e+03 2.415574e+03
7572.8959 1.610952e+03 2.349861e+03
7574.0935 1.462033e+03 2.132834e+03
7575.2911 1.527369e+03 2.228352e+03
7576.4888 1.463510e+03 2.135381e+03
7577.6864 1.513600e+03 2.208670e+03
7578.8840 1.448460e+03 2.113811e+03
7580.0816 1.584480e+03 2.312521e+03
7581.2793 1.570176e+03 2.291854e+03
7582.4769 1.709605e+03 2.495594e+03
7583.6745 1.654686e+03 2.415645e+03
7584.8721 1.491361e+03 2.177406e+03
7586.0698 1.485811e+03 2.169498e+03
7587.2674 1.442238e+03 2.106064e+03
7588.4650 1.370027e+03 2.000795e+03
7589.6626 1.380914e+03 2.016875e+03
7590.8603 1.332645e+03 1.946549e+03
7592.0579 1.214245e+03 1.773763e+03
7593.2555 1.100732e+03 1.608086e+03
7594.4531 8.874944e+02 1.296677e+03
7595.6507 7.848881e+02 1.146864e+03
7596.8484 7.561522e+02 1.104973e+03
7598.0460 5.971452e+02 8.726904e+02
7599.2436 4.550472e+02 6.650811e+02
7600.4412 3.796896e+02 5.549893e+02
7601.6389 3.239904e+02 4.736152e+02
7602.8365 2.994807e+02 4.378242e+02
7604.0341 3.433217e+02 5.019604e+02
7605.2317 3.971042e+02 5.806440e+02
7606.4294 4.294587e+02 6.280063e+02
7607.6270 4.427069e+02 6.474346e+02
7608.8246 4.982119e+02 7.286694e+02
7610.0222 4.494419e+02 6.573955e+02
7611.2199 4.570328e+02 6.685552e+02
7612.4175 5.209880e+02 7.621738e+02
7613.6151 6.596110e+02 9.650518e+02
7614.8127 9.399463e+02 1.375314e+03
7616.0104 1.065811e+03 1.559607e+03
7617.2080 1.129947e+03 1.653595e+03
7618.4056 1.060412e+03 1.551964e+03
7619.6032 9.062070e+02 1.326387e+03
7620.8008 8.851615e+02 1.295689e+03
7621.9985 8.501455e+02 1.244535e+03
7623.1961 9.136604e+02 1.337624e+03
7624.3937 8.179267e+02 1.197564e+03
7625.5913 7.455500e+02 1.091683e+03
7626.7890 8.035795e+02 1.176748e+03
7627.9866 7.993893e+02 1.170706e+03
7629.1842 7.384200e+02 1.081503e+03
7630.3818 6.720195e+02 9.843301e+02
7631.5795 6.056752e+02 8.872236e+02
7632.7771 7.168993e+02 1.050233e+03
7633.9747 6.971607e+02 1.021397e+03
7635.1723 7.908307e+02 1.158723e+03
7636.3700 9.210247e+02 1.349588e+03
7637.5676 9.184745e+02 1.345956e+03
7638.7652 8.659529e+02 1.269088e+03
7639.9628 8.104525e+02 1.187842e+03
7641.1605 9.075817e+02 1.330302e+03
7642.3581 9.770651e+02 1.432258e+03
7643.5557 9.613713e+02 1.409360e+03
7644.7533 8.973964e+02 1.315674e+03
7645.9510 9.196794e+02 1.348445e+03
7647.1486 1.087048e+03 1.593963e+03
7648.3462 1.056317e+03 1.549018e+03
7649.5438 1.087754e+03 1.595237e+03
7650.7414 1.214294e+03 1.780946e+03
7651.9391 1.233520e+03 1.809279e+03
7653.1367 1.246066e+03 1.827815e+03
7654.3343 1.257184e+03 1.844260e+03
7655.5319 1.160410e+03 1.702419e+03
7656.7296 1.282508e+03 1.881686e+03
7657.9272 1.083782e+03 1.590231e+03
7659.1248 1.123295e+03 1.648328e+03
7660.3224 1.029545e+03 1.510868e+03
7661.5201 1.375549e+03 2.018776e+03
7662.7177 1.198680e+03 1.759326e+03
7663.9153 1.223138e+03 1.795352e+03
7665.1129 1.387518e+03 2.036777e+03
7666.3106 1.465621e+03 2.151577e+03
7667.5082 1.330393e+03 1.953196e+03
7668.7058 1.126658e+03 1.654200e+03
7669.9034 1.314156e+03 1.929626e+03
7671.1011 1.277825e+03 1.876410e+03
7672.2987 1.395926e+03 2.049975e+03
7673.4963 1.423795e+03 2.091045e+03
7674.6939 1.414923e+03 2.078157e+03
7675.8915 1.383187e+03 2.031684e+03
7677.0892 1.446465e+03 2.124772e+03
7678.2868 1.404336e+03 2.063025e+03
7679.4844 1.504812e+03 2.210776e+03
7680.6820 1.243733e+03 1.827337e+03
7681.8797 1.354305e+03 1.989925e+03
7683.0773 1.262435e+03 1.855061e+03
7684.2749 1.430589e+03 2.102288e+03
7685.4725 1.426117e+03 2.095854e+03
7686.6702 1.487368e+03 2.186012e+03
7687.8678 1.405875e+03 2.066373e+03
7689.0654 1.385711e+03 2.036867e+03
7690.2630 1.373296e+03 2.018747e+03
7691.4607 1.565283e+03 2.301115e+03
7692.6583 1.488412e+03 2.188246e+03
7693.8559 1.326231e+03 1.949932e+03
7695.0535 1.184396e+03 1.741504e+03
7696.2512 1.327226e+03 1.951639e+03
7697.4488 1.473032e+03 2.166176e+03
7698.6464 1.445585e+03 2.125945e+03
7699.8440 1.382500e+03 2.033294e+03
7701.0417 1.397768e+03 2.055875e+03
7702.2393 1.572152e+03 2.312504e+03
7703.4369 1.470989e+03 2.163832e+03
7704.6345 1.528724e+03 2.248896e+03
7705.8321 1.411844e+03 2.077079e+03
7707.0298 1.397896e+03 2.056682e+03
7708.2274 1.295915e+03 1.906752e+03
7709.4250 1.262713e+03 1.858010e+03
7710.6226 1.488607e+03 2.190527e+03
7711.8203 1.522859e+03 2.241061e+03
7713.0179 1.518661e+03 2.235012e+03
7714.2155 1.668541e+03 2.455730e+03
7715.4131 1.541685e+03 2.269156e+03
7716.6108 1.496916e+03 2.203387e+03
7717.8084 1.366177e+03 2.011059e+03
7719.0060 1.063726e+03 1.565930e+03
7720.2036 1.269833e+03 1.869447e+03
7721.4013 1.444083e+03 2.126096e+03
7722.5989 1.571019e+03 2.313109e+03
7723.7965 1.574808e+03 2.318814e+03
7724.9941 1.614066e+03 2.376750e+03
7726.1918 1.631918e+03 2.403168e+03
7727.3894 1.711533e+03 2.520545e+03
7728.5870 1.535071e+03 2.260793e+03
7729.7846 1.367489e+03 2.014092e+03
7730.9822 1.500469e+03 2.210066e+03
7732.1799 1.369109e+03 2.016690e+03
7733.3775 1.531356e+03 2.255797e+03
7734.5751 1.227587e+03 1.808417e+03
7735.7727 1.497468e+03 2.206105e+03
7736.9704 1.562893e+03 2.302610e+03
7738.1680 1.372207e+03 2.021775e+03
7739.3656 1.378071e+03 2.030518e+03
7740.5632 1.374660e+03 2.025594e+03
7741.7609 1.300716e+03 1.916731e+03
7742.9585 1.413317e+03 2.082764e+03
7744.1561 1.658599e+03 2.444348e+03
7745.3537 1.200646e+03 1.769529e+03
7746.5514 1.440926e+03 2.123762e+03
7747.7490 1.426423e+03 2.102488e+03
7748.9466 1.285158e+03 1.894359e+03
7750.1442 1.709498e+03 2.519969e+03
7751.3419 1.266720e+03 1.867359e+03
7752.5395 1.469763e+03 2.166781e+03
7753.7371 1.511846e+03 2.228926e+03
7754.9347 1.259792e+03 1.857406e+03
7756.1324 1.350222e+03 1.990826e+03
7757.3300 1.447762e+03 2.134740e+03
7758.5276 1.558444e+03 2.298047e+03
7759.7252 1.507763e+03 2.223414e+03
7760.9228 1.387253e+03 2.045797e+03
7762.1205 1.277254e+03 1.883664e+03
7763.3181 1.333828e+03 1.967184e+03
7764.5157 1.406310e+03 2.074174e+03
7765.7133 1.482423e+03 2.186529e+03
7766.9110 1.549170e+03 2.285077e+03
7768.1086 1.479099e+03 2.181814e+03
7769.3062 1.325245e+03 1.954947e+03
7770.5038 1.447574e+03 2.135492e+03
7771.7015 1.534892e+03 2.264400e+03
7772.8991 1.536868e+03 2.267410e+03
7774.0967 1.567281e+03 2.312375e+03
7775.2943 1.625503e+03 2.398375e+03
7776.4920 1.657380e+03 2.445508e+03
7777.6896 1.485947e+03 2.192643e+03
7778.8872 1.426418e+03 2.104887e+03
7780.0848 1.520360e+03 2.243600e+03
7781.2825 1.324498e+03 1.954643e+03
7782.4801 1.398575e+03 2.064043e+03
7783.6777 1.378285e+03 2.034178e+03
7784.8753 1.470175e+03 2.169879e+03
7786.0729 1.468916e+03 2.168104e+03
7787.2706 1.421142e+03 2.097670e+03
7788.4682 1.368254e+03 2.019680e+03
7789.6658 1.236398e+03 1.825115e+03
7790.8634 1.423120e+03 2.100822e+03
7792.0611 1.478315e+03 2.182383e+03
7793.2587 1.370874e+03 2.023844e+03
7794.4563 1.293935e+03 1.910326e+03
7795.6539 1.146014e+03 1.692000e+03
7796.8516 1.148103e+03 1.695145e+03
7798.0492 1.173685e+03 1.732977e+03
7799.2468 1.634674e+03 1.713723e+03
7800.4444 1.430686e+03 1.712591e+03
7801.6421 1.439865e+03 1.726218e+03
7802.8397 1.449046e+03 1.739848e+03
7804.0373 1.458225e+03 1.753475e+03
7805.2349 1.467407e+03 1.867105e+03
7806.4326 1.476585e+03 1.880732e+03
7807.6302 1.485768e+03 1.894365e+03
7808.8278 1.494950e+03 1.807998e+03
7810.0254 1.504133e+03 1.921631e+03
7811.2231 1.513312e+03 1.935260e+03
7812.4207 1.522493e+03 1.948891e+03
7813.6183 1.531676e+03 1.962525e+03
7814.8159 1.540859e+03 1.976160e+03
7816.0135 1.550042e+03 2.089795e+03
7817.2112 1.559226e+03 2.003432e+03
7818.4088 1.568409e+03 2.017066e+03
7819.6064 1.577595e+03 2.030705e+03
7820.8040 1.586777e+03 2.044340e+03
7822.0017 1.595963e+03 2.057979e+03
7823.1993 1.605148e+03 2.071617e+03
7824.3969 1.614334e+03 2.085258e+03
7825.5945 1.623521e+03 2.098898e+03
7826.7922 1.632707e+03 2.112539e+03
7827.9898 1.641894e+03 2.126180e+03
7829.1874 1.651081e+03 2.139822e+03
7830.3850 1.660271e+03 2.053467e+03
7831.5827 1.669456e+03 2.067105e+03
7832.7803 1.678646e+03 2.180752e+03
7833.9779 1.687836e+03 2.094398e+03
7835.1755 1.697027e+03 2.108045e+03
7836.3732 1.706215e+03 2.121688e+03
7837.5708 1.715406e+03 2.135336e+03
7838.7684 1.724596e+03 2.148980e+03
7839.9660 1.733790e+03 2.162633e+03
7841.1636 1.742981e+03 2.176279e+03
7842.3613 1.752177e+03 2.189934e+03
7843.5589 1.761369e+03 2.103582e+03
7844.7565 1.770564e+03 2.117234e+03
7845.9541 1.779755e+03 2.130881e+03
7847.1518 1.788950e+03 2.144533e+03
7848.3494 1.798146e+03 2.158188e+03
7849.5470 1.807344e+03 2.171844e+03
7850.7446 1.816539e+03 2.185496e+03
7851.9423 1.825737e+03 2.199152e+03
7853.1399 1.834933e+03 2.112805e+03
7854.3375 1.844131e+03 2.126461e+03
7855.5351 1.853334e+03 2.140123e+03
7856.7328 1.862531e+03 2.153777e+03
7857.9304 1.871731e+03 2.167436e+03
7859.1280 1.880934e+03 2.181098e+03
7860.3256 1.890132e+03 2.1494752e+03
7861.5233 1.899335e+03 2.108414e+03
7862.7209 1.908539e+03 2.122076e+03
7863.9185 1.917740e+03 2.135734e+03
7865.1161 1.926945e+03 2.149398e+03
7866.3138 1.936151e+03 2.163064e+03
7867.5114 1.946805e+03 2.178869e+03
7868.7090 1.852951e+03 2.140129e+03
7869.9066 2.085871e+03 2.1623e+03
7871.1042 1.946578e+03 2.18684e+03
7872.3019 1.890230e+03 2.195400e+03
7873.4995 1.847370e+03 2.132061e+03
7874.6971 1.558468e+03 2.104844e+03
7875.8947 1.644012e+03 2.131395e+03
7877.0924 1.734251e+03 2.164893e+03
7878.2900 1.674035e+03 2.175873e+03
7879.4876 1.839972e+03 2.121332e+03
7880.6852 1.733627e+03 2.164086e+03
7881.8829 1.831551e+03 2.108957e+03
7883.0805 1.789292e+03 2.146492e+03
7884.2781 1.177101e+03 1.741041e+03
7885.4757 1.511398e+03 2.135527e+03
7886.6734 1.463558e+03 2.164797e+03
7887.8710 1.640813e+03 2.127012e+03
7889.0686 1.594291e+03 2.158229e+03
7890.2662 1.784206e+03 2.139180e+03
7891.4639 1.676428e+03 2.179785e+03
7892.6615 1.547447e+03 2.289023e+03
7893.8591 1.634784e+03 2.318242e+03
7895.0567 1.719747e+03 2.343953e+03
7896.2543 1.883032e+03 2.385525e+03
7897.4520 1.699968e+03 2.314750e+03
7898.6496 1.643407e+03 2.331105e+03
7899.8472 1.686146e+03 2.394355e+03
7901.0448 1.691048e+03 2.301633e+03
7902.2425 1.666550e+03 2.365416e+03
7903.4401 1.578142e+03 2.334652e+03
7904.6377 1.433634e+03 2.120892e+03
7905.8353 1.425082e+03 2.108260e+03
7907.0330 1.479326e+03 2.188526e+03
7908.2306 1.335724e+03 1.976098e+03
7909.4282 9.938445e+02 1.470326e+03
7910.6258 1.272405e+03 1.882453e+03
7911.8235 1.512805e+03 2.238129e+03
7913.0211 1.801287e+03 2.664945e+03
7914.2187 1.756627e+03 2.598891e+03
7915.4163 1.655107e+03 2.448711e+03
7916.6140 1.608464e+03 2.379719e+03
7917.8116 1.046746e+03 1.548668e+03
7919.0092 1.207532e+03 1.786562e+03
7920.2068 1.046678e+03 1.548586e+03
7921.4045 1.092454e+03 1.616322e+03
7922.6021 1.034602e+03 1.530736e+03
7923.7997 1.088398e+03 1.610338e+03
7924.9973 9.915327e+02 1.467027e+03
7926.1949 1.412069e+03 2.089244e+03
7927.3926 1.421029e+03 2.102510e+03
7928.5902 1.549269e+03 2.292258e+03
7929.7878 1.497568e+03 2.215771e+03
7930.9854 1.600576e+03 2.368188e+03
7932.1831 1.738739e+03 2.572619e+03
7933.3807 1.608738e+03 2.380279e+03
7934.5783 1.419008e+03 2.099561e+03
7935.7759 1.266569e+03 1.874018e+03
7936.9736 1.188310e+03 1.758229e+03
7938.1712 1.451003e+03 2.146914e+03
7939.3688 1.383465e+03 2.046987e+03
7940.5664 1.350263e+03 1.997864e+03
7941.7641 1.449111e+03 2.144124e+03
7942.9617 1.388685e+03 2.054719e+03
7944.1593 1.335086e+03 1.975414e+03
7945.3569 1.518766e+03 2.247189e+03
7946.5546 1.267670e+03 1.875664e+03
7947.7522 1.263481e+03 1.869465e+03
7948.9498 1.249251e+03 1.848410e+03
7950.1474 1.392723e+03 2.060691e+03
7951.3451 1.405545e+03 2.079660e+03
7952.5427 1.313739e+03 1.943820e+03
7953.7403 1.387281e+03 2.052631e+03
7954.9379 1.469073e+03 2.173646e+03
7956.1355 1.354105e+03 2.003535e+03
7957.3332 1.403938e+03 2.077264e+03
7958.5308 1.381749e+03 2.044428e+03
7959.7284 1.249698e+03 1.849041e+03
7960.9260 5.690389e+02 8.419414e+02
7962.1237 8.931747e+02 1.321523e+03
7963.3213 1.399550e+03 2.070738e+03
7964.5189 1.488103e+03 2.201750e+03
7965.7165 1.452998e+03 2.149801e+03
7966.9142 1.326591e+03 1.962766e+03
7968.1118 1.159655e+03 1.715766e+03
7969.3094 1.280216e+03 1.894133e+03
7970.5070 1.413414e+03 2.091193e+03
7971.7047 1.283805e+03 1.899422e+03
7972.9023 1.291447e+03 1.910717e+03
7974.0999 1.301926e+03 1.926210e+03
7975.2975 1.381977e+03 2.044633e+03
7976.4952 1.064751e+03 1.575287e+03
7977.6928 9.640568e+02 1.426301e+03
7978.8904 1.204839e+03 1.782520e+03
7980.0880 1.257531e+03 1.860463e+03
7981.2856 1.206193e+03 1.784496e+03
7982.4833 1.034435e+03 1.530377e+03
7983.6809 1.398347e+03 2.068744e+03
7984.8785 1.403860e+03 2.076883e+03
7986.0761 1.357661e+03 2.008518e+03
7987.2738 1.302982e+03 1.927608e+03
7988.4714 1.071758e+03 1.585525e+03
7989.6690 1.821036e+03 2.693957e+03
7990.8666 1.732612e+03 2.563121e+03
7992.0643 1.716472e+03 2.539219e+03
7993.2619 1.756207e+03 2.597973e+03
7994.4595 1.713073e+03 2.534137e+03
7995.6571 1.778482e+03 2.630867e+03
7996.8548 1.522610e+03 2.252336e+03
7998.0524 1.600426e+03 2.367420e+03
7999.2500 1.476773e+03 2.184480e+03
8000.4476 1.527523e+03 2.259524e+03
8001.6453 1.428761e+03 2.113408e+03
8002.8429 1.303635e+03 1.928300e+03
8004.0405 1.242433e+03 1.837748e+03
8005.2381 1.242219e+03 1.837406e+03
8006.4358 1.252511e+03 1.852604e+03
8007.6334 1.074712e+03 1.589599e+03
8008.8310 9.087580e+02 1.344118e+03
8010.0286 8.701885e+02 1.287053e+03
8011.2262 1.002672e+03 1.482980e+03
8012.4239 1.019921e+03 1.508471e+03
8013.6215 1.224052e+03 1.810354e+03
8014.8191 1.367904e+03 2.023078e+03
8016.0167 1.228048e+03 1.816207e+03
8017.2144 1.250212e+03 1.848957e+03
8018.4120 1.316219e+03 1.946545e+03
8019.6096 1.593096e+03 2.355976e+03
8020.8072 1.664463e+03 2.461477e+03
8022.0049 1.339165e+03 1.980379e+03
8023.2025 1.240016e+03 1.833723e+03
8024.4001 1.459604e+03 2.158410e+03
8025.5977 1.455280e+03 2.151977e+03
8026.7954 1.598623e+03 2.363900e+03
8027.9930 1.569490e+03 2.320777e+03
8029.1906 1.607715e+03 2.377256e+03
8030.3882 1.371624e+03 2.028119e+03
8031.5859 1.216878e+03 1.799273e+03
8032.7835 1.309197e+03 1.935737e+03
8033.9811 1.170307e+03 1.730344e+03
8035.1787 1.036301e+03 1.532180e+03
8036.3763 1.256801e+03 1.858152e+03
8037.5740 1.307626e+03 1.933256e+03
8038.7716 1.376974e+03 2.035739e+03
8039.9692 1.336632e+03 1.976055e+03
8041.1668 1.283637e+03 1.897666e+03
8042.3645 1.315828e+03 1.945213e+03
8043.5621 1.310824e+03 1.937771e+03
8044.7597 1.303236e+03 1.926511e+03
8045.9573 1.219503e+03 1.802690e+03
8047.1550 1.204727e+03 1.780807e+03
8048.3526 1.093811e+03 1.616814e+03
8049.5502 1.071066e+03 1.583156e+03
8050.7478 1.108789e+03 1.638875e+03
8051.9455 1.021658e+03 1.510051e+03
8053.1431 9.010350e+02 1.331732e+03
8054.3407 7.739391e+02 1.143855e+03
8055.5383 9.404927e+02 1.389980e+03
8056.7360 1.117464e+03 1.651489e+03
8057.9336 1.268446e+03 1.874574e+03
8059.1312 1.358517e+03 2.007633e+03
8060.3288 1.482413e+03 2.190668e+03
8061.5265 1.449396e+03 2.141818e+03
8062.7241 1.295734e+03 1.914695e+03
8063.9217 1.367256e+03 2.020326e+03
8065.1193 1.316306e+03 1.944984e+03
8066.3169 1.075773e+03 1.589525e+03
8067.5146 1.023680e+03 1.512512e+03
8068.7122 9.352307e+02 1.381785e+03
8069.9098 9.293861e+02 1.373109e+03
8071.1074 1.086398e+03 1.605037e+03
8072.3051 8.787333e+02 1.298195e+03
8073.5027 1.058530e+03 1.563770e+03
8074.7003 1.052155e+03 1.554305e+03
8075.8979 1.129945e+03 1.669168e+03
8077.0956 1.305164e+03 1.927942e+03
8078.2932 1.219827e+03 1.801829e+03
8079.4908 1.208722e+03 1.785368e+03
8080.6884 1.173687e+03 1.733562e+03
8081.8861 1.172638e+03 1.731955e+03
8083.0837 1.063245e+03 1.570333e+03
8084.2813 1.107842e+03 1.636145e+03
8085.4789 1.062821e+03 1.569601e+03
8086.6766 1.029143e+03 1.519812e+03
8087.8742 1.012473e+03 1.495143e+03
8089.0718 9.461000e+02 1.397079e+03
8090.2694 8.980123e+02 1.326022e+03
8091.4670 9.024988e+02 1.332600e+03
8092.6647 8.383658e+02 1.237858e+03
8093.8623 8.015757e+02 1.183494e+03
8095.0599 7.608257e+02 1.123287e+03
8096.2575 8.485623e+02 1.252775e+03
8097.4552 1.033110e+03 1.525175e+03
8098.6528 1.190443e+03 1.757379e+03
8099.8504 1.188605e+03 1.754598e+03
8101.0480 1.052802e+03 1.554068e+03
8102.2457 1.074437e+03 1.585942e+03
8103.4433 1.035081e+03 1.527789e+03
8104.6409 9.343221e+02 1.379014e+03
8105.8385 9.001324e+02 1.328498e+03
8107.0362 8.648280e+02 1.276341e+03
8108.2338 9.673846e+02 1.427639e+03
8109.4314 9.151848e+02 1.350548e+03
8110.6290 8.244717e+02 1.216631e+03
8111.8267 9.037996e+02 1.333635e+03
8113.0243 9.853470e+02 1.453903e+03
8114.2219 9.556891e+02 1.410082e+03
8115.4195 9.510343e+02 1.403153e+03
8116.6172 1.073448e+03 1.583693e+03
8117.8148 9.220361e+02 1.360250e+03
8119.0124 9.451989e+02 1.394359e+03
8120.2100 1.039763e+03 1.533792e+03
8121.4076 8.882774e+02 1.310271e+03
8122.6053 8.063087e+02 1.189307e+03
8123.8029 8.269268e+02 1.219662e+03
8125.0005 8.760422e+02 1.292044e+03
8126.1981 9.355009e+02 1.379673e+03
8127.3958 8.860114e+02 1.306624e+03
8128.5934 8.300925e+02 1.224101e+03
8129.7910 8.236013e+02 1.214470e+03
8130.9886 8.238413e+02 1.214765e+03
8132.1863 8.606972e+02 1.269047e+03
8133.3839 8.426077e+02 1.242313e+03
8134.5815 8.496194e+02 1.252589e+03
8135.7791 8.872144e+02 1.307949e+03
8136.9768 8.071104e+02 1.189798e+03
8138.1744 7.048288e+02 1.038967e+03
8139.3720 7.337382e+02 1.081525e+03
8140.5696 6.988322e+02 1.030021e+03
8141.7673 7.687258e+02 1.132979e+03
8142.9649 7.094716e+02 1.045592e+03
8144.1625 4.258835e+02 6.276172e+02
8145.3601 5.791381e+02 8.534199e+02
8146.5577 7.928514e+02 1.168285e+03
8147.7554 8.881292e+02 1.308607e+03
8148.9530 7.896776e+02 1.163480e+03
8150.1506 8.880970e+02 1.308415e+03
8151.3482 8.084871e+02 1.191061e+03
8152.5459 9.352779e+02 1.377771e+03
8153.7435 9.577009e+02 1.410722e+03
8154.9411 9.061096e+02 1.334649e+03
8156.1387 9.261137e+02 1.364035e+03
8157.3364 9.816819e+02 1.445795e+03
8158.5340 9.146199e+02 1.346948e+03
8159.7316 8.089744e+02 1.191295e+03
8160.9292 8.060611e+02 1.186934e+03
8162.1269 8.168071e+02 1.202685e+03
8163.3245 7.384171e+02 1.087195e+03
8164.5221 6.536686e+02 9.623584e+02
8165.7197 6.119480e+02 9.008799e+02
8166.9174 6.258506e+02 9.212891e+02
8168.1150 6.192070e+02 9.114521e+02
8169.3126 6.880513e+02 1.012725e+03
8170.5102 7.597719e+02 1.118217e+03
8171.7079 8.262120e+02 1.215924e+03
8172.9055 8.583909e+02 1.263199e+03
8174.1031 7.959374e+02 1.171217e+03
8175.3007 7.273250e+02 1.070184e+03
8176.4983 7.649961e+02 1.125538e+03
8177.6960 7.166129e+02 1.054281e+03
8178.8936 7.819070e+02 1.150265e+03
8180.0912 8.354373e+02 1.228930e+03
8181.2888 7.412169e+02 1.090257e+03
8182.4865 9.193361e+02 1.352159e+03
8183.6841 8.550398e+02 1.257505e+03
8184.8817 7.497552e+02 1.102586e+03
8186.0793 8.912495e+02 1.310574e+03
8187.2770 9.972068e+02 1.466279e+03
8188.4746 9.277158e+02 1.364003e+03
8189.6722 8.888145e+02 1.306713e+03
8190.8698 7.481670e+02 1.099856e+03
8192.0675 8.546341e+02 1.256278e+03
8193.2651 8.590024e+02 1.262606e+03
8194.4627 7.635610e+02 1.122238e+03
8195.6603 7.427371e+02 1.091551e+03
8196.8580 6.666942e+02 9.797217e+02
8198.0556 8.305920e+02 1.220480e+03
8199.2532 9.646037e+02 1.417290e+03
8200.4508 9.438345e+02 1.386667e+03
8201.6484 8.733714e+02 1.283044e+03
8202.8461 8.734039e+02 1.282991e+03
8204.0437 9.439691e+02 1.386539e+03
8205.2413 1.081038e+03 1.587745e+03
8206.4389 1.100941e+03 1.616848e+03
8207.6366 1.030553e+03 1.513354e+03
8208.8342 9.090078e+02 1.334758e+03
8210.0318 8.813751e+02 1.294077e+03
8211.2294 8.926665e+02 1.310548e+03
8212.4271 9.457322e+02 1.388340e+03
8213.6247 8.575190e+02 1.258737e+03
8214.8223 7.593300e+02 1.114514e+03
8216.0199 7.240524e+02 1.062645e+03
8217.2176 7.876039e+02 1.155816e+03
8218.4152 7.755247e+02 1.137992e+03
8219.6128 5.756784e+02 8.446680e+02
8220.8104 5.208569e+02 7.641641e+02
8222.0081 5.065057e+02 7.430439e+02
8223.2057 4.727126e+02 6.934082e+02
8224.4033 4.076510e+02 5.979180e+02
8225.6009 4.612164e+02 6.764238e+02
8226.7986 4.519451e+02 6.627666e+02
8227.9962 4.536278e+02 6.651738e+02
8229.1938 5.742862e+02 8.420234e+02
8230.3914 6.574833e+02 9.639189e+02
8231.5890 6.865040e+02 1.006372e+03
8232.7867 7.529308e+02 1.103646e+03
8233.9843 7.189374e+02 1.053720e+03
8235.1819 6.999756e+02 1.025831e+03
8236.3795 6.547231e+02 9.594209e+02
8237.5772 6.977889e+02 1.022431e+03
8238.7748 8.368892e+02 1.226128e+03
8239.9724 8.652597e+02 1.267570e+03
8241.1700 8.157922e+02 1.194985e+03
8242.3677 7.654387e+02 1.121116e+03
8243.5653 7.998376e+02 1.171383e+03
8244.7629 8.943107e+02 1.309610e+03
8245.9605 8.549816e+02 1.251892e+03
8247.1582 7.660454e+02 1.121555e+03
8248.3558 9.302548e+02 1.361832e+03
8249.5534 1.084997e+03 1.588202e+03
8250.7510 1.040567e+03 1.523008e+03
8251.9487 9.722987e+02 1.422940e+03
8253.1463 7.938217e+02 1.161621e+03
8254.3439 7.228070e+02 1.057592e+03
8255.5415 8.706865e+02 1.273830e+03
8256.7391 7.893414e+02 1.154697e+03
8257.9368 7.755800e+02 1.134444e+03
8259.1344 6.183672e+02 9.043906e+02
8260.3320 6.203558e+02 9.072002e+02
8261.5296 6.686821e+02 9.777646e+02
8262.7273 7.201426e+02 1.052896e+03
8263.9249 8.211105e+02 1.200384e+03
8265.1225 7.727623e+02 1.129577e+03
8266.3201 7.534700e+02 1.101253e+03
8267.5178 7.639930e+02 1.116507e+03
8268.7154 8.238944e+02 1.203910e+03
8269.9130 8.523585e+02 1.245360e+03
8271.1106 7.571888e+02 1.106183e+03
8272.3083 5.610220e+02 8.195059e+02
8273.5059 5.932548e+02 8.664883e+02
8274.7035 6.344441e+02 9.265391e+02
8275.9011 8.540330e+02 1.247078e+03
8277.0988 7.413268e+02 1.082373e+03
8278.2964 7.942255e+02 1.159469e+03
8279.4940 8.270870e+02 1.207297e+03
8280.6916 9.834285e+02 1.435334e+03
8281.8893 9.805667e+02 1.430982e+03
8283.0869 4.504388e+02 6.572637e+02
8284.2845 6.889326e+02 1.005141e+03
8285.4821 6.927697e+02 1.010613e+03
8286.6797 5.120641e+02 7.469062e+02
8287.8774 4.906479e+02 7.155781e+02
8289.0750 4.023899e+02 5.867852e+02
8290.2726 5.382229e+02 7.847637e+02
8291.4702 3.702059e+02 5.397148e+02
8292.6679 5.445770e+02 7.938242e+02
8293.8655 5.835051e+02 8.504590e+02
8295.0631 9.360688e+02 1.364143e+03
8296.2607 1.253043e+03 1.825832e+03
8297.4584 1.068696e+03 1.557012e+03
8298.6560 9.701533e+02 1.413254e+03
8299.8536 9.652975e+02 1.405992e+03
8301.0512 1.149514e+03 1.674086e+03
8302.2489 9.398158e+02 1.368508e+03
8303.4465 7.933776e+02 1.155115e+03
8304.6441 8.322704e+02 1.211575e+03
8305.8417 8.369748e+02 1.218256e+03
8307.0394 5.759789e+02 8.382480e+02
8308.2370 3.751593e+02 5.459102e+02
8309.4346 4.264947e+02 6.205234e+02
8310.6322 4.058010e+02 5.903320e+02
8311.8299 4.847515e+02 7.050840e+02
8313.0275 6.095179e+02 8.864336e+02
8314.2251 6.984282e+02 1.015592e+03
8315.4227 5.473294e+02 7.957627e+02
8316.6203 6.498032e+02 9.446123e+02
8317.8180 8.081258e+02 1.174593e+03
8319.0156 7.669688e+02 1.114608e+03
8320.2132 8.407908e+02 1.221711e+03
8321.4108 9.263763e+02 1.345871e+03
8322.6085 9.481325e+02 1.377273e+03
8323.8061 9.107856e+02 1.322824e+03
8325.0037 9.276828e+02 1.347162e+03
8326.2013 8.766866e+02 1.272913e+03
8327.3990 9.404189e+02 1.365241e+03
8328.5966 9.656812e+02 1.401700e+03
8329.7942 8.642653e+02 1.254300e+03
8330.9918 7.584254e+02 1.100524e+03
8332.1895 6.993794e+02 1.014687e+03
8333.3871 7.309805e+02 1.060368e+03
8334.5847 6.953167e+02 1.008475e+03
8335.7823 5.333401e+02 7.734238e+02
8336.9800 5.661243e+02 8.208350e+02
8338.1776 4.829672e+02 7.001514e+02
8339.3752 -2.977228e+03 -4.315353e+03
8340.5728 -2.932106e+03 -4.249262e+03
8341.7704 9.206977e+02 1.334074e+03
8342.9681 1.247066e+02 1.806680e+02
8344.1657 2.224815e+00 3.222656e+00
8345.3633 -1.462202e+02 -2.117656e+02
8346.5609 1.436764e+02 2.080469e+02
8347.7586 5.965486e+01 8.636719e+01
8348.9562 1.023392e+03 1.481398e+03
8350.1538 8.440546e+02 1.221594e+03
8351.3514 1.108960e+03 1.604717e+03
8352.5491 1.005597e+03 1.454896e+03
8353.7467 6.875049e+02 9.945098e+02
8354.9443 4.946892e+02 7.154688e+02
8356.1419 4.153670e+02 6.006406e+02
8357.3396 5.580501e+02 8.068262e+02
8358.5372 6.279168e+02 9.076797e+02
8359.7348 8.195048e+02 1.184419e+03
8360.9324 9.697736e+02 1.401352e+03
8362.1301 1.180624e+03 1.705732e+03
8363.3277 1.218698e+03 1.760426e+03
8364.5253 1.204981e+03 1.740297e+03
8365.7229 1.257156e+03 1.815322e+03
8366.9206 1.203590e+03 1.737656e+03
8368.1182 9.450073e+02 1.364084e+03
8369.3158 5.980591e+02 8.631182e+02
8370.5134 4.281214e+02 6.177500e+02
8371.7110 2.891569e+02 4.171562e+02
8372.9087 3.633220e+02 5.240537e+02
8374.1063 5.036888e+02 7.263818e+02
8375.3039 5.192520e+02 7.486846e+02
8376.5015 8.634534e+02 1.244736e+03
8377.6992 1.086865e+03 1.566504e+03
8378.8968 1.430242e+03 2.061020e+03
8380.0944 1.552816e+03 2.237223e+03
8381.2920 1.451752e+03 2.091211e+03
8382.4897 1.417451e+03 2.041404e+03
8383.6873 1.248002e+03 1.797014e+03
8384.8849 1.079117e+03 1.553529e+03
8386.0825 1.034627e+03 1.489188e+03
8387.2802 1.049854e+03 1.510806e+03
8388.4778 9.524542e+02 1.370368e+03
8389.6754 9.763626e+02 1.404486e+03
8390.8730 9.393682e+02 1.350999e+03
8392.0707 7.575735e+02 1.089322e+03
8393.2683 7.603757e+02 1.093130e+03
8394.4659 -1.832315e+02 -2.633633e+02
8395.6635 -7.238881e+02 -1.040250e+03
8396.8611 -5.872305e+02 -8.436953e+02
8398.0588 -5.011333e+02 -7.198477e+02
8399.2564 -3.221033e+02 -4.625859e+02
8400.4540 -2.110695e+02 -3.030625e+02
8401.6516 1.214018e+02 1.742773e+02
8402.8493 9.294315e+02 1.333957e+03
8404.0469 6.421084e+02 9.213848e+02
8405.2445 8.139698e+02 1.167747e+03
8406.4421 7.920191e+02 1.136014e+03
8407.6398 8.967497e+02 1.285956e+03
8408.8374 8.943040e+02 1.282173e+03
8410.0350 1.001549e+03 1.435621e+03
8411.2326 1.205308e+03 1.727314e+03
8412.4303 1.405288e+03 2.013465e+03
8413.6279 1.471103e+03 2.107301e+03
8414.8255 1.338094e+03 1.916350e+03
8416.0231 1.534217e+03 2.196740e+03
8417.2208 1.580144e+03 2.261998e+03
8418.4184 1.618522e+03 2.316420e+03
8419.6160 1.031422e+03 1.475836e+03
8420.8136 1.062929e+03 1.520576e+03
8422.0113 8.751154e+02 1.251616e+03
8423.2089 8.265802e+02 1.181932e+03
8424.4065 3.732323e+02 5.335654e+02
8425.6041 -5.175699e+02 -7.397383e+02
8426.8017 -1.593282e+02 -2.276680e+02
8427.9994 -8.669466e+01 -1.238516e+02
8429.1970 -5.886652e+02 -8.407695e+02
8430.3946 -2.529609e+02 -3.612109e+02
8431.5922 -2.921893e+02 -4.171289e+02
8432.7899 1.536567e+02 2.193086e+02
8433.9875 8.622521e+02 1.230371e+03
8435.1851 9.098716e+02 1.298014e+03
8436.3827 9.561376e+02 1.363692e+03
8437.5804 1.061711e+03 1.513905e+03
8438.7780 1.118525e+03 1.594535e+03
8439.9756 1.070764e+03 1.526082e+03
8441.1732 9.804212e+02 1.396985e+03
8442.3709 1.015380e+03 1.446447e+03
8443.5685 1.077364e+03 1.534371e+03
8444.7661 1.010025e+03 1.438116e+03
8445.9637 9.865549e+02 1.404354e+03
8447.1614 9.885093e+02 1.406790e+03
8448.3590 8.602549e+02 1.223963e+03
8449.5566 6.624081e+02 9.422344e+02
8450.7542 5.612584e+02 7.981562e+02
8451.9518 6.020322e+02 8.559258e+02
8453.1495 5.238727e+02 7.446172e+02
8454.3471 6.325198e+02 8.988184e+02
8455.5447 5.793718e+02 8.230859e+02
8456.7423 5.677174e+02 8.063242e+02
8457.9400 5.822322e+02 8.267285e+02
8459.1376 5.443353e+02 7.727197e+02
8460.3352 7.449409e+02 1.057221e+03
8461.5328 1.474445e+03 2.091994e+03
8462.7305 2.063288e+03 2.926707e+03
8463.9281 2.071033e+03 2.936930e+03
8465.1257 2.017317e+03 2.860008e+03
8466.3233 1.905315e+03 2.700512e+03
8467.5210 1.945297e+03 2.756457e+03
8468.7186 1.639162e+03 2.322055e+03
8469.9162 1.341471e+03 1.899840e+03
8471.1138 1.220070e+03 1.727447e+03
8472.3115 1.066104e+03 1.509051e+03
8473.5091 9.479385e+02 1.341431e+03
8474.7067 9.793782e+02 1.385549e+03
8475.9043 1.177880e+03 1.665924e+03
8477.1020 1.042529e+03 1.474094e+03
8478.2996 1.098958e+03 1.553460e+03
8479.4972 9.827516e+02 1.388814e+03
8480.6948 1.132224e+03 1.599609e+03
8481.8924 1.065971e+03 1.505595e+03
8483.0901 1.016721e+03 1.435637e+03
8484.2877 9.954136e+02 1.405162e+03
8485.4853 9.303607e+02 1.312967e+03
8486.6829 8.544868e+02 1.205555e+03
8487.8806 6.806464e+02 9.600234e+02
8489.0782 5.601104e+02 7.897910e+02
8490.2758 4.085102e+02 5.758633e+02
8491.4734 5.056796e+02 7.126387e+02
8492.6711 7.507025e+02 1.057643e+03
8493.8687 7.352100e+02 1.035521e+03
8495.0663 7.333972e+02 1.032674e+03
8496.2639 7.828503e+02 1.101992e+03
8497.4616 8.056365e+02 1.133742e+03
8498.6592 7.027900e+02 9.887256e+02
8499.8568 5.781421e+02 8.131289e+02
8501.0544 5.838354e+02 8.208984e+02
8502.2521 7.192864e+02 1.011055e+03
8503.4497 6.645074e+02 9.337832e+02
8504.6473 5.802949e+02 8.152070e+02
8505.8449 7.636141e+02 1.072422e+03
8507.0425 8.344621e+02 1.171576e+03
8508.2402 5.590898e+02 7.847246e+02
8509.4378 7.740845e+02 1.086164e+03
8510.6354 9.163613e+02 1.285419e+03
8511.8330 1.045368e+03 1.465945e+03
8513.0307 1.131697e+03 1.586532e+03
8514.2283 1.173893e+03 1.645193e+03
8515.4259 1.272081e+03 1.782267e+03
8516.6235 1.243753e+03 1.742051e+03
8517.8212 1.454960e+03 2.037260e+03
8519.0188 1.375482e+03 1.925389e+03
8520.2164 1.341008e+03 1.876561e+03
8521.4140 1.242313e+03 1.737919e+03
8522.6117 1.027306e+03 1.436697e+03
8523.8093 9.012568e+02 1.260029e+03
8525.0069 9.282180e+02 1.297323e+03
8526.2045 1.098077e+03 1.534253e+03
8527.4022 1.094605e+03 1.528927e+03
8528.5998 9.701533e+02 1.354674e+03
8529.7974 9.515438e+02 1.328274e+03
8530.9950 9.263719e+02 1.292732e+03
8532.1927 9.231694e+02 1.287859e+03
8533.3903 8.191619e+02 1.142405e+03
8534.5879 9.857477e+02 1.374293e+03
8535.7855 1.150790e+03 1.603882e+03
8536.9831 1.183049e+03 1.648318e+03
8538.1808 1.273799e+03 1.774195e+03
8539.3784 1.292712e+03 1.799963e+03
8540.5760 1.342536e+03 1.868740e+03
8541.7736 1.268539e+03 1.765175e+03
8542.9713 1.424973e+03 1.982215e+03
8544.1689 1.434069e+03 1.994226e+03
8545.3665 1.307735e+03 1.817957e+03
8546.5641 1.058260e+03 1.470671e+03
8547.7618 9.523022e+02 1.322990e+03
8548.9594 1.100447e+03 1.528303e+03
8550.1570 9.180802e+02 1.274615e+03
8551.3546 7.727452e+02 1.072488e+03
8552.5523 7.950081e+02 1.103024e+03
8553.7499 8.425244e+02 1.168565e+03
8554.9475 1.029316e+03 1.427171e+03
8556.1451 1.132469e+03 1.569675e+03
8557.3428 1.058538e+03 1.466716e+03
8558.5404 1.088048e+03 1.507103e+03
8559.7380 1.152709e+03 1.596135e+03
8560.9356 1.210826e+03 1.676048e+03
8562.1332 1.224554e+03 1.694483e+03
8563.3309 1.283228e+03 1.775077e+03
8564.5285 1.376966e+03 1.904102e+03
8565.7261 1.409882e+03 1.948961e+03
8566.9237 1.348914e+03 1.864050e+03
8568.1214 1.354274e+03 1.870821e+03
8569.3190 1.280570e+03 1.768404e+03
8570.5166 1.070369e+03 1.477623e+03
8571.7142 1.042021e+03 1.437997e+03
8572.9119 1.140027e+03 1.572708e+03
8574.1095 1.162473e+03 1.603122e+03
8575.3071 1.146934e+03 1.581148e+03
8576.5047 1.242400e+03 1.712165e+03
8577.7024 1.250947e+03 1.723348e+03
8578.9000 1.336330e+03 1.840337e+03
8580.0976 1.303296e+03 1.794220e+03
8581.2952 1.456969e+03 2.005079e+03
8582.4929 1.476052e+03 2.030632e+03
8583.6905 1.437932e+03 1.977498e+03
8584.8881 1.348995e+03 1.854538e+03
8586.0857 1.267469e+03 1.741848e+03
8587.2834 1.121003e+03 1.540021e+03
8588.4810 9.953874e+02 1.366969e+03
8589.6786 1.067123e+03 1.464965e+03
8590.8762 1.069004e+03 1.467026e+03
8592.0738 1.042650e+03 1.430352e+03
8593.2715 1.036138e+03 1.420913e+03
8594.4691 9.809016e+02 1.344684e+03
8595.6667 1.019497e+03 1.397093e+03
8596.8643 1.262639e+03 1.729669e+03
8598.0620 1.066298e+03 1.460180e+03
8599.2596 1.124506e+03 1.539335e+03
8600.4572 1.300750e+03 1.779953e+03
8601.6548 1.398586e+03 1.913140e+03
8602.8525 1.499927e+03 2.051021e+03
8604.0501 1.623946e+03 2.219801e+03
8605.2477 1.642592e+03 2.244472e+03
8606.4453 1.540324e+03 2.103964e+03
8607.6430 1.475272e+03 2.014372e+03
8608.8406 1.512526e+03 2.064482e+03
8610.0382 1.535886e+03 2.095599e+03
8611.2358 1.644240e+03 2.242614e+03
8612.4335 1.640684e+03 2.236940e+03
8613.6311 1.706484e+03 2.325795e+03
8614.8287 1.752788e+03 2.388021e+03
8616.0263 1.514583e+03 2.062723e+03
8617.2239 1.569401e+03 2.136586e+03
8618.4216 1.500105e+03 2.041486e+03
8619.6192 1.486924e+03 2.022795e+03
8620.8168 1.311624e+03 1.783651e+03
8622.0144 1.324238e+03 1.800132e+03
8623.2121 1.395336e+03 1.896069e+03
8624.4097 1.180498e+03 1.603531e+03
8625.6073 9.895770e+02 1.343688e+03
8626.8049 7.875679e+02 1.068988e+03
8628.0026 8.691378e+02 1.179260e+03
8629.2002 1.138735e+03 1.544469e+03
8630.3978 1.319269e+03 1.788648e+03
8631.5954 1.363964e+03 1.848543e+03
8632.7931 1.328365e+03 1.799611e+03
8633.9907 1.427933e+03 1.933764e+03
8635.1883 1.402126e+03 1.898089e+03
8636.3859 1.355008e+03 1.833603e+03
8637.5836 1.294382e+03 1.750892e+03
8638.7812 1.463417e+03 1.978781e+03
8639.9788 1.340246e+03 1.811536e+03
8641.1764 1.359062e+03 1.836261e+03
8642.3741 1.248552e+03 1.686296e+03
8643.5717 1.210639e+03 1.634457e+03
8644.7693 1.416222e+03 1.911270e+03
8645.9669 1.437613e+03 1.939384e+03
8647.1645 1.491384e+03 2.011139e+03
8648.3622 1.653068e+03 2.228301e+03
8649.5598 1.653521e+03 2.228041e+03
8650.7574 1.540369e+03 2.074762e+03
8651.9550 1.536128e+03 2.068238e+03
8653.1527 1.518541e+03 2.043756e+03
8654.3503 1.576376e+03 2.120760e+03
8655.5479 1.579968e+03 2.124754e+03
8656.7455 1.351816e+03 1.817215e+03
8657.9432 1.267688e+03 1.703449e+03
8659.1408 1.146574e+03 1.540092e+03
8660.3384 1.062516e+03 1.426618e+03
8661.5360 1.146249e+03 1.538432e+03
8662.7337 1.019959e+03 1.368387e+03
8663.9313 8.373361e+02 1.122930e+03
8665.1289 8.363191e+02 1.121117e+03
8666.3265 8.132365e+02 1.089737e+03
8667.5242 8.120729e+02 1.087741e+03
8668.7218 1.034753e+03 1.385456e+03
8669.9194 1.055427e+03 1.412567e+03
8671.1170 1.211210e+03 1.620411e+03
8672.3147 1.631615e+03 2.181965e+03
8673.5123 1.921806e+03 2.568996e+03
8674.7099 1.872032e+03 2.501445e+03
8675.9075 1.880643e+03 2.511930e+03
8677.1051 1.749663e+03 2.336031e+03
8678.3028 1.558700e+03 2.080222e+03
8679.5004 1.367400e+03 1.824169e+03
8680.6980 1.337896e+03 1.784078e+03
8681.8956 1.261183e+03 1.681092e+03
8683.0933 1.258442e+03 1.676749e+03
8684.2909 9.888735e+02 1.317033e+03
8685.4885 1.133035e+03 1.508413e+03
8686.6861 1.258934e+03 1.675330e+03
8687.8838 1.326780e+03 1.764885e+03
8689.0814 1.437040e+03 1.910760e+03
8690.2790 1.406395e+03 1.869235e+03
8691.4766 1.484510e+03 1.972237e+03
8692.6743 1.561490e+03 2.073643e+03
8693.8719 1.582040e+03 2.100055e+03
8695.0695 1.624859e+03 2.155991e+03
8696.2671 1.660275e+03 2.202061e+03
8697.4648 1.663844e+03 2.205866e+03
8698.6624 1.596931e+03 2.116264e+03
8699.8600 1.747244e+03 2.314483e+03
8701.0576 1.686925e+03 2.233638e+03
8702.2552 1.595455e+03 2.111629e+03
8703.4529 1.653588e+03 2.187640e+03
8704.6505 1.555955e+03 2.057601e+03
8705.8481 1.268184e+03 1.676336e+03
8707.0457 1.154579e+03 1.525518e+03
8708.2434 1.203407e+03 1.589353e+03
8709.4410 1.137524e+03 1.501696e+03
8710.6386 1.135530e+03 1.498420e+03
8711.8362 1.253095e+03 1.652846e+03
8713.0339 1.369472e+03 1.805569e+03
8714.2315 1.522958e+03 2.007063e+03
8715.4291 1.631970e+03 2.149796e+03
8716.6267 1.744019e+03 2.296402e+03
8717.8244 1.768437e+03 2.327542e+03
8719.0220 1.881520e+03 2.475298e+03
8720.2196 1.799716e+03 2.366645e+03
8721.4172 1.765742e+03 2.320953e+03
8722.6149 1.742183e+03 2.288982e+03
8723.8125 1.866385e+03 2.451089e+03
8725.0101 1.746418e+03 2.292528e+03
8726.2077 1.727233e+03 2.266343e+03
8727.4054 1.414738e+03 1.855490e+03
8728.6030 1.361499e+03 1.784874e+03
8729.8006 1.333029e+03 1.746774e+03
8730.9982 1.216725e+03 1.593662e+03
8732.1958 1.152334e+03 1.508649e+03
8733.3935 1.115293e+03 1.459502e+03
8734.5911 1.243197e+03 1.626150e+03
8735.7887 1.351330e+03 1.766799e+03
8736.9863 1.493061e+03 1.951225e+03
8738.1840 1.689686e+03 2.207190e+03
8739.3816 1.696606e+03 2.215226e+03
8740.5792 1.666569e+03 2.175020e+03
8741.7768 1.810059e+03 2.361213e+03
8742.9745 1.856507e+03 2.420699e+03
8744.1721 1.974456e+03 2.573316e+03
8745.3697 1.827954e+03 2.381287e+03
8746.5673 1.889243e+03 2.459998e+03
8747.7650 1.882036e+03 2.449484e+03
8748.9626 1.856884e+03 2.415634e+03
8750.1602 1.670195e+03 2.171762e+03
8751.3578 1.599527e+03 2.078906e+03
8752.5555 1.535612e+03 1.994906e+03
8753.7531 1.203066e+03 1.562168e+03
8754.9507 6.983505e+02 9.063760e+02
8756.1483 2.197942e+02 2.851328e+02
8757.3459 -4.912662e+02 -6.370059e+02
8758.5436 -5.243701e+02 -6.796094e+02
8759.7412 -2.707614e+02 -3.507539e+02
8760.9388 -1.499122e+02 -1.941094e+02
8762.1364 -5.013187e+02 -6.488086e+02
8763.3341 -6.241462e+02 -8.073867e+02
8764.5317 2.174687e+02 2.811797e+02
8765.7293 1.065623e+03 1.377152e+03
8766.9269 1.574010e+03 2.033184e+03
8768.1246 1.347445e+03 1.739684e+03
8769.3222 1.223042e+03 1.578301e+03
8770.5198 1.201635e+03 1.549922e+03
8771.7174 2.164088e+03 2.789973e+03
8772.9151 3.268705e+03 4.211998e+03
8774.1127 3.621294e+03 4.664047e+03
8775.3103 3.700324e+03 4.763484e+03
8776.5079 3.422167e+03 4.403230e+03
8777.7056 3.020666e+03 3.884699e+03
8778.9032 3.000126e+03 3.856363e+03
8780.1008 2.717951e+03 3.491910e+03
8781.2984 2.278263e+03 2.925551e+03
8782.4961 1.938372e+03 2.487840e+03
8783.6937 1.331595e+03 1.708197e+03
8784.8913 1.481842e+03 1.899975e+03
8786.0889 1.373657e+03 1.760367e+03
8787.2865 1.374084e+03 1.760016e+03
8788.4842 1.140364e+03 1.459904e+03
8789.6818 1.390529e+03 1.779252e+03
8790.8794 1.568529e+03 2.005977e+03
8792.0770 1.665179e+03 2.128479e+03
8793.2747 1.649373e+03 2.107178e+03
8794.4723 1.578058e+03 2.015016e+03
8795.6699 1.624617e+03 2.073379e+03
8796.8675 1.519230e+03 1.937861e+03
8798.0652 1.489424e+03 1.898838e+03
8799.2628 1.611221e+03 2.053024e+03
8800.4604 1.581096e+03 2.013566e+03
8801.6580 1.427776e+03 1.817337e+03
8802.8557 1.579254e+03 2.009064e+03
8804.0533 1.594260e+03 2.027060e+03
8805.2509 1.443957e+03 1.834959e+03
8806.4485 1.703021e+03 2.162995e+03
8807.6462 1.751567e+03 2.223438e+03
8808.8438 1.782227e+03 2.261114e+03
8810.0414 1.674451e+03 2.123207e+03
8811.2390 1.783877e+03 2.260706e+03
8812.4366 1.932566e+03 2.447776e+03
8813.6343 1.934127e+03 2.448383e+03
8814.8319 1.881909e+03 2.380942e+03
8816.0295 1.795831e+03 2.270756e+03
8817.2271 1.735519e+03 2.193250e+03
8818.4248 1.757870e+03 2.220229e+03
8819.6224 1.872553e+03 2.363722e+03
8820.8200 1.763657e+03 2.224980e+03
8822.0176 1.771503e+03 2.233586e+03
8823.2153 2.930227e+03 3.692406e+03
8824.4129 3.036388e+03 3.823945e+03
8825.6105 3.416044e+03 4.299547e+03
8826.8081 4.429596e+03 5.571945e+03
8828.0058 4.936645e+03 6.206070e+03
8829.2034 4.600625e+03 5.780195e+03
8830.4010 3.719954e+03 4.670922e+03
8831.5986 1.059188e+03 1.329156e+03
8832.7963 -8.539252e+02 -1.070926e+03
8833.9939 -3.607625e+02 -4.521641e+02
8835.1915 3.942150e+02 4.937891e+02
8836.3891 4.026838e+02 5.040859e+02
8837.5868 3.988027e+02 4.989180e+02
8838.7844 6.483435e+02 8.105977e+02
8839.9820 9.355223e+02 1.168912e+03
8841.1796 1.446086e+03 1.805709e+03
8842.3772 1.804782e+03 2.252178e+03
8843.5749 1.864191e+03 2.324829e+03
8844.7725 2.051697e+03 2.557024e+03
8845.9701 2.359044e+03 2.938172e+03
8847.1677 2.148260e+03 2.673902e+03
8848.3654 1.948183e+03 2.423285e+03
8849.5630 1.689189e+03 2.099748e+03
8850.7606 1.451120e+03 1.802621e+03
8851.9582 1.336152e+03 1.658699e+03
8853.1559 1.287433e+03 1.597148e+03
8854.3535 1.191639e+03 1.477312e+03
8855.5511 1.506097e+03 1.865888e+03
8856.7487 1.625596e+03 2.012557e+03
8857.9464 1.656518e+03 2.049429e+03
8859.1440 1.790018e+03 2.213061e+03
8860.3416 2.158777e+03 2.667109e+03
8861.5392 2.393871e+03 2.955486e+03
8862.7369 2.601718e+03 3.209825e+03
8863.9345 2.845701e+03 3.508338e+03
8865.1321 2.120535e+03 2.612441e+03
8866.3297 1.837167e+03 2.261707e+03
8867.5273 1.728318e+03 2.126160e+03
8868.7250 1.549259e+03 1.904490e+03
8869.9226 1.479107e+03 1.816914e+03
8871.1202 1.155563e+03 1.418424e+03
8872.3178 1.139385e+03 1.397521e+03
8873.5155 1.415117e+03 1.734416e+03
8874.7131 1.715625e+03 2.101136e+03
8875.9107 1.800592e+03 2.203513e+03
8877.1083 1.728783e+03 2.114008e+03
8878.3060 1.614774e+03 1.973064e+03
8879.5036 1.351744e+03 1.650383e+03
8880.7012 1.813101e+03 2.211927e+03
8881.8988 1.788415e+03 2.180082e+03
8883.0965 1.591233e+03 1.938168e+03
8884.2941 1.227886e+03 1.494398e+03
8885.4917 1.036703e+03 1.260695e+03
8886.6893 1.140464e+03 1.385742e+03
8887.8870 1.394851e+03 1.693445e+03
8889.0846 1.540762e+03 1.869039e+03
8890.2822 2.169470e+03 2.629500e+03
8891.4798 2.368038e+03 2.867754e+03
8892.6775 2.203813e+03 2.666605e+03
8893.8751 2.115946e+03 2.558093e+03
8895.0727 2.075185e+03 2.506648e+03
8896.2703 1.741959e+03 2.102308e+03
8897.4679 1.207841e+03 1.456421e+03
8898.6656 2.263864e+02 2.727363e+02
8899.8632 -6.518740e+02 -7.846367e+02
8901.0608 -4.345344e+02 -5.225625e+02
8902.2584 -2.364822e+02 -2.841309e+02
8903.4561 3.952165e+01 4.744141e+01
8904.6537 1.263825e+02 1.515684e+02
8905.8513 5.679246e+02 6.804688e+02
8907.0489 1.213454e+03 1.452557e+03
8908.2466 2.103484e+03 2.515578e+03
8909.4442 2.259441e+03 2.699510e+03
8910.6418 2.181565e+03 2.603957e+03
8911.8394 2.114452e+03 2.521398e+03
8913.0371 1.880787e+03 2.240566e+03
8914.2347 1.549976e+03 1.844649e+03
8915.4323 6.245121e+02 7.425000e+02
8916.6299 -8.208328e+02 -9.749297e+02
8917.8276 -7.477474e+02 -8.872227e+02
8919.0252 -7.504382e+02 -8.895039e+02
8920.2228 -6.641516e+02 -7.864141e+02
8921.4204 -3.542246e+02 -4.189961e+02
8922.6180 -1.579974e+02 -1.866914e+02
8923.8157 8.850279e+02 1.044648e+03
8925.0133 2.383467e+03 2.810328e+03
8926.2109 2.391800e+03 2.817105e+03
8927.4085 1.769516e+03 2.081896e+03
8928.6062 1.647149e+03 1.935793e+03
8929.8038 1.704102e+03 2.000502e+03
8931.0014 2.028295e+03 2.378413e+03
8932.1990 1.784273e+03 2.089901e+03
8933.3967 1.523232e+03 1.782108e+03
8934.5943 1.548597e+03 1.809696e+03
8935.7919 1.354098e+03 1.580562e+03
8936.9895 1.309833e+03 1.527098e+03
8938.1872 1.319219e+03 1.536217e+03
8939.3848 1.251636e+03 1.455771e+03
8940.5824 1.408339e+03 1.636053e+03
8941.7800 1.707175e+03 1.980787e+03
8942.9777 1.930491e+03 2.237135e+03
8944.1753 2.005359e+03 2.321004e+03
8945.3729 2.206627e+03 2.550744e+03
8946.5705 2.037691e+03 2.352477e+03
8947.7682 1.910580e+03 2.202904e+03
8948.9658 1.333527e+03 1.535573e+03
8950.1634 1.148150e+03 1.320383e+03
8951.3610 1.305713e+03 1.499602e+03
8952.5586 9.164719e+02 1.051160e+03
8953.7563 3.760436e+02 4.307285e+02
8954.9539 1.708535e+02 1.954336e+02
8956.1515 1.001760e+03 1.144309e+03
8957.3491 1.671455e+03 1.906656e+03
8958.5468 2.003375e+03 2.282086e+03
8959.7444 2.109831e+03 2.399957e+03
8960.9420 2.061884e+03 2.342070e+03
8962.1396 1.788266e+03 2.028344e+03
8963.3373 1.723268e+03 1.951775e+03
8964.5349 1.307107e+03 1.478254e+03
8965.7325 1.550152e+03 1.750520e+03
8966.9301 1.307430e+03 1.474209e+03
8968.1278 1.264322e+03 1.423442e+03
8969.3254 1.401543e+03 1.575518e+03
8970.5230 1.335434e+03 1.498881e+03
8971.7206 1.285707e+03 1.440814e+03
8972.9183 1.366841e+03 1.529319e+03
8974.1159 1.496444e+03 1.671659e+03
8975.3135 1.727292e+03 1.926430e+03
8976.5111 1.946528e+03 2.167409e+03
8977.7087 1.791403e+03 1.991402e+03
8978.9064 1.767379e+03 1.961435e+03
8980.1040 1.674771e+03 1.855540e+03
8981.3016 1.497832e+03 1.656689e+03
8982.4992 1.455540e+03 1.607155e+03
8983.6969 1.297372e+03 1.430033e+03
8984.8945 7.012043e+02 7.715537e+02
8986.0921 3.884866e+02 4.267070e+02
8987.2897 7.069548e+02 7.751211e+02
8988.4874 7.920199e+02 8.668223e+02
8989.6850 8.971443e+02 9.800859e+02
8990.8826 8.875573e+02 9.678271e+02
8992.0802 1.010108e+03 1.099412e+03
8993.2779 1.393642e+03 1.514003e+03
8994.4755 1.762503e+03 1.911082e+03
8995.6731 1.967433e+03 2.129192e+03
8996.8707 2.089025e+03 2.256396e+03
8998.0684 2.279999e+03 2.457844e+03
8999.2660 2.088919e+03 2.247398e+03
9000.4636 1.749275e+03 1.878219e+03
9001.6612 1.709341e+03 1.831629e+03
9002.8589 1.391134e+03 1.487609e+03
9004.0565 1.082851e+03 1.155555e+03
9005.2541 1.156671e+03 1.231754e+03
9006.4517 1.091662e+03 1.160072e+03
9007.6493 9.500086e+02 1.007390e+03
9008.8470 1.090623e+03 1.154005e+03
9010.0446 1.286035e+03 1.357810e+03
9011.2422 1.367648e+03 1.440800e+03
9012.4398 1.474613e+03 1.550031e+03
9013.6375 1.571640e+03 1.648307e+03
9014.8351 1.380561e+03 1.444618e+03
9016.0327 1.473934e+03 1.538782e+03
9017.2303 1.510778e+03 1.573588e+03
9018.4280 1.494668e+03 1.553157e+03
9019.6256 1.428122e+03 1.480490e+03
9020.8232 1.577097e+03 1.631012e+03
9022.0208 1.615456e+03 1.666637e+03
9023.2185 1.611830e+03 1.658827e+03
9024.4161 1.558709e+03 1.600190e+03
9025.6137 1.419798e+03 1.453940e+03
9026.8113 1.293580e+03 1.321341e+03
9028.0090 1.331454e+03 1.356556e+03
9029.2066 1.343021e+03 1.364810e+03
9030.4042 4.546328e+02 4.608037e+02
9031.6018 1.139299e+02 1.151720e+02
9032.7995 0.000000e+00 0.000000e+00
9033.9971 0.000000e+00 0.000000e+00
9035.1947 0.000000e+00 0.000000e+00
9036.3923 0.000000e+00 0.000000e+00
