# wavelength flux(cal) flux
3585.0499 2.850437e+03 2.703543e+04
3586.2768 2.857490e+03 2.694275e+04
3587.5037 2.370529e+03 2.221776e+04
3588.7306 2.511788e+03 2.339906e+04
3589.9575 2.530892e+03 2.343220e+04
3591.1844 2.592344e+03 2.385176e+04
3592.4113 2.655081e+03 2.427496e+04
3593.6382 2.855188e+03 2.593786e+04
3594.8652 2.580213e+03 2.328840e+04
3596.0921 2.696913e+03 2.418257e+04
3597.3190 2.614297e+03 2.328678e+04
3598.5459 2.785584e+03 2.464664e+04
3599.7728 2.507790e+03 2.203881e+04
3600.9997 2.674095e+03 2.333989e+04
3602.2266 2.705293e+03 2.344936e+04
3603.4535 2.647807e+03 2.279125e+04
3604.6804 2.640895e+03 2.257195e+04
3605.9073 2.753425e+03 2.336680e+04
3607.1343 2.787229e+03 2.348436e+04
3608.3612 2.754408e+03 2.304027e+04
3609.5881 2.735463e+03 2.271519e+04
3610.8150 2.871782e+03 2.367213e+04
3612.0419 2.934586e+03 2.401085e+04
3613.2688 2.846060e+03 2.311291e+04
3614.4957 2.736453e+03 2.205588e+04
3615.7226 2.723271e+03 2.178356e+04
3616.9495 2.936975e+03 2.331400e+04
3618.1764 3.064821e+03 2.414223e+04
3619.4033 2.865976e+03 2.240156e+04
3620.6303 2.789341e+03 2.163312e+04
3621.8572 2.889155e+03 2.223203e+04
3623.0841 2.890158e+03 2.206480e+04
3624.3110 2.710346e+03 2.052830e+04
3625.5379 2.966354e+03 2.228854e+04
3626.7648 2.864163e+03 2.134850e+04
3627.9917 2.906115e+03 2.148696e+04
3629.2186 2.402066e+03 1.761658e+04
3630.4455 2.487330e+03 1.809367e+04
3631.6724 2.629560e+03 1.897212e+04
3632.8994 2.583581e+03 1.848748e+04
3634.1263 2.755127e+03 1.955257e+04
3635.3532 2.564574e+03 1.804963e+04
3636.5801 2.880637e+03 2.010561e+04
3637.8070 2.816014e+03 1.949055e+04
3639.0339 2.699801e+03 1.852966e+04
3640.2608 2.907116e+03 1.978474e+04
3641.4877 2.708694e+03 1.827877e+04
3642.7146 2.767685e+03 1.851866e+04
3643.9415 2.789371e+03 1.850513e+04
3645.1684 2.697275e+03 1.774158e+04
3646.3954 2.646082e+03 1.725598e+04
3647.6223 2.673433e+03 1.728476e+04
3648.8492 2.885811e+03 1.849732e+04
3650.0761 2.902643e+03 1.844468e+04
3651.3030 2.902356e+03 1.828330e+04
3652.5299 2.924972e+03 1.826595e+04
3653.7568 2.830774e+03 1.752398e+04
3654.9837 2.926226e+03 1.795700e+04
3656.2106 2.834373e+03 1.724141e+04
3657.4375 2.678577e+03 1.615109e+04
3658.6645 2.829846e+03 1.691353e+04
3659.8914 2.961648e+03 1.754573e+04
3661.1183 2.758384e+03 1.619766e+04
3662.3452 2.573107e+03 1.497644e+04
3663.5721 2.617536e+03 1.510045e+04
3664.7990 2.651150e+03 1.515906e+04
3666.0259 2.909083e+03 1.648653e+04
3667.2528 2.712966e+03 1.523869e+04
3668.4797 2.591846e+03 1.442905e+04
3669.7066 2.450289e+03 1.351968e+04
3670.9335 2.830742e+03 1.547982e+04
3672.1605 2.824344e+03 1.530720e+04
3673.3874 2.695356e+03 1.447784e+04
3674.6143 2.876081e+03 1.531069e+04
3675.8412 2.692356e+03 1.420461e+04
3677.0681 3.007865e+03 1.572736e+04
3678.2950 3.005145e+03 1.557261e+04
3679.5219 2.812157e+03 1.444216e+04
3680.7488 2.780686e+03 1.415271e+04
3681.9757 2.930014e+03 1.477921e+04
3683.2026 2.971022e+03 1.485184e+04
3684.4296 2.792756e+03 1.383566e+04
3685.6565 2.765628e+03 1.357852e+04
3686.8834 2.737802e+03 1.332148e+04
3688.1103 2.616560e+03 1.261750e+04
3689.3372 2.625320e+03 1.254635e+04
3690.5641 2.754992e+03 1.304815e+04
3691.7910 2.613308e+03 1.226630e+04
3693.0179 2.609456e+03 1.213861e+04
3694.2448 2.883656e+03 1.329413e+04
3695.4717 2.819068e+03 1.288016e+04
3696.6987 2.551560e+03 1.155376e+04
3697.9256 2.336961e+03 1.048752e+04
3699.1525 2.641868e+03 1.175004e+04
3700.3794 2.774746e+03 1.223098e+04
3701.6063 2.796189e+03 1.221567e+04
3702.8332 2.661852e+03 1.152527e+04
3704.0601 2.636999e+03 1.131611e+04
3705.2870 2.767560e+03 1.177086e+04
3706.5139 3.007947e+03 1.267971e+04
3707.7408 2.739171e+03 1.144435e+04
3708.9677 2.777686e+03 1.150250e+04
3710.1947 2.821296e+03 1.157977e+04
3711.4216 2.754723e+03 1.120667e+04
3712.6485 2.911315e+03 1.173925e+04
3713.8754 2.569325e+03 1.026900e+04
3715.1023 2.857952e+03 1.132213e+04
3716.3292 2.961438e+03 1.162909e+04
3717.5561 2.754267e+03 1.072076e+04
3718.7830 2.798075e+03 1.079596e+04
3720.0099 3.136177e+03 1.199477e+04
3721.2368 3.002911e+03 1.138492e+04
3722.4638 2.905890e+03 1.092118e+04
3723.6907 2.954848e+03 1.100870e+04
3724.9176 3.076628e+03 1.136302e+04
3726.1445 2.670476e+03 9.777613e+03
3727.3714 2.442433e+03 8.865434e+03
3728.5983 2.662032e+03 9.579262e+03
3729.8252 2.860938e+03 1.020649e+04
3731.0521 2.981954e+03 1.054695e+04
3732.2790 2.993912e+03 1.049860e+04
3733.5059 2.900687e+03 1.008482e+04
3734.7328 2.861382e+03 9.863418e+03
3735.9598 2.981322e+03 1.018952e+04
3737.1867 3.032227e+03 1.027564e+04
3738.4136 3.270165e+03 1.098825e+04
3739.6405 3.155146e+03 1.051235e+04
3740.8674 2.879980e+03 9.514824e+03
3742.0943 3.016737e+03 9.883023e+03
3743.3212 2.711673e+03 8.809285e+03
3744.5481 2.946658e+03 9.492805e+03
3745.7750 3.010391e+03 9.617438e+03
3747.0019 2.859570e+03 9.059816e+03
3748.2289 3.225530e+03 1.013474e+04
3749.4558 3.018926e+03 9.407355e+03
3750.6827 2.981303e+03 9.213738e+03
3751.9096 3.630063e+03 1.112678e+04
3753.1365 3.142951e+03 9.554984e+03
3754.3634 3.129770e+03 9.437414e+03
3755.5903 3.377433e+03 1.010153e+04
3756.8172 3.085243e+03 9.152953e+03
3758.0441 3.522820e+03 1.036682e+04
3759.2710 3.121624e+03 9.112355e+03
3760.4979 3.086234e+03 8.936883e+03
3761.7249 2.973577e+03 8.541922e+03
3762.9518 3.097841e+03 8.828094e+03
3764.1787 3.340445e+03 9.444000e+03
3765.4056 3.314571e+03 9.296840e+03
3766.6325 3.450071e+03 9.600746e+03
3767.8594 3.553801e+03 9.811867e+03
3769.0863 3.556930e+03 9.743797e+03
3770.3132 3.539881e+03 9.621637e+03
3771.5401 3.360646e+03 9.063656e+03
3772.7670 3.324625e+03 8.897273e+03
3773.9940 3.264079e+03 8.668055e+03
3775.2209 3.160502e+03 8.328699e+03
3776.4478 3.526148e+03 9.221363e+03
3777.6747 4.055297e+03 1.052457e+04
3778.9016 3.879885e+03 9.993121e+03
3780.1285 3.814948e+03 9.751812e+03
3781.3554 3.831638e+03 9.720965e+03
3782.5823 3.677742e+03 9.260793e+03
3783.8092 3.668884e+03 9.169738e+03
3785.0361 3.537932e+03 8.776930e+03
3786.2630 3.801992e+03 9.362430e+03
3787.4900 3.607417e+03 8.818043e+03
3788.7169 3.464652e+03 8.407137e+03
3789.9438 3.594389e+03 8.658461e+03
3791.1707 3.817161e+03 9.128465e+03
3792.3976 3.791311e+03 9.001250e+03
3793.6245 3.625697e+03 8.546250e+03
3794.8514 3.940161e+03 9.221113e+03
3796.0783 3.998884e+03 9.291980e+03
3797.3052 3.523013e+03 8.128279e+03
3798.5321 3.689161e+03 8.451656e+03
3799.7591 3.606971e+03 8.205434e+03
3800.9860 3.743233e+03 8.456008e+03
3802.2129 4.034924e+03 9.051668e+03
3803.4398 3.808048e+03 8.483703e+03
3804.6667 4.079730e+03 9.026500e+03
3805.8936 4.015260e+03 8.823113e+03
3807.1205 4.096181e+03 8.939695e+03
3808.3474 4.143388e+03 8.981523e+03
3809.5743 4.189095e+03 9.019465e+03
3810.8012 4.535936e+03 9.700832e+03
3812.0281 4.414933e+03 9.379145e+03
3813.2551 4.344471e+03 9.168295e+03
3814.4820 4.381312e+03 9.185100e+03
3815.7089 4.324784e+03 9.007160e+03
3816.9358 4.401414e+03 9.106992e+03
3818.1627 4.390987e+03 9.026512e+03
3819.3896 4.331309e+03 8.846422e+03
3820.6165 4.422904e+03 8.975578e+03
3821.8434 4.496211e+03 9.066172e+03
3823.0703 4.732384e+03 9.481898e+03
3824.2972 4.618287e+03 9.194967e+03
3825.5242 4.784153e+03 9.465512e+03
3826.7511 4.771288e+03 9.381242e+03
3827.9780 4.642398e+03 9.071285e+03
3829.2049 4.647616e+03 9.025562e+03
3830.4318 4.650587e+03 8.976055e+03
3831.6587 4.571150e+03 8.769057e+03
3832.8856 4.725663e+03 9.010645e+03
3834.1125 4.566020e+03 8.653916e+03
3835.3394 5.034135e+03 9.484133e+03
3836.5663 4.679123e+03 8.762967e+03
3837.7932 5.103562e+03 9.501457e+03
3839.0202 4.862619e+03 8.999809e+03
3840.2471 4.503705e+03 8.286963e+03
3841.4740 4.999808e+03 9.146551e+03
3842.7009 4.828199e+03 8.781809e+03
3843.9278 4.728747e+03 8.551766e+03
3845.1547 4.618630e+03 8.305199e+03
3846.3816 4.786879e+03 8.559191e+03
3847.6085 5.070558e+03 9.015621e+03
3848.8354 5.048630e+03 8.926668e+03
3850.0623 5.355277e+03 9.416508e+03
3851.2893 6.056559e+03 1.059113e+04
3852.5162 6.777364e+03 1.178696e+04
3853.7431 7.521637e+03 1.301050e+04
3854.9700 8.204052e+03 1.411456e+04
3856.1969 8.428219e+03 1.442275e+04
3857.4238 8.558597e+03 1.456815e+04
3858.6507 8.502889e+03 1.439708e+04
3859.8776 8.165158e+03 1.375291e+04
3861.1045 7.309768e+03 1.224819e+04
3862.3314 6.191859e+03 1.032154e+04
3863.5583 5.313126e+03 8.811387e+03
3864.7853 4.943855e+03 8.157312e+03
3866.0122 4.991265e+03 8.193988e+03
3867.2391 4.988468e+03 8.148387e+03
3868.4660 4.978014e+03 8.090891e+03
3869.6929 4.867643e+03 7.872471e+03
3870.9198 4.842621e+03 7.793654e+03
3872.1467 5.173655e+03 8.285955e+03
3873.3736 4.819695e+03 7.681842e+03
3874.6005 4.862781e+03 7.713426e+03
3875.8274 4.594755e+03 7.253674e+03
3877.0544 5.207227e+03 8.181844e+03
3878.2813 5.111199e+03 7.993422e+03
3879.5082 4.707054e+03 7.327240e+03
3880.7351 5.079633e+03 7.870840e+03
3881.9620 5.100170e+03 7.866596e+03
3883.1889 4.907541e+03 7.535215e+03
3884.4158 4.894453e+03 7.481375e+03
3885.6427 4.983327e+03 7.583301e+03
3886.8696 4.786883e+03 7.252191e+03
3888.0965 5.183827e+03 7.819168e+03
3889.3234 5.204886e+03 7.816832e+03
3890.5504 4.972862e+03 7.436205e+03
3891.7773 5.040569e+03 7.505262e+03
3893.0042 5.064859e+03 7.509496e+03
3894.2311 5.171675e+03 7.635680e+03
3895.4580 5.086167e+03 7.478180e+03
3896.6849 4.944895e+03 7.240473e+03
3897.9118 5.103316e+03 7.441883e+03
3899.1387 5.191097e+03 7.539205e+03
3900.3656 5.476132e+03 7.921223e+03
3901.5925 5.350061e+03 7.708051e+03
3902.8195 5.279188e+03 7.575932e+03
3904.0464 5.317639e+03 7.601277e+03
3905.2733 5.038894e+03 7.174924e+03
3906.5002 5.241420e+03 7.434658e+03
3907.7271 5.122181e+03 7.237896e+03
3908.9540 5.370375e+03 7.560021e+03
3910.1809 5.575057e+03 7.818871e+03
3911.4078 5.110568e+03 7.140945e+03
3912.6347 5.463055e+03 7.605525e+03
3913.8616 5.152870e+03 7.147684e+03
3915.0886 5.321307e+03 7.354824e+03
3916.3155 5.320239e+03 7.327203e+03
3917.5424 5.447128e+03 7.475547e+03
3918.7693 5.230294e+03 7.152947e+03
3919.9962 5.203399e+03 7.091607e+03
3921.2231 5.398354e+03 7.332172e+03
3922.4500 5.421179e+03 7.338273e+03
3923.6769 5.576878e+03 7.523764e+03
3924.9038 5.446424e+03 7.323426e+03
3926.1307 5.501835e+03 7.373680e+03
3927.3576 5.661367e+03 7.562871e+03
3928.5846 5.907175e+03 7.865908e+03
3929.8115 5.947466e+03 7.894404e+03
3931.0384 5.861735e+03 7.756160e+03
3932.2653 5.575612e+03 7.354634e+03
3933.4922 5.673822e+03 7.461168e+03
3934.7191 5.734885e+03 7.518533e+03
3935.9460 5.609194e+03 7.331633e+03
3937.1729 5.662901e+03 7.379818e+03
3938.3998 5.615103e+03 7.296009e+03
3939.6267 5.669636e+03 7.345447e+03
3940.8537 5.586503e+03 7.216938e+03
3942.0806 5.692306e+03 7.332723e+03
3943.3075 5.383893e+03 6.915951e+03
3944.5344 5.551245e+03 7.111131e+03
3945.7613 5.721807e+03 7.309514e+03
3946.9882 5.575756e+03 7.103629e+03
3948.2151 5.655883e+03 7.186414e+03
3949.4420 5.395357e+03 6.837248e+03
3950.6689 5.688597e+03 7.190014e+03
3951.8958 5.854869e+03 7.381066e+03
3953.1227 5.715708e+03 7.187258e+03
3954.3497 5.615958e+03 7.044047e+03
3955.5766 5.438643e+03 6.804684e+03
3956.8035 5.590580e+03 6.977615e+03
3958.0304 5.749278e+03 7.158301e+03
3959.2573 5.455691e+03 6.776518e+03
3960.4842 5.662329e+03 7.016582e+03
3961.7111 5.932250e+03 7.333939e+03
3962.9380 5.515929e+03 6.803578e+03
3964.1649 5.679011e+03 6.988850e+03
3965.3918 5.836918e+03 7.167113e+03
3966.6188 6.186377e+03 7.579456e+03
3967.8457 6.063319e+03 7.412529e+03
3969.0726 5.877805e+03 7.170322e+03
3970.2995 5.997475e+03 7.300838e+03
3971.5264 6.176912e+03 7.503598e+03
3972.7533 5.890685e+03 7.141193e+03
3973.9802 5.575035e+03 6.744854e+03
3975.2071 5.689192e+03 6.869236e+03
3976.4340 5.633970e+03 6.789193e+03
3977.6609 5.611335e+03 6.748830e+03
3978.8878 5.697666e+03 6.839600e+03
3980.1148 5.656633e+03 6.777600e+03
3981.3417 5.543737e+03 6.630059e+03
3982.5686 5.360991e+03 6.399842e+03
3983.7955 5.034008e+03 5.998740e+03
3985.0224 5.357800e+03 6.373342e+03
3986.2493 5.462041e+03 6.486084e+03
3987.4762 5.436449e+03 6.444693e+03
3988.7031 5.734012e+03 6.786053e+03
3989.9300 5.505290e+03 6.504633e+03
3991.1569 5.220301e+03 6.157924e+03
3992.3839 5.523805e+03 6.505570e+03
3993.6108 5.503806e+03 6.471881e+03
3994.8377 5.783693e+03 6.790553e+03
3996.0646 5.848563e+03 6.856357e+03
3997.2915 6.359926e+03 7.444793e+03
3998.5184 6.845972e+03 8.002098e+03
3999.7453 7.258553e+03 8.472250e+03
4000.9722 7.815461e+03 9.109510e+03
4002.1991 8.122561e+03 9.454461e+03
4003.4260 8.137203e+03 9.458754e+03
4004.6529 7.992567e+03 9.278369e+03
4005.8799 7.089367e+03 8.219225e+03
4007.1068 6.433144e+03 7.448969e+03
4008.3337 6.104025e+03 7.059111e+03
4009.5606 5.813242e+03 6.714664e+03
4010.7875 5.764384e+03 6.650314e+03
4012.0144 5.718852e+03 6.590111e+03
4013.2413 5.859522e+03 6.744533e+03
4014.4682 5.724960e+03 6.582320e+03
4015.6951 5.640109e+03 6.477715e+03
4016.9220 5.865463e+03 6.729385e+03
4018.1490 5.946103e+03 6.814832e+03
4019.3759 6.193371e+03 7.091047e+03
4020.6028 6.365866e+03 7.281352e+03
4021.8297 6.313662e+03 7.214691e+03
4023.0566 6.410876e+03 7.318910e+03
4024.2835 6.631875e+03 7.564297e+03
4025.5104 6.782155e+03 7.728828e+03
4026.7373 6.594110e+03 7.508035e+03
4027.9642 6.255543e+03 7.116553e+03
4029.1911 5.460431e+03 6.206924e+03
4030.4180 5.961837e+03 6.771498e+03
4031.6450 6.042500e+03 6.857830e+03
4032.8719 5.911073e+03 6.703658e+03
4034.0988 6.110307e+03 6.924592e+03
4035.3257 5.878065e+03 6.656734e+03
4036.5526 5.987514e+03 6.776086e+03
4037.7795 5.647885e+03 6.387541e+03
4039.0064 5.810034e+03 6.566771e+03
4040.2333 5.686443e+03 6.423164e+03
4041.4602 5.875687e+03 6.633027e+03
4042.6871 5.795454e+03 6.538756e+03
4043.9141 5.588063e+03 6.301342e+03
4045.1410 5.527090e+03 6.229338e+03
4046.3679 6.024719e+03 6.786803e+03
4047.5948 6.036603e+03 6.796941e+03
4048.8217 5.766876e+03 6.490279e+03
4050.0486 5.501958e+03 6.189438e+03
4051.2755 5.637551e+03 6.339350e+03
4052.5024 5.755427e+03 6.469359e+03
4053.7293 5.486793e+03 6.165111e+03
4054.9562 5.542271e+03 6.225264e+03
4056.1831 5.872318e+03 6.593807e+03
4057.4101 5.783863e+03 6.492473e+03
4058.6370 5.591470e+03 6.274693e+03
4059.8639 5.541996e+03 6.217502e+03
4061.0908 5.609269e+03 6.291408e+03
4062.3177 5.436304e+03 6.096014e+03
4063.5446 5.381693e+03 6.033514e+03
4064.7715 5.818125e+03 6.521570e+03
4065.9984 5.126408e+03 5.745244e+03
4067.2253 5.519544e+03 6.184908e+03
4068.4522 5.553566e+03 6.222215e+03
4069.6792 5.606822e+03 6.281178e+03
4070.9061 5.503091e+03 6.164396e+03
4072.1330 5.390248e+03 6.037545e+03
4073.3599 5.429831e+03 6.081543e+03
4074.5868 5.556627e+03 6.223328e+03
4075.8137 5.620084e+03 6.294281e+03
4077.0406 5.254356e+03 5.884678e+03
4078.2675 5.535843e+03 6.200043e+03
4079.4944 5.419078e+03 6.069486e+03
4080.7213 5.453653e+03 6.108539e+03
4081.9482 5.414662e+03 6.065299e+03
4083.1752 5.667453e+03 6.349031e+03
4084.4021 5.482544e+03 6.142539e+03
4085.6290 5.433951e+03 6.088850e+03
4086.8559 5.372389e+03 6.020717e+03
4088.0828 5.376109e+03 6.025838e+03
4089.3097 5.560191e+03 6.233258e+03
4090.5366 5.385877e+03 6.039000e+03
4091.7635 5.137700e+03 5.761928e+03
4092.9904 5.120872e+03 5.744346e+03
4094.2173 5.271332e+03 5.914551e+03
4095.4443 5.273852e+03 5.918902e+03
4096.6712 5.246620e+03 5.889949e+03
4097.8981 5.615294e+03 6.305654e+03
4099.1250 5.423664e+03 6.092324e+03
4100.3519 5.591913e+03 6.283332e+03
4101.5788 6.082502e+03 6.836881e+03
4102.8057 6.099964e+03 6.858922e+03
4104.0326 6.361757e+03 7.155914e+03
4105.2595 6.298367e+03 7.087320e+03
4106.4864 6.454945e+03 7.266398e+03
4107.7133 6.361664e+03 7.164344e+03
4108.9403 5.973413e+03 6.729979e+03
4110.1672 5.692719e+03 6.416566e+03
4111.3941 5.347744e+03 6.030477e+03
4112.6210 5.105899e+03 5.760465e+03
4113.8479 5.031300e+03 5.679055e+03
4115.0748 5.267028e+03 5.948098e+03
4116.3017 5.092569e+03 5.754029e+03
4117.5286 5.319295e+03 6.013369e+03
4118.7555 5.124642e+03 5.796449e+03
4119.9824 5.074956e+03 5.743430e+03
4121.2094 5.170363e+03 5.854725e+03
4122.4363 5.181002e+03 5.870180e+03
4123.6632 5.162258e+03 5.852416e+03
4124.8901 5.206476e+03 5.906129e+03
4126.1170 5.104219e+03 5.793721e+03
4127.3439 5.250950e+03 5.964045e+03
4128.5708 5.338687e+03 6.067611e+03
4129.7977 5.247570e+03 5.967979e+03
4131.0246 5.192126e+03 5.908883e+03
4132.2515 5.148862e+03 5.863648e+03
4133.4784 5.147857e+03 5.866578e+03
4134.7054 5.153130e+03 5.876740e+03
4135.9323 5.124759e+03 5.848588e+03
4137.1592 5.014480e+03 5.726916e+03
4138.3861 5.095038e+03 5.823240e+03
4139.6130 5.147354e+03 5.887471e+03
4140.8399 4.849260e+03 5.550762e+03
4142.0668 4.860628e+03 5.568098e+03
4143.2937 5.107463e+03 5.855471e+03
4144.5206 5.058003e+03 5.803402e+03
4145.7475 5.176413e+03 5.944074e+03
4146.9745 4.953545e+03 5.692826e+03
4148.2014 4.812500e+03 5.535332e+03
4149.4283 4.835382e+03 5.566336e+03
4150.6552 4.909551e+03 5.656537e+03
4151.8821 4.932684e+03 5.688096e+03
4153.1090 5.101658e+03 5.888086e+03
4154.3359 4.841452e+03 5.592707e+03
4155.5628 5.002318e+03 5.783699e+03
4156.7897 4.904236e+03 5.675420e+03
4158.0166 5.107024e+03 5.915494e+03
4159.2436 5.165496e+03 5.988746e+03
4160.4705 5.042322e+03 5.851393e+03
4161.6974 5.022078e+03 5.833391e+03
4162.9243 5.203896e+03 6.050332e+03
4164.1512 4.973064e+03 5.787508e+03
4165.3781 4.730694e+03 5.510783e+03
4166.6050 5.241130e+03 6.111365e+03
4167.8319 5.404207e+03 6.307742e+03
4169.0588 5.465137e+03 6.385215e+03
4170.2857 5.264149e+03 6.156570e+03
4171.5126 4.955437e+03 5.801396e+03
4172.7396 4.969679e+03 5.824016e+03
4173.9665 4.887233e+03 5.733297e+03
4175.1934 4.958499e+03 5.822939e+03
4176.4203 4.764986e+03 5.601547e+03
4177.6472 4.718585e+03 5.552850e+03
4178.8741 4.706225e+03 5.544188e+03
4180.1010 4.615679e+03 5.443338e+03
4181.3279 4.737502e+03 5.593027e+03
4182.5548 4.722210e+03 5.581025e+03
4183.7817 4.762709e+03 5.635041e+03
4185.0087 4.568536e+03 5.411250e+03
4186.2356 5.032870e+03 5.967836e+03
4187.4625 4.774409e+03 5.667670e+03
4188.6894 4.711059e+03 5.598740e+03
4189.9163 4.925236e+03 5.859879e+03
4191.1432 4.536717e+03 5.403760e+03
4192.3701 4.388875e+03 5.233633e+03
4193.5970 4.824766e+03 5.760031e+03
4194.8239 4.640825e+03 5.546834e+03
4196.0508 4.460112e+03 5.337033e+03
4197.2777 4.431549e+03 5.309047e+03
4198.5047 4.550610e+03 5.458084e+03
4199.7316 4.521622e+03 5.429715e+03
4200.9585 4.423381e+03 5.318045e+03
4202.1854 4.412727e+03 5.311561e+03
4203.4123 4.436581e+03 5.346670e+03
4204.6392 4.413888e+03 5.325725e+03
4205.8661 4.449954e+03 5.375734e+03
4207.0930 4.547958e+03 5.500801e+03
4208.3199 4.522329e+03 5.476477e+03
4209.5468 4.501104e+03 5.457453e+03
4210.7738 4.445783e+03 5.397012e+03
4212.0007 4.403854e+03 5.352719e+03
4213.2276 4.420520e+03 5.379643e+03
4214.4545 4.337705e+03 5.285436e+03
4215.6814 4.450719e+03 5.429924e+03
4216.9083 4.524293e+03 5.526615e+03
4218.1352 4.319839e+03 5.283516e+03
4219.3621 4.386278e+03 5.371561e+03
4220.5890 4.396750e+03 5.391219e+03
4221.8159 4.319371e+03 5.303082e+03
4223.0428 4.176998e+03 5.134838e+03
4224.2698 4.316508e+03 5.313143e+03
4225.4967 4.603770e+03 5.674018e+03
4226.7236 4.342095e+03 5.358416e+03
4227.9505 4.377561e+03 5.409174e+03
4229.1774 3.946963e+03 4.883432e+03
4230.4043 4.166809e+03 5.162150e+03
4231.6312 4.311489e+03 5.348363e+03
4232.8581 4.317189e+03 5.362445e+03
4234.0850 4.134540e+03 5.142314e+03
4235.3119 4.461050e+03 5.555711e+03
4236.5389 4.397926e+03 5.484324e+03
4237.7658 4.553788e+03 5.686197e+03
4238.9927 4.723653e+03 5.906123e+03
4240.2196 4.775470e+03 5.978846e+03
4241.4465 4.813157e+03 6.034055e+03
4242.6734 5.054570e+03 6.345162e+03
4243.9003 4.990630e+03 6.273275e+03
4245.1272 4.852526e+03 6.107854e+03
4246.3541 4.656547e+03 5.869047e+03
4247.5810 4.426098e+03 5.586098e+03
4248.8079 4.249259e+03 5.370143e+03
4250.0349 4.032767e+03 5.103426e+03
4251.2618 3.879723e+03 4.916393e+03
4252.4887 4.026823e+03 5.109713e+03
4253.7156 4.071198e+03 5.173033e+03
4254.9425 4.007896e+03 5.099523e+03
4256.1694 3.954783e+03 5.038795e+03
4257.3963 3.722429e+03 4.749219e+03
4258.6232 3.693069e+03 4.718193e+03
4259.8501 3.712046e+03 4.748922e+03
4261.0770 3.911252e+03 5.010621e+03
4262.3040 3.985655e+03 5.112936e+03
4263.5309 4.139858e+03 5.318039e+03
4264.7578 3.955918e+03 5.088732e+03
4265.9847 3.881460e+03 4.999818e+03
4267.2116 3.591554e+03 4.632750e+03
4268.4385 4.118307e+03 5.319529e+03
4269.6654 3.945947e+03 5.103924e+03
4270.8923 4.060592e+03 5.259463e+03
4272.1192 3.896550e+03 5.053959e+03
4273.3461 4.261076e+03 5.534402e+03
4274.5730 3.977742e+03 5.173547e+03
4275.8000 3.876091e+03 5.048314e+03
4277.0269 3.977257e+03 5.187250e+03
4278.2538 4.018766e+03 5.248650e+03
4279.4807 4.035366e+03 5.277637e+03
4280.7076 3.998219e+03 5.236307e+03
4281.9345 3.887169e+03 5.097934e+03
4283.1614 3.894399e+03 5.114504e+03
4284.3883 4.036789e+03 5.308865e+03
4285.6152 4.135216e+03 5.445861e+03
4286.8421 4.027137e+03 5.310895e+03
4288.0691 3.881086e+03 5.125396e+03
4289.2960 3.796805e+03 5.021061e+03
4290.5229 3.735641e+03 4.947039e+03
4291.7498 3.965342e+03 5.258525e+03
4292.9767 4.096452e+03 5.439941e+03
4294.2036 3.993323e+03 5.310357e+03
4295.4305 3.985212e+03 5.306934e+03
4296.6574 4.141274e+03 5.522416e+03
4297.8843 4.104424e+03 5.480877e+03
4299.1112 4.047887e+03 5.412885e+03
4300.3381 4.052806e+03 5.426984e+03
4301.5651 4.039810e+03 5.417089e+03
4302.7920 4.098997e+03 5.504078e+03
4304.0189 4.222908e+03 5.678326e+03
4305.2458 4.185135e+03 5.635335e+03
4306.4727 4.020709e+03 5.421432e+03
4307.6996 4.115862e+03 5.557418e+03
4308.9265 4.221015e+03 5.707285e+03
4310.1534 3.995965e+03 5.410465e+03
4311.3803 4.222535e+03 5.725137e+03
4312.6072 4.079086e+03 5.538279e+03
4313.8342 4.211073e+03 5.725371e+03
4315.0611 4.222047e+03 5.748205e+03
4316.2880 4.045721e+03 5.515730e+03
4317.5149 4.124550e+03 5.630943e+03
4318.7418 4.093168e+03 5.595785e+03
4319.9687 4.288930e+03 5.871469e+03
4321.1956 4.195326e+03 5.751211e+03
4322.4225 4.072102e+03 5.589943e+03
4323.6494 4.122051e+03 5.666262e+03
4324.8763 4.127351e+03 5.681311e+03
4326.1032 4.107001e+03 5.661027e+03
4327.3302 4.192019e+03 5.786104e+03
4328.5571 4.103397e+03 5.671506e+03
4329.7840 4.040605e+03 5.592324e+03
4331.0109 4.086195e+03 5.663115e+03
4332.2378 4.146421e+03 5.754391e+03
4333.4647 4.049958e+03 5.628145e+03
4334.6916 4.065176e+03 5.656947e+03
4335.9185 4.228844e+03 5.892662e+03
4337.1454 4.120452e+03 5.749381e+03
4338.3723 3.962488e+03 5.536428e+03
4339.5993 4.114537e+03 5.756615e+03
4340.8262 4.272377e+03 5.985488e+03
4342.0531 4.362233e+03 6.119580e+03
4343.2800 4.197370e+03 5.896193e+03
4344.5069 3.975099e+03 5.591436e+03
4345.7338 4.199137e+03 5.914463e+03
4346.9607 4.181884e+03 5.898018e+03
4348.1876 4.110731e+03 5.805385e+03
4349.4145 4.167834e+03 5.893852e+03
4350.6414 3.809067e+03 5.393654e+03
4351.8683 4.106343e+03 5.822297e+03
4353.0953 4.104001e+03 5.826668e+03
4354.3222 4.381812e+03 6.229297e+03
4355.5491 4.191801e+03 5.967018e+03
4356.7760 4.211671e+03 6.003180e+03
4358.0029 4.241724e+03 6.053943e+03
4359.2298 4.176205e+03 5.968232e+03
4360.4567 4.142454e+03 5.927729e+03
4361.6836 4.137741e+03 5.928699e+03
4362.9105 4.249090e+03 6.096160e+03
4364.1374 4.207563e+03 6.044414e+03
4365.3644 4.109777e+03 5.911580e+03
4366.5913 4.260684e+03 6.136562e+03
4367.8182 4.267679e+03 6.154559e+03
4369.0451 4.191062e+03 6.051838e+03
4370.2720 4.255672e+03 6.153016e+03
4371.4989 4.239711e+03 6.137781e+03
4372.7258 4.188755e+03 6.071754e+03
4373.9527 4.130014e+03 5.994229e+03
4375.1796 4.121615e+03 5.989637e+03
4376.4065 4.179311e+03 6.081178e+03
4377.6335 4.038010e+03 5.883000e+03
4378.8604 4.184764e+03 6.104492e+03
4380.0873 4.360774e+03 6.369244e+03
4381.3142 4.117797e+03 6.021898e+03
4382.5411 4.345441e+03 6.362756e+03
4383.7680 4.477667e+03 6.564543e+03
4384.9949 4.393645e+03 6.449373e+03
4386.2218 4.307737e+03 6.331113e+03
4387.4487 4.488667e+03 6.605188e+03
4388.6756 4.267298e+03 6.287184e+03
4389.9025 4.262144e+03 6.287312e+03
4391.1295 4.080867e+03 6.027285e+03
4392.3564 4.274997e+03 6.321729e+03
4393.5833 4.218540e+03 6.245848e+03
4394.8102 4.310158e+03 6.389252e+03
4396.0371 4.197128e+03 6.229240e+03
4397.2640 3.802857e+03 5.650896e+03
4398.4909 4.067220e+03 6.051010e+03
4399.7178 4.367950e+03 6.506225e+03
4400.9447 4.351855e+03 6.490010e+03
4402.1716 4.242752e+03 6.334854e+03
4403.3986 4.331896e+03 6.475648e+03
4404.6255 4.546478e+03 6.804480e+03
4405.8524 4.345300e+03 6.511074e+03
4407.0793 4.368321e+03 6.553279e+03
4408.3062 4.427369e+03 6.649660e+03
4409.5331 4.439301e+03 6.675385e+03
4410.7600 4.486033e+03 6.753523e+03
4411.9869 4.356195e+03 6.565680e+03
4413.2138 4.277464e+03 6.454484e+03
4414.4407 4.316357e+03 6.520691e+03
4415.6676 4.294046e+03 6.494447e+03
4416.8946 4.290064e+03 6.495863e+03
4418.1215 4.388132e+03 6.651943e+03
4419.3484 4.515729e+03 6.853158e+03
4420.5753 4.377485e+03 6.650891e+03
4421.8022 4.219706e+03 6.418414e+03
4423.0291 4.389396e+03 6.684039e+03
4424.2560 4.398117e+03 6.704830e+03
4425.4829 4.470406e+03 6.822650e+03
4426.7098 4.247101e+03 6.489062e+03
4427.9367 4.136231e+03 6.326676e+03
4429.1637 4.188896e+03 6.414309e+03
4430.3906 4.291846e+03 6.579186e+03
4431.6175 4.412522e+03 6.771594e+03
4432.8444 4.522472e+03 6.947904e+03
4434.0713 4.347886e+03 6.686953e+03
4435.2982 4.516715e+03 6.954135e+03
4436.5251 4.638722e+03 7.149689e+03
4437.7520 4.371042e+03 6.744354e+03
4438.9789 4.499027e+03 6.949262e+03
4440.2058 4.560473e+03 7.051682e+03
4441.4327 4.430638e+03 6.858197e+03
4442.6597 4.404197e+03 6.824477e+03
4443.8866 4.327735e+03 6.713059e+03
4445.1135 4.329208e+03 6.722385e+03
4446.3404 4.239504e+03 6.589965e+03
4447.5673 4.461889e+03 6.942855e+03
4448.7942 4.403424e+03 6.858975e+03
4450.0211 4.388829e+03 6.843287e+03
4451.2480 4.511284e+03 7.041445e+03
4452.4749 4.609575e+03 7.202215e+03
4453.7018 4.432438e+03 6.932492e+03
4454.9288 4.348727e+03 6.808453e+03
4456.1557 4.469219e+03 7.004152e+03
4457.3826 4.485042e+03 7.036006e+03
4458.6095 4.302452e+03 6.756307e+03
4459.8364 4.368938e+03 6.867537e+03
4461.0633 4.549096e+03 7.157807e+03
4462.2902 4.433750e+03 6.983189e+03
4463.5171 4.349905e+03 6.857854e+03
4464.7440 4.275893e+03 6.747750e+03
4465.9709 4.479017e+03 7.075168e+03
4467.1978 4.327383e+03 6.842254e+03
4468.4248 4.304801e+03 6.813100e+03
4469.6517 4.316257e+03 6.837773e+03
4470.8786 4.337406e+03 6.877828e+03
4472.1055 4.374307e+03 6.942922e+03
4473.3324 4.511794e+03 7.167902e+03
4474.5593 4.524944e+03 7.195545e+03
4475.7862 4.180006e+03 6.653238e+03
4477.0131 4.263811e+03 6.792941e+03
4478.2400 4.265937e+03 6.802617e+03
4479.4669 4.343454e+03 6.932605e+03
4480.6939 4.468260e+03 7.138342e+03
4481.9208 4.500826e+03 7.196920e+03
4483.1477 4.386708e+03 7.020801e+03
4484.3746 4.616309e+03 7.394936e+03
4485.6015 5.248631e+03 8.415404e+03
4486.8284 5.533911e+03 8.880729e+03
4488.0553 5.595894e+03 8.988170e+03
4489.2822 5.900554e+03 9.485887e+03
4490.5091 5.701170e+03 9.173402e+03
4491.7360 5.511886e+03 8.876584e+03
4492.9629 5.217208e+03 8.409322e+03
4494.1899 4.767883e+03 7.691723e+03
4495.4168 4.359402e+03 7.038791e+03
4496.6437 4.163466e+03 6.728174e+03
4497.8706 4.158654e+03 6.726109e+03
4499.0975 4.106103e+03 6.646729e+03
4500.3244 4.049848e+03 6.561176e+03
4501.5513 4.049982e+03 6.566877e+03
4502.7782 4.126688e+03 6.696814e+03
4504.0051 4.199035e+03 6.819850e+03
4505.2320 4.181185e+03 6.796438e+03
4506.4590 4.220224e+03 6.865498e+03
4507.6859 4.290458e+03 6.985424e+03
4508.9128 4.443447e+03 7.240350e+03
4510.1397 4.585451e+03 7.477734e+03
4511.3666 4.607020e+03 7.518902e+03
4512.5935 4.524132e+03 7.389480e+03
4513.8204 4.351322e+03 7.112824e+03
4515.0473 4.645038e+03 7.598893e+03
4516.2742 4.639502e+03 7.595748e+03
4517.5011 4.406696e+03 7.220186e+03
4518.7280 4.118670e+03 6.753459e+03
4519.9550 4.098805e+03 6.726025e+03
4521.1819 4.168663e+03 6.845857e+03
4522.4088 4.162513e+03 6.840920e+03
4523.6357 4.359107e+03 7.169391e+03
4524.8626 4.179649e+03 6.879363e+03
4526.0895 4.048472e+03 6.668395e+03
4527.3164 4.374507e+03 7.210725e+03
4528.5433 4.147162e+03 6.840980e+03
4529.7702 4.107781e+03 6.780943e+03
4530.9971 3.986279e+03 6.585125e+03
4532.2241 4.310534e+03 7.125885e+03
4533.4510 4.390599e+03 7.263416e+03
4534.6779 4.358190e+03 7.214906e+03
4535.9048 4.231599e+03 7.010262e+03
4537.1317 4.439248e+03 7.359400e+03
4538.3586 4.241785e+03 7.036924e+03
4539.5855 4.091614e+03 6.792475e+03
4540.8124 4.099910e+03 6.810906e+03
4542.0393 4.081756e+03 6.785357e+03
4543.2662 4.155891e+03 6.913260e+03
4544.4931 4.126481e+03 6.868938e+03
4545.7201 4.169032e+03 6.944389e+03
4546.9470 4.177681e+03 6.963395e+03
4548.1739 4.195878e+03 6.998316e+03
4549.4008 4.256940e+03 7.104789e+03
4550.6277 4.218066e+03 7.044463e+03
4551.8546 4.071209e+03 6.803570e+03
4553.0815 4.222350e+03 7.060646e+03
4554.3084 4.250947e+03 7.112969e+03
4555.5353 4.070159e+03 6.814742e+03
4556.7622 4.324854e+03 7.245699e+03
4557.9892 4.455071e+03 7.468482e+03
4559.2161 4.325709e+03 7.256076e+03
4560.4430 4.414647e+03 7.409781e+03
4561.6699 4.288280e+03 7.202037e+03
4562.8968 4.195108e+03 7.049791e+03
4564.1237 4.385358e+03 7.373895e+03
4565.3506 4.199529e+03 7.065605e+03
4566.5775 4.316365e+03 7.266441e+03
4567.8044 4.441854e+03 7.482055e+03
4569.0313 4.152165e+03 6.998131e+03
4570.2582 4.177754e+03 7.045297e+03
4571.4852 4.308727e+03 7.270301e+03
4572.7121 4.281301e+03 7.228100e+03
4573.9390 4.165016e+03 7.035713e+03
4575.1659 4.259371e+03 7.199096e+03
4576.3928 4.337970e+03 7.335980e+03
4577.6197 4.294270e+03 7.266045e+03
4578.8466 4.370593e+03 7.399191e+03
4580.0735 4.356597e+03 7.379459e+03
4581.3004 4.261918e+03 7.222934e+03
4582.5273 4.149873e+03 7.036758e+03
4583.7543 4.141867e+03 7.026861e+03
4584.9812 4.116857e+03 6.988059e+03
4586.2081 4.367797e+03 7.417828e+03
4587.4350 4.336768e+03 7.368891e+03
4588.6619 4.042386e+03 6.872164e+03
4589.8888 4.036566e+03 6.865711e+03
4591.1157 4.182195e+03 7.116945e+03
4592.3426 4.247099e+03 7.230955e+03
4593.5695 4.274787e+03 7.281650e+03
4594.7964 4.287491e+03 7.306826e+03
4596.0234 4.237098e+03 7.224408e+03
4597.2503 4.098211e+03 6.990922e+03
4598.4772 4.156083e+03 7.092982e+03
4599.7041 4.245589e+03 7.249117e+03
4600.9310 4.182532e+03 7.144752e+03
4602.1579 4.157912e+03 7.105947e+03
4603.3848 4.244382e+03 7.257018e+03
4604.6117 4.264684e+03 7.295006e+03
4605.8386 3.987302e+03 6.823561e+03
4607.0655 4.263781e+03 7.299922e+03
4608.2924 4.059189e+03 6.952678e+03
4609.5194 4.422962e+03 7.579031e+03
4610.7463 4.360476e+03 7.475154e+03
4611.9732 4.563088e+03 7.825807e+03
4613.2001 4.496700e+03 7.715184e+03
4614.4270 4.131424e+03 7.091408e+03
4615.6539 4.304174e+03 7.390961e+03
4616.8808 4.432032e+03 7.613609e+03
4618.1077 4.270710e+03 7.339436e+03
4619.3346 4.305563e+03 7.402281e+03
4620.5615 4.231931e+03 7.278559e+03
4621.7885 4.234212e+03 7.285322e+03
4623.0154 4.372660e+03 7.526438e+03
4624.2423 4.428608e+03 7.625648e+03
4625.4692 4.337092e+03 7.470887e+03
4626.6961 4.346821e+03 7.490443e+03
4627.9230 4.428569e+03 7.634133e+03
4629.1499 4.478767e+03 7.723484e+03
4630.3768 4.317205e+03 7.447566e+03
4631.6037 4.198494e+03 7.245367e+03
4632.8306 4.240429e+03 7.320320e+03
4634.0575 4.147623e+03 7.162607e+03
4635.2845 4.171469e+03 7.206273e+03
4636.5114 4.211943e+03 7.278676e+03
4637.7383 4.136061e+03 7.149951e+03
4638.9652 4.224176e+03 7.304709e+03
4640.1921 4.160419e+03 7.196824e+03
4641.4190 4.412022e+03 7.634535e+03
4642.6459 4.329036e+03 7.493342e+03
4643.8728 4.286517e+03 7.422098e+03
4645.0997 4.331460e+03 7.502268e+03
4646.3266 4.325958e+03 7.495055e+03
4647.5536 4.235232e+03 7.340107e+03
4648.7805 4.419858e+03 7.662395e+03
4650.0074 4.428806e+03 7.680191e+03
4651.2343 4.183295e+03 7.256570e+03
4652.4612 4.313383e+03 7.484398e+03
4653.6881 4.316171e+03 7.491377e+03
4654.9150 4.301650e+03 7.468281e+03
4656.1419 4.223667e+03 7.334934e+03
4657.3688 4.059070e+03 7.051025e+03
4658.5957 4.221848e+03 7.335773e+03
4659.8226 4.069295e+03 7.072590e+03
4661.0496 4.052436e+03 7.045141e+03
4662.2765 4.202814e+03 7.308469e+03
4663.5034 4.071952e+03 7.082717e+03
4664.7303 4.235513e+03 7.369068e+03
4665.9572 4.093405e+03 7.123594e+03
4667.1841 4.134273e+03 7.196475e+03
4668.4110 4.171262e+03 7.262607e+03
4669.6379 4.133345e+03 7.198297e+03
4670.8648 4.051648e+03 7.057668e+03
4672.0917 4.238947e+03 7.385625e+03
4673.3187 4.174054e+03 7.274205e+03
4674.5456 4.139352e+03 7.215332e+03
4675.7725 4.110482e+03 7.166578e+03
4676.9994 3.997354e+03 6.970840e+03
4678.2263 3.896821e+03 6.796963e+03
4679.4532 3.970863e+03 6.927549e+03
4680.6801 4.040863e+03 7.051113e+03
4681.9070 4.029489e+03 7.032678e+03
4683.1339 4.216339e+03 7.360240e+03
4684.3608 4.148714e+03 7.243594e+03
4685.5877 3.997781e+03 6.981395e+03
4686.8147 4.025967e+03 7.031930e+03
4688.0416 4.025559e+03 7.032506e+03
4689.2685 3.919949e+03 6.849240e+03
4690.4954 4.166266e+03 7.280906e+03
4691.7223 4.151276e+03 7.255965e+03
4692.9492 4.174956e+03 7.298590e+03
4694.1761 4.084748e+03 7.142076e+03
4695.4030 4.127055e+03 7.217221e+03
4696.6299 4.030074e+03 7.048746e+03
4697.8568 4.195618e+03 7.339430e+03
4699.0838 4.068894e+03 7.118836e+03
4700.3107 4.197812e+03 7.345480e+03
4701.5376 3.916414e+03 6.854078e+03
4702.7645 4.117547e+03 7.207104e+03
4703.9914 4.092134e+03 7.163617e+03
4705.2183 4.001860e+03 7.006535e+03
4706.4452 4.009930e+03 7.021594e+03
4707.6721 4.113866e+03 7.204520e+03
4708.8990 4.014142e+03 7.030758e+03
4710.1259 4.142137e+03 7.255828e+03
4711.3528 4.008344e+03 7.022299e+03
4712.5798 4.066020e+03 7.124168e+03
4713.8067 4.105207e+03 7.193639e+03
4715.0336 3.874848e+03 6.790719e+03
4716.2605 3.846552e+03 6.741846e+03
4717.4874 3.926639e+03 6.882924e+03
4718.7143 4.049652e+03 7.099258e+03
4719.9412 4.161639e+03 7.296283e+03
4721.1681 3.923163e+03 6.878824e+03
4722.3950 4.001059e+03 7.016041e+03
4723.6219 3.968764e+03 6.960018e+03
4724.8489 3.884546e+03 6.812896e+03
4726.0758 3.970306e+03 6.963871e+03
4727.3027 3.933698e+03 6.900199e+03
4728.5296 3.911108e+03 6.861086e+03
4729.7565 3.937003e+03 6.907008e+03
4730.9834 3.970877e+03 6.966914e+03
4732.2103 3.981622e+03 6.986225e+03
4733.4372 4.133133e+03 7.252523e+03
4734.6641 4.036542e+03 7.083455e+03
4735.8910 3.808965e+03 6.684473e+03
4737.1179 3.921589e+03 6.882488e+03
4738.3449 4.126001e+03 7.241604e+03
4739.5718 4.039612e+03 7.090318e+03
4740.7987 4.044958e+03 7.100020e+03
4742.0256 4.004336e+03 7.029010e+03
4743.2525 3.987498e+03 6.999725e+03
4744.4794 3.862903e+03 6.781252e+03
4745.7063 3.920409e+03 6.882428e+03
4746.9332 4.037030e+03 7.087373e+03
4748.1601 3.826194e+03 6.717414e+03
4749.3870 3.889119e+03 6.828055e+03
4750.6140 4.049086e+03 7.109057e+03
4751.8409 3.766603e+03 6.613219e+03
4753.0678 3.968136e+03 6.967170e+03
4754.2947 3.882182e+03 6.816342e+03
4755.5216 4.019579e+03 7.057654e+03
4756.7485 4.014886e+03 7.049467e+03
4757.9754 4.074721e+03 7.154559e+03
4759.2023 3.910456e+03 6.866146e+03
4760.4292 4.000872e+03 7.024895e+03
4761.6561 3.919638e+03 6.882236e+03
4762.8830 3.985490e+03 6.997814e+03
4764.1100 3.780901e+03 6.638531e+03
4765.3369 3.924846e+03 6.891188e+03
4766.5638 3.735517e+03 6.558670e+03
4767.7907 3.933148e+03 6.905541e+03
4769.0176 3.905471e+03 6.856811e+03
4770.2445 3.775722e+03 6.628859e+03
4771.4714 3.868406e+03 6.791408e+03
4772.6983 3.867245e+03 6.789178e+03
4773.9252 3.875420e+03 6.803320e+03
4775.1521 3.953027e+03 6.939328e+03
4776.3791 3.807881e+03 6.684291e+03
4777.6060 3.728020e+03 6.543852e+03
4778.8329 3.678916e+03 6.457393e+03
4780.0598 3.744644e+03 6.572473e+03
4781.2867 3.923206e+03 6.885561e+03
4782.5136 3.902371e+03 6.848658e+03
4783.7405 3.822520e+03 6.708174e+03
4784.9674 3.857404e+03 6.769025e+03
4786.1943 3.836258e+03 6.731537e+03
4787.4212 3.822764e+03 6.707463e+03
4788.6481 3.751503e+03 6.582021e+03
4789.8751 3.855483e+03 6.764021e+03
4791.1020 3.832242e+03 6.722801e+03
4792.3289 3.866519e+03 6.782463e+03
4793.5558 3.781077e+03 6.632109e+03
4794.7827 3.816505e+03 6.693756e+03
4796.0096 3.598362e+03 6.310674e+03
4797.2365 3.736746e+03 6.552850e+03
4798.4634 3.712408e+03 6.509641e+03
4799.6903 3.993405e+03 7.001777e+03
4800.9172 3.791833e+03 6.647781e+03
4802.1442 3.540074e+03 6.205852e+03
4803.3711 3.831672e+03 6.716422e+03
4804.5980 4.158575e+03 7.288760e+03
4805.8249 3.858338e+03 6.761885e+03
4807.0518 3.759229e+03 6.587547e+03
4808.2787 3.659687e+03 6.412471e+03
4809.5056 3.772245e+03 6.609014e+03
4810.7325 3.851363e+03 6.746922e+03
4811.9594 3.886051e+03 6.806959e+03
4813.1863 3.811188e+03 6.675094e+03
4814.4133 3.930547e+03 6.883375e+03
4815.6402 3.854397e+03 6.749246e+03
4816.8671 3.889566e+03 6.810035e+03
4818.0940 3.851975e+03 6.743418e+03
4819.3209 3.899505e+03 6.825801e+03
4820.5478 3.849189e+03 6.736896e+03
4821.7747 3.826937e+03 6.697109e+03
4823.0016 3.767713e+03 6.592627e+03
4824.2285 3.783272e+03 6.618992e+03
4825.4554 3.779945e+03 6.612297e+03
4826.6823 3.793943e+03 6.635893e+03
4827.9093 3.947647e+03 6.903789e+03
4829.1362 3.914655e+03 6.845143e+03
4830.3631 3.776242e+03 6.602186e+03
4831.5900 3.713027e+03 6.490734e+03
4832.8169 3.731974e+03 6.522908e+03
4834.0438 3.884008e+03 6.787641e+03
4835.2707 3.877299e+03 6.774902e+03
4836.4976 3.751187e+03 6.553551e+03
4837.7245 3.818342e+03 6.669850e+03
4838.9514 3.863675e+03 6.747986e+03
4840.1784 3.842621e+03 6.710154e+03
4841.4053 3.890567e+03 6.792793e+03
4842.6322 4.175461e+03 7.289027e+03
4843.8591 4.043049e+03 7.056719e+03
4845.0860 3.848915e+03 6.716762e+03
4846.3129 3.705050e+03 6.464615e+03
4847.5398 3.918305e+03 6.835541e+03
4848.7667 3.668883e+03 6.399316e+03
4849.9936 3.756953e+03 6.551787e+03
4851.2205 3.751383e+03 6.540920e+03
4852.4474 4.073682e+03 7.101613e+03
4853.6744 3.900822e+03 6.799041e+03
4854.9013 3.823832e+03 6.663635e+03
4856.1282 3.766804e+03 6.563043e+03
4857.3551 3.829245e+03 6.670594e+03
4858.5820 3.825382e+03 6.662607e+03
4859.8089 3.812932e+03 6.639660e+03
4861.0358 3.875684e+03 6.747637e+03
4862.2627 3.832030e+03 6.670338e+03
4863.4896 3.848600e+03 6.697867e+03
4864.7165 3.918224e+03 6.817686e+03
4865.9435 3.499738e+03 6.088305e+03
4867.1704 3.514599e+03 6.112922e+03
4868.3973 3.766328e+03 6.549418e+03
4869.6242 3.877643e+03 6.741600e+03
4870.8511 3.900207e+03 6.779420e+03
4872.0780 3.900061e+03 6.777746e+03
4873.3049 3.899922e+03 6.776072e+03
4874.5318 3.899792e+03 6.774400e+03
4875.7587 3.899669e+03 6.772729e+03
4876.9856 3.899550e+03 6.771051e+03
4878.2125 3.899439e+03 6.769377e+03
4879.4395 3.899334e+03 6.767699e+03
4880.6664 3.899238e+03 6.766027e+03
4881.8933 3.899148e+03 6.764352e+03
4883.1202 3.899063e+03 6.762674e+03
4884.3471 3.898989e+03 6.761002e+03
4885.5740 3.898919e+03 6.759326e+03
4886.8009 3.898855e+03 6.757650e+03
4888.0278 3.898801e+03 6.755979e+03
4889.2547 3.898753e+03 6.754305e+03
4890.4816 3.898711e+03 6.752631e+03
4891.7086 3.898675e+03 6.750955e+03
4892.9355 3.898646e+03 6.749279e+03
4894.1624 3.898625e+03 6.747607e+03
4895.3893 3.898607e+03 6.745928e+03
4896.6162 3.898597e+03 6.744252e+03
4897.8431 3.898595e+03 6.742578e+03
4899.0700 3.898599e+03 6.740902e+03
4900.2969 3.898608e+03 6.739225e+03
4901.5238 3.898626e+03 6.737551e+03
4902.7507 3.898652e+03 6.735881e+03
4903.9776 3.898680e+03 6.734201e+03
4905.2046 3.898715e+03 6.732523e+03
4906.4315 3.898757e+03 6.730848e+03
4907.6584 3.898806e+03 6.729172e+03
4908.8853 3.898865e+03 6.727502e+03
4910.1122 3.898928e+03 6.725828e+03
4911.3391 3.898995e+03 6.724150e+03
4912.5660 3.899069e+03 6.722475e+03
4913.7929 3.899148e+03 6.720797e+03
4915.0198 3.899236e+03 6.719121e+03
4916.2467 3.899329e+03 6.717445e+03
4917.4737 3.899429e+03 6.715771e+03
4918.7006 3.899536e+03 6.714098e+03
4919.9275 3.899646e+03 6.712420e+03
4921.1544 3.899765e+03 6.710744e+03
4922.3813 3.899886e+03 6.709064e+03
4923.6082 3.900016e+03 6.707387e+03
4924.8351 3.900155e+03 6.705715e+03
4926.0620 3.900302e+03 6.704047e+03
4927.2889 3.900448e+03 6.702367e+03
4928.5158 3.900599e+03 6.700686e+03
4929.7427 3.900760e+03 6.699010e+03
4930.9697 3.900926e+03 6.697332e+03
4932.1966 3.901100e+03 6.695658e+03
4933.4235 3.901282e+03 6.693988e+03
4934.6504 3.901461e+03 6.692303e+03
4935.8773 3.901653e+03 6.690629e+03
4937.1042 3.901851e+03 6.688955e+03
4938.3311 3.902052e+03 6.687277e+03
4939.5580 3.902262e+03 6.685604e+03
4940.7849 3.902474e+03 6.683924e+03
4942.0118 3.902696e+03 6.682250e+03
4943.2388 3.902922e+03 6.680574e+03
4944.4657 3.903152e+03 6.678895e+03
4945.6926 3.904190e+03 6.678588e+03
4946.9195 3.903369e+03 6.675090e+03
4948.1464 3.877772e+03 6.629230e+03
4949.3733 3.740562e+03 6.392639e+03
4950.6002 3.746359e+03 6.400510e+03
4951.8271 3.824183e+03 6.531381e+03
4953.0540 3.838103e+03 6.553051e+03
4954.2809 3.802605e+03 6.490348e+03
4955.5078 4.031890e+03 6.879465e+03
4956.7348 4.061807e+03 6.928254e+03
4957.9617 3.885452e+03 6.625275e+03
4959.1886 3.740288e+03 6.375652e+03
4960.4155 3.801497e+03 6.477850e+03
4961.6424 3.825324e+03 6.516289e+03
4962.8693 3.672657e+03 6.254143e+03
4964.0962 3.742386e+03 6.370750e+03
4965.3231 4.025214e+03 6.849910e+03
4966.5500 3.983531e+03 6.776688e+03
4967.7769 4.054599e+03 6.895246e+03
4969.0039 3.670182e+03 6.239381e+03
4970.2308 3.986002e+03 6.773963e+03
4971.4577 3.935030e+03 6.685039e+03
4972.6846 3.888790e+03 6.604205e+03
4973.9115 3.836748e+03 6.513564e+03
4975.1384 3.924463e+03 6.660158e+03
4976.3653 3.947234e+03 6.696461e+03
4977.5922 3.923842e+03 6.654439e+03
4978.8191 4.077329e+03 6.912301e+03
4980.0460 4.056681e+03 6.874861e+03
4981.2729 3.818863e+03 6.469531e+03
4982.4999 3.808863e+03 6.450287e+03
4983.7268 3.933917e+03 6.659680e+03
4984.9537 3.990288e+03 6.752678e+03
4986.1806 4.069104e+03 6.883570e+03
4987.4075 3.854093e+03 6.517479e+03
4988.6344 3.927496e+03 6.639188e+03
4989.8613 4.090635e+03 6.912438e+03
4991.0882 3.879937e+03 6.553988e+03
4992.3151 3.807974e+03 6.430059e+03
4993.5420 3.889545e+03 6.565369e+03
4994.7690 4.006505e+03 6.760281e+03
4995.9959 4.116217e+03 6.942812e+03
4997.2228 4.150979e+03 6.998826e+03
4998.4497 4.028740e+03 6.790172e+03
4999.6766 3.979759e+03 6.705088e+03
5000.9035 4.055932e+03 6.830840e+03
5002.1304 4.040579e+03 6.802396e+03
5003.3573 3.947800e+03 6.643668e+03
5004.5842 3.918611e+03 6.592023e+03
5005.8111 4.013615e+03 6.749248e+03
5007.0380 4.035722e+03 6.783807e+03
5008.2650 3.950595e+03 6.638145e+03
5009.4919 4.090610e+03 6.870740e+03
5010.7188 4.131214e+03 6.936236e+03
5011.9457 4.082573e+03 6.851889e+03
5013.1726 4.063399e+03 6.817031e+03
5014.3995 4.114597e+03 6.900205e+03
5015.6264 4.096424e+03 6.867014e+03
5016.8533 4.063718e+03 6.809484e+03
5018.0802 3.758897e+03 6.296195e+03
5019.3071 4.156071e+03 6.958684e+03
5020.5341 3.972504e+03 6.648664e+03
5021.7610 4.177287e+03 6.988590e+03
5022.9879 4.464769e+03 7.466531e+03
5024.2148 5.647365e+03 9.440387e+03
5025.4417 6.514617e+03 1.088570e+04
5026.6686 7.369215e+03 1.230868e+04
5027.8955 7.511007e+03 1.254038e+04
5029.1224 7.817795e+03 1.304723e+04
5030.3493 7.490604e+03 1.249603e+04
5031.5762 6.831651e+03 1.139203e+04
5032.8032 5.589866e+03 9.317443e+03
5034.0301 4.369122e+03 7.279621e+03
5035.2570 4.102115e+03 6.831893e+03
5036.4839 3.936222e+03 6.552859e+03
5037.7108 3.927772e+03 6.536043e+03
5038.9377 4.210520e+03 7.003598e+03
5040.1646 4.119162e+03 6.848738e+03
5041.3915 4.089875e+03 6.797158e+03
5042.6184 3.910969e+03 6.497059e+03
5043.8453 3.842777e+03 6.381049e+03
5045.0722 3.962340e+03 6.576766e+03
5046.2992 4.054758e+03 6.727270e+03
5047.5261 3.933282e+03 6.522914e+03
5048.7530 4.067104e+03 6.741926e+03
5049.9799 4.011747e+03 6.647275e+03
5051.2068 3.906173e+03 6.469525e+03
5052.4337 3.883019e+03 6.428369e+03
5053.6606 4.003050e+03 6.624178e+03
5054.8875 4.027491e+03 6.661693e+03
5056.1144 3.922936e+03 6.485893e+03
5057.3413 3.974720e+03 6.568604e+03
5058.5683 4.180687e+03 6.905918e+03
5059.7952 4.113700e+03 6.792242e+03
5061.0221 3.980548e+03 6.569457e+03
5062.2490 3.939017e+03 6.498006e+03
5063.4759 3.829519e+03 6.314535e+03
5064.7028 3.865436e+03 6.370889e+03
5065.9297 3.843492e+03 6.331859e+03
5067.1566 3.911063e+03 6.440258e+03
5068.3835 4.005927e+03 6.593471e+03
5069.6104 3.927124e+03 6.460820e+03
5070.8373 4.041154e+03 6.645381e+03
5072.0643 3.957967e+03 6.505602e+03
5073.2912 4.040438e+03 6.638102e+03
5074.5181 3.886472e+03 6.382203e+03
5075.7450 4.031490e+03 6.617283e+03
5076.9719 3.873698e+03 6.355334e+03
5078.1988 3.820492e+03 6.265125e+03
5079.4257 3.745041e+03 6.138529e+03
5080.6526 3.950247e+03 6.471854e+03
5081.8795 3.907215e+03 6.398348e+03
5083.1064 3.831292e+03 6.271064e+03
5084.3334 4.052101e+03 6.629354e+03
5085.5603 3.857805e+03 6.308492e+03
5086.7872 3.936398e+03 6.433955e+03
5088.0141 4.233823e+03 6.916795e+03
5089.2410 3.953524e+03 6.455785e+03
5090.4679 4.089442e+03 6.674531e+03
5091.6948 4.100985e+03 6.690156e+03
5092.9217 4.206774e+03 6.859432e+03
5094.1486 4.032958e+03 6.572836e+03
5095.3755 4.035691e+03 6.574105e+03
5096.6024 3.924964e+03 6.390627e+03
5097.8294 3.950732e+03 6.429449e+03
5099.0563 4.016389e+03 6.533107e+03
5100.2832 3.965931e+03 6.447873e+03
5101.5101 3.930846e+03 6.387693e+03
5102.7370 4.034875e+03 6.553514e+03
5103.9639 3.980792e+03 6.462479e+03
5105.1908 4.056342e+03 6.581865e+03
5106.4177 4.020311e+03 6.520162e+03
5107.6446 3.952368e+03 6.406781e+03
5108.8715 4.071492e+03 6.596586e+03
5110.0985 3.927544e+03 6.360178e+03
5111.3254 3.932049e+03 6.364277e+03
5112.5523 3.949074e+03 6.388617e+03
5113.7792 4.068541e+03 6.578562e+03
5115.0061 4.003818e+03 6.470635e+03
5116.2330 3.936426e+03 6.358494e+03
5117.4599 4.041373e+03 6.524693e+03
5118.6868 4.117054e+03 6.643488e+03
5119.9137 4.070608e+03 6.565182e+03
5121.1406 4.211522e+03 6.788969e+03
5122.3675 4.357703e+03 7.021000e+03
5123.5945 5.049350e+03 8.131168e+03
5124.8214 6.825167e+03 1.098516e+04
5126.0483 9.194123e+03 1.479034e+04
5127.2752 1.110338e+04 1.785243e+04
5128.5021 1.248104e+04 2.005704e+04
5129.7290 1.311541e+04 2.106545e+04
5130.9559 1.274206e+04 2.045508e+04
5132.1828 1.157974e+04 1.857943e+04
5133.4097 9.134147e+03 1.464782e+04
5134.6366 6.185458e+03 9.913969e+03
5135.8636 4.691443e+03 7.515402e+03
5137.0905 4.323980e+03 6.923076e+03
5138.3174 4.177487e+03 6.684971e+03
5139.5443 4.054489e+03 6.484686e+03
5140.7712 3.971535e+03 6.348615e+03
5141.9981 3.961347e+03 6.328936e+03
5143.2250 4.026760e+03 6.429988e+03
5144.4519 4.045225e+03 6.455996e+03
5145.6788 4.077178e+03 6.503479e+03
5146.9057 3.985156e+03 6.353254e+03
5148.1326 4.037468e+03 6.433158e+03
5149.3596 3.944553e+03 6.281691e+03
5150.5865 4.035161e+03 6.422480e+03
5151.8134 3.941030e+03 6.269229e+03
5153.0403 3.922581e+03 6.236461e+03
5154.2672 4.172462e+03 6.630100e+03
5155.4941 4.005969e+03 6.362035e+03
5156.7210 4.214470e+03 6.689467e+03
5157.9479 3.936234e+03 6.244375e+03
5159.1748 3.922018e+03 6.218371e+03
5160.4017 4.066655e+03 6.444107e+03
5161.6287 4.093632e+03 6.483238e+03
5162.8556 4.060628e+03 6.427375e+03
5164.0825 4.034116e+03 6.381832e+03
5165.3094 4.128912e+03 6.528127e+03
5166.5363 4.130419e+03 6.526834e+03
5167.7632 4.195063e+03 6.625242e+03
5168.9901 4.209310e+03 6.643980e+03
5170.2170 4.384225e+03 6.916143e+03
5171.4439 4.623162e+03 7.288922e+03
5172.6708 5.581717e+03 8.795175e+03
5173.8977 9.549610e+03 1.503883e+04
5175.1247 1.665234e+04 2.620927e+04
5176.3516 2.310462e+04 3.634372e+04
5177.5785 2.793580e+04 4.391792e+04
5178.8054 3.098392e+04 4.868177e+04
5180.0323 3.143490e+04 4.936182e+04
5181.2592 2.912991e+04 4.571582e+04
5182.4861 2.344656e+04 3.677513e+04
5183.7130 1.408865e+04 2.208471e+04
5184.9399 7.334277e+03 1.149016e+04
5186.1668 5.087833e+03 7.966133e+03
5187.3938 4.649473e+03 7.275516e+03
5188.6207 4.458293e+03 6.972259e+03
5189.8476 4.245673e+03 6.635835e+03
5191.0745 4.145634e+03 6.475654e+03
5192.3014 4.022804e+03 6.280070e+03
5193.5283 3.929027e+03 6.130037e+03
5194.7552 4.011799e+03 6.255457e+03
5195.9821 4.034755e+03 6.287504e+03
5197.2090 3.882664e+03 6.046883e+03
5198.4359 3.814130e+03 5.936594e+03
5199.6628 3.880850e+03 6.036818e+03
5200.8898 3.786868e+03 5.887086e+03
5202.1167 3.773201e+03 5.862305e+03
5203.3436 3.805738e+03 5.909287e+03
5204.5705 3.824564e+03 5.934926e+03
5205.7974 3.925639e+03 6.088077e+03
5207.0243 3.974517e+03 6.160133e+03
5208.2512 3.912707e+03 6.060639e+03
5209.4781 3.844360e+03 5.951137e+03
5210.7050 3.753488e+03 5.806909e+03
5211.9319 3.802446e+03 5.879043e+03
5213.1589 3.911333e+03 6.043679e+03
5214.3858 3.809862e+03 5.883264e+03
5215.6127 3.729308e+03 5.755314e+03
5216.8396 3.766060e+03 5.808438e+03
5218.0665 3.779148e+03 5.825010e+03
5219.2934 3.858056e+03 5.942939e+03
5220.5203 3.864676e+03 5.949430e+03
5221.7472 3.699701e+03 5.691906e+03
5222.9741 3.737271e+03 5.746111e+03
5224.2010 3.710126e+03 5.700801e+03
5225.4279 3.729009e+03 5.726217e+03
5226.6549 3.844889e+03 5.900443e+03
5227.8818 3.776960e+03 5.792543e+03
5229.1087 3.716481e+03 5.696186e+03
5230.3356 3.670374e+03 5.621955e+03
5231.5625 3.924370e+03 6.007188e+03
5232.7894 3.982066e+03 6.091628e+03
5234.0163 3.744277e+03 5.724215e+03
5235.2432 3.839937e+03 5.866708e+03
5236.4701 3.725699e+03 5.688529e+03
5237.6970 3.593413e+03 5.483031e+03
5238.9240 3.703073e+03 5.646725e+03
5240.1509 3.590423e+03 5.471421e+03
5241.3778 3.720504e+03 5.665990e+03
5242.6047 3.815982e+03 5.807635e+03
5243.8316 3.647602e+03 5.547775e+03
5245.0585 3.823427e+03 5.811418e+03
5246.2854 3.797997e+03 5.769008e+03
5247.5123 3.876439e+03 5.884318e+03
5248.7392 3.642648e+03 5.525817e+03
5249.9661 3.725777e+03 5.648221e+03
5251.1931 3.791405e+03 5.743940e+03
5252.4200 3.728250e+03 5.644547e+03
5253.6469 3.719098e+03 5.626982e+03
5254.8738 3.716964e+03 5.620041e+03
5256.1007 3.693730e+03 5.581219e+03
5257.3276 3.679025e+03 5.555314e+03
5258.5545 3.652975e+03 5.512316e+03
5259.7814 3.663241e+03 5.524129e+03
5261.0083 3.715129e+03 5.598641e+03
5262.2352 3.822633e+03 5.756800e+03
5263.4621 3.728233e+03 5.610878e+03
5264.6891 3.673413e+03 5.524667e+03
5265.9160 3.668396e+03 5.513414e+03
5267.1429 3.717324e+03 5.583189e+03
5268.3698 3.581975e+03 5.376275e+03
5269.5967 3.672342e+03 5.508184e+03
5270.8236 3.790827e+03 5.682051e+03
5272.0505 3.821864e+03 5.724686e+03
5273.2774 3.810087e+03 5.703166e+03
5274.5043 3.678478e+03 5.502416e+03
5275.7312 3.682345e+03 5.504442e+03
5276.9582 3.698518e+03 5.524839e+03
5278.1851 3.806580e+03 5.682367e+03
5279.4120 3.723050e+03 5.553861e+03
5280.6389 3.625079e+03 5.403996e+03
5281.8658 3.656366e+03 5.446883e+03
5283.0927 3.582429e+03 5.333057e+03
5284.3196 3.633585e+03 5.405471e+03
5285.5465 3.773476e+03 5.609690e+03
5286.7734 3.687101e+03 5.477481e+03
5288.0003 3.650500e+03 5.419339e+03
5289.2272 3.642411e+03 5.403564e+03
5290.4542 3.587369e+03 5.318195e+03
5291.6811 3.684865e+03 5.458913e+03
5292.9080 3.654312e+03 5.409861e+03
5294.1349 3.714999e+03 5.495844e+03
5295.3618 3.601704e+03 5.324495e+03
5296.5887 3.582459e+03 5.292316e+03
5297.8156 3.706854e+03 5.472223e+03
5299.0425 3.604197e+03 5.316916e+03
5300.2694 3.637169e+03 5.361760e+03
5301.4963 3.581980e+03 5.276658e+03
5302.7233 3.748160e+03 5.517539e+03
5303.9502 3.633078e+03 5.344326e+03
5305.1771 3.289835e+03 4.835960e+03
5306.4040 3.447835e+03 5.064598e+03
5307.6309 3.552416e+03 5.214486e+03
5308.8578 3.595042e+03 5.273275e+03
5310.0847 3.499482e+03 5.129424e+03
5311.3116 3.440119e+03 5.038787e+03
5312.5385 3.557682e+03 5.207230e+03
5313.7654 3.642264e+03 5.327186e+03
5314.9923 3.496147e+03 5.109779e+03
5316.2193 3.407850e+03 4.977125e+03
5317.4462 3.591006e+03 5.240820e+03
5318.6731 3.639953e+03 5.308398e+03
5319.9000 3.660131e+03 5.333943e+03
5321.1269 3.563383e+03 5.189168e+03
5322.3538 3.497199e+03 5.089072e+03
5323.5807 3.499255e+03 5.088342e+03
5324.8076 3.414088e+03 4.960865e+03
5326.0345 3.416688e+03 4.961002e+03
5327.2614 3.400139e+03 4.933348e+03
5328.4884 3.418397e+03 4.956190e+03
5329.7153 3.541296e+03 5.130594e+03
5330.9422 3.496124e+03 5.061412e+03
5332.1691 3.445101e+03 4.983857e+03
5333.3960 3.608825e+03 5.216846e+03
5334.6229 3.592461e+03 5.189340e+03
5335.8498 3.521822e+03 5.083523e+03
5337.0767 3.633185e+03 5.240368e+03
5338.3036 3.656845e+03 5.270566e+03
5339.5305 3.486424e+03 5.021191e+03
5340.7574 3.530729e+03 5.081200e+03
5341.9844 3.504977e+03 5.040365e+03
5343.2113 3.302242e+03 4.745262e+03
5344.4382 3.483081e+03 5.001367e+03
5345.6651 3.483189e+03 4.997764e+03
5346.8920 3.595760e+03 5.155398e+03
5348.1189 3.513394e+03 5.033509e+03
5349.3458 3.606331e+03 5.162756e+03
5350.5727 3.627575e+03 5.189242e+03
5351.7996 3.525068e+03 5.038787e+03
5353.0265 3.556708e+03 5.080158e+03
5354.2535 3.613113e+03 5.156805e+03
5355.4804 3.492271e+03 4.980543e+03
5356.7073 3.524562e+03 5.022767e+03
5357.9342 3.445111e+03 4.905798e+03
5359.1611 3.500943e+03 4.981495e+03
5360.3880 3.613156e+03 5.137231e+03
5361.6149 3.547425e+03 5.039910e+03
5362.8418 3.430000e+03 4.869344e+03
5364.0687 3.478987e+03 4.935095e+03
5365.2956 3.528447e+03 5.001406e+03
5366.5225 3.573674e+03 5.061613e+03
5367.7495 3.586168e+03 5.075393e+03
5368.9764 3.483454e+03 4.926218e+03
5370.2033 3.426620e+03 4.842097e+03
5371.4302 3.520624e+03 4.971080e+03
5372.6571 3.458314e+03 4.879314e+03
5373.8840 3.405606e+03 4.801218e+03
5375.1109 3.403816e+03 4.794965e+03
5376.3378 3.380938e+03 4.759029e+03
5377.5647 3.346010e+03 4.706193e+03
5378.7916 3.334380e+03 4.686176e+03
5380.0186 3.418818e+03 4.801092e+03
5381.2455 3.383028e+03 4.747115e+03
5382.4724 3.499486e+03 4.906684e+03
5383.6993 3.637395e+03 5.096049e+03
5384.9262 3.509005e+03 4.912312e+03
5386.1531 3.457564e+03 4.836494e+03
5387.3800 3.385789e+03 4.732365e+03
5388.6069 3.303433e+03 4.613616e+03
5389.8338 3.430875e+03 4.787822e+03
5391.0607 3.362367e+03 4.688512e+03
5392.2876 3.340761e+03 4.654699e+03
5393.5146 3.343400e+03 4.654688e+03
5394.7415 3.375397e+03 4.695508e+03
5395.9684 3.421574e+03 4.755967e+03
5397.1953 3.385949e+03 4.702707e+03
5398.4222 3.337596e+03 4.631862e+03
5399.6491 3.373799e+03 4.678375e+03
5400.8760 3.457770e+03 4.790992e+03
5402.1029 3.454528e+03 4.782680e+03
5403.3298 3.414593e+03 4.723613e+03
5404.5567 3.506739e+03 4.847203e+03
5405.7837 3.608058e+03 4.983257e+03
5407.0106 3.367089e+03 4.646715e+03
5408.2375 3.440965e+03 4.744855e+03
5409.4644 3.405698e+03 4.692450e+03
5410.6913 3.344576e+03 4.604529e+03
5411.9182 3.426036e+03 4.712878e+03
5413.1451 3.575223e+03 4.914137e+03
5414.3720 3.415805e+03 4.691229e+03
5415.5989 3.251613e+03 4.462122e+03
5416.8258 3.453625e+03 4.735508e+03
5418.0527 3.576161e+03 4.899556e+03
5419.2797 3.441589e+03 4.711365e+03
5420.5066 3.332625e+03 4.558498e+03
5421.7335 3.425208e+03 4.681334e+03
5422.9604 3.486173e+03 4.760785e+03
5424.1873 3.397704e+03 4.636197e+03
5425.4142 3.308625e+03 4.510974e+03
5426.6411 3.362329e+03 4.580457e+03
5427.8680 3.319552e+03 4.518495e+03
5429.0949 3.390375e+03 4.611130e+03
5430.3218 3.263190e+03 4.434523e+03
5431.5488 3.538969e+03 4.805361e+03
5432.7757 3.437882e+03 4.664280e+03
5434.0026 3.410387e+03 4.623186e+03
5435.2295 3.552267e+03 4.811573e+03
5436.4564 3.462085e+03 4.685572e+03
5437.6833 3.336839e+03 4.512355e+03
5438.9102 3.414773e+03 4.613947e+03
5440.1371 3.364364e+03 4.542096e+03
5441.3640 3.193214e+03 4.307483e+03
5442.5909 3.186220e+03 4.294506e+03
5443.8178 3.212974e+03 4.326994e+03
5445.0448 3.321694e+03 4.469718e+03
5446.2717 3.208228e+03 4.313471e+03
5447.4986 3.303611e+03 4.438041e+03
5448.7255 3.203418e+03 4.299882e+03
5449.9524 3.292206e+03 4.415401e+03
5451.1793 3.232580e+03 4.331840e+03
5452.4062 3.119925e+03 4.177408e+03
5453.6331 3.096675e+03 4.142838e+03
5454.8600 3.256874e+03 4.353539e+03
5456.0869 3.287486e+03 4.390807e+03
5457.3139 3.159264e+03 4.216043e+03
5458.5408 3.127378e+03 4.170018e+03
5459.7677 3.330923e+03 4.437724e+03
5460.9946 3.277288e+03 4.362629e+03
5462.2215 3.232901e+03 4.299953e+03
5463.4484 3.423158e+03 4.549207e+03
5464.6753 3.309586e+03 4.394604e+03
5465.9022 3.270948e+03 4.339670e+03
5467.1291 3.237431e+03 4.291611e+03
5468.3560 3.272519e+03 4.334495e+03
5469.5829 3.256474e+03 4.309634e+03
5470.8099 3.208609e+03 4.242732e+03
5472.0368 3.295410e+03 4.353857e+03
5473.2637 3.270113e+03 4.316812e+03
5474.4906 3.140995e+03 4.142889e+03
5475.7175 3.140935e+03 4.139332e+03
5476.9444 3.262569e+03 4.296018e+03
5478.1713 3.218373e+03 4.234262e+03
5479.3982 3.068267e+03 4.033380e+03
5480.6251 3.116896e+03 4.093859e+03
5481.8520 3.164621e+03 4.153045e+03
5483.0790 3.062022e+03 4.015018e+03
5484.3059 3.185129e+03 4.172921e+03
5485.5328 3.302935e+03 4.323614e+03
5486.7597 3.243031e+03 4.241619e+03
5487.9866 3.141091e+03 4.104825e+03
5489.2135 3.228323e+03 4.215260e+03
5490.4404 3.248360e+03 4.237842e+03
5491.6673 3.213208e+03 4.188441e+03
5492.8942 3.209920e+03 4.180620e+03
5494.1211 3.093015e+03 4.024957e+03
5495.3481 3.235349e+03 4.206617e+03
5496.5750 3.241700e+03 4.211310e+03
5497.8019 3.073746e+03 3.989740e+03
5499.0288 3.023206e+03 3.920817e+03
5500.2557 3.207750e+03 4.156631e+03
5501.4826 3.291419e+03 4.261438e+03
5502.7095 3.250960e+03 4.205488e+03
5503.9364 3.204214e+03 4.141504e+03
5505.1633 3.251144e+03 4.198600e+03
5506.3902 3.338960e+03 4.308350e+03
5507.6171 3.279009e+03 4.227404e+03
5508.8441 3.198958e+03 4.120701e+03
5510.0710 3.166800e+03 4.075814e+03
5511.2979 3.063538e+03 3.939564e+03
5512.5248 3.154208e+03 4.052717e+03
5513.7517 3.080268e+03 3.954353e+03
5514.9786 3.098632e+03 3.974549e+03
5516.2055 3.348927e+03 4.291946e+03
5517.4324 3.281057e+03 4.201393e+03
5518.6593 3.101162e+03 3.967661e+03
5519.8862 3.077202e+03 3.933660e+03
5521.1132 3.088270e+03 3.944451e+03
5522.3401 3.204992e+03 4.090053e+03
5523.5670 3.086473e+03 3.935455e+03
5524.7939 3.221704e+03 4.104389e+03
5526.0208 3.289730e+03 4.187488e+03
5527.2477 3.058912e+03 3.890368e+03
5528.4746 3.039131e+03 3.861922e+03
5529.7015 3.193261e+03 4.054327e+03
5530.9284 3.202859e+03 4.063053e+03
5532.1553 3.289937e+03 4.169966e+03
5533.3822 3.096231e+03 3.921106e+03
5534.6092 3.177713e+03 4.020871e+03
5535.8361 3.117434e+03 3.941241e+03
5537.0630 3.116772e+03 3.937051e+03
5538.2899 3.198036e+03 4.036265e+03
5539.5168 3.037169e+03 3.829971e+03
5540.7437 3.204277e+03 4.037261e+03
5541.9706 3.271751e+03 4.118769e+03
5543.1975 3.018139e+03 3.796267e+03
5544.4244 3.098005e+03 3.893408e+03
5545.6513 3.122681e+03 3.921081e+03
5546.8783 2.987576e+03 3.748241e+03
5548.1052 3.148997e+03 3.947401e+03
5549.3321 3.158708e+03 3.956208e+03
5550.5590 3.055160e+03 3.823263e+03
5551.7859 3.265046e+03 4.082441e+03
5553.0128 3.168574e+03 3.958450e+03
5554.2397 3.072576e+03 3.835259e+03
5555.4666 3.116684e+03 3.887010e+03
5556.6935 2.920490e+03 3.639229e+03
5557.9204 3.172758e+03 3.950223e+03
5559.1473 3.201544e+03 3.982678e+03
5560.3743 3.187148e+03 3.961403e+03
5561.6012 3.105896e+03 3.857135e+03
5562.8281 3.083366e+03 3.825906e+03
5564.0550 2.946682e+03 3.653204e+03
5565.2819 3.110545e+03 3.853085e+03
5566.5088 3.070019e+03 3.799660e+03
5567.7357 3.274042e+03 4.048737e+03
5568.9626 3.208407e+03 3.964211e+03
5570.1895 3.150530e+03 3.889401e+03
5571.4164 3.085913e+03 3.806404e+03
5572.6434 3.197357e+03 3.940529e+03
5573.8703 3.273015e+03 4.030359e+03
5575.0972 3.128473e+03 3.849113e+03
5576.3241 2.792687e+03 3.433074e+03
5577.5510 2.965508e+03 3.642443e+03
5578.7779 2.709625e+03 3.325338e+03
5580.0048 2.950307e+03 3.617652e+03
5581.2317 2.906624e+03 3.561080e+03
5582.4586 3.008067e+03 3.682254e+03
5583.6855 3.291606e+03 4.025943e+03
5584.9124 2.962894e+03 3.620843e+03
5586.1394 3.162860e+03 3.861957e+03
5587.3663 3.096699e+03 3.777989e+03
5588.5932 3.010273e+03 3.669457e+03
5589.8201 3.097843e+03 3.773026e+03
5591.0470 2.964572e+03 3.607673e+03
5592.2739 3.105274e+03 3.775723e+03
5593.5008 2.954094e+03 3.588885e+03
5594.7277 3.222930e+03 3.912203e+03
5595.9546 3.105982e+03 3.767082e+03
5597.1815 2.945850e+03 3.569871e+03
5598.4085 3.145929e+03 3.809140e+03
5599.6354 3.069659e+03 3.713679e+03
5600.8623 3.084482e+03 3.728489e+03
5602.0892 3.269689e+03 3.949061e+03
5603.3161 3.233261e+03 3.901801e+03
5604.5430 3.276377e+03 3.950531e+03
5605.7699 3.136371e+03 3.778562e+03
5606.9968 3.070271e+03 3.695843e+03
5608.2237 3.035128e+03 3.650495e+03
5609.4506 3.189078e+03 3.832465e+03
5610.6775 3.236075e+03 3.885708e+03
5611.9045 3.252022e+03 3.901610e+03
5613.1314 3.116538e+03 3.735958e+03
5614.3583 3.156548e+03 3.780780e+03
5615.5852 3.175916e+03 3.800823e+03
5616.8121 3.171445e+03 3.792328e+03
5618.0390 3.084972e+03 3.685873e+03
5619.2659 3.003916e+03 3.586060e+03
5620.4928 3.088872e+03 3.684433e+03
5621.7197 3.080322e+03 3.671200e+03
5622.9466 3.133143e+03 3.731072e+03
5624.1736 3.207838e+03 3.816874e+03
5625.4005 3.106359e+03 3.693085e+03
5626.6274 3.054787e+03 3.628784e+03
5627.8543 3.049155e+03 3.619117e+03
5629.0812 3.056893e+03 3.625323e+03
5630.3081 3.057655e+03 3.623253e+03
5631.5350 2.977521e+03 3.525404e+03
5632.7619 3.164429e+03 3.743639e+03
5633.9888 3.167696e+03 3.744438e+03
5635.2157 3.005896e+03 3.550277e+03
5636.4426 3.006157e+03 3.547688e+03
5637.6696 3.044297e+03 3.589771e+03
5638.8965 3.078463e+03 3.627103e+03
5640.1234 3.047566e+03 3.587779e+03
5641.3503 3.066847e+03 3.607545e+03
5642.5772 3.064327e+03 3.601655e+03
5643.8041 3.068255e+03 3.603350e+03
5645.0310 3.080510e+03 3.614812e+03
5646.2579 3.160337e+03 3.705487e+03
5647.4848 3.098544e+03 3.630101e+03
5648.7117 3.000166e+03 3.512011e+03
5649.9387 2.974023e+03 3.478603e+03
5651.1656 2.985646e+03 3.489388e+03
5652.3925 3.009351e+03 3.514266e+03
5653.6194 3.076671e+03 3.589997e+03
5654.8463 3.030047e+03 3.532760e+03
5656.0732 2.991743e+03 3.485309e+03
5657.3001 3.039741e+03 3.538394e+03
5658.5270 3.085977e+03 3.589347e+03
5659.7539 2.975632e+03 3.458243e+03
5660.9808 2.993480e+03 3.476216e+03
5662.2077 3.098574e+03 3.595396e+03
5663.4347 3.107154e+03 3.602489e+03
5664.6616 3.116513e+03 3.610476e+03
5665.8885 3.073244e+03 3.557529e+03
5667.1154 2.975657e+03 3.441842e+03
5668.3423 2.932097e+03 3.388780e+03
5669.5692 2.977404e+03 3.438431e+03
5670.7961 3.033804e+03 3.500807e+03
5672.0230 3.100972e+03 3.575502e+03
5673.2499 3.192675e+03 3.678350e+03
5674.4768 3.070317e+03 3.534606e+03
5675.7038 3.026207e+03 3.481101e+03
5676.9307 3.031247e+03 3.484176e+03
5678.1576 2.977300e+03 3.419499e+03
5679.3845 2.933363e+03 3.366414e+03
5680.6114 3.031867e+03 3.476756e+03
5681.8383 3.015964e+03 3.455836e+03
5683.0652 2.978370e+03 3.410115e+03
5684.2921 3.036293e+03 3.473746e+03
5685.5190 3.115402e+03 3.561501e+03
5686.7459 3.194529e+03 3.649144e+03
5687.9728 3.081218e+03 3.516999e+03
5689.1998 3.011612e+03 3.434909e+03
5690.4267 3.001399e+03 3.420636e+03
5691.6536 2.983547e+03 3.397688e+03
5692.8805 2.972254e+03 3.382242e+03
5694.1074 2.912862e+03 3.312130e+03
5695.3343 2.979797e+03 3.385661e+03
5696.5612 2.942521e+03 3.340768e+03
5697.7881 2.876302e+03 3.263110e+03
5699.0150 2.931313e+03 3.323003e+03
5700.2419 2.813734e+03 3.187303e+03
5701.4689 2.696881e+03 3.052633e+03
5702.6958 2.638955e+03 2.984818e+03
5703.9227 2.752453e+03 3.110853e+03
5705.1496 2.915889e+03 3.293101e+03
5706.3765 2.941938e+03 3.320033e+03
5707.6034 2.959889e+03 3.337798e+03
5708.8303 2.996681e+03 3.376771e+03
5710.0572 2.999308e+03 3.377218e+03
5711.2841 3.068353e+03 3.452399e+03
5712.5110 2.940371e+03 3.305949e+03
5713.7380 2.963802e+03 3.329832e+03
5714.9649 2.988032e+03 3.354579e+03
5716.1918 2.908928e+03 3.263369e+03
5717.4187 2.908075e+03 3.260018e+03
5718.6456 2.951621e+03 3.306410e+03
5719.8725 2.915375e+03 3.263421e+03
5721.0994 3.053575e+03 3.415627e+03
5722.3263 2.996875e+03 3.349765e+03
5723.5532 2.919954e+03 3.261418e+03
5724.7801 2.893764e+03 3.229824e+03
5726.0070 2.987074e+03 3.331562e+03
5727.2340 2.837187e+03 3.162107e+03
5728.4609 2.919457e+03 3.251459e+03
5729.6878 2.964127e+03 3.298841e+03
5730.9147 2.984352e+03 3.318972e+03
5732.1416 2.950085e+03 3.278520e+03
5733.3685 2.900498e+03 3.221116e+03
5734.5954 2.908720e+03 3.227951e+03
5735.8223 2.892035e+03 3.207161e+03
5737.0492 2.920430e+03 3.236359e+03
5738.2761 2.978932e+03 3.298861e+03
5739.5031 2.975624e+03 3.292880e+03
5740.7300 3.017502e+03 3.336880e+03
5741.9569 3.015628e+03 3.332474e+03
5743.1838 2.981914e+03 3.292917e+03
5744.4107 3.021076e+03 3.333841e+03
5745.6376 3.012250e+03 3.321792e+03
5746.8645 2.958720e+03 3.260502e+03
5748.0914 2.920052e+03 3.215667e+03
5749.3183 2.966357e+03 3.264409e+03
5750.5452 2.879389e+03 3.166526e+03
5751.7721 3.007182e+03 3.304797e+03
5752.9991 2.936644e+03 3.225072e+03
5754.2260 2.984248e+03 3.275119e+03
5755.4529 2.908882e+03 3.190238e+03
5756.6798 2.919673e+03 3.199903e+03
5757.9067 2.931270e+03 3.210442e+03
5759.1336 3.041491e+03 3.328917e+03
5760.3605 3.016690e+03 3.299555e+03
5761.5874 2.833392e+03 3.096994e+03
5762.8143 2.865198e+03 3.129668e+03
5764.0412 2.868537e+03 3.131229e+03
5765.2682 3.058442e+03 3.336309e+03
5766.4951 2.998854e+03 3.269142e+03
5767.7220 3.016222e+03 3.285905e+03
5768.9489 2.810545e+03 3.059824e+03
5770.1758 2.907781e+03 3.163608e+03
5771.4027 2.784720e+03 3.027740e+03
5772.6296 3.010860e+03 3.271481e+03
5773.8565 2.867395e+03 3.113574e+03
5775.0834 2.824957e+03 3.065506e+03
5776.3103 2.886805e+03 3.130599e+03
5777.5372 2.922899e+03 3.167701e+03
5778.7642 3.028926e+03 3.280503e+03
5779.9911 2.920261e+03 3.160791e+03
5781.2180 2.788798e+03 3.016576e+03
5782.4449 2.910602e+03 3.146329e+03
5783.6718 2.955694e+03 3.193052e+03
5784.8987 2.965515e+03 3.201641e+03
5786.1256 2.850280e+03 3.075295e+03
5787.3525 2.843843e+03 3.066428e+03
5788.5794 2.983085e+03 3.214561e+03
5789.8063 3.009825e+03 3.241357e+03
5791.0333 2.910179e+03 3.132104e+03
5792.2602 3.012778e+03 3.240522e+03
5793.4871 2.848106e+03 3.061517e+03
5794.7140 2.952448e+03 3.171730e+03
5795.9409 3.045619e+03 3.269822e+03
5797.1678 2.862486e+03 3.071336e+03
5798.3947 2.867463e+03 3.074810e+03
5799.6216 3.040000e+03 3.257853e+03
5800.8485 2.828319e+03 3.029177e+03
5802.0754 2.815917e+03 3.014084e+03
5803.3023 2.902986e+03 3.105424e+03
5804.5293 2.962631e+03 3.167341e+03
5805.7562 2.881070e+03 3.078316e+03
5806.9831 2.893135e+03 3.089381e+03
5808.2100 3.013209e+03 3.215706e+03
5809.4369 2.926395e+03 3.121227e+03
5810.6638 3.036266e+03 3.236521e+03
5811.8907 2.982053e+03 3.176885e+03
5813.1176 2.884187e+03 3.070844e+03
5814.3445 2.856967e+03 3.040107e+03
5815.5714 3.033477e+03 3.226077e+03
5816.7984 2.992977e+03 3.181184e+03
5818.0253 2.801695e+03 2.976177e+03
5819.2522 2.873519e+03 3.050740e+03
5820.4791 2.892621e+03 3.069285e+03
5821.7060 2.898200e+03 3.073475e+03
5822.9329 2.833724e+03 3.003414e+03
5824.1598 2.873970e+03 3.044371e+03
5825.3867 2.978966e+03 3.153839e+03
5826.6136 2.895289e+03 3.063554e+03
5827.8405 2.973207e+03 3.144268e+03
5829.0674 2.900262e+03 3.065443e+03
5830.2944 2.761279e+03 2.916951e+03
5831.5213 2.845641e+03 3.004436e+03
5832.7482 2.878248e+03 3.037218e+03
5833.9751 2.816567e+03 2.970529e+03
5835.2020 2.889430e+03 3.045741e+03
5836.4289 2.707475e+03 2.852419e+03
5837.6558 2.816568e+03 2.965776e+03
5838.8827 2.824180e+03 2.972219e+03
5840.1096 2.772700e+03 2.916505e+03
5841.3365 2.799892e+03 2.943564e+03
5842.5635 2.877602e+03 3.023686e+03
5843.7904 2.926798e+03 3.073783e+03
5845.0173 3.030424e+03 3.180971e+03
5846.2442 2.818916e+03 2.957435e+03
5847.4711 2.901041e+03 3.042039e+03
5848.6980 2.966960e+03 3.109580e+03
5849.9249 2.830949e+03 2.965529e+03
5851.1518 2.905505e+03 3.042097e+03
5852.3787 2.839938e+03 2.971957e+03
5853.6056 2.780330e+03 2.908128e+03
5854.8325 2.814839e+03 2.942763e+03
5856.0595 2.794856e+03 2.920431e+03
5857.2864 2.771692e+03 2.894804e+03
5858.5133 2.845978e+03 2.970938e+03
5859.7402 2.915495e+03 3.042029e+03
5860.9671 2.837322e+03 2.959034e+03
5862.1940 2.774608e+03 2.892239e+03
5863.4209 2.797557e+03 2.914768e+03
5864.6478 2.843280e+03 2.960999e+03
5865.8747 2.771099e+03 2.884466e+03
5867.1016 2.897295e+03 3.014407e+03
5868.3286 2.909307e+03 3.025489e+03
5869.5555 2.877815e+03 2.991350e+03
5870.7824 2.871760e+03 2.983676e+03
5872.0093 2.679082e+03 2.782210e+03
5873.2362 2.748732e+03 2.853237e+03
5874.4631 2.802711e+03 2.907947e+03
5875.6900 2.598104e+03 2.694440e+03
5876.9169 2.775914e+03 2.877552e+03
5878.1438 2.640544e+03 2.736004e+03
5879.3707 2.566504e+03 2.658108e+03
5880.5976 2.667546e+03 2.761539e+03
5881.8246 2.758234e+03 2.854171e+03
5883.0515 2.643976e+03 2.734748e+03
5884.2784 2.687336e+03 2.778394e+03
5885.5053 2.648932e+03 2.737511e+03
5886.7322 2.583803e+03 2.669062e+03
5887.9591 2.558513e+03 2.641815e+03
5889.1860 2.621573e+03 2.705786e+03
5890.4129 2.553878e+03 2.634812e+03
5891.6398 2.551932e+03 2.631708e+03
5892.8667 2.610252e+03 2.690737e+03
5894.0937 2.420519e+03 2.494128e+03
5895.3206 2.502789e+03 2.577847e+03
5896.5475 2.552698e+03 2.628186e+03
5897.7744 2.444729e+03 2.516010e+03
5899.0013 2.502379e+03 2.574311e+03
5900.2282 2.590826e+03 2.664241e+03
5901.4551 2.604176e+03 2.676912e+03
5902.6820 2.345516e+03 2.410083e+03
5903.9089 2.335399e+03 2.398754e+03
5905.1358 2.521048e+03 2.588438e+03
5906.3627 2.553223e+03 2.620468e+03
5907.5897 2.512817e+03 2.578016e+03
5908.8166 2.522721e+03 2.587198e+03
5910.0435 2.537768e+03 2.601653e+03
5911.2704 2.491521e+03 2.553291e+03
5912.4973 2.387168e+03 2.445446e+03
5913.7242 2.412586e+03 2.470577e+03
5914.9511 2.433489e+03 2.491075e+03
5916.1780 2.367925e+03 2.423084e+03
5917.4049 2.498998e+03 2.556293e+03
5918.6318 2.498224e+03 2.554592e+03
5919.8588 2.508199e+03 2.563887e+03
5921.0857 2.354579e+03 2.406014e+03
5922.3126 2.365761e+03 2.416601e+03
5923.5395 2.458958e+03 2.510934e+03
5924.7664 2.371454e+03 2.420753e+03
5925.9933 2.325046e+03 2.372575e+03
5927.2202 2.506625e+03 2.557007e+03
5928.4471 2.530721e+03 2.580727e+03
5929.6740 2.380068e+03 2.426295e+03
5930.9009 2.431039e+03 2.477443e+03
5932.1279 2.486897e+03 2.533544e+03
5933.3548 2.398327e+03 2.442526e+03
5934.5817 2.447216e+03 2.491521e+03
5935.8086 2.399075e+03 2.441735e+03
5937.0355 2.382018e+03 2.423614e+03
5938.2624 2.360808e+03 2.401287e+03
5939.4893 2.355445e+03 2.395095e+03
5940.7162 2.213161e+03 2.249729e+03
5941.9431 2.244454e+03 2.280850e+03
5943.1700 2.235987e+03 2.271564e+03
5944.3969 2.229778e+03 2.264585e+03
5945.6239 2.265119e+03 2.299803e+03
5946.8508 2.191182e+03 2.224086e+03
5948.0777 2.261526e+03 2.294825e+03
5949.3046 2.363110e+03 2.397221e+03
5950.5315 2.317463e+03 2.350251e+03
5951.7584 2.319415e+03 2.351573e+03
5952.9853 2.326789e+03 2.358396e+03
5954.2122 2.389732e+03 2.421531e+03
5955.4391 2.403910e+03 2.435238e+03
5956.6660 2.420417e+03 2.451303e+03
5957.8930 2.400346e+03 2.430331e+03
5959.1199 2.401418e+03 2.430778e+03
5960.3468 2.349194e+03 2.377298e+03
5961.5737 2.427333e+03 2.455741e+03
5962.8006 2.498979e+03 2.527584e+03
5964.0275 2.445479e+03 2.472850e+03
5965.2544 2.389290e+03 2.415433e+03
5966.4813 2.327199e+03 2.352085e+03
5967.7082 2.156116e+03 2.178644e+03
5968.9351 2.239328e+03 2.262183e+03
5970.1620 2.321010e+03 2.344144e+03
5971.3890 2.293672e+03 2.315991e+03
5972.6159 2.403071e+03 2.425894e+03
5973.8428 2.351395e+03 2.373185e+03
5975.0697 2.302625e+03 2.323438e+03
5976.2966 2.481872e+03 2.503749e+03
5977.5235 2.458250e+03 2.479374e+03
5978.7504 2.216689e+03 2.235252e+03
5979.9773 2.271757e+03 2.290291e+03
5981.2042 2.466125e+03 2.485719e+03
5982.4311 2.584830e+03 2.604824e+03
5983.6581 2.571149e+03 2.590505e+03
5984.8850 2.491661e+03 2.509910e+03
5986.1119 2.393391e+03 2.410438e+03
5987.3388 2.318078e+03 2.334128e+03
5988.5657 2.346464e+03 2.362252e+03
5989.7926 2.333090e+03 2.348339e+03
5991.0195 2.343377e+03 2.358249e+03
5992.2464 2.461680e+03 2.476843e+03
5993.4733 2.402373e+03 2.416729e+03
5994.7002 2.443237e+03 2.457394e+03
5995.9271 2.511787e+03 2.525894e+03
5997.1541 2.388090e+03 2.401083e+03
5998.3810 2.268128e+03 2.280077e+03
5999.6079 2.257505e+03 2.269015e+03
6000.8348 2.445579e+03 2.457641e+03
6002.0617 2.418387e+03 2.429918e+03
6003.2886 2.350989e+03 2.361819e+03
6004.5155 2.198647e+03 2.208428e+03
6005.7424 2.342776e+03 2.352834e+03
6006.9693 2.400078e+03 2.410017e+03
6008.1962 2.310176e+03 2.319396e+03
6009.4232 2.309974e+03 2.318854e+03
6010.6501 2.382672e+03 2.391489e+03
6011.8770 2.410451e+03 2.419030e+03
6013.1039 2.352885e+03 2.360934e+03
6014.3308 2.287873e+03 2.295390e+03
6015.5577 2.366018e+03 2.373477e+03
6016.7846 2.432593e+03 2.439946e+03
6018.0115 2.523232e+03 2.530538e+03
6019.2384 2.417813e+03 2.424514e+03
6020.4653 2.487212e+03 2.493802e+03
6021.6922 2.434661e+03 2.440823e+03
6022.9192 2.405745e+03 2.411556e+03
6024.1461 2.353981e+03 2.359400e+03
6025.3730 2.392988e+03 2.398233e+03
6026.5999 2.358807e+03 2.363723e+03
6027.8268 2.331652e+03 2.336267e+03
6029.0537 2.499855e+03 2.504548e+03
6030.2806 2.392993e+03 2.397248e+03
6031.5075 2.100927e+03 2.104460e+03
6032.7344 2.301770e+03 2.305425e+03
6033.9613 2.429734e+03 2.433371e+03
6035.1883 2.299592e+03 2.302831e+03
6036.4152 2.376219e+03 2.379363e+03
6037.6421 2.384726e+03 2.387684e+03
6038.8690 2.485655e+03 2.488539e+03
6040.0959 2.459489e+03 2.462152e+03
6041.3228 2.319893e+03 2.322231e+03
6042.5497 2.414915e+03 2.417176e+03
6043.7766 2.597664e+03 2.599916e+03
6045.0035 2.462002e+03 2.463973e+03
6046.2304 2.228199e+03 2.229841e+03
6047.4573 2.310719e+03 2.312280e+03
6048.6843 2.505780e+03 2.507327e+03
6049.9112 2.301295e+03 2.302587e+03
6051.1381 2.382014e+03 2.383225e+03
6052.3650 2.543433e+03 2.544598e+03
6053.5919 2.320392e+03 2.321344e+03
6054.8188 2.332337e+03 2.333189e+03
6056.0457 2.329187e+03 2.329938e+03
6057.2726 2.519185e+03 2.519898e+03
6058.4995 2.450702e+03 2.451305e+03
6059.7264 2.431046e+03 2.431561e+03
6060.9534 2.307544e+03 2.307959e+03
6062.1803 2.285871e+03 2.286215e+03
6063.4072 2.485345e+03 2.485652e+03
6064.6341 2.539344e+03 2.539598e+03
6065.8610 2.277457e+03 2.277635e+03
6067.0879 2.408591e+03 2.408734e+03
6068.3148 2.341929e+03 2.342030e+03
6069.5417 2.386440e+03 2.386511e+03
6070.7686 2.442607e+03 2.442652e+03
6071.9955 2.489506e+03 2.489531e+03
6073.2224 2.464925e+03 2.464936e+03
6074.4494 2.542892e+03 2.542894e+03
6075.6763 2.797584e+03 2.797584e+03
6076.9032 2.885749e+03 2.885754e+03
6078.1301 2.810513e+03 2.810530e+03
6079.3570 2.863309e+03 2.863346e+03
6080.5839 2.765369e+03 2.765431e+03
6081.8108 2.741932e+03 2.742025e+03
6083.0377 2.495195e+03 2.495315e+03
6084.2646 2.400214e+03 2.400371e+03
6085.4915 2.383016e+03 2.383218e+03
6086.7185 2.340452e+03 2.340701e+03
6087.9454 2.277903e+03 2.278202e+03
6089.1723 2.519208e+03 2.519606e+03
6090.3992 2.416463e+03 2.416915e+03
6091.6261 2.361594e+03 2.362110e+03
6092.8530 2.509523e+03 2.510158e+03
6094.0799 2.340939e+03 2.341617e+03
6095.3068 2.410519e+03 2.411312e+03
6096.5337 2.558270e+03 2.559218e+03
6097.7606 2.469229e+03 2.470252e+03
6098.9875 2.410389e+03 2.411500e+03
6100.2145 2.465443e+03 2.466699e+03
6101.4414 2.405997e+03 2.407347e+03
6102.6683 2.431074e+03 2.432568e+03
6103.8952 2.541129e+03 2.542833e+03
6105.1221 2.539524e+03 2.541375e+03
6106.3490 2.529935e+03 2.531933e+03
6107.5759 2.411040e+03 2.413096e+03
6108.8028 2.491240e+03 2.493527e+03
6110.0297 2.368370e+03 2.370706e+03
6111.2566 2.490448e+03 2.493079e+03
6112.4836 2.592647e+03 2.595574e+03
6113.7105 2.569266e+03 2.572358e+03
6114.9374 2.407450e+03 2.410533e+03
6116.1643 2.374983e+03 2.378214e+03
6117.3912 2.410231e+03 2.413707e+03
6118.6181 2.443503e+03 2.447232e+03
6119.8450 2.370711e+03 2.374534e+03
6121.0719 2.439750e+03 2.443900e+03
6122.2988 2.488720e+03 2.493180e+03
6123.5257 2.580963e+03 2.585828e+03
6124.7526 2.551087e+03 2.556139e+03
6125.9796 2.547998e+03 2.553293e+03
6127.2065 2.449192e+03 2.454526e+03
6128.4334 2.342584e+03 2.347925e+03
6129.6603 2.332165e+03 2.337726e+03
6130.8872 2.413249e+03 2.419260e+03
6132.1141 2.441371e+03 2.447717e+03
6133.3410 2.408077e+03 2.414604e+03
6134.5679 2.349627e+03 2.356262e+03
6135.7948 2.466709e+03 2.473959e+03
6137.0217 2.496893e+03 2.504524e+03
6138.2487 2.515345e+03 2.523333e+03
6139.4756 2.461579e+03 2.469696e+03
6140.7025 2.416143e+03 2.424409e+03
6141.9294 2.384116e+03 2.392573e+03
6143.1563 2.397469e+03 2.406280e+03
6144.3832 2.504115e+03 2.513645e+03
6145.6101 2.351070e+03 2.360328e+03
6146.8370 2.393172e+03 2.402918e+03
6148.0639 2.364745e+03 2.374697e+03
6149.2908 2.418693e+03 2.429208e+03
6150.5178 2.521713e+03 2.533030e+03
6151.7447 2.367619e+03 2.378582e+03
6152.9716 2.442452e+03 2.454115e+03
6154.1985 2.466792e+03 2.478933e+03
6155.4254 2.454408e+03 2.466854e+03
6156.6523 2.617263e+03 2.630928e+03
6157.8792 2.674700e+03 2.689074e+03
6159.1061 2.606386e+03 2.620796e+03
6160.3330 2.479117e+03 2.493212e+03
6161.5599 2.438184e+03 2.452433e+03
6162.7868 2.514096e+03 2.529193e+03
6164.0138 2.445246e+03 2.460326e+03
6165.2407 2.518181e+03 2.534126e+03
6166.4676 2.483532e+03 2.499670e+03
6167.6945 2.406113e+03 2.422154e+03
6168.9214 2.625280e+03 2.643229e+03
6170.1483 2.434048e+03 2.451108e+03
6171.3752 2.470492e+03 2.488237e+03
6172.6021 2.486618e+03 2.504917e+03
6173.8290 2.477458e+03 2.496130e+03
6175.0559 2.435458e+03 2.454251e+03
6176.2829 2.426014e+03 2.445174e+03
6177.5098 2.428410e+03 2.448035e+03
6178.7367 2.351404e+03 2.370841e+03
6179.9636 2.484089e+03 2.505088e+03
6181.1905 2.522797e+03 2.544599e+03
6182.4174 2.467534e+03 2.489329e+03
6183.6443 2.457742e+03 2.479923e+03
6184.8712 2.472708e+03 2.495504e+03
6186.0981 2.515378e+03 2.539061e+03
6187.3250 2.485385e+03 2.509276e+03
6188.5519 2.500270e+03 2.524802e+03
6189.7789 2.528308e+03 2.553624e+03
6191.0058 2.538032e+03 2.563960e+03
6192.2327 2.477796e+03 2.503615e+03
6193.4596 2.452868e+03 2.478934e+03
6194.6865 2.461881e+03 2.488554e+03
6195.9134 2.615231e+03 2.644113e+03
6197.1403 2.383460e+03 2.410286e+03
6198.3672 2.321401e+03 2.348022e+03
6199.5941 2.324081e+03 2.351231e+03
6200.8210 2.328997e+03 2.356708e+03
6202.0480 2.333909e+03 2.362187e+03
6203.2749 2.338814e+03 2.367664e+03
6204.5018 2.343713e+03 2.373142e+03
6205.7287 2.348606e+03 2.378619e+03
6206.9556 2.353497e+03 2.384099e+03
6208.1825 2.358380e+03 2.389577e+03
6209.4094 2.363256e+03 2.395055e+03
6210.6363 2.368127e+03 2.400533e+03
6211.8632 2.372994e+03 2.406012e+03
6213.0901 2.377855e+03 2.411492e+03
6214.3170 2.382710e+03 2.416972e+03
6215.5440 2.387560e+03 2.422451e+03
6216.7709 2.392404e+03 2.427931e+03
6217.9978 2.397244e+03 2.433412e+03
6219.2247 2.402076e+03 2.438891e+03
6220.4516 2.406905e+03 2.444372e+03
6221.6785 2.411728e+03 2.449854e+03
6222.9054 2.416545e+03 2.455335e+03
6224.1323 2.421356e+03 2.460815e+03
6225.3592 2.426161e+03 2.466296e+03
6226.5861 2.430963e+03 2.471778e+03
6227.8131 2.435759e+03 2.477261e+03
6229.0400 2.440548e+03 2.482742e+03
6230.2669 2.445332e+03 2.488224e+03
6231.4938 2.450111e+03 2.493706e+03
6232.7207 2.454887e+03 2.499190e+03
6233.9476 2.459657e+03 2.504674e+03
6235.1745 2.464420e+03 2.510157e+03
6236.4014 2.469179e+03 2.515641e+03
6237.6283 2.473933e+03 2.521125e+03
6238.8552 2.478678e+03 2.526606e+03
6240.0821 2.483423e+03 2.532093e+03
6241.3091 2.488162e+03 2.537579e+03
6242.5360 2.492892e+03 2.543061e+03
6243.7629 2.497620e+03 2.548547e+03
6244.9898 2.502340e+03 2.554029e+03
6246.2167 2.507058e+03 2.559516e+03
6247.4436 2.511773e+03 2.565004e+03
6248.6705 2.516478e+03 2.570488e+03
6249.8974 2.521181e+03 2.575975e+03
6251.1243 2.525876e+03 2.581460e+03
6252.3512 2.530569e+03 2.586947e+03
6253.5782 2.535256e+03 2.592434e+03
6254.8051 2.539939e+03 2.597922e+03
6256.0320 2.544616e+03 2.603409e+03
6257.2589 2.549288e+03 2.608896e+03
6258.4858 2.553956e+03 2.614384e+03
6259.7127 2.558616e+03 2.619870e+03
6260.9396 2.563275e+03 2.625359e+03
6262.1665 2.567928e+03 2.630848e+03
6263.3934 2.572575e+03 2.636335e+03
6264.6203 2.577220e+03 2.641825e+03
6265.8472 2.581856e+03 2.647312e+03
6267.0742 2.586493e+03 2.652805e+03
6268.3011 2.587015e+03 2.654080e+03
6269.5280 2.483498e+03 2.548593e+03
6270.7549 2.483299e+03 2.549104e+03
6271.9818 2.578662e+03 2.647739e+03
6273.2087 2.485865e+03 2.553177e+03
6274.4356 2.510758e+03 2.579473e+03
6275.6625 2.437057e+03 2.504466e+03
6276.8894 2.538500e+03 2.609456e+03
6278.1163 2.360126e+03 2.426788e+03
6279.3433 2.198889e+03 2.261644e+03
6280.5702 2.297661e+03 2.363911e+03
6281.7971 2.322538e+03 2.390191e+03
6283.0240 2.408996e+03 2.479881e+03
6284.2509 2.484569e+03 2.558416e+03
6285.4778 2.504154e+03 2.579328e+03
6286.7047 2.372541e+03 2.444472e+03
6287.9316 2.437159e+03 2.511778e+03
6289.1585 2.489004e+03 2.565957e+03
6290.3854 2.489413e+03 2.567126e+03
6291.6123 2.498715e+03 2.577471e+03
6292.8393 2.410674e+03 2.487382e+03
6294.0662 2.422613e+03 2.500434e+03
6295.2931 2.315069e+03 2.390137e+03
6296.5200 2.343983e+03 2.420699e+03
6297.7469 2.517790e+03 2.600961e+03
6298.9738 2.462043e+03 2.544123e+03
6300.2007 2.390796e+03 2.471230e+03
6301.4276 2.227711e+03 2.303340e+03
6302.6545 2.230286e+03 2.306686e+03
6303.8814 2.358610e+03 2.440129e+03
6305.1084 2.412799e+03 2.496932e+03
6306.3353 2.787179e+03 2.885225e+03
6307.5622 3.025405e+03 3.132764e+03
6308.7891 2.778786e+03 2.878251e+03
6310.0160 2.528959e+03 2.620264e+03
6311.2429 2.461363e+03 2.550989e+03
6312.4698 2.459589e+03 2.549913e+03
6313.6967 2.395899e+03 2.484628e+03
6314.9236 2.443636e+03 2.534892e+03
6316.1505 2.435422e+03 2.527129e+03
6317.3774 2.460810e+03 2.554239e+03
6318.6044 2.521858e+03 2.618392e+03
6319.8313 2.454688e+03 2.549417e+03
6321.0582 2.496630e+03 2.593758e+03
6322.2851 2.510415e+03 2.608864e+03
6323.5120 2.416485e+03 2.512007e+03
6324.7389 2.368782e+03 2.463160e+03
6325.9658 2.367066e+03 2.462119e+03
6327.1927 2.312846e+03 2.406447e+03
6328.4196 2.422751e+03 2.521561e+03
6329.6465 2.437783e+03 2.537972e+03
6330.8735 2.428749e+03 2.529330e+03
6332.1004 2.446129e+03 2.548199e+03
6333.3273 2.497881e+03 2.602896e+03
6334.5542 2.521209e+03 2.627999e+03
6335.7811 2.426677e+03 2.530228e+03
6337.0080 2.531455e+03 2.640274e+03
6338.2349 2.592875e+03 2.705151e+03
6339.4618 2.441952e+03 2.548463e+03
6340.6887 2.485701e+03 2.594905e+03
6341.9156 2.521154e+03 2.632711e+03
6343.1425 2.432576e+03 2.540980e+03
6344.3695 2.393704e+03 2.501132e+03
6345.5964 2.467065e+03 2.578563e+03
6346.8233 2.365134e+03 2.472772e+03
6348.0502 2.351170e+03 2.458914e+03
6349.2771 2.383702e+03 2.493688e+03
6350.5040 2.385670e+03 2.496500e+03
6351.7309 2.434294e+03 2.548151e+03
6352.9578 2.384740e+03 2.497031e+03
6354.1847 2.441562e+03 2.557299e+03
6355.4116 2.503857e+03 2.623335e+03
6356.6386 2.528605e+03 2.650061e+03
6357.8655 2.507747e+03 2.628990e+03
6359.0924 2.472849e+03 2.593183e+03
6360.3193 2.652162e+03 2.782056e+03
6361.5462 2.547575e+03 2.673147e+03
6362.7731 2.492316e+03 2.615947e+03
6364.0000 2.400033e+03 2.519840e+03
6365.2269 2.481025e+03 2.605653e+03
6366.4538 2.418671e+03 2.540926e+03
6367.6807 2.500491e+03 2.627664e+03
6368.9077 2.403750e+03 2.526756e+03
6370.1346 2.458643e+03 2.585226e+03
6371.3615 2.366573e+03 2.489155e+03
6372.5884 2.453851e+03 2.581720e+03
6373.8153 2.523079e+03 2.655342e+03
6375.0422 2.479420e+03 2.610166e+03
6376.2691 2.486969e+03 2.618887e+03
6377.4960 2.499440e+03 2.632796e+03
6378.7229 2.499435e+03 2.633565e+03
6379.9498 2.538480e+03 2.675493e+03
6381.1767 2.445669e+03 2.578429e+03
6382.4037 2.410029e+03 2.541599e+03
6383.6306 2.459332e+03 2.594352e+03
6384.8575 2.507029e+03 2.645440e+03
6386.0844 2.480693e+03 2.618414e+03
6387.3113 2.424349e+03 2.559687e+03
6388.5382 2.535266e+03 2.677572e+03
6389.7651 2.559374e+03 2.703817e+03
6390.9920 2.568193e+03 2.713919e+03
6392.2189 2.475255e+03 2.616463e+03
6393.4458 2.415659e+03 2.554203e+03
6394.6728 2.504718e+03 2.649130e+03
6395.8997 2.525538e+03 2.671917e+03
6397.1266 2.553133e+03 2.701884e+03
6398.3535 2.621711e+03 2.775250e+03
6399.5804 2.580473e+03 2.732375e+03
6400.8073 2.523874e+03 2.673203e+03
6402.0342 2.552058e+03 2.703821e+03
6403.2611 2.491817e+03 2.640744e+03
6404.4880 2.510041e+03 2.660807e+03
6405.7149 2.408162e+03 2.553527e+03
6406.9418 2.406358e+03 2.552330e+03
6408.1688 2.527135e+03 2.681183e+03
6409.3957 2.557635e+03 2.714299e+03
6410.6226 2.551678e+03 2.708730e+03
6411.8495 2.498370e+03 2.652876e+03
6413.0764 2.506668e+03 2.662424e+03
6414.3033 2.423723e+03 2.575034e+03
6415.5302 2.524129e+03 2.682446e+03
6416.7571 2.439247e+03 2.592950e+03
6417.9840 2.482011e+03 2.639129e+03
6419.2109 2.650639e+03 2.819199e+03
6420.4379 2.499932e+03 2.659631e+03
6421.6648 2.491308e+03 2.651173e+03
6422.8917 2.498454e+03 2.659494e+03
6424.1186 2.557714e+03 2.723305e+03
6425.3455 2.471705e+03 2.632432e+03
6426.5724 2.628076e+03 2.799718e+03
6427.7993 2.595285e+03 2.765521e+03
6429.0262 2.500487e+03 2.665209e+03
6430.2531 2.531240e+03 2.698700e+03
6431.4800 2.437097e+03 2.599012e+03
6432.7069 2.619981e+03 2.794778e+03
6433.9339 2.408330e+03 2.569676e+03
6435.1608 2.408168e+03 2.570171e+03
6436.3877 2.473763e+03 2.640862e+03
6437.6146 2.515679e+03 2.686301e+03
6438.8415 2.513911e+03 2.685102e+03
6440.0684 2.424542e+03 2.590310e+03
6441.2953 2.477811e+03 2.647894e+03
6442.5222 2.453395e+03 2.622466e+03
6443.7491 2.530727e+03 2.705810e+03
6444.9760 2.538841e+03 2.715167e+03
6446.2030 2.552395e+03 2.730344e+03
6447.4299 2.534729e+03 2.712122e+03
6448.6568 2.525195e+03 2.702589e+03
6449.8837 2.404475e+03 2.574023e+03
6451.1106 2.403498e+03 2.573609e+03
6452.3375 2.459403e+03 2.634114e+03
6453.5644 2.573067e+03 2.756521e+03
6454.7913 2.607858e+03 2.794469e+03
6456.0182 2.517807e+03 2.698623e+03
6457.2451 2.506488e+03 2.687135e+03
6458.4720 2.510513e+03 2.692091e+03
6459.6990 2.523830e+03 2.707012e+03
6460.9259 2.464294e+03 2.643777e+03
6462.1528 2.463395e+03 2.643432e+03
6463.3797 2.513108e+03 2.697407e+03
6464.6066 2.418576e+03 2.596544e+03
6465.8335 2.323288e+03 2.494819e+03
6467.0604 2.278073e+03 2.446826e+03
6468.2873 2.376593e+03 2.553227e+03
6469.5142 2.399214e+03 2.578112e+03
6470.7411 2.381937e+03 2.560124e+03
6471.9681 2.416225e+03 2.597559e+03
6473.1950 2.344665e+03 2.521189e+03
6474.4219 2.346497e+03 2.523717e+03
6475.6488 2.438347e+03 2.623080e+03
6476.8757 2.280493e+03 2.453803e+03
6478.1026 2.322781e+03 2.499846e+03
6479.3295 2.341415e+03 2.520444e+03
6480.5564 2.394735e+03 2.578393e+03
6481.7833 2.368090e+03 2.550248e+03
6483.0102 2.407971e+03 2.593744e+03
6484.2371 2.359602e+03 2.542177e+03
6485.4641 2.411935e+03 2.599101e+03
6486.6910 2.347680e+03 2.530384e+03
6487.9179 2.456705e+03 2.648438e+03
6489.1448 2.406569e+03 2.594919e+03
6490.3717 2.229173e+03 2.404126e+03
6491.5986 2.405043e+03 2.594320e+03
6492.8255 2.411736e+03 2.602060e+03
6494.0524 2.348786e+03 2.534644e+03
6495.2793 2.394650e+03 2.584645e+03
6496.5062 2.278466e+03 2.459723e+03
6497.7332 2.288698e+03 2.471247e+03
6498.9601 2.441973e+03 2.637254e+03
6500.1870 2.319645e+03 2.505620e+03
6501.4139 2.382397e+03 2.573890e+03
6502.6408 2.447148e+03 2.644341e+03
6503.8677 2.385136e+03 2.577811e+03
6505.0946 2.371813e+03 2.563884e+03
6506.3215 2.416199e+03 2.612341e+03
6507.5484 2.342105e+03 2.532691e+03
6508.7753 2.385801e+03 2.580405e+03
6510.0022 2.393158e+03 2.588823e+03
6511.2292 2.354197e+03 2.547126e+03
6512.4561 2.377234e+03 2.572500e+03
6513.6830 2.395733e+03 2.592967e+03
6514.9099 2.380517e+03 2.576939e+03
6516.1368 2.495796e+03 2.702190e+03
6517.3637 2.532769e+03 2.742682e+03
6518.5906 2.481619e+03 2.687739e+03
6519.8175 2.442079e+03 2.645352e+03
6521.0444 2.438562e+03 2.641973e+03
6522.2713 2.395065e+03 2.595267e+03
6523.4983 2.439734e+03 2.644092e+03
6524.7252 2.396937e+03 2.598121e+03
6525.9521 2.411261e+03 2.614057e+03
6527.1790 2.493902e+03 2.704066e+03
6528.4059 2.418630e+03 2.622852e+03
6529.6328 2.430739e+03 2.636383e+03
6530.8597 2.443642e+03 2.650774e+03
6532.0866 2.395736e+03 2.599192e+03
6533.3135 2.338414e+03 2.537373e+03
6534.5404 2.390041e+03 2.593767e+03
6535.7673 2.346646e+03 2.547037e+03
6536.9943 2.260053e+03 2.453396e+03
6538.2212 2.321569e+03 2.520525e+03
6539.4481 2.439273e+03 2.648681e+03
6540.6750 2.389668e+03 2.595170e+03
6541.9019 2.236526e+03 2.429184e+03
6543.1288 2.389133e+03 2.595280e+03
6544.3557 2.306476e+03 2.505818e+03
6545.5826 2.275251e+03 2.472213e+03
6546.8095 2.295098e+03 2.494095e+03
6548.0364 2.378117e+03 2.584636e+03
6549.2634 2.426824e+03 2.637898e+03
6550.4903 2.398729e+03 2.607677e+03
6551.7172 2.392491e+03 2.601208e+03
6552.9441 2.334306e+03 2.538246e+03
6554.1710 2.336010e+03 2.540395e+03
6555.3979 2.369474e+03 2.577082e+03
6556.6248 2.341093e+03 2.546501e+03
6557.8517 2.274660e+03 2.474513e+03
6559.0786 2.244920e+03 2.442428e+03
6560.3055 2.364553e+03 2.572861e+03
6561.5324 2.360939e+03 2.569201e+03
6562.7594 2.309104e+03 2.513054e+03
6563.9863 2.319709e+03 2.524853e+03
6565.2132 2.398619e+03 2.611001e+03
6566.4401 2.338082e+03 2.545354e+03
6567.6670 2.357181e+03 2.566394e+03
6568.8939 2.410569e+03 2.624769e+03
6570.1208 2.355247e+03 2.564769e+03
6571.3477 2.312044e+03 2.517951e+03
6572.5746 2.300413e+03 2.505508e+03
6573.8015 2.372651e+03 2.584411e+03
6575.0285 2.380210e+03 2.592867e+03
6576.2554 2.342859e+03 2.552392e+03
6577.4823 2.431215e+03 2.648865e+03
6578.7092 2.431421e+03 2.649302e+03
6579.9361 2.423996e+03 2.641417e+03
6581.1630 2.403781e+03 2.619589e+03
6582.3899 2.433559e+03 2.652237e+03
6583.6168 2.384268e+03 2.598705e+03
6584.8437 2.407787e+03 2.624524e+03
6586.0706 2.433052e+03 2.652246e+03
6587.2975 2.402909e+03 2.619562e+03
6588.5245 2.299873e+03 2.507399e+03
6589.7514 2.450842e+03 2.672160e+03
6590.9783 2.447454e+03 2.668629e+03
6592.2052 2.479259e+03 2.703469e+03
6593.4321 2.473158e+03 2.696972e+03
6594.6590 2.413265e+03 2.631806e+03
6595.8859 2.436490e+03 2.657277e+03
6597.1128 2.403219e+03 2.621127e+03
6598.3397 2.354507e+03 2.568127e+03
6599.5666 2.357938e+03 2.571994e+03
6600.7936 2.415825e+03 2.635258e+03
6602.0205 2.392142e+03 2.609540e+03
6603.2474 2.463413e+03 2.687402e+03
6604.4743 2.479840e+03 2.705435e+03
6605.7012 2.444193e+03 2.666648e+03
6606.9281 2.424119e+03 2.644845e+03
6608.1550 2.434704e+03 2.656488e+03
6609.3819 2.463990e+03 2.688532e+03
6610.6088 2.416090e+03 2.636350e+03
6611.8357 2.442525e+03 2.665274e+03
6613.0627 2.492363e+03 2.719733e+03
6614.2896 2.432083e+03 2.654023e+03
6615.5165 2.396598e+03 2.615363e+03
6616.7434 2.370866e+03 2.587340e+03
6617.9703 2.372907e+03 2.589621e+03
6619.1972 2.367566e+03 2.583840e+03
6620.4241 2.286388e+03 2.495289e+03
6621.6510 2.358560e+03 2.574094e+03
6622.8779 2.354638e+03 2.569847e+03
6624.1048 2.352065e+03 2.567067e+03
6625.3317 2.337765e+03 2.551485e+03
6626.5587 2.440609e+03 2.663751e+03
6627.7856 2.324936e+03 2.537518e+03
6629.0125 2.357014e+03 2.572539e+03
6630.2394 2.230583e+03 2.434552e+03
6631.4663 2.392479e+03 2.611253e+03
6632.6932 2.359443e+03 2.575193e+03
6633.9201 2.260897e+03 2.467627e+03
6635.1470 2.276782e+03 2.484952e+03
6636.3739 2.367329e+03 2.583761e+03
6637.6008 2.406412e+03 2.626394e+03
6638.8278 2.203407e+03 2.404806e+03
6640.0547 2.247673e+03 2.453088e+03
6641.2816 2.326173e+03 2.538727e+03
6642.5085 2.332894e+03 2.546022e+03
6643.7354 2.265001e+03 2.471883e+03
6644.9623 2.317480e+03 2.529106e+03
6646.1892 2.251686e+03 2.457252e+03
6647.4161 2.301058e+03 2.511074e+03
6648.6430 2.243147e+03 2.447817e+03
6649.8699 2.332796e+03 2.545579e+03
6651.0968 2.437979e+03 2.660280e+03
6652.3238 2.388024e+03 2.605692e+03
6653.5507 2.272358e+03 2.479405e+03
6654.7776 2.396250e+03 2.614498e+03
6656.0045 2.446905e+03 2.669673e+03
6657.2314 2.301867e+03 2.511338e+03
6658.4583 2.262387e+03 2.468171e+03
6659.6852 2.241120e+03 2.444870e+03
6660.9121 2.309475e+03 2.519334e+03
6662.1390 2.255118e+03 2.459931e+03
6663.3659 2.240679e+03 2.444069e+03
6664.5929 2.273592e+03 2.479853e+03
6665.8198 2.267868e+03 2.473488e+03
6667.0467 2.228762e+03 2.430715e+03
6668.2736 2.300153e+03 2.508443e+03
6669.5005 2.268639e+03 2.473942e+03
6670.7274 2.312503e+03 2.521636e+03
6671.9543 2.241134e+03 2.443673e+03
6673.1812 2.319341e+03 2.528799e+03
6674.4081 2.345758e+03 2.557447e+03
6675.6350 2.335704e+03 2.546328e+03
6676.8619 2.273953e+03 2.478851e+03
6678.0889 2.277092e+03 2.482111e+03
6679.3158 2.268158e+03 2.472207e+03
6680.5427 2.261590e+03 2.464879e+03
6681.7696 2.290989e+03 2.496746e+03
6682.9965 2.370572e+03 2.583291e+03
6684.2234 2.258588e+03 2.461077e+03
6685.4503 2.295214e+03 2.500800e+03
6686.6772 2.300187e+03 2.506026e+03
6687.9041 2.300041e+03 2.505672e+03
6689.1310 2.321855e+03 2.529235e+03
6690.3580 2.283748e+03 2.487523e+03
6691.5849 2.304154e+03 2.509542e+03
6692.8118 2.295355e+03 2.499749e+03
6694.0387 2.279237e+03 2.481983e+03
6695.2656 2.272709e+03 2.474658e+03
6696.4925 2.313347e+03 2.518685e+03
6697.7194 2.297948e+03 2.501693e+03
6698.9463 2.309453e+03 2.513987e+03
6700.1732 2.259924e+03 2.459843e+03
6701.4001 2.367680e+03 2.576887e+03
6702.6270 2.465706e+03 2.683317e+03
6703.8540 2.380046e+03 2.589845e+03
6705.0809 2.237567e+03 2.434565e+03
6706.3078 2.200369e+03 2.393853e+03
6707.5347 2.171708e+03 2.362432e+03
6708.7616 2.290656e+03 2.491569e+03
6709.9885 2.294828e+03 2.495846e+03
6711.2154 2.293398e+03 2.494026e+03
6712.4423 2.279321e+03 2.478451e+03
6713.6692 2.213975e+03 2.407135e+03
6714.8961 2.174148e+03 2.363573e+03
6716.1231 2.192403e+03 2.383153e+03
6717.3500 2.140538e+03 2.326514e+03
6718.5769 2.320238e+03 2.521539e+03
6719.8038 2.296636e+03 2.495602e+03
6721.0307 2.156965e+03 2.343557e+03
6722.2576 2.276928e+03 2.473605e+03
6723.4845 2.368636e+03 2.572929e+03
6724.7114 2.186672e+03 2.374984e+03
6725.9383 2.201590e+03 2.390896e+03
6727.1652 2.209272e+03 2.398944e+03
6728.3921 2.166709e+03 2.352434e+03
6729.6191 2.243011e+03 2.434971e+03
6730.8460 2.293740e+03 2.489726e+03
6732.0729 2.290713e+03 2.486123e+03
6733.2998 2.286762e+03 2.481515e+03
6734.5267 2.264348e+03 2.456871e+03
6735.7536 2.321358e+03 2.518398e+03
6736.9805 2.220010e+03 2.408128e+03
6738.2074 2.189810e+03 2.375052e+03
6739.4343 2.228672e+03 2.416876e+03
6740.6612 2.204603e+03 2.390449e+03
6741.8882 2.185497e+03 2.369408e+03
6743.1151 2.186468e+03 2.370134e+03
6744.3420 2.165493e+03 2.347070e+03
6745.5689 2.191650e+03 2.375087e+03
6746.7958 2.312281e+03 2.505461e+03
6748.0227 2.215838e+03 2.400619e+03
6749.2496 2.262049e+03 2.450333e+03
6750.4765 2.211190e+03 2.394895e+03
6751.7034 2.227284e+03 2.411975e+03
6752.9303 2.282240e+03 2.471127e+03
6754.1572 2.206666e+03 2.388946e+03
6755.3842 2.136907e+03 2.313081e+03
6756.6111 2.180570e+03 2.359992e+03
6757.8380 2.227765e+03 2.410709e+03
6759.0649 2.284056e+03 2.471249e+03
6760.2918 2.235418e+03 2.418257e+03
6761.5187 2.195306e+03 2.374501e+03
6762.7456 2.182375e+03 2.360153e+03
6763.9725 2.221742e+03 2.402354e+03
6765.1994 2.194893e+03 2.372954e+03
6766.4263 2.249376e+03 2.431478e+03
6767.6533 2.137410e+03 2.310085e+03
6768.8802 2.204612e+03 2.382339e+03
6770.1071 2.240634e+03 2.420881e+03
6771.3340 2.250930e+03 2.431618e+03
6772.5609 2.234436e+03 2.413413e+03
6773.7878 2.309809e+03 2.494422e+03
6775.0147 2.309704e+03 2.493906e+03
6776.2416 2.315259e+03 2.499498e+03
6777.4685 2.362472e+03 2.550053e+03
6778.6954 2.308927e+03 2.491849e+03
6779.9223 2.274194e+03 2.453960e+03
6781.1493 2.379681e+03 2.567361e+03
6782.3762 2.830988e+03 3.053757e+03
6783.6031 4.773477e+03 5.148242e+03
6784.8300 7.867076e+03 8.483304e+03
6786.0569 1.105643e+04 1.192048e+04
6787.2838 1.338780e+04 1.443163e+04
6788.5107 1.505609e+04 1.622725e+04
6789.7376 1.533358e+04 1.652353e+04
6790.9645 1.476302e+04 1.590600e+04
6792.1914 1.255155e+04 1.352101e+04
6793.4184 8.822624e+03 9.502444e+03
6794.6453 5.233580e+03 5.635885e+03
6795.8722 3.192511e+03 3.437329e+03
6797.0991 2.447389e+03 2.634614e+03
6798.3260 2.187706e+03 2.354659e+03
6799.5529 2.252157e+03 2.423609e+03
6800.7798 2.237883e+03 2.407831e+03
6802.0067 2.215115e+03 2.382920e+03
6803.2336 2.300324e+03 2.474154e+03
6804.4605 2.261132e+03 2.431576e+03
6805.6874 2.192619e+03 2.357486e+03
6806.9144 2.272253e+03 2.442681e+03
6808.1413 2.303208e+03 2.475523e+03
6809.3682 2.341924e+03 2.516694e+03
6810.5951 2.410690e+03 2.590137e+03
6811.8220 2.308401e+03 2.479796e+03
6813.0489 2.348581e+03 2.522515e+03
6814.2758 2.310560e+03 2.481240e+03
6815.5027 2.229622e+03 2.393899e+03
6816.7296 2.185353e+03 2.345954e+03
6817.9565 2.134999e+03 2.291493e+03
6819.1835 2.035508e+03 2.184323e+03
6820.4104 2.029668e+03 2.177670e+03
6821.6373 2.205611e+03 2.366023e+03
6822.8642 2.213912e+03 2.374506e+03
6824.0911 2.136747e+03 2.291336e+03
6825.3180 2.143638e+03 2.298317e+03
6826.5449 2.211570e+03 2.370729e+03
6827.7718 2.153624e+03 2.308203e+03
6828.9987 2.049749e+03 2.196482e+03
6830.2256 2.173797e+03 2.328996e+03
6831.4526 2.115921e+03 2.266585e+03
6832.6795 2.188916e+03 2.344361e+03
6833.9064 2.075156e+03 2.222129e+03
6835.1333 2.085640e+03 2.232959e+03
6836.3602 2.088598e+03 2.235729e+03
6837.5871 2.057812e+03 2.202384e+03
6838.8140 2.100112e+03 2.247258e+03
6840.0409 2.057182e+03 2.200930e+03
6841.2678 2.031864e+03 2.173459e+03
6842.4947 2.100077e+03 2.246029e+03
6843.7216 2.110932e+03 2.257240e+03
6844.9486 2.161147e+03 2.310529e+03
6846.1755 2.067481e+03 2.210000e+03
6847.4024 2.043004e+03 2.183453e+03
6848.6293 2.095344e+03 2.238998e+03
6849.8562 2.196227e+03 2.346387e+03
6851.0831 2.068712e+03 2.209768e+03
6852.3100 2.081096e+03 2.222608e+03
6853.5369 2.177312e+03 2.324963e+03
6854.7638 2.124168e+03 2.267821e+03
6855.9907 2.110768e+03 2.253125e+03
6857.2177 2.095361e+03 2.236292e+03
6858.4446 2.138375e+03 2.281807e+03
6859.6715 2.076067e+03 2.214938e+03
6860.8984 1.993338e+03 2.126312e+03
6862.1253 1.877953e+03 2.002887e+03
6863.3522 1.629600e+03 1.737716e+03
6864.5791 1.747933e+03 1.863583e+03
6865.8060 1.655099e+03 1.764308e+03
6867.0329 1.565133e+03 1.668124e+03
6868.2598 1.474391e+03 1.571147e+03
6869.4867 1.573056e+03 1.676006e+03
6870.7137 1.511589e+03 1.610248e+03
6871.9406 1.487501e+03 1.584324e+03
6873.1675 1.481152e+03 1.577301e+03
6874.3944 1.559590e+03 1.660557e+03
6875.6213 1.576372e+03 1.678150e+03
6876.8482 1.611887e+03 1.715678e+03
6878.0751 1.650898e+03 1.756915e+03
6879.3020 1.742921e+03 1.854547e+03
6880.5289 1.788834e+03 1.903094e+03
6881.7558 1.855183e+03 1.973364e+03
6882.9828 1.859101e+03 1.977217e+03
6884.2097 1.814575e+03 1.929555e+03
6885.4366 1.763098e+03 1.874521e+03
6886.6635 1.742565e+03 1.852399e+03
6887.8904 1.723186e+03 1.831513e+03
6889.1173 1.850473e+03 1.966497e+03
6890.3442 1.724208e+03 1.832032e+03
6891.5711 1.728854e+03 1.836688e+03
6892.7980 1.808296e+03 1.920792e+03
6894.0249 1.795566e+03 1.906982e+03
6895.2518 1.660838e+03 1.763629e+03
6896.4788 1.733555e+03 1.840572e+03
6897.7057 1.726496e+03 1.832805e+03
6898.9326 1.801485e+03 1.912130e+03
6900.1595 1.777067e+03 1.885937e+03
6901.3864 1.754149e+03 1.861346e+03
6902.6133 1.858421e+03 1.971706e+03
6903.8402 1.788673e+03 1.897436e+03
6905.0671 1.855284e+03 1.967818e+03
6906.2940 2.002251e+03 2.123402e+03
6907.5209 1.966821e+03 2.085538e+03
6908.7479 1.977307e+03 2.096368e+03
6909.9748 1.949856e+03 2.066981e+03
6911.2017 1.969056e+03 2.087052e+03
6912.4286 2.033738e+03 2.155321e+03
6913.6555 2.052460e+03 2.174873e+03
6914.8824 1.912940e+03 2.026766e+03
6916.1093 1.858971e+03 1.969329e+03
6917.3362 1.894314e+03 2.006512e+03
6918.5631 1.957406e+03 2.073076e+03
6919.7900 1.932833e+03 2.046792e+03
6921.0169 1.830656e+03 1.938350e+03
6922.2439 1.784376e+03 1.889115e+03
6923.4708 1.795055e+03 1.900189e+03
6924.6977 1.863855e+03 1.972781e+03
6925.9246 1.855235e+03 1.963424e+03
6927.1515 1.969263e+03 2.083857e+03
6928.3784 1.883683e+03 1.993066e+03
6929.6053 1.883114e+03 1.992237e+03
6930.8322 1.868204e+03 1.976240e+03
6932.0591 1.830296e+03 1.935925e+03
6933.2860 1.871898e+03 1.979711e+03
6934.5130 1.870268e+03 1.977774e+03
6935.7399 1.875202e+03 1.982781e+03
6936.9668 1.887848e+03 1.995943e+03
6938.1937 1.868752e+03 1.975550e+03
6939.4206 1.736802e+03 1.835874e+03
6940.6475 1.777734e+03 1.878953e+03
6941.8744 1.812658e+03 1.915679e+03
6943.1013 1.866539e+03 1.972432e+03
6944.3282 2.127507e+03 2.247994e+03
6945.5551 2.235026e+03 2.361384e+03
6946.7820 2.260601e+03 2.388188e+03
6948.0090 2.275643e+03 2.403864e+03
6949.2359 2.341441e+03 2.473155e+03
6950.4628 2.224973e+03 2.349935e+03
6951.6897 2.124522e+03 2.243655e+03
6952.9166 2.016154e+03 2.129037e+03
6954.1435 1.858501e+03 1.962400e+03
6955.3704 1.786533e+03 1.886263e+03
6956.5973 1.943274e+03 2.051598e+03
6957.8242 2.029234e+03 2.142191e+03
6959.0511 2.036895e+03 2.150125e+03
6960.2781 2.096635e+03 2.213032e+03
6961.5050 2.265066e+03 2.390651e+03
6962.7319 2.243503e+03 2.367737e+03
6963.9588 2.241701e+03 2.365684e+03
6965.1857 2.273190e+03 2.398767e+03
6966.4126 2.259431e+03 2.384105e+03
6967.6395 2.115724e+03 2.232341e+03
6968.8664 2.133259e+03 2.250717e+03
6970.0933 2.021367e+03 2.132551e+03
6971.3202 1.996607e+03 2.106322e+03
6972.5471 1.988382e+03 2.097542e+03
6973.7741 1.910596e+03 2.015392e+03
6975.0010 1.874890e+03 1.977639e+03
6976.2279 1.826697e+03 1.926724e+03
6977.4548 1.771276e+03 1.868192e+03
6978.6817 1.820277e+03 1.919802e+03
6979.9086 1.895362e+03 1.998921e+03
6981.1355 1.923773e+03 2.028817e+03
6982.3624 1.834025e+03 1.934108e+03
6983.5893 1.758858e+03 1.854787e+03
6984.8162 1.767809e+03 1.864176e+03
6986.0432 1.875276e+03 1.977454e+03
6987.2701 1.812059e+03 1.910750e+03
6988.4970 1.889468e+03 1.992337e+03
6989.7239 1.866550e+03 1.968139e+03
6990.9508 1.804613e+03 1.902803e+03
6992.1777 1.906402e+03 2.010106e+03
6993.4046 1.876904e+03 1.978983e+03
6994.6315 1.886906e+03 1.989516e+03
6995.8584 1.897705e+03 2.000893e+03
6997.0853 1.789450e+03 1.886746e+03
6998.3122 1.785522e+03 1.882605e+03
6999.5392 1.826360e+03 1.925669e+03
7000.7661 1.834148e+03 1.933891e+03
7001.9930 1.870122e+03 1.971836e+03
7003.2199 1.812021e+03 1.910595e+03
7004.4468 1.798755e+03 1.896632e+03
7005.6737 1.850512e+03 1.951235e+03
7006.9006 1.776521e+03 1.873250e+03
7008.1275 1.748286e+03 1.843516e+03
7009.3544 1.765429e+03 1.861637e+03
7010.5813 1.859269e+03 1.960641e+03
7011.8083 1.894015e+03 1.997338e+03
7013.0352 1.825279e+03 1.924913e+03
7014.2621 1.836099e+03 1.936389e+03
7015.4890 1.718469e+03 1.812400e+03
7016.7159 1.873943e+03 1.976451e+03
7017.9428 1.780247e+03 1.877708e+03
7019.1697 1.739660e+03 1.834980e+03
7020.3966 1.835359e+03 1.936015e+03
7021.6235 1.887826e+03 1.991460e+03
7022.8504 1.793278e+03 1.891822e+03
7024.0773 1.797422e+03 1.896299e+03
7025.3043 1.784770e+03 1.883062e+03
7026.5312 1.756709e+03 1.853569e+03
7027.7581 1.753798e+03 1.850617e+03
7028.9850 1.826380e+03 1.927334e+03
7030.2119 1.879021e+03 1.983023e+03
7031.4388 1.862117e+03 1.965327e+03
7032.6657 1.880024e+03 1.984376e+03
7033.8926 1.878204e+03 1.982611e+03
7035.1195 1.895810e+03 2.001359e+03
7036.3464 1.857486e+03 1.961066e+03
7037.5734 1.787798e+03 1.887657e+03
7038.8003 1.829332e+03 1.931685e+03
7040.0272 1.753486e+03 1.851767e+03
7041.2541 1.810350e+03 1.912001e+03
7042.4810 1.899366e+03 2.006214e+03
7043.7079 1.930375e+03 2.039175e+03
7044.9348 1.847470e+03 1.951802e+03
7046.1617 1.898965e+03 2.006421e+03
7047.3886 1.826116e+03 1.929664e+03
7048.6155 1.854990e+03 1.960397e+03
7049.8425 1.852876e+03 1.958392e+03
7051.0694 1.775221e+03 1.876540e+03
7052.2963 1.851865e+03 1.957799e+03
7053.5232 1.837176e+03 1.942514e+03
7054.7501 1.750590e+03 1.851203e+03
7055.9770 1.806035e+03 1.910085e+03
7057.2039 1.865004e+03 1.972718e+03
7058.4308 1.880164e+03 1.989028e+03
7059.6577 1.907573e+03 2.018309e+03
7060.8846 1.883029e+03 1.992628e+03
7062.1115 1.812882e+03 1.918681e+03
7063.3385 1.764917e+03 1.868198e+03
7064.5654 1.837210e+03 1.945020e+03
7065.7923 1.893202e+03 2.004612e+03
7067.0192 1.896926e+03 2.008876e+03
7068.2461 1.846575e+03 1.955873e+03
7069.4730 1.828185e+03 1.936715e+03
7070.6999 1.842595e+03 1.952312e+03
7071.9268 1.817545e+03 1.926102e+03
7073.1537 1.775419e+03 1.881790e+03
7074.3806 1.744402e+03 1.849246e+03
7075.6076 1.847122e+03 1.958495e+03
7076.8345 1.886284e+03 2.000388e+03
7078.0614 1.817105e+03 1.927387e+03
7079.2883 1.774121e+03 1.882155e+03
7080.5152 1.784384e+03 1.893412e+03
7081.7421 1.844099e+03 1.957163e+03
7082.9690 1.838434e+03 1.951542e+03
7084.1959 1.925324e+03 2.044196e+03
7085.4228 1.902905e+03 2.020812e+03
7086.6497 1.848257e+03 1.963192e+03
7087.8766 1.825231e+03 1.939148e+03
7089.1036 1.867636e+03 1.984631e+03
7090.3305 1.869270e+03 1.986805e+03
7091.5574 1.852445e+03 1.969362e+03
7092.7843 1.749680e+03 1.860533e+03
7094.0112 1.798196e+03 1.912563e+03
7095.2381 1.939498e+03 2.063333e+03
7096.4650 1.846573e+03 1.964940e+03
7097.6919 1.741510e+03 1.853587e+03
7098.9188 1.656979e+03 1.764045e+03
7100.1457 1.881223e+03 2.003271e+03
7101.3727 1.736309e+03 1.849418e+03
7102.5996 1.796095e+03 1.913583e+03
7103.8265 1.797990e+03 1.916092e+03
7105.0534 1.787033e+03 1.904910e+03
7106.2803 1.713703e+03 1.827222e+03
7107.5072 1.768787e+03 1.886458e+03
7108.7341 1.821795e+03 1.943514e+03
7109.9610 1.821208e+03 1.943417e+03
7111.1879 1.771953e+03 1.891379e+03
7112.4148 1.763806e+03 1.883208e+03
7113.6417 1.745786e+03 1.864495e+03
7114.8687 1.717441e+03 1.834747e+03
7116.0956 1.800814e+03 1.924370e+03
7117.3225 1.825783e+03 1.951623e+03
7118.5494 1.777964e+03 1.901068e+03
7119.7763 1.799734e+03 1.924921e+03
7121.0032 1.760597e+03 1.883630e+03
7122.2301 1.754934e+03 1.878145e+03
7123.4570 1.727361e+03 1.849207e+03
7124.6839 1.849112e+03 1.980163e+03
7125.9108 1.824986e+03 1.954942e+03
7127.1378 1.819621e+03 1.949817e+03
7128.3647 1.857781e+03 1.991347e+03
7129.5916 1.949949e+03 2.090820e+03
7130.8185 1.981900e+03 2.125777e+03
7132.0454 1.927085e+03 2.067668e+03
7133.2723 1.796011e+03 1.927677e+03
7134.4992 1.815947e+03 1.949733e+03
7135.7261 1.829905e+03 1.965390e+03
7136.9530 1.774251e+03 1.906271e+03
7138.1799 1.748911e+03 1.879699e+03
7139.4068 1.779888e+03 1.913664e+03
7140.6338 1.818774e+03 1.956165e+03
7141.8607 1.788659e+03 1.924462e+03
7143.0876 1.745770e+03 1.878995e+03
7144.3145 1.743001e+03 1.876697e+03
7145.5414 1.644326e+03 1.771103e+03
7146.7683 1.695887e+03 1.827315e+03
7147.9952 1.733128e+03 1.868141e+03
7149.2221 1.724385e+03 1.859416e+03
7150.4490 1.797367e+03 1.938849e+03
7151.6759 1.655413e+03 1.786406e+03
7152.9029 1.717232e+03 1.853832e+03
7154.1298 1.702979e+03 1.839161e+03
7155.3567 1.641492e+03 1.773453e+03
7156.5836 1.712125e+03 1.850497e+03
7157.8105 1.736314e+03 1.877389e+03
7159.0374 1.777878e+03 1.923103e+03
7160.2643 1.760641e+03 1.905229e+03
7161.4912 1.685912e+03 1.825108e+03
7162.7181 1.623832e+03 1.758626e+03
7163.9450 1.658631e+03 1.797059e+03
7165.1719 1.704729e+03 1.847775e+03
7166.3989 1.645052e+03 1.783841e+03
7167.6258 1.644968e+03 1.784506e+03
7168.8527 1.590762e+03 1.726439e+03
7170.0796 1.478449e+03 1.605237e+03
7171.3065 1.521908e+03 1.653139e+03
7172.5334 1.454276e+03 1.580364e+03
7173.7603 1.385388e+03 1.506165e+03
7174.9872 1.381503e+03 1.502605e+03
7176.2141 1.341742e+03 1.460008e+03
7177.4410 1.455612e+03 1.584625e+03
7178.6680 1.369168e+03 1.491193e+03
7179.8949 1.441396e+03 1.570572e+03
7181.1218 1.434764e+03 1.564061e+03
7182.3487 1.374101e+03 1.498620e+03
7183.5756 1.329852e+03 1.451033e+03
7184.8025 1.406584e+03 1.535473e+03
7186.0294 1.384723e+03 1.512318e+03
7187.2563 1.315875e+03 1.437805e+03
7188.4832 1.373470e+03 1.501449e+03
7189.7101 1.335998e+03 1.461184e+03
7190.9370 1.256443e+03 1.374835e+03
7192.1640 1.336881e+03 1.463560e+03
7193.3909 1.366909e+03 1.497162e+03
7194.6178 1.381272e+03 1.513634e+03
7195.8447 1.327395e+03 1.455311e+03
7197.0716 1.297716e+03 1.423476e+03
7198.2985 1.316025e+03 1.444278e+03
7199.5254 1.320626e+03 1.450054e+03
7200.7523 1.338396e+03 1.470305e+03
7201.9792 1.366130e+03 1.501533e+03
7203.2061 1.293343e+03 1.422255e+03
7204.4331 1.371282e+03 1.508735e+03
7205.6600 1.425533e+03 1.569230e+03
7206.8869 1.419634e+03 1.563546e+03
7208.1138 1.471754e+03 1.621792e+03
7209.3407 1.557071e+03 1.716704e+03
7210.5676 1.571434e+03 1.733450e+03
7211.7945 1.582416e+03 1.746486e+03
7213.0214 1.622426e+03 1.791594e+03
7214.2483 1.546886e+03 1.709089e+03
7215.4752 1.513596e+03 1.673205e+03
7216.7021 1.560934e+03 1.726464e+03
7217.9291 1.560706e+03 1.727146e+03
7219.1560 1.475890e+03 1.634173e+03
7220.3829 1.593200e+03 1.765028e+03
7221.6098 1.512548e+03 1.676597e+03
7222.8367 1.552249e+03 1.721552e+03
7224.0636 1.530612e+03 1.698495e+03
7225.2905 1.428292e+03 1.585834e+03
7226.5174 1.488164e+03 1.653233e+03
7227.7443 1.459893e+03 1.622737e+03
7228.9712 1.505626e+03 1.674515e+03
7230.1982 1.422494e+03 1.582953e+03
7231.4251 1.313800e+03 1.462829e+03
7232.6520 1.428911e+03 1.591905e+03
7233.8789 1.394706e+03 1.554689e+03
7235.1058 1.410464e+03 1.573159e+03
7236.3327 1.304248e+03 1.455533e+03
7237.5596 1.300649e+03 1.452357e+03
7238.7865 1.309435e+03 1.463021e+03
7240.0134 1.272364e+03 1.422432e+03
7241.2403 1.349412e+03 1.509453e+03
7242.4672 1.197807e+03 1.340657e+03
7243.6942 1.288240e+03 1.442727e+03
7244.9211 1.413066e+03 1.583462e+03
7246.1480 1.231634e+03 1.380974e+03
7247.3749 1.221449e+03 1.370372e+03
7248.6018 1.265863e+03 1.421053e+03
7249.8287 1.349020e+03 1.515316e+03
7251.0556 1.328616e+03 1.493299e+03
7252.2825 1.375385e+03 1.546802e+03
7253.5094 1.307091e+03 1.470890e+03
7254.7363 1.400021e+03 1.576427e+03
7255.9633 1.323389e+03 1.491051e+03
7257.1902 1.329394e+03 1.498736e+03
7258.4171 1.379041e+03 1.555665e+03
7259.6440 1.401540e+03 1.582022e+03
7260.8709 1.344105e+03 1.518132e+03
7262.0978 1.340558e+03 1.515067e+03
7263.3247 1.318398e+03 1.490952e+03
7264.5516 1.273189e+03 1.440727e+03
7265.7785 1.294874e+03 1.466184e+03
7267.0054 1.317294e+03 1.492508e+03
7268.2324 1.331064e+03 1.509061e+03
7269.4593 1.395014e+03 1.582562e+03
7270.6862 1.414125e+03 1.605261e+03
7271.9131 1.388917e+03 1.577648e+03
7273.1400 1.273856e+03 1.447875e+03
7274.3669 1.257340e+03 1.430017e+03
7275.5938 1.238082e+03 1.409017e+03
7276.8207 1.314366e+03 1.496793e+03
7278.0476 1.228298e+03 1.399681e+03
7279.2745 1.177713e+03 1.342904e+03
7280.5014 1.222002e+03 1.394308e+03
7281.7284 1.243290e+03 1.419518e+03
7282.9553 1.334863e+03 1.525062e+03
7284.1822 1.366734e+03 1.562491e+03
7285.4091 1.260347e+03 1.441808e+03
7286.6360 1.291846e+03 1.478809e+03
7287.8629 1.341734e+03 1.536925e+03
7289.0898 1.261897e+03 1.446424e+03
7290.3167 1.222711e+03 1.402431e+03
7291.5436 1.267367e+03 1.454610e+03
7292.7705 1.301887e+03 1.495218e+03
7293.9975 1.231381e+03 1.415179e+03
7295.2244 1.330435e+03 1.530034e+03
7296.4513 1.428952e+03 1.644423e+03
7297.6782 1.445981e+03 1.665129e+03
7298.9051 1.339979e+03 1.544092e+03
7300.1320 1.339069e+03 1.544076e+03
7301.3589 1.302636e+03 1.503070e+03
7302.5858 1.207688e+03 1.394449e+03
7303.8127 1.265558e+03 1.462249e+03
7305.0396 1.420274e+03 1.642116e+03
7306.2665 1.532537e+03 1.773108e+03
7307.4935 1.410015e+03 1.632455e+03
7308.7204 1.371655e+03 1.589117e+03
7309.9473 1.387503e+03 1.608566e+03
7311.1742 1.363869e+03 1.582240e+03
7312.4011 1.411447e+03 1.638547e+03
7313.6280 1.442272e+03 1.675470e+03
7314.8549 1.459211e+03 1.696302e+03
7316.0818 1.296033e+03 1.507638e+03
7317.3087 1.298462e+03 1.511495e+03
7318.5356 1.274461e+03 1.484569e+03
7319.7626 1.244616e+03 1.450797e+03
7320.9895 1.375211e+03 1.604123e+03
7322.2164 1.434479e+03 1.674404e+03
7323.4433 1.380066e+03 1.611996e+03
7324.6702 1.358237e+03 1.587588e+03
7325.8971 1.411980e+03 1.651542e+03
7327.1240 1.381889e+03 1.617457e+03
7328.3509 1.384150e+03 1.621220e+03
7329.5778 1.401585e+03 1.642773e+03
7330.8047 1.378647e+03 1.617003e+03
7332.0316 1.293212e+03 1.517845e+03
7333.2586 1.302279e+03 1.529543e+03
7334.4855 1.189726e+03 1.398315e+03
7335.7124 1.358212e+03 1.597445e+03
7336.9393 1.318540e+03 1.551859e+03
7338.1662 1.438535e+03 1.694262e+03
7339.3931 1.402422e+03 1.652875e+03
7340.6200 1.320859e+03 1.557825e+03
7341.8469 1.241426e+03 1.465158e+03
7343.0738 1.334062e+03 1.575584e+03
7344.3007 1.326207e+03 1.567395e+03
7345.5277 1.312857e+03 1.552695e+03
7346.7546 1.338295e+03 1.583882e+03
7347.9815 1.353070e+03 1.602482e+03
7349.2084 1.320807e+03 1.565360e+03
7350.4353 1.345978e+03 1.596303e+03
7351.6622 1.445256e+03 1.715238e+03
7352.8891 1.463400e+03 1.737982e+03
7354.1160 1.429195e+03 1.698542e+03
7355.3429 1.409598e+03 1.676419e+03
7356.5698 1.350388e+03 1.607121e+03
7357.7967 1.418967e+03 1.689915e+03
7359.0237 1.460154e+03 1.740179e+03
7360.2506 1.477820e+03 1.762461e+03
7361.4775 1.424375e+03 1.699907e+03
7362.7044 1.405826e+03 1.678940e+03
7363.9313 1.396139e+03 1.668534e+03
7365.1582 1.458722e+03 1.744543e+03
7366.3851 1.384054e+03 1.656399e+03
7367.6120 1.347371e+03 1.613623e+03
7368.8389 1.319012e+03 1.580761e+03
7370.0658 1.331786e+03 1.597184e+03
7371.2928 1.344367e+03 1.613396e+03
7372.5197 1.380755e+03 1.658220e+03
7373.7466 1.447176e+03 1.739200e+03
7374.9735 1.520097e+03 1.828108e+03
7376.2004 1.536696e+03 1.849358e+03
7377.4273 1.605290e+03 1.933254e+03
7378.6542 1.669200e+03 2.011620e+03
7379.8811 1.646792e+03 1.985997e+03
7381.1080 1.686775e+03 2.035632e+03
7382.3349 1.717818e+03 2.074536e+03
7383.5618 1.713967e+03 2.071325e+03
7384.7888 1.702919e+03 2.059405e+03
7386.0157 1.710835e+03 2.070415e+03
7387.2426 1.628471e+03 1.972109e+03
7388.4695 1.514770e+03 1.835689e+03
7389.6964 1.470496e+03 1.783271e+03
7390.9233 1.384761e+03 1.680466e+03
7392.1502 1.361012e+03 1.652791e+03
7393.3771 1.411753e+03 1.715598e+03
7394.6040 1.431238e+03 1.740482e+03
7395.8309 1.310636e+03 1.594925e+03
7397.0579 1.341213e+03 1.633265e+03
7398.2848 1.500582e+03 1.828600e+03
7399.5117 1.530715e+03 1.866609e+03
7400.7386 1.484810e+03 1.811883e+03
7401.9655 1.502158e+03 1.834317e+03
7403.1924 1.501040e+03 1.834218e+03
7404.4193 1.437074e+03 1.757265e+03
7405.6462 1.448044e+03 1.771900e+03
7406.8731 1.460787e+03 1.788725e+03
7408.1000 1.410864e+03 1.728784e+03
7409.3269 1.422356e+03 1.744065e+03
7410.5539 1.451131e+03 1.780572e+03
7411.7808 1.423899e+03 1.748358e+03
7413.0077 1.423297e+03 1.748820e+03
7414.2346 1.482149e+03 1.822382e+03
7415.4615 1.396578e+03 1.718348e+03
7416.6884 1.362186e+03 1.677181e+03
7417.9153 1.466208e+03 1.806495e+03
7419.1422 1.451649e+03 1.789781e+03
7420.3691 1.523793e+03 1.880017e+03
7421.5960 1.523449e+03 1.880877e+03
7422.8230 1.454983e+03 1.797577e+03
7424.0499 1.490798e+03 1.843083e+03
7425.2768 1.466236e+03 1.813955e+03
7426.5037 1.467693e+03 1.816997e+03
7427.7306 1.455535e+03 1.803175e+03
7428.9575 1.401991e+03 1.738026e+03
7430.1844 1.426153e+03 1.769185e+03
7431.4113 1.476848e+03 1.833322e+03
7432.6382 1.391113e+03 1.728069e+03
7433.8651 1.356323e+03 1.685998e+03
7435.0920 1.495927e+03 1.860800e+03
7436.3190 1.516006e+03 1.887058e+03
7437.5459 1.492638e+03 1.859233e+03
7438.7728 1.474958e+03 1.838459e+03
7439.9997 1.375769e+03 1.715990e+03
7441.2266 1.412838e+03 1.763422e+03
7442.4535 1.449860e+03 1.810859e+03
7443.6804 1.421330e+03 1.776430e+03
7444.9073 1.330283e+03 1.663764e+03
7446.1342 1.358062e+03 1.699659e+03
7447.3611 1.419391e+03 1.777618e+03
7448.5881 1.447721e+03 1.814326e+03
7449.8150 1.465257e+03 1.837547e+03
7451.0419 1.434024e+03 1.799598e+03
7452.2688 1.452595e+03 1.824138e+03
7453.4957 1.455055e+03 1.828465e+03
7454.7226 1.342363e+03 1.687996e+03
7455.9495 1.366190e+03 1.719122e+03
7457.1764 1.433689e+03 1.805280e+03
7458.4033 1.458479e+03 1.837740e+03
7459.6302 1.410400e+03 1.778363e+03
7460.8571 1.468891e+03 1.853370e+03
7462.0841 1.431212e+03 1.807052e+03
7463.3110 1.377092e+03 1.739900e+03
7464.5379 1.445083e+03 1.827043e+03
7465.7648 1.426160e+03 1.804342e+03
7466.9917 1.390585e+03 1.760528e+03
7468.2186 1.627789e+03 2.062237e+03
7469.4455 1.198341e+03 1.519203e+03
7470.6724 2.643777e+02 3.353943e+02
7471.8993 0.000000e+00 0.000000e+00
7473.1262 0.000000e+00 0.000000e+00
7474.3532 0.000000e+00 0.000000e+00
7475.5801 0.000000e+00 0.000000e+00
