3800.70680976563 6.45667302240473e-19
3801.950769530681 5.11403585611409e-19
3803.194729295733 4.516915480576883e-19
3804.4386890607843 5.89459374953038e-19
3805.682648825834 4.978437565204162e-19
3806.926608590885 5.1380729573928305e-19
3808.1705683559358 5.520286916717101e-19
3809.414528120988 6.554744194772792e-19
3810.6584878860385 4.806679106273717e-19
3811.902447651089 3.640132637800117e-19
3813.1464074161404 5.112430552007868e-19
3814.3903671811922 5.760456112933585e-19
3815.6343269462423 6.9041444098498495e-19
3816.878286711293 7.903002584441372e-19
3818.122246476344 6.365254230387212e-19
3819.366206241396 5.829436118263785e-19
3820.610166006446 6.30080844880672e-19
3821.854125771497 8.048090197353463e-19
3823.0980855365483 1.1079326889815157e-18
3824.3420453016 9.156614049339282e-19
3825.58600506665 6.690036103740607e-19
3826.8299648317006 7.04785661680012e-19
3828.0739245967525 7.336827211613807e-19
3829.3178843618034 5.84992973044074e-19
3830.5618441268543 4.451025510567527e-19
3831.8058038919053 5.059760212603951e-19
3833.0497636569567 6.093352140903481e-19
3834.293723422008 6.772494595196807e-19
3835.537683187058 7.2581673355869865e-19
3836.781642952109 6.1014759531585e-19
3838.025602717161 4.255261238359644e-19
3839.2695624822113 4.735780722333897e-19
3840.513522247262 7.038936335372942e-19
3841.7574820123127 4.623361215057807e-19
3843.0014417773646 3.9798908431485307e-19
3844.2454015424155 5.764147285384014e-19
3845.489361307466 4.627659766401342e-19
3846.7333210725174 6.168057016528956e-19
3847.977280837569 1.0907816991940933e-18
3849.221240602619 1.0655511607403536e-18
3850.46520036767 7.289784656485867e-19
3851.709160132721 5.344094840358267e-19
3852.953119897773 6.47385290126417e-19
3854.197079662823 6.059898941224719e-19
3855.441039427874 5.878445386806068e-19
3856.6849991929253 7.857922635562521e-19
3857.9289589579757 6.565655286772302e-19
3859.172918723027 6.461483337774331e-19
3860.4168784880776 7.056202805835931e-19
3861.660838253129 6.74616920572394e-19
3862.904798018181 5.976747183903729e-19
3864.1487577832313 6.529604652048492e-19
3865.392717548282 6.0224451707432345e-19
3866.636677313333 4.796612788448228e-19
3867.8806370783836 4.257742690343521e-19
3869.124596843435 5.499838957897725e-19
3870.368556608486 7.351415664518803e-19
3871.612516373537 5.894994731479129e-19
3872.8564761385883 5.959823820493754e-19
3874.1004359036388 4.741001370430995e-19
3875.3443956686897 3.475801416737683e-19
3876.588355433741 4.92524341706695e-19
3877.8323151987925 6.487148289358499e-19
3879.076274963843 7.888769451858005e-19
3880.3202347288934 4.815693283714787e-19
3881.564194493945 3.8822243251758405e-19
3882.808154258996 6.486299143710157e-19
3884.052114024047 6.063405598411152e-19
3885.2960737890976 4.639972815180797e-19
3886.540033554149 5.015198374394577e-19
3887.7839933192 7.251257881620988e-19
3889.027953084251 6.363448583238989e-19
3890.2719128493018 4.886984633977345e-19
3891.5158726143527 6.623882593050541e-19
3892.759832379404 6.668332233629587e-19
3894.0037921444546 4.893896576290236e-19
3895.2477519095055 4.459350232433419e-19
3896.491711674557 5.895932038718254e-19
3897.7356714396083 5.376045382454813e-19
3898.9796312046587 4.2797299289710666e-19
3900.2235909697088 5.103594800184211e-19
3901.4675507347606 6.045105667327951e-19
3902.711510499812 6.196527074830454e-19
3903.9554702648634 6.2129406950953935e-19
3905.1994300299134 9.255766602928954e-19
3906.443389794965 8.516487706746152e-19
3907.6873495600157 5.281362961741253e-19
3908.9313093250666 4.867510553619037e-19
3910.1752690901167 7.810761038692523e-19
3911.4192288551685 7.096074263521303e-19
3912.66318862022 6.356690512861364e-19
3913.9071483852713 9.139749849212624e-19
3915.151108150321 7.788710994342213e-19
3916.3950679153727 6.571053436883636e-19
3917.639027680424 7.673893821183473e-19
3918.8829874454746 4.97042320233901e-19
3920.126947210525 4.873134799267276e-19
3921.3709069755764 8.159063674263943e-19
3922.614866740628 7.564790263615185e-19
3923.858826505679 5.378073303962217e-19
3925.102786270729 5.266268576457634e-19
3926.346746035781 6.942975804325949e-19
3927.5907058008315 6.848142706315133e-19
3928.8346655658825 5.710240103037554e-19
3930.0786253309334 6.493576483217551e-19
3931.322585095984 6.761995855759264e-19
3932.566544861036 5.897847140831315e-19
3933.810504626086 5.735708454102045e-19
3935.0544643911376 7.037854342154829e-19
3936.298424156189 5.672692057762667e-19
3937.5423839212403 4.9447375368323245e-19
3938.78634368629 6.867415875579194e-19
3940.0303034513418 5.698328406382171e-19
3941.2742632163927 4.567069433566703e-19
3942.518222981444 5.2643901753559915e-19
3943.7621827464945 5.150642280535617e-19
3945.0061425115455 7.422953638650872e-19
3946.250102276597 7.832201988798897e-19
3947.4940620416482 9.492506961074298e-19
3948.7380218066983 1.0489404080173934e-18
3949.9819815717497 8.726249177334154e-19
3951.225941336801 5.402748553819138e-19
3952.469901101852 4.981883058040564e-19
3953.713860866902 7.15852332230119e-19
3954.9578206319534 6.429854270175816e-19
3956.2017803970048 5.766009584524068e-19
3957.445740162056 5.728752721126906e-19
3958.689699927106 5.631376921823117e-19
3959.9336596921567 6.30534961579881e-19
3961.1776194572085 5.414346115199369e-19
3962.4215792222594 4.983786890974403e-19
3963.6655389873104 6.323016217708524e-19
3964.9094987523613 5.200586083502498e-19
3966.1534585174127 5.298977680003058e-19
3967.397418282464 6.708582554483228e-19
3968.641378047514 6.729379407302067e-19
3969.885337812565 6.497372518526321e-19
3971.129297577617 5.911627477974553e-19
3972.3732573426673 6.224197187630696e-19
3973.617217107718 6.224097818489888e-19
3974.8611768727687 5.528766867097204e-19
3976.1051366378206 7.2871612745135e-19
3977.3490964028715 6.203095546476439e-19
3978.593056167922 4.516338929961255e-19
3979.8370159329734 6.057740875087902e-19
3981.0809756980243 7.591344644642553e-19
3982.3249354630752 7.13226170856738e-19
3983.568895228126 6.247203301844695e-19
3984.812854993177 7.534088136002629e-19
3986.056814758229 6.139502004876482e-19
3987.300774523279 4.012908181635487e-19
3988.54473428833 4.653107859675434e-19
3989.7886940533813 5.19139627819565e-19
3991.0326538184318 5.066228626625447e-19
3992.276613583483 5.911208956286226e-19
3993.5205733485336 7.175222695120038e-19
3994.764533113585 5.301472269863382e-19
3996.008492878637 4.577227857910875e-19
3997.2524526436873 5.286197873518072e-19
3998.496412408738 5.508631158160091e-19
3999.740372173789 5.967807587854976e-19
4000.9843319388397 4.889430636571478e-19
4002.228291703891 3.6544158382356723e-19
4003.472251468942 3.43970130831623e-19
4004.716211233993 5.122059188508141e-19
4005.960170999044 6.061776622537023e-19
4007.2041307640948 5.23925779005364e-19
4008.4480905291457 4.2497881121586574e-19
4009.692050294197 4.942724507873556e-19
4010.9360100592485 5.231992445260515e-19
4012.179969824299 5.389078429457542e-19
4013.4239295893494 5.441283729639206e-19
4014.667889354401 4.750093127812856e-19
4015.911849119452 4.989076037020982e-19
4017.155808884503 7.081831272326858e-19
4018.3997686495536 6.941017782934217e-19
4019.643728414605 5.936973928765318e-19
4020.887688179656 4.457169605748366e-19
4022.131647944707 6.272383560370792e-19
4023.375607709758 4.504957021770956e-19
4024.6195674748087 5.499131612800887e-19
4025.86352723986 5.317535790516231e-19
4027.1074870049106 5.017677183077404e-19
4028.3514467699615 5.785029803042426e-19
4029.595406535013 7.009418891491523e-19
4030.8393663000643 7.61256880694065e-19
4032.0833260651148 6.702930066247401e-19
4033.3272858301652 4.341429769635019e-19
4034.5712455952166 5.6892593000311495e-19
4035.815205360268 5.856447587373012e-19
4037.0591651253194 5.438402858658503e-19
4038.3031248903694 5.322464561498872e-19
4039.5470846554213 5.919628193625001e-19
4040.7910444204717 5.714248344123486e-19
4042.0350041855227 4.409552484984127e-19
4043.278963950574 4.522761310279068e-19
4044.5229237156254 4.439719527485134e-19
4045.766883480676 4.289693610896912e-19
4047.0108432457273 5.378089641736033e-19
4048.254803010778 6.692474232239299e-19
4049.498762775829 6.5633553324560495e-19
4050.74272254088 6.626019856818697e-19
4051.9866823059306 6.5287147730633775e-19
4053.230642070982 6.090976796717553e-19
4054.474601836033 7.263753919766287e-19
4055.718561601084 7.864579710653239e-19
4056.962521366135 6.529081869045152e-19
4058.2064811311857 4.953597558238438e-19
4059.450440896237 4.559078465235338e-19
4060.6944006612875 5.167896301962603e-19
4061.9383604263385 5.327685087822766e-19
4063.18232019139 4.726303606000618e-19
4064.4262799564412 3.5889405095444753e-19
4065.6702397214917 4.1964999404955307e-19
4066.914199486542 5.045294580780026e-19
4068.1581592515936 4.678933208316825e-19
4069.402119016645 5.332423197057361e-19
4070.6460787816964 4.982404106965598e-19
4071.890038546746 3.784457587912988e-19
4073.1339983117978 4.78501009051891e-19
4074.3779580768487 4.059600677210432e-19
4075.6219178419 4.2063922681985554e-19
4076.8658776069506 5.772570210634476e-19
4078.1098373720015 5.0264262656195655e-19
4079.353797137053 5.253145558635711e-19
4080.5977569021043 6.270977933475867e-19
4081.841716667154 5.185423564758212e-19
4083.0856764322057 4.256156938313671e-19
4084.329636197257 5.01072981390062e-19
4085.573595962308 5.349566185398843e-19
4086.817555727358 5.400038779820271e-19
4088.0615154924094 4.578391422412256e-19
4089.305475257461 4.1855372398240243e-19
4090.549435022512 3.946929511388327e-19
4091.793394787562 3.849514725996805e-19
4093.0373545526136 4.633623404143143e-19
4094.2813143176645 5.588206191259923e-19
4095.5252740827154 4.854984434598276e-19
4096.769233847766 4.679937350742466e-19
4098.013193612817 5.147296225691513e-19
4099.257153377868 4.716834606008092e-19
4100.50111314292 4.028150974106221e-19
4101.74507290797 5.210300578846975e-19
4102.989032673021 5.578192414424552e-19
4104.232992438073 5.2508520808931095e-19
4105.476952203124 5.457902925421162e-19
4106.720911968174 5.500913305492523e-19
4107.964871733225 5.336402666177515e-19
4109.208831498277 4.946816743701319e-19
4110.4527912633275 5.534662510367694e-19
4111.696751028378 6.027578617505086e-19
4112.940710793429 4.897160247111578e-19
4114.18467055848 5.117828135832868e-19
4115.428630323531 5.994750466711771e-19
4116.672590088582 5.11216299766646e-19
4117.916549853633 4.86119102359681e-19
4119.160509618685 4.667680682803017e-19
4120.404469383735 4.357024702353623e-19
4121.648429148786 5.565018447763534e-19
4122.892388913837 5.287650552578819e-19
4124.136348678889 4.507587208370694e-19
4125.380308443939 4.0630921500261164e-19
4126.62426820899 5.060818757175909e-19
4127.8682279740415 6.137229863350521e-19
4129.112187739093 5.724098193549059e-19
4130.356147504143 5.390463587420458e-19
4131.600107269194 5.596997629046428e-19
4132.844067034245 5.543441172103897e-19
4134.088026799296 5.552727861661769e-19
4135.331986564347 5.291045806642046e-19
4136.575946329398 5.341840121148979e-19
4137.819906094449 5.113132988862033e-19
4139.0638658595 5.894079627666932e-19
4140.307825624551 6.555484017231563e-19
4141.551785389602 4.795597305671311e-19
4142.795745154653 4.75621874729654e-19
4144.0397049197045 6.945957205983049e-19
4145.283664684755 6.493529057254475e-19
4146.527624449806 4.370378029957886e-19
4147.771584214857 6.083994076638088e-19
4149.015543979908 5.679331182776767e-19
4150.259503744959 3.954314748516554e-19
4151.50346351001 5.027703863285355e-19
4152.747423275061 6.058254871010665e-19
4153.991383040112 5.069863678865555e-19
4155.235342805163 4.948992796104633e-19
4156.479302570214 6.093079604161594e-19
4157.723262335266 6.331357594110822e-19
4158.967222100317 5.484299609240987e-19
4160.211181865367 6.290761135984748e-19
4161.455141630418 6.735981343837856e-19
4162.6991013954685 5.6744599026051405e-19
4163.94306116052 5.122704435639489e-19
4165.18702092557 5.2151821609379285e-19
4166.430980690622 7.132162921730906e-19
4167.674940455673 5.7544982544063e-19
4168.918900220724 5.871412844026727e-19
4170.162859985775 6.139334124568466e-19
4171.406819750826 5.273097578283128e-19
4172.650779515878 4.638314636277504e-19
4173.894739280928 6.912145378352021e-19
4175.138699045979 6.7416340835952985e-19
4176.38265881103 6.208566171077296e-19
4177.6266185760815 5.681363271218708e-19
4178.8705783411315 7.066724954804488e-19
4180.114538106183 7.209300787378044e-19
4181.358497871234 7.323976306053835e-19
4182.602457636285 7.309150000882198e-19
4183.846417401336 6.902055461708714e-19
4185.090377166387 7.579880712072789e-19
4186.334336931438 7.608017325798918e-19
4187.578296696489 7.378666825740912e-19
4188.82225646154 7.12573779931283e-19
4190.066216226591 7.241139512633318e-19
4191.310175991642 7.610286498559571e-19
4192.554135756693 7.3505619567745035e-19
4193.798095521744 6.896360617017725e-19
4195.0420552867945 7.14714989159875e-19
4196.286015051845 7.29462935617498e-19
4197.529974816897 7.158897308584673e-19
4198.773934581948 7.799450724241073e-19
4200.017894346998 7.823678012294218e-19
4201.26185411205 7.644923369545422e-19
4202.505813877101 7.683286068087944e-19
4203.749773642152 7.293556430696671e-19
4204.993733407202 6.891902548653117e-19
4206.237693172254 7.505893199830066e-19
4207.481652937305 7.625685477184259e-19
4208.725612702357 6.910453615803169e-19
4209.969572467407 7.408575057471878e-19
4211.2135322324575 8.013354206721481e-19
4212.457491997509 7.742762357351288e-19
4213.70145176256 7.6405480748101525e-19
4214.945411527609 7.203412789352476e-19
4216.189371292661 8.074186345089739e-19
4217.433331057713 8.831095439144583e-19
4218.677290822764 6.755577571191246e-19
4219.921250587814 7.398650368799062e-19
4221.165210352866 8.559699515571557e-19
4222.409170117917 8.024672007800245e-19
4223.653129882968 7.095566333139052e-19
4224.897089648019 7.628725296549473e-19
4226.14104941307 7.973722633286108e-19
4227.3850091781205 7.917753114239136e-19
4228.628968943172 8.091201956093199e-19
4229.872928708222 8.391392240759633e-19
4231.116888473273 8.339536929733936e-19
4232.360848238324 9.023393088209488e-19
4233.604808003376 8.950337811615158e-19
4234.848767768427 8.979261456476465e-19
4236.092727533477 8.87222918077702e-19
4237.336687298529 8.636768018334085e-19
4238.58064706358 8.568212780156542e-19
4239.824606828632 8.134765247294469e-19
4241.068566593681 8.318509994335272e-19
4242.312526358733 9.440909118237538e-19
4243.5564861237835 8.834067039338964e-19
4244.8004458888345 8.463232932475429e-19
4246.0444056538845 7.990422458351672e-19
4247.288365418936 8.176786418203527e-19
4248.532325183987 8.823719654796671e-19
4249.776284949039 8.823240217558481e-19
4251.020244714089 7.99690877234668e-19
4252.264204479141 8.10334039009972e-19
4253.508164244191 9.05189153836985e-19
4254.752124009243 9.626621574446017e-19
4255.996083774293 9.170237602066857e-19
4257.240043539345 8.955879393197487e-19
4258.484003304395 8.6555182677859055e-19
4259.727963069447 8.683593697990069e-19
4260.9719228344975 8.814874981083166e-19
4262.215882599549 8.991347711990813e-19
4263.459842364599 9.257685792033521e-19
4264.70380212965 8.599850641140935e-19
4265.947761894701 7.896759867635278e-19
4267.191721659752 7.590530382661066e-19
4268.435681424803 8.24784443440503e-19
4269.679641189854 8.405651494577091e-19
4270.923600954905 7.264850116285347e-19
4272.167560719956 6.803609860767009e-19
4273.411520485007 6.793438284048987e-19
4274.655480250058 6.39458634479739e-19
4275.899440015109 6.1292466226067095e-19
4277.1433997801605 6.330288212772995e-19
4278.387359545211 6.383379340397651e-19
4279.631319310262 6.887102736890432e-19
4280.875279075313 7.175172684018845e-19
4282.119238840364 7.1258350827957315e-19
4283.363198605415 7.216449532409687e-19
4284.607158370466 7.769970512214722e-19
4285.851118135517 7.802275979191088e-19
4287.095077900568 7.287094121744626e-19
4288.339037665619 7.915810184987242e-19
4289.58299743067 7.3923372702640375e-19
4290.826957195722 7.448797387347111e-19
4292.070916960773 7.546455147080493e-19
4293.314876725823 7.506016671961199e-19
4294.5588364908745 8.32202582766118e-19
4295.8027962559245 8.384834274070777e-19
4297.046756020976 8.244500158348391e-19
4298.290715786026 7.968675174849221e-19
4299.534675551078 8.118706455672994e-19
4300.778635316129 8.603885253283906e-19
4302.02259508118 7.517936657349185e-19
4303.266554846231 7.298257320417794e-19
4304.510514611282 8.115316186675816e-19
4305.754474376333 7.205463051677052e-19
4306.998434141384 6.687385851713602e-19
4308.242393906434 6.992666766655792e-19
4309.486353671486 6.438457528421671e-19
4310.7303134365375 6.688755187130708e-19
4311.9742732015875 6.786214335169347e-19
4313.218232966639 6.394343486310429e-19
4314.46219273169 6.748661300431407e-19
4315.706152496741 6.73768760661346e-19
4316.950112261792 6.531251306769699e-19
4318.194072026843 6.717904454106557e-19
4319.438031791894 6.873738791498752e-19
4320.681991556945 7.519374744514269e-19
4321.925951321996 7.796703209236286e-19
4323.169911087047 8.160988248174442e-19
4324.413870852098 8.313059122740913e-19
4325.657830617149 8.251471607357876e-19
4326.9017903822 7.884870574034176e-19
4328.1457501472505 8.1962565078058535e-19
4329.389709912301 8.710363789218717e-19
4330.633669677353 9.002352501804667e-19
4331.877629442404 9.062929517288773e-19
4333.121589207455 8.134817048397065e-19
4334.365548972506 8.031933505392769e-19
4335.609508737557 9.145538568850293e-19
4336.853468502608 9.546636834801285e-19
4338.097428267659 9.127921185325553e-19
4339.34138803271 8.605661213224868e-19
4340.585347797761 9.310089095550189e-19
4341.829307562813 9.400380946498737e-19
4343.073267327863 9.501730195568653e-19
4344.3172270929135 1.0185434436906646e-18
4345.561186857965 9.990658101558803e-19
4346.805146623016 1.0490047837363122e-18
4348.049106388067 1.0018709369342194e-18
4349.293066153117 9.952240171930857e-19
4350.537025918169 1.021832425069036e-18
4351.78098568322 1.0328293044770325e-18
4353.024945448271 9.883015429742617e-19
4354.268905213322 9.517657845626492e-19
4355.512864978373 1.0384404522669985e-18
4356.756824743424 1.0575004899528301e-18
4358.000784508475 1.0424261287157277e-18
4359.244744273526 9.826009287175646e-19
4360.4887040385765 9.931017400726225e-19
4361.732663803628 1.1003228293047038e-18
4362.976623568678 1.0695254569157146e-18
4364.220583333729 1.0629583342044656e-18
4365.46454309878 1.0860272476560021e-18
4366.708502863832 1.0745016530085884e-18
4367.952462628882 1.0798898067339524e-18
4369.196422393933 1.073849492605648e-18
4370.440382158985 1.0575066597718158e-18
4371.684341924036 1.0587141638941117e-18
4372.928301689088 1.1146618844743896e-18
4374.172261454138 1.148065489757793e-18
4375.416221219189 1.0217389265791214e-18
4376.66018098424 9.994113484094569e-19
4377.9041407492905 1.0670026352339654e-18
4379.1481005143405 1.0636509313206709e-18
4380.392060279392 1.0244768886127992e-18
4381.636020044443 1.0492800718639757e-18
4382.879979809495 1.0445183822095342e-18
4384.123939574546 9.723370127995105e-19
4385.367899339597 1.0020727826225356e-18
4386.611859104647 1.0360305423235624e-18
4387.855818869699 9.784834163099062e-19
4389.09977863475 1.011621358400206e-18
4390.343738399801 1.0413961349046699e-18
4391.587698164851 1.0774928809260905e-18
4392.831657929903 1.0462613474576556e-18
4394.0756176949535 1.090125397674165e-18
4395.319577460005 1.088431957156598e-18
4396.563537225055 1.059207802543448e-18
4397.807496990106 1.0349985503395677e-18
4399.051456755158 1.0495921316536222e-18
4400.295416520208 1.0911996610076828e-18
4401.539376285259 1.0904548574242597e-18
4402.78333605031 1.062050024539255e-18
4404.027295815362 1.0133555463309797e-18
4405.271255580412 1.058213400745694e-18
4406.515215345463 1.0884801218796192e-18
4407.759175110514 1.100050772833553e-18
4409.003134875566 1.109852121167364e-18
4410.247094640616 1.1030903017642004e-18
4411.4910544056675 1.1405646938564106e-18
4412.735014170718 1.162262258780716e-18
4413.978973935769 1.0677567077930921e-18
4415.22293370082 1.0803757527846061e-18
4416.466893465871 1.1559642739352676e-18
4417.710853230922 1.1735660415931066e-18
4418.954812995973 1.1423214563078125e-18
4420.198772761024 1.0878807429685308e-18
4421.442732526075 1.0793722637106524e-18
4422.686692291126 1.0554652154907209e-18
4423.930652056178 1.1047766739401237e-18
4425.174611821229 1.137991481036043e-18
4426.418571586279 1.0466806928172305e-18
4427.6625313513305 1.0271797886042516e-18
4428.9064911163805 1.061493201675661e-18
4430.150450881432 1.0520947852598501e-18
4431.394410646482 1.0669682907288784e-18
4432.638370411534 1.0990812824908689e-18
4433.882330176585 1.1616839354034764e-18
4435.126289941636 1.0430411989374649e-18
4436.370249706687 1.0461954932304718e-18
4437.614209471738 1.1308247691070948e-18
4438.858169236789 1.1653562532234199e-18
4440.10212900184 1.199581507473265e-18
4441.346088766892 1.1296814891897208e-18
4442.590048531942 1.2152700579458186e-18
4443.8340082969935 1.2985287355854342e-18
4445.0779680620435 1.3137473427525941e-18
4446.321927827095 1.2699325186977416e-18
4447.565887592146 1.1721999836187057e-18
4448.809847357197 1.1546059774789885e-18
4450.053807122248 1.2270697364739014e-18
4451.297766887299 1.227055060862196e-18
4452.54172665235 1.173743495352001e-18
4453.785686417401 1.1546714631482441e-18
4455.029646182452 1.0621107426703529e-18
4456.273605947503 9.31243118937707e-19
4457.517565712554 1.2112501121451933e-18
4458.761525477605 1.2415677434451918e-18
4460.005485242656 1.1791972045130713e-18
4461.249445007707 1.1251991882991668e-18
4462.4934047727575 1.1514310644563425e-18
4463.737364537809 1.12122434730155e-18
4464.98132430286 1.081147241837001e-18
4466.225284067911 1.1250452812336636e-18
4467.469243832962 1.1990010329902661e-18
4468.713203598013 1.1341850491461475e-18
4469.957163363064 1.1501071103806785e-18
4471.201123128115 1.1743965214999052e-18
4472.445082893166 1.1377703592460296e-18
4473.689042658217 1.1353667576896541e-18
4474.933002423269 1.1622563443562133e-18
4476.176962188319 1.1100889954236449e-18
4477.4209219533695 1.0754672218391893e-18
4478.664881718421 1.1464866319238668e-18
4479.908841483472 1.1587439732885174e-18
4481.152801248523 1.0936928973965897e-18
4482.396761013573 1.1027064407364064e-18
4483.640720778625 1.164444371593272e-18
4484.884680543676 1.164787534591143e-18
4486.128640308727 1.113777726980664e-18
4487.372600073778 1.1256451149199233e-18
4488.616559838829 1.1704611807830358e-18
4489.86051960388 1.1436980731828698e-18
4491.104479368931 1.1285925326550931e-18
4492.3484391339825 9.430396301382253e-19
4493.592398899033 9.711265645197753e-19
4494.836358664084 1.2160211537027362e-18
4498.568237959236 1.166664527433491e-18
4499.812197724288 1.1203379498736517e-18
4501.056157489339 1.8361817925041637e-18
4502.30011725439 1.128824006021023e-18
4503.544077019441 1.0334276717675117e-18
4504.788036784492 1.0774430417111033e-18
4506.031996549544 1.0238743117600692e-18
4507.275956314594 1.1249250796610753e-18
4508.519916079645 1.1345855729594828e-18
4509.763875844696 1.174330890845983e-18
4511.0078356097465 1.144951410987799e-18
4512.251795374797 1.0944463205037093e-18
4513.495755139848 1.583153440031097e-18
4514.739714904899 9.299655417704033e-19
4515.983674669951 1.1133650078443842e-18
4517.227634435002 1.1127132049686082e-18
4518.471594200053 9.861526928228325e-19
4519.715553965103 9.833513256412938e-19
4520.959513730155 1.154262052471817e-18
4522.203473495206 1.1760705611099089e-18
4523.447433260257 1.0810541221917178e-18
4524.691393025307 1.1366093892109818e-18
4525.935352790359 1.1997001643979429e-18
4527.1793125554095 1.1375630003051674e-18
4528.423272320461 1.0578597007130597e-18
4529.667232085511 1.0757211052767372e-18
4530.911191850562 1.1003136364273625e-18
4532.155151615614 1.0589759975880372e-18
4533.399111380664 1.125202306039739e-18
4534.643071145715 1.1254046199383478e-18
4535.887030910766 1.027885158904259e-18
4537.130990675818 1.0050222489501024e-18
4538.374950440869 1.0218484031462974e-18
4539.618910205919 1.0531833282255724e-18
4540.86286997097 1.0429138788867805e-18
4542.106829736022 1.0843897206888097e-18
4543.350789501072 9.829326605882805e-19
4544.594749266124 1.1280475761327474e-18
4545.838709031174 1.3373480343973589e-18
4547.082668796225 1.0287843395262309e-18
4548.326628561276 9.862993985947016e-19
4549.570588326328 1.05536534043885e-18
4550.814548091378 1.0614405542120905e-18
4552.058507856429 1.0657217777118884e-18
4553.30246762148 1.0546161695663488e-18
4554.546427386532 1.0352941924004693e-18
4555.790387151582 1.0474623255474609e-18
4557.034346916634 1.0194267544513957e-18
4558.278306681685 1.007543179956483e-18
4559.5222664467365 1.0301210000560701e-18
4560.7662262117865 1.022938454291351e-18
4562.0101859768365 1.0032946234745826e-18
4563.254145741888 9.66504299558243e-19
4564.498105506939 9.637315290868997e-19
4565.74206527199 1.0319005534640516e-18
4566.986025037041 1.063846172942038e-18
4568.229984802092 1.018761257645512e-18
4569.473944567143 9.86894069266655e-19
4570.717904332194 1.005304924857248e-18
4571.961864097245 1.0294184304858121e-18
4573.205823862296 9.275609154190733e-19
4574.449783627348 9.132588409686604e-19
4575.693743392398 1.0082566538496025e-18
4576.9377031574495 1.0123021869930877e-18
4578.1816629224995 9.935611346212397e-19
4579.425622687551 1.0168208006312851e-18
4580.669582452602 1.0056858980953772e-18
4581.913542217653 9.644650670103384e-19
4583.157501982704 9.904751734760238e-19
4584.401461747755 1.020465422998319e-18
4585.645421512806 9.844582805507357e-19
4586.889381277857 9.21873204338509e-19
4588.133341042908 9.126774364369713e-19
4589.377300807959 9.43342576521195e-19
4590.62126057301 9.426688667674331e-19
4591.865220338061 8.811126416577208e-19
4593.109180103112 8.330842963022432e-19
4594.353139868163 7.661714543023842e-19
4595.5970996332135 7.937902299751764e-19
4596.841059398265 8.920765253258603e-19
4598.085019163316 9.03875739441546e-19
4599.328978928367 8.361921323385524e-19
4600.572938693418 8.759401918311713e-19
4601.816898458469 9.066059023926232e-19
4603.06085822352 8.677282738865207e-19
4604.304817988571 8.782143917200883e-19
4605.548777753622 8.626190798163676e-19
4606.792737518673 9.114026258093941e-19
4608.036697283725 9.109495131638802e-19
4609.280657048775 9.603642460613246e-19
4610.5246168138265 1.0079087563126346e-18
4611.768576578877 9.779683111686513e-19
4613.012536343928 9.645278500001576e-19
4614.256496108979 8.484546240677703e-19
4615.50045587403 9.652914916380337e-19
4616.744415639081 9.758804748562722e-19
4617.988375404132 9.585470728916732e-19
4619.232335169183 9.036201857012465e-19
4620.476294934234 8.427344860325884e-19
4621.720254699285 8.525761673555472e-19
4622.964214464336 9.26461173332335e-19
4624.208174229387 9.341288221135432e-19
4625.452133994439 8.518785068910875e-19
4626.696093759489 8.053541506547378e-19
4627.94005352454 8.420544766126307e-19
4629.18401328959 8.240270774563126e-19
4630.427973054642 9.068028287357134e-19
4631.671932819692 9.261046880859374e-19
4632.915892584744 8.4095978442171285e-19
4634.159852349795 8.54233441726652e-19
4635.403812114846 9.04003799705456e-19
4636.647771879897 8.877891952423909e-19
4637.891731644948 8.945254389440732e-19
4639.13569141 8.809122344077234e-19
4640.37965117505 8.158746142578426e-19
4641.623610940101 7.970813365900413e-19
4642.867570705152 8.546416032604051e-19
4644.1115304702025 8.555279613696141e-19
4645.3554902352535 7.927347641887052e-19
4646.599450000304 8.292234851553244e-19
4647.843409765355 8.56225869977182e-19
4649.087369530407 8.914105439314666e-19
4650.331329295458 8.874425976926613e-19
4651.575289060509 8.668827838068534e-19
4652.81924882556 9.096983725996978e-19
4654.063208590611 8.863473864431655e-19
4655.307168355662 9.059291760913056e-19
4656.551128120713 9.274775507423377e-19
4657.795087885764 9.342815486449414e-19
4659.039047650815 9.13796304271886e-19
4660.2830074158655 8.978717239753926e-19
4661.526967180917 8.757362302512003e-19
4662.770926945967 8.349983127329114e-19
4664.014886711018 8.325057526185631e-19
4665.25884647607 8.403737758449249e-19
4666.50280624112 8.70253727052317e-19
4667.746766006172 8.790330661734919e-19
4668.990725771222 9.224613701189244e-19
4670.234685536274 9.112768138760016e-19
4671.478645301325 8.020585981622054e-19
4672.722605066376 8.076916115984596e-19
4673.966564831426 8.258728986184109e-19
4675.210524596478 7.883881511867619e-19
4676.454484361528 8.18343489627372e-19
4677.69844412658 7.700919400242639e-19
4678.94240389163 7.758994158221971e-19
4680.186363656681 7.683890727720683e-19
4681.430323421732 8.150260308124833e-19
4682.674283186784 9.10593735045594e-19
4683.918242951834 8.574990875101841e-19
4685.162202716885 8.655922193203625e-19
4686.406162481936 8.740605844726935e-19
4687.650122246988 8.652135017251382e-19
4688.894082012038 9.157497096605846e-19
4690.13804177709 9.604965376123554e-19
4691.382001542141 1.0096899770435862e-18
4692.6259613071925 1.0346470544219481e-18
4693.8699210722425 1.031342902645081e-18
4695.1138808372925 1.0205537404277251e-18
4696.357840602344 1.0041919469852144e-18
4697.601800367395 9.832790640262397e-19
4698.845760132446 9.338179535110177e-19
4700.089719897497 9.76381266132547e-19
4701.333679662548 1.0253915922917386e-18
4702.5776394276 9.572194093469493e-19
4703.821599192651 9.773818134587553e-19
4705.065558957701 9.72309267147775e-19
4706.309518722752 9.82439123772153e-19
4707.553478487804 1.0759799126985698e-18
4708.7974382528555 1.0435394540046776e-18
4710.041398017905 9.853553302757434e-19
4711.2853577829555 1.0455463778745589e-18
4712.529317548007 1.032301985257891e-18
4713.773277313058 9.598497279239314e-19
4715.017237078109 9.513111043460918e-19
4716.26119684316 9.68588475983896e-19
4717.505156608211 9.777828866438437e-19
4718.749116373263 1.052596904795684e-18
4719.993076138313 1.0987047876598625e-18
4721.237035903364 1.1376259766955725e-18
4722.480995668415 1.0371572972206285e-18
4723.724955433466 1.015317182085724e-18
4724.968915198517 1.0625905627459448e-18
4726.212874963568 1.0082602269892198e-18
4727.4568347286195 1.1041750490328108e-18
4728.70079449367 1.1699687794496076e-18
4729.944754258721 1.0775395620382925e-18
4731.188714023772 1.0629523831746641e-18
4732.432673788823 1.1289297342792033e-18
4733.676633553874 1.0714907478603842e-18
4734.920593318925 9.514571930542068e-19
4736.164553083976 9.824562707663378e-19
4737.408512849027 1.06246618157451e-18
4738.652472614078 1.1258574950773917e-18
4739.896432379129 1.1142468744236828e-18
4741.140392144181 1.1377159872659956e-18
4742.384351909231 1.1296742623293113e-18
4743.6283116742825 1.0533898787961934e-18
4744.872271439333 1.1738210632081938e-18
4746.116231204384 1.2488485054231505e-18
4747.360190969435 1.1838009082701828e-18
4748.604150734486 1.1674106944508396e-18
4749.848110499537 1.163429866135675e-18
4751.092070264588 1.1679070524389794e-18
4752.336030029639 1.118210698558503e-18
4753.57998979469 1.070927192373804e-18
4754.823949559741 1.0891910596204809e-18
4756.067909324792 1.112838703069646e-18
4757.311869089843 1.1299331545707076e-18
4758.555828854895 1.0855362928718698e-18
4759.799788619945 1.0286857320756945e-18
4761.043748384996 1.0234696751545264e-18
4762.2877081500465 9.679797695582941e-19
4763.531667915098 1.0155321112992762e-18
4764.775627680148 1.061656235506099e-18
4766.0195874452 9.947584655647225e-19
4767.263547210251 1.0192176105129814e-18
4768.507506975302 9.85220438813678e-19
4769.751466740353 9.28415792271601e-19
4770.995426505404 9.721952033419302e-19
4772.239386270456 1.0440649012452065e-18
4773.483346035506 1.057567975597205e-18
4774.727305800557 1.0028455897923511e-18
4775.971265565608 1.0352501509608505e-18
4777.2152253306585 1.147401825517034e-18
4778.4591850957095 1.1872117643889685e-18
4779.70314486076 1.117078312138165e-18
4780.947104625812 1.1134169385109928e-18
4782.191064390863 1.0645687662982853e-18
4783.435024155914 1.0932660836494796e-18
4784.678983920965 1.0907418554336521e-18
4785.922943686016 1.0991240356382761e-18
4787.166903451067 1.044915902043578e-18
4788.410863216118 9.956098535997522e-19
4789.654822981169 1.0553300599093031e-18
4790.89878274622 1.081442139744069e-18
4792.142742511271 1.0684977930595608e-18
4793.386702276322 1.0773607082112226e-18
4794.630662041373 1.0476500044144232e-18
4795.874621806423 1.0830009633448649e-18
4797.118581571474 1.1363502426141852e-18
4798.362541336526 1.1012884088790885e-18
4799.606501101576 1.0805017325822854e-18
4800.850460866628 1.1582806806573725e-18
4802.094420631678 1.1597842358134556e-18
4803.33838039673 1.1482763790496624e-18
4804.582340161781 1.1653619362065622e-18
4805.826299926832 1.185729702604036e-18
4807.070259691882 1.1582778179264936e-18
4808.314219456934 1.1004441023597505e-18
4809.558179221984 1.1443354756054648e-18
4810.802138987036 1.1141207969293073e-18
4812.046098752087 1.1080871036612374e-18
4813.290058517137 1.1050852992763053e-18
4814.534018282187 1.1402032357373113e-18
4815.77797804724 1.1655983725341086e-18
4817.021937812291 1.102530256963564e-18
4818.265897577341 1.111968555949522e-18
4819.509857342392 1.0794016564592182e-18
4820.753817107444 1.2257038155025705e-18
4821.997776872495 1.2492950917761406e-18
4823.241736637546 1.2774647264221505e-18
4824.485696402597 1.2469584369531424e-18
4825.7296561676485 1.1485520583665528e-18
4826.9736159326985 1.1617030257588953e-18
4828.217575697749 1.1379129151520257e-18
4829.4615354628 1.1197612132753313e-18
4830.705495227851 1.163754648047162e-18
4831.949454992903 1.2031575325800469e-18
4833.193414757953 1.1362541247220056e-18
4834.437374523004 1.190710140108647e-18
4835.681334288056 1.2548215942317464e-18
4836.925294053107 1.2605067992695585e-18
4838.169253818157 1.2516056410036373e-18
4839.413213583208 1.1528139613906313e-18
4840.65717334826 1.1754500057256233e-18
4841.9011331133115 1.235378149856132e-18
4843.145092878361 1.2546662688039317e-18
4844.389052643412 1.218150412767052e-18
4845.633012408463 1.2501395850323718e-18
4846.876972173514 1.2964931246349056e-18
4848.120931938565 1.2460396606667277e-18
4849.364891703616 1.153319034667908e-18
4850.608851468667 1.1283572668281089e-18
4851.852811233719 1.2624300543851398e-18
4853.096770998769 1.2827566355361784e-18
4854.34073076382 1.2620418633398848e-18
4855.584690528871 1.2831897999225965e-18
4856.828650293923 1.2423712484534326e-18
4858.072610058973 1.253373168946006e-18
4859.316569824024 1.2732035384646292e-18
4860.5605295890755 1.332988817464606e-18
4861.804489354126 1.3167808793783254e-18
4863.048449119177 1.3642331198320817e-18
4864.292408884229 1.3424735004107533e-18
4865.536368649279 1.380955630434308e-18
4866.78032841433 1.3526430477771957e-18
4868.024288179381 1.2962688122495778e-18
4869.268247944432 1.3962252080068753e-18
4870.512207709483 1.3570460170601702e-18
4871.756167474534 1.287465665825064e-18
4873.000127239585 1.30914528050507e-18
4874.244087004636 1.3588858996287094e-18
4875.488046769687 1.3963528144360414e-18
4876.7320065347385 1.3922420891322671e-18
4877.975966299789 1.3535539400440053e-18
4879.21992606484 1.4351746850321184e-18
4880.463885829891 1.3265356435120457e-18
4881.707845594942 1.28979880036953e-18
4882.951805359993 1.3727868752189796e-18
4884.195765125044 1.3110958849863633e-18
4885.439724890095 1.2993740527311412e-18
4886.683684655146 1.2849910090284956e-18
4887.927644420197 1.3281410108366711e-18
4889.171604185248 1.3002419274074689e-18
4890.415563950299 1.3090260641431842e-18
4891.659523715351 1.3082733148106277e-18
4892.903483480401 1.3832899143654793e-18
4894.147443245452 1.412809232538339e-18
4895.3914030105025 1.3976458844489772e-18
4896.635362775554 1.390538938202904e-18
4897.879322540604 1.4069984958547845e-18
4899.123282305656 1.3967826237520938e-18
4900.367242070707 1.4207074120167494e-18
4901.611201835758 1.4735166749782873e-18
4902.855161600809 1.4555811505177218e-18
4904.09912136586 1.380336970748573e-18
4905.343081130911 1.4355333257770941e-18
4906.587040895962 1.4392956247159646e-18
4907.831000661013 1.3467765271860072e-18
4909.074960426064 1.4000312845405151e-18
4910.318920191115 1.3616041776178096e-18
4911.5628799561655 1.3820057695847112e-18
4912.806839721216 1.3789984661899126e-18
4914.050799486268 1.313507917398472e-18
4915.294759251319 1.369539682434425e-18
4916.53871901637 1.3548971928248773e-18
4917.782678781421 1.3488810271155914e-18
4919.026638546472 1.3941483891553848e-18
4920.270598311523 1.4235569655042837e-18
4921.514558076574 1.3369708370812428e-18
4922.758517841625 1.3076548191829097e-18
4924.002477606676 1.3046775962606608e-18
4925.246437371727 1.2979313440974188e-18
4926.490397136778 1.3156925091947397e-18
4927.734356901829 1.3133880110703684e-18
4928.978316666879 1.3307325228222576e-18
4930.222276431931 1.345487254296205e-18
4931.466236196982 1.2881126995457228e-18
4932.710195962033 1.333619291766995e-18
4933.954155727084 1.3638984299899712e-18
4935.198115492135 1.328049323216219e-18
4936.442075257186 1.4034527314336398e-18
4937.686035022237 1.3379784318935857e-18
4938.929994787288 1.3900789178712273e-18
4940.173954552339 1.3582270084148316e-18
4941.41791431739 1.3284863733724426e-18
4942.66187408244 1.3513908847640585e-18
4943.905833847492 1.2883156359824585e-18
4945.149793612543 1.3422813450964592e-18
4946.393753377593 1.3834819151189534e-18
4947.637713142643 1.3409549628101894e-18
4948.881672907696 1.3129869848681208e-18
4950.125632672747 1.379069127529322e-18
4951.369592437797 1.3497078067675425e-18
4952.613552202848 1.3886270402494117e-18
4953.8575119679 1.4210551699835898e-18
4955.101471732951 1.4011199111644657e-18
4956.345431498002 1.405133022596455e-18
4957.589391263053 1.4293178085779392e-18
4958.8333510281045 1.423529545646625e-18
4960.0773107931545 1.4211517458203565e-18
4961.3212705582055 1.4066812431844568e-18
4962.565230323256 1.4521753356321717e-18
4963.809190088307 1.4074512043184425e-18
4965.053149853358 1.3643176568805376e-18
4966.297109618409 1.4414681119169965e-18
4967.541069383461 1.4051002917305071e-18
4968.785029148512 1.4582395499350072e-18
4970.028988913563 1.4096991807773672e-18
4971.272948678613 1.4057004937180413e-18
4972.516908443665 1.4172272403204325e-18
4973.760868208716 1.4289713950759966e-18
4975.0048279737675 1.42540953294293e-18
4976.248787738817 1.3778381081977605e-18
4977.4927475038685 1.3444619796819985e-18
4978.736707268919 1.3435639674346358e-18
4979.98066703397 1.4031565310586373e-18
4981.224626799021 1.3514331372893973e-18
4982.468586564072 1.3372014033386168e-18
4983.712546329123 1.4357435765529754e-18
4984.956506094175 1.4158910261780717e-18
4986.200465859225 1.3986145496580909e-18
4987.444425624277 1.353175760749043e-18
4988.688385389327 1.3706642442554352e-18
4989.932345154379 1.3695815538545891e-18
4991.176304919429 1.365056239822281e-18
4992.420264684481 1.3408116225766437e-18
4993.6642244495315 1.3504192511110557e-18
4994.908184214582 1.3698130271597805e-18
4996.152143979633 1.3402815557223576e-18
4997.396103744685 1.3931386086815393e-18
4998.640063509735 1.3820944028657282e-18
4999.884023274786 1.3383817546521065e-18
5001.127983039837 1.3084531327134885e-18
5002.371942804888 1.2561122621666146e-18
5003.615902569939 1.313964514131933e-18
5004.85986233499 1.3400003232335813e-18
5006.103822100041 1.3421964532167737e-18
5007.347781865092 1.3844225196331686e-18
5008.591741630143 1.4246767936542457e-18
5009.835701395194 1.3652198634346422e-18
5011.079661160245 1.3757113096028784e-18
5012.323620925296 1.362077851988733e-18
5013.567580690347 1.371234723004199e-18
5014.811540455398 1.3978637251548299e-18
5016.055500220449 1.3050818046180285e-18
5017.2994599855 1.3515070321068797e-18
5018.543419750551 1.348961023386142e-18
5019.787379515602 1.341193621321305e-18
5021.031339280653 1.3442922618978393e-18
5022.275299045704 1.3940615924709645e-18
5023.519258810755 1.3480048683940769e-18
5024.763218575807 1.2887110925971353e-18
5026.007178340857 1.3267599509110005e-18
5027.2511381059085 1.351466148346508e-18
5028.4950978709585 1.3855253042456732e-18
5029.73905763601 1.3497138527860696e-18
5030.98301740106 1.368256749809112e-18
5032.226977166112 1.3454734763981965e-18
5033.470936931163 1.2919314299422846e-18
5034.714896696214 1.329519631974704e-18
5035.958856461265 1.3189337925338249e-18
5037.202816226316 1.2560178420987976e-18
5038.446775991368 1.3534837438021997e-18
5039.690735756418 1.2798489804278701e-18
5040.934695521469 1.258809494332421e-18
5042.17865528652 1.2354045876968894e-18
5043.4226150515715 1.2546781023062766e-18
5044.6665748166215 1.2081591142895989e-18
5045.910534581672 1.2148627242720512e-18
5047.154494346724 1.1978871967392082e-18
5048.398454111775 1.252161129197553e-18
5049.642413876826 1.2850201180559158e-18
5050.886373641877 1.3204736291459328e-18
5052.130333406928 1.2659704639867997e-18
5053.374293171979 1.2081314618952002e-18
5054.61825293703 1.1868391280764318e-18
5055.862212702081 1.2061878433587522e-18
5057.106172467132 1.3102088183251013e-18
5058.350132232183 1.238379700376212e-18
5059.594091997234 1.2345712122975349e-18
5060.838051762285 1.2762933222869836e-18
5062.082011527335 1.4533785788506045e-18
5063.325971292387 1.4794631256963184e-18
5064.569931057438 1.2716948324859542e-18
5065.813890822489 1.3254031317235142e-18
5067.05785058754 1.3363126028135393e-18
5068.301810352591 1.2818921428287087e-18
5069.545770117642 1.2352642342580149e-18
5070.789729882693 1.2488458993796588e-18
5072.033689647744 1.2215393724559608e-18
5073.277649412795 1.1677943050644872e-18
5074.521609177846 1.2358958011178312e-18
5075.765568942897 1.2441721774544991e-18
5077.009528707948 1.2594215764969437e-18
5078.253488472999 1.21013957953616e-18
5079.497448238049 1.2499880943380202e-18
5080.741408003101 1.1783669994903045e-18
5081.985367768152 1.291000246304093e-18
5083.229327533203 1.2686776574323469e-18
5084.473287298253 1.290382807631102e-18
5085.717247063305 1.2045799496382351e-18
5086.961206828356 1.247650017386734e-18
5088.205166593407 1.233222118699753e-18
5089.449126358458 1.2596288114866517e-18
5090.693086123509 1.2336616341024286e-18
5091.9370458885605 1.2891531768810389e-18
5093.181005653611 1.260374748864847e-18
5094.4249654186615 1.2720707193309789e-18
5095.668925183712 1.2310794699303338e-18
5096.912884948764 1.2598950740565784e-18
5098.156844713814 1.2077977818632631e-18
5099.400804478865 1.2263536877149899e-18
5100.644764243917 1.207142032455813e-18
5101.888724008968 1.1759555185308277e-18
5103.132683774018 1.2417264531535364e-18
5104.376643539069 1.2529552019804313e-18
5105.620603304121 1.2786903976555329e-18
5106.864563069172 1.260027539877844e-18
5108.108522834224 1.2384261433464281e-18
5109.352482599273 1.192751873884857e-18
5110.5964423643245 1.2023856023540461e-18
5111.840402129375 1.1981498728819225e-18
5113.084361894426 1.2264391698885556e-18
5114.328321659476 1.21169252087422e-18
5115.572281424528 1.175749141656219e-18
5116.816241189579 1.2006736300157857e-18
5118.060200954631 1.1897086428570793e-18
5119.304160719681 1.1629228324154248e-18
5120.548120484732 1.1410725589665505e-18
5121.792080249784 1.1765259566032797e-18
5123.036040014835 1.1537201868907846e-18
5124.279999779885 1.2449752842738049e-18
5125.523959544936 1.2423268770817462e-18
5126.7679193099875 1.1712309205476586e-18
5128.011879075038 1.175909108838664e-18
5129.255838840089 1.2499577197344201e-18
5130.49979860514 1.3065095354151882e-18
5131.743758370192 1.2611655517667742e-18
5132.987718135242 1.2432792085418133e-18
5134.231677900293 1.2425054114507345e-18
5135.475637665344 1.26347239432214e-18
5136.719597430396 1.2627331652799718e-18
5137.963557195446 1.2351797714100174e-18
5139.207516960497 1.2251845668417288e-18
5140.451476725548 1.1816293829681176e-18
5141.6954364906 1.174284341894154e-18
5142.9393962556505 1.1727577751377001e-18
5144.1833560207015 1.1703994949016738e-18
5145.427315785753 1.1491145741192573e-18
5146.671275550803 1.1804824981603841e-18
5147.915235315854 1.2168728145881856e-18
5149.159195080905 1.2368902060692994e-18
5150.403154845955 1.216201066706456e-18
5151.647114611007 1.2050678220599544e-18
5152.891074376058 1.2283786330309216e-18
5154.135034141109 1.2400045827836769e-18
5155.378993906161 1.2351262943372646e-18
5156.622953671212 1.2603542033860628e-18
5157.866913436263 1.2741503944406578e-18
5159.110873201313 1.3120265791202717e-18
5160.354832966364 1.3014349048590326e-18
5161.598792731415 1.2872798743355261e-18
5162.842752496466 1.3011961319626017e-18
5164.086712261516 1.250535450240808e-18
5165.330672026568 1.2760893181284634e-18
5166.574631791619 1.2340240060193733e-18
5167.81859155667 1.2101172216410277e-18
5169.062551321721 1.2280169531096796e-18
5170.306511086773 1.198150308188599e-18
5171.550470851824 1.2132603587670532e-18
5172.794430616874 1.2639755830406833e-18
5174.038390381925 1.2492181672262244e-18
5175.282350146977 1.2362972520781685e-18
5176.5263099120275 1.2263332709403699e-18
5177.7702696770775 1.182625130028735e-18
5179.014229442128 1.2501874874168988e-18
5180.25818920718 1.2165669397934417e-18
5181.502148972231 1.1965763231922848e-18
5182.746108737282 1.2117866780857661e-18
5183.990068502333 1.2015660255902484e-18
5185.234028267385 1.2424993516222092e-18
5186.477988032435 1.2799814692448637e-18
5187.721947797486 1.2626565823033137e-18
5188.965907562537 1.2373433226591051e-18
5190.209867327589 1.219967733863266e-18
5191.453827092639 1.239627622243445e-18
5192.69778685769 1.267504584377647e-18
5193.9417466227405 1.2355192587656929e-18
5195.185706387792 1.274411055008634e-18
5196.429666152843 1.2563565276920328e-18
5197.673625917894 1.2445595259139485e-18
5198.917585682944 1.1958017811485522e-18
5200.161545447996 1.1621458539415768e-18
5201.405505213047 1.1992961216497224e-18
5202.649464978098 1.2041251828907906e-18
5203.893424743148 1.1986178128434597e-18
5205.1373845082 1.2208102231577948e-18
5206.381344273251 1.2337771906233482e-18
5207.625304038302 1.1795114817123782e-18
5208.869263803353 1.2303093205866733e-18
5210.1132235684045 1.2572290713425991e-18
5211.357183333455 1.2630993442053714e-18
5212.601143098505 1.2274053099142238e-18
5213.845102863556 1.251843958816445e-18
5215.089062628608 1.2158731553278196e-18
5216.333022393659 1.2090132889018065e-18
5217.576982158709 1.2080200589216641e-18
5218.82094192376 1.2874447656314093e-18
5220.064901688812 1.2260261947351881e-18
5221.308861453863 1.2144408656017813e-18
5222.552821218914 1.1796425690062272e-18
5223.796780983965 1.2002409023037494e-18
5225.040740749017 1.1442479060791771e-18
5226.284700514067 1.1405483868363832e-18
5227.5286602791175 1.1914845753725353e-18
5228.772620044168 1.1860073172549965e-18
5230.01657980922 1.1475943796328832e-18
5231.26053957427 1.1791501476927377e-18
5232.504499339321 1.1871939490420318e-18
5233.748459104372 1.2144820420788532e-18
5234.992418869424 1.1773168496733165e-18
5236.236378634475 1.1491079084265329e-18
5237.480338399526 1.1619015431744132e-18
5238.724298164576 1.2453352691505793e-18
5239.968257929628 1.2281970258381972e-18
5241.212217694679 1.1967936242086557e-18
5242.45617745973 1.2164511153399635e-18
5243.70013722478 1.2066196383795989e-18
5244.944096989831 1.2041214105397305e-18
5246.188056754882 1.1900546477897221e-18
5247.432016519933 1.141657043863836e-18
5248.675976284984 1.122372395158422e-18
5249.919936050036 1.131050023986507e-18
5251.163895815087 1.1564635979432531e-18
5252.407855580137 1.1161186408551213e-18
5253.651815345188 1.1248871757829196e-18
5254.89577511024 1.1093258627576657e-18
5256.139734875291 1.1821110752950517e-18
5257.383694640341 1.2101024660687206e-18
5258.627654405393 1.1799255279357972e-18
5259.8716141704435 1.1495017513970269e-18
5261.1155739354945 1.180437852067904e-18
5262.359533700545 1.1620759775759833e-18
5263.603493465596 1.1443227868103869e-18
5264.847453230648 1.2027931285122585e-18
5266.091412995698 1.1503811021088021e-18
5267.335372760749 1.1698334927970108e-18
5268.579332525801 1.1528603306122769e-18
5269.823292290852 1.1771744189079752e-18
5271.067252055902 1.1631366953314868e-18
5272.311211820953 1.1725155892488548e-18
5273.555171586005 1.2048264932814516e-18
5274.799131351056 1.144112683685667e-18
5276.043091116107 1.0911985739664332e-18
5277.2870508811575 1.0997080705551092e-18
5278.531010646209 1.1336123658594881e-18
5279.774970411259 1.0836214522075718e-18
5281.01893017631 1.0713342233791756e-18
5282.262889941361 1.0675127780508324e-18
5283.506849706413 1.1209387252724336e-18
5284.750809471463 1.1117225539417702e-18
5285.994769236514 1.1296899746901776e-18
5287.238729001565 1.1031862061696886e-18
5288.482688766617 1.1207252772256232e-18
5289.726648531668 1.1292063918378511e-18
5290.970608296719 1.1661804495335984e-18
5292.214568061769 1.083077095420216e-18
5293.4585278268205 1.1096205137285071e-18
5294.702487591871 1.125976958404084e-18
5295.946447356922 1.0610790883244408e-18
5297.190407121972 1.0498822629218691e-18
5298.434366887024 1.1286992350023771e-18
5299.678326652075 1.2018236777890877e-18
5300.922286417126 1.2026903129965072e-18
5302.166246182177 1.2325247701808312e-18
5303.410205947229 1.2019748572394771e-18
5304.65416571228 1.1753514792364065e-18
5305.89812547733 1.15823839475729e-18
5307.142085242381 1.3230258986970277e-18
5308.386045007433 1.2147382166683349e-18
5309.6300047724835 1.1197830284283378e-18
5310.8739645375335 1.1536442379364214e-18
5312.1179243025845 1.1791467977732058e-18
5313.361884067636 1.1693950247413797e-18
5314.605843832687 1.1837436257031653e-18
5315.849803597738 1.1728183258845399e-18
5317.093763362789 1.2206980926340236e-18
5318.337723127841 1.2177229767262504e-18
5319.581682892891 1.190567237164142e-18
5320.825642657942 1.2043347455681688e-18
5322.069602422993 1.2417195613282137e-18
5323.313562188045 1.283592422663339e-18
5324.557521953095 1.2884481369237293e-18
5325.801481718146 1.2752580438198273e-18
5327.045441483197 1.2387169544788057e-18
5328.289401248248 1.20319670148166e-18
5329.533361013299 1.2664765454738513e-18
5330.77732077835 1.2796766882059417e-18
5332.0212805434 1.2498133915796708e-18
5333.265240308452 1.2712154531111909e-18
5334.509200073503 1.2736467710339018e-18
5335.753159838554 1.2689826689912944e-18
5336.997119603604 1.222133492535811e-18
5338.241079368656 1.2213657149370362e-18
5339.485039133707 1.2551549008708474e-18
5340.728998898758 1.2085878636549657e-18
5341.972958663809 1.1675283015744905e-18
5343.2169184288605 1.2283839782984025e-18
5344.460878193911 1.2439649119521918e-18
5345.704837958961 1.225094663803046e-18
5346.948797724012 1.2064444669483925e-18
5348.192757489064 1.203879208879182e-18
5349.436717254115 1.2092123838026498e-18
5350.680677019165 1.1907257028501905e-18
5351.924636784216 1.1813663387318866e-18
5353.168596549268 1.204037284911229e-18
5354.412556314319 1.233338307712395e-18
5355.65651607937 1.2493849400652464e-18
5356.900475844421 1.2394612354178188e-18
5358.144435609473 1.288188829454334e-18
5359.388395374523 1.2898837372135177e-18
5360.6323551395735 1.2553024630954917e-18
5361.876314904624 1.2386681027244048e-18
5363.120274669676 1.2171971817412981e-18
5364.364234434726 1.2136358047682897e-18
5365.608194199777 1.2287874813251258e-18
5366.852153964828 1.2437633600956949e-18
5368.09611372988 1.1812412406308631e-18
5369.340073494931 1.2296648904126712e-18
5370.584033259982 1.2090542309143676e-18
5371.827993025034 1.2481377651683286e-18
5373.071952790084 1.2588390299297674e-18
5374.315912555135 1.2951945729919453e-18
5375.559872320186 1.2719106895659876e-18
5376.803832085237 1.291390204876573e-18
5378.0477918502875 1.3034196456386853e-18
5379.291751615338 1.2853295505946098e-18
5380.535711380389 1.3081734991570208e-18
5381.779671145441 1.3393840588703076e-18
5383.023630910492 1.328669511369535e-18
5384.267590675543 1.2878954689879865e-18
5385.511550440593 1.2878126046252817e-18
5386.755510205645 1.2498537260384465e-18
5387.999469970696 1.2610577977791405e-18
5389.243429735747 1.2406125031080197e-18
5390.487389500797 1.241516784071466e-18
5391.731349265849 1.228619447882425e-18
5392.9753090309 1.2425741174843293e-18
5394.2192687959505 1.2270353534685573e-18
5395.463228561001 1.2121833154944067e-18
5396.707188326053 1.2389385941913334e-18
5397.951148091104 1.220052090759735e-18
5399.195107856154 1.2314235406043409e-18
5400.439067621205 1.2641468817711725e-18
5401.683027386257 1.2366808262500526e-18
5402.926987151308 1.2394611361876657e-18
5404.170946916358 1.264244981114384e-18
5405.414906681409 1.2829400858296498e-18
5406.658866446461 1.256496559391004e-18
5407.902826211512 1.2571358336069417e-18
5409.146785976563 1.2362026792611353e-18
5410.3907457416135 1.194402245811826e-18
5411.634705506665 1.203021290217992e-18
5412.878665271715 1.1941165523763394e-18
5414.122625036766 1.2021740833165476e-18
5415.366584801817 1.1710951402109265e-18
5416.610544566869 1.1934185895433548e-18
5417.854504331919 1.2035297147597777e-18
5419.09846409697 1.2264221572219305e-18
5420.342423862021 1.2272600314469205e-18
5421.586383627073 1.2381896948704118e-18
5422.830343392124 1.2371843102336416e-18
5424.074303157175 1.2739076112033154e-18
5425.318262922225 1.2330650798730826e-18
5426.5622226872765 1.2583000155854071e-18
5427.806182452327 1.3028107379280599e-18
5429.050142217378 1.2654635932860912e-18
5430.294101982428 1.233059506680341e-18
5431.53806174748 1.231898784855164e-18
5432.782021512531 1.228592328316636e-18
5434.025981277582 1.2173066952409226e-18
5435.269941042633 1.2055404982125384e-18
5436.513900807685 1.1945771711453618e-18
5437.757860572736 1.2311921533809569e-18
5439.001820337786 1.3156583984804196e-18
5440.245780102837 1.3119631783291312e-18
5441.489739867889 1.3012329688203716e-18
5442.7336996329395 1.2999680759274722e-18
5443.97765939799 1.2626050858416393e-18
5445.2216191630405 1.254597379112845e-18
5446.465578928092 1.2814790163890295e-18
5447.709538693143 1.26652649643849e-18
5448.953498458194 1.2309340407010732e-18
5450.197458223245 1.2212944945029876e-18
5451.441417988297 1.199434590659052e-18
5452.685377753347 1.1613810237494024e-18
5453.929337518398 1.1543779014586894e-18
5455.173297283449 1.1984555112611363e-18
5456.417257048501 1.207219008689435e-18
5457.661216813551 1.1975651001301257e-18
5458.905176578602 1.2274393331915909e-18
5460.149136343653 1.2451734341358594e-18
5461.393096108704 1.2479279170825242e-18
5462.637055873755 1.247504537386606e-18
5463.881015638806 1.2434046000730864e-18
5465.124975403856 1.2541410934191382e-18
5466.368935168908 1.2724358894347397e-18
5467.612894933959 1.2732519746324165e-18
5468.85685469901 1.3139114628652904e-18
5470.10081446406 1.2870563586577924e-18
5471.344774229112 1.3072759137798561e-18
5472.588733994163 1.3398097561961265e-18
5473.832693759214 1.2963988715455396e-18
5475.076653524266 1.2595369498728362e-18
5476.3206132893165 1.2882837609266258e-18
5477.564573054367 1.264151068643086e-18
5478.808532819417 1.1784516226711744e-18
5480.052492584469 1.2444146037025737e-18
5481.29645234952 1.2770156894914185e-18
5482.540412114571 1.2987821255187531e-18
5483.784371879621 1.3268698869992112e-18
5485.028331644673 1.3308493843196806e-18
5486.272291409724 1.3349189720944433e-18
5487.516251174775 1.3419456350296937e-18
5488.760210939826 1.3343388659442321e-18
5490.004170704878 1.353455186665934e-18
5491.248130469929 1.3427777627662897e-18
5492.492090234979 1.3434547589856214e-18
5493.7360500000295 1.3102876189711582e-18
5494.980009765081 1.3344102732815602e-18
5496.223969530132 1.3464037704858228e-18
5497.467929295182 1.3814884662324048e-18
5498.711889060233 1.3582936990913065e-18
5499.955848825285 1.4036060182939761e-18
5501.199808590336 1.423524072568917e-18
5502.443768355387 1.3898293779592386e-18
5503.687728120438 1.3664895994916729e-18
5504.93168788549 1.3580955863570517e-18
5506.17564765054 1.3626321615145965e-18
5507.419607415591 1.3297206728870229e-18
5508.663567180642 1.345879267106843e-18
5509.9075269456935 1.3918981318710326e-18
5511.1514867107435 1.3696444790513145e-18
5512.395446475794 1.3729773863678678e-18
5513.639406240845 1.3535154287356797e-18
5514.883366005897 1.3345483992055291e-18
5516.127325770948 1.3492350936143225e-18
5517.371285535999 1.3751466579158632e-18
5518.615245301049 1.3782746836173236e-18
5519.859205066101 1.364588062767111e-18
5521.103164831152 1.317986491342058e-18
5522.347124596203 1.3097567765310621e-18
5523.591084361253 1.3455678606311945e-18
5524.835044126305 1.3540096922451656e-18
5526.079003891356 1.3373256427205485e-18
5527.3229636564065 1.3565054830372737e-18
5528.566923421457 1.368570246575091e-18
5529.810883186509 1.3713536231726212e-18
5531.05484295156 1.3764453928597093e-18
5532.29880271661 1.4061563102111233e-18
5533.542762481661 1.396419331201412e-18
5534.786722246713 1.3778479517295611e-18
5536.030682011764 1.4294361340383643e-18
5537.274641776814 1.4291878007202652e-18
5538.518601541865 1.3838214303164765e-18
5539.762561306917 1.3413659721679393e-18
5541.006521071968 1.367669292136272e-18
5542.250480837019 1.3638842873719001e-18
5543.4944406020695 1.3267452804448485e-18
5544.738400367121 1.3533653458020069e-18
5545.982360132171 1.4018823302796886e-18
5547.226319897222 1.3248195819308157e-18
5548.470279662273 1.3097155057545377e-18
5549.714239427325 1.3591250069595877e-18
5550.958199192375 1.3487970269336093e-18
5552.202158957426 1.3549462954387425e-18
5553.446118722477 1.3316652909199208e-18
5554.690078487529 1.3422977519347356e-18
5555.93403825258 1.36656732874296e-18
5557.177998017631 1.3918507317358413e-18
5558.421957782681 1.3607164160778933e-18
5559.6659175477325 1.3677008105522065e-18
5560.9098773127835 1.3606781963107137e-18
5562.153837077834 1.3879515415818365e-18
5563.397796842884 1.3943697580721644e-18
5564.641756607936 1.427387259149066e-18
5565.885716372987 1.377522921314365e-18
5567.129676138038 1.4067625721878473e-18
5568.373635903089 1.3141288196526476e-18
5569.617595668141 1.3714397424621218e-18
5570.861555433192 1.3891479542017789e-18
5572.105515198242 1.3689878549731733e-18
5573.349474963293 1.2783793611316594e-18
5574.593434728345 1.4386257208677737e-18
5575.837394493396 1.301228831299621e-18
5577.081354258446 1.2993658669648457e-18
5578.325314023497 1.3105682241320068e-18
5579.569273788548 1.4428310300802493e-18
5580.813233553599 1.3296350675339752e-18
5582.05719331865 1.4052958026484488e-18
5583.301153083702 1.399541510145856e-18
5584.545112848753 1.3119477503574612e-18
5585.789072613803 1.336940012230292e-18
5587.033032378854 1.4024719210432285e-18
5588.276992143906 1.4310354467926667e-18
5589.520951908957 1.3299641180731902e-18
5590.764911674007 1.3246107128179081e-18
5592.008871439058 1.4132030487809865e-18
5593.2528312041095 1.3272264364491776e-18
5594.49679096916 1.3533099594640462e-18
5595.740750734211 1.3641847984869717e-18
5596.984710499262 1.3533965119678161e-18
5598.228670264314 1.408147893244547e-18
5599.472630029364 1.3593173634440626e-18
5600.716589794415 1.317830513062981e-18
5601.960549559466 1.3956265974207602e-18
5603.204509324518 1.3565329172034321e-18
5604.448469089568 1.3728872652250471e-18
5605.692428854619 1.367147231168456e-18
5606.93638861967 1.3993751299764653e-18
5608.180348384722 1.3788036726999548e-18
5609.4243081497725 1.3795727866319793e-18
5610.668267914823 1.3549911980668605e-18
5611.9122276798735 1.3375295583841104e-18
5613.156187444925 1.3170132739840057e-18
5614.400147209976 1.339807886105837e-18
5615.644106975027 1.2993642716789752e-18
5616.888066740077 1.2037898590028577e-18
5618.132026505129 1.1651896840085025e-18
5619.37598627018 1.20430402560847e-18
5620.619946035231 1.182388706041491e-18
5621.863905800282 1.2019353880268205e-18
5623.107865565334 1.2438736372010471e-18
5624.351825330385 1.2096276263344816e-18
5625.595785095435 1.2302917595157401e-18
5626.839744860486 1.2178768462812497e-18
5628.083704625537 1.2731671222901651e-18
5629.327664390588 1.2892426376760266e-18
5630.571624155638 1.2357530284412876e-18
5631.815583920689 1.2371163973166665e-18
5633.059543685741 1.2193019699683266e-18
5634.303503450792 1.2561533682515824e-18
5635.547463215843 1.2357256106068161e-18
5636.791422980894 1.2396681154877885e-18
5638.035382745946 1.276755786076437e-18
5639.279342510996 1.2693306139950361e-18
5640.523302276047 1.2942484474639081e-18
5641.767262041098 1.3518849754568645e-18
5643.0112218061495 1.3288972342306173e-18
5644.2551815711995 1.30450429720553e-18
5645.49914133625 1.325445353346727e-18
5646.743101101301 1.3634370255870825e-18
5647.987060866353 1.4022007745262485e-18
5649.231020631404 1.3709331417509798e-18
5650.474980396455 1.3958693109808814e-18
5651.718940161505 1.387855343579224e-18
5652.962899926557 1.4107171330924977e-18
5654.206859691608 1.3934325433341825e-18
5655.450819456659 1.3546467511437441e-18
5656.694779221709 1.345344161211862e-18
5657.938738986761 1.2900775203240833e-18
5659.182698751812 1.2792250921768753e-18
5660.4266585168625 1.2580550065629085e-18
5661.670618281913 1.2671094872518157e-18
5662.914578046965 1.2702333123622904e-18
5664.158537812016 1.260215084788789e-18
5665.402497577066 1.323358321640404e-18
5666.646457342117 1.335866892687141e-18
5667.890417107169 1.337712383826526e-18
5669.13437687222 1.3501978723654222e-18
5670.37833663727 1.370161638970275e-18
5671.622296402321 1.3598987930727491e-18
5672.866256167373 1.347153047966634e-18
5674.110215932424 1.3528155156946565e-18
5675.354175697475 1.3478401792375217e-18
5676.5981354625255 1.3555076473197005e-18
5677.842095227577 1.325957168028762e-18
5679.086054992627 1.3424149239093736e-18
5680.330014757678 1.2961974587142174e-18
5681.57397452273 1.2686022032401346e-18
5682.817934287781 1.479689767934698e-18
5684.061894052831 1.4403918037958373e-18
5685.305853817882 1.3273009956835601e-18
5686.549813582933 1.333636272769196e-18
5687.793773347985 1.3297735233662325e-18
5689.037733113036 1.3622841138411574e-18
5690.281692878087 1.3787631247363308e-18
5691.5256526431385 1.3534685006927565e-18
5692.769612408189 1.3796075616716504e-18
5694.0135721732395 1.4063836541738077e-18
5695.25753193829 1.4083779528482646e-18
5696.501491703342 1.3790526802909085e-18
5697.745451468392 1.3514482590700154e-18
5698.989411233443 1.3815858878378257e-18
5700.233370998494 1.4082716292016138e-18
5701.477330763546 1.3979618588806793e-18
5702.721290528597 1.3898028002958364e-18
5703.965250293648 1.4294680466916453e-18
5705.209210058698 1.374282104464605e-18
5706.45316982375 1.3757429294150026e-18
5707.697129588801 1.3703114084183468e-18
5708.941089353852 1.3622781364114921e-18
5710.185049118902 1.3591221294151957e-18
5711.429008883953 1.3474166123831638e-18
5712.672968649004 1.3217895440830341e-18
5713.916928414055 1.3445012507448434e-18
5715.160888179106 1.3849014111922453e-18
5716.404847944158 1.3737693633927545e-18
5717.648807709209 1.36607594249735e-18
5718.892767474259 1.3508338916532957e-18
5720.13672723931 1.283380137932518e-18
5721.380687004362 1.2921082038478665e-18
5722.624646769413 1.241165763696208e-18
5723.868606534463 1.1914219522204205e-18
5725.112566299514 1.2315563321357366e-18
5726.3565260645655 1.218966866619885e-18
5727.600485829616 1.1860199013787893e-18
5728.844445594667 1.1702195380994511e-18
5730.088405359718 1.2193827076406e-18
5731.33236512477 1.223829623779184e-18
5732.57632488982 1.3031840263723025e-18
5733.820284654871 1.3008881769707357e-18
5735.064244419922 1.3295356832406137e-18
5736.308204184974 1.3769783606762437e-18
5737.552163950024 1.339986514991183e-18
5738.796123715075 1.3615204041893e-18
5740.040083480126 1.4099607999726336e-18
5741.284043245178 1.4308953440440016e-18
5742.5280030102285 1.4006987098404017e-18
5743.7719627752795 1.4112144960808157e-18
5745.0159225403295 1.3872852535746885e-18
5746.259882305381 1.4014667265961685e-18
5747.503842070432 1.4500997680911453e-18
5748.747801835483 1.469407024775118e-18
5749.991761600533 1.4397140110407168e-18
5751.235721365585 1.5032494064158929e-18
5752.479681130636 1.4699103503212004e-18
5753.723640895687 1.460933283702816e-18
5754.967600660738 1.439625865692837e-18
5756.21156042579 1.4184068182505288e-18
5757.455520190841 1.4521770101810249e-18
5758.699479955891 1.4292160188713726e-18
5759.943439720942 1.3420221277147085e-18
5761.187399485993 1.3746142599648252e-18
5762.431359251044 1.3874901682998869e-18
5763.675319016094 1.4221307754786e-18
5764.919278781145 1.366138843470049e-18
5766.163238546197 1.4621498582310917e-18
5767.407198311248 1.4594190761411266e-18
5768.651158076299 1.42160292534404e-18
5769.89511784135 1.4933170277273216e-18
5771.139077606402 1.492493410852141e-18
5772.383037371452 1.5064603185941557e-18
5773.626997136503 1.5431854353426269e-18
5774.870956901554 1.5158053582350016e-18
5776.1149166666055 1.5064379550925361e-18
5777.3588764316555 1.4788419541667742e-18
5778.602836196706 1.4333607839067573e-18
5779.846795961757 1.4333801749920154e-18
5781.090755726809 1.4336080317927157e-18
5782.33471549186 1.4227484051972413e-18
5783.578675256911 1.4373394007015597e-18
5784.822635021963 1.4833288645969482e-18
5786.066594787013 1.4264076679796317e-18
5787.310554552064 1.417607914692335e-18
5788.554514317115 1.3650390453096273e-18
5789.798474082165 1.3834053033462394e-18
5791.042433847217 1.3870759931808948e-18
5792.286393612268 1.325492594115318e-18
5793.5303533773185 1.3467575485257594e-18
5794.77431314237 1.3523037718140912e-18
5796.018272907421 1.3582540073957833e-18
5797.262232672472 1.3921789389521978e-18
5798.506192437522 1.4462444811875778e-18
5799.750152202574 1.4574545707193445e-18
5800.994111967625 1.4679989715330074e-18
5802.238071732676 1.5298927737191998e-18
5803.482031497726 1.4052741439568748e-18
5804.725991262778 1.3757548882413045e-18
5805.969951027829 1.4058055035656492e-18
5807.21391079288 1.38509459013892e-18
5808.457870557931 1.4750718736002761e-18
5809.7018303229825 1.4582780455656056e-18
5810.945790088033 1.4849506364155093e-18
5812.189749853083 1.477479009465891e-18
5813.433709618134 1.4369760915616662e-18
5814.677669383186 1.4208806244949529e-18
5815.921629148237 1.471314619246867e-18
5817.165588913287 1.4926793749689176e-18
5818.409548678338 1.6247381315253857e-18
5819.65350844339 1.6497256668732281e-18
5820.897468208441 1.539651005154949e-18
5822.141427973492 1.5482973279169074e-18
5823.385387738543 1.5288520879308393e-18
5824.6293475035945 1.5656495064868957e-18
5825.873307268645 1.5513753449085731e-18
5827.1172670336955 1.5536815272143206e-18
5828.361226798746 1.5271117069002805e-18
5829.605186563798 1.4960578440182545e-18
5830.849146328848 1.4954722833869413e-18
5832.093106093899 1.470679846912295e-18
5833.33706585895 1.4903927309046897e-18
5834.581025624002 1.531433082864011e-18
5835.824985389053 1.4445829491198017e-18
5837.068945154104 1.4753620915388805e-18
5838.312904919154 1.4705443130156697e-18
5839.556864684206 1.4432266165003581e-18
5840.800824449257 1.4561846229888193e-18
5842.044784214308 1.4488950524600504e-18
5843.288743979358 1.4449018482135072e-18
5844.532703744409 1.4663918290612652e-18
5845.77666350946 1.4935249829142153e-18
5847.020623274511 1.503369453220118e-18
5848.264583039562 1.5403685602942929e-18
5849.508542804614 1.514481252631131e-18
5850.752502569665 1.4488468455856001e-18
5851.996462334715 1.4743848764804644e-18
5853.240422099766 1.4678310735827808e-18
5854.484381864818 1.4886667205551168e-18
5855.728341629869 1.5076644620748509e-18
5856.972301394919 1.4478773599052776e-18
5858.21626115997 1.4514241205228117e-18
5859.4602209250215 1.4540535636559326e-18
5860.7041806900725 1.4291389694437825e-18
5861.948140455123 1.448455289036996e-18
5863.192100220174 1.4430499115998433e-18
5864.436059985226 1.407337836299431e-18
5865.680019750276 1.3629273169998838e-18
5866.923979515327 1.3422327403765466e-18
5868.167939280378 1.370648589003777e-18
5869.41189904543 1.405520199039931e-18
5870.65585881048 1.3764873432262749e-18
5871.899818575531 1.3637682584324197e-18
5873.143778340582 1.3342737172061354e-18
5874.387738105634 1.3443810630618916e-18
5875.631697870685 1.357796948796269e-18
5876.8756576357355 1.3236290213496317e-18
5878.1196174007855 1.369941836129385e-18
5879.363577165837 1.4011142027259069e-18
5880.607536930888 1.361730793197696e-18
5881.851496695939 1.369743761711331e-18
5883.095456460989 1.3723743945017029e-18
5884.339416226041 1.381337363821495e-18
5885.583375991092 1.3966855137058808e-18
5886.827335756143 1.3711030481116261e-18
5888.071295521195 1.3360794607742693e-18
5889.315255286246 1.3591244854954485e-18
5890.559215051297 1.3856372690889025e-18
5891.803174816347 1.3459776523110813e-18
5893.047134581398 1.414737347596595e-18
5894.291094346449 1.3496783637500945e-18
5895.5350541115 1.4099237097624365e-18
5896.77901387655 1.3635895791067437e-18
5898.022973641602 1.341301317801044e-18
5899.266933406653 1.3903619588262613e-18
5900.510893171704 1.3644706334480821e-18
5901.754852936755 1.3942674278677554e-18
5902.998812701806 1.3867730347987296e-18
5904.242772466858 1.3845997196427718e-18
5905.486732231908 1.375194004238602e-18
5906.730691996959 1.3763076900995125e-18
5907.974651762011 1.3426661218846513e-18
5909.2186115270615 1.3922578956342738e-18
5910.4625712921115 1.4326466264769889e-18
5911.7065310571625 1.4090171762969165e-18
5912.950490822214 1.367498712703005e-18
5914.194450587265 1.427342802714541e-18
5915.438410352316 1.4304641935785597e-18
5916.682370117367 1.3883483792583846e-18
5917.926329882419 1.499885426081681e-18
5919.170289647469 1.426993902020546e-18
5920.41424941252 1.3989890114813565e-18
5921.658209177571 1.4304021389982861e-18
5922.902168942623 1.3782675857600337e-18
5924.146128707673 1.3990992162835864e-18
5925.390088472724 1.418982817290516e-18
5926.634048237775 1.461849241450429e-18
5927.878008002826 1.4160360269477362e-18
5929.121967767877 1.4211487550020499e-18
5930.365927532928 1.4198119630403251e-18
5931.609887297978 1.4206951474937537e-18
5932.85384706303 1.4114286416791651e-18
5934.097806828081 1.3539842372047748e-18
5935.341766593132 1.438396758032198e-18
5936.585726358182 1.4537189342930473e-18
5937.829686123234 1.4621731997712989e-18
5939.073645888285 1.462901613531461e-18
5940.317605653336 1.4274651746690761e-18
5941.561565418387 1.4502252069340993e-18
5942.8055251834385 1.452964877855945e-18
5944.049484948489 1.419069770840315e-18
5945.293444713539 1.426564324196704e-18
5946.53740447859 1.4219326789911144e-18
5947.781364243642 1.4211671048144011e-18
5949.025324008693 1.445432957732469e-18
5950.269283773743 1.459797043217479e-18
5951.513243538794 1.4362484274457361e-18
5952.757203303846 1.4504919110416506e-18
5954.001163068897 1.4629327511322268e-18
5955.245122833948 1.4649175286305168e-18
5956.489082598999 1.434301328566258e-18
5957.733042364051 1.4383661369410514e-18
5958.977002129101 1.4568839594828765e-18
5960.2209618941515 1.484624997587704e-18
5961.464921659202 1.465237718546238e-18
5962.708881424254 1.4802860928695769e-18
5963.952841189304 1.4974263821442969e-18
5965.196800954355 1.5018686903275154e-18
5966.440760719406 1.5192356505670814e-18
5967.684720484458 1.4673732921236092e-18
5968.928680249509 1.4985790886235718e-18
5970.17264001456 1.523026418743488e-18
5971.41659977961 1.5153839370515384e-18
5972.660559544662 1.4962140647906777e-18
5973.904519309713 1.5135330392271257e-18
5975.148479074764 1.5033770153271022e-18
5976.392438839814 1.4671926243031594e-18
5977.6363986048655 1.495161562393094e-18
5978.880358369916 1.5214989223022464e-18
5980.124318134967 1.5027717299710577e-18
5981.368277900018 1.4921437559555497e-18
5982.61223766507 1.5071874779715088e-18
5983.856197430121 1.5052648385967391e-18
5985.100157195171 1.5276419159031937e-18
5986.344116960222 1.5136217133839302e-18
5987.588076725274 1.4848031047220415e-18
5988.832036490325 1.4855972621053466e-18
5990.075996255375 1.497718518733688e-18
5991.319956020427 1.4696270809646342e-18
5992.563915785478 1.5003868797410534e-18
5993.8078755505285 1.4887930628957032e-18
5995.051835315579 1.4509074907265128e-18
5996.29579508063 1.4509534946086557e-18
5997.539754845682 1.5379258825310041e-18
5998.783714610732 1.5706843346442344e-18
6000.027674375783 1.5148310154883932e-18
6001.271634140835 1.571709269894095e-18
6002.515593905886 1.566544226012772e-18
6003.759553670936 1.5559571727197442e-18
6005.003513435987 1.5840914029490334e-18
6006.247473201038 1.5665458563582837e-18
6007.49143296609 1.5512842477423862e-18
6008.735392731141 1.6091897614357308e-18
6009.9793524961915 1.5500560549369298e-18
6011.223312261243 1.5139057173020594e-18
6012.467272026293 1.4847343116572061e-18
6013.711231791344 1.5447468437311605e-18
6014.955191556395 1.5141350273728397e-18
6016.199151321447 1.5310279253757084e-18
6017.443111086497 1.5493990354804312e-18
6018.687070851548 1.571097536949761e-18
6019.931030616599 1.5420293103267991e-18
6021.174990381651 1.528513172845672e-18
6022.418950146702 1.5647058674193409e-18
6023.662909911753 1.5501642283669526e-18
6024.906869676803 1.5488284959298854e-18
6026.1508294418545 1.5093790718544185e-18
6027.394789206905 1.5573536998751326e-18
6028.638748971956 1.5908642690465141e-18
6029.882708737006 1.5342033433403298e-18
6031.126668502058 1.5536815661763521e-18
6032.370628267109 1.5912742569672357e-18
6048.542105212772 1.5599219565460264e-18
6049.786064977823 1.6686306628315332e-18
6051.030024742875 1.554972080655642e-18
6052.273984507925 1.5339838842376433e-18
6053.517944272976 1.5695755192164532e-18
6054.761904038027 1.6057400045230305e-18
6056.005863803079 1.5364485903615582e-18
6057.249823568129 1.5729382596772925e-18
6058.49378333318 1.5937954212760066e-18
6059.737743098231 1.5668956292330742e-18
6060.981702863282 1.5692215884657993e-18
6062.225662628333 1.614858934353241e-18
6063.469622393384 1.5197659140148934e-18
6064.713582158434 1.5355013974156954e-18
6065.957541923486 1.6347676338484625e-18
6067.201501688537 1.5940048834143793e-18
6068.445461453588 1.5430785051567997e-18
6069.689421218638 1.5196360712234042e-18
6070.93338098369 1.5575083915251121e-18
6072.177340748741 1.5905854859734545e-18
6073.421300513792 1.5686296146630302e-18
6074.665260278843 1.4685733379419104e-18
6075.9092200438945 1.4736202504431412e-18
6077.153179808945 1.4931250173602993e-18
6078.397139573995 1.4928057477599427e-18
6079.641099339046 1.580466727683916e-18
6080.885059104098 1.6192989460791212e-18
6082.129018869149 1.5521142770048525e-18
6083.372978634199 1.533364347331168e-18
6084.61693839925 1.5848715307422286e-18
6085.860898164302 1.551490051522136e-18
6087.104857929353 1.5339379157676636e-18
6088.348817694404 1.5475395179533764e-18
6089.592777459455 1.527661420542881e-18
6090.836737224507 1.5186478575435766e-18
6092.080696989557 1.5496024095342724e-18
6093.3246567546075 1.5903004085499954e-18
6094.5686165196585 1.5808409194979117e-18
6095.81257628471 1.5828003275655033e-18
6097.05653604976 1.595391836777828e-18
6098.300495814811 1.5947856913861693e-18
6099.544455579862 1.5968223174262517e-18
6100.788415344914 1.5927466054866973e-18
6102.032375109965 1.5728581941788816e-18
6103.276334875016 1.573238456993477e-18
6104.520294640068 1.5700488579525165e-18
6105.764254405118 1.5420528622641099e-18
6107.008214170169 1.5176026854821341e-18
6108.25217393522 1.5411993548273928e-18
6109.49613370027 1.5758408712040995e-18
6110.7400934653215 1.5144241274088197e-18
6111.984053230372 1.5061262262912838e-18
6113.228012995423 1.550227052792521e-18
6114.471972760475 1.527106651521528e-18
6115.715932525526 1.5193237208212454e-18
6116.959892290577 1.4738630344120472e-18
6118.203852055627 1.5303741330090117e-18
6119.447811820678 1.5631688255347199e-18
6120.69177158573 1.593349414181495e-18
6121.935731350781 1.5418732597500816e-18
6123.179691115831 1.5347318751159218e-18
6124.423650880883 1.541290532410911e-18
6125.667610645934 1.5244249279885517e-18
6126.9115704109845 1.5297395055841464e-18
6128.155530176035 1.5406212749150209e-18
6129.399489941087 1.5552750668430905e-18
6130.643449706138 1.5421968006552896e-18
6131.887409471188 1.5178662394228913e-18
6133.131369236239 1.5518911585859182e-18
6134.375329001291 1.4655702792281596e-18
6135.619288766342 1.4999485959765069e-18
6136.863248531392 1.5105995442653613e-18
6138.107208296443 1.5331450767759505e-18
6139.351168061495 1.5385899844951832e-18
6140.595127826546 1.5359548580319124e-18
6141.839087591597 1.5532526991786273e-18
6143.0830473566475 1.4923159934596974e-18
6144.327007121699 1.502459809439542e-18
6145.570966886749 1.4748152984522273e-18
6146.8149266518 1.557108587099259e-18
6148.058886416851 1.5282011663908337e-18
6149.302846181903 1.4434205664629404e-18
6150.546805946953 1.4109210597673394e-18
6151.790765712004 1.4422605012875782e-18
6153.034725477055 1.4776952405416368e-18
6154.278685242107 1.4931511570688236e-18
6155.522645007158 1.5237973628213738e-18
6156.766604772209 1.4978581142992249e-18
6158.010564537259 1.4839724154153361e-18
6159.2545243023105 1.5309098968514013e-18
6160.4984840673615 1.5077737675068367e-18
6161.742443832412 1.4708791915206904e-18
6162.986403597462 1.4896609668034062e-18
6164.230363362514 1.4543744997477121e-18
6165.474323127565 1.4743498759489818e-18
6166.718282892616 1.53181559824447e-18
6167.962242657667 1.5231325713677653e-18
6169.206202422719 1.4848363703610776e-18
6170.45016218777 1.4776298887271053e-18
6171.69412195282 1.4994368368809913e-18
6172.938081717871 1.5381382436909444e-18
6174.182041482923 1.5609921146348717e-18
6175.4260012479735 1.5138575104674524e-18
6176.669961013024 1.4858000695805848e-18
6177.9139207780745 1.4615692809050565e-18
6179.157880543126 1.4424755776305612e-18
6180.401840308177 1.476943568267524e-18
6181.645800073228 1.4666394547499546e-18
6182.889759838279 1.4531107239679273e-18
6184.133719603331 1.4828932837729993e-18
6185.377679368381 1.4952636051561578e-18
6186.621639133432 1.4831860397927632e-18
6187.865598898483 1.5016090511646314e-18
6189.109558663535 1.5423637440091845e-18
6190.353518428585 1.560509181695361e-18
6191.597478193636 1.5701285330881154e-18
6192.841437958687 1.5816796040773965e-18
6194.085397723738 1.56277646272893e-18
6195.329357488789 1.5317243808763568e-18
6196.57331725384 1.540355661408254e-18
6197.817277018892 1.5348906670202501e-18
6199.061236783942 1.5028697295818474e-18
6200.305196548993 1.486652851693188e-18
6201.549156314044 1.4815646361640264e-18
6202.793116079094 1.4596544297912441e-18
6204.037075844146 1.4638133678828111e-18
6205.281035609197 1.4589065028813533e-18
6206.524995374248 1.4363982546096763e-18
6207.7689551393 1.4343953022914577e-18
6209.0129149043505 1.4672549644729738e-18
6210.256874669401 1.4822761305548537e-18
6211.5008344344515 1.5088910078531597e-18
6212.744794199502 1.4997379375888873e-18
6213.988753964554 1.514133215345341e-18
6215.232713729605 1.5337855891034929e-18
6216.476673494655 1.5366018015951352e-18
6217.720633259707 1.5418754687297564e-18
6218.964593024758 1.5516303594606345e-18
6220.208552789809 1.5994716666789604e-18
6221.45251255486 1.5875269591102125e-18
6222.696472319911 1.605961134016044e-18
6223.940432084963 1.5763121857641368e-18
6225.184391850013 1.5883054208589532e-18
6226.428351615064 1.6344852959961278e-18
6227.672311380115 1.6365422781555374e-18
6228.916271145166 1.5450895479516625e-18
6230.160230910216 1.5420340817421013e-18
6231.404190675267 1.5432862399527109e-18
6232.648150440318 1.5485300715974006e-18
6233.89211020537 1.5300426968898116e-18
6235.136069970421 1.5394825772740656e-18
6236.380029735472 1.5519256925985522e-18
6237.623989500524 1.5600532566748741e-18
6238.867949265574 1.5672390202999838e-18
6240.111909030625 1.5595710541761685e-18
6241.355868795676 1.4904445747979585e-18
6242.5998285607275 1.50673509128188e-18
6243.8437883257775 1.5328436379716918e-18
6245.087748090828 1.5429953577269764e-18
6246.331707855879 1.5194562074793251e-18
6247.575667620931 1.5176255634094725e-18
6248.819627385982 1.5310871577669794e-18
6250.063587151033 1.5283556093208753e-18
6251.307546916083 1.513366012948987e-18
6252.551506681135 1.5367181486673372e-18
6253.795466446186 1.5449952214667045e-18
6255.039426211237 1.5028801648959893e-18
6256.283385976287 1.5089163192996015e-18
6257.527345741339 1.5406999872927822e-18
6258.77130550639 1.5536160851810825e-18
6260.0152652714405 1.5456919569524981e-18
6261.259225036491 1.52139694015844e-18
6262.503184801543 1.492617989470565e-18
6263.747144566594 1.4696497777665455e-18
6264.991104331644 1.4998355275031899e-18
6266.235064096695 1.5554357329233245e-18
6267.479023861747 1.5579776213912769e-18
6268.722983626798 1.5425138879901749e-18
6269.966943391848 1.5375828669021476e-18
6271.210903156899 1.5454217573634529e-18
6272.454862921951 1.5515421383580816e-18
6273.698822687002 1.5343449965974651e-18
6274.942782452053 1.5147031352763014e-18
6276.1867422171035 1.4921005292091085e-18
6277.430701982155 1.4842808807714685e-18
6278.674661747205 1.46609436880137e-18
6279.918621512256 1.415766812625024e-18
6281.162581277307 1.4163663492586192e-18
6282.406541042359 1.3935104613964903e-18
6283.650500807409 1.385664277017762e-18
6284.89446057246 1.4145878883822452e-18
6286.138420337511 1.412473759394977e-18
6287.382380102563 1.423316811481574e-18
6288.626339867614 1.4281522666439013e-18
6289.870299632665 1.43911715576739e-18
6291.114259397715 1.408760376526693e-18
6292.3582191627665 1.4534525067722752e-18
6293.6021789278175 1.4597540363763381e-18
6294.846138692868 1.4700523751475606e-18
6296.090098457918 1.542140547847676e-18
6297.33405822297 1.6163228004510774e-18
6298.578017988021 1.5458660112131582e-18
6299.821977753072 1.5067194256075042e-18
6301.065937518124 1.52517642300914e-18
6302.309897283175 1.5605304178474857e-18
6303.553857048226 1.4917774132684305e-18
6304.797816813276 1.6568331861478493e-18
6306.041776578327 1.520910576825647e-18
6307.285736343379 1.562966929940033e-18
6308.52969610843 1.5462796845255397e-18
6309.77365587348 1.550332172721961e-18
6311.017615638531 1.5351850402467941e-18
6312.261575403582 1.5518032993216548e-18
6313.505535168633 1.5656390318618926e-18
6314.749494933684 1.5052847042488856e-18
6315.993454698735 1.545187873358107e-18
6317.237414463787 1.5865939704854128e-18
6318.481374228837 1.5746395551938485e-18
6319.725333993888 1.5284632144296692e-18
6320.96929375894 1.5326289439159693e-18
6322.213253523991 1.4511512026156614e-18
6323.457213289041 1.4864754853601908e-18
6324.701173054092 1.5845181789640181e-18
6325.945132819143 1.5552311341352481e-18
6327.189092584194 1.5142522724453917e-18
6328.433052349245 1.5223058012799777e-18
6329.677012114296 1.5077002841565728e-18
6330.920971879348 1.5600578160548832e-18
6332.164931644398 1.6294798894730641e-18
6333.408891409449 1.6124734828104125e-18
6334.6528511745 1.6179654239645929e-18
6335.89681093955 1.5937950461177598e-18
6337.140770704602 1.5609435003033001e-18
6338.384730469653 1.588488497208178e-18
6339.628690234704 1.604470427085123e-18
6340.872649999756 1.6177738298550312e-18
6342.1166097648065 1.6017727431106586e-18
6343.3605695298575 1.6330421367576794e-18
6344.6045292949075 1.6683594279014276e-18
6345.848489059958 1.598453708108762e-18
6347.09244882501 1.5793771591004417e-18
6348.336408590061 1.6107553387648061e-18
6349.580368355111 1.581068113324304e-18
6350.824328120163 1.5609929680369018e-18
6352.068287885214 1.5888762988297178e-18
6353.312247650265 1.5723990895912804e-18
6354.556207415316 1.5380236301749688e-18
6355.800167180368 1.5377324223199736e-18
6357.044126945419 1.5527816582167592e-18
6358.288086710469 1.5575921523083025e-18
6359.53204647552 1.558618449186609e-18
6360.776006240571 1.5596664747831113e-18
6362.019966005622 1.5159646666674668e-18
6363.263925770672 1.5385074281726745e-18
6364.507885535723 1.5258637796086812e-18
6365.751845300775 1.4980041031841262e-18
6366.995805065826 1.532381458771056e-18
6368.239764830877 1.5775908299488777e-18
6369.483724595928 1.5114662946678505e-18
6370.72768436098 1.531263383273958e-18
6371.97164412603 1.5167987850081233e-18
6373.215603891081 1.500206293387226e-18
6374.459563656132 1.5278501586088904e-18
6375.7035234211835 1.5550960007655141e-18
6376.9474831862335 1.5494593711805511e-18
6378.191442951284 1.5588661221466942e-18
6379.435402716335 1.5218487970107597e-18
6380.679362481387 1.5538612021733841e-18
6381.923322246438 1.5635075431430028e-18
6383.167282011489 1.550979255213926e-18
6384.411241776539 1.5459152972711145e-18
6385.655201541591 1.5566315526866256e-18
6386.899161306642 1.5632095897524206e-18
6388.143121071693 1.5530341919016714e-18
6389.387080836743 1.5444416587448725e-18
6390.631040601795 1.5807561709708605e-18
6391.875000366846 1.515533265695618e-18
6393.1189601318965 1.501214898571834e-18
6394.3629198969475 1.5100206581777729e-18
6395.606879661999 1.4579338687014978e-18
6396.85083942705 1.4017319881332351e-18
6398.0947991921 1.4142481937408657e-18
6399.338758957151 1.4156342402166526e-18
6400.582718722203 1.3527125634321066e-18
6401.826678487254 1.279154341104301e-18
6403.070638252304 1.2999877568592508e-18
6404.314598017356 1.2871465103027854e-18
6405.558557782407 1.253899122242183e-18
6406.802517547458 1.258653598649908e-18
6408.046477312509 1.2583848527600453e-18
6409.29043707756 1.3147523004898286e-18
6410.534396842611 1.3198875907595004e-18
6411.778356607661 1.3308592624972699e-18
6413.022316372712 1.3562891585123077e-18
6414.266276137764 1.4085965536576649e-18
6415.510235902815 1.4846905649691814e-18
6416.754195667865 1.4867368906484384e-18
6417.998155432916 1.5304124379450444e-18
6419.242115197967 1.54871188229825e-18
6420.486074963019 1.5176287420746534e-18
6421.73003472807 1.5299910277308385e-18
6422.973994493121 1.5308347945926156e-18
6424.2179542581725 1.546288753167175e-18
6425.461914023223 1.5287827358617445e-18
6426.7058737882735 1.5347064114937458e-18
6427.949833553324 1.5432060621035358e-18
6429.193793318374 1.5234671285910226e-18
6430.437753083426 1.5313581601688228e-18
6431.681712848477 1.570855854210551e-18
6432.925672613528 1.5551977189139312e-18
6434.16963237858 1.5227743066983776e-18
6435.413592143631 1.5470080660759014e-18
6436.657551908682 1.5414889845264364e-18
6437.901511673732 1.5477759305690593e-18
6439.145471438783 1.5734177703772042e-18
6440.389431203835 1.561943762407232e-18
6441.633390968886 1.5437196949078338e-18
6442.877350733936 1.5703631421666772e-18
6444.121310498987 1.5429232615397469e-18
6445.365270264038 1.534981771820562e-18
6446.609230029089 1.5275737867408904e-18
6447.85318979414 1.5262540187885065e-18
6449.097149559191 1.533485949520897e-18
6450.341109324243 1.5430090179197382e-18
6451.585069089293 1.5306485158872761e-18
6452.829028854344 1.538713349471609e-18
6454.072988619396 1.5427871386021692e-18
6455.316948384447 1.5194054631825276e-18
6456.560908149497 1.5567296564138881e-18
6457.804867914548 1.5357503541401344e-18
6459.0488276795995 1.5425918368626625e-18
6460.2927874446505 1.537085350802677e-18
6461.536747209701 1.5365731743197096e-18
6462.780706974752 1.5169953168658705e-18
6464.024666739804 1.5409415255372013e-18
6465.268626504854 1.527283248301594e-18
6466.512586269905 1.5089575915143629e-18
6467.756546034956 1.5363288675959578e-18
6469.000505800008 1.516902748167664e-18
6470.244465565058 1.5346421931068137e-18
6471.488425330109 1.5133415532204765e-18
6472.73238509516 1.5133843506630118e-18
6473.976344860212 1.513159724297303e-18
6475.2203046252625 1.5503327708952197e-18
6476.4642643903135 1.5470256659411932e-18
6477.7082241553635 1.5110917142324156e-18
6478.952183920415 1.4979090987089993e-18
6480.196143685466 1.5323831753514271e-18
6481.440103450517 1.5613782711267921e-18
6482.684063215567 1.5185210441224668e-18
6483.928022980619 1.5584893611622912e-18
6485.17198274567 1.5206502409758597e-18
6486.415942510721 1.4974174041609365e-18
6487.659902275772 1.4779940184751401e-18
6488.903862040824 1.500897441171934e-18
6490.147821805875 1.5211901385199268e-18
6491.391781570925 1.478609620827015e-18
6492.635741335976 1.4430831803634449e-18
6493.879701101027 1.4361600225408029e-18
6495.123660866078 1.4529775440564852e-18
6496.367620631128 1.4709261353480452e-18
6497.611580396179 1.443164368205495e-18
6498.855540161231 1.4653395639496373e-18
6500.099499926282 1.463558427677108e-18
6501.343459691333 1.42223753444929e-18
6502.587419456384 1.4631079383949556e-18
6503.831379221436 1.463042553826418e-18
6505.075338986486 1.4428123552064946e-18
6506.319298751537 1.4308299243673786e-18
6507.563258516589 1.4312740754333045e-18
6508.8072182816395 1.4615112278248168e-18
6510.0511780466895 1.460177235380073e-18
6511.2951378117405 1.4490983911155804e-18
6512.539097576791 1.4402935715114856e-18
6513.783057341843 1.395275623061314e-18
6515.027017106894 1.376783740989689e-18
6516.270976871945 1.414309995521422e-18
6517.514936636997 1.4152710463859578e-18
6518.758896402047 1.395082006291429e-18
6520.002856167098 1.3970320227978592e-18
6521.246815932149 1.3838213800958277e-18
6522.490775697199 1.3797898545529406e-18
6523.734735462251 1.374524551713655e-18
6524.978695227302 1.379683448134468e-18
6526.222654992353 1.4061649531536949e-18
6527.466614757404 1.3940092290003665e-18
6528.710574522455 1.3819127395078403e-18
6529.954534287506 1.3420799776566865e-18
6531.198494052556 1.3662446192947188e-18
6532.442453817607 1.3994485787161246e-18
6533.686413582659 1.3621215676583068e-18
6534.93037334771 1.3214602676706817e-18
6536.17433311276 1.3400658912403465e-18
6537.418292877812 1.3952485963954372e-18
6538.662252642863 1.3436058926710144e-18
6539.906212407914 1.3481509004172409e-18
6541.150172172965 1.360489521179594e-18
6542.394131938016 1.3421836801091393e-18
6543.638091703067 1.3665074652823464e-18
6544.882051468117 1.3778583840727402e-18
6546.126011233168 1.3687899033024505e-18
6547.36997099822 1.364042224706235e-18
6548.613930763271 1.3646789603736648e-18
6549.857890528321 1.3795028101678109e-18
6551.101850293372 1.3503489334825297e-18
6552.345810058423 1.3757853517842517e-18
6553.589769823475 1.4101390174935186e-18
6554.833729588526 1.4423443339599622e-18
6556.077689353577 1.3801379949871466e-18
6557.321649118629 1.3954951070815581e-18
6558.565608883679 1.39945650344583e-18
6559.8095686487295 1.3806099867542725e-18
6561.05352841378 1.3825678864501078e-18
6562.297488178832 1.429135262730224e-18
6563.541447943882 1.4088518288397838e-18
6564.785407708933 1.378135743603411e-18
6566.029367473984 1.3783151278602357e-18
6567.273327239036 1.3633402079861513e-18
6568.517287004087 1.372093559457059e-18
6569.761246769138 1.4118809210001254e-18
6571.005206534188 1.4140595476392432e-18
6572.24916629924 1.3972456720883181e-18
6573.493126064291 1.4071968364432198e-18
6574.737085829342 1.4043799316467506e-18
6575.981045594392 1.4092159770573132e-18
6577.2250053594435 1.41658394079631e-18
6578.468965124494 1.3868979129647565e-18
6579.712924889545 1.3644401063972317e-18
6580.956884654596 1.3628380109400173e-18
6582.200844419648 1.3823799443096194e-18
6583.444804184699 1.3785401304330226e-18
6584.688763949749 1.3661283279717648e-18
6585.9327237148 1.3700809967632004e-18
6587.176683479852 1.3715582058665775e-18
6588.420643244903 1.390859861525315e-18
6589.664603009953 1.3611161730198521e-18
6590.908562775004 1.3420059506616945e-18
6592.1525225400555 1.359908185956445e-18
6593.3964823051065 1.3746472329505469e-18
6594.640442070157 1.3660446234239613e-18
6595.884401835208 1.3866612670473529e-18
6597.12836160026 1.3675203394747299e-18
6598.37232136531 1.389763714078056e-18
6599.616281130361 1.4002076269475857e-18
6600.860240895412 1.366165915845857e-18
6602.104200660464 1.3677536470614461e-18
6603.348160425514 1.373888504064426e-18
6604.592120190565 1.3765139687847867e-18
6605.836079955616 1.3635095198200625e-18
6607.080039720668 1.3833297763746712e-18
6608.323999485719 1.352860582542813e-18
6609.5679592507695 1.3433239018655049e-18
6610.8119190158195 1.397451055230729e-18
6612.055878780871 1.3051565894887022e-18
6613.299838545922 1.3263286217666205e-18
6614.543798310973 1.3457729768970412e-18
6615.787758076023 1.3539832368085986e-18
6617.031717841075 1.33510306559425e-18
6618.275677606126 1.3449713256751242e-18
6619.519637371177 1.358693099808568e-18
6620.763597136229 1.3300982237902505e-18
6622.00755690128 1.3483813833961628e-18
6623.251516666331 1.311983093706041e-18
6624.495476431381 1.3282800834921862e-18
6625.739436196432 1.3196061045784496e-18
6626.983395961483 1.3223897491397697e-18
6628.227355726534 1.3575279427424744e-18
6629.471315491584 1.343778243238056e-18
6630.715275256636 1.3317649465779717e-18
6631.959235021687 1.3282582753817189e-18
6633.203194786738 1.3313146110175562e-18
6634.447154551789 1.3264860552245433e-18
6635.69111431684 1.3091651049364222e-18
6636.935074081892 1.3158898882069512e-18
6638.179033846942 1.3328229288626065e-18
6639.422993611993 1.3431621660113665e-18
6640.666953377045 1.3514370285768093e-18
6641.9109131420955 1.3628326548990124e-18
6643.154872907146 1.357547194149281e-18
6644.3988326721965 1.3631650926708884e-18
6645.642792437247 1.3796650592627901e-18
6646.886752202299 1.3538729727773237e-18
6648.13071196735 1.3331636184384998e-18
6649.374671732401 1.3605739422132538e-18
6650.618631497453 1.3477385913923618e-18
6651.862591262503 1.3413495892693482e-18
6653.106551027554 1.3396699132299202e-18
6654.350510792605 1.3512703187762548e-18
6655.594470557655 1.3516619499666956e-18
6656.838430322707 1.3094289669207548e-18
6658.082390087758 1.3005485038872265e-18
6659.326349852809 1.3177805318994472e-18
6660.57030961786 1.3259021958061464e-18
6661.814269382911 1.3556990485274884e-18
6663.058229147962 1.3572185239088828e-18
6664.302188913012 1.37902055275082e-18
6665.546148678063 1.347201966130463e-18
6666.790108443115 1.3661430118758154e-18
6668.034068208166 1.3657297231315192e-18
6669.278027973216 1.3670980237711057e-18
6670.521987738268 1.3302406397762542e-18
6671.765947503319 1.3008072742223186e-18
6673.00990726837 1.3570656955749094e-18
6674.253867033421 1.3780523945287037e-18
6675.4978267984725 1.3717509201418698e-18
6676.741786563523 1.3949627824427972e-18
6677.985746328573 1.3689441143287073e-18
6679.229706093624 1.3532583593130832e-18
6680.473665858676 1.388655471973299e-18
6681.717625623727 1.3951371443376025e-18
6682.961585388777 1.3861394629075041e-18
6684.205545153828 1.3888316266306389e-18
6685.44950491888 1.3898357095355197e-18
6686.693464683931 1.396177904565834e-18
6687.937424448982 1.4252878846078942e-18
6689.181384214033 1.4127729112889504e-18
6690.425343979085 1.381043910314029e-18
6691.669303744135 1.3860705429957326e-18
6692.9132635091855 1.3908774962309097e-18
6694.1572232742365 1.383775710450238e-18
6695.401183039288 1.3159962592548917e-18
6696.645142804338 1.308222841563835e-18
6697.889102569389 1.3079792312257865e-18
6699.13306233444 1.2862752817495554e-18
6700.377022099492 1.2911330717083958e-18
6701.620981864543 1.2955954792926165e-18
6702.864941629594 1.312302329525261e-18
6704.108901394644 1.305623746983136e-18
6705.352861159696 1.3278976956888445e-18
6706.596820924747 1.342849202963863e-18
6707.840780689798 1.3407973564961799e-18
6709.084740454848 1.3405700506382041e-18
6710.3287002198995 1.3552366958649873e-18
6711.57265998495 1.3836182169654884e-18
6712.816619750001 1.365961029588661e-18
6714.060579515052 1.4005838227843837e-18
6715.304539280104 1.4476501239726476e-18
6716.548499045155 1.4381941947928668e-18
6717.792458810205 1.42261302901603e-18
6719.036418575256 1.4312038416955354e-18
6720.280378340308 1.4437940285205488e-18
6721.524338105359 1.4380153663495897e-18
6722.768297870409 1.4081964401539562e-18
6724.012257635461 1.3876153166873734e-18
6725.256217400512 1.3884184369245217e-18
6726.5001771655625 1.4056892829749505e-18
6727.744136930613 1.4077323115930281e-18
6728.988096695664 1.3948220663845034e-18
6730.232056460716 1.401757888338483e-18
6731.476016225766 1.3647416813544892e-18
6732.719975990817 1.378461892345758e-18
6733.963935755869 1.446711358611478e-18
6735.20789552092 1.4396156505724954e-18
6736.45185528597 1.409787698977071e-18
6737.695815051021 1.421607901029822e-18
6738.939774816072 1.4287072713913837e-18
6740.183734581124 1.4244188294931329e-18
6741.427694346175 1.4530976990085296e-18
6742.6716541112255 1.4436372641348129e-18
6743.915613876277 1.4368384917624373e-18
6745.159573641327 1.429819597249496e-18
6746.403533406378 1.4853457187771888e-18
6747.647493171429 1.495078108581029e-18
6748.891452936479 1.4642416674129257e-18
6750.135412701531 1.4658682517879405e-18
6751.379372466582 1.4546820532446186e-18
6752.623332231633 1.4525430649205448e-18
6753.867291996685 1.424735102807405e-18
6755.111251761736 1.4370848955050586e-18
6756.355211526787 1.4123895309607265e-18
6757.599171291837 1.4308977525471525e-18
6758.843131056888 1.4228881176361564e-18
6760.0870908219395 1.4168026866414152e-18
6761.33105058699 1.4264749318864293e-18
6762.57501035204 1.4274864797676165e-18
6763.818970117092 1.4413266607690582e-18
6765.062929882143 1.450497432535962e-18
6766.306889647194 1.500813575216464e-18
6767.550849412245 1.4735689697685697e-18
6768.794809177296 1.4713468835777332e-18
6770.038768942348 1.4877740272912729e-18
6771.282728707398 1.509745565569447e-18
6772.526688472449 1.4793513288058514e-18
6773.770648237501 1.4336080136025938e-18
6775.0146080025515 1.4886776131927845e-18
6776.258567767602 1.4479745337136576e-18
6777.5025275326525 1.4403958585443541e-18
6778.746487297704 1.4253257697407442e-18
6779.990447062755 1.4175997448091699e-18
6781.234406827806 1.4135647199868557e-18
6782.478366592857 1.4452610069709268e-18
6783.722326357909 1.4549862743128798e-18
6784.966286122959 1.4336419175154954e-18
6786.21024588801 1.416441830473448e-18
6787.454205653061 1.4584229929061853e-18
6788.698165418111 1.4521024291502702e-18
6789.942125183163 1.4299143947644606e-18
6791.186084948214 1.4167976981208784e-18
6792.430044713265 1.4653860058106793e-18
6793.674004478316 1.4497862202215454e-18
6794.917964243367 1.4815934662721333e-18
6796.161924008418 1.4699984545327305e-18
6797.405883773468 1.4549273841387966e-18
6798.64984353852 1.4604298721226262e-18
6799.893803303571 1.4184155032649491e-18
6801.137763068622 1.4316166132020408e-18
6802.381722833672 1.4205583937589121e-18
6803.625682598724 1.4469464976378234e-18
6804.869642363775 1.460252430929864e-18
6806.113602128826 1.4585443813103404e-18
6807.357561893878 1.4541510340229613e-18
6808.6015216589285 1.443939171456151e-18
6809.845481423979 1.4804390141856052e-18
6811.0894411890295 1.489634840023261e-18
6812.33340095408 1.4786942502087797e-18
6813.577360719132 1.4906762610820997e-18
6814.821320484183 1.4946780308455125e-18
6816.065280249233 1.521920290293238e-18
6817.309240014285 1.5218989553004198e-18
6818.553199779336 1.5300071479384971e-18
6819.797159544387 1.508963390270322e-18
6821.041119309438 1.5109436136115857e-18
6822.285079074489 1.526057570427416e-18
6823.529038839541 1.5141025710517448e-18
6824.772998604591 1.5201569834416286e-18
6826.0169583696415 1.4746453474975436e-18
6827.260918134693 1.4669316043563718e-18
6828.504877899744 1.5295805703435358e-18
6829.748837664794 1.5462228889595045e-18
6830.992797429845 1.5040265841004825e-18
6832.236757194896 1.4869764914858745e-18
6833.480716959948 1.5145618145793105e-18
6834.724676724999 1.544758361009038e-18
6835.96863649005 1.4956884966914897e-18
6837.212596255102 1.4943855529023526e-18
6838.456556020152 1.536923474880138e-18
6839.700515785203 1.5483601243154253e-18
6840.944475550254 1.5360882011156246e-18
6842.188435315304 1.5399874681459109e-18
6843.4323950803555 1.530907878831832e-18
6844.676354845406 1.5572518686772492e-18
6845.920314610457 1.5234140910036053e-18
6847.164274375509 1.527372887392747e-18
6848.40823414056 1.5347132033962556e-18
6849.652193905611 1.536338001998244e-18
6850.896153670661 1.5688785624930198e-18
6852.140113435712 1.5486841780526873e-18
6853.384073200764 1.5256769716461496e-18
6854.628032965815 1.5149436623665222e-18
6855.871992730865 1.517922312015093e-18
6857.115952495917 1.5380818509426691e-18
6858.359912260968 1.5360069644665041e-18
6859.6038720260185 1.5286353418827388e-18
6860.847831791069 1.5705363456472505e-18
6862.09179155612 1.537843928794533e-18
6870.799509911477 1.0599713783494713e-18
6872.043469676528 1.0748996747609736e-18
6873.28742944158 1.1149589461511226e-18
6874.531389206631 1.1643225401926837e-18
6875.7753489716815 1.1880733008153762e-18
6877.019308736733 1.2774712124218837e-18
6878.263268501783 1.3266748302657728e-18
6879.507228266834 1.3853998012607753e-18
6880.751188031885 1.4467494090266617e-18
6881.995147796935 1.456746275930696e-18
6883.239107561987 1.4935742167603153e-18
6884.483067327038 1.441890583860626e-18
6885.727027092089 1.3834644465661505e-18
6886.970986857141 1.3620007662374786e-18
6888.214946622192 1.3576991135124324e-18
6889.458906387243 1.3323704295053352e-18
6890.702866152293 1.3230165249258453e-18
6891.946825917344 1.3304645939126809e-18
6893.1907856823955 1.328898008579716e-18
6894.434745447446 1.3590298341454937e-18
6895.678705212496 1.3719194009157081e-18
6896.922664977548 1.3659822572143176e-18
6898.166624742599 1.355372376222907e-18
6899.41058450765 1.4136213626261748e-18
6900.654544272701 1.3987531100923737e-18
6901.898504037752 1.4022289313357486e-18
6903.142463802804 1.4094860068119765e-18
6904.386423567854 1.4492322778263314e-18
6905.630383332905 1.4304562955904197e-18
6906.874343097957 1.4161992445974718e-18
6908.118302863008 1.452911158787715e-18
6909.362262628058 1.4329211377197045e-18
6910.606222393109 1.4219514929292905e-18
6911.85018215816 1.4068892968310846e-18
6913.094141923211 1.3943377680863852e-18
6914.338101688262 1.4134327786652953e-18
6915.582061453313 1.4286432689659098e-18
6916.826021218365 1.4296447591247005e-18
6918.069980983415 1.432632843763602e-18
6919.313940748466 1.4544106231419032e-18
6920.557900513518 1.431571706665033e-18
6921.801860278569 1.4524922904158913e-18
6923.045820043619 1.4814590084105757e-18
6924.28977980867 1.51916225582226e-18
6925.533739573721 1.4863015789338617e-18
6926.777699338772 1.4706943156746345e-18
6928.021659103823 1.5351234549377553e-18
6929.265618868874 1.5229671247016613e-18
6930.509578633926 1.5102167359365964e-18
6931.753538398976 1.5033937146159829e-18
6932.997498164027 1.5452542541973033e-18
6934.241457929078 1.535593839693308e-18
6935.485417694128 1.5123752012972013e-18
6936.72937745918 1.5100736590018149e-18
6937.973337224231 1.4989035075803929e-18
6939.217296989282 1.4728440589614605e-18
6940.461256754334 1.5031338712409456e-18
6941.7052165193845 1.5417596609769099e-18
6942.949176284435 1.51343306876859e-18
6944.1931360494855 1.5224825917467066e-18
6945.437095814536 1.5671096581379021e-18
6946.681055579588 1.5608231106312138e-18
6947.925015344639 1.5502370238292333e-18
6949.168975109689 1.5033918171615026e-18
6950.412934874741 1.5297603934647191e-18
6951.656894639792 1.5113374246981454e-18
6952.900854404843 1.4999300041703386e-18
6954.144814169894 1.5279156469793293e-18
6955.388773934945 1.5411606588305148e-18
6956.632733699997 1.5055216240130397e-18
6957.876693465047 1.4835215162082953e-18
6959.120653230098 1.5193401254506204e-18
6960.364612995149 1.518914064347522e-18
6961.6085727602 1.4966087632394781e-18
6962.85253252525 1.5243736038074951e-18
6964.096492290301 1.4651099139652392e-18
6965.340452055352 1.4634897668003289e-18
6966.584411820404 1.5125448240930785e-18
6967.828371585455 1.5362889954623065e-18
6969.072331350506 1.4419321048080562e-18
6970.316291115558 1.5266381008934481e-18
6971.560250880608 1.5445278593633985e-18
6972.804210645659 1.5080972035284724e-18
6974.04817041071 1.5332833520855717e-18
6975.29213017576 1.568871722684563e-18
6976.5360899408115 1.5062584842997631e-18
6977.780049705862 1.5030336927459264e-18
6979.024009470913 1.5379026936118915e-18
6980.267969235965 1.5287747525850551e-18
6981.511929001016 1.4954734531006862e-18
6982.755888766067 1.5039305431384799e-18
6983.999848531117 1.5294815222595665e-18
6985.243808296168 1.5356870475610305e-18
6986.48776806122 1.4945999299671397e-18
6987.731727826271 1.4851790190656526e-18
6988.975687591321 1.5134783557327305e-18
6990.219647356373 1.5070117613683937e-18
6991.463607121424 1.4918916335119813e-18
6992.7075668864745 1.538456615203655e-18
6993.9515266515255 1.5012104823470708e-18
6995.195486416576 1.4656580203069361e-18
6996.439446181628 1.4258263498611451e-18
6997.683405946678 1.5186465993298216e-18
6998.927365711729 1.5169559825789111e-18
7000.171325476781 1.5128765971934673e-18
7001.415285241832 1.495681379674284e-18
7002.659245006882 1.50699921999831e-18
7003.903204771933 1.5136750912352192e-18
7005.147164536984 1.5126896848763451e-18
7006.391124302036 1.5326150898647885e-18
7007.635084067087 1.5318949925522317e-18
7008.8790438321375 1.4868546312085753e-18
7010.123003597189 1.4557531058342969e-18
7011.366963362239 1.4566642038450986e-18
7012.61092312729 1.4701285469848305e-18
7013.854882892342 1.4711344176432997e-18
7015.098842657393 1.4968501127740894e-18
7016.342802422443 1.4722165258304509e-18
7017.586762187494 1.4997611098647442e-18
7018.830721952545 1.4972187589650124e-18
7020.074681717597 1.5166061645947153e-18
7021.318641482648 1.5236570515473182e-18
7022.562601247699 1.5232375454118784e-18
7023.8065610127505 1.5146522134866211e-18
7025.050520777801 1.5317341385687723e-18
7026.2944805428515 1.5194859534249114e-18
7027.538440307902 1.5011057129325825e-18
7028.782400072952 1.5318485671841236e-18
7030.026359838004 1.5018916108463593e-18
7031.270319603055 1.5052725881640322e-18
7032.514279368106 1.5531550482733077e-18
7033.758239133158 1.5558402171284872e-18
7035.002198898209 1.5552516823109657e-18
7036.24615866326 1.537672289086455e-18
7037.49011842831 1.546369315371281e-18
7038.734078193361 1.5068511293770371e-18
7039.978037958413 1.5099125765513513e-18
7041.221997723464 1.5302930657166093e-18
7042.465957488514 1.498896331021639e-18
7043.709917253565 1.520361329544154e-18
7044.953877018616 1.4926305222423991e-18
7046.197836783667 1.515068004799661e-18
7047.441796548718 1.5439079960771945e-18
7048.685756313769 1.466833259482859e-18
7049.929716078821 1.4382220077626413e-18
7051.173675843871 1.5009591846794062e-18
7052.417635608922 1.512330723594938e-18
7053.661595373974 1.5001526643557805e-18
7054.905555139025 1.4906317685174562e-18
7056.149514904075 1.4769511471843861e-18
7057.393474669126 1.4436636502696697e-18
7058.637434434177 1.4209400131931182e-18
7059.881394199228 1.4036562527751973e-18
7061.125353964279 1.4048792746896905e-18
7062.36931372933 1.4180694115322561e-18
7063.613273494382 1.4150859884172765e-18
7064.857233259432 1.3909892369537009e-18
7066.101193024483 1.4283612988478058e-18
7067.345152789534 1.4303880568840665e-18
7068.589112554584 1.4488896149990157e-18
7069.833072319636 1.427636664549352e-18
7071.077032084687 1.4715629025551392e-18
7072.320991849738 1.4984157367159441e-18
7073.56495161479 1.5033692473525037e-18
7074.8089113798405 1.4889379765824198e-18
7076.0528711448915 1.4805799657377637e-18
7077.2968309099415 1.5058333186044356e-18
7078.540790674992 1.5125634089026293e-18
7079.784750440044 1.4850083879958191e-18
7081.028710205095 1.5155787078987757e-18
7082.272669970145 1.5116868534138389e-18
7083.516629735197 1.4905090712523025e-18
7084.760589500248 1.4878421424139611e-18
7086.004549265299 1.5017101338531224e-18
7087.24850903035 1.5085974780254599e-18
7088.492468795401 1.4815387408805581e-18
7089.736428560453 1.4806780028938793e-18
7090.980388325503 1.5062929923997645e-18
7092.224348090554 1.481269720943039e-18
7093.468307855605 1.5063120649043385e-18
7094.712267620656 1.504314011404436e-18
7095.956227385706 1.47414537736251e-18
7097.200187150757 1.5033385716979085e-18
7098.444146915808 1.4823051363911305e-18
7099.68810668086 1.4738139119490948e-18
7100.932066445911 1.4994445327083738e-18
7102.176026210962 1.5255937686216968e-18
7103.419985976014 1.4869769247437714e-18
7104.663945741064 1.4902851023439331e-18
7105.907905506115 1.4929563764366049e-18
7107.151865271166 1.513063657156616e-18
7108.395825036216 1.4973008113964188e-18
7109.6397848012675 1.4975228378538609e-18
7110.8837445663185 1.512819257434002e-18
7112.127704331369 1.5378063841675825e-18
7113.371664096421 1.537445451107549e-18
7114.615623861472 1.5399428825599493e-18
7115.859583626523 1.5605741160293372e-18
7117.103543391575 1.5590509495622025e-18
7118.347503156625 1.5591320464320222e-18
7119.591462921676 1.579518047143471e-18
7120.835422686727 1.56752220438373e-18
7122.079382451777 1.5423087122388291e-18
7123.323342216829 1.4825336528534076e-18
7124.56730198188 1.4580528073145309e-18
7125.8112617469305 1.465236408670136e-18
7127.055221511982 1.4382474618560768e-18
7128.299181277033 1.4104686649184149e-18
7129.543141042084 1.4576137273086825e-18
7130.787100807134 1.4777941700686134e-18
7132.031060572185 1.4816356452559846e-18
7133.275020337237 1.483658115498488e-18
7134.518980102288 1.4925237447111176e-18
7135.762939867338 1.46467194144187e-18
7137.00689963239 1.469348709847299e-18
7138.250859397441 1.4910972032034213e-18
7139.494819162492 1.4947485942773101e-18
7140.738778927543 1.4880444878342566e-18
7141.982738692594 1.4541567072643726e-18
7143.226698457645 1.4566588348793925e-18
7144.470658222695 1.45318347904146e-18
7145.714617987746 1.4520499825324977e-18
7146.958577752798 1.4326471211096617e-18
7148.202537517849 1.4283229909286285e-18
7149.446497282899 1.4737930741773158e-18
7150.69045704795 1.5243060199051841e-18
7151.934416813001 1.539256478381518e-18
7153.178376578053 1.59695237126694e-18
7154.422336343104 1.6551278617575765e-18
7155.666296108155 1.6773232570181753e-18
7156.910255873207 1.6856160209683277e-18
7158.154215638257 1.676788451950421e-18
7159.3981754033075 1.6985432337870097e-18
7160.642135168358 1.6636373472872796e-18
7161.8860949334085 1.6031641715086756e-18
7163.13005469846 1.5295842849406514e-18
7164.374014463511 1.4939837979752353e-18
7165.617974228562 1.4894275397329037e-18
7166.861933993614 1.4534213934970896e-18
7168.105893758665 1.4092561883031228e-18
7169.349853523716 1.3574405858191352e-18
7170.593813288766 1.3933094535344848e-18
7171.837773053817 1.4333582733370586e-18
7173.081732818869 1.4342944401110191e-18
7174.32569258392 1.4322735386118336e-18
7175.56965234897 1.3944365193663898e-18
7176.813612114021 1.3868187325589405e-18
7178.057571879072 1.402273936824578e-18
7179.301531644123 1.402371871967842e-18
7180.545491409174 1.395895664695337e-18
7181.789451174225 1.3923419221452057e-18
7183.033410939277 1.3842354520577162e-18
7184.277370704327 1.3650436041164093e-18
7185.521330469378 1.3486237743739398e-18
7186.76529023443 1.3739826203414657e-18
7188.009249999481 1.3902376651692546e-18
7189.253209764531 1.3692801313474837e-18
7190.497169529582 1.3991147122744217e-18
7191.741129294633 1.3778183751781564e-18
7192.9850890596845 1.3779180058385206e-18
7194.229048824735 1.4057667531833037e-18
7195.473008589786 1.4311527428675891e-18
7196.716968354838 1.4191651700980332e-18
7197.960928119888 1.3835466483992692e-18
7199.204887884939 1.3676228289700072e-18
7200.44884764999 1.3663492751992434e-18
7201.69280741504 1.3543631590258821e-18
7202.936767180092 1.3626248867056897e-18
7204.180726945143 1.3634703543530472e-18
7205.424686710194 1.3675400900232829e-18
7206.668646475246 1.4183725214800485e-18
7207.912606240297 1.3653449398414213e-18
7209.1565660053475 1.3924361259681077e-18
7210.4005257703975 1.431411421645356e-18
7211.644485535448 1.4165540407181162e-18
7212.8884453005 1.3883662897137305e-18
7214.132405065551 1.4110664492950749e-18
7215.376364830601 1.407665185745245e-18
7216.620324595653 1.4067833819574629e-18
7217.864284360704 1.4036604708758645e-18
7219.108244125755 1.4212787654220305e-18
7220.352203890806 1.4148333412636776e-18
7221.596163655857 1.3994759801355284e-18
7222.840123420909 1.4068883959702337e-18
7224.084083185959 1.3876078021016952e-18
7225.32804295101 1.3876091134299556e-18
7226.572002716061 1.4004588058752085e-18
7227.815962481112 1.4149805327692133e-18
7229.059922246162 1.4139423852955386e-18
7230.303882011214 1.410906714629606e-18
7231.547841776265 1.3653129001758206e-18
7232.791801541316 1.3461118464705442e-18
7234.035761306367 1.347381253179037e-18
7235.279721071418 1.3847297955217585e-18
7236.52368083647 1.3644084891414998e-18
7237.76764060152 1.3341961772650425e-18
7239.011600366571 1.3796858274279744e-18
7240.255560131623 1.374470104992742e-18
7241.4995198966735 1.354860612425203e-18
7242.7434796617235 1.342730418694255e-18
7243.9874394267745 1.3596380767979145e-18
7245.231399191825 1.3367116812454105e-18
7246.475358956877 1.3293774178061426e-18
7247.719318721928 1.3589529929247513e-18
7248.963278486979 1.392628509052939e-18
7250.207238252031 1.360823333098866e-18
7251.451198017081 1.3293886337112201e-18
7252.695157782132 1.3468294149010473e-18
7253.939117547183 1.3586772805381142e-18
7255.183077312233 1.3419826025388966e-18
7256.427037077285 1.3424375240257622e-18
7257.670996842336 1.3729319903064034e-18
7258.914956607387 1.3772446676341572e-18
7260.158916372438 1.388015850743595e-18
7261.402876137489 1.3835331560614444e-18
7262.64683590254 1.3831589342420713e-18
7263.89079566759 1.3531443350550705e-18
7265.134755432641 1.3640156692650853e-18
7266.378715197693 1.3583955994311962e-18
7267.622674962744 1.352205844246028e-18
7268.866634727794 1.3564726771349904e-18
7270.110594492846 1.3475029802494985e-18
7271.354554257897 1.3461960789037993e-18
7272.598514022948 1.3904598729180666e-18
7273.842473787999 1.3443750709888381e-18
7275.08643355305 1.3289507111640681e-18
7276.330393318101 1.317006606576475e-18
7277.574353083151 1.3346972631039117e-18
7278.818312848202 1.3364052678847361e-18
7280.062272613254 1.377551256047902e-18
7281.306232378305 1.358816917274693e-18
7282.550192143355 1.354833408920372e-18
7283.794151908406 1.3384363047683745e-18
7285.038111673457 1.3583437596951032e-18
7286.282071438509 1.3529732846660536e-18
7287.52603120356 1.3569867634257914e-18
7288.769990968611 1.3596376055564453e-18
7290.013950733663 1.3181942466050997e-18
7291.257910498713 1.3662564358870593e-18
7292.5018702637635 1.374811790943114e-18
7293.745830028814 1.3529950119520464e-18
7294.9897897938645 1.34682063897415e-18
7296.233749558916 1.385841082045741e-18
7297.477709323967 1.4152580819618705e-18
7298.721669089018 1.4131995294690444e-18
7299.96562885407 1.4307628313744392e-18
7301.209588619121 1.4368184580225877e-18
7302.453548384172 1.3934558027311614e-18
7303.697508149222 1.3760680298713257e-18
7304.941467914273 1.3917044862054341e-18
7306.185427679325 1.3903561772888865e-18
7307.429387444376 1.3890850368708876e-18
7308.673347209426 1.374125171020104e-18
7309.9173069744775 1.3697049198715471e-18
7311.161266739528 1.3331724675553469e-18
7312.405226504579 1.4438474022565544e-18
7313.64918626963 1.425916965867336e-18
7314.893146034681 1.4156228015595658e-18
7316.137105799733 1.403703485434376e-18
7317.381065564783 1.4347775140488728e-18
7318.625025329834 1.4113468309501218e-18
7319.868985094886 1.4140375609249373e-18
7321.112944859937 1.4119451572661013e-18
7322.356904624987 1.3970056725510334e-18
7323.600864390038 1.3852308624320405e-18
7324.844824155089 1.3983304450288565e-18
7326.0887839201405 1.3742227926283609e-18
7327.332743685191 1.3454886078313278e-18
7328.576703450242 1.3506363658818171e-18
7329.820663215294 1.3423164635110896e-18
7331.064622980344 1.3612223590597084e-18
7332.308582745395 1.3328378977454321e-18
7333.552542510447 1.3491848365856553e-18
7334.796502275498 1.3463802698045911e-18
7336.040462040548 1.3652044030600357e-18
7337.284421805599 1.3460245727188037e-18
7338.52838157065 1.310889873028444e-18
7339.772341335702 1.3593638645538392e-18
7341.016301100753 1.353541591705642e-18
7342.2602608658035 1.3250491585282409e-18
7343.504220630855 1.3367322509571905e-18
7344.748180395905 1.4042772365867244e-18
7345.992140160956 1.3701356899510917e-18
7347.236099926007 1.3539301520187213e-18
7348.480059691057 1.3526668459928901e-18
7349.724019456109 1.3684279359262536e-18
7350.96797922116 1.3716637853377811e-18
7352.211938986211 1.3739672537302925e-18
7353.455898751263 1.373587408645e-18
7354.699858516314 1.350049842479051e-18
7355.943818281365 1.3220525469646017e-18
7357.187778046415 1.3257142188573033e-18
7358.431737811466 1.3538243309437334e-18
7359.675697576517 1.3429550466457597e-18
7360.919657341568 1.3231625954343928e-18
7362.163617106618 1.3760441138383208e-18
7363.40757687167 1.4050021434650064e-18
7364.651536636721 1.3647877684152305e-18
7365.895496401772 1.3827074854156409e-18
7367.139456166823 1.3681087036913818e-18
7368.383415931874 1.3575483357638054e-18
7369.627375696926 1.367365122957337e-18
7370.871335461976 1.3688086551757733e-18
7372.115295227027 1.344671361337824e-18
7373.359254992079 1.4030327589040438e-18
7374.6032147571295 1.3778032577481788e-18
7375.84717452218 1.3564533772676181e-18
7377.0911342872305 1.3777214621060361e-18
7378.335094052281 1.3784479665929085e-18
7379.579053817333 1.3799323054167338e-18
7380.823013582384 1.3772646330855205e-18
7382.066973347435 1.3984333804149605e-18
7383.310933112487 1.4233795595822093e-18
7384.554892877537 1.417306937558059e-18
7385.798852642588 1.3971364384125662e-18
7387.042812407639 1.3897526175964044e-18
7388.286772172689 1.3880035446272557e-18
7389.530731937741 1.3815922966714349e-18
7390.774691702792 1.3835321118566304e-18
7392.018651467843 1.401916773558629e-18
7393.262611232894 1.4183142120465053e-18
7394.506570997945 1.3628633942976053e-18
7395.750530762996 1.3695672587674105e-18
7396.994490528046 1.3797471689397696e-18
7398.238450293097 1.4089263600237895e-18
7399.482410058149 1.4020948422395866e-18
7400.7263698232 1.3979498202602257e-18
7401.97032958825 1.4053944650081562e-18
7403.214289353302 1.403265156295899e-18
7404.458249118353 1.3851489598745808e-18
7405.702208883404 1.4184291488248251e-18
7406.946168648455 1.3912968669629026e-18
7408.190128413506 1.385716040403939e-18
7409.434088178557 1.3696464337675918e-18
7410.678047943607 1.4053712772257361e-18
7411.922007708658 1.419389251342033e-18
7413.16596747371 1.4359000529885988e-18
7414.409927238761 1.4284761666328897e-18
7415.653887003811 1.4209398219603965e-18
7416.897846768862 1.4209771307554833e-18
7418.141806533913 1.411570792756891e-18
7419.385766298965 1.3855001367241785e-18
7420.629726064016 1.3896109642998054e-18
7421.873685829067 1.401871917959287e-18
7423.117645594119 1.4074717174188857e-18
7424.361605359169 1.4113766338965076e-18
7425.6055651242195 1.4027768272311957e-18
7426.8495248892705 1.3921794115136352e-18
7428.0934846543205 1.3840786919696253e-18
7429.337444419372 1.3729936216465977e-18
7430.581404184423 1.389552341067249e-18
7431.825363949474 1.4071385675626941e-18
7433.069323714526 1.4071183936678045e-18
7434.313283479577 1.372108746499991e-18
7435.557243244628 1.3577455048395613e-18
7436.80120300968 1.397866301579312e-18
7438.04516277473 1.4118020184112438e-18
7439.289122539781 1.3994186382781434e-18
7440.533082304832 1.4061062693189613e-18
7441.777042069882 1.4242354683169145e-18
7443.0210018349335 1.3851109205637725e-18
7444.264961599984 1.3419811672764742e-18
7445.508921365035 1.39141981585094e-18
7446.752881130087 1.3912510856651608e-18
7447.996840895138 1.386772757175911e-18
7449.240800660189 1.3761260785916077e-18
7450.484760425239 1.3908416488114876e-18
7451.72872019029 1.3594372352332753e-18
7452.972679955342 1.3673647939203097e-18
7454.216639720393 1.3699605077585199e-18
7455.460599485443 1.3887500374680005e-18
7456.704559250495 1.3780528146359314e-18
