# Wavelength in nm, Data in W / (nm m2)
wavelength data
328.82847275117956 1.0906020688848272e-17
328.89058178196944 8.55357362066789e-18
328.95269081275933 2.2798472869729812e-18
329.0147998435492 8.383100795407449e-18
329.0769088743391 1.7996775027052886e-17
329.139017905129 2.2456363789677374e-17
329.20112693591886 1.5578649818235793e-17
329.2632359667087 8.589977012245736e-18
329.3253449974986 7.208200750297343e-18
329.38745402828846 1.4063096117361036e-17
329.4495630590783 7.849469211456627e-18
329.51167208986817 -4.71544689302541e-18
329.57378112065805 7.222955998064064e-18
329.63589015144794 4.26441012041862e-18
329.6979991822378 8.931381748006585e-18
329.7601082130277 1.2565619621593013e-17
329.8222172438176 1.1375685568849756e-17
329.8843262746075 9.637485452758388e-18
329.94643530539736 7.643920619501488e-18
330.0085443361872 7.199134850783762e-18
330.07065336697707 2.2807870882259333e-17
330.13276239776695 1.7715929011117657e-17
330.19487142855684 2.4636530642958887e-17
330.25698045934666 3.2153450087112046e-17
330.31908949013655 -9.069993230432708e-18
330.38119852092643 1.916778318738093e-17
330.4433075517163 2.0097385303380274e-17
330.5054165825062 1.1540809844269429e-17
330.5675256132961 2.2235269992470526e-17
330.62963464408597 -1.0604366944604272e-17
330.69174367487585 8.46532254829522e-18
330.75385270566574 2.0546316074147503e-17
330.81596173645556 3.587505064109326e-18
330.87807076724545 2.224236389340378e-17
330.94017979803533 2.1057411122309317e-17
331.00228882882516 2.4591998547501483e-17
331.06439785961504 1.0582568253921662e-17
331.1265068904049 -3.3095161300098553e-18
331.1886159211948 1.1697306625900174e-17
331.2507249519847 1.6790118691046256e-17
331.3128339827746 8.249178599873889e-18
331.37494301356446 9.719887531019696e-18
331.43705204435435 2.6831639686825558e-17
331.49916107514423 3.410570552057805e-17
331.5612701059341 2.3500694202276598e-17
331.62337913672394 1.8882568003450196e-17
331.6854881675138 2.528822819728124e-17
331.7475971983037 1.1665950690420126e-17
331.80970622909354 5.0628615095267625e-17
331.8718152598834 2.085248539735543e-17
331.9339242906733 1.4535606498669702e-17
331.9960333214632 1.4514644087586383e-17
332.05814235225307 4.727879169477898e-17
332.12025138304296 3.106833470723028e-17
332.18236041383284 2.1869366648507694e-17
332.2444694446227 1.3285781054060002e-18
332.3065784754126 2.1642312187806788e-17
332.3686875062025 2.2045230209820143e-17
332.4307965369923 1.343577226696817e-17
332.4929055677822 -4.549251005122174e-18
332.5550145985721 6.441167748805496e-18
332.6171236293619 -1.0579666504332826e-17
332.6792326601518 -3.445391547123837e-17
332.7413416909417 1.7863529465260394e-17
332.80345072173156 3.7815544393429373e-17
332.86555975252145 2.0823530767193624e-17
332.92766878331133 8.724358293019263e-18
332.9897778141012 3.719061274936801e-17
333.0518868448911 3.970391832254913e-17
333.113995875681 2.237151656552536e-17
333.1761049064708 4.849365200810091e-17
333.2382139372607 6.089276182674822e-17
333.3003229680506 4.223454174903466e-17
333.36243199884046 6.298979041102326e-17
333.4245410296303 4.94075674709638e-17
333.4866500604202 5.651397868380281e-17
333.54875909121006 2.5192607772831336e-17
333.61086812199994 8.672684320153076e-18
333.6729771527898 4.4641872250857935e-17
333.7350861835797 4.97889605990773e-17
333.7971952143696 4.149855945337683e-17
333.8593042451595 6.458791658936551e-17
333.92141327594936 -2.2456820393375504e-18
333.9835223067392 2.3148154788290173e-17
334.0456313375291 3.338787156755963e-17
334.10774036831896 2.2866835625044563e-17
334.1698493991088 5.23815828668349e-17
334.23195842989867 4.77736177546531e-17
334.29406746068855 5.024290077563415e-17
334.35617649147844 2.6431118834227382e-17
334.4182855222683 2.800230704874123e-17
334.4803945530582 5.180131566712895e-17
334.5425035838481 2.904323774902286e-17
334.604612614638 -4.884106951973441e-18
334.66672164542786 3.0508846698101972e-18
334.72883067621774 1.658729896793193e-17
334.79093970700757 2.791996618184525e-17
334.85304873779745 5.475071085924803e-17
334.91515776858733 2.494591604438842e-17
334.97726679937716 -1.0670798646779018e-17
335.03937583016705 4.162181598209213e-17
335.10148486095693 7.081595132717936e-17
335.1635938917468 2.533391834559622e-17
335.2257029225367 2.5855822990002877e-17
335.2878119533266 -4.404228045768152e-19
335.34992098411647 4.95138692786636e-18
335.41203001490635 4.2346019225827206e-17
335.47413904569623 6.577007679871199e-17
335.53624807648606 4.628155598317485e-17
335.59835710727594 2.8548633373552904e-17
335.66046613806583 2.145624287209666e-17
335.7225751688557 6.557071965364181e-17
335.78468419964554 4.24740328702453e-18
335.8467932304354 -8.307090341739339e-18
335.9089022612253 3.076754205800395e-17
335.9710112920152 5.124957296366628e-17
336.0331203228051 2.7259118355586837e-17
336.09522935359496 3.847740799748e-17
336.15733838438484 7.303030390081647e-18
336.2194474151747 2.5985467007408313e-17
336.2815564459646 7.815749193785903e-18
336.34366547675444 3.5362017508756236e-17
336.4057745075443 5.582343507355375e-17
336.4678835383342 4.149794733972354e-17
336.52999256912403 5.96958910373881e-17
336.5921015999139 2.8288015232317046e-17
336.6542106307038 -6.1111355056963324e-18
336.7163196614937 2.6385941537892186e-17
336.77842869228357 2.629871203357602e-17
336.84053772307345 2.2425382567014813e-17
336.90264675386334 1.187173089294678e-17
336.9647557846532 7.911033617470989e-17
337.0268648154431 4.63150931939302e-17
337.088973846233 1.543031813643156e-17
337.1510828770228 8.39840363673968e-18
337.2131919078127 2.2658516805217984e-17
337.2753009386026 2.6107507580623162e-17
337.3374099693924 8.372387979294275e-18
337.3995190001823 -1.637529857399403e-18
337.4616280309722 6.210142490292091e-17
337.52373706176206 3.011689833178199e-17
337.58584609255195 7.713474928488622e-18
337.64795512334183 3.4353049067343655e-17
337.7100641541317 3.421293459774452e-17
337.7721731849216 1.3982121752836995e-17
337.8342822157115 2.0054874837339948e-17
337.89639124650137 2.7454197322528893e-17
337.9585002772912 2.2303461107808172e-17
338.0206093080811 2.7444209943812928e-17
338.08271833887096 4.9445895711827055e-17
338.1448273696608 2.821133889825583e-17
338.2069364004507 1.5425861287291123e-17
338.26904543124056 7.950798505622128e-17
338.33115446203044 4.1136783740670636e-17
338.3932634928203 3.541538058443326e-17
338.4553725236102 5.721517638034157e-17
338.5174815544001 -2.710279610906534e-18
338.57959058519 8.731330598402473e-18
338.64169961597986 7.741974443877401e-17
338.7038086467697 -4.654771954323726e-18
338.76591767755957 2.177966883724367e-17
338.82802670834946 2.016605949219565e-17
338.8901357391393 2.2637949786467465e-17
338.95224476992917 5.002390967154441e-17
339.01435380071905 3.7319537119640526e-17
339.07646283150893 2.6105826749618454e-17
339.1385718622988 2.064734791416473e-17
339.2006808930887 2.1655322084481022e-17
339.2627899238786 5.270210542803185e-17
339.32489895466847 4.371535717290464e-17
339.38700798545835 4.8044982626407247e-17
339.44911701624824 3.6373315290773767e-17
339.51122604703806 1.1874633469716229e-17
339.57333507782795 2.740375254005296e-17
339.63544410861783 2.215366200759727e-17
339.69755313940766 1.944138475551142e-17
339.75966217019754 1.6300010869386137e-17
339.8217712009874 2.4656637749288826e-17
339.8838802317773 3.5827336381819366e-17
339.9459892625672 9.897876119325793e-18
340.0080982933571 4.090038213904788e-17
340.07020732414696 4.935850573447205e-17
340.13231635493685 4.23076612064619e-17
340.19442538572673 3.9717123433847927e-17
340.2565344165166 4.582823784643864e-17
340.31864344730644 7.628702150591737e-19
340.3807524780963 2.824848592520436e-17
340.4428615088862 8.625721140875378e-18
340.50497053967604 4.259564909980591e-17
340.5670795704659 2.4838078162291108e-17
340.6291886012558 1.5191873398695798e-17
340.6912976320457 2.7303541263203385e-17
340.7534066628356 2.889083137552119e-17
340.81551569362546 -5.852897369877943e-19
340.87762472441534 2.5263803208153775e-17
340.9397337552052 1.3791823889835496e-17
341.0018427859951 3.386208428656893e-17
341.06395181678494 3.3025761673885967e-17
341.1260608475748 2.6733582388291072e-17
341.1881698783647 4.00294238197561e-17
341.2502789091546 4.307534106319276e-17
341.3123879399444 4.0330937770476576e-17
341.3744969707343 2.4558206565117466e-17
341.4366060015242 2.8868120304622935e-17
341.49871503231407 2.7533254282393036e-17
341.56082406310395 1.1748172443307897e-17
341.62293309389383 4.7272978269433956e-17
341.6850421246837 1.9645385692540472e-17
341.7471511554736 7.876775270657615e-18
341.8092601862635 2.2324100918452596e-17
341.8713692170533 2.7867728071801303e-17
341.9334782478432 9.719291960978658e-18
341.9955872786331 2.6107457949786408e-17
342.0576963094229 2.109050827297879e-17
342.1198053402128 3.828810936865847e-17
342.1819143710027 1.5715664014899077e-17
342.24402340179256 3.856738208706862e-17
342.30613243258244 8.873026637332806e-18
342.3682414633723 2.4383276063535977e-17
342.4303504941622 3.42265863865741e-17
342.4924595249521 -1.6644204030991902e-17
342.554568555742 1.9508335099930237e-17
342.61667758653186 3.617794846497854e-17
342.6787866173217 8.577514709137012e-18
342.7408956481116 4.795958449996727e-17
342.80300467890146 4.9207366601668813e-17
342.8651137096913 3.19796296619126e-17
342.92722274048117 1.7713184425845206e-17
342.98933177127105 1.0892805651382125e-17
343.05144080206094 1.466628449184083e-17
343.1135498328508 1.8551184560810427e-17
343.1756588636407 5.259024496661569e-18
343.2377678944306 2.59167245761924e-18
343.2998769252205 1.0499533382491751e-17
343.36198595601036 3.370980364452037e-17
343.42409498680024 3.460393956457589e-17
343.48620401759007 3.1265829041560994e-17
343.54831304837995 2.1040404288915227e-17
343.61042207916984 1.0947257296745266e-17
343.67253110995966 1.5006373183247106e-17
343.73464014074955 8.879106414835071e-18
343.79674917153943 2.0752932556273448e-17
343.8588582023293 5.278061810305293e-17
343.9209672331192 4.247995300188934e-17
343.9830762639091 3.1965302893703184e-17
344.04518529469897 1.8916859602924194e-17
344.10729432548885 2.3951014636472916e-17
344.16940335627874 2.1123080991139902e-17
344.23151238706856 7.195885685337653e-18
344.29362141785845 5.067204869487156e-17
344.35573044864833 1.5225322928306218e-17
344.41783947943816 1.611530971040917e-17
344.47994851022804 3.0233352127139655e-17
344.5420575410179 1.0469937687355216e-17
344.6041665718078 1.290052106337797e-17
344.6662756025977 8.378349469968944e-18
344.7283846333876 7.866599294761988e-18
344.79049366417746 3.874036871421061e-17
344.85260269496735 2.6157573514378546e-17
344.91471172575723 2.994655868260017e-17
344.9768207565471 1.7631404387404538e-17
345.03892978733694 3.0410994126769093e-17
345.1010388181268 1.566821528060181e-17
345.1631478489167 -3.2626757870531213e-18
345.22525687970654 2.189240197420607e-17
345.2873659104964 2.5699236045685364e-17
345.3494749412863 1.5962297840699112e-17
345.4115839720762 2.1122134696519142e-17
345.47369300286607 2.1284832851202197e-17
345.53580203365595 2.0793308896333387e-17
345.59791106444584 -5.381494790204639e-18
345.6600200952357 5.8533479765166316e-18
345.7221291260256 8.774429189858323e-18
345.7842381568155 1.066698286261331e-17
345.8463471876053 1.534087840551865e-17
345.9084562183952 2.7314499751958488e-17
345.9705652491851 2.573512741246404e-17
346.0326742799749 2.4001126892342604e-17
346.0947833107648 1.4753280731224257e-17
346.1568923415547 2.5590382385795835e-17
346.21900137234456 2.0321539668853568e-17
346.28111040313445 5.698615571132462e-18
346.34321943392433 1.1842399895606263e-17
346.4053284647142 7.018121262977557e-18
346.4674374955041 1.3552694246552541e-17
346.529546526294 9.634659803785907e-18
346.5916555570838 1.7365340089015632e-17
346.6537645878737 1.140885137551007e-17
346.7158736186636 1.1146080083139736e-17
346.77798264945346 8.213216922743146e-18
346.8400916802433 6.03942390967166e-18
346.9022007110332 1.078300073378816e-17
346.96430974182306 1.775192294829229e-17
347.02641877261294 1.171756510628221e-17
347.0885278034028 1.901731737959631e-17
347.1506368341927 1.8659321882289484e-17
347.2127458649826 3.1530070233879833e-17
347.2748548957725 1.774688210963939e-17
347.33696392656236 8.39036509554689e-18
347.3990729573522 9.690630152753695e-18
347.4611819881421 -4.863907201414896e-18
347.52329101893196 1.591032442845118e-17
347.5854000497218 1.2203139151004926e-17
347.64750908051167 2.8303774677347407e-17
347.70961811130155 2.426343248202807e-17
347.77172714209144 2.482320710923863e-17
347.8338361728813 3.475257730320677e-17
347.8959452036712 1.0495864836475078e-17
347.9580542344611 1.3153538241965078e-17
348.02016326525097 1.4312542357243752e-17
348.08227229604086 2.1547628131810294e-17
348.14438132683074 2.0298113913906067e-17
348.20649035762057 1.776715465209184e-17
348.26859938841045 2.3462218723264306e-17
348.33070841920033 2.809402152633866e-17
348.39281744999016 2.6803621425117162e-17
348.45492648078005 2.2365711411986463e-17
348.51703551156993 2.168142294152952e-17
348.5791445423598 9.679927262807872e-18
348.6412535731497 1.6876542521445797e-17
348.7033626039396 2.8424003725020764e-17
348.76547163472947 1.586617283607555e-17
348.82758066551935 1.3258203059232637e-17
348.88968969630923 2.2051445644942867e-17
348.9517987270991 1.878514597962615e-17
349.01390775788894 4.96310766355593e-18
349.0760167886788 1.0593591262764543e-17
349.1381258194687 2.178500911527831e-17
349.20023485025854 8.94584334665585e-18
349.2623438810484 6.887858928064238e-18
349.3244529118383 1.5961437572862057e-17
349.3865619426282 1.1784111786562101e-17
349.4486709734181 1.9324507443680127e-17
349.51078000420796 7.422761475026247e-18
349.57288903499784 8.944263431685873e-18
349.6349980657877 1.9998666260355745e-17
349.6971070965776 1.1541077850787896e-17
349.75921612736744 1.098468721946329e-17
349.8213251581573 1.3061612833311447e-17
349.8834341889472 6.8477158529370395e-18
349.94554321973703 1.976172699133483e-17
350.0076522505269 9.455162438042513e-18
350.0697612813168 2.1161381107862333e-17
350.1318703121067 1.7969122379175238e-17
350.19397934289657 1.339844408746549e-17
350.25608837368645 1.0829960604343409e-17
350.31819740447634 3.288427160292816e-18
350.3803064352662 2.059937971044278e-17
350.4424154660561 9.60197872496455e-18
350.504524496846 1.2402990950081413e-17
350.5666335276358 1.338233143631357e-17
350.6287425584257 8.92144317294676e-18
350.6908515892156 1.5973162030864384e-17
350.7529606200054 1.5031418557833987e-17
350.8150696507953 1.4095599352350695e-17
350.8771786815852 7.064554219482609e-18
350.93928771237506 9.433554826081402e-18
351.00139674316495 1.1398512445033769e-17
351.06350577395483 8.62326606881732e-18
351.1256148047447 4.245605409963146e-18
351.1877238355346 3.964355729888991e-18
351.2498328663245 8.934539923585312e-18
351.31194189711437 1.2744275744653441e-17
351.3740509279042 1.8029420537107904e-17
351.4361599586941 8.467603912424641e-18
351.49826898948396 1.4124017969475567e-17
351.5603780202738 7.489630755745034e-18
351.6224870510637 8.393670509274652e-18
351.68459608185356 1.027765459088359e-17
351.74670511264344 1.0899599285753023e-17
351.8088141434333 1.0414969881289843e-17
351.8709231742232 7.50446872157301e-18
351.9330322050131 6.064280687078879e-18
351.995141235803 1.2766413579387198e-17
352.05725026659286 9.947037117491045e-18
352.1193592973827 5.94734629978532e-18
352.18146832817257 3.8186735075867644e-18
352.24357735896245 9.844699159286597e-18
352.30568638975234 7.457600668065756e-18
352.36779542054217 3.344729829071697e-18
352.42990445133205 6.081993519125783e-18
352.49201348212193 1.3179471181349228e-17
352.5541225129118 1.1600111249563968e-17
352.6162315437017 9.89732438985722e-18
352.6783405744916 9.967527208444596e-18
352.74044960528147 1.126101682925398e-17
352.80255863607135 1.2933612423783154e-17
352.86466766686124 8.111046882203046e-18
352.92677669765106 4.760305724824773e-18
352.98888572844095 8.216523990832133e-18
353.05099475923083 8.801194272938701e-18
353.11310379002066 1.0653181354092863e-17
353.17521282081054 2.248357141438547e-18
353.2373218516004 5.9114272224561236e-18
353.2994308823903 6.167725412942923e-18
353.3615399131802 8.727375847893857e-18
353.4236489439701 8.77809608151377e-18
353.48575797475996 9.704691395986484e-18
353.54786700554985 4.2764629691241304e-18
353.60997603633973 9.672261780071343e-18
353.6720850671296 1.4223828890908665e-17
353.73419409791944 9.18423928073547e-18
353.7963031287093 1.2003199670783508e-17
353.8584121594992 8.071658195794496e-18
353.92052119028904 3.2886806911505634e-18
353.9826302210789 7.211868469133403e-18
354.0447392518688 4.8970208956966185e-18
354.1068482826587 7.703089675898018e-18
354.1689573134486 9.378148614291376e-18
354.23106634423846 7.451989074790196e-18
354.29317537502834 9.591434653696336e-18
354.3552844058182 9.461743486995984e-18
354.4173934366081 1.9754752204409784e-18
354.479502467398 1.572499295784745e-18
354.5416114981878 3.570559442080565e-18
354.6037205289777 1.0805504182352666e-17
354.6658295597676 1.0049839951199748e-17
354.7279385905574 5.239909179886081e-18
354.7900476213473 4.508134752004307e-18
354.8521566521372 7.841908780657893e-18
354.91426568292707 5.438875895707136e-18
354.97637471371695 8.472694381914292e-18
355.03848374450683 7.481297738254175e-18
355.1005927752967 9.583979274835396e-18
355.1627018060866 4.374742365653087e-18
355.2248108368765 1.2067891812130056e-17
355.2869198676663 9.794089767868765e-18
355.3490288984562 9.925087052756338e-18
355.4111379292461 7.752447543049057e-18
355.4732469600359 7.37202717933592e-18
355.5353559908258 7.817037113999648e-18
355.5974650216157 4.888513756686817e-18
355.65957405240556 8.231183285647798e-18
355.72168308319544 6.222871476430302e-18
355.7837921139853 5.1240625350980296e-18
355.8459011447752 3.284738761941442e-18
355.9080101755651 7.644267208178147e-18
355.970119206355 1.0278703455900307e-17
356.03222823714486 2.314658355871663e-18
356.0943372679347 4.94949971529882e-18
356.1564462987246 5.801577223518775e-18
356.21855532951446 4.062485820317382e-18
356.2806643603043 5.526058664318694e-18
356.34277339109417 4.645874799655106e-18
356.40488242188405 5.623761102370395e-18
356.46699145267394 8.742341199536166e-18
356.5291004834638 6.888581056738997e-18
356.5912095142537 9.10804436579076e-18
356.6533185450436 6.173566548838466e-18
356.7154275758335 3.291725129395065e-18
356.77753660662336 7.080742971250884e-18
356.83964563741324 6.170649082817991e-18
356.90175466820307 4.890125931700683e-18
356.96386369899295 5.0082613852436685e-18
357.02597272978284 7.67675886263923e-18
357.08808176057266 5.164688683702959e-18
357.15019079136255 4.067372803376345e-18
357.21229982215243 4.134620932815681e-18
357.2744088529423 5.2231546365788195e-18
357.3365178837322 2.943471131367124e-18
357.3986269145221 5.447601823988958e-18
357.46073594531197 5.61258630588511e-18
357.52284497610185 9.66355818566606e-18
357.58495400689173 5.98094348113508e-18
357.64706303768156 2.134235788613128e-18
357.70917206847145 5.459546312034224e-18
357.77128109926133 6.122020788967224e-18
357.8333901300512 4.913549205106347e-18
357.89549916084104 8.748507831002749e-18
357.9576081916309 6.483103737910403e-18
358.0197172224208 5.690930236061232e-18
358.0818262532107 3.3339671753266166e-18
358.1439352840006 4.476902480025836e-18
358.20604431479046 2.181941155695439e-18
358.26815334558034 3.682556801888101e-18
358.33026237637023 3.5158749453749905e-18
358.3923714071601 5.197137324772189e-18
358.45448043794994 4.235339684971057e-18
358.5165894687398 4.153969928114215e-18
358.5786984995297 4.9862683071171086e-18
358.64080753031953 5.892099733853516e-18
358.7029165611094 4.997625496927462e-18
358.7650255918993 2.9217448189881123e-18
358.8271346226892 4.732734967827768e-18
358.88924365347907 7.487692671569822e-18
358.95135268426895 4.9974038125232974e-18
359.01346171505884 5.362250846843899e-18
359.0755707458487 5.1207058361722894e-18
359.1376797766386 6.580977815939209e-18
359.1997888074285 4.281428534341286e-18
359.2618978382183 6.01062520305532e-18
359.3240068690082 5.432971894085039e-18
359.3861158997981 4.813166288279668e-18
359.4482249305879 5.40595700245967e-18
359.5103339613778 4.510514550626622e-18
359.5724429921677 4.26349153634838e-18
359.63455202295756 1.317878937772933e-18
359.69666105374745 3.15702310933902e-18
359.75877008453733 2.8949189381327113e-18
359.8208791153272 3.938718921164135e-18
359.8829881461171 4.2730632568065375e-18
359.945097176907 2.752547092641922e-18
360.0072062076968 1.0648473869226824e-18
360.0693152384867 4.420707965112046e-18
360.1314242692766 2.4203300587398527e-18
360.19353330006646 5.087721595656431e-18
360.2556423308563 7.229855511553368e-18
360.3177513616462 2.480983904335916e-18
360.37986039243606 3.697913409960148e-18
360.44196942322594 4.0608682686295344e-18
360.5040784540158 3.274495991211351e-18
360.5661874848057 3.259492382465711e-18
360.6282965155956 5.202631458400766e-18
360.6904055463855 3.765584642282805e-18
360.75251457717536 4.601993281749474e-18
360.8146236079652 1.2021610229677101e-18
360.8767326387551 2.3461948235204e-18
360.93884166954496 3.4069950225010137e-18
361.0009507003348 3.2712778450382134e-18
361.06305973112467 4.047598637242959e-18
361.12516876191455 8.352167756015569e-19
361.18727779270444 3.892234265870799e-18
361.2493868234943 5.8480933116753884e-18
361.3114958542842 4.66436187275536e-18
361.3736048850741 5.067537561529525e-18
361.43571391586397 2.743696880473064e-18
361.49782294665386 9.82031097969639e-19
361.55993197744374 4.665989350610558e-18
361.62204100823357 2.3828157635993478e-18
361.68415003902345 2.185427515182197e-18
361.74625906981333 3.858843827975389e-19
361.80836810060316 3.4572197749340085e-18
361.87047713139305 3.3217354488136418e-18
361.93258616218293 2.6943718937513737e-18
361.9946951929728 4.471838893906093e-18
362.0568042237627 4.940208409068318e-18
362.1189132545526 4.400759263869411e-18
362.18102228534246 1.661039777974232e-18
362.24313131613235 2.1459854756241373e-18
362.30524034692223 3.6560100944894366e-18
362.3673493777121 4.181371526675953e-18
362.42945840850194 3.051050519523014e-18
362.4915674392918 3.0345379265449243e-18
362.5536764700817 2.294644100565483e-18
362.61578550087154 1.641864490604334e-18
362.6778945316614 1.9496365796466594e-18
362.7400035624513 2.829353294059308e-18
362.8021125932412 3.047541619364564e-18
362.8642216240311 3.7137481284262505e-18
362.92633065482096 3.110650537018685e-18
362.98843968561084 2.151468235519292e-18
363.0505487164007 3.0921702881584845e-18
363.1126577471906 1.3444633687434329e-16
363.17476677798044 4.874855350412341e-18
363.2368758087703 2.345093846125092e-18
363.2989848395602 3.11763111420802e-18
363.3610938703501 3.234666210741157e-18
363.4232029011399 5.302167755870497e-18
363.4853119319298 2.0095527869314786e-18
363.5474209627197 2.581655507196376e-18
363.60952999350957 4.45020936165875e-18
363.67163902429945 3.2765730417294716e-18
363.73374805508934 4.000589135850958e-18
363.7958570858792 2.5150165962781852e-18
363.8579661166691 3.3203784590187486e-18
363.920075147459 2.7179678411099082e-18
363.9821841782488 3.686891641888185e-18
364.0442932090387 3.1049285151313493e-18
364.1064022398286 2.9068779018386967e-18
364.1685112706184 2.247563254845649e-18
364.2306203014083 2.7476551464992832e-18
364.2927293321982 2.7950087550261064e-18
364.35483836298806 3.252577359339921e-18
364.41694739377795 3.2137495013866817e-18
364.47905642456783 4.117114895921915e-18
364.5411654553577 3.507677999094896e-18
364.6032744861476 2.938927635057523e-18
364.6653835169375 3.711093705840568e-18
364.72749254772737 3.1934562794189183e-18
364.7896015785172 3.3262042920729595e-18
364.8517106093071 4.7065575965726086e-18
364.91381964009696 3.6499236995422714e-18
364.9759286708868 2.345475176387479e-18
365.03803770167667 2.6394605427628066e-18
365.10014673246656 3.923068663974632e-18
365.16225576325644 2.4870868428953322e-18
365.2243647940463 3.170780777287002e-18
365.2864738248362 4.110492074347509e-18
365.3485828556261 2.215298454667559e-18
365.410691886416 2.2851964571992085e-18
365.47280091720586 2.8699281574662592e-18
365.5349099479957 2.1893636541270306e-18
365.59701897878557 2.12972806786502e-18
365.65912800957545 3.260935605839463e-18
365.72123704036534 2.351740862732415e-18
365.78334607115517 4.23749200892492e-18
365.84545510194505 4.097845309962186e-18
365.90756413273493 2.2447034846729e-18
365.9696731635248 1.3346968637946315e-18
366.0317821943147 3.3141932159883833e-18
366.0938912251046 2.4596511231333266e-18
366.15600025589447 2.7044883126428972e-18
366.21810928668435 2.350333414920156e-18
366.28021831747424 3.355195524976871e-18
366.34232734826406 2.3786825488735734e-18
366.40443637905395 3.4249280913860102e-18
366.46654540984383 3.2883293461853815e-18
366.52865444063366 3.96067808488558e-18
366.59076347142354 2.557315304081697e-18
366.6528725022134 3.1745188064751292e-18
366.7149815330033 3.2338530921990173e-18
366.7770905637932 1.951444382875394e-18
366.8391995945831 2.1241824422433115e-18
366.90130862537296 2.840373614565199e-18
366.96341765616285 2.4615718365156747e-18
367.02552668695273 3.2650628235057962e-18
367.0876357177426 3.260273034168808e-18
367.14974474853244 1.892027792680557e-18
367.2118537793223 2.5789373917035267e-18
367.2739628101122 2.7698655663317915e-18
367.33607184090204 2.99823483061635e-18
367.3981808716919 2.2504015183224717e-18
367.4602899024818 1.7538143909242247e-18
367.5223989332717 2.7247736763948414e-18
367.5845079640616 2.9996637851245355e-18
367.64661699485146 3.1337261877719235e-18
367.70872602564134 3.2819108382222763e-18
367.7708350564312 2.307793377172932e-18
367.8329440872211 1.7885505999774703e-18
367.895053118011 1.778026381043958e-18
367.9571621488008 1.990557824935117e-18
368.0192711795907 1.0842272980966107e-18
368.0813802103806 1.725090750948474e-18
368.1434892411704 3.123036739511054e-18
368.2055982719603 1.5761417856121222e-18
368.2677073027502 1.5837192770109908e-18
368.32981633354007 1.4467184186350847e-18
368.39192536432995 2.764864845938602e-18
368.45403439511983 1.8455902866821363e-18
368.5161434259097 2.524095523886414e-18
368.5782524566996 2.6420415530691252e-18
368.6403614874895 2.530041091334292e-18
368.7024705182793 1.7349199313722884e-18
368.7645795490692 2.0725560322623456e-18
368.8266885798591 2.569997844028513e-18
368.8887976106489 1.7542401821445364e-18
368.9509066414388 2.0183419945301608e-18
369.0130156722287 1.7643226866309452e-18
369.07512470301856 2.171008723129632e-18
369.13723373380844 2.545910758181275e-18
369.1993427645983 1.8033155671163887e-18
369.2614517953882 1.1664989920138646e-18
369.3235608261781 2.117156576915439e-18
369.385669856968 2.5911167990427575e-18
369.44777888775786 1.891418987749718e-18
369.5098879185477 1.5310343860386868e-18
369.5719969493376 1.4299388531142934e-18
369.63410598012746 2.103275659056187e-18
369.6962150109173 3.1895513665422086e-18
369.75832404170717 1.6092028505273713e-18
369.82043307249705 1.1792520491079009e-18
369.88254210328694 2.9267993061211176e-18
369.9446511340768 3.1827966096601005e-18
370.0067601648667 3.858073360933584e-18
370.0688691956566 2.9564398758058833e-18
370.1309782264465 1.1364567227441277e-18
370.19308725723636 1.899273274461062e-18
370.25519628802624 1.5146049247121586e-18
370.31730531881607 1.4586780027265295e-18
370.37941434960595 3.4733094718239306e-18
370.44152338039584 1.76419385325054e-18
370.50363241118566 1.4761640838880177e-18
370.56574144197555 1.0860501973715245e-18
370.62785047276543 1.9880977897933844e-18
370.6899595035553 2.2331715529581452e-18
370.7520685343452 2.0379629254550717e-18
370.8141775651351 1.6655635253467079e-18
370.87628659592497 2.2134639748640694e-18
370.93839562671485 2.400731668486634e-18
371.00050465750473 2.617468085021706e-18
371.06261368829456 2.1799509591416366e-18
371.12472271908445 2.30696164706701e-18
371.18683174987433 2.4441652680905682e-18
371.2489407806642 2.299372058151683e-18
371.31104981145404 1.895720947320453e-18
371.3731588422439 1.1288137806792909e-18
371.4352678730338 2.2408690889434106e-18
371.4973769038237 2.1254238335476004e-18
371.5594859346136 1.6651856072043477e-18
371.62159496540346 1.2926020560121142e-18
371.68370399619334 1.2779897036962119e-18
371.7458130269832 2.52623419936017e-18
371.8079220577731 2.353421693737123e-18
371.87003108856294 2.196443699785025e-18
371.9321401193528 2.0288203049396762e-18
371.9942491501427 1.7628482371890695e-18
372.05635818093253 1.367789981958617e-18
372.1184672117224 2.0507747123725993e-18
372.1805762425123 2.821080453958012e-18
372.2426852733022 8.655587427469794e-19
372.30479430409207 1.3796546470747714e-18
372.36690333488195 8.818399836474958e-19
372.42901236567184 8.999629938806498e-19
372.4911213964617 1.8988561686371822e-18
372.5532304272516 1.5015585286933956e-18
372.6153394580415 1.4978739560523547e-18
372.6774484888313 2.909775308729317e-18
372.7395575196212 1.2202754512020089e-18
372.8016665504111 1.936105559186517e-18
372.8637755812009 1.3665472464858327e-18
372.9258846119908 1.844919856795662e-18
372.9879936427807 1.458081088516996e-18
373.05010267357056 1.826303950315003e-18
373.11221170436045 2.013503401537032e-18
373.17432073515033 1.2544858835784004e-18
373.2364297659402 2.1977678091505694e-18
373.2985387967301 2.127279613251863e-18
373.36064782752 1.9934314503831263e-18
373.42275685830987 3.151545726117847e-18
373.4848658890997 3.0474121655986996e-18
373.5469749198896 2.4004901317477683e-18
373.60908395067946 2.2092027539385024e-18
373.6711929814693 1.876289854346123e-18
373.7333020122592 1.702324982732213e-18
373.79541104304906 1.7950876015633237e-18
373.85752007383894 1.5276794448717483e-18
373.9196291046288 2.7232692416557606e-18
373.9817381354187 2.0651221600973316e-18
374.0438471662086 1.6840626959634203e-18
374.1059561969985 2.8005833319692544e-18
374.16806522778836 1.772942528999207e-18
374.2301742585782 2.0785990002273518e-18
374.2922832893681 2.2652659539300496e-18
374.35439232015796 1.7654507541913144e-18
374.4165013509478 1.797912009764886e-18
374.47861038173767 2.2798805809926365e-18
374.54071941252755 2.7778261457518487e-18
374.60282844331743 1.7143258224567088e-18
374.6649374741073 1.607147306705177e-18
374.7270465048972 2.036044280024255e-18
374.7891555356871 1.8288866149825467e-18
374.85126456647697 2.2337671229991834e-18
374.91337359726685 1.776511192956914e-18
374.97548262805674 1.4572123420786621e-18
375.03759165884657 2.056927488563922e-18
375.09970068963645 2.083462201843704e-18
375.16180972042633 1.700963857034257e-18
375.22391875121616 2.0870151493697725e-18
375.28602778200604 5.695063554184583e-19
375.34813681279593 1.2412592655836775e-18
375.4102458435858 1.4122124759848586e-18
375.4723548743757 1.6944258214726378e-18
375.5344639051656 1.9873471233874925e-18
375.59657293595546 1.1833756478590543e-18
375.65868196674535 1.3477255788278011e-18
375.72079099753523 5.642682341894662e-19
375.7829000283251 7.467947870348182e-19
375.84500905911494 1.6168183922344174e-18
375.9071180899048 2.0840313021051406e-18
375.9692271206947 2.889140254373416e-18
376.03133615148454 2.7533657946531962e-18
376.0934451822744 1.9504430807438986e-18
376.1555542130643 2.1089664548753985e-18
376.2176632438542 1.8438664422855757e-18
376.2797722746441 2.057591921390955e-18
376.34188130543396 2.0163654464564653e-18
376.40399033622384 1.751686675593585e-18
376.4660993670137 1.621038874514816e-18
376.5282083978036 1.6896678785892328e-18
376.59031742859344 1.1593258885369579e-18
376.6524264593833 1.1162120976373518e-18
376.7145354901732 1.4315652969937258e-18
376.7766445209631 1.5272614084696793e-18
376.8387535517529 1.878026106451872e-18
376.9008625825428 1.973410370836893e-18
376.9629716133327 2.763578580086082e-18
377.02508064412257 2.4351421751736866e-18
377.08718967491245 1.6449701402141643e-18
377.14929870570234 1.3559057747004912e-18
377.2114077364922 1.831983372400792e-18
377.2735167672821 1.2085254539982697e-18
377.335625798072 1.7550479240126944e-18
377.3977348288618 2.9156383649110927e-18
377.4598438596517 1.8782128424751557e-18
377.5219528904416 2.372253494357658e-18
377.5840619212314 9.70632859321388e-19
377.6461709520213 1.8460661223295074e-18
377.7082799828112 2.4048921801726224e-18
377.77038901360106 1.8410933192819917e-18
377.83249804439095 1.5600160029679775e-18
377.89460707518083 2.1715505264308543e-18
377.9567161059707 2.334861208357505e-18
378.0188251367606 2.569009156401359e-18
378.0809341675505 1.8772016141763096e-18
378.14304319834037 1.904393315657612e-18
378.2051522291302 1.5009919099737968e-18
378.2672612599201 1.3929799063575413e-18
378.32937029070996 1.6333738952067834e-18
378.3914793214998 1.408116277591496e-18
378.45358835228967 2.154151816221567e-18
378.51569738307956 1.983062534609621e-18
378.57780641386944 1.6017638084835288e-18
378.6399154446593 2.181541834254729e-18
378.7020244754492 1.9768756372180306e-18
378.7641335062391 2.190596980420347e-18
378.826242537029 2.336879322256981e-18
378.88835156781886 1.3824114332612575e-18
378.95046059860874 1.2605020715710752e-18
379.01256962939857 1.8302640774976006e-18
379.07467866018845 1.4121694625930058e-18
379.13678769097834 2.286942842267461e-18
379.19889672176816 1.626390526282881e-18
379.26100575255805 2.0974930461889817e-18
379.32311478334793 2.479043752209173e-18
379.3852238141378 1.6746963230923293e-18
379.4473328449277 2.4740084970254095e-18
379.5094418757176 1.768746655342032e-18
379.57155090650747 2.7052321548087355e-18
379.63365993729735 1.848668018946293e-18
379.69576896808724 1.1716529476155293e-18
379.75787799887706 2.3564638572349397e-18
379.81998702966695 1.8759161755044022e-18
379.88209606045683 2.3054437706429752e-18
379.94420509124666 2.304693931417696e-18
380.00631412203654 1.6162729700180152e-18
380.0684231528264 2.089132111352449e-18
380.1305321836163 2.0111610328374348e-18
380.1926412144062 1.3450241103447795e-18
380.2547502451961 1.5516287017494195e-18
380.31685927598596 1.9520955808126264e-18
380.37896830677585 2.186851506606707e-18
380.44107733756573 2.2108705568485625e-18
380.5031863683556 2.4537233400686184e-18
380.56529539914544 2.665890824490254e-18
380.6274044299353 2.019377417861924e-18
380.6895134607252 1.3432124814057118e-18
380.75162249151504 1.9022223801399667e-18
380.8137315223049 1.980856237120789e-18
380.8758405530948 2.438664930607397e-18
380.9379495838847 2.2262947869356856e-18
381.0000586146746 1.848428756954112e-18
381.06216764546446 1.42481529640014e-18
381.12427667625434 2.2929057805082027e-18
381.1863857070442 1.5524406829182169e-18
381.2484947378341 1.8787558865472968e-18
381.310603768624 2.8266835686322932e-18
381.3727127994138 2.2245761124179536e-18
381.4348218302037 8.465423774522681e-19
381.4969308609936 1.675598466947895e-18
381.5590398917834 2.221899562750885e-18
381.6211489225733 2.4133430709007704e-18
381.6832579533632 1.9478597956908955e-18
381.74536698415307 1.4549603428609865e-18
381.80747601494295 1.5946107641364765e-18
381.86958504573283 1.904930155875159e-18
381.9316940765227 2.619832580802689e-18
381.9938031073126 2.012456604471846e-18
382.0559121381025 2.2771033220859897e-18
382.1180211688923 1.6897879231756296e-18
382.1801301996822 2.078998942053521e-18
382.2422392304721 2.875861110409796e-18
382.30434826126196 2.407857622668625e-18
382.3664572920518 1.6707345415485065e-18
382.4285663228417 2.289977354344612e-18
382.49067535363156 2.381881463097469e-18
382.55278438442144 1.7990229133275447e-18
382.6148934152113 2.120723793307074e-18
382.6770024460012 1.9255284006938014e-18
382.7391114767911 2.2007307701047343e-18
382.801220507581 2.3105247275555822e-18
382.86332953837086 1.9569895949067964e-18
382.9254385691607 1.811152276239716e-18
382.9875475999506 2.0713191904514257e-18
383.04965663074046 2.822541668510087e-18
383.1117656615303 2.5132925450864716e-18
383.17387469232017 2.607430041493222e-18
383.23598372311005 2.300737733343008e-18
383.29809275389994 2.118065648408635e-18
383.3602017846898 2.4091794572874847e-18
383.4223108154797 2.1749636804334012e-18
383.4844198462696 2.270030307463202e-18
383.5465288770595 2.5797463743426036e-18
383.60863790784936 1.114349266218367e-17
383.67074693863924 2.1500875883588796e-17
383.73285596942907 2.778310087769223e-17
383.79496500021895 2.3862380579476634e-17
383.85707403100884 1.442270792558479e-17
383.91918306179866 1.3228658649294081e-17
383.98129209258855 2.5672506531371325e-17
384.04340112337843 2.6719832992149216e-17
384.1055101541683 2.2552446608089696e-18
384.1676191849582 2.490259080544473e-18
384.2297282157481 1.810054400771705e-18
384.29183724653797 2.2496146627647806e-18
384.35394627732785 2.270556807923092e-18
384.41605530811773 1.8932476772889195e-18
384.4781643389076 2.324977434013262e-18
384.54027336969745 2.199466217743294e-18
384.60238240048733 1.851750921089278e-18
384.6644914312772 1.8744264232211942e-18
384.72660046206704 1.9541149354830215e-18
384.7887094928569 1.7696015465051055e-18
384.8508185236468 2.757569733321344e-18
384.9129275544367 2.7626113991548545e-18
384.9750365852266 2.3381527668100065e-18
385.03714561601646 2.6132478095364606e-18
385.09925464680634 3.1670061453567695e-18
385.1613636775962 4.0556975626204654e-18
385.2234727083861 4.821251151586761e-18
385.28558173917594 4.9595693984857345e-18
385.3476907699658 5.223300220366629e-18
385.4097998007557 6.7040957919019075e-18
385.47190883154553 7.013766984233078e-18
385.5340178623354 7.081617301158353e-18
385.5961268931253 6.990374316510079e-18
385.6582359239152 6.398722216443256e-18
385.72034495470507 6.623138384580424e-18
385.78245398549495 6.044426284426075e-18
385.84456301628484 5.243848627553365e-18
385.9066720470747 4.664704739119263e-18
385.9687810778646 3.928322501635262e-18
386.0308901086545 3.461422266036084e-18
386.0929991394443 3.2025548525666953e-18
386.1551081702342 2.859916997307683e-18
386.2172172010241 1.9516143684912737e-18
386.2793262318139 1.8157104550051895e-18
386.3414352626038 1.9709662589219518e-18
386.4035442933937 2.118338204420471e-18
386.46565332418356 2.1849748405919774e-18
386.52776235497345 2.2709050509609767e-18
386.58987138576333 2.0601266095829707e-18
386.6519804165532 2.49465802704203e-18
386.7140894473431 2.1012366588462436e-18
386.776198478133 2.332511808622701e-18
386.83830750892287 2.0818578850456576e-18
386.9004165397127 1.8989031111369446e-18
386.9625255705026 1.792011110070086e-18
387.02463460129246 2.391473449480634e-18
387.0867436320823 2.3763376986321388e-18
387.1488526628722 2.4067603675860734e-18
387.21096169366206 2.154443604182645e-18
387.27307072445194 2.2069685391039967e-18
387.3351797552418 1.7681442610609402e-18
387.3972887860317 2.214637537358129e-18
387.4593978168216 2.191008295979939e-18
387.5215068476115 2.532416133668085e-18
387.58361587840136 1.7636156540023655e-18
387.6457249091912 2.2838634556420793e-18
387.7078339399811 2.2088156334118276e-18
387.76994297077096 2.124472162252858e-18
387.83205200156084 2.1592921233431247e-18
387.89416103235067 2.6245437879814848e-18
387.95627006314055 2.723842891410566e-18
388.01837909393043 2.319538928280879e-18
388.0804881247203 2.3562949055948258e-18
388.1425971555102 2.146379833981172e-18
388.2047061863001 2.0325318643482017e-18
388.26681521708997 2.3945255391458016e-18
388.32892424787985 2.5088458289085396e-18
388.39103327866974 2.263353305558674e-18
388.45314230945957 2.1699040234215675e-18
388.51525134024945 2.3403143965457607e-18
388.57736037103933 2.4706267758861395e-18
388.63946940182916 2.4183280748623212e-18
388.70157843261904 2.3103468837238833e-18
388.7636874634089 1.7892330239828265e-18
388.8257964941988 2.0550868049058382e-18
388.8879055249887 2.3233586415544956e-18
388.9500145557786 2.0144434923031983e-18
389.01212358656846 2.5004578039069457e-18
389.07423261735835 2.5981226052407754e-18
389.13634164814823 2.1798099248471963e-18
389.1984506789381 2.4976271918507892e-18
389.26055970972794 2.0363265554082887e-18
389.3226687405178 1.9926747869177935e-18
389.3847777713077 2.7312637354809325e-18
389.44688680209754 2.6185256354348552e-18
389.5089958328874 2.205537309849127e-18
389.5711048636773 2.4892743220252287e-18
389.6332138944672 2.3322448360799996e-18
389.6953229252571 2.460896443545525e-18
389.75743195604696 2.090714507864263e-18
389.81954098683684 2.358163506598583e-18
389.8816500176267 2.580922831968807e-18
389.9437590484166 2.728741248202952e-18
390.00586807920644 3.00790622633832e-18
390.0679771099963 2.6197287696358136e-18
390.1300861407862 2.3041006361233423e-18
390.1921951715761 2.6845189318849483e-18
390.2543042023659 2.1606958488426272e-18
390.3164132331558 2.062864370615368e-18
390.3785222639457 2.1662706325809283e-18
390.44063129473557 1.88947325215384e-18
390.50274032552545 1.8917535823074956e-18
390.56484935631534 2.23708866674889e-18
390.6269583871052 2.535108399766792e-18
390.6890674178951 2.3271322395089625e-18
390.751176448685 2.1089780354039743e-18
390.8132854794748 2.107218415445921e-18
390.8753945102647 2.420608818606283e-18
390.9375035410546 2.6136620202281965e-18
390.9996125718444 2.5892153176096512e-18
391.0617216026343 2.1958969334001276e-18
391.1238306334242 1.932435152013466e-18
391.18593966421406 2.24885551775761e-18
391.24804869500394 2.4529079467797943e-18
391.31015772579383 2.797361049893054e-18
391.3722667565837 2.6020343423575386e-18
391.4343757873736 2.3082663176881593e-18
391.4964848181635 2.2642487285717625e-18
391.55859384895336 2.1420849054456435e-18
391.6207028797432 2.3982916924747555e-18
391.6828119105331 1.857829664615777e-18
391.74492094132296 2.2803162983802988e-18
391.8070299721128 2.18414538523274e-18
391.86913900290267 2.34460146686547e-18
391.93124803369255 2.6317679698612166e-18
391.99335706448244 2.3924685477575353e-18
392.0554660952723 2.329364386391937e-18
392.1175751260622 2.147272982247576e-18
392.1796841568521 2.4260266448233523e-18
392.241793187642 2.4114885319674265e-18
392.30390221843186 2.2334128829018576e-18
392.3660112492217 2.100172490988194e-18
392.42812028001157 2.4115842781233295e-18
392.49022931080145 2.053872090176304e-18
392.55233834159134 2.5367842676878244e-18
392.6144473723812 2.309842096755073e-18
392.67655640317105 2.3887760135030986e-18
392.73866543396093 2.4704574106557193e-18
392.8007744647508 2.5469722377023338e-18
392.8628834955407 2.3246527656228348e-18
392.9249925263306 2.4741687632690916e-18
392.98710155712047 3.043173692139978e-18
393.04921058791035 2.4854000148311835e-18
393.11131961870024 2.6850425372126944e-18
393.17342864949006 2.2620839969087112e-18
393.23553768027995 2.178035829228423e-18
393.29764671106983 2.005877003084446e-18
393.3597557418597 2.1654932896002816e-18
393.42186477264954 2.4016589379533058e-18
393.4839738034394 1.8656121934089823e-18
393.5460828342293 2.109149675381079e-18
393.6081918650192 2.3537203059382545e-18
393.6703008958091 2.0121389671166256e-18
393.73240992659896 2.1559383195495285e-18
393.79451895738885 2.1831606267134955e-18
393.85662798817873 2.1723185636296098e-18
393.91873701896856 2.0183614332745558e-18
393.98084604975844 1.9998600913087353e-18
394.0429550805483 2.182609517630382e-18
394.1050641113382 2.1830158701062987e-18
394.1671731421281 2.3364433980741656e-18
394.2292821729179 2.1691953364317627e-18
394.2913912037078 2.1447341581524977e-18
394.3535002344977 2.0152965223098937e-18
394.41560926528757 2.632700202411564e-18
394.47771829607746 2.204079197224349e-18
394.53982732686734 1.870202425423192e-18
394.6019363576572 2.365121543116226e-18
394.6640453884471 2.4261509287103884e-18
394.72615441923693 2.5046245194475284e-18
394.7882634500268 2.2498512364199708e-18
394.8503724808167 2.5251553490462477e-18
394.9124815116066 2.1801124661562376e-18
394.97459054239647 2.0717590437421508e-18
395.0366995731863 2.2834643409965225e-18
395.0988086039762 1.977380217391688e-18
395.16091763476607 1.9549795460182926e-18
395.22302666555595 1.9561491794044426e-18
395.28513569634583 2.207921657964811e-18
395.3472447271357 2.4411071813659596e-18
395.4093537579256 2.228301113511433e-18
395.4714627887155 2.1711048828758414e-18
395.5335718195053 2.4196610764194504e-18
395.5956808502952 2.2167416780413107e-18
395.6577898810851 2.2209474778658366e-18
395.71989891187496 2.0119447864678288e-18
395.7820079426648 1.6536466444543861e-18
395.8441169734547 2.0829268091922292e-18
395.90622600424456 2.209043521670586e-18
395.96833503503444 1.8375062505556555e-18
396.0304440658243 2.1683981411164147e-18
396.0925530966142 2.200670179124865e-18
396.1546621274041 1.746704153173872e-18
396.216771158194 1.8534269958054636e-18
396.2788801889838 2.066179090125021e-18
396.3409892197737 2.1962156047311136e-18
396.4030982505636 2.35439280377626e-18
396.46520728135346 2.170690051798646e-18
396.52731631214334 2.5714849079747302e-18
396.58942534293317 2.7773474149723336e-18
396.65153437372305 2.4505076754373185e-18
396.71364340451294 2.347537544449727e-18
396.7757524353028 2.3740997614848765e-18
396.8378614660927 2.6220750674433202e-18
396.8999704968826 2.6571220896117326e-18
396.9620795276725 2.2611703759221464e-18
397.02418855846236 2.1305974346888133e-18
397.0862975892522 2.296902924023212e-18
397.14840662004207 2.1872921870780447e-18
397.21051565083195 2.1809055255685228e-18
397.27262468162183 1.9392099680254285e-18
397.3347337124117 2.0379360420851637e-18
397.39684274320155 1.9981300430575807e-18
397.45895177399143 1.9637627565575338e-18
397.5210608047813 2.1556777576565743e-18
397.5831698355712 2.02181263758528e-18
397.6452788663611 2.3771260017559018e-18
397.70738789715097 2.0925698739782193e-18
397.76949692794085 2.245386735858869e-18
397.83160595873073 2.533008601781826e-18
397.89371498952056 2.345771513841926e-18
397.95582402031044 2.1874950531232733e-18
398.01793305110033 1.851559635572625e-18
398.0800420818902 2.28250212314897e-18
398.1421511126801 2.3895142721998022e-18
398.2042601434699 2.1581076007059488e-18
398.2663691742598 2.1686010071616434e-18
398.3284782050497 2.0192496184572846e-18
398.3905872358396 2.155587594969806e-18
398.45269626662946 2.0900002374053233e-18
398.51480529741934 2.086256004362602e-18
398.5769143282092 1.9199525829797346e-18
398.6390233589991 2.2730739185270907e-18
398.70113238978894 2.164280849617432e-18
398.7632414205788 2.096174313497419e-18
398.8253504513687 2.048418488397742e-18
398.8874594821586 2.121517886695125e-18
398.9495685129484 2.2534957941988794e-18
399.0116775437383 2.151655591928035e-18
399.0737865745282 2.199898833203659e-18
399.13589560531807 2.222758176226715e-18
399.19800463610795 1.9676240356569313e-18
399.26011366689784 2.0189743741084576e-18
399.3222226976877 2.1081229374457476e-18
399.3843317284776 2.0462713343227075e-18
399.44644075926743 2.0823173838759308e-18
399.5085497900573 1.9360480701339446e-18
399.5706588208472 1.8550782551032726e-18
399.6327678516371 1.851493461123621e-18
399.69487688242697 1.9604821582481484e-18
399.7569859132168 2.4793493954455112e-18
399.8190949440067 2.9510423155138217e-18
399.88120397479656 3.789959586983211e-18
399.94331300558645 4.902925724499328e-18
400.00542203637633 5.063710196835242e-18
400.0675310671662 5.391078504781678e-18
400.1296400979561 5.850299402369067e-18
400.191749128746 6.3367874816686544e-18
400.2538581595358 5.6826923443408164e-18
400.3159671903257 5.3048962111210035e-18
400.3780762211156 5.0036949346720695e-18
400.44018525190546 4.537914908417441e-18
400.50229428269535 4.091030168895362e-18
400.5644033134852 3.1381191372100395e-18
400.62651234427506 2.4314994785511562e-18
400.68862137506494 1.868972738724571e-17
400.7507304058548 5.389243818183036e-18
400.8128394366447 1.7953891088965993e-18
400.8749484674346 1.7220442447524411e-18
400.9370574982245 1.814543303160877e-18
400.99916652901436 1.9304929319351916e-18
401.0612755598042 2.1080813716199668e-18
401.12338459059407 2.239861376162168e-18
401.18549362138396 2.1473860991963427e-18
401.24760265217384 1.833526684628663e-18
401.30971168296367 1.7711992458582517e-18
401.37182071375355 2.0302356109677545e-18
401.43392974454343 2.1642202586375625e-18
401.4960387753333 2.0175144003273015e-18
401.5581478061232 2.0559962899893403e-18
401.6202568369131 2.2410529298345505e-18
401.68236586770297 2.1887265182602117e-18
401.74447489849285 1.6785303052315126e-18
401.8065839292827 1.8118750252999343e-18
401.86869296007256 1.9906628768729114e-18
401.93080199086245 2.520748130742565e-18
401.99291102165233 2.8669254918426918e-18
402.0550200524422 2.9773100562509025e-18
402.11712908323204 3.229978371414666e-18
402.1792381140219 3.2136947006711e-18
402.2413471448118 3.3338025663847185e-18
402.3034561756017 3.4254591413392693e-18
402.3655652063916 3.201682383815605e-18
402.42767423718146 2.8428706660393434e-18
402.48978326797135 2.735694942022379e-18
402.55189229876123 2.6387779119622973e-18
402.61400132955106 2.40635753062776e-18
402.67611036034094 2.2175353578390554e-18
402.7382193911308 2.148188050800213e-18
402.8003284219207 1.815070837596533e-18
402.8624374527106 1.672313215747564e-18
402.9245464835004 1.9721981376491964e-18
402.9866555142903 1.9697856653926855e-18
403.0487645450802 2.097620638798468e-18
403.1108735758701 2.1516204367520017e-18
403.17298260665996 2.3167593946275475e-18
403.23509163744984 2.1347323037758128e-18
403.2972006682397 2.1002787836969072e-18
403.3593096990296 2.1536468224576034e-18
403.42141872981944 2.0625599681499486e-18
403.4835277606093 1.769104410956961e-18
403.5456367913992 1.947954714666186e-18
403.6077458221891 2.029904325132427e-18
403.669854852979 2.0106370139193825e-18
403.7319638837688 2.017540456516597e-18
403.7940729145587 1.9371327107121547e-18
403.85618194534857 2.221139383767949e-18
403.91829097613845 1.8617775908843396e-18
403.98040000692833 2.124634703243225e-18
404.0425090377182 2.1279740313761014e-18
404.1046180685081 2.0932452669483688e-18
404.16672709929793 1.9424585130860774e-18
404.2288361300878 1.9351174919448224e-18
404.2909451608777 2.3488817129451255e-18
404.3530541916676 2.2425296540231108e-18
404.41516322245747 1.926073719512627e-18
404.4772722532473 2.016604501653493e-18
404.5393812840372 1.809336614795162e-18
404.60149031482706 2.0099295677004965e-18
404.66359934561694 1.953481728724112e-18
404.7257083764068 2.0149989440845277e-18
404.7878174071967 1.9078920828535583e-18
404.8499264379866 2.0256499284469136e-18
404.9120354687765 2.2952721374455638e-18
404.9741444995663 1.9197118734214817e-18
405.0362535303562 1.89540972061498e-18
405.0983625611461 2.0177534555243293e-18
405.16047159193596 2.01484819041789e-18
405.22258062272584 1.9207671490879462e-18
405.28468965351567 2.1050611284083825e-18
405.34679868430555 1.8608130982901028e-18
405.40890771509544 1.8132423548524844e-18
405.4710167458853 2.0958426140717853e-18
405.5331257766752 2.135348966922471e-18
405.5952348074651 2.1572473328688936e-18
405.657343838255 2.040033151733139e-18
405.71945286904486 2.089282037838474e-18
405.7815618998347 2.10166803353569e-18
405.84367093062457 1.9722082706117e-18
405.90577996141445 2.070348700797748e-18
405.96788899220434 2.0668751626104846e-18
406.0299980229942 1.9031508903775575e-18
406.09210705378405 1.9155997518013274e-18
406.15421608457393 1.9290164145417844e-18
406.2163251153638 1.9429250429515573e-18
406.2784341461537 1.9012541652329734e-18
406.3405431769436 2.1627979215742776e-18
406.40265220773347 1.8516615855831223e-18
406.46476123852335 1.924284527847675e-18
406.52687026931324 2.0644205041427335e-18
406.58897930010306 1.8608954027610518e-18
406.65108833089295 2.0434822880923318e-18
406.71319736168283 2.0385158956945634e-18
406.7753063924727 1.4963345729323936e-18
406.83741542326254 1.833319062294912e-18
406.8995244540524 1.8515528113325716e-18
406.9616334848423 1.8992077203975172e-18
407.0237425156322 1.956064600186809e-18
407.0858515464221 1.8504681707543615e-18
407.14796057721196 1.8169448152742718e-18
407.21006960800185 1.807152857978022e-18
407.27217863879173 1.876343621085939e-18
407.33428766958156 2.0689360831066604e-18
407.39639670037144 1.987827922118539e-18
407.4585057311613 1.796420809915606e-18
407.5206147619512 1.8475124476305564e-18
407.5827237927411 1.898338560368877e-18
407.6448328235309 1.6842153107864364e-18
407.7069418543208 1.5606595494845438e-18
407.7690508851107 1.940082850366825e-18
407.83115991590057 1.8733186215858326e-18
407.89326894669045 1.9829926378478603e-18
407.95537797748034 1.936638056705848e-18
408.0174870082702 1.8132216753371706e-18
408.0795960390601 1.8831662067782764e-18
408.14170506984993 2.0671772903292196e-18
408.2038141006398 1.9977621544801477e-18
408.2659231314297 1.7213782609617594e-18
408.3280321622196 1.6518352223104715e-18
408.39014119300947 1.860020452468124e-18
408.4522502237993 2.2048387558218258e-18
408.5143592545892 2.0771772835495262e-18
408.57646828537906 1.8495936340517398e-18
408.63857731616895 1.7644041639212817e-18
408.70068634695883 1.8185176992090414e-18
408.7627953777487 1.9445328752672072e-18
408.8249044085386 1.8269495647831006e-18
408.8870134393285 1.8129046583674096e-18
408.9491224701183 2.0526058834536386e-18
409.0112315009082 1.8919252222846004e-18
409.0733405316981 1.6732067776042744e-18
409.13544956248796 1.7398828082524535e-18
409.19755859327785 1.8429823930059097e-18
409.2596676240677 1.813244629599169e-18
409.32177665485756 1.9031835640117534e-18
409.38388568564744 1.8863764947355947e-18
409.4459947164373 1.7335163092703625e-18
409.5081037472272 1.7148422933516716e-18
409.5702127780171 1.808048487786264e-18
409.632321808807 1.7834479295737838e-18
409.6944308395968 1.9133963494446393e-18
409.7565398703867 1.8460288992019425e-18
409.8186489011766 1.5247423333117256e-18
409.88075793196646 1.9698408796985734e-18
409.94286696275634 1.918985195253354e-18
410.00497599354617 2.072577745753425e-18
410.06708502433605 2.3806551678393593e-18
410.12919405512594 2.570617195512162e-18
410.1913030859158 2.6608913448679836e-18
410.2534121167057 2.9336349199081026e-18
410.3155211474956 3.0256639329334554e-18
410.3776301782855 3.466316280130254e-18
410.43973920907536 3.4303759029002845e-18
410.5018482398652 3.3232262350726155e-18
410.56395727065507 3.2704887147338378e-18
410.62606630144495 3.265155467734402e-18
410.68817533223483 3.1927672379686616e-18
410.7502843630247 3.0183427641269017e-18
410.81239339381455 2.6536634406754953e-18
410.87450242460443 2.447003738362544e-18
410.9366114553943 2.263637648894239e-18
410.9987204861842 2.0812883711939148e-18
411.0608295169741 2.0019423117056844e-18
411.12293854776397 1.6696412155738646e-18
411.18504757855385 1.6795398791691335e-18
411.24715660934373 1.707908658662099e-18
411.30926564013356 1.80764627121341e-18
411.37137467092344 1.5642708132437972e-18
411.4334837017133 1.8646892666405262e-18
411.4955927325032 2.110008495652062e-18
411.5577017632931 2.02930027649011e-18
411.6198107940829 1.6863994811938826e-18
411.6819198248728 1.7140943152827706e-18
411.7440288556627 1.6948744635573713e-18
411.8061378864526 1.7782397936419968e-18
411.86824691724246 1.9012651253760898e-18
411.93035594803234 2.0180425551484166e-18
411.9924649788222 1.85850133527317e-18
412.0545740096121 1.8379477582076057e-18
412.11668304040194 1.976796641469532e-18
412.1787920711918 1.8671921083789586e-18
412.2409011019817 1.845361157652459e-18
412.3030101327716 1.8876697916233213e-18
412.3651191635614 1.7612929308423166e-18
412.4272281943513 1.8313063250694174e-18
412.4893372251412 1.8785069051829183e-18
412.55144625593107 1.6075167462462586e-18
412.61355528672095 1.84751203404025e-18
412.67566431751084 1.9629827252398963e-18
412.7377733483007 1.8777188088543084e-18
412.7998823790906 1.6128761528325662e-18
412.86199140988043 1.6309156178238523e-18
412.9241004406703 1.7430413974214872e-18
412.9862094714602 1.6851144561122815e-18
413.0483185022501 1.7352474948948594e-18
413.11042753303997 1.778765260126121e-18
413.1725365638298 1.9106087507803356e-18
413.2346455946197 1.6830850718769592e-18
413.29675462540956 1.706315715597475e-18
413.35886365619945 1.6935767205738521e-18
413.42097268698933 1.7542389413736175e-18
413.4830817177792 1.837777565796573e-18
413.5451907485691 1.5712120993540359e-18
413.607299779359 1.8633058070660313e-18
413.6694088101488 1.885198175953013e-18
413.7315178409387 1.80360756187262e-18
413.7936268717286 1.766901215395426e-18
413.85573590251846 1.7199009163877397e-18
413.91784493330834 1.7053022125519444e-18
413.9799539640982 1.652553111684591e-18
414.04206299488806 1.6787137325323462e-18
414.10417202567794 1.6253736111173236e-18
414.1662810564678 1.6354656281807768e-18
414.2283900872577 1.5322202528443581e-18
414.2904991180476 1.9058898921808737e-18
414.3526081488375 1.9179828591460927e-18
414.41471717962736 1.780228129039421e-18
414.4768262104172 1.6506473909508454e-18
414.53893524120707 1.8160857882081354e-18
414.60104427199695 1.777876454557933e-18
414.66315330278684 1.7445536903763873e-18
414.7252623335767 2.0750841030094608e-18
414.78737136436655 1.911620392669488e-18
414.84948039515643 1.6555715971373736e-18
414.9115894259463 1.6640195927333776e-18
414.9736984567362 1.6637971845461774e-18
415.0358074875261 1.783062463408334e-18
415.09791651831597 1.758822555942927e-18
415.16002554910585 1.8384802557269367e-18
415.2221345798957 1.9427627087563438e-18
415.28424361068556 1.9136523618442245e-18
415.34635264147545 1.840362091620495e-18
415.40846167226533 1.8487044148932453e-18
415.4705707030552 1.7373967169214253e-18
415.53267973384504 1.767847923606493e-18
415.5947887646349 1.7470141391084263e-18
415.6568977954248 1.6998635000244083e-18
415.7190068262147 2.095999364797864e-18
415.7811158570046 1.831026117636915e-18
415.84322488779446 1.6405590962001487e-18
415.90533391858435 1.9043529906027502e-18
415.96744294937423 1.7445237050791822e-18
416.02955198016406 1.621647679445655e-18
416.09166101095394 1.6978796107227764e-18
416.1537700417438 1.939849171843779e-18
416.2158790725337 1.8421068223275223e-18
416.2779881033236 1.8609828771108293e-18
416.3400971341134 1.8155890662502974e-18
416.4022061649033 1.79587942020469e-18
416.4643151956932 1.8760979484440107e-18
416.5264242264831 1.736032282501019e-18
416.58853325727296 2.0469179827665708e-18
416.65064228806284 1.7432560507904447e-18
416.7127513188527 1.833003079300917e-18
416.7748603496426 1.7507869098822806e-18
416.83696938043244 1.7973923335450496e-18
416.8990784112223 1.5658153662425868e-18
416.9611874420122 1.684728472958949e-18
417.0232964728021 1.8133505087175757e-18
417.08540550359197 2.0662996516993008e-18
417.1475145343818 1.6959459726433571e-18
417.2096235651717 1.8075122679541765e-18
417.27173259596157 1.756719656030664e-18
417.33384162675145 1.6739064690049177e-18
417.39595065754133 1.764524518700408e-18
417.4580596883312 1.7352367415468962e-18
417.5201687191211 1.798635999596023e-18
417.582277749911 1.7723885247839498e-18
417.6443867807008 1.872706094342237e-18
417.7064958114907 1.83004197950313e-18
417.7686048422806 1.839245190998395e-18
417.83071387307047 1.861018445877169e-18
417.8928229038603 1.971968595029213e-18
417.9549319346502 1.6361283032490084e-18
418.01704096544006 1.8711077746036315e-18
418.07914999622994 1.75509507330761e-18
418.1412590270198 1.7560370252301547e-18
418.2033680578097 1.772710504837386e-18
418.2654770885996 1.881948390121445e-18
418.3275861193895 1.7447648282277414e-18
418.3896951501793 1.6627268128335338e-18
418.4518041809692 1.6019115636204461e-18
418.5139132117591 1.6718056370441862e-18
418.57602224254896 1.617207477315047e-18
418.63813127333884 1.5863523996959002e-18
418.70024030412867 1.5811171735990521e-18
418.76234933491855 1.7478952932559484e-18
418.82445836570844 1.8188082463992006e-18
418.8865673964983 1.6761628109208092e-18
418.9486764272882 1.809114723595845e-18
419.0107854580781 1.738784312398983e-18
419.072894488868 1.7200591146798905e-18
419.13500351965786 1.6245413640235187e-18
419.1971125504477 1.6833357076025628e-18
419.25922158123757 1.673167279730025e-18
419.32133061202745 1.7311973084230701e-18
419.38343964281734 1.7019445830480151e-18
419.4455486736072 1.5513853038541758e-18
419.50765770439705 1.804823930963379e-18
419.56976673518693 1.789870987030258e-18
419.6318757659768 1.752555628827072e-18
419.6939847967667 1.915471952396688e-18
419.7560938275566 1.67088632919091e-18
419.81820285834647 1.7467391015547524e-18
419.88031188913635 1.7273634296814634e-18
419.94242091992624 1.801558842290479e-18
420.00452995071606 1.8903159424028785e-18
420.06663898150595 1.796720042502197e-18
420.12874801229583 1.6112788670697263e-18
420.1908570430857 1.691679271646232e-18
420.25296607387554 1.7852555260073653e-18
420.3150751046654 1.863999191214504e-18
420.3771841354553 1.6913430227272292e-18
420.4392931662452 1.7155463274505308e-18
420.5014021970351 1.7735835939739358e-18
420.56351122782496 1.818297255575796e-18
420.62562025861484 1.7408057350209095e-18
420.68772928940473 1.8582322947789373e-18
420.74983832019456 1.8844185582256817e-18
420.81194735098444 1.6387482944416935e-18
420.8740563817743 1.7369986362516342e-18
420.9361654125642 1.811586132471e-18
420.9982744433541 1.682870108315272e-18
421.0603834741439 1.841259996175421e-18
421.1224925049338 1.8492850956832575e-18
421.1846015357237 1.879884160902819e-18
421.24671056651357 1.7885299204621564e-18
421.30881959730345 1.8196486619015545e-18
421.37092862809334 1.7764342651599467e-18
421.4330376588832 1.6737159072713008e-18
421.4951466896731 1.5572650070457793e-18
421.55725572046293 1.659105105919047e-18
421.6193647512528 1.8274504226440015e-18
421.6814737820427 1.8605432306152573e-18
421.7435828128326 1.6824418355531227e-18
421.80569184362247 1.8028262897840636e-18
421.8678008744123 1.7716823193359826e-18
421.9299099052022 1.639131899450765e-18
421.99201893599206 1.7544868887622303e-18
422.05412796678195 1.8768663992330725e-18
422.11623699757183 1.7776783448012264e-18
422.1783460283617 1.7840155822691483e-18
422.2404550591516 1.859286329674483e-18
422.3025640899415 1.867771341602899e-18
422.3646731207313 1.8633539903367125e-18
422.4267821515212 1.7362529329294176e-18
422.4888911823111 1.7092920148390174e-18
422.55100021310096 1.7632777507221376e-18
422.61310924389085 1.7741781300392083e-18
422.6752182746807 1.8426815060580935e-18
422.73732730547056 1.8757432947563786e-18
422.79943633626044 1.858771823333475e-18
422.8615453670503 1.8714072139853757e-18
422.9236543978402 1.6958428852595177e-18
422.9857634286301 1.6122794454181858e-18
423.04787245942 1.6506046877517223e-18
423.10998149020986 1.6529748703994165e-18
423.1720905209997 1.6696461786575399e-18
423.2341995517896 1.732109481843563e-18
423.29630858257946 1.6784543080127342e-18
423.35841761336934 1.7811274811604194e-18
423.42052664415917 1.7371950916471155e-18
423.48263567494905 1.734317226898467e-18
423.54474470573894 1.7087657211742805e-18
423.6068537365288 1.893157101011845e-18
423.6689627673187 1.6311437128777638e-18
423.7310717981086 1.683374274898623e-18
423.79318082889847 1.6402642063117735e-18
423.85528985968836 1.7980693808764242e-18
423.9173988904782 2.0703929549605194e-18
423.97950792126807 2.2824653136117115e-18
424.04161695205795 2.769215815960631e-18
424.10372598284783 3.241241469430341e-18
424.1658350136377 3.0836149658780017e-18
424.22794404442755 3.201676179961011e-18
424.29005307521743 3.1746137254504197e-18
424.3521621060073 3.3323293577137616e-18
424.4142711367972 3.1034296638614032e-18
424.4763801675871 3.0722633595367834e-18
424.53848919837696 2.648426353422269e-18
424.60059822916685 2.6320415598488185e-18
424.66270725995673 2.046674584871327e-18
424.72481629074656 1.754336755481052e-18
424.78692532153644 1.7646672073560736e-18
424.8490343523263 1.577015081543825e-18
424.9111433831162 1.667270412540711e-18
424.9732524139061 1.7164489882939793e-18
425.0353614446959 1.7543332399634486e-18
425.0974704754858 1.764968507894196e-18
425.1595795062757 1.7506673822837667e-18
425.2216885370656 1.760424597994289e-18
425.28379756785546 1.8406309253195746e-18
425.34590659864534 1.7324337366436837e-18
425.4080156294352 1.6638185878445273e-18
425.4701246602251 1.6091995418049211e-18
425.53223369101494 1.5278969933728497e-18
425.5943427218048 1.6255454578895815e-18
425.6564517525947 1.6117416746224497e-18
425.7185607833846 1.6823434010602289e-18
425.7806698141744 1.8572483634403055e-18
425.8427788449643 1.8419438677468494e-18
425.9048878757542 1.750498844233959e-18
425.96699690654407 1.7956988880360004e-18
426.02910593733395 1.8151514877062568e-18
426.09121496812384 1.7769320210935504e-18
426.1533239989137 1.6664795244775338e-18
426.2154330297036 1.742682401035639e-18
426.27754206049343 1.7943907018972478e-18
426.3396510912833 1.768507600145004e-18
426.4017601220732 1.765076248168981e-18
426.4638691528631 1.7026763276973949e-18
426.52597818365297 1.6270476178819778e-18
426.5880872144428 1.6539170291171144e-18
426.6501962452327 1.7122279890256978e-18
426.71230527602256 1.7740137278924634e-18
426.77441430681245 1.808669493631138e-18
426.83652333760233 1.7796218056504197e-18
426.8986323683922 1.7995913932035218e-18
426.9607413991821 1.8156271165584748e-18
427.022850429972 1.6015330250926265e-18
427.0849594607618 1.7093614980104719e-18
427.1470684915517 1.7296251482713365e-18
427.2091775223416 1.743501930227526e-18
427.27128655313146 1.8056670348027238e-18
427.33339558392134 1.7211782900486747e-18
427.3955046147112 1.807905178745139e-18
427.45761364550106 1.7454875772879596e-18
427.51972267629094 1.70235641559549e-18
427.5818317070808 1.6351057012167397e-18
427.6439407378707 1.7017241394147697e-18
427.7060497686606 1.747064597125792e-18
427.7681587994505 1.543609909493754e-18
427.83026783024036 1.7296545131830821e-18
427.8923768610302 1.8127009651415685e-18
427.95448589182007 1.6635688826971128e-18
428.01659492260995 1.6924912528150294e-18
428.07870395339984 1.736917779346757e-18
428.1408129841897 1.6071282815510883e-18
428.20292201497955 1.6373835498285576e-18
428.26503104576943 1.7595901795513762e-18
428.3271400765593 1.9398590980111295e-18
428.3892491073492 1.794708339252468e-18
428.4513581381391 1.6647911454497365e-18
428.51346716892897 1.874843529045074e-18
428.57557619971885 1.632994839691081e-18
428.63768523050874 1.6924974566696236e-18
428.69979426129856 1.759242970489257e-18
428.76190329208845 1.6712964039795832e-18
428.82401232287833 1.678509315523469e-18
428.8861213536682 1.8509857790226665e-18
428.94823038445804 1.6573540679598488e-18
429.0103394152479 1.6798249462877346e-18
429.0724484460378 1.704528178293748e-18
429.1345574768277 1.819737583817404e-18
429.1966665076176 1.7433662726070674e-18
429.25877553840746 1.7741160914932668e-18
429.32088456919735 1.714422499190801e-18
429.38299359998723 1.7260696158058539e-18
429.44510263077706 1.8462425185951343e-18
429.50721166156694 1.8918462265361016e-18
429.5693206923568 1.7480468741031987e-18
429.6314297231467 1.8129011428498063e-18
429.6935387539366 1.7173198026838445e-18
429.7556477847264 1.5006353951297865e-18
429.8177568155163 1.7356546745513887e-18
429.8798658463062 1.671418102927205e-18
429.9419748770961 1.5684748553095213e-18
430.00408390788596 1.6268225213577868e-18
430.06619293867584 1.7122079298958434e-18
430.1283019694657 1.7707517411468605e-18
430.1904110002556 1.7458521571429424e-18
430.25252003104544 1.7252345769774816e-18
430.3146290618353 1.6542070593193908e-18
430.3767380926252 1.6193438780421183e-18
430.4388471234151 1.6410719481799315e-18
430.50095615420497 1.7376002033521134e-18
430.5630651849948 1.6909119582305126e-18
430.6251742157847 1.5569694967719447e-18
430.68728324657457 1.5523893977202386e-18
430.74939227736445 1.5998505397266937e-18
430.81150130815433 1.660849940023651e-18
430.8736103389442 1.7373733490691207e-18
430.9357193697341 1.726143958663407e-18
430.997828400524 1.7335216859443441e-18
431.0599374313138 1.735040286151415e-18
431.1220464621037 1.598695692193993e-18
431.1841554928936 1.6673442384103814e-18
431.24626452368346 1.6589900244163255e-18
431.3083735544733 1.5810195662867709e-18
431.3704825852632 1.8078052966861734e-18
431.43259161605306 1.6532535268682703e-18
431.49470064684294 1.7460726007761878e-18
431.5568096776328 1.6253016464040315e-18
431.6189187084227 1.6875676670139607e-18
431.6810277392126 1.664196609384464e-18
431.7431367700025 1.7294202142745765e-18
431.8052458007923 1.6111842582871655e-18
431.8673548315822 1.6215454192424282e-18
431.9294638623721 1.6408960689021875e-18
431.99157289316196 1.5803569946161159e-18
432.05368192395184 1.453195242831375e-18
432.11579095474167 1.6473954337701697e-18
432.17789998553155 1.6918905128951628e-18
432.24000901632144 1.6840768614314103e-18
432.3021180471113 1.7228795937735431e-18
432.3642270779012 1.6289320387149502e-18
432.4263361086911 1.5335328850789032e-18
432.488445139481 1.8037622446471673e-18
432.55055417027086 1.758001165594662e-18
432.6126632010607 1.625039016559546e-18
432.67477223185057 1.6766577751198456e-18
432.73688126264045 1.726483309509707e-18
432.79899029343034 1.809783705916247e-18
432.8610993242202 1.806768218993185e-18
432.92320835501005 1.5615718263026132e-18
432.98531738579993 1.758989853221816e-18
433.0474264165898 1.676410034526386e-18
433.1095354473797 1.715912975257045e-18
433.1716444781696 1.798624212272294e-18
433.23375350895947 1.807361927877845e-18
433.29586253974935 1.6246723687530318e-18
433.35797157053923 1.6076581941310051e-18
433.42008060132906 1.7956194786971953e-18
433.48218963211895 1.7388641353280944e-18
433.54429866290883 1.5655296787385263e-18
433.6064076936987 1.711478976981031e-18
433.6685167244886 1.6019950054647374e-18
433.7306257552784 1.693889188050244e-18
433.7927347860683 1.752399705281606e-18
433.8548438168582 1.4913424345380595e-18
433.9169528476481 1.591420225116283e-18
433.97906187843796 1.6701732995028893e-18
434.04117090922784 1.5805978075719454e-18
434.1032799400177 1.6437594579901163e-18
434.1653889708076 1.698769036676424e-18
434.22749800159744 1.7012148029525902e-18
434.2896070323873 1.7103689005989849e-18
434.3517160631772 1.6062840403384014e-18
434.4138250939671 1.6453909683508006e-18
434.4759341247569 1.6838773041086319e-18
434.5380431555468 1.704168458124864e-18
434.6001521863367 1.6951548777850267e-18
434.66226121712657 1.7663678906954826e-18
434.72437024791645 1.7491879697582156e-18
434.78647927870634 1.8821088631602805e-18
434.8485883094962 1.7437689027702276e-18
434.9106973402861 1.6625298404501696e-18
434.97280637107593 1.8150557415503538e-18
435.0349154018658 1.7549389429669905e-18
435.0970244326557 1.7147190434404012e-18
435.1591334634456 1.6615355693538809e-18
435.22124249423547 1.782609375227808e-18
435.2833515250253 1.857268836160466e-18
435.3454605558152 1.763065785690171e-18
435.40756958660506 1.7690644994924055e-18
435.46967861739495 1.6747423350139025e-18
435.53178764818483 1.6028541359284503e-18
435.5938966789747 1.5896130422730077e-18
435.6560057097646 1.8968864448035403e-18
435.7181147405545 1.758277857509561e-18
435.7802237713443 1.799797981561507e-18
435.8423328021342 1.742535576476911e-18
435.9044418329241 1.7234220174602248e-18
435.96655086371396 1.696535132034648e-18
436.02865989450385 1.7744300065357307e-18
436.0907689252937 1.6681803112145194e-18
436.15287795608356 1.6263953859689797e-18
436.21498698687344 1.7226875844738543e-18
436.2770960176633 1.8930950624659035e-18
436.3392050484532 1.7552081902563765e-18
436.4013140792431 1.6392577343014496e-18
436.463423110033 1.859329549861489e-18
436.52553214082286 1.7420624291665307e-18
436.5876411716127 1.81381600460729e-18
436.6497502024026 1.6730474419387814e-18
436.71185923319246 1.817396662683879e-18
436.77396826398234 1.7898302483850898e-18
436.83607729477217 1.7780493353059564e-18
436.89818632556205 1.7486459596618402e-18
436.96029535635193 1.740447565815674e-18
437.0224043871418 1.9754092527871272e-18
437.0845134179317 1.781846094317575e-18
437.1466224487216 1.7066784342960795e-18
437.20873147951147 1.923696816022456e-18
437.27084051030135 1.773701880801531e-18
437.3329495410912 1.6744773270251559e-18
437.39505857188107 1.8122298857827195e-18
437.45716760267095 1.9567335825072113e-18
437.51927663346083 1.8790708355655263e-18
437.5813856642507 1.8772553809161256e-18
437.64349469504054 2.0280355173335166e-18
437.70560372583043 1.8268728437812863e-18
437.7677127566203 1.9117196543429943e-18
437.8298217874102 1.8803602033453434e-18
437.8919308182001 1.875568966442283e-18
437.95403984898996 1.7483461066897898e-18
438.01614887977985 1.6963192378947717e-18
438.07825791056973 1.750747205212878e-18
438.14036694135956 1.9271351990336857e-18
438.20247597214944 1.8472558148455118e-18
438.2645850029393 1.7813522674918807e-18
438.3266940337292 1.945397072212172e-18
438.3888030645191 2.0014532411685125e-18
438.4509120953089 1.963048279303441e-18
438.5130211260988 1.862361580396802e-18
438.5751301568887 1.9502602738285244e-18
438.6372391876786 1.8633118041254723e-18
438.69934821846846 1.843959293309335e-18
438.76145724925834 1.814800349536228e-18
438.8235662800482 1.8312252613693872e-18
438.8856753108381 1.8195512613844264e-18
438.94778434162794 1.8998884900416484e-18
439.0098933724178 1.873326479801652e-18
439.0720024032077 1.9024151132226916e-18
439.1341114339976 1.8790251338366828e-18
439.1962204647875 1.8231949919827224e-18
439.2583294955773 1.848799747458842e-18
439.3204385263672 1.7811068016451056e-18
439.38254755715707 1.6753200172741943e-18
439.44465658794695 1.8529761823716222e-18
439.50676561873684 2.0033830535375987e-18
439.5688746495267 1.9181005255882284e-18
439.6309836803166 1.9701729927145134e-18
439.69309271110643 1.9330354783430264e-18
439.7552017418963 1.878951928352472e-18
439.8173107726862 1.9333231304010418e-18
439.8794198034761 1.868275921776556e-18
439.94152883426597 1.9581552991850368e-18
440.0036378650558 1.951896230285001e-18
440.0657468958457 1.8919196388154656e-18
440.12785592663556 1.830780858585293e-18
440.18996495742545 1.85657917432475e-18
440.25207398821533 1.8186750703205796e-18
440.3141830190052 1.9249375869412854e-18
440.3762920497951 1.861290588298699e-18
440.438401080585 1.9805489395232255e-18
440.5005101113748 1.9393447984652747e-18
440.5626191421647 1.9652374127945627e-18
440.6247281729546 1.9802912727624152e-18
440.68683720374446 1.8347329207569184e-18
440.74894623453434 1.88876291080281e-18
440.81105526532417 2.026558172759497e-18
440.87316429611406 1.933248477350759e-18
440.93527332690394 1.736510806485381e-18
440.9973823576938 1.826552518089075e-18
441.0594913884837 1.876373399587991e-18
441.1216004192736 1.8879136031088713e-18
441.1837094500635 1.911613154839128e-18
441.24581848085336 1.833319062294912e-18
441.3079275116432 1.7072306807525353e-18
441.37003654243307 1.8151225363848174e-18
441.43214557322295 1.8887877262211867e-18
441.49425460401284 1.7815272161914356e-18
441.5563636348027 1.8805909867362457e-18
441.61847266559255 1.988934689778135e-18
441.68058169638243 1.990701340771395e-18
441.7426907271723 1.9231086906069307e-18
441.8047997579622 1.8490201910920874e-18
441.8669087887521 1.9197064967475e-18
441.92901781954197 2.007394879508481e-18
441.99112685033185 1.9992107545278812e-18
442.05323588112174 1.8981354875284954e-18
442.11534491191156 1.8469768481839283e-18
442.17745394270145 1.8548762162386565e-18
442.23956297349133 1.908196485318978e-18
442.3016720042812 1.9019874608460017e-18
442.36378103507104 1.8972921768939976e-18
442.4258900658609 1.7774043412233182e-18
442.4879990966508 1.8992215756727775e-18
442.5501081274407 1.928516383861496e-18
442.6122171582306 1.904593700161003e-18
442.67432618902046 2.065596961768937e-18
442.73643521981035 1.881191313065806e-18
442.79854425060023 1.980233990504996e-18
442.86065328139006 1.9168771254622625e-18
442.92276231217994 1.938551325462683e-18
442.9848713429698 1.7813011890890555e-18
443.0469803737597 1.8987918553445562e-18
443.1090894045496 1.927437533547574e-18
443.1711984353394 1.9558189275448808e-18
443.2333074661293 1.9957916034658933e-18
443.2954164969192 2.0562183879838108e-18
443.3575255277091 2.0557855657282924e-18
443.41963455849896 1.8807191997311914e-18
443.48174358928884 1.893453231671139e-18
443.5438526200787 1.9665786861578174e-18
443.6059616508686 1.9758211887321787e-18
443.66807068165843 2.0863465806396766e-18
443.7301797124483 2.0264243762954164e-18
443.7922887432382 1.802449922605352e-18
443.8543977740281 2.0483754750058892e-18
443.91650680481797 1.9759185892493068e-18
443.9786158356078 1.9509482813030154e-18
444.0407248663977 2.0024150454257585e-18
444.10283389718757 2.0317179186254495e-18
444.16494292797745 1.8373846550056102e-18
444.22705195876733 1.967239396672094e-18
444.2891609895572 2.1174034903282863e-18
444.3512700203471 2.1121939068304273e-18
444.413379051137 1.9702834213262893e-18
444.4754880819268 1.9343550382152017e-18
444.5375971127167 1.800255826030555e-18
444.5997061435066 1.907900561454837e-18
444.66181517429646 2.035445814851073e-18
444.72392420508635 1.9577313691211034e-18
444.7860332358762 1.89385131234093e-18
444.84814226666606 1.9632197124853927e-18
444.91025129745594 2.093579241120687e-18
444.9723603282458 2.0063230602297653e-18
445.0344693590357 2.203789270419649e-18
445.0965783898256 2.0761695707682835e-18
445.1586874206155 1.986003161687247e-18
445.2207964514053 2.169969163894806e-18
445.2829054821952 2.1265698922862926e-18
445.3450145129851 2.104617759600054e-18
445.40712354377496 2.1231858964003382e-18
445.46923257456484 2.0559290815645703e-18
445.53134160535467 2.0837122171838483e-18
445.59345063614455 2.0377639885177527e-18
445.65555966693444 2.0938462136633886e-18
445.7176686977243 2.0796917058165343e-18
445.7797777285142 2.0453577133361427e-18
445.8418867593041 2.163953079299708e-18
445.903995790094 2.241461763852305e-18
445.96610482088386 2.19612047896067e-18
446.0282138516737 2.1685710218644383e-18
446.09032288246357 2.0057831180849213e-18
446.15243191325345 2.0666458267856542e-18
446.21454094404334 2.19664697942056e-18
446.2766499748332 2.207393709938849e-18
446.33875900562305 2.227315527811576e-18
446.40086803641293 2.1756537558594236e-18
446.4629770672028 2.165961887417293e-18
446.5250860979927 2.0619257274152735e-18
446.5871951287826 2.0260281567820035e-18
446.64930415957247 2.0799652958041362e-18
446.71141319036235 2.0229529060596845e-18
446.77352222115223 2.1048396507993715e-18
446.83563125194206 2.249488310926213e-18
446.89774028273195 2.2086894883684133e-18
446.95984931352183 2.171180776697043e-18
447.0219583443117 2.2331880965703963e-18
447.0840673751016 2.2068353630253757e-18
447.1461764058914 2.2479617491057465e-18
447.2082854366813 2.1978623145355536e-18
447.2703944674712 2.176375470943876e-18
447.3325034982611 2.234594923997196e-18
447.39461252905096 2.16638209516847e-18
447.45672155984084 2.1482833833658096e-18
447.5188305906307 2.198540602637847e-18
447.5809396214206 2.138787349933701e-18
447.64304865221044 2.1403211495845273e-18
447.7051576830003 2.170573626127429e-18
447.7672667137902 2.2508153154239013e-18
447.8293757445801 2.206394682554038e-18
447.8914847753699 2.353055666316068e-18
447.9535938061598 2.2967896002792923e-18
448.0157028369497 2.3372776097219254e-18
448.07781186773957 2.23725141453441e-18
448.13992089852945 2.215585693135268e-18
448.20202992931934 2.2130847125532138e-18
448.2641389601092 2.2715332946362107e-18
448.3262479908991 2.2338074480540454e-18
448.38835702168893 2.2555147352789682e-18
448.4504660524788 2.2994957216532596e-18
448.5125750832687 2.218810663548459e-18
448.5746841140586 2.3314430912712826e-18
448.63679314484847 2.824038658623655e-18
448.6989021756383 3.797191627078762e-18
448.7610112064282 4.4969276954751324e-18
448.82312023721806 4.834818981584162e-18
448.88522926800795 5.0491141813364374e-18
448.94733829879783 5.213224746915427e-18
449.0094473295877 5.071847586111232e-18
449.0715563603776 4.881282543771878e-18
449.1336653911675 4.601283147193597e-18
449.1957744219573 4.370256151600906e-18
449.2578834527472 4.265520610390973e-18
449.3199924835371 3.644846464942421e-18
449.38210151432696 2.948613920030519e-18
449.44421054511685 2.4498391067072225e-18
449.5063195759067 2.3898029582335832e-18
449.56842860669656 2.4234524587570872e-18
449.63053763748644 2.434255644352183e-18
449.6926466682763 2.467890255624661e-18
449.7547556990662 2.299545972875472e-18
449.8168647298561 2.3906692231300794e-18
449.878973760646 2.305967169175568e-18
449.94108279143586 2.376825735193545e-18
450.0031918222257 2.527856920926846e-18
450.0653008530156 2.591949356329292e-18
450.12740988380546 2.6113035215066547e-18
450.18951891459534 2.4815813355333324e-18
450.25162794538517 2.451078016469674e-18
450.31373697617505 2.5246253330687543e-18
450.37584600696493 2.517776070801662e-18
450.4379550377548 2.541266345836943e-18
450.5000640685447 2.4946867715683163e-18
450.5621730993346 2.3554511813700217e-18
450.62428213012447 2.3679041786968544e-18
450.68639116091435 2.5594622513615782e-18
450.7485001917042 2.478429157014046e-18
450.81060922249407 2.595489482555866e-18
450.87271825328395 2.330280075330033e-18
450.93482728407383 2.4526897778932334e-18
450.9969363148637 2.687868806570635e-18
451.05904534565354 2.9402875199845604e-18
451.1211543764434 3.151672491546721e-18
451.1832634072333 3.1580198619771466e-18
451.2453724380232 3.3789260959800987e-18
451.3074814688131 3.443354987096701e-18
451.36959049960296 3.233919680238328e-18
451.43169953039285 3.1188123281227456e-18
451.49380856118273 3.1571029322681315e-18
451.55591759197256 3.1914205879314253e-18
451.61802662276244 2.9639426107568924e-18
451.6801356535523 2.6832827104594878e-18
451.7422446843422 2.6081472070843055e-18
451.8043537151321 2.636803018249827e-18
451.8664627459219 2.59264770356144e-18
451.9285717767118 2.5203254414495506e-18
451.9906808075017 2.5708306081102008e-18
452.0527898382916 2.6268861566810818e-18
452.11489886908146 2.673092465698294e-18
452.17700789987134 2.430574483831169e-18
452.2391169306612 2.459135789611706e-18
452.3012259614511 2.593169654527961e-18
452.36333499224094 2.5346877784253088e-18
452.4254440230308 2.4310947804364647e-18
452.4875530538207 2.7363213245412348e-18
452.5496620846106 2.6308047180378986e-18
452.6117711154005 2.6737035453758175e-18
452.6738801461903 2.793302901807869e-18
452.7359891769802 2.6718523151649238e-18
452.79809820777007 2.7585515967084443e-18
452.86020723855995 2.736400940675193e-18
452.92231626934984 2.6609837823014364e-18
452.9844253001397 2.6628865045054615e-18
453.0465343309296 2.8601167614256146e-18
453.1086433617195 2.736483038350989e-18
453.1707523925093 2.57404358440451e-18
453.2328614232992 2.56530855713595e-18
453.2949704540891 2.798379309227107e-18
453.35707948487897 2.9651411954644818e-18
453.4191885156688 2.5936763026531497e-18
453.4812975464587 2.516329331910307e-18
453.54340657724856 2.7279523246937295e-18
453.60551560803844 2.712688981235748e-18
453.66762463882833 2.48608905628144e-18
453.7297336696182 2.762459404717298e-18
453.7918427004081 2.9266003691837986e-18
453.853951731198 2.840249537473316e-18
453.9160607619878 2.703309166679703e-18
453.9781697927777 2.598678470612411e-18
454.0402788235676 2.651132474796236e-18
454.10238785435746 2.7600880846962615e-18
454.16449688514734 2.778098908558838e-18
454.22660591593717 2.7465678175840823e-18
454.28871494672705 2.699109157119465e-18
454.35082397751694 2.7964809297212977e-18
454.4129330083068 2.9414511563112693e-18
454.4750420390967 2.8890139025348484e-18
454.5371510698866 2.718377088717969e-18
454.5992601006765 2.7727414665264852e-18
454.66136913146636 2.8807323770371206e-18
454.7234781622562 2.8269056666267637e-18
454.78558719304607 2.777029364026807e-18
454.84769622383595 2.795199626952453e-18
454.90980525462584 2.8307539176315135e-18
454.9719142854157 2.7006338577835533e-18
455.03402331620555 2.5729167576150595e-18
455.09613234699543 2.5990833755222557e-18
455.1582413777853 2.7495653133288213e-18
455.2203504085752 2.8249560019229762e-18
455.2824594393651 2.8530518118137992e-18
455.34456847015497 2.843495394196974e-18
455.40667750094485 2.8586638186796653e-18
455.46878653173474 2.9490258559755706e-18
455.53089556252456 2.928491924449554e-18
455.59300459331445 2.818185942199536e-18
455.65511362410433 2.881123219876552e-18
455.7172226548942 3.0157292869815404e-18
455.77933168568404 2.9671901218417756e-18
455.8414407164739 2.9854732949210352e-18
455.9035497472638 2.9437757406276965e-18
455.9656587780537 2.8664684745542562e-18
456.0277678088436 2.9179222105823516e-18
456.08987683963346 2.795812567786355e-18
456.15198587042335 2.8155255225544123e-18
456.21409490121323 3.0119372842584442e-18
456.27620393200306 2.880656690011072e-18
456.33831296279294 2.8560269736819993e-18
456.4004219935828 2.9936251598577453e-18
456.4625310243727 2.690144173640615e-18
456.5246400551626 2.737586910878441e-18
456.5867490859525 2.988460037317811e-18
456.6488581167423 2.691406037665065e-18
456.7109671475322 2.6166537257086477e-18
456.77307617832207 2.8620732503694557e-18
456.83518520911196 2.623857641663372e-18
456.89729423990184 2.6951835647274414e-18
456.9594032706917 2.6652627876101732e-18
457.0215123014816 2.9307325499338072e-18
457.08362133227143 2.910490406368869e-18
457.1457303630613 2.861360220681435e-18
457.2078393938512 2.7153773182265453e-18
457.2699484246411 2.769939805791768e-18
457.33205745543097 2.8273155346202837e-18
457.3941664862208 2.8003438631819203e-18
457.4562755170107 2.8179487481588864e-18
457.51838454780057 3.1145868827586716e-18
457.58049357859045 2.7449254504778583e-18
457.64260260938033 2.7473937574257165e-18
457.7047116401702 2.855226262849048e-18
457.7668206709601 2.8865255364571357e-18
457.8289297017499 2.6635114394582453e-18
457.8910387325398 2.7687885771742474e-18
457.9531477633297 2.8202313530592265e-18
458.0152567941196 2.8123981594535024e-18
458.07736582490946 2.6964681762187362e-18
458.13947485569935 2.664147954939605e-18
458.2015838864892 2.6804208723352075e-18
458.26369291727906 2.724041828347885e-18
458.32580194806894 2.839796035702484e-18
458.3879109788588 2.8540187859498737e-18
458.4500200096487 2.8497213758725076e-18
458.5121290404386 2.944691843156099e-18
458.5742380712285 2.8491125709416686e-18
458.6363471020183 2.7230982220641152e-18
458.6984561328082 2.76104016958131e-18
458.7605651635981 2.7273300780779365e-18
458.82267419438796 2.863688940900925e-18
458.88478322517784 2.835748847760415e-18
458.9468922559677 2.7362489462376364e-18
459.00900128675755 2.7201575949864892e-18
459.07111031754744 2.8325112628428825e-18
459.1332193483373 2.772039810571887e-18
459.1953283791272 2.797899544471826e-18
459.2574374099171 2.756674310308255e-18
459.319546440707 2.8308091319374015e-18
459.38165547149686 2.7845101786915834e-18
459.4437645022867 2.6767248225631674e-18
459.50587353307657 2.742514012197113e-18
459.56798256386645 2.7658311996892172e-18
459.63009159465634 2.753467124278234e-18
459.6922006254462 2.7753367456983703e-18
459.75430965623605 2.7509270594122368e-18
459.81641868702593 2.808884296211377e-18
459.8785277178158 2.750343897080387e-18
459.9406367486057 2.8151762455407618e-18
460.0027457793956 2.7406851158627583e-18
460.06485481018547 2.828864016726983e-18
460.12696384097535 2.9432444838792843e-18
460.18907287176523 2.828750279392757e-18
460.25118190255506 2.8350407811560696e-18
460.31329093334494 2.835702525646112e-18
460.37539996413483 2.649325498748114e-18
460.4375089949247 2.7452370907736376e-18
460.4996180257146 2.784095554409541e-18
460.5617270565044 2.6939303860994235e-18
460.6238360872943 2.7337740218448778e-18
460.6859451180842 2.837288230880376e-18
460.7480541488741 2.7401110525176465e-18
460.81016317966396 2.7235498626785692e-18
460.87227221045384 2.8013507487825505e-18
460.9343812412437 2.778550342378139e-18
460.99649027203355 2.605536418275935e-18
461.05859930282344 2.917167201478244e-18
461.1207083336133 2.830729102213137e-18
461.1828173644032 2.7857968581344096e-18
461.2449263951931 2.7502787566071483e-18
461.307035425983 2.6773969068108667e-18
461.3691444567728 2.6755086602675613e-18
461.4312534875627 2.8413823613222074e-18
461.49336251835257 2.7485466404044623e-18
461.55547154914245 2.8224866609993523e-18
461.61758057993234 2.7440267187423194e-18
461.6796896107222 2.5003078774209204e-18
461.7417986415121 2.717695078302919e-18
461.80390767230193 2.7257830435373092e-18
461.8660167030918 2.926898774589777e-18
461.9281257338817 2.8539515775251038e-18
461.9902347646716 2.7857743174627176e-18
462.05234379546147 2.6164698848175078e-18
462.11445282625135 2.638394513748379e-18
462.1765618570412 2.554859404843027e-18
462.23867088783106 2.717143142039193e-18
462.30077991862095 2.853968327932508e-18
462.36288894941083 2.7023421925436284e-18
462.4249979802007 2.938345299906286e-18
462.4871070109906 2.7883712509958278e-18
462.5492160417805 2.7902522597087734e-18
462.6113250725703 2.8974350147609445e-18
462.6734341033602 2.7227261975836195e-18
462.7355431341501 2.8798135861717273e-18
462.79765216493996 2.7730562087495616e-18
462.85976119572985 2.6692909503981533e-18
462.9218702265197 2.596045968312961e-18
462.98397925730956 2.685516304908534e-18
463.04608828809944 2.7499621532276936e-18
463.1081973188893 2.6348163372136277e-18
463.1703063496792 2.6597293629024998e-18
463.2324153804691 2.7042060372588635e-18
463.294524411259 2.4510101876594445e-18
463.3566334420488 2.6174749092617597e-18
463.4187424728387 2.753466917483081e-18
463.48085150362857 2.7759250779090487e-18
463.54296053441846 2.6694034469614606e-18
463.60506956520834 2.780755192300899e-18
463.6671785959982 2.8493832657971266e-18
463.72928762678805 2.5819435728446976e-18
463.79139665757793 2.542512079839448e-18
463.8535056883678 2.61900105749192e-18
463.9156147191577 2.6717950329075045e-18
463.9777237499476 2.559272206615844e-18
464.03983278073747 2.515614441065908e-18
464.10194181152735 2.6618200619007275e-18
464.1640508423172 2.7791268872650883e-18
464.22615987310706 2.4742022640839e-18
464.28826890389695 2.5441823642913456e-18
464.35037793468683 2.6525988592271395e-18
464.4124869654767 2.864739253483714e-18
464.4745959962666 2.848250235153082e-18
464.5367050270564 2.7452029695733698e-18
464.5988140578463 2.6547642112756502e-18
464.6609230886362 2.6346802660028627e-18
464.7230321194261 2.625978739549111e-18
464.78514115021596 2.498033544326706e-18
464.84725018100585 2.50662650332506e-18
464.90935921179573 2.5462910544678964e-18
464.97146824258556 2.6025873125970303e-18
465.03357727337544 2.6978121379189817e-18
465.0956863041653 2.5887070151232374e-18
465.1577953349552 2.560538826928816e-18
465.2199043657451 2.5797256948272898e-18
465.2820133965349 2.533983847724026e-18
465.3441224273248 2.621204046258302e-18
465.4062314581147 2.732015642657743e-18
465.4683404889046 2.832731913271281e-18
465.53044951969446 2.821756467313621e-18
465.59255855048434 2.634469748536968e-18
465.6546675812742 2.5546358592824845e-18
465.7167766120641 2.699202214938377e-18
465.77888564285394 2.642756237118371e-18
465.8409946736438 2.7449465435834784e-18
465.9031037044337 2.7924180253475903e-18
465.9652127352236 2.709274586462282e-18
466.0273217660135 2.570172999523221e-18
466.0894307968033 2.6449275862263227e-18
466.1515398275932 2.6995543870841716e-18
466.21364885838307 2.642688821898448e-18
466.27575788917295 2.5488592434747204e-18
466.33786691996283 2.5591890749642826e-18
466.3999759507527 2.4825925638321785e-18
466.4620849815426 2.5310469429591566e-18
466.52419401233243 2.6996443429757867e-18
466.5863030431223 2.5771366195099988e-18
466.6484120739122 2.5507541074629262e-18
466.7105211047021 2.6588883270146865e-18
466.77263013549197 2.4710722126459994e-18
466.83473916628185 2.3914771717933905e-18
466.8968481970717 2.39007158513751e-18
466.95895722786156 2.497688196420965e-18
467.02106625865144 2.608376542909136e-18
467.08317528944133 2.3289853308762344e-18
467.1452843202312 2.368134134907144e-18
467.2073933510211 2.580596302422002e-18
467.269502381811 2.2787576833110957e-18
467.3316114126008 2.6993415948715923e-18
467.3937204433907 2.6463240738954654e-18
467.4558294741806 2.5328510238751348e-18
467.51793850497046 2.6518463316648694e-18
467.58004753576034 2.6137513557343523e-18
467.6421565665502 2.5568570460223425e-18
467.70426559734005 2.5487595682109077e-18
467.76637462812994 2.3995583127877273e-18
467.8284836589198 2.627553484640259e-18
467.8905926897097 2.6516128599369763e-18
467.9527017204996 2.5789535217254715e-18
468.0148107512895 2.540130833651061e-18
468.07691978207936 2.5574273870546978e-18
468.1390288128692 2.5580182008072138e-18
468.20113784365907 2.5310911971219282e-18
468.26324687444895 2.6189683838577242e-18
468.32535590523884 2.647786529218459e-18
468.3874649360287 2.608412732060935e-18
468.44957396681855 2.70273965282796e-18
468.51168299760843 2.666107545810743e-18
468.5737920283983 2.623462869716031e-18
468.6359010591882 2.3937161429164184e-18
468.6980100899781 2.5160449885747418e-18
468.76011912076797 2.578158601156808e-18
468.82222815155785 2.647772880738352e-18
468.8843371823477 2.6045959139194622e-18
468.94644621313756 2.5392180398451086e-18
469.00855524392745 2.4554858551588158e-18
469.07066427471733 2.611263610042099e-18
469.1327733055072 2.6734388475798005e-18
469.1948823362971 2.581115565051532e-18
469.2569913670869 2.69287056093959e-18
469.3191003978768 2.533873005521944e-18
469.3812094286667 2.5664744682093434e-18
469.4433184594566 2.5552419758763327e-18
469.50542749024646 2.574188754602013e-18
469.56753652103635 2.5493735430205752e-18
469.62964555182623 2.639809819776457e-18
469.69175458261606 2.584977464536389e-18
469.75386361340594 2.527902209065383e-18
469.8159726441958 2.645309536874169e-18
469.8780816749857 2.632680970462322e-18
469.9401907057756 2.5534885597728734e-18
470.0022997365655 2.4282006822682948e-18
470.0644087673553 2.5128719237449884e-18
470.1265177981452 2.5586427221696913e-18
470.18862682893507 2.616661377129314e-18
470.25073585972495 2.5806523439085023e-18
470.31284489051484 2.5637987457228875e-18
470.3749539213047 2.6383552226692827e-18
470.4370629520946 2.6496683651120173e-18
470.49917198288443 2.5843907866869357e-18
470.5612810136743 2.6769572603152948e-18
470.6233900444642 2.6423666350498586e-18
470.6854990752541 2.480155276157291e-18
470.74760810604397 2.5888548736577312e-18
470.8097171368338 2.584400506059133e-18
470.8718261676237 2.604414761365313e-18
470.93393519841356 2.748924455149246e-18
470.99604422920345 2.574544855855717e-18
471.05815325999333 2.551923534053923e-18
471.1202622907832 2.653906838570739e-18
471.1823713215731 2.717378061333158e-18
471.244480352363 2.6638840843242005e-18
471.3065893831528 2.4327309436880946e-18
471.3686984139427 2.51830836152584e-18
471.4308074447326 2.530033439913626e-18
471.49291647552246 2.553900909308231e-18
471.55502550631235 2.5760786555065435e-18
471.6171345371022 2.591708233180733e-18
471.67924356789206 2.677220924135546e-18
471.74135259868194 2.6781029054636807e-18
471.8034616294718 2.5449526762367856e-18
471.8655706602617 2.615756648334334e-18
471.9276796910516 2.583019528026476e-18
471.9897887218415 2.6312623557117936e-18
472.0518977526313 2.6888645252329956e-18
472.1140067834212 2.702921839357875e-18
472.1761158142111 2.6459503950537446e-18
472.23822484500096 2.638145118793694e-18
472.30033387579084 2.5528352938841097e-18
472.3624429065807 2.652542817740639e-18
472.42455193737055 2.5344208058826073e-18
472.48666096816044 2.774685340965985e-18
472.5487699989503 2.720569944521847e-18
472.6108790297402 2.6185773342231398e-18
472.6729880605301 2.6977500993730403e-18
472.73509709132 2.7646278586931057e-18
472.79720612210986 2.773720848371748e-18
472.8593151528997 2.6764456491064308e-18
472.92142418368957 2.712468951192809e-18
472.98353321447945 2.665765093037146e-18
473.04564224526933 2.734816683007001e-18
473.1077512760592 2.6915578253074683e-18
473.16986030684905 2.642637743495623e-18
473.23196933763893 2.632869360846831e-18
473.2940783684288 2.6555006088159755e-18
473.3561873992187 2.679809999452837e-18
473.4182964300086 2.626338769910725e-18
473.48040546079847 2.5944968658208023e-18
473.54251449158835 2.5753681073603604e-18
473.60462352237823 2.5556890669974176e-18
473.66673255316806 2.5081474816763917e-18
473.72884158395794 2.5064296343392722e-18
473.7909506147478 2.596915128341601e-18
473.8530596455377 2.533494570391701e-18
473.9151686763276 2.6415528961222595e-18
473.9772777071174 2.6337829818333958e-18
474.0393867379073 2.7220230940629494e-18
474.1014957686972 2.6659644435647713e-18
474.1636047994871 2.6983367772224935e-18
474.22571383027696 2.612440481258609e-18
474.28782286106684 2.7061718319845958e-18
474.3499318918567 2.5020697721256584e-18
474.41204092264655 2.5669728445284066e-18
474.47414995343644 2.639740543400156e-18
474.5362589842263 2.6688144943653228e-18
474.5983680150162 2.6383684575590835e-18
474.6604770458061 2.671215592888411e-18
474.722586076596 2.6870213600330744e-18
474.7846951073858 2.5487684604024927e-18
474.8468041381757 2.5796413224048093e-18
474.90891316896557 2.5154492117385505e-18
474.97102219975545 2.619182210046069e-18
475.03313123054534 2.7029106724196055e-18
475.0952402613352 2.648260296914299e-18
475.1573492921251 2.5218795070253846e-18
475.21945832291493 2.5422558606447096e-18
475.2815673537048 2.7434239108709214e-18
475.3436763844947 2.6071109565719297e-18
475.4057854152846 2.4436021648885727e-18
475.46789444607447 2.4271863520421516e-18
475.53000347686435 2.530661476793707e-18
475.5921125076542 2.4285100478173896e-18
475.65422153844406 2.4152232524331034e-18
475.71633056923395 2.495737704536565e-18
475.77843960002383 2.578755618763918e-18
475.8405486308137 2.612894189824594e-18
475.9026576616036 2.461425632342406e-18
475.9647666923935 2.4619275241790725e-18
476.0268757231833 2.58858397200712e-18
476.0889847539732 2.569256069814206e-18
476.1510937847631 2.435386813839849e-18
476.21320281555296 2.5011604938373095e-18
476.27531184634285 2.5900058954800988e-18
476.3374208771327 2.532037491742689e-18
476.39952990792256 2.4129290670041876e-18
476.46163893871244 2.5862492547281892e-18
476.5237479695023 2.577138480666377e-18
476.5858570002922 2.489223864007863e-18
476.6479660310821 2.468600803770844e-18
476.710075061872 2.5202532699411053e-18
476.7721840926618 2.550305155185463e-18
476.8342931234517 2.425574590618592e-18
476.89640215424157 2.508774484580707e-18
476.95851118503145 2.5531144673408463e-18
477.02062021582134 2.619603658568165e-18
477.0827292466112 2.3866416807275587e-18
477.14483827740105 2.352443552662779e-18
477.20694730819093 2.4597274305448346e-18
477.2690563389808 2.6375381750192334e-18
477.3311653697707 2.5770332219334296e-18
477.3932744005606 2.497229111180998e-18
477.45538343135047 2.4419879219231755e-18
477.51749246214035 2.4844007806512194e-18
477.5796014929302 2.6372015125099243e-18
477.64171052372006 2.4110950007910044e-18
477.70381955450995 2.4369365367174673e-18
477.76592858529983 2.5391928108364257e-18
477.8280376160897 2.4076105024606248e-18
477.8901466468796 2.4531966328135753e-18
477.9522556776694 2.4149349799896287e-18
478.0143647084593 2.519683135703903e-18
478.0764737392492 2.4081198389228043e-18
478.1385827700391 2.3510710532314002e-18
478.20069180082896 2.4706032012386818e-18
478.26280083161885 2.3843305380960855e-18
478.32490986240873 2.306590449767127e-18
478.38701889319856 2.3112890424415812e-18
478.44912792398844 2.465839674886142e-18
478.5112369547783 2.438515624506831e-18
478.5733459855682 2.375163929342926e-18
478.6354550163581 2.3102693355414565e-18
478.6975640471479 2.3245400622643744e-18
478.7596730779378 2.4857575636509595e-18
478.8217821087277 2.261326713057919e-18
478.8838911395176 2.315376555438512e-18
478.94600017030746 2.4863905636147157e-18
479.00810920109734 2.4429753687794107e-18
479.0702182318872 2.5527021178054886e-18
479.1323272626771 2.4243652525630395e-18
479.19443629346694 2.256153318711859e-18
479.2565453242568 2.3759094258699894e-18
479.3186543550467 2.3568214060547158e-18
479.3807633858366 2.34494412643422e-18
479.44287241662647 2.2729699005650622e-18
479.5049814474163 2.413767207759857e-18
479.5670904782062 2.55651355927298e-18
479.62919950899607 2.3950425270286472e-18
479.69130853978595 2.3471181638791625e-18
479.75341757057583 2.353190289960761e-18
479.8155266013657 2.3460633018030042e-18
479.8776356321556 2.2842747712016713e-18
479.93974466294543 2.4356221467241205e-18
480.0018536937353 2.3689183021278444e-18
480.0639627245252 2.4842330697820243e-18
480.1260717553151 2.5096591542458324e-18
480.18818078610497 2.4047548681909386e-18
480.25028981689485 2.2322568979958147e-18
480.3123988476847 2.241731424731997e-18
480.37450787847456 2.3590508646006993e-18
480.43661690926444 2.496925329101038e-18
480.4987259400543 2.4381218865352558e-18
480.5608349708442 2.380328431497401e-18
480.6229440016341 2.3804748424658227e-18
480.685053032424 2.423414822039216e-18
480.7471620632138 2.461288113565569e-18
480.8092710940037 2.378298737069349e-18
480.8713801247936 2.3728209402578696e-18
480.93348915558346 2.35253061342225e-18
480.99559818637334 2.339287451815276e-18
481.0577072171632 2.196443286194719e-18
481.11981624795305 2.385789684696629e-18
481.18192527874294 2.407413633474837e-18
481.2440343095328 2.3941884630461862e-18
481.3061433403227 2.4342821141317846e-18
481.3682523711126 2.3391881901417697e-18
481.4303614019025 2.3144079269412124e-18
481.49247043269236 2.3095542379019044e-18
481.5545794634822 2.3832268723637866e-18
481.61668849427207 2.4166859145512503e-18
481.67879752506195 2.4225313931450094e-18
481.74090655585184 2.2891410747453208e-18
481.8030155866417 2.3487797629346284e-18
481.86512461743155 2.3779945413990825e-18
481.92723364822143 2.3856736726157185e-18
481.9893426790113 2.452220766485916e-18
482.0514517098012 2.3628978748345303e-18
482.1135607405911 2.3850727259006987e-18
482.17566977138097 2.1985011047635976e-18
482.23777880217085 2.318492131215693e-18
482.2998878329607 2.323098906842154e-18
482.36199686375056 2.1537936470163316e-18
482.42410589454045 2.4089246856588184e-18
482.48621492533033 2.4217323366732832e-18
482.5483239561202 2.257355625732205e-18
482.6104329869101 2.332794497597041e-18
482.6725420176999 2.3622218614789213e-18
482.7346510484898 2.4158510825180312e-18
482.7967600792797 2.3330122528932957e-18
482.8588691100696 2.3042640042943215e-18
482.92097814085946 2.2564469678293155e-18
482.98308717164934 2.3517787062454394e-18
483.04519620243923 2.4143797350034525e-18
483.10730523322906 2.4665287163363987e-18
483.16941426401894 2.382459869140797e-18
483.2315232948088 2.4967689919652654e-18
483.2936323255987 2.4651390529073096e-18
483.3557413563886 2.4481175370573466e-18
483.4178503871785 2.4980271336769586e-18
483.4799594179683 2.379701842183392e-18
483.5420684487582 2.399662330749756e-18
483.60417747954807 2.4396395561641374e-18
483.66628651033795 2.4691440546381382e-18
483.72839554112784 2.4643449595192587e-18
483.7905045719177 2.424041411353225e-18
483.8526136027076 2.4896624765276692e-18
483.91472263349743 2.521830703369244e-18
483.9768316642873 2.427843753833978e-18
484.0389406950772 2.350321214006121e-18
484.1010497258671 2.4221351736315965e-18
484.16315875665697 2.527182768727615e-18
484.2252677874468 2.372627379994532e-18
484.2873768182367 2.420853870862752e-18
484.34948584902656 2.4220390138853873e-18
484.41159487981645 2.4964904388939882e-18
484.47370391060633 2.471511652346418e-18
484.5358129413962 2.4189269536258096e-18
484.5979219721861 2.4504642484551595e-18
484.660031002976 2.4569050902948036e-18
484.7221400337658 2.6635060627842637e-18
484.7842490645557 2.4349788070027074e-18
484.8463580953456 2.3956490572128017e-18
484.90846712613546 2.4124788739558056e-18
484.97057615692535 2.4824953701102035e-18
485.0326851877152 2.482542726200272e-18
485.09479421850506 2.51848165586417e-18
485.15690324929494 2.573964588656011e-18
485.2190122800848 2.5569302515065534e-18
485.2811213108747 2.4710258905316964e-18
485.3432303416646 2.473765512720472e-18
485.4053393724545 2.5372737518153027e-18
485.4674484032443 2.528932669313471e-18
485.5295574340342 2.4369770685674824e-18
485.5916664648241 2.5244282572878136e-18
485.65377549561396 2.646837959851014e-18
485.71588452640384 2.576610532640415e-18
485.7779935571937 2.5590991190726675e-18
485.84010258798355 2.4890425046585607e-18
485.90221161877344 2.4565642918824318e-18
485.9643206495633 2.44109270570524e-18
486.0264296803532 2.6392494049114525e-18
486.0885387111431 2.5691652867419784e-18
486.15064774193297 2.472431063597271e-18
486.21275677272286 2.5476985022801553e-18
486.2748658035127 2.423684069328602e-18
486.33697483430257 2.4956229332265732e-18
486.39908386509245 2.6185001996310192e-18
486.46119289588233 2.5272220598067114e-18
486.5233019266722 2.446061372849693e-18
486.5854109574621 2.5362788603335545e-18
486.64751998825193 2.5602375263906936e-18
486.7096290190418 2.4519753006391407e-18
486.7717380498317 2.449311572271567e-18
486.8338470806216 2.594352729599065e-18
486.89595611141146 2.533977437074279e-18
486.95806514220135 2.4318375886265373e-18
487.02017417299123 2.6167430612148034e-18
487.08228320378106 2.598150729381602e-18
487.14439223457094 2.668748733506625e-18
487.2065012653608 2.6606874448469893e-18
487.2686102961507 2.686387946479012e-18
487.3307193269406 2.7283801838655726e-18
487.3928283577304 2.677436404685116e-18
487.4549373885203 2.6239988827529655e-18
487.5170464193102 2.6905172320968766e-18
487.5791554501001 2.6932229398805375e-18
487.64126448088996 2.611673478035619e-18
487.70337351167984 2.687529662519488e-18
487.7654825424697 2.5861388261164134e-18
487.82759157325955 2.5508678447971523e-18
487.88970060404944 2.6116042016593177e-18
487.9518096348393 2.5261243911338536e-18
488.0139186656292 2.4362547330975705e-18
488.0760276964191 2.5333367856898565e-18
488.138136727209 2.63915303837009e-18
488.2002457579988 2.5764810788745505e-18
488.2623547887887 2.475552843229046e-18
488.32446381957857 2.5218147801424523e-18
488.38657285036845 2.5575138274287096e-18
488.44868188115834 2.5511288202804128e-18
488.5107909119482 2.4929267380199566e-18
488.5728999427381 2.4281266496034713e-18
488.63500897352793 2.5581273886480708e-18
488.6971180043178 2.55528002618451e-18
488.7592270351077 2.4692398007940413e-18
488.8213360658976 2.572739327373667e-18
488.88344509668747 2.4607897372465058e-18
488.94555412747735 2.4283615688974363e-18
489.0076631582672 2.4778672945829693e-18
489.06977218905706 2.5106242672255286e-18
489.13188121984695 2.385768798386162e-18
489.19399025063683 2.3481217407573424e-18
489.2560992814267 2.4985532205465423e-18
489.3182083122166 2.5435313731492663e-18
489.3803173430065 2.42907149665816e-18
489.4424263737963 2.437262445878813e-18
489.5045354045862 2.531536840676941e-18
489.5666444353761 2.4979293195695242e-18
489.62875346616596 2.4825923570370254e-18
489.69086249695584 2.472811359883892e-18
489.75297152774573 2.448580137814917e-18
489.81508055853556 2.4793154810403966e-18
489.87718958932544 2.423696063447484e-18
489.9392986201153 2.3729956821622714e-18
490.0014076509052 2.428329929239006e-18
490.0635166816951 2.518238051173773e-18
490.125625712485 2.5096217243231144e-18
490.1877347432748 2.499556590629569e-18
490.2498437740647 2.571035748902114e-18
490.31195280485457 2.5388453949791534e-18
490.37406183564445 2.4578844721400664e-18
490.43617086643434 2.4181419592244968e-18
490.4982798972242 2.4206181243881743e-18
490.56038892801405 2.3470447515997984e-18
490.62249795880393 2.4446514434955962e-18
490.6846069895938 2.4723156719018197e-18
490.7467160203837 2.4462385962959324e-18
490.8088250511736 2.397146874506982e-18
490.87093408196347 2.3696842713750685e-18
490.93304311275335 2.2746544538825264e-18
490.9951521435432 2.4152590279945964e-18
491.05726117433306 2.439170751551973e-18
491.11937020512295 2.3353540012074333e-18
491.18147923591283 2.3248471530667847e-18
491.2435882667027 2.312651615705609e-18
491.3056972974926 2.3436886730595176e-18
491.3678063282824 2.443592031926069e-18
491.4299153590723 2.375057636634213e-18
491.4920243898622 2.37486635111756e-18
491.5541334206521 2.3993823301124067e-18
491.61624245144196 2.391135339405253e-18
491.67835148223185 2.3368633990301894e-18
491.74046051302173 2.3462502446214412e-18
491.80256954381156 2.4330107375302906e-18
491.86467857460144 2.3482176937083986e-18
491.9267876053913 2.3426358789348907e-18
491.9888966361812 2.3330058422435484e-18
492.0510056669711 2.3293567349712707e-18
492.113114697761 2.424974677879338e-18
492.1752237285508 2.2840133821281045e-18
492.2373327593407 2.2404712150687726e-18
492.2994417901306 2.3484087724298983e-18
492.36155082092046 2.308044633283995e-18
492.42365985171034 2.3399264488384733e-18
492.4857688825002 2.3004697268245407e-18
492.54787791329005 2.3217235122786314e-18
492.60998694407994 2.3235635755512556e-18
492.6720959748698 2.3504359853161127e-18
492.7342050056597 2.379930764417916e-18
492.7963140364496 2.3422992164255817e-18
492.85842306723947 2.2930282032388606e-18
492.9205320980293 2.298158997783374e-18
492.9826411288192 2.3086224189418634e-18
493.04475015960907 2.1915490653053957e-18
493.10685919039895 2.1950933274350323e-18
493.16896822118883 2.3104147125341127e-18
493.2310772519787 2.3188713935265485e-18
493.2931862827686 2.3356830122960763e-18
493.35529531355843 2.3080212654316905e-18
493.4174043443483 2.3109368702957868e-18
493.4795133751382 2.2691220631506187e-18
493.5416224059281 2.205319347757719e-18
493.60373143671796 2.2616371125827794e-18
493.66584046750785 2.314624441466548e-18
493.7279494982977 2.3310359116147534e-18
493.79005852908756 2.3258623104735405e-18
493.85216755987744 2.244405699652381e-18
493.9142765906673 2.3938863353274512e-18
493.9763856214572 2.3565132812765398e-18
494.0384946522471 2.2777956722586966e-18
494.100603683037 2.331496030830486e-18
494.1627127138268 2.291169735197607e-18
494.2248217446167 2.2571376636407973e-18
494.2869307754066 2.366433244772582e-18
494.34903980619646 2.370162381769124e-18
494.41114883698634 2.4379012361068573e-18
494.4732578677762 2.432018120795227e-18
494.53536689856605 2.2165098606746427e-18
494.59747592935594 2.3416136904929283e-18
494.6595849601458 2.3251178479222427e-18
494.7216939909357 2.1865648885244575e-18
494.7838030217256 2.2777594831068974e-18
494.8459120525155 2.3450837131625883e-18
494.90802108330536 2.211199154346899e-18
494.9701301140952 2.3326724884566895e-18
495.03223914488507 2.2673734033356816e-18
495.09434817567495 2.317917861075428e-18
495.15645720646484 2.3060560910914176e-18
495.2185662372547 2.3030211654239606e-18
495.2806752680446 2.2910473124669492e-18
495.34278429883443 2.2344540964979087e-18
495.4048933296243 2.3861267607962444e-18
495.4670023604142 2.2758495230725124e-18
495.5291113912041 2.2677483229483212e-18
495.59122042199397 2.234358557137159e-18
495.65332945278385 2.3782739216509723e-18
495.7154384835737 2.309923367250256e-18
495.77754751436356 2.2770907075816482e-18
495.83965654515345 2.2846972536995328e-18
495.90176557594333 2.264333307789396e-18
495.9638746067332 2.2353149847204233e-18
496.0259836375231 2.2477510248446986e-18
496.0880926683129 2.247250580574104e-18
496.1502016991028 2.2846099861449084e-18
496.2123107298927 2.30844560908593e-18
496.2744197606826 2.2927666073701407e-18
496.33652879147246 2.2772526281865555e-18
496.39863782226234 2.364227154078903e-18
496.4607468530522 2.3487262029899656e-18
496.52285588384206 2.2951073217085126e-18
496.58496491463194 2.2924074041891395e-18
496.6470739454218 2.3287084321661823e-18
496.7091829762117 2.3566069594809114e-18
496.7712920070016 2.426066556287908e-18
496.8334010377915 2.448647966625146e-18
496.8955100685813 2.3408586813888206e-18
496.9576190993712 2.2442340596752763e-18
497.01972813016107 2.3229624220410827e-18
497.08183716095095 2.400769098409352e-18
497.14394619174084 2.330372719558639e-18
497.2060552225307 2.311872204773431e-18
497.2681642533206 2.394572481645564e-18
497.33027328411043 2.3457870234784115e-18
497.3923823149003 2.3163586256207656e-18
497.4544913456902 2.2216712609018205e-18
497.5166003764801 2.236887868655193e-18
497.57870940726997 2.3851471721558285e-18
497.64081843805985 2.1897269932110945e-18
497.7029274688497 2.299704171167623e-18
497.76503649963956 2.391725946362616e-18
497.82714553042945 2.2718742998437357e-18
497.88925456121933 2.201597862181843e-18
497.9513635920092 2.297768568534249e-18
498.0134726227991 2.2979187018154272e-18
498.0755816535889 2.1820788812674292e-18
498.1376906843788 2.4032675974495683e-18
498.1997997151687 2.3631869744586176e-18
498.2619087459586 2.3419861285637303e-18
498.32401777674846 2.4142604142000917e-18
498.38612680753835 2.3184528401365967e-18
498.4482358383282 2.516485255455773e-18
498.51034486911806 2.3839119847061337e-18
498.57245389990794 2.1957707883567132e-18
498.6345629306978 2.4565134202747598e-18
498.6966719614877 2.296376423563322e-18
498.7587809922776 2.357472190401642e-18
498.8208900230675 2.3682360849176413e-18
498.8829990538573 2.3955187762663246e-18
498.9451080846472 2.422405041306442e-18
499.0072171154371 2.3152603365624483e-18
499.06932614622696 2.4467909461499646e-18
499.13143517701684 2.5195075666188888e-18
499.1935442078067 2.3607858759355293e-18
499.25565323859655 2.3604512813777516e-18
499.31776226938644 2.472120457277257e-18
499.3798713001763 2.365335369304571e-18
499.4419803309662 2.3128393857046587e-18
499.5040893617561 2.3695498545255286e-18
499.56619839254597 2.38915630978972e-18
499.62830742333585 2.4417126775743485e-18
499.6904164541257 2.4005395557893684e-18
499.75252548491557 2.4209614043423838e-18
499.81463451570545 2.4955677189206853e-18
499.87674354649533 2.3327055756811916e-18
499.9388525772852 2.4774797604659882e-18
500.0009616080751 2.3862646931633876e-18
500.06307063886493 2.403482457613679e-18
500.1251796696548 2.5683447235743258e-18
500.1872887004447 2.389605262067183e-18
500.2493977312346 2.429203225170709e-18
500.31150676202446 2.414299912074341e-18
500.37361579281435 2.3749085373288003e-18
500.43572482360423 2.2559277051997853e-18
500.49783385439406 2.411584691713636e-18
500.55994288518394 2.4557189132964026e-18
500.6220519159738 2.256235209592502e-18
500.6841609467637 2.354688727640401e-18
500.7462699775536 2.4855013444562212e-18
500.8083790083435 2.3620138255548642e-18
500.8704880391333 2.4208683465234716e-18
500.9325970699232 2.404465148181392e-18
500.9947061007131 2.4220547303170258e-18
501.05681513150296 2.4188351365778162e-18
501.11892416229284 2.390432442679736e-18
501.1810331930827 2.374624193993235e-18
501.24314222387255 2.4441505856346954e-18
501.30525125466244 2.2962951530681388e-18
501.3673602854523 2.398180436682367e-18
501.4294693162422 2.48426243469377e-18
501.4915783470321 2.3777168155084178e-18
501.553687377822 2.3663186802577433e-18
501.6157964086118 2.334448445231841e-18
501.6779054394017 2.4582198938784567e-18
501.74001447019157 2.3883299563577794e-18
501.80212350098145 2.4338275783851867e-18
501.86423253177134 2.461439280822513e-18
501.9263415625612 2.4255615625239443e-18
501.9884505933511 2.530196394494299e-18
502.05055962414093 2.442253240104652e-18
502.1126686549308 2.4808215701407025e-18
502.1747776857207 2.5072049093683876e-18
502.2368867165106 2.384724689657967e-18
502.29899574730047 2.4254542358394656e-18
502.36110477809035 2.468513743011373e-18
502.4232138088802 2.851129444070226e-18
502.48532283967006 3.727491734303819e-18
502.54743187045995 5.753802993650469e-18
502.60954090124983 7.39792785867618e-18
502.6716499320397 8.385885912529915e-18
502.7337589628296 8.91040775639469e-18
502.7958679936195 9.002046960556377e-18
502.8579770244093 8.867898117534978e-18
502.9200860551992 8.665386932789133e-18
502.9821950859891 7.962217237670055e-18
503.04430411677896 7.283748810003036e-18
503.10641314756884 6.6610352507542346e-18
503.1685221783587 5.2577208600161855e-18
503.23063120914856 3.817988188449264e-18
503.29274023993844 2.7016155143755006e-18
503.3548492707283 2.485087960945098e-18
503.4169583015182 2.446190413025251e-18
503.4790673323081 2.44244617998253e-18
503.541176363098 2.399072964563312e-18
503.6032853938878 2.478382834899743e-18
503.6653944246777 2.3794468637595724e-18
503.72750345546757 2.34769656992249e-18
503.78961248625745 2.3263631683344413e-18
503.85172151704734 2.2931448357052305e-18
503.9138305478372 2.3271500238921324e-18
503.97593957862705 2.4242666112749926e-18
504.03804860941693 2.4110947939958513e-18
504.1001576402068 2.4418353071001595e-18
504.1622666709967 2.357206045039553e-18
504.2243757017866 2.4649173685031454e-18
504.28648473257647 2.3240679489297598e-18
504.34859376336635 2.380695286099068e-18
504.4107027941562 2.4148462648689324e-18
504.47281182494606 2.32333982319556e-18
504.53492085573595 2.2633934238183827e-18
504.59702988652583 2.5012969786383807e-18
504.6591389173157 2.3914846164189035e-18
504.7212479481056 2.4190258017090097e-18
504.7833569788954 2.4214930746811023e-18
504.8454660096853 2.5913874938982155e-18
504.9075750404752 2.4159710237068514e-18
504.9696840712651 2.4324616963987085e-18
505.03179310205496 2.3863480316101024e-18
505.09390213284485 2.435144036330065e-18
505.15601116363473 2.464761031367373e-18
505.21812019442456 2.3689784795174076e-18
505.28022922521444 2.5267251310537202e-18
505.3423382560043 2.4428558411808967e-18
505.4044472867942 2.5128196045712444e-18
505.4665563175841 2.3327500366391164e-18
505.528665348374 2.4164948358297506e-18
505.5907743791638 2.418282786723784e-18
505.6528834099537 2.5803669665971715e-18
505.7149924407436 2.3376756903917165e-18
505.77710147153346 2.4549634906019886e-18
505.83921050232334 2.3890568413210604e-18
505.9013195331132 2.4420236974846684e-18
505.96342856390305 2.430443375704079e-18
506.02553759469293 2.399204899871014e-18
506.0876466254828 2.4261062609573105e-18
506.1497556562727 2.4620278198283445e-18
506.2118646870626 2.4678416587636735e-18
506.27397371785247 2.3625897500563543e-18
506.33608274864235 2.5717413339646217e-18
506.3981917794322 2.440531670454776e-18
506.46030081022207 2.4988948461395267e-18
506.52240984101195 2.4465132202593e-18
506.58451887180183 2.511333781395946e-18
506.6466279025917 2.4373273795568986e-18
506.7087369333816 2.3440774479474175e-18
506.77084596417143 2.4291033431117432e-18
506.8329549949613 2.5224674256457566e-18
506.8950640257512 2.4335905911396903e-18
506.9571730565411 2.4686330638147336e-18
507.01928208733096 2.3954987171364702e-18
507.08139111812085 2.4988828520206447e-18
507.1435001489107 2.456331233744845e-18
507.20560917970056 2.5103709431629343e-18
507.26771821049044 2.517198491938947e-18
507.3298272412803 2.4758440108046646e-18
507.3919362720702 2.5150186642297166e-18
507.4540453028601 2.4204603396863298e-18
507.51615433365 2.434707698556943e-18
507.5782633644398 2.3447044508517327e-18
507.6403723952297 2.3683862181988196e-18
507.7024814260196 2.4338523938035633e-18
507.76459045680946 2.4447982680543244e-18
507.82669948759934 2.4396157747215265e-18
507.8888085183892 2.3728989020306027e-18
507.95091754917905 2.4826120025765735e-18
508.01302657996894 2.471468018569106e-18
508.0751356107588 2.495674838810011e-18
508.1372446415487 2.5693687731726664e-18
508.1993536723386 2.5103926566540138e-18
508.2614627031285 2.3891614796685483e-18
508.32357173391836 2.5145922526239455e-18
508.3856807647082 2.374615095006497e-18
508.44778979549807 2.3802347532930292e-18
508.50989882628795 2.415617610790138e-18
508.57200785707784 2.3908342456622837e-18
508.6341168878677 2.4975856260250084e-18
508.6962259186576 2.5699029250532225e-18
508.75833494944743 2.5464695186850547e-18
508.8204439802373 2.508495104328817e-18
508.8825530110272 2.6112286616612187e-18
508.9446620418171 2.4869557347682426e-18
509.00677107260697 2.4947959594091733e-18
509.06888010339685 2.5645514800803107e-18
509.1309891341867 2.4936292211551673e-18
509.19309816497656 2.537823413332344e-18
509.25520719576645 2.58365831825452e-18
509.31731622655633 2.5868954895817463e-18
509.3794252573462 2.4747517188057884e-18
509.4415342881361 2.530338669559658e-18
509.5036433189259 2.4909419181401356e-18
509.5657523497158 2.5040922287233505e-18
509.6278613805057 2.431161368475775e-18
509.6899704112956 2.5180368394897695e-18
509.75207944208546 2.543423426079328e-18
509.81418847287534 2.4904327884731092e-18
509.8762975036652 2.5435195858255375e-18
509.93840653445505 2.5702127041926237e-18
510.00051556524494 2.4399718759752306e-18
510.0626245960348 2.549718684131163e-18
510.1247336268247 2.573457320145363e-18
510.1868426576146 2.484603439901295e-18
510.2489516884045 2.60071850479812e-18
510.3110607191943 2.6295598112160063e-18
510.3731697499842 2.5906424109614583e-18
510.43527878077407 2.6052905388388536e-18
510.49738781156395 2.5579983484725125e-18
510.55949684235384 2.6562727819177938e-18
510.6216058731437 2.549003586491611e-18
510.6837149039336 2.578257242444855e-18
510.74582393472343 2.6223209468804016e-18
510.8079329655133 2.56253109143415e-18
510.8700419963032 2.652257233634155e-18
510.9321510270931 2.680464919702826e-18
510.99426005788297 2.7379405305903074e-18
511.05636908867285 2.5278924896931857e-18
511.1184781194627 2.6146490534941254e-18
511.18058715025256 2.7167285177571507e-18
511.24269618104245 2.7529278025188494e-18
511.30480521183233 2.5625829970175877e-18
511.3669142426222 2.486920372797056e-18
511.4290232734121 2.5330991780589007e-18
511.4911323042019 2.625033478904116e-18
511.5532413349918 2.687988540964302e-18
511.6153503657817 2.785356384458225e-18
511.6774593965716 2.697070777294981e-18
511.73956842736146 2.6920919771880244e-18
511.80167745815135 2.6137933351504393e-18
511.86378648894123 2.6580534949814673e-18
511.92589551973106 2.8614644454386167e-18
511.98800455052094 2.7369551516856036e-18
512.0501135813108 2.656440699582142e-18
512.1122226121007 2.7369133790646696e-18
512.1743316428906 2.7828113565085526e-18
512.2364406736805 2.670961028054898e-18
512.2985497044704 2.7812347502610265e-18
512.3606587352602 2.848107960087723e-18
512.4227677660501 2.7272122048406477e-18
512.4848767968399 3.0338557093347212e-18
512.5469858276298 3.930320556404884e-18
512.6090948584197 7.913951248927586e-18
512.6712038892096 1.3140934490971607e-17
512.7333129199994 1.6524370375651345e-17
512.7954219507893 1.8370387694324712e-17
512.8575309815792 1.978230062753025e-17
512.9196400123691 1.9646628117820527e-17
512.981749043159 1.9029002132929233e-17
513.0438580739489 1.7241977681181923e-17
513.1059671047387 1.602012769168392e-17
513.1680761355286 1.3695227392262778e-17
513.2301851663185 1.1851350817014699e-17
513.2922941971083 8.027766338131207e-18
513.3544032278982 4.493247568929884e-18
513.416512258688 2.984382657283384e-18
513.4786212894779 2.8510568589714745e-18
513.5407303202678 2.939801137784379e-18
513.6028393510577 2.8281466443407464e-18
513.6649483818476 2.7886342944306197e-18
513.7270574126375 2.9154017912559025e-18
513.7891664434273 2.8655283837880897e-18
513.8512754742172 2.867953263753789e-18
513.9133845050071 2.6458887700981094e-18
513.975493535797 2.8895732834240874e-18
514.0376025665869 2.7893204407487324e-18
514.0997115973767 2.8415380780725205e-18
514.1618206281665 2.7571350499094472e-18
514.2239296589564 2.916860731061293e-18
514.2860386897463 2.846754692605586e-18
514.3481477205362 2.8237123358720028e-18
514.4102567513261 2.850537182751638e-18
514.472365782116 2.8295044613162522e-18
514.5344748129058 2.8409458167539325e-18
514.5965838436957 2.734900848634328e-18
514.6586928744856 2.7703800726727994e-18
514.7208019052755 2.753323608441956e-18
514.7829109360654 2.9005084043268853e-18
514.8450199668551 2.7966349921103857e-18
514.907128997645 2.9800339620080396e-18
514.9692380284349 2.811514730559296e-18
515.0313470592248 2.81285662430801e-18
515.0934560900147 2.8735123310604515e-18
515.1555651208046 2.8171579634932857e-18
515.2176741515945 2.8512770958095667e-18
515.2797831823843 2.8575063862075504e-18
515.3418922131742 3.007050507994634e-18
515.4040012439641 2.9662405184985647e-18
515.466110274754 2.9480863855948634e-18
515.5282193055439 2.9375940131149346e-18
515.5903283363338 2.8642803750389003e-18
515.6524373671235 2.98878615327431e-18
515.7145463979134 2.938804591941406e-18
515.7766554287033 2.9293968600396872e-18
515.8387644594932 2.9098882188829303e-18
515.9008734902831 3.0581944648833283e-18
515.962982521073 3.0091900106490025e-18
516.0250915518628 3.091841897455301e-18
516.0872005826527 2.986231199157287e-18
516.1493096134426 3.018778688309717e-18
516.2114186442325 2.9907953749822014e-18
516.2735276750224 3.0274465071535072e-18
516.3356367058122 3.0354327291725535e-18
516.3977457366021 3.0109597635695597e-18
516.4598547673919 3.048999525194189e-18
516.5219637981818 3.0489480332010575e-18
516.5840728289717 2.993102795300918e-18
516.6461818597616 3.1225997813524728e-18
516.7082908905514 2.963456021761558e-18
516.7703999213413 2.9623875112052927e-18
516.8325089521312 3.1106054556753007e-18
516.8946179829211 3.176823538456855e-18
516.956727013711 3.0604948541668383e-18
517.0188360445009 3.127799438682981e-18
517.0809450752907 3.224350027731702e-18
517.1430541060806 3.2756029656661e-18
517.2051631368704 3.1766758867175144e-18
517.2672721676603 3.1130247521718652e-18
517.3293811984502 3.3240515545287903e-18
517.39149022924 3.212409675589499e-18
517.4535992600299 4.0059360313305004e-18
517.5157082908198 9.375844916285415e-18
517.5778173216097 2.2833467159134174e-17
517.6399263523996 3.712647978211555e-17
517.7020353831895 4.529805477846155e-17
517.7641444139794 5.0294315013787994e-17
517.8262534447692 5.2866611799533945e-17
517.8883624755591 5.223996623724337e-17
517.950471506349 5.044998047890312e-17
518.0125805371388 4.630562032155524e-17
518.0746895679287 4.125957043079801e-17
518.1367985987185 3.52904332985459e-17
518.1989076295084 2.839599538947972e-17
518.2610166602983 1.7225068455100114e-17
518.3231256910882 7.116872566045975e-18
518.3852347218781 3.6980788460826585e-18
518.447343752668 3.355661641252045e-18
518.5094527834578 3.50566712302578e-18
518.5715618142477 3.4743281447482896e-18
518.6336708450376 3.4128864096187695e-18
518.6957798758275 3.3241876257395552e-18
518.7578889066174 3.2950270276052234e-18
518.8199979374072 3.3991940889391793e-18
518.882106968197 3.3330363903423413e-18
518.9442159989869 3.2852179063112633e-18
519.0063250297768 3.316065539304897e-18
519.0684340605667 3.363098615344356e-18
519.1305430913566 3.237415345506977e-18
519.1926521221465 3.196908310910255e-18
519.2547611529363 3.1938870337229052e-18
519.3168701837262 3.2648316265245876e-18
519.3789792145161 3.2753715618897383e-18
519.441088245306 3.310453739234184e-18
519.5031972760959 3.081105299899516e-18
519.5653063068858 3.1255189017341724e-18
519.6274153376755 3.044343532321281e-18
519.6895243684654 3.1821762242006858e-18
519.7516333992553 3.250519747566195e-18
519.8137424300452 3.218760768332681e-18
519.8758514608351 3.2843863830004943e-18
519.937960491625 3.348760886991821e-18
520.0000695224148 3.383959696802637e-18
520.0621785532047 3.2803970977013042e-18
520.1242875839946 3.15176534257048e-18
520.1863966147845 3.2535606702930932e-18
520.2485056455744 3.4518422737718012e-18
520.3106146763643 3.308060292131762e-18
520.372723707154 3.3366730899054306e-18
520.4348327379439 3.2638177098887508e-18
520.4969417687338 3.3870831307956373e-18
520.5590507995237 3.1909348261167035e-18
520.6211598303136 3.3036594844778268e-18
520.6832688611034 3.315925125395916e-18
520.7453778918933 3.2664487646221288e-18
520.8074869226832 3.3747767512323796e-18
520.8695959534731 3.4368872618871488e-18
520.931704984263 3.2793052192927342e-18
520.9938140150529 3.262254958916485e-18
521.0559230458427 3.313878473765307e-18
521.1180320766326 3.1758104490016308e-18
521.1801411074224 3.287197969902562e-18
521.2422501382123 3.4043265378449177e-18
521.3043591690022 3.2549114562333923e-18
521.366468199792 3.3042095595851745e-18
521.4285772305819 3.4105570690138202e-18
521.4906862613718 3.402807213854811e-18
521.5527952921617 3.3616531172239195e-18
521.6149043229516 3.3637161056716268e-18
521.6770133537415 3.2926503309102054e-18
521.7391223845314 3.3640645555046647e-18
521.8012314153212 3.4430729185078203e-18
521.8633404461111 3.3723208519937096e-18
521.925449476901 3.426408331092174e-18
521.9875585076908 3.3240321157843953e-18
522.0496675384807 3.3286616388777014e-18
522.1117765692705 3.2409817347179993e-18
522.1738856000604 3.3377643479285412e-18
522.2359946308503 3.307828267969941e-18
522.2981036616402 3.50159946236355e-18
522.3602126924301 3.392257972707769e-18
522.42232172322 3.3123376430792737e-18
522.4844307540098 3.433650917740535e-18
522.5465397847997 3.4200435898688846e-18
522.6086488155896 3.440987182593268e-18
522.6707578463795 3.3590359177658017e-18
522.7328668771693 3.460618660070989e-18
522.7949759079592 3.4758865530223395e-18
522.857084938749 3.3371530614558645e-18
522.9191939695389 3.4340762953705404e-18
522.9813030003288 3.364268455525659e-18
523.0434120311187 3.488362091020864e-18
523.1055210619086 3.443846952766017e-18
523.1676300926985 3.3727338219145267e-18
523.2297391234883 3.4319760837952683e-18
523.2918481542782 3.527823569323319e-18
523.3539571850681 3.388795394663622e-18
523.416066215858 3.4239917229326002e-18
523.4781752466479 3.47776921609651e-18
523.5402842774376 3.563371656147785e-18
523.6023933082275 3.495255400655575e-18
523.6645023390174 3.554168031062214e-18
523.7266113698073 3.6757296667023945e-18
523.7887204005972 3.4312717395036794e-18
523.8508294313871 3.493479030290117e-18
523.912938462177 3.556316219113014e-18
523.9750474929668 3.505694419985994e-18
524.0371565237567 3.488614794697999e-18
524.0992655545466 3.423642859509256e-18
524.1613745853365 3.603613165767878e-18
524.2234836161264 3.582888982700974e-18
524.2855926469163 3.4881184863304674e-18
524.347701677706 3.579187349459799e-18
524.4098107084959 3.617043683783595e-18
524.4719197392858 3.510424652318879e-18
524.5340287700757 3.5727874530604765e-18
524.5961378008656 3.4933777006650796e-18
524.6582468316554 3.4908258484753535e-18
524.7203558624453 3.633412760925407e-18
524.7824648932352 3.5683914016950634e-18
524.8445739240251 3.50011550034463e-18
524.906682954815 3.4715504722513365e-18
524.9687919856049 3.582372821998741e-18
525.0309010163948 3.539331306005157e-18
525.0930100471846 3.570919679237332e-18
525.1551190779744 3.546908694006449e-18
525.2172281087643 3.49080516896004e-18
525.2793371395542 3.442393182839455e-18
525.341446170344 3.526998870252604e-18
525.4035552011339 3.5361077831580376e-18
525.4656642319238 3.593541414629432e-18
525.5277732627137 3.534981576754047e-18
525.5898822935036 3.609469190914447e-18
525.6519913242935 3.6124391829038184e-18
525.7141003550834 3.6719229815234255e-18
525.7762093858732 3.548043172216565e-18
525.8383184166631 3.597962695003528e-18
525.9004274474529 3.578014407351199e-18
525.9625364782428 3.626853218667861e-18
526.0246455090327 3.538031805262836e-18
526.0867545398226 3.588569231967376e-18
526.1488635706124 3.657256242082248e-18
526.2109726014023 3.642480314800213e-18
526.2730816321922 3.674896282235247e-18
526.3351906629821 3.703230526937639e-18
526.397299693772 3.620063720200026e-18
526.4594087245619 3.663654070530039e-18
526.5215177553517 3.701226681903729e-18
526.5836267861416 3.783885186154928e-18
526.6457358169315 3.659559526497902e-18
526.7078448477213 3.698671934581859e-18
526.7699538785112 3.667948378680108e-18
526.832062909301 3.717156112549969e-18
526.8941719400909 3.721751514443007e-18
526.9562809708808 3.7370096880221605e-18
527.0183900016707 3.7702284342416775e-18
527.0804990324606 3.7885599973867714e-18
527.1426080632505 3.750248713726072e-18
527.2047170940403 3.617660346930253e-18
527.2668261248302 3.7183100295044804e-18
527.3289351556201 3.781124057270226e-18
527.39104418641 3.6144422007571156e-18
527.4531532171999 3.574885183093911e-18
527.5152622479897 3.687802781332912e-18
527.5773712787795 3.777396781430062e-18
527.6394803095694 3.7426845606145805e-18
527.7015893403593 3.693471450070738e-18
527.7636983711492 3.713579797171596e-18
527.8258074019391 3.735040584573978e-18
527.887916432729 3.705108226928134e-18
527.9500254635188 3.839822034307908e-18
528.0121344943087 3.938438920526786e-18
528.0742435250986 3.859207011963088e-18
528.1363525558885 3.7577098828513e-18
528.1984615866784 3.782189465899194e-18
528.2605706174681 3.777868274379217e-18
528.322679648258 3.8340780921343394e-18
528.3847886790479 3.79064283816918e-18
528.4468977098378 3.747381705722963e-18
528.5090067406277 3.878539877239677e-18
528.5711157714176 3.881809722201099e-18
528.6332248022075 3.8164388791619524e-18
528.6953338329973 3.889539725025407e-18
528.7574428637872 3.795409466449017e-18
528.8195518945771 3.815935539759214e-18
528.881660925367 3.8742579767987965e-18
528.9437699561569 3.894210400354188e-18
529.0058789869468 3.784200341968311e-18
529.0679880177365 3.814918934786386e-18
529.1300970485264 3.8267236293081305e-18
529.1922060793163 3.8024314026689794e-18
529.2543151101062 3.910824736547622e-18
529.3164241408961 3.8995597773755685e-18
529.378533171686 3.923898739719329e-18
529.4406422024758 3.914193016001938e-18
529.5027512332657 3.8680673570944496e-18
529.5648602640556 3.872092417955133e-18
529.6269692948455 4.014077142919247e-18
529.6890783256354 4.012179177003744e-18
529.7511873564252 3.940994081438962e-18
529.8132963872151 3.793657911501936e-18
529.8754054180049 3.8628441251164835e-18
529.9375144487948 3.939479100147071e-18
529.9996234795847 3.942702209403884e-18
530.0617325103746 3.976490469475144e-18
530.1238415411644 4.032416150689854e-18
530.1859505719543 3.955238131587125e-18
530.2480596027442 3.814199287653465e-18
530.3101686335341 3.808391238982424e-18
530.372277664324 3.863309000620738e-18
530.4343866951139 3.941770390443843e-18
530.4964957259037 4.1545237255343196e-18
530.5586047566936 4.018311480474906e-18
530.6207137874835 4.0209055188758725e-18
530.6828228182733 4.131945830714685e-18
530.7449318490632 4.084355648532671e-18
530.807040879853 4.078147658035461e-18
530.8691499106429 3.988025916707502e-18
530.9312589414328 4.007659462136755e-18
530.9933679722227 4.1568030217122094e-18
531.0554770030126 4.0438783924380015e-18
531.1175860338025 4.023373825823731e-18
531.1796950645924 4.011647299869873e-18
531.2418040953822 3.927090002522558e-18
531.3039131261721 4.050885025816632e-18
531.366022156962 4.0972087944808266e-18
531.4281311877518 4.110779106020065e-18
531.4902402185417 4.069388642529137e-18
531.5523492493315 4.09038496801757e-18
531.6144582801214 4.134779337902985e-18
531.6765673109113 4.1502261086618e-18
531.7386763417012 4.145702257891748e-18
531.8007853724911 4.2347428741591e-18
531.862894403281 4.274378887570803e-18
531.9250034340708 4.128998172601852e-18
531.9871124648607 4.1402110193953145e-18
532.0492214956506 4.247222134470381e-18
532.1113305264405 4.2402155010917505e-18
532.1734395572304 4.13684480789253e-18
532.2355485880202 4.144128960366672e-18
532.29765761881 4.183220275345009e-18
532.3597666495999 4.262787192056791e-18
532.4218756803898 4.213485573187406e-18
532.4839847111797 4.1803652614607824e-18
532.5460937419696 4.244831168909796e-18
532.6082027727595 4.143466388696017e-18
532.6703118035493 4.274295342328935e-18
532.7324208343392 4.281769746343964e-18
532.7945298651291 4.20192655130759e-18
532.856638895919 4.317324450613331e-18
532.9187479267089 4.327919807079523e-18
532.9808569574988 4.3173819396659036e-18
533.0429659882885 4.249020425122071e-18
533.1050750190784 4.281069124365132e-18
533.1671840498683 4.192701005935786e-18
533.2292930806582 4.3584977791934644e-18
533.2914021114481 4.256871196315812e-18
533.353511142238 4.367316351703892e-18
533.4156201730278 4.5024979297200645e-18
533.4777292038177 4.262602317189886e-18
533.5398382346076 4.313402787329217e-18
533.6019472653975 4.284890698795127e-18
533.6640562961874 4.382586932992234e-18
533.7261653269773 4.3784779132993765e-18
533.788274357767 4.410871133267566e-18
533.8503833885569 4.440448630430624e-18
533.9124924193468 4.432537475052167e-18
533.9746014501367 4.4331334586835115e-18
534.0367104809266 4.374995482920528e-18
534.0988195117164 4.303443532754079e-18
534.1609285425063 4.246321334783311e-18
534.2230375732962 4.195030760131041e-18
534.2851466040861 4.392622701774033e-18
534.347255634876 4.3323646621010766e-18
534.4093646656659 4.301539776574288e-18
534.4714736964557 4.3900952514123775e-18
534.5335827272456 4.432260783137268e-18
534.5956917580354 4.4613039216246174e-18
534.6578007888253 4.435179076338355e-18
534.7199098196152 4.4578996598136555e-18
534.782018850405 4.5810147406442104e-18
534.8441278811949 4.519935724213295e-18
534.9062369119848 4.3163496182614374e-18
534.9683459427747 4.4402203285815596e-18
535.0304549735646 4.526182592199295e-18
535.0925640043545 4.4867479972667486e-18
535.1546730351444 4.429310643482598e-18
535.2167820659342 4.563806075180657e-18
535.2788910967241 4.544452530388754e-18
535.341000127514 4.5979913819459425e-18
535.4031091583038 4.529823014075141e-18
535.4652181890937 4.400468923474405e-18
535.5273272198835 4.622285262946319e-18
535.5894362506734 4.592923659923136e-18
535.6515452814633 4.636485886112323e-18
535.7136543122532 4.5239078455147745e-18
535.7757633430431 4.5910302435010025e-18
535.837872373833 4.54581365608671e-18
535.8999814046228 4.5859745155970784e-18
535.9620904354127 4.5324542756036724e-18
536.0241994662026 4.603306017381596e-18
536.0863084969925 4.709241384070037e-18
536.1484175277824 4.6910094961887556e-18
536.2105265585722 4.647094477468315e-18
536.272635589362 4.584768899854282e-18
536.3347446201519 4.682364631606964e-18
536.3968536509418 4.553585017941646e-18
536.4589626817317 4.625981519513512e-18
536.5210717125216 4.743762526164019e-18
536.5831807433115 4.660401745572762e-18
536.6452897741013 4.625259804429059e-18
536.7073988048912 4.6666051865766036e-18
536.7695078356811 4.832995875514095e-18
536.831616866471 4.6902509715670444e-18
536.8937258972609 4.627359188823719e-18
536.9558349280506 4.711367238244298e-18
537.0179439588405 4.746800760553926e-18
537.0800529896304 4.660024137623132e-18
537.1421620204203 4.834760251760671e-18
537.2042710512102 4.8284087454271825e-18
537.2663800820001 4.770459366843861e-18
537.32848911279 4.7127738588759446e-18
537.3905981435798 4.709681444155915e-18
537.4527071743697 4.7323590142393626e-18
537.5148162051596 4.827904165253525e-18
537.5769252359495 4.828442659832297e-18
537.6390342667394 4.7522460905263625e-18
537.7011432975293 4.825902388171147e-18
537.763252328319 4.856184229625794e-18
537.8253613591089 4.7672751350758384e-18
537.8874703898988 4.795477030880221e-18
537.9495794206887 4.757751391093209e-18
538.0116884514786 4.775814947719836e-18
538.0737974822684 4.875336355938541e-18
538.1359065130583 4.859625714564321e-18
538.1980155438482 4.791483816473122e-18
538.2601245746381 4.786227083680347e-18
538.322233605428 4.805800244924883e-18
538.3843426362179 4.84402302026004e-18
538.4464516670078 4.868402514453815e-18
538.5085606977975 4.877421264672481e-18
538.5706697285874 4.801222627415015e-18
538.6327787593773 4.901903742852519e-18
538.6948877901672 4.9355824014926155e-18
538.756996820957 5.03538711907112e-18
538.8191058517469 4.794043526878667e-18
538.8812148825368 4.814560914792432e-18
538.9433239133267 5.04909722413388e-18
539.0054329441166 4.795391417686822e-18
539.0675419749065 4.9328361618589395e-18
539.1296510056964 4.849053519155281e-18
539.1917600364862 4.849475794857989e-18
539.2538690672761 4.826886733100085e-18
539.3159780980659 4.945326175518184e-18
539.3780871288558 4.918348093430073e-18
539.4401961596457 4.878921356713346e-18
539.5023051904355 4.9707140028786615e-18
539.5644142212254 4.9833677982991914e-18
539.6265232520153 4.872930914717237e-18
539.6886322828052 4.781248697163697e-18
539.7507413135951 4.912867608281603e-18
539.812850344385 4.980366787036849e-18
539.8749593751749 5.088260917415816e-18
539.9370684059647 5.0315709213151065e-18
539.9991774367546 4.880309779371516e-18
540.0612864675445 5.161638868784476e-18
540.1233954983343 5.128911881439122e-18
540.1855045291242 4.996828921997573e-18
540.247613559914 5.0752688051247516e-18
540.3097225907039 5.049335038559989e-18
540.3718316214938 5.046269093619561e-18
540.4339406522837 4.899717504493541e-18
540.4960496830736 5.0136653561854774e-18
540.5581587138635 5.017296679074585e-18
540.6202677446533 4.9277643039330706e-18
540.6823767754432 5.018592043913843e-18
540.7444858062331 5.079722759133043e-18
540.806594837023 5.0122235803777975e-18
540.8687038678129 4.9892118293268785e-18
540.9308128986027 5.105496466249277e-18
540.9929219293925 5.149988857037279e-18
541.0550309601824 5.086862568590295e-18
541.1171399909723 5.056456650043764e-18
541.1792490217622 4.960016903197126e-18
541.2413580525521 5.182124410244658e-18
541.303467083342 5.109738662020755e-18
541.3655761141318 5.1332475486198184e-18
541.4276851449217 5.1283283055169656e-18
541.4897941757116 5.15043636174867e-18
541.5519032065015 5.172217681638417e-18
541.6140122372914 5.153007239092485e-18
541.6761212680813 5.166338495434696e-18
541.738230298871 5.1832514438292615e-18
541.8003393296609 5.206916667564097e-18
541.8624483604508 5.0757816571045345e-18
541.9245573912407 4.977642054099099e-18
541.9866664220306 5.108327905486046e-18
542.0487754528205 5.325364381788322e-18
542.1108844836103 5.1591312707575215e-18
542.1729935144002 5.2225115036525596e-18
542.2351025451901 5.196020217354936e-18
542.29721157598 5.22476515723146e-18
542.3593206067699 5.143931413411553e-18
542.4214296375598 5.127235186337477e-18
542.4835386683495 5.297850700253583e-18
542.5456476991394 5.309806355237118e-18
542.6077567299293 5.1917846390283585e-18
542.6698657607192 5.170345358321903e-18
542.7319747915091 5.117349137246549e-18
542.794083822299 5.166010931912125e-18
542.8561928530888 5.262351003494951e-18
542.9183018838787 5.3830974526414604e-18
542.9804109146686 5.2735431707731e-18
543.0425199454585 5.214262858584181e-18
543.1046289762484 5.307089894105494e-18
543.1667380070382 5.223006157658866e-18
543.2288470378281 5.178266853458017e-18
543.2909560686179 5.228930838796277e-18
543.3530650994078 5.316568556744739e-18
543.4151741301977 5.364543791501896e-18
543.4772831609876 5.237527313312235e-18
543.5393921917774 5.249215375367609e-18
543.6015012225673 5.303079308905531e-18
543.6636102533572 5.272347481197654e-18
543.7257192841471 5.345784162389806e-18
543.787828314937 5.298114984459294e-18
543.8499373457269 5.1942450877603975e-18
543.9120463765167 5.299219270577052e-18
543.9741554073066 5.265115441102103e-18
544.0362644380964 5.341735113291359e-18
544.0983734688863 5.346074916375118e-18
544.1604824996762 5.265683300592621e-18
544.222591530466 5.3014816095523846e-18
544.2847005612559 5.295005612536707e-18
544.3468095920458 5.322684730193956e-18
544.4089186228357 5.225261052008686e-18
544.4710276536256 5.452554154316313e-18
544.5331366844155 5.347173825818895e-18
544.5952457152054 5.35984375126137e-18
544.6573547459952 5.3305495634581105e-18
544.7194637767851 5.395185456523004e-18
544.781572807575 5.349238882218134e-18
544.8436818383648 5.379863590036684e-18
544.9057908691547 5.307578344257207e-18
544.9678998999445 5.357523096052852e-18
545.0300089307344 5.435438960261978e-18
545.0921179615243 5.404993337046045e-18
545.1542269923142 5.4045656846693554e-18
545.2163360231041 5.268166910381811e-18
545.278445053894 5.35445094725783e-18
545.3405540846838 5.3435788988767395e-18
545.4026631154737 5.29777997631121e-18
545.4647721462636 5.3169279667208935e-18
545.5268811770535 5.367553074570364e-18
545.5889902078434 5.425809337160942e-18
545.6510992386332 5.358449124748605e-18
545.713208269423 5.29570168502217e-18
545.7753173002129 5.320379377826771e-18
545.8374263310028 5.2552364230463824e-18
545.8995353617927 5.3662721853918256e-18
545.9616443925826 5.455165563510143e-18
546.0237534233725 5.427895486665801e-18
546.0858624541623 5.4480691810350505e-18
546.1479714849522 5.436249183671974e-18
546.2100805157421 5.408051423770654e-18
546.272189546532 5.501404546161551e-18
546.3342985773219 5.372642716879403e-18
546.3964076081118 5.4344922520509114e-18
546.4585166389015 5.4521343601554424e-18
546.5206256696914 5.389686773401058e-18
546.5827347004813 5.406122024991874e-18
546.6448437312712 5.478188067909025e-18
546.7069527620611 5.47214055045065e-18
546.769061792851 5.457553220348277e-18
546.8311708236408 5.461069151541934e-18
546.8932798544307 5.580650516795662e-18
546.9553888852206 5.5394238350660195e-18
547.0174979160105 5.419633606707621e-18
547.0796069468004 5.478881658852651e-18
547.1417159775903 5.4716314207836235e-18
547.2038250083801 5.381599428552127e-18
547.2659340391699 5.450192553667474e-18
547.3280430699598 5.457775318342748e-18
547.3901521007497 5.473825103768114e-18
547.4522611315396 5.324206742521054e-18
547.5143701623294 5.386559203504995e-18
547.5764791931193 5.390191353574715e-18
547.6385882239092 5.468080334413933e-18
547.7006972546991 5.477837343329303e-18
547.762806285489 5.429899331699711e-18
547.8249153162789 5.487299875946603e-18
547.8870243470687 5.4688955209076044e-18
547.9491333778586 5.458163266050035e-18
548.0112424086484 5.510055614597937e-18
548.0733514394383 5.491174803526108e-18
548.1354604702282 5.546581842496747e-18
548.197569501018 5.419501257809613e-18
548.2596785318079 5.560043793375741e-18
548.3217875625978 5.623921161818924e-18
548.3838965933877 5.520680335975874e-18
548.4460056241776 5.564064304743055e-18
548.5081146549675 5.457754638827434e-18
548.5702236857574 5.4350067583919194e-18
548.6323327165472 5.503893119034417e-18
548.6944417473371 5.634442899210598e-18
548.756550778127 5.597965474967929e-18
548.8186598089168 5.6926449814710544e-18
548.8807688397067 5.530830255682206e-18
548.9428778704965 5.506778325011002e-18
549.0049869012864 5.645293854486069e-18
549.0670959320763 5.6026857811334625e-18
549.1292049628662 5.5468891400943105e-18
549.1913139936561 5.655466935249552e-18
549.253423024446 5.707480465757193e-18
549.3155320552358 5.575768083230068e-18
549.3776410860257 5.579855596226999e-18
549.4397501168156 5.633169041067267e-18
549.5018591476055 5.709184457819052e-18
549.5639681783953 5.668557068443204e-18
549.6260772091852 5.582964140968973e-18
549.688186239975 5.545368782128438e-18
549.7502952707649 5.550602353864061e-18
549.8124043015548 5.645968833865912e-18
549.8745133323447 5.760010984147679e-18
549.9366223631346 5.675127777639019e-18
549.9987313939245 5.568117489744565e-18
550.0608404247143 5.637962139126705e-18
550.1229494555042 5.6031254276290344e-18
550.1850584862941 5.705393902662028e-18
550.247167517084 5.799626731634375e-18
550.3092765478739 5.6906527169657205e-18
550.3713855786636 5.666338983630643e-18
550.4334946094535 5.767960189834314e-18
550.4956036402434 5.817666713613544e-18
550.5577126710333 5.8951594749393494e-18
550.6198217018232 5.680285248758287e-18
550.6819307326131 5.772424897190569e-18
550.744039763403 5.688540511271566e-18
550.8061487941928 5.7368590259829326e-18
550.8682578249827 5.6822646919641265e-18
550.9303668557726 5.673700477492059e-18
550.9924758865625 5.713726092972275e-18
551.0545849173524 5.7648545402244835e-18
551.1166939481423 5.685460090670419e-18
551.178802978932 5.5662079433004865e-18
551.2409120097219 5.690922791435719e-18
551.3030210405118 5.561745717486069e-18
551.3651300713017 5.680592959946157e-18
551.4272391020916 5.660592559915237e-18
551.4893481328814 5.656833024031184e-18
551.5514571636713 5.581550902892426e-18
551.6135661944612 5.507133185493787e-18
551.6756752252511 5.448294587751971e-18
551.737784256041 5.6637267472562006e-18
551.7998932868309 5.6810367423447915e-18
551.8620023176207 5.693338158824374e-18
551.9241113484106 5.733557334567927e-18
551.9862203792004 5.774328239780053e-18
552.0483294099903 5.724112586333797e-18
552.1104384407802 5.770261819888743e-18
552.17254747157 5.680320817524627e-18
552.2346565023599 5.75102821628566e-18
552.2967655331498 5.643002150598991e-18
552.3588745639397 5.574761404424591e-18
552.4209835947296 5.620037135252681e-18
552.4830926255195 5.723687001908638e-18
552.5452016563094 5.597065088871165e-18
552.6073106870992 5.645359615344767e-18
552.6694197178891 5.617064661721472e-18
552.731528748679 5.695713821543626e-18
552.7936377794688 5.629150184061178e-18
552.8557468102587 5.691198242579699e-18
552.9178558410485 5.61894318889258e-18
552.9799648718384 5.609634511869214e-18
553.0420739026283 5.729910708837487e-18
553.1041829334182 5.600923472838418e-18
553.1662919642081 5.627557034201401e-18
553.228400994998 5.7482534389208506e-18
553.2905100257879 5.674040448723818e-18
553.3526190565777 5.701730319729031e-18
553.4147280873676 5.7220123747585246e-18
553.4768371181575 5.8487289999761354e-18
553.5389461489474 5.687204614582293e-18
553.6010551797372 5.664497265996794e-18
553.663164210527 5.8414390572377056e-18
553.7252732413169 5.542198198840522e-18
553.7873822721068 5.667864304680191e-18
553.8494913028967 5.785715621682765e-18
553.9116003336866 5.668873051437199e-18
553.9737093644765 5.632965141046272e-18
554.0358183952663 5.63174132733e-18
554.0979274260562 5.647103312076029e-18
554.1600364568461 5.7700355859912094e-18
554.222145487636 5.600584742377578e-18
554.2842545184259 5.624385210142566e-18
554.3463635492157 5.695480556610886e-18
554.4084725800055 5.7323475829220684e-18
554.4705816107954 5.6312632169359445e-18
554.5326906415853 5.607100857652964e-18
554.5947996723752 5.717456677534889e-18
554.6569087031651 5.6241167900337926e-18
554.719017733955 5.626601640593902e-18
554.7811267647448 5.581092231242766e-18
554.8432357955347 5.5299724693869886e-18
554.9053448263246 5.598558563467129e-18
554.9674538571145 5.71399988975503e-18
555.0295628879044 5.612192154323228e-18
555.0916719186941 5.72535625238477e-18
555.153780949484 5.682583570090266e-18
555.2158899802739 5.609563374336535e-18
555.2779990110638 5.546030940208787e-18
555.3401080418537 5.571501072040213e-18
555.4022170726436 5.741017676512543e-18
555.4643261034335 5.75179790784564e-18
555.5264351342233 5.66162529491001e-18
555.5885441650132 5.589700699877605e-18
555.6506531958031 5.676994724281551e-18
555.712762226593 5.622044702599347e-18
555.7748712573829 5.6671624419304396e-18
555.8369802881728 5.647975574031966e-18
555.8990893189625 5.7059704475489774e-18
555.9611983497524 5.7822542844095365e-18
556.0233073805423 5.611140807764673e-18
556.0854164113322 5.665645806277324e-18
556.1475254421221 5.571621840409646e-18
556.209634472912 5.537150742742724e-18
556.2717435037018 5.501244073122716e-18
556.3338525344917 5.675231588805894e-18
556.3959615652816 5.840441891009273e-18
556.4580705960715 5.70958233169369e-18
556.5201796268614 5.590895562272438e-18
556.5822886576512 5.6210293383974384e-18
556.6443976884411 5.730354491236122e-18
556.7065067192309 5.619506085299422e-18
556.7686157500208 5.6853413902525175e-18
556.8307247808107 5.728655462257938e-18
556.8928338116006 5.738340506460015e-18
556.9549428423904 5.708457366060618e-18
557.0170518731803 5.570352118169377e-18
557.0791609039702 5.578457247401478e-18
557.1412699347601 5.693934969636331e-18
557.20337896555 5.699925825222746e-18
557.2654879963399 5.680515204968577e-18
557.3275970271297 5.564057273707849e-18
557.3897060579196 5.814141269842843e-18
557.4518150887095 5.896379566342865e-18
557.5139241194993 5.452072735199807e-18
557.5760331502892 5.6165617359090395e-18
557.638142181079 5.653517270545765e-18
557.7002512118689 5.6858947740823155e-18
557.7623602426588 5.731262735548705e-18
557.8244692734487 5.574788701384805e-18
557.8865783042386 5.7000966380192384e-18
557.9486873350285 5.527930160454595e-18
558.0107963658184 5.841836931112344e-18
558.0729053966082 5.954283863582802e-18
558.1350144273981 5.4937965524775945e-18
558.197123458188 5.680629355893109e-18
558.2592324889779 5.665945659249374e-18
558.3213415197677 5.68709170442868e-18
558.3834505505575 5.631845965677488e-18
558.4455595813474 5.541926470009299e-18
558.5076686121373 5.4791384984328485e-18
558.5697776429272 5.616845045268839e-18
558.6318866737171 5.4917145388757985e-18
558.693995704507 5.481303643686206e-18
558.7561047352968 5.508673809384667e-18
558.8182137660867 5.561421876276255e-18
558.8803227968766 5.580080589353613e-18
558.9424318276665 5.6410946721064435e-18
559.0045408584564 5.602263505430754e-18
559.0666498892463 5.479362250788544e-18
559.128758920036 5.532054069398478e-18
559.1908679508259 5.472284066286928e-18
559.2529769816158 5.446306045559394e-18
559.3150860124057 5.509328936429809e-18
559.3771950431956 5.598436967917084e-18
559.4393040739855 5.535095612510836e-18
559.5014131047753 5.494503378311021e-18
559.5635221355652 5.6114402471464174e-18
559.6256311663551 5.431343175458922e-18
559.687740197145 5.5018826565556066e-18
559.7498492279349 5.536416619949083e-18
559.8119582587246 5.383693849863111e-18
559.8740672895145 5.489620944745427e-18
559.9361763203044 5.526648030505138e-18
559.9982853510943 5.482216851082465e-18
560.0603943818842 5.519599210915267e-18
560.1225034126741 5.572299301331327e-18
560.184612443464 5.499856891235464e-18
560.2467214742538 5.432014846116315e-18
560.3088305050437 5.3778415470292985e-18
560.3709395358336 5.4828314462775915e-18
560.4330485666235 5.481139034744308e-18
560.4951575974134 5.4173468659042185e-18
560.5572666282033 5.338800276478021e-18
560.619375658993 5.518367952573482e-18
560.6814846897829 5.300519184909679e-18
560.7435937205728 5.19377276763063e-18
560.8057027513627 5.341469174724423e-18
560.8678117821526 5.335538703322724e-18
560.9299208129424 5.2833398843578716e-18
560.9920298437323 5.232160979088297e-18
561.0541388745222 5.319685373292839e-18
561.1162479053121 5.463550279789287e-18
561.178356936102 5.427285027373737e-18
561.2404659668919 5.3994338561490764e-18
561.3025749976817 5.435131662664415e-18
561.3646840284716 5.5103066639138466e-18
561.4267930592614 5.3810290875197716e-18
561.4889020900513 5.563410004878526e-18
561.5510111208412 5.4162264497645155e-18
561.613120151631 5.549055939708893e-18
561.6752291824209 5.544796373144551e-18
561.7373382132108 5.233589520006176e-18
561.7994472440007 5.363312946750417e-18
561.8615562747906 5.34232034357474e-18
561.9236653055805 5.303126458200446e-18
561.9857743363704 5.2601229925150395e-18
562.0478833671602 5.301027487396093e-18
562.1099923979501 5.445473488272859e-18
562.17210142874 5.255410958155631e-18
562.2342104595298 5.297341570586557e-18
562.2963194903197 5.371816363447462e-18
562.3584285211095 5.278990568697068e-18
562.4205375518994 5.3650065990546194e-18
562.4826465826893 5.4509423928927535e-18
562.5447556134792 5.283747270809554e-18
562.6068646442691 5.168865118615739e-18
562.668973675059 5.348116398126899e-18
562.7310827058488 5.2998946635472016e-18
562.7931917366387 5.366872304926233e-18
562.8553007674286 5.2658516318472755e-18
562.9174097982185 5.417230647028155e-18
562.9795188290084 5.362943197016606e-18
563.0416278597982 5.235903144179487e-18
563.103736890588 5.321077518263766e-18
563.1658459213779 5.249375021225832e-18
563.2279549521678 5.3012388320426e-18
563.2900639829577 5.363149992169744e-18
563.3521730137476 5.234601161895328e-18
563.4142820445375 5.13494905913984e-18
563.4763910753273 5.2075151327372795e-18
563.5385001061172 5.257734922086599e-18
563.6006091369071 5.2859049714373985e-18
563.662718167697 5.242764193770308e-18
563.7248271984869 5.1741991927957874e-18
563.7869362292768 5.27149713952795e-18
563.8490452600665 5.3023757917945544e-18
563.9111542908564 5.138432316699301e-18
563.9732633216463 5.183506215457928e-18
564.0353723524362 5.3101132392443754e-18
564.0974813832261 5.370700083210822e-18
564.159590414016 5.233116372695796e-18
564.2216994448058 5.170092241054462e-18
564.2838084755957 5.3245711155808835e-18
564.3459175063856 5.377281132164294e-18
564.4080265371755 5.2705843457219976e-18
564.4701355679654 5.2080027557083795e-18
564.5322445987553 5.1859811398506865e-18
564.5943536295451 5.176506613114504e-18
564.6564626603349 5.086784813612715e-18
564.7185716911248 5.063304051154478e-18
564.7806807219147 5.115872206262836e-18
564.8427897527046 5.036614241509842e-18
564.9048987834944 5.126933679004201e-18
564.9670078142843 5.250136440979687e-18
565.0291168450742 5.031179664885369e-18
565.0912258758641 5.066593748450602e-18
565.153334906654 5.0103314047265824e-18
565.2154439374439 5.040269552636714e-18
565.2775529682337 5.061001180329131e-18
565.3396619990235 5.0342212079977264e-18
565.4017710298134 5.00888549301584e-18
565.4638800606033 4.985459738068338e-18
565.5259890913932 5.064284260180354e-18
565.588098122183 5.026653332573479e-18
565.6502071529729 5.0834516893344324e-18
565.7123161837628 5.112732642247891e-18
565.7744252145527 5.009222155525149e-18
565.8365342453426 5.080814637541613e-18
565.8986432761325 5.068619100180438e-18
565.9607523069224 5.017550623522639e-18
566.0228613377122 5.012981691409202e-18
566.0849703685021 5.0106006520159684e-18
566.1470793992919 4.964845156432598e-18
566.2091884300818 4.9464325295874736e-18
566.2712974608717 5.1342707710375465e-18
566.3334064916615 4.9276923392197785e-18
566.3955155224514 4.980092990254094e-18
566.4576245532413 4.8720152257791405e-18
566.5197335840312 5.035052110923036e-18
566.5818426148211 4.980401528622576e-18
566.643951645611 4.876362473488413e-18
566.7060606764009 4.886584357908037e-18
566.7681697071907 4.820785448901894e-18
566.8302787379806 4.881679590465904e-18
566.8923877687705 4.960404437314107e-18
566.9544967995603 4.885812184806219e-18
567.0166058303502 4.972406828002251e-18
567.07871486114 4.962388430013315e-18
567.1408238919299 4.9257554958154856e-18
567.2029329227198 4.842694981786586e-18
567.2650419535097 5.011540329191829e-18
567.3271509842996 4.886961138677055e-18
567.3892600150895 4.849118866423673e-18
567.4513690458793 4.84455613816483e-18
567.5134780766692 4.822761996975589e-18
567.5755871074591 4.931170633695564e-18
567.637696138249 4.85958146040155e-18
567.6998051690389 4.7673797734233264e-18
567.7619141998287 4.798825457999836e-18
567.8240232306185 4.814989807940041e-18
567.8861322614084 4.7463036250057815e-18
567.9482412921983 4.7535877774799235e-18
568.0103503229882 4.6739894279048645e-18
568.0724593537781 4.830845619511764e-18
568.134568384568 4.8731923037908034e-18
568.1966774153578 4.745610861242768e-18
568.2587864461477 4.797578069636106e-18
568.3208954769376 4.6568006147760126e-18
568.3830045077275 4.845130201509942e-18
568.4451135385174 4.750237695999084e-18
568.5072225693073 4.756555701517764e-18
568.569331600097 4.712847477950462e-18
568.6314406308869 4.685547622604068e-18
568.6935496616768 4.66721647304928e-18
568.7556586924667 4.7524987942034974e-18
568.8177677232566 4.686572085792715e-18
568.8798767540464 4.6777795694715824e-18
568.9419857848363 4.762196246114763e-18
569.0040948156262 4.755874931873633e-18
569.0662038464161 4.702968873485047e-18
569.128312877206 4.759906610179216e-18
569.1904219079959 4.6916389806349084e-18
569.2525309387858 4.60357319671945e-18
569.3146399695756 4.647892293169123e-18
569.3767490003654 4.614869588754781e-18
569.4388580311553 4.5882016993963774e-18
569.5009670619452 4.609603756975268e-18
569.5630760927351 4.573920839710956e-18
569.625185123525 4.680171775803086e-18
569.6872941543148 4.756961847198527e-18
569.7494031851047 4.608870874952546e-18
569.8115122158946 4.699859915152767e-18
569.8736212466845 4.830697554182117e-18
569.9357302774744 4.731967757809625e-18
569.9978393082642 4.6491409223037715e-18
570.0599483390541 4.638907870945878e-18
570.122057369844 4.620977076807566e-18
570.1841664006338 4.59161919609714e-18
570.2462754314237 4.629723684604702e-18
570.3083844622136 4.631618755388061e-18
570.3704934930034 4.568588833482439e-18
570.4326025237933 4.4665854698357685e-18
570.4947115545832 4.4947633774023874e-18
570.5568205853731 4.59307875628799e-18
570.618929616163 4.606943544125298e-18
570.6810386469529 4.558919092121694e-18
570.7431476777427 4.6173581616276465e-18
570.8052567085326 4.5601524184150105e-18
570.8673657393224 4.5548067637063866e-18
570.9294747701123 4.615590890248927e-18
570.9915838009022 4.504836369311752e-18
571.053692831692 4.523356116046202e-18
571.1158018624819 4.6295003458393124e-18
571.1779108932718 4.586334339163539e-18
571.2400199240617 4.488989243136461e-18
571.3021289548516 4.489487619455524e-18
571.3642379856415 4.6066275611313024e-18
571.4263470164314 4.544348305631572e-18
571.4884560472212 4.5123666080181284e-18
571.5505650780111 4.4303065689401116e-18
571.612674108801 4.413018080547447e-18
571.6747831395908 4.46918778004286e-18
571.7368921703807 4.534255874977813e-18
571.7990012011705 4.502614148596128e-18
571.8611102319604 4.385520115444347e-18
571.9232192627503 4.426129720437025e-18
571.9853282935402 4.360063632093027e-18
572.0474373243301 4.3461984306654134e-18
572.10954635512 4.4396441972849164e-18
572.1716553859098 4.360270840836472e-18
572.2337644166997 4.3990052273804924e-18
572.2958734474896 4.4561406602410614e-18
572.3579824782795 4.5028077088594656e-18
572.4200915090694 4.400842395520973e-18
572.4822005398592 4.495394929800072e-18
572.544309570649 4.439049868014797e-18
572.6064186014389 4.370554763802037e-18
572.6685276322288 4.467509016989684e-18
572.7306366630187 4.556309337289089e-18
572.7927456938086 4.544785056995e-18
572.8548547245985 4.4793244648593914e-18
572.9169637553883 4.313980159396779e-18
572.9790727861782 4.4291278365672235e-18
573.0411818169681 4.428394127363889e-18
573.103290847758 4.495301044800547e-18
573.1653998785479 4.5357481088028586e-18
573.2275089093378 4.385168977274318e-18
573.2896179401275 4.463766438308188e-18
573.3517269709174 4.3869362486530375e-18
573.4138360017073 4.255591134317886e-18
573.4759450324972 4.328848317317114e-18
573.5380540632871 4.2926140841745346e-18
573.600163094077 4.495203851078572e-18
573.6622721248668 4.345744308509122e-18
573.7243811556567 4.439943223076354e-18
573.7864901864466 4.3980121970551225e-18
573.8485992172365 4.412939084798948e-18
573.9107082480264 4.2449899875874066e-18
573.9728172788163 4.258805144587961e-18
574.0349263096061 4.408571571164668e-18
574.0970353403959 4.2960166916242715e-18
574.1591443711858 4.35117061332747e-18
574.2212534019757 4.35638557349931e-18
574.2833624327656 4.3368620430915274e-18
574.3454714635554 4.320599672248735e-18
574.4075804943453 4.2893682274508765e-18
574.4696895251352 4.4002199421100266e-18
574.5317985559251 4.271852677980066e-18
574.593907586715 4.323037373513929e-18
574.6560166175049 4.342823533766197e-18
574.7181256482947 4.289210235953879e-18
574.7802346790846 4.287009108343875e-18
574.8423437098745 4.2894414329350874e-18
574.9044527406643 4.325087127071835e-18
574.9665617714542 4.235596110960948e-18
575.028670802244 4.278992901027624e-18
575.0907798330339 4.293098398423184e-18
575.1528888638238 4.311369990973868e-18
575.2149978946137 4.2652960308546646e-18
575.2771069254036 4.185762614957691e-18
575.3392159561935 4.31502199337829e-18
575.4013249869834 4.248414928913682e-18
575.4634340177732 4.261379744244532e-18
575.5255430485631 4.294391695310911e-18
575.587652079353 4.3441627391779204e-18
575.6497611101428 4.294852848502409e-18
575.7118701409327 4.175408795230365e-18
575.7739791717225 4.272652148042099e-18
575.8360882025124 4.164743542002412e-18
575.8981972333023 4.24147405639375e-18
575.9603062640922 4.302184150271467e-18
576.0224152948821 4.267450836350365e-18
576.084524325672 4.2738693443134704e-18
576.1466333564618 4.22508140460448e-18
576.2087423872517 4.17988342875397e-18
576.2708514180416 4.1429572590289906e-18
576.3329604488315 4.189006817320124e-18
576.3950694796213 4.2039370137864e-18
576.4571785104112 4.263140811768658e-18
576.519287541201 4.3250250885258936e-18
576.5813965719909 4.179633206618673e-18
576.6435056027808 4.125525254800048e-18
576.7056146335707 4.240700642521013e-18
576.7677236643606 4.313478887945572e-18
576.8298326951505 4.2505883459731654e-18
576.8919417259403 4.145133984810924e-18
576.9540507567302 4.186567461693705e-18
577.0161597875201 4.284655779501162e-18
577.07826881831 4.2320280673887006e-18
577.1403778490999 4.118167896841695e-18
577.2024868798896 4.1727700890763205e-18
577.2645959106795 4.27647082733995e-18
577.3267049414694 4.222297941843239e-18
577.3888139722593 4.106995995488554e-18
577.4509230030492 4.109695499417621e-18
577.5130320338391 4.1035685726204405e-18
577.575141064629 4.183121427261809e-18
577.6372500954188 4.2452203573880026e-18
577.6993591262087 4.204372110788603e-18
577.7614681569986 4.11172829577297e-18
577.8235771877885 4.161797538250805e-18
577.8856862185784 4.1875973015563336e-18
577.9477952493683 4.183665298514563e-18
578.009904280158 4.30656572597616e-18
578.0720133109479 4.2325260301174575e-18
578.1341223417378 4.223700840162129e-18
578.1962313725277 4.140729248049079e-18
578.2583404033176 4.043723296073148e-18
578.3204494341074 4.220900420198331e-18
578.3825584648973 4.214762326462881e-18
578.4446674956872 4.161692899903317e-18
578.5067765264771 4.238213724009372e-18
578.568885557267 4.259062811348771e-18
578.6309945880569 4.1560763435440816e-18
578.6931036188467 4.208486920745748e-18
578.7552126496366 4.193450431570759e-18
578.8173216804264 4.086629981626886e-18
578.8794307112163 4.139930605167659e-18
578.9415397420062 4.192540946487257e-18
579.003648772796 4.004546367901411e-18
579.0657578035859 4.133901699273066e-18
579.1278668343758 4.108759130964211e-18
579.1899758651657 4.1177824306762455e-18
579.2520848959556 4.089804287227558e-18
579.3141939267455 4.278883713186767e-18
579.3763029575354 4.211712511544398e-18
579.4384119883252 4.193138584479826e-18
579.5005210191151 4.106517471504192e-18
579.562630049905 4.174579133075974e-18
579.6247390806948 4.236668550625123e-18
579.6868481114847 4.264501110286001e-18
579.7489571422745 4.241623776084622e-18
579.8110661730644 4.13021578246353e-18
579.8731752038543 4.15121583026472e-18
579.9352842346442 4.2259793091594066e-18
579.9973932654341 4.116264967842517e-18
580.059502296224 4.077208394449907e-18
580.1216113270139 4.285387834343271e-18
580.1837203578037 4.202517571855259e-18
580.2458293885936 4.073588652089375e-18
580.3079384193835 4.145291562717615e-18
580.3700474501734 4.055923796517999e-18
580.4321564809632 4.168008010289853e-18
580.494265511753 4.1489758251659264e-18
580.5563745425429 4.128090341879575e-18
580.6184835733328 4.197731918421333e-18
580.6805926041227 4.154171346593372e-18
580.7427016349126 4.164161206851175e-18
580.8048106657025 4.164749745857006e-18
580.8669196964923 3.998812351895194e-18
580.9290287272822 4.12465754233748e-18
580.9911377580721 4.09774604828868e-18
581.053246788862 4.07743131962499e-18
581.1153558196519 4.0737900705685315e-18
581.1774648504417 4.074728920563779e-18
581.2395738812315 4.1178213081650355e-18
581.3016829120214 4.2140641860258865e-18
581.3637919428113 4.077989666538463e-18
581.4259009736012 4.148749177678087e-18
581.4880100043911 4.144990882564952e-18
581.550119035181 4.102449397251656e-18
581.6122280659708 4.076906059936019e-18
581.6743370967607 4.098482239033852e-18
581.7364461275506 4.190231871807315e-18
581.7985551583405 4.126433499112631e-18
581.8606641891304 4.1628397858226214e-18
581.9227732199201 4.087489835873635e-18
581.98488225071 4.0621144162223455e-18
582.0469912814999 4.126112966625267e-18
582.1091003122898 4.093324767914584e-18
582.1712093430797 4.064202633678736e-18
582.2333183738696 4.038417759624233e-18
582.2954274046594 3.945096897277225e-18
582.3575364354493 3.9662379793728555e-18
582.4196454662392 4.012395484733927e-18
582.4817544970291 4.069026751011145e-18
582.543863527819 4.2156796697622026e-18
582.6059725586089 4.2252087904188135e-18
582.6680815893988 4.109090416799538e-18
582.7301906201885 4.099553437927108e-18
582.7922996509784 4.064223726784356e-18
582.8544086817683 4.035443631731798e-18
582.9165177125582 4.1386240733901316e-18
582.9786267433481 4.058829268419591e-18
583.0407357741379 4.0223803819080546e-18
583.1028448049278 4.023663339038124e-18
583.1649538357177 4.02997183197976e-18
583.2270628665076 4.0431111824198586e-18
583.2891718972975 4.04167147456371e-18
583.3512809280874 4.058851188705824e-18
583.4133899588772 4.065185324246449e-18
583.4754989896671 4.03608883260959e-18
583.5376080204569 4.057826725517177e-18
583.5997170512468 4.096684361972468e-18
583.6618260820367 4.179625348402854e-18
583.7239351128266 4.081369112931049e-18
583.7860441436164 4.226793668472465e-18
583.8481531744063 4.07614174505002e-18
583.9102622051962 4.098282888506227e-18
583.9723712359861 4.177313378590768e-18
584.034480266776 4.032707318265473e-18
584.0965892975659 3.987347628605209e-18
584.1586983283557 4.1041128574635004e-18
584.2208073591456 4.185542998505058e-18
584.2829163899355 4.164801031054985e-18
584.3450254207253 3.97658311370375e-18
584.4071344515152 4.172352362866981e-18
584.469243482305 4.100793381665325e-18
584.5313525130949 3.987826566179877e-18
584.5934615438848 4.1375305406203365e-18
584.6555705746747 4.02268519796378e-18
584.7176796054646 4.179441300716561e-18
584.7797886362545 4.1040561955915405e-18
584.8418976670443 4.083951157213133e-18
584.9040066978342 4.086098104493014e-18
584.9661157286241 4.052092709510959e-18
585.028224759414 4.2541721059770514e-18
585.0903337902039 4.0987059913895475e-18
585.1524428209937 4.078902873934722e-18
585.2145518517835 4.19655153168722e-18
585.2766608825734 4.211348138484569e-18
585.3387699133633 4.067723527956068e-18
585.4008789441532 4.029282376939197e-18
585.4629879749431 4.0941916531965394e-18
585.525097005733 3.882325469313026e-18
585.5872060365228 3.938571269424794e-18
585.6493150673127 4.25154084444852e-18
585.7114240981026 4.02544880839032e-18
585.7735331288925 4.1965701432510025e-18
585.8356421596824 4.092560453028585e-18
585.8977511904723 4.004417741316159e-18
585.959860221262 4.1619948208268985e-18
586.0219692520519 4.006319843134725e-18
586.0840782828418 4.101225169945078e-18
586.1461873136317 4.113280086602119e-18
586.2082963444216 3.933443576807578e-18
586.2704053752115 3.934459354599793e-18
586.3325144060013 4.033438959517276e-18
586.3946234367912 4.04724749907293e-18
586.4567324675811 4.140518730583184e-18
586.518841498371 3.989964000882714e-18
586.5809505291609 4.05169607640724e-18
586.6430595599506 4.002854369958434e-18
586.7051685907406 3.936316788665281e-18
586.7672776215304 4.1123962441176064e-18
586.8293866523203 4.018578659812761e-18
586.8914956831102 3.944825582036308e-18
586.9536047139001 4.060704486868249e-18
587.01571374469 4.142303786345074e-18
587.0778227754798 4.033998547201668e-18
587.1399318062697 3.938121696761872e-18
587.2020408370596 3.979203208294012e-18
587.2641498678495 4.0597151788556355e-18
587.3262588986394 3.997013647653197e-18
587.3883679294293 4.052463286425383e-18
587.450476960219 3.948389903295799e-18
587.512585991009 4.00567174712479e-18
587.5746950217988 4.050130223507677e-18
587.6368040525887 3.9623043219698596e-18
587.6989130833786 4.0762265310628065e-18
587.7610221141684 3.963341606458001e-18
587.8231311449583 3.952034874665014e-18
587.8852401757482 4.049396927894649e-18
587.9473492065381 4.047866643761426e-18
588.009458237328 3.9874204204991134e-18
588.0715672681179 3.875637300470229e-18
588.1336762989077 3.876957480727863e-18
588.1957853296976 4.012948454973419e-18
588.2578943604874 4.1524251683202725e-18
588.3200033912773 3.9522888191130675e-18
588.3821124220672 3.874353929749853e-18
588.444221452857 3.990870177243766e-18
588.5063304836469 4.048654946885189e-18
588.5684395144368 4.065013684269344e-18
588.6305485452267 4.0796845596135844e-18
588.6926575760166 3.91091159051194e-18
588.7547666068065 3.857964173092727e-18
588.8168756375964 3.8106684672087825e-18
588.8789846683862 3.823613430204931e-18
588.9410936991761 3.9872591202796656e-18
589.003202729966 3.848376322612625e-18
589.0653117607558 3.862281228709641e-18
589.1274207915457 3.8109319242338806e-18
589.1895298223355 3.857775989503371e-18
589.2516388531254 3.885613098657618e-18
589.3137478839153 3.901549560339065e-18
589.3758569147052 3.882373445788554e-18
589.4379659454951 3.8611599853893256e-18
589.500074976285 3.8622890869254604e-18
589.5621840070748 3.802894623812009e-18
589.6242930378647 3.85791495584628e-18
589.6864020686546 3.8458360509514744e-18
589.7485110994445 3.924713926213e-18
589.8106201302344 3.795493838871497e-18
589.8727291610242 3.8151513725385136e-18
589.934838191814 3.86948018158069e-18
589.9969472226039 3.861052451909694e-18
590.0590562533938 3.93907047292447e-18
590.1211652841837 3.800513584418775e-18
590.1832743149736 3.8585886944552045e-18
590.2453833457635 3.840934178641485e-18
590.3074923765533 3.881318790507549e-18
590.3696014073432 3.856546799113117e-18
590.4317104381331 3.831780184392667e-18
590.493819468923 3.862939250886927e-18
590.5559284997129 3.9327636343440596e-18
590.6180375305028 3.867403958243182e-18
590.6801465612925 3.859913010615902e-18
590.7422555920824 3.858453450425052e-18
590.8043646228723 3.8533968953405154e-18
590.8664736536622 3.891039817066272e-18
590.9285826844521 3.799047820373331e-18
590.990691715242 3.900447342172838e-18
591.0528007460318 3.839987470430418e-18
591.1149097768217 3.8236423815263704e-18
591.1770188076116 3.825185486959088e-18
591.2391278384015 3.9060986401178e-18
591.3012368691914 3.772760020506396e-18
591.3633458999813 3.809897534877883e-18
591.4254549307711 3.7646106371115236e-18
591.4875639615609 3.781138119340639e-18
591.5496729923508 3.843764790697642e-18
591.6117820231407 3.771983711501515e-18
591.6738910539306 3.816532764161477e-18
591.7360000847204 3.857047243383712e-18
591.7981091155103 3.796824772477095e-18
591.8602181463002 3.799529239489837e-18
591.9223271770901 3.821061578015205e-18
591.98443620788 3.744298803579978e-18
592.0465452386699 3.818112265541147e-18
592.1086542694597 3.917390069069455e-18
592.1707633002495 3.81439532945864e-18
592.2328723310395 3.822548848756575e-18
592.2949813618293 3.84822246701869e-18
592.3570903926192 3.909022309992869e-18
592.419199423409 3.887230236755159e-18
592.4813084541989 3.786830776316229e-18
592.5434174849888 3.745597890731992e-18
592.6055265157787 3.787292343098034e-18
592.6676355465686 3.8292349496478414e-18
592.7297445773585 3.815236985731913e-18
592.7918536081484 3.804106029819093e-18
592.8539626389382 3.802158019476531e-18
592.9160716697281 3.794002018636758e-18
592.9781807005179 3.742179566850617e-18
593.0402897313079 3.741180332670653e-18
593.1023987620977 3.771934080664762e-18
593.1645077928875 3.807636436673469e-18
593.2266168236774 3.876245278220455e-18
593.2887258544673 3.897450053223252e-18
593.3508348852572 3.849447521505881e-18
593.4129439160471 3.78360725346911e-18
593.475052946837 3.709864101860008e-18
593.5371619776269 3.696688769063263e-18
593.5992710084167 3.787150481622981e-18
593.6613800392066 3.820763792994686e-18
593.7234890699965 3.8194229332217374e-18
593.7855981007863 3.800731546510183e-18
593.8477071315762 3.721647703276132e-18
593.909816162366 3.70569180285029e-18
593.9719251931559 3.685458965067243e-18
594.0340342239458 3.754410259387826e-18
594.0961432547357 3.8875520100134425e-18
594.1582522855256 3.772553225353258e-18
594.2203613163155 3.62444074641135e-18
594.2824703471053 3.649031998841939e-18
594.3445793778952 3.744618922477036e-18
594.4066884086851 3.7553400103963355e-18
594.468797439475 3.6342846092910376e-18
594.5309064702649 3.599289906296369e-18
594.5930155010547 3.66164567600276e-18
594.6551245318445 3.676830230507396e-18
594.7172335626344 3.661351613294998e-18
594.7793425934243 3.722239137414107e-18
594.8414516242142 3.806992890156903e-18
594.9035606550041 3.795900811732873e-18
594.965669685794 3.774070688186986e-18
595.0277787165838 3.635592381839484e-18
595.0898877473737 3.565719194726211e-18
595.1519967781636 3.676663553613967e-18
595.2141058089535 3.751617697639847e-18
595.2762148397434 3.664613600040601e-18
595.3383238705333 3.7503785810822425e-18
595.400432901323 3.8519762126384556e-18
595.4625419321129 3.790111374625615e-18
595.5246509629028 3.642948499026918e-18
595.5867599936927 3.645989214958663e-18
595.6488690244826 3.6751613936215706e-18
595.7109780552724 3.681186990793713e-18
595.7730870860623 3.669361203166349e-18
595.8351961168522 3.641676708835118e-18
595.8973051476421 3.6883909067484374e-18
595.959414178432 3.6465942975767455e-18
596.0215232092219 3.625810557505738e-18
596.0836322400118 3.661512086333833e-18
596.1457412708016 3.682671779993246e-18
596.2078503015914 3.7138498716415945e-18
596.2699593323813 3.760225339094074e-18
596.3320683631712 3.706148820138726e-18
596.3941773939611 3.62587921349658e-18
596.4562864247509 3.584806387360872e-18
596.5183954555408 3.62541599235355e-18
596.5805044863307 3.7514601197331556e-18
596.6426135171206 3.756127899929792e-18
596.7047225479105 3.697390218222708e-18
596.7668315787004 3.624420480486343e-18
596.8289406094902 3.514859994763388e-18
596.89104964028 3.5863221958333754e-18
596.95315867107 3.597360507517589e-18
597.0152677018598 3.519063313046076e-18
597.0773767326497 3.588958834035888e-18
597.1394857634396 3.5926493003387935e-18
597.2015947942294 3.501464631923704e-18
597.2637038250193 3.500362413757477e-18
597.3258128558092 3.607972407596032e-18
597.3879218865991 3.663446448196288e-18
597.450030917389 3.606173289763729e-18
597.5121399481789 3.55311544373274e-18
597.5742489789687 3.593024426746586e-18
597.6363580097586 3.659561180859127e-18
597.6984670405484 3.630091630766006e-18
597.7605760713384 3.5749108256929e-18
597.8226851021282 3.5321054697642e-18
597.884794132918 3.473259840987177e-18
597.9469031637079 3.491094682174433e-18
598.0090121944978 3.5844064455347026e-18
598.0711212252877 3.6416105343861135e-18
598.1332302560776 3.6252637911208406e-18
598.1953392868675 3.677619360811772e-18
598.2574483176573 3.5800058446759205e-18
598.3195573484472 3.404471914837574e-18
598.3816663792371 3.421817892282811e-18
598.443775410027 3.53513336439645e-18
598.5058844408168 3.557451524503743e-18
598.5679934716067 3.47324619250707e-18
598.6301025023965 3.509496555671594e-18
598.6922115331864 3.4725075202200604e-18
598.7543205639763 3.47998854167999e-18
598.8164295947662 3.4975520676263284e-18
598.8785386255561 3.456130378067276e-18
598.940647656346 3.46237352374052e-18
599.0027566871358 3.585820510791862e-18
599.0648657179257 3.5739467466889696e-18
599.1269747487156 3.5514747309877415e-18
599.1890837795055 3.549936175048393e-18
599.2511928102954 3.6114238187019096e-18
599.3133018410851 3.60847243827632e-18
599.375410871875 3.44137347593933e-18
599.4375199026649 3.4784053179875635e-18
599.4996289334548 3.537837417818886e-18
599.5617379642447 3.5999934234073456e-18
599.6238469950346 3.579221263864914e-18
599.6859560258245 3.5604206893125024e-18
599.7480650566143 3.63196064536007e-18
599.8101740874042 3.590540816957396e-18
599.8722831181941 3.539019458914224e-18
599.934392148984 3.5372100013242645e-18
599.9965011797739 3.586818090610601e-18
600.0586102105638 3.5754691726063734e-18
600.1207192413535 3.4632025655094514e-18
600.1828282721434 3.53854672519415e-18
600.2449373029333 3.603532515658154e-18
600.3070463337232 3.490626084357422e-18
600.3691553645131 3.55094285385387e-18
600.431264395303 3.5742366734936694e-18
600.4933734260928 3.522521341596854e-18
600.5554824568827 3.5262970075028524e-18
600.6175914876726 3.49931024001831e-18
600.6797005184625 3.5091694057393294e-18
600.7418095492524 3.555017959141612e-18
600.8039185800423 3.528204899585706e-18
600.8660276108321 3.494393478457295e-18
600.9281366416219 3.47681506325993e-18
600.9902456724118 3.536707902692445e-18
601.0523547032017 3.5631371504441266e-18
601.1144637339916 3.491803162369085e-18
601.1765727647814 3.496257529967683e-18
601.2386817955713 3.529199997862607e-18
601.3007908263612 3.517340295830128e-18
601.3628998571511 3.523911832206556e-18
601.425008887941 3.521558503363842e-18
601.4871179187309 3.51793876100331e-18
601.5492269495207 3.50502729882197e-18
601.6113359803106 3.4976538108416724e-18
601.6734450111005 3.493211850952263e-18
601.7355540418903 3.495828223229768e-18
601.7976630726802 3.4651826291007502e-18
601.85977210347 3.4674592369416493e-18
601.9218811342599 3.5472135100621745e-18
601.9839901650498 3.516934150149365e-18
602.0460991958397 3.475365015646125e-18
602.1082082266296 3.479521598224204e-18
602.1703172574195 3.4332927485352996e-18
602.2324262882094 3.484019806395267e-18
602.2945353189992 3.488788916216942e-18
602.3566443497891 3.4436267159279246e-18
602.4187533805789 3.571820065334096e-18
602.4808624113689 3.55100944189318e-18
602.5429714421587 3.4325658635720186e-18
602.6050804729485 3.4250223899758413e-18
602.6671895037384 3.513116298032126e-18
602.7292985345283 3.594906676230451e-18
602.7914075653182 3.615470799848825e-18
602.8535165961081 3.504569867943228e-18
602.915625626898 3.4122043992037196e-18
602.9777346576878 3.4398539451540702e-18
603.0398436884777 3.4530673282589923e-18
603.1019527192676 3.5151180751145045e-18
603.1640617500575 3.624665739537965e-18
603.2261707808473 3.563111921435444e-18
603.2882798116373 3.48374849115435e-18
603.350388842427 3.4655089518524024e-18
603.4124978732169 3.4580769408437665e-18
603.4746069040068 3.4349322205093797e-18
603.5367159347967 3.523728611700875e-18
603.5988249655866 3.5408893006889e-18
603.6609339963765 3.496719510339794e-18
603.7230430271663 3.4419707003415934e-18
603.7851520579562 3.4156849684261896e-18
603.8472610887461 3.4561789749282636e-18
603.909370119536 3.4949332138069855e-18
603.9714791503259 3.520743730460478e-18
604.0335881811156 3.522829052784724e-18
604.0956972119055 3.46022533568972e-18
604.1578062426954 3.451128416903168e-18
604.2199152734853 3.495915490784392e-18
604.2820243042752 3.483425477125148e-18
604.3441333350651 3.47168447551057e-18
604.406242365855 3.472073663988776e-18
604.4683513966448 3.496551179085139e-18
604.5304604274347 3.472959988015127e-18
604.5925694582246 3.444820957937298e-18
604.6546784890145 3.4375552102317853e-18
604.7167875198044 3.3799923317896796e-18
604.7788965505943 3.3909725340358616e-18
604.841005581384 3.447532869575553e-18
604.9031146121739 3.4347378330654297e-18
604.9652236429638 3.3766927083262055e-18
605.0273326737537 3.419085507924395e-18
605.0894417045436 3.3615346236011713e-18
605.1515507353334 3.356305187768611e-18
605.2136597661233 3.3756535626816858e-18
605.2757687969132 3.3048537264872e-18
605.3378778277031 3.2775036199185937e-18
605.399986858493 3.2652309479652976e-18
605.4620958892829 3.319865813834119e-18
605.5242049200727 3.404080038022377e-18
605.5863139508626 3.405575787365026e-18
605.6484229816524 3.3503068875566828e-18
605.7105320124423 3.3413528642209494e-18
605.7726410432322 3.403064673820468e-18
605.834750074022 3.471792422580508e-18
605.8968591048119 3.461389385606735e-18
605.9589681356018 3.3970734046437464e-18
606.0210771663917 3.37482948399643e-18
606.0831861971816 3.4202996022684698e-18
606.1452952279715 3.450595712588684e-18
606.2074042587614 3.414273384710868e-18
606.2695132895512 3.3855758009244125e-18
606.3316223203411 3.411856362960988e-18
606.393731351131 3.387247532942382e-18
606.4558403819208 3.3254623110634995e-18
606.5179494127107 3.33538413571592e-18
606.5800584435005 3.3787161988996634e-18
606.6421674742904 3.3957358535932482e-18
606.7042765050803 3.387883014447976e-18
606.7663855358702 3.4099759746335017e-18
606.8284945666601 3.433929057221506e-18
606.89060359745 3.446024919318869e-18
606.9527126282399 3.426089866556341e-18
607.0148216590297 3.3726678542606756e-18
607.0769306898196 3.3007883405716552e-18
607.1390397206095 3.3233476238275076e-18
607.2011487513994 3.3547101767524557e-18
607.2632577821892 3.3302953205874937e-18
607.325366812979 3.3868953607965877e-18
607.3874758437689 3.433789884083444e-18
607.4495848745588 3.541596540112633e-18
607.5116939053487 3.75562497411736e-18
607.5738029361386 3.939314491205173e-18
607.6359119669285 4.06448759739976e-18
607.6980209977183 4.081491949252013e-18
607.7601300285082 4.038973624995868e-18
607.8222390592981 4.0247974036579345e-18
607.884348090088 3.9356174074573675e-18
607.9464571208778 3.901332839018576e-18
608.0085661516678 3.789811108063258e-18
608.0706751824575 3.6410989231772495e-18
608.1327842132474 3.5218459486267046e-18
608.1948932440373 3.39976939305521e-18
608.2570022748272 3.334742450355732e-18
608.3191113056171 3.284496398021964e-18
608.381220336407 3.2600664458108228e-18
608.4433293671968 3.282860441565487e-18
608.5054383979867 3.3372740366204504e-18
608.5675474287766 3.285056192501509e-18
608.6296564595665 3.313308546323258e-18
608.6917654903564 3.3626089244217245e-18
608.7538745211461 3.2792111274980563e-18
608.8159835519361 3.2508011957696163e-18
608.8780925827259 3.2838141808117608e-18
608.9402016135158 3.261480511067982e-18
609.0023106443057 3.2339492519452266e-18
609.0644196750956 3.25626741205252e-18
609.1265287058854 3.2942319002414068e-18
609.1886377366753 3.2846049654773615e-18
609.2507467674652 3.230476540938576e-18
609.3128557982551 3.2564700713025954e-18
609.374964829045 3.2451794695315528e-18
609.4370738598349 3.1721303224563824e-18
609.4991828906248 3.2204759273328098e-18
609.5612919214145 3.2074327366389205e-18
609.6234009522044 3.213188879726524e-18
609.6855099829943 3.2399396939413357e-18
609.7476190137842 3.2169337331547046e-18
609.8097280445741 3.206117519464961e-18
609.8718370753639 3.1725627311215945e-18
609.9339461061538 3.1916046356177183e-18
609.9960551369437 3.23409773086518e-18
610.0581641677336 3.2192967813696154e-18
610.1202731985235 3.2381928952827768e-18
610.1823822293134 3.280123300918549e-18
610.2444912601032 3.234103727924621e-18
610.3066002908931 3.2103135999172896e-18
610.3687093216829 3.220935426163083e-18
610.4308183524728 3.226270534318897e-18
610.4929273832627 3.230912258326238e-18
610.5550364140526 3.1897939372568397e-18
610.6171454448424 3.2079499313169193e-18
610.6792544756323 3.2730848210863355e-18
610.7413635064222 3.283446499029481e-18
610.8034725372121 3.274485651453694e-18
610.865581568002 3.229789981030157e-18
610.9276905987919 3.1423135633011428e-18
610.9897996295817 3.1438432270489065e-18
611.0519086603716 3.2207013340497305e-18
611.1140176911615 3.1859779462959795e-18
611.1761267219513 3.1761659298698755e-18
611.2382357527412 3.24067340314467e-18
611.300344783531 3.2557824774184107e-18
611.3624538143209 3.1960650002757574e-18
611.4245628451108 3.185652657520093e-18
611.4866718759007 3.2717040498488313e-18
611.5487809066906 3.2321302817782225e-18
611.6108899374805 3.1662579604927153e-18
611.6729989682703 3.2588947444731414e-18
611.7351079990602 3.2624696122854425e-18
611.7972170298501 3.1762840099023174e-18
611.85932606064 3.136627110180147e-18
611.9214350914299 3.099723067536553e-18
611.9835441222197 3.140614534322959e-18
612.0456531530095 3.1462095839862676e-18
612.1077621837994 3.132247395631832e-18
612.1698712145893 3.1430561646960623e-18
612.2319802453792 3.1202627893268573e-18
612.2940892761691 3.1050083380604607e-18
612.356198306959 3.13485342815168e-18
612.4183073377488 3.2013626785088532e-18
612.4804163685387 3.1715206903449308e-18
612.5425253993286 3.2721319090206744e-18
612.6046344301185 3.218946056789893e-18
612.6667434609084 3.0708728689270817e-18
612.7288524916983 3.073106670171281e-18
612.790961522488 3.090378821746848e-18
612.8530705532779 3.0808399817180394e-18
612.9151795840678 3.0850670814433386e-18
612.9772886148577 3.0739040722817823e-18
613.0393976456476 3.106911680649945e-18
613.1015066764375 3.1785442809261186e-18
613.1636157072273 3.085806374115808e-18
613.2257247380172 3.147668730586811e-18
613.2878337688071 3.1545781702434665e-18
613.349942799597 3.117748160264696e-18
613.4120518303869 3.1578775869117874e-18
613.4741608611766 3.234615545928638e-18
613.5362698919666 3.184453038836738e-18
613.5983789227564 3.1257137027684286e-18
613.6604879535463 3.1583805127242197e-18
613.7225969843362 3.1594256554281804e-18
613.7847060151261 3.1042942743966743e-18
613.846815045916 3.134999839120102e-18
613.9089240767058 3.208297967559651e-18
613.9710331074957 3.1702462118161397e-18
614.0331421382856 3.1456355206411558e-18
614.0952511690755 3.14468757165917e-18
614.1573601998654 3.1046071554633725e-18
614.2194692306552 3.1365022059076515e-18
614.281578261445 3.128816250450962e-18
614.343687292235 3.107155078545189e-18
614.4057963230248 3.1366401382747947e-18
614.4679053538147 3.1429995028241024e-18
614.5300143846046 3.190165341351876e-18
614.5921234153944 3.2067145370720713e-18
614.6542324461843 3.1635419129513974e-18
614.7163414769742 3.127193735679439e-18
614.7784505077641 3.0708782456010633e-18
614.840559538554 3.108178300962917e-18
614.9026685693439 3.1619491766819266e-18
614.9647776001337 3.12660271513177e-18
615.0268866309236 3.093497706246479e-18
615.0889956617134 3.095566071368168e-18
615.1511046925033 3.0865957112153366e-18
615.2132137232932 3.1093185694373214e-18
615.275322754083 3.0959451268838703e-18
615.3374317848729 3.109910623960756e-18
615.3995408156628 3.103263193763127e-18
615.4616498464527 3.0536968770977244e-18
615.5237588772426 3.0337004061747144e-18
615.5858679080325 3.116653179928829e-18
615.6479769388224 3.211134163084942e-18
615.7100859696122 3.1350554670162963e-18
615.7721950004021 3.092686862451024e-18
615.834304031192 3.1434637579428978e-18
615.8964130619818 3.192052967509722e-18
615.9585220927717 3.1622903886846047e-18
616.0206311235615 3.0674280752661047e-18
616.0827401543514 3.0945424353601335e-18
616.1448491851413 3.1779433342110988e-18
616.2069582159312 3.1456400701345248e-18
616.2690672467211 3.0552718289840254e-18
616.331176277511 3.056396174231638e-18
616.3932853083008 3.1026403267618745e-18
616.4553943390907 3.070423296264159e-18
616.5175033698806 3.0770020704709465e-18
616.5796124006705 3.094847044620706e-18
616.6417214314604 3.055078268720688e-18
616.7038304622502 3.0625379902798443e-18
616.76593949304 3.0638250833129768e-18
616.8280485238299 3.1147136481875453e-18
616.8901575546198 3.1028870333795684e-18
616.9522665854097 3.0405064482548007e-18
617.0143756161996 3.045398187602286e-18
617.0764846469895 3.0942806326962605e-18
617.1385936777793 3.0669981481427302e-18
617.2007027085692 3.0756124070418574e-18
617.2628117393591 3.0891295722267396e-18
617.324920770149 3.027573479377534e-18
617.3870298009389 2.9998345979210277e-18
617.4491388317288 3.0298029379235176e-18
617.5112478625185 3.02327027903588e-18
617.5733568933084 3.0266081596026847e-18
617.6354659240983 3.041524293998547e-18
617.6975749548882 3.0347412061804592e-18
617.7596839856781 3.068077618842112e-18
617.821793016468 3.067238857700983e-18
617.8839020472578 3.0536402152257645e-18
617.9460110780477 3.0898471514081294e-18
618.0081201088376 3.108132185643767e-18
618.0702291396275 3.016353808344018e-18
618.1323381704174 3.0102355669432695e-18
618.1944472012073 3.126303482545179e-18
618.2565562319971 3.1411176669305443e-18
618.3186652627869 3.041944088159418e-18
618.3807742935768 3.0008694008673316e-18
618.4428833243667 3.07209378751121e-18
618.5049923551566 3.061329065814598e-18
618.5671013859464 3.0176644760246082e-18
618.6292104167363 3.0030665993694255e-18
618.6913194475262 2.992646398397942e-18
618.7534284783161 3.010770546004438e-18
618.815537509106 3.0591099470262714e-18
618.8776465398959 3.0960408730397733e-18
618.9397555706857 3.0244897500539364e-18
619.0018646014755 2.965244593041051e-18
619.0639736322655 3.0540811024922553e-18
619.1260826630553 2.9998984976233474e-18
619.1881916938452 2.925239863871302e-18
619.250300724635 2.996874945689313e-18
619.3124097554249 3.0367388473597748e-18
619.3745187862148 3.001056964071228e-18
619.4366278170047 3.066444143927473e-18
619.4987368477946 3.0894476231722663e-18
619.5608458785845 2.980002942735069e-18
619.6229549093744 2.986674154375309e-18
619.6850639401642 3.0171115057851165e-18
619.7471729709541 3.0359921100617925e-18
619.8092820017439 3.0715069028666036e-18
619.8713910325339 3.1013931451932977e-18
619.9335000633237 3.026710316408335e-18
619.9956090941135 2.9747447623762224e-18
620.0577181249034 3.0161050337747926e-18
620.1198271556933 3.0226563042262126e-18
620.1819361864832 2.963038295552219e-18
620.2440452172731 3.020449179556768e-18
620.306154248063 3.06501270787745e-18
620.3682632788529 3.032725987413127e-18
620.4303723096427 2.9991101944995844e-18
620.4924813404326 2.9848768976993845e-18
620.5545903712225 3.0060341098169595e-18
620.6166994020123 3.027423966481815e-18
620.6788084328022 3.0050826453173704e-18
620.740917463592 2.9785489660133538e-18
620.8030264943819 2.9653306198247564e-18
620.8651355251718 2.9667130454234857e-18
620.9272445559617 2.9895492273893902e-18
620.9893535867516 2.9831805570581913e-18
621.0514626175415 2.993375144517601e-18
621.1135716483313 3.0415505569829957e-18
621.1756806791212 2.9776256256545915e-18
621.2377897099111 2.9797866350048863e-18
621.299898740701 3.0689910330335236e-18
621.3620077714909 3.092438708267258e-18
621.4241168022807 3.0674694342967323e-18
621.4862258330705 3.070583148917535e-18
621.5483348638604 3.090319471537897e-18
621.6104438946503 3.0693810486923424e-18
621.6725529254402 3.0263864751985205e-18
621.7346619562301 3.009198489250281e-18
621.79677098702 3.0207442762402963e-18
621.8588800178098 2.9907385063150884e-18
621.9209890485997 2.92917496884037e-18
621.9830980793896 2.95171564053244e-18
622.0452071101795 2.9455932632286286e-18
622.1073161409694 2.9880346596878056e-18
622.1694251717593 2.9905813419987033e-18
622.231534202549 2.954666814162876e-18
622.2936432333389 2.9438656965193116e-18
622.3557522641288 2.9096847324522423e-18
622.4178612949187 2.9344616869303494e-18
622.4799703257086 2.963176021124209e-18
622.5420793564984 3.0210242768776455e-18
622.6041883872883 3.0150425202779683e-18
622.6662974180782 2.9627802152011023e-18
622.7284064488681 2.931707175490548e-18
622.790515479658 2.923480657503555e-18
622.8526245104479 2.97984619200899e-18
622.9147335412378 2.9977325251893773e-18
622.9768425720276 2.9738623674577815e-18
623.0389516028174 2.946039527169101e-18
623.1010606336073 2.923451085796656e-18
623.1631696643972 2.9737722047710132e-18
623.2252786951871 2.9066909590202597e-18
623.2873877259769 2.93098049732242e-18
623.3494967567668 2.9827752385580404e-18
623.4116057875567 2.902952309446673e-18
623.4737148183466 2.8760536366973676e-18
623.5358238491365 2.911347365483474e-18
623.5979328799264 2.930588827302376e-18
623.6600419107162 2.9679916598553395e-18
623.7221509415061 2.973221716073359e-18
623.784259972296 3.0078801701490247e-18
623.8463690030858 3.0070844223997487e-18
623.9084780338757 2.990510411261177e-18
623.9705870646656 3.0330039200989447e-18
624.0326960954554 2.9974874729329085e-18
624.0948051262453 2.9389309437799734e-18
624.1569141570352 2.914413724014208e-18
624.2190231878251 2.9336030734545193e-18
624.281132218615 2.990699008440839e-18
624.3432412494049 2.966961819992711e-18
624.4053502801947 2.930333021697944e-18
624.4674593109846 2.9577941772637858e-18
624.5295683417744 2.9576831282665505e-18
624.5916773725644 2.9726838418800466e-18
624.6537864033542 3.03366256266169e-18
624.715895434144 3.0526682780060147e-18
624.7780044649339 2.9566363312013647e-18
624.8401134957238 2.949526093451012e-18
624.9022225265137 2.971242479662673e-18
624.9643315573036 3.0168918893324837e-18
625.0264405880935 3.0590845112224354e-18
625.0885496188833 2.991111771566503e-18
625.1506586496732 3.0161081357020897e-18
625.2127676804631 2.9996304911048803e-18
625.274876711253 2.909035395671388e-18
625.3369857420428 2.921965883006817e-18
625.3990947728328 2.9640371161418766e-18
625.4612038036225 2.9658463669366832e-18
625.5233128344124 2.979947935224334e-18
625.5854218652023 2.949011793905157e-18
625.6475308959922 2.9398003106037666e-18
625.7096399267821 2.9676105363881057e-18
625.771748957572 2.9854722609452695e-18
625.8338579883618 2.991530531751608e-18
625.8959670191517 2.990471533772387e-18
625.9580760499416 2.9392411365096808e-18
626.0201850807315 2.9372887834689025e-18
626.0822941115214 2.9438268190305216e-18
626.1444031423111 2.901532660720379e-18
626.206512173101 2.9424911291364016e-18
626.2686212038909 2.933360089149582e-18
626.3307302346808 2.9644709723731607e-18
626.3928392654707 3.0208340253367583e-18
626.4549482962606 2.9800325144419677e-18
626.5170573270505 2.91800513543876e-18
626.5791663578403 2.907495805756274e-18
626.6412753886302 2.9147365312482568e-18
626.7033844194201 2.944226967651844e-18
626.76549345021 2.9120217244778577e-18
626.8276024809999 2.9028989562971635e-18
626.8897115117898 3.0007258850310536e-18
626.9518205425795 3.0384765470315955e-18
627.0139295733694 3.0231898357213093e-18
627.0760386041593 3.0087522253098088e-18
627.1381476349492 3.0141890766809667e-18
627.2002566657391 2.932681180661829e-18
627.262365696529 2.9441035109454206e-18
627.3244747273188 3.0073503609666845e-18
627.3865837581087 2.9389625834384036e-18
627.4486927888986 2.8714725036698957e-18
627.5108018196885 2.8937569561672275e-18
627.5729108504784 2.88525602101202e-18
627.6350198812682 2.8756627938579362e-18
627.6971289120581 2.8789775133675894e-18
627.7592379428479 2.845561070981672e-18
627.8213469736378 2.838594969453057e-18
627.8834560044277 2.894053707211981e-18
627.9455650352176 2.8854274541939716e-18
628.0076740660074 2.8551495418472337e-18
628.0697830967973 2.865163803933107e-18
628.1318921275872 2.8521222676004428e-18
628.1940011583771 2.869359677590282e-18
628.256110189167 2.908205113131538e-18
628.3182192199569 2.902875588444859e-18
628.3803282507467 2.917782003468524e-18
628.4424372815366 2.930288147149713e-18
628.5045463123265 2.9318027148512977e-18
628.5666553431163 2.942110005669168e-18
628.6287643739062 2.9321327599157063e-18
628.690873404696 2.983866703376304e-18
628.7529824354859 3.0246307843483767e-18
628.8150914662758 2.9765455345697504e-18
628.8772004970657 2.9134064248232715e-18
628.9393095278556 2.8891156457501924e-18
629.0014185586455 2.8746131016606065e-18
629.0635275894354 2.931788445985731e-18
629.1256366202252 2.9550030630818787e-18
629.1877456510151 2.8732980912818003e-18
629.249854681805 2.8855899951843383e-18
629.3119637125949 2.9046029483590228e-18
629.3740727433847 2.8701318506921004e-18
629.4361817741745 2.8733988005213786e-18
629.4982908049644 2.8801397021282264e-18
629.5603998357543 2.849421316105304e-18
629.6225088665442 3.1189738351373466e-18
629.6846178973341 3.052279709913268e-18
629.746726928124 2.950810704942307e-18
629.8088359589138 3.1035841398407975e-18
629.8709449897037 3.1302172876134736e-18
629.9330540204936 3.14210449340132e-18
629.9951630512835 3.051491820379811e-18
630.0572720820733 3.07550383958646e-18
630.1193811128633 3.2559274408207606e-18
630.181490143653 3.276902879998727e-18
630.2435991744429 3.0986351182358927e-18
630.3057082052328 3.064396458321098e-18
630.3678172360227 3.2351441143400595e-18
630.4299262668126 3.2744819291409375e-18
630.4920352976025 2.998763812618078e-18
630.5541443283923 3.0810074857920814e-18
630.6162533591822 3.0858851630691535e-18
630.6783623899721 3.0751622139934755e-18
630.740471420762 3.0106338544082138e-18
630.8025804515519 2.9956432737572215e-18
630.8646894823416 3.007264334182979e-18
630.9267985131316 3.0164175012511845e-18
630.9889075439214 3.029232183300856e-18
631.0510165747113 3.0069986024111964e-18
631.1131256055012 3.0442546104054316e-18
631.1752346362911 3.0275805104127408e-18
631.237343667081 2.9903652410636738e-18
631.2994526978708 2.996752109368349e-18
631.3615617286607 3.0391333284379627e-18
631.4236707594506 3.058878956840216e-18
631.4857797902405 3.0324534314012907e-18
631.5478888210304 3.0747744730813412e-18
631.6099978518203 3.0302783599805825e-18
631.67210688261 3.055700722131634e-18
631.7342159133999 3.0884384628249516e-18
631.7963249441898 3.0661221638740366e-18
631.8584339749797 3.0120861767687038e-18
631.9205430057696 3.047412992779312e-18
631.9826520365594 3.0940058019377397e-18
632.0447610673493 3.03685713418737e-18
632.1068700981392 2.9912962328431022e-18
632.1689791289291 3.032709443800876e-18
632.231088159719 3.0256988813143358e-18
632.2931971905089 3.0454970356854862e-18
632.3553062212987 3.0942272795467508e-18
632.4174152520886 3.0857652218803333e-18
632.4795242828784 3.0760626000902394e-18
632.5416333136683 3.0558256264041296e-18
632.6037423444582 3.0585418807406006e-18
632.665851375248 3.067893984746125e-18
632.7279604060379 3.1049963439415787e-18
632.7900694368278 3.084452899838518e-18
632.8521784676177 3.0322660749925474e-18
632.9142874984076 3.013981454347216e-18
632.9763965291975 3.0272182053044426e-18
633.0385055599874 3.098793936913503e-18
633.1006145907772 3.1350320991639916e-18
633.1627236215671 3.0988365367150494e-18
633.224832652357 3.1022784352438825e-18
633.2869416831468 3.064318910138671e-18
633.3490507139367 3.038321450666742e-18
633.4111597447265 3.0569499716517423e-18
633.4732687755164 3.0243774602857823e-18
633.5353778063063 3.0807535413440277e-18
633.5974868370962 3.1290234591944064e-18
633.6595958678861 3.074706851066265e-18
633.721704898676 3.064854716380452e-18
633.7838139294659 3.097777125145522e-18
633.8459229602557 3.094498181197362e-18
633.9080319910456 3.1168543916128326e-18
633.9701410218355 3.0815474279369254e-18
634.0322500526254 3.085356387862579e-18
634.0943590834152 3.0987780136867113e-18
634.156468114205 3.115540208414639e-18
634.2185771449949 3.1476331618204713e-18
634.2806861757848 3.1226190133017146e-18
634.3427952065747 3.1720391257938484e-18
634.4049042373646 3.178260557976013e-18
634.4670132681545 3.1462645914970023e-18
634.5291222989443 3.1129906309715974e-18
634.5912313297342 3.0607481782294327e-18
634.6533403605241 3.0738449288679848e-18
634.715449391314 3.131903495292163e-18
634.7775584221039 3.1592180330944296e-18
634.8396674528938 3.147740281709797e-18
634.9017764836835 3.1442766696898843e-18
634.9638855144734 3.208517790807437e-18
635.0259945452633 3.2371860096821466e-18
635.0881035760532 3.190563422021667e-18
635.1502126068431 3.176426905353136e-18
635.212321637633 3.1818705809643474e-18
635.2744306684228 3.194301037619488e-18
635.3365396992127 3.195453920598234e-18
635.3986487300026 3.1828201843075583e-18
635.4607577607925 3.1795182860973997e-18
635.5228667915824 3.2221720611788498e-18
635.5849758223721 3.2505648289095793e-18
635.6470848531621 3.250757355197151e-18
635.7091938839519 3.1910576624376676e-18
635.7713029147418 3.1896262263876446e-18
635.8334119455317 3.174364123700582e-18
635.8955209763216 3.1216208130975163e-18
635.9576300071114 3.226850801518603e-18
636.0197390379013 3.230038755599382e-18
636.0818480686912 3.1117479988963896e-18
636.1439570994811 3.2324803859724856e-18
636.206066130271 3.1797017133982334e-18
636.2681751610609 3.1090224387780274e-18
636.3302841918508 3.116098141737806e-18
636.3923932226405 3.1905979568122413e-18
636.4545022534305 3.1610035024466253e-18
636.5166112842203 3.1488536668142933e-18
636.5787203150102 3.227396740722888e-18
636.6408293458001 3.249800307228427e-18
636.7029383765899 3.205868951690889e-18
636.7650474073798 3.4009981698551574e-18
636.8271564381697 3.2284373339334795e-18
636.8892654689596 3.153627739719643e-18
636.9513744997495 3.1453147813586383e-18
637.0134835305394 3.208828810717757e-18
637.0755925613292 3.2221120905844397e-18
637.1377015921191 3.2390221438468612e-18
637.1998106229089 3.3257065361393557e-18
637.2619196536988 3.308462508704616e-18
637.3240286844887 3.1966334801517344e-18
637.3861377152786 3.2031473206804364e-18
637.4482467460684 3.2395308599235813e-18
637.5103557768583 3.2473429604236852e-18
637.5724648076482 3.2123250963718654e-18
637.6345738384381 3.1772158288623584e-18
637.696682869228 3.2215460922503003e-18
637.7587919000179 3.2237271607304494e-18
637.8209009308077 3.2800145266679985e-18
637.8830099615976 3.2889304996955544e-18
637.9451189923875 3.23203060651441e-18
638.0072280231773 3.286637141447251e-18
638.0693370539672 3.2981711411135374e-18
638.131446084757 3.264199453741444e-18
638.1935551155469 3.2563135273716697e-18
638.2556641463368 3.235954130954902e-18
638.3177731771267 3.2758717993651798e-18
638.3798822079166 3.275824236479958e-18
638.4419912387065 3.252129027447917e-18
638.5041002694963 3.307053406531132e-18
638.5662093002862 3.3276659202153407e-18
638.6283183310761 3.328847754515526e-18
638.690427361866 3.3500204762695863e-18
638.7525363926559 3.2944308371787258e-18
638.8146454234457 3.261502638149368e-18
638.8767544542355 3.3322379542560744e-18
638.9388634850254 3.3428924541360637e-18
639.0009725158153 3.337038703736179e-18
639.0630815466052 3.354235168285697e-18
639.1251905773951 3.318069797929113e-18
639.187299608185 3.324775130769621e-18
639.2494086389748 3.3317761806791167e-18
639.3115176697647 3.3395696696154382e-18
639.3736267005546 3.3331534363990175e-18
639.4357357313445 3.318048911618646e-18
639.4978447621344 3.3877031026647457e-18
639.5599537929243 3.3924680765833575e-18
639.622062823714 3.342640164049235e-18
639.6841718545039 3.3459251050568363e-18
639.7462808852938 3.357856151417148e-18
639.8083899160837 3.516616099203838e-18
639.8704989468736 3.540076182146761e-18
639.9326079776635 3.4572241176322244e-18
639.9947170084533 3.4326235594197442e-18
640.0568260392432 3.4195555533074783e-18
640.1189350700331 3.4400485393931733e-18
640.181044100823 3.5212669221979174e-18
640.2431531316129 3.3727112812428347e-18
640.3052621624028 3.373576512163565e-18
640.3673711931926 3.455162576750589e-18
640.4294802239824 3.389982812432942e-18
640.4915892547723 3.331780936967639e-18
640.5536982855622 3.338445944753285e-18
640.6158073163521 3.368019719603587e-18
640.677916347142 3.401784405027389e-18
640.7400253779318 3.412345640293313e-18
640.8021344087217 3.421532308176327e-18
640.8642434395116 3.394326751419764e-18
640.9263524703015 3.3624561028035554e-18
640.9884615010914 3.377885502769507e-18
641.0505705318812 3.40986120332351e-18
641.112679562671 3.4364139077816153e-18
641.174788593461 3.377340804336141e-18
641.2368976242508 3.3450625624730966e-18
641.2990066550407 3.367648729098857e-18
641.3611156858306 3.445510206182708e-18
641.4232247166204 3.436739610147808e-18
641.4853337474103 3.3799772357435005e-18
641.5474427782002 3.371679787018981e-18
641.6095518089901 3.3745780210902137e-18
641.67166083978 3.3877914041951358e-18
641.7337698705699 3.4220594290216763e-18
641.7958789013597 3.4630799359836404e-18
641.8579879321496 3.501232607761883e-18
641.9200969629394 3.4793656746787375e-18
641.9822059937294 3.4587666026794826e-18
642.0443150245192 3.4449981813835375e-18
642.106424055309 3.4364263154908036e-18
642.1685330860989 3.397519875379372e-18
642.2306421168888 3.386615980544698e-18
642.2927511476787 3.4584014024390405e-18
642.3548601784686 3.4564285766781015e-18
642.4169692092585 3.435562532136145e-18
642.4790782400484 3.4282060013584047e-18
642.5411872708382 3.437637101112428e-18
642.6032963016281 3.4389926433412494e-18
642.665405332418 3.4541056467228995e-18
642.7275143632078 3.472713901782892e-18
642.7896233939977 3.486266428938961e-18
642.8517324247875 3.4746060774341074e-18
642.9138414555774 3.478090162174181e-18
642.9759504863673 3.4597656300642936e-18
643.0380595171572 3.510191800976445e-18
643.1001685479471 3.482740571577954e-18
643.162277578737 3.479199411375614e-18
643.2243866095268 3.5738239103680054e-18
643.2864956403167 3.4645130263948885e-18
643.3486046711066 3.424951872828621e-18
643.4107137018965 3.51569503359176e-18
643.4728227326864 3.536954816105292e-18
643.5349317634762 3.4459047713348956e-18
643.597040794266 3.439083426413477e-18
643.6591498250559 3.5461067424025786e-18
643.7212588558458 3.496230233007469e-18
643.7833678866357 3.466791495392166e-18
643.8454769174256 3.53579097298343e-18
643.9075859482155 3.522044058383411e-18
643.9696949790053 3.53761366546319e-18
644.0318040097952 3.538268378918026e-18
644.0939130405851 3.4629661986494144e-18
644.156022071375 3.4625178667574106e-18
644.2181311021649 3.500906698600537e-18
644.2802401329548 3.533724675813272e-18
644.3423491637445 3.549913841171854e-18
644.4044581945344 3.549779010732008e-18
644.4665672253243 3.604882060827534e-18
644.5286762561142 3.5989135391176576e-18
644.5907852869041 3.542097397973534e-18
644.652894317694 3.48957887370193e-18
644.7150033484838 3.522876202079639e-18
644.7771123792737 3.568580826055338e-18
644.8392214100636 3.5431404727259634e-18
644.9013304408535 3.551123592817713e-18
644.9634394716434 3.544283636332512e-18
645.0255485024333 3.5088914730535116e-18
645.0876575332231 3.588417444324972e-18
645.1497665640129 3.604897363668866e-18
645.2118755948028 3.592018988712028e-18
645.2739846255927 3.613406570630199e-18
645.3360936563826 3.5790140551214694e-18
645.3982026871724 3.6010642087102955e-18
645.4603117179623 3.605449506727745e-18
645.5224207487522 3.555008446564568e-18
645.5845297795421 3.5404033320790255e-18
645.646638810332 3.6027752318073614e-18
645.7087478411219 3.645542123837578e-18
645.7708568719117 3.60534238683842e-18
645.8329659027016 3.584088394589176e-18
645.8950749334915 3.552808146135177e-18
645.9571839642813 3.518735335933199e-18
646.0192929950712 3.568052257643917e-18
646.081402025861 3.6215542996638465e-18
646.1435110566509 3.6709150619470296e-18
646.2056200874408 3.6455355063926776e-18
646.2677291182307 3.614809468949089e-18
646.3298381490206 3.721581942417434e-18
646.3919471798105 3.702541899077688e-18
646.4540562106004 3.667502941920248e-18
646.5161652413902 3.7051715062449944e-18
646.5782742721801 3.666001195518158e-18
646.6403833029699 3.601298300823648e-18
646.7024923337599 3.606222507010176e-18
646.7646013645497 3.583602012388995e-18
646.8267103953395 3.590907671559063e-18
646.8888194261294 3.6291180391850314e-18
646.9509284569193 3.646569068568063e-18
647.0130374877092 3.6475873279021154e-18
647.0751465184991 3.68290794005813e-18
647.137255549289 3.689346300355936e-18
647.1993645800788 3.654081522891269e-18
647.2614736108687 3.582312024223718e-18
647.3235826416586 3.555663160019404e-18
647.3856916724485 3.596266974747794e-18
647.4478007032383 3.638346066098673e-18
647.5099097340283 3.656071719445072e-18
647.572018764818 3.6698438630537734e-18
647.6341277956079 3.668659754006904e-18
647.6962368263978 3.5828521731637155e-18
647.7583458571877 3.5436355403225764e-18
647.8204548879776 3.58152206673873e-18
647.8825639187675 3.6332733809921915e-18
647.9446729495573 3.682456299443676e-18
648.0067819803472 3.690687160128885e-18
648.0688910111371 3.66938105550105e-18
648.131000041927 3.672785730902318e-18
648.1931090727169 3.692016025782951e-18
648.2552181035066 3.669411247593408e-18
648.3173271342966 3.691877886620655e-18
648.3794361650864 3.666867253619501e-18
648.4415451958763 3.586576967462042e-18
648.5036542266662 3.6362706699417774e-18
648.5657632574561 3.659690221034685e-18
648.627872288246 3.662225943202466e-18
648.6899813190358 3.611789846122964e-18
648.7520903498257 3.6395822875241335e-18
648.8141993806156 3.6414802534396364e-18
648.8763084114055 3.614478183113762e-18
648.9384174421954 3.680060784389722e-18
649.0005264729853 3.678596261115197e-18
649.062635503775 3.6304344971299095e-18
649.124744534565 3.6864706069563956e-18
649.1868535653548 3.711777370616843e-18
649.2489625961447 3.62818291150254e-18
649.3110716269346 3.640749852958752e-18
649.3731806577244 3.687243607238826e-18
649.4352896885143 3.699865969796079e-18
649.4973987193042 3.700454508801911e-18
649.5595077500941 3.7536810996778605e-18
649.621616780884 3.7818143394914015e-18
649.6837258116739 3.7054916251420524e-18
649.7458348424636 3.7104935863061606e-18
649.8079438732536 3.706401937406167e-18
649.8700529040434 3.750530782314952e-18
649.9321619348333 3.738907653937663e-18
649.9942709656232 3.757209024990399e-18
650.056379996413 3.83426793008492e-18
650.1184890272029 3.841959882601051e-18
650.1805980579928 3.6978244880442984e-18
650.2427070887827 3.65051141136749e-18
650.3048161195726 3.720557892819093e-18
650.3669251503625 3.745081316439453e-18
650.4290341811524 3.700808128513777e-18
650.4911432119422 3.711333174627902e-18
650.553252242732 3.76818323017714e-18
650.615361273522 3.754071115336679e-18
650.6774703043118 3.786851042241237e-18
650.7395793351017 3.8001835393543666e-18
650.8016883658916 3.67714083682741e-18
650.8637973966814 3.629793018564875e-18
650.9259064274713 3.6499402431545225e-18
650.9880154582612 3.6818979525302024e-18
651.0501244890511 3.6930562054032365e-18
651.112233519841 3.7237127596753705e-18
651.1743425506309 3.7524560451906694e-18
651.2364515814207 3.7360030092166834e-18
651.2985606122106 3.78596761334703e-18
651.3606696430004 3.821417679268909e-18
651.4227786737904 3.824723092996671e-18
651.4848877045802 3.924299922316417e-18
651.54699673537 3.9554374821147506e-18
651.6091057661599 3.8978996258861746e-18
651.6712147969498 3.9084114371104984e-18
651.7333238277397 3.9179918429650876e-18
651.7954328585296 3.920642543238014e-18
651.8575418893195 3.9285276424271755e-18
651.9196509201093 3.914206664482045e-18
651.9817599508992 3.898738387027303e-18
652.0438689816891 3.8482009603227635e-18
652.105978012479 3.8309865045949225e-18
652.1680870432688 3.790542749315061e-18
652.2301960740588 3.785185100487555e-18
652.2923051048485 3.85439943824293e-18
652.3544141356384 3.8650651050611884e-18
652.4165231664283 3.86422634392006e-18
652.4786321972182 3.844135781202372e-18
652.5407412280081 3.807135165222262e-18
652.602850258798 3.8269420049898445e-18
652.6649592895878 3.873086275461115e-18
652.7270683203777 3.911399627073346e-18
652.7891773511676 3.981874174491945e-18
652.8512863819575 3.960081274073623e-18
652.9133954127474 3.983206762458768e-18
652.9755044435371 3.977663411583744e-18
653.0376134743271 4.018184921841186e-18
653.0997225051169 4.029165330882521e-18
653.1618315359068 3.9856407414112056e-18
653.2239405666967 3.923896258177491e-18
653.2860495974866 3.8171436370438476e-18
653.3481586282765 3.798697095793609e-18
653.4102676590663 3.860517266053372e-18
653.4723766898562 3.874705481510188e-18
653.5344857206461 3.855566590087242e-18
653.596594751436 3.770682969988275e-18
653.6587037822259 3.780679861281285e-18
653.7208128130158 3.8930953608884666e-18
653.7829218438055 3.953448939922173e-18
653.8450308745955 3.921247625856096e-18
653.9071399053853 3.8555074466734444e-18
653.9692489361752 3.7957680492445585e-18
654.0313579669651 3.820370055023111e-18
654.093466997755 3.868262158128706e-18
654.1555760285448 3.8987086085252514e-18
654.2176850593347 3.881616161937762e-18
654.2797940901246 3.8605677240707376e-18
654.3419031209145 3.863078630820142e-18
654.4040121517044 3.891027409357084e-18
654.4661211824942 3.8537649907131015e-18
654.5282302132841 3.8621530157146955e-18
654.5903392440739 3.837885604493921e-18
654.6524482748639 3.864808679071297e-18
654.7145573056537 3.905597782256899e-18
654.7766663364436 3.938804534357534e-18
654.8387753672334 3.877750333344995e-18
654.9008843980233 3.8245233288787394e-18
654.9629934288132 3.9055547688650465e-18
655.0251024596031 3.867375420512049e-18
655.087211490393 3.834662081646802e-18
655.1493205211829 3.783175878779664e-18
655.2114295519727 3.793439535820222e-18
655.2735385827625 3.819344764653851e-18
655.3356476135525 3.848507017149408e-18
655.3977566443423 3.7746170409815776e-18
655.4598656751322 3.801422242321665e-18
655.521974705922 3.820142993944965e-18
655.5840837367119 3.82901409242429e-18
655.6461927675018 3.840457309018348e-18
655.7083017982917 3.794740277333461e-18
655.7704108290816 3.785161525840097e-18
655.8325198598715 3.813136774156641e-18
655.8946288906614 3.799180582861646e-18
655.9567379214512 3.8443582927871485e-18
656.0188469522411 3.958787977185897e-18
656.0809559830309 3.8562792061849564e-18
656.1430650138209 3.891617189133834e-18
656.2051740446107 3.91829707261112e-18
656.2672830754005 3.810656886680207e-18
656.3293921061904 3.899647872110805e-18
656.3915011369803 3.942664159095707e-18
656.4536101677702 3.924574132689478e-18
656.5157191985601 3.871335547694647e-18
656.57782822935 3.958001742013665e-18
656.6399372601398 4.099632020085301e-18
656.7020462909297 3.9854178162361225e-18
656.7641553217196 3.891196981382657e-18
656.8262643525095 3.926829027039298e-18
656.8883733832993 3.88911620855178e-18
656.9504824140893 3.890360701783366e-18
657.012591444879 4.0215350033220254e-18
657.0747004756689 4.051500861782678e-18
657.1368095064588 3.9183314006065406e-18
657.1989185372487 3.841222037494654e-18
657.2610275680386 3.873652480590408e-18
657.3231365988285 3.867439940599828e-18
657.3852456296183 3.858822786568557e-18
657.4473546604082 3.88916956170129e-18
657.5094636911981 3.902788676896669e-18
657.571572721988 3.890151838678697e-18
657.6336817527779 3.879122625981221e-18
657.6957907835676 3.967508115203431e-18
657.7578998143576 3.948414305123869e-18
657.8200088451474 3.835243589617427e-18
657.8821178759373 3.8210801895789874e-18
657.9442269067272 3.93069981871574e-18
658.0063359375171 3.9732276555489286e-18
658.068444968307 3.9571336159607906e-18
658.1305539990968 3.9385940168916396e-18
658.1926630298867 3.875067786618486e-18
658.2547720606766 3.8970484570358575e-18
658.3168810914665 3.863279635708993e-18
658.3789901222564 3.81154403788717e-18
658.4410991530463 3.871788842670326e-18
658.503208183836 3.908937110389776e-18
658.565317214626 3.8870631462714236e-18
658.6274262454158 3.8554747730392486e-18
658.6895352762057 3.842706826694186e-18
658.7516443069956 3.887000694135176e-18
658.8137533377854 3.9266668996392375e-18
658.8758623685753 3.9406669315066975e-18
658.9379713993652 3.89008483704908e-18
659.0000804301551 3.893592496436611e-18
659.062189460945 3.886030411276651e-18
659.1242984917349 3.8765840086812956e-18
659.1864075225247 3.9321217421887184e-18
659.2485165533146 3.92565691211131e-18
659.3106255841044 3.8787946488683435e-18
659.3727346148944 3.832184262121899e-18
659.4348436456842 3.84997526273669e-18
659.496952676474 3.827535507079351e-18
659.5590617072639 3.862235733775951e-18
659.6211707380538 3.824722679406365e-18
659.6832797688437 3.8951562813846424e-18
659.7453887996336 3.9225074219290146e-18
659.8074978304235 3.923896258177491e-18
659.8696068612134 3.9157315719412864e-18
659.9317158920032 3.832838975576735e-18
659.9938249227931 3.872833158193674e-18
660.055933953583 4.041174752605872e-18
660.1180429843728 4.036411019458179e-18
660.1801520151628 3.937984798370494e-18
660.2422610459525 3.9145859267929005e-18
660.3043700767424 3.87560379965542e-18
660.3664791075323 3.856563756315675e-18
660.4285881383222 3.9008803712235094e-18
660.4906971691121 3.921497020810781e-18
660.552806199902 3.885975817356223e-18
660.6149152306918 3.849952928860151e-18
660.6770242614817 3.8825727963161795e-18
660.7391332922716 3.891609330918015e-18
660.8012423230614 3.955819225967444e-18
660.8633513538514 4.002527633616476e-18
660.9254603846412 3.914311716419839e-18
660.987569415431 3.838742977198832e-18
661.0496784462209 3.779677318378871e-18
661.1117874770108 3.842128627446012e-18
661.1738965078007 3.935523936048149e-18
661.2360055385906 3.9860369609246185e-18
661.2981145693805 3.928742295796133e-18
661.3602236001703 3.886723175039664e-18
661.4223326309602 3.883146446070985e-18
661.4844416617501 3.936344085625495e-18
661.54655069254 3.913173515896966e-18
661.6086597233298 3.913071772681622e-18
661.6707687541198 3.9165033314527984e-18
661.7328777849095 3.904415327571255e-18
661.7949868156994 3.9148895020777075e-18
661.8570958464893 3.9016703287084975e-18
661.9192048772792 3.884299122254578e-18
661.9813139080691 3.914103680495782e-18
662.043422938859 3.962674898884283e-18
662.1055319696488 3.926003087197664e-18
662.1676410004387 3.876840434671187e-18
662.2297500312286 3.87893609675309e-18
662.2918590620185 3.96153338963896e-18
662.3539680928084 3.9815424750663116e-18
662.4160771235981 3.9100434644590656e-18
662.4781861543881 3.907710815131666e-18
662.5402951851779 3.929427614933633e-18
662.6024042159678 3.927518482079861e-18
662.6645132467577 3.989750588284675e-18
662.7266222775476 4.010734092473614e-18
662.7887313083374 3.956098813014487e-18
662.8508403391273 3.808027279512901e-18
662.9129493699172 3.851878191735868e-18
662.9750584007071 3.8671218896543015e-18
663.037167431497 3.873839423408845e-18
663.0992764622869 3.862683238487342e-18
663.1613854930768 3.861585156224178e-18
663.2234945238665 3.8270185191965056e-18
663.2856035546565 3.789139850996171e-18
663.3477125854463 3.829925231869017e-18
663.4098216162362 3.8857826706831915e-18
663.471930647026 3.879481622367069e-18
663.5340396778159 3.901659988950841e-18
663.5961487086058 3.919181742276245e-18
663.6582577393957 3.913825334219658e-18
663.7203667701856 3.881518968215787e-18
663.7824758009755 3.885654457688246e-18
663.8445848317654 3.889980198701592e-18
663.9066938625552 3.873304237552523e-18
663.9688028933451 3.8350413439576574e-18
664.0309119241349 3.813924250099791e-18
664.0930209549249 3.875157535714948e-18
664.1551299857147 3.910053390626416e-18
664.2172390165045 3.844002605123751e-18
664.2793480472944 3.882569074003423e-18
664.3414570780843 3.9303718416028625e-18
664.4035661088742 3.958916190180842e-18
664.4656751396641 3.92342766036048e-18
664.527784170454 3.83908088047906e-18
664.5898932012439 3.839620615828751e-18
664.6520022320337 3.867928804341847e-18
664.7141112628236 3.886144148610877e-18
664.7762202936135 3.933589574185694e-18
664.8383293244033 3.85551571847957e-18
664.9004383551933 3.850663477006334e-18
664.962547385983 3.953714464898803e-18
665.0246564167729 3.855867270239905e-18
665.0867654475628 3.838582917750303e-18
665.1488744783527 3.8875788933833504e-18
665.2109835091426 3.831205293866943e-18
665.2730925399325 3.8263708367768766e-18
665.3352015707223 3.9046916058958475e-18
665.3973106015122 3.91151584594941e-18
665.4594196323021 3.94025789069379e-18
665.521528663092 3.9597495746479895e-18
665.5836376938819 3.9979309909525185e-18
665.6457467246717 3.976698505399201e-18
665.7078557554617 3.9650877847311005e-18
665.7699647862514 3.8680028370066705e-18
665.8320738170413 3.878149447990552e-18
665.8941828478312 3.847787783606793e-18
665.9562918786211 3.851423242398964e-18
666.018400909411 3.861081816821439e-18
666.0805099402008 3.835263441952128e-18
666.1426189709907 3.818115987853904e-18
666.2047280017806 3.824084923154086e-18
666.2668370325705 3.8323865077816685e-18
666.3289460633603 3.771346782429849e-18
666.3910550941503 3.889605485884105e-18
666.45316412494 3.92916250354731e-18
666.5152731557299 3.920300090464417e-18
666.5773821865198 3.904018280877229e-18
666.6394912173097 3.248932247350002e-16
666.7016002480996 1.578321065727787e-15
666.7637092788895 8.258593999739886e-16
666.8258183096793 -1.684058200236791e-16
666.8879273404692 1.0056408592444031e-17
666.9500363712591 3.926997771884259e-18
667.012145402049 3.735043893296428e-18
667.0742544328389 3.802282923749026e-18
667.1363634636286 3.813282771534756e-18
667.1984724944186 3.73669205066694e-18
667.2605815252084 3.7520867090471645e-18
667.3226905559983 3.8463058895394046e-18
667.3847995867882 3.922463581356549e-18
667.4469086175781 3.83724040361613e-18
667.509017648368 3.860008963566958e-18
667.5711266791578 3.804207773034437e-18
667.6332357099477 3.8027382866762366e-18
667.6953447407376 3.857341719681781e-18
667.7574537715275 3.852145371073723e-18
667.8195628023174 3.779704201748779e-18
667.8816718331072 3.751246707135117e-18
667.943780863897 3.7932463891471906e-18
668.005889894687 3.842043841433225e-18
668.0679989254768 3.799955237505302e-18
668.1301079562667 3.756746217437676e-18
668.1922169870566 3.799298869689241e-18
668.2543260178464 3.8021638097408185e-18
668.3164350486363 3.8052644962669735e-18
668.3785440794262 3.826188029861502e-18
668.4406531102161 3.854288182450541e-18
668.502762141006 3.8609101768443345e-18
668.5648711717959 3.81209824889758e-18
668.6269802025857 3.767890408240296e-18
668.6890892333756 3.730453454487065e-18
668.7511982641654 3.734087672508317e-18
668.8133072949554 3.774064070742086e-18
668.8754163257452 3.757375288293522e-18
668.937525356535 3.739464760080218e-18
668.9996343873249 3.7655035785827746e-18
669.0617434181148 3.753739829501352e-18
669.1238524489047 3.7307694374810604e-18
669.1859614796946 3.760517333850305e-18
669.2480705104845 3.748620408690261e-18
669.3101795412744 3.679497060802267e-18
669.3722885720642 3.655871541736834e-18
669.4343976028541 3.6453754469441486e-18
669.496506633644 3.70616949965404e-18
669.5586156644338 3.71748367607254e-18
669.6207246952238 3.7071414368737895e-18
669.6828337260135 3.770241669131478e-18
669.7449427568034 3.7909249067580605e-18
669.8070517875933 3.714451645537227e-18
669.8691608183832 3.669710273384846e-18
669.9312698491731 3.7063307998734875e-18
669.993378879963 3.706036737165725e-18
670.0554879107528 3.744503117191278e-18
670.1175969415427 3.726744790210684e-18
670.1797059723326 3.672584312423162e-18
670.2418150031225 3.738664876427879e-18
670.3039240339124 3.758522174212827e-18
670.3660330647022 3.6877539776767716e-18
670.4281420954921 3.691872509946673e-18
670.4902511262819 3.66655416575765e-18
670.5523601570718 3.718681847189823e-18
670.6144691878617 3.7411542764813574e-18
670.6765782186516 3.709756568380376e-18
670.7386872494415 3.760255531186432e-18
670.8007962802313 3.7619541465743096e-18
670.8629053110212 3.707208438503406e-18
670.9250143418111 3.713037993870374e-18
670.987123372601 3.6614215100567585e-18
671.0492324033908 3.683187113514866e-18
671.1113414341808 3.771110208774659e-18
671.1734504649705 3.7459242134836444e-18
671.2355594957605 3.744955584986345e-18
671.2976685265503 3.743735079992523e-18
671.3597775573402 3.700198082812019e-18
671.4218865881301 3.7132307269530986e-18
671.48399561892 3.7461173601566756e-18
671.5461046497098 3.79516917048107e-18
671.6082136804997 3.807973512773085e-18
671.6703227112896 3.713166620455626e-18
671.7324317420795 3.625789464400118e-18
671.7945407728694 3.642107669934258e-18
671.8566498036591 3.708242827859404e-18
671.9187588344491 3.712949071954524e-18
671.9808678652389 3.692796470690895e-18
672.0429768960288 3.726269161358466e-18
672.1050859268187 3.702601456081792e-18
672.1671949576086 3.67784063162563e-18
672.2293039883984 3.6901664499332825e-18
672.2914130191883 3.675390522651248e-18
672.3535220499782 3.71453684514032e-18
672.4156310807681 3.667745719430033e-18
672.477740111558 3.645883335840256e-18
672.5398491423479 3.6875637261358844e-18
672.6019581731377 3.691676468141498e-18
672.6640672039275 3.696751634789817e-18
672.7261762347175 3.625818829311864e-18
672.7882852655073 3.616023356498011e-18
672.8503942962972 3.655969976229728e-18
672.912503327087 3.670503953182591e-18
672.9746123578769 3.679309704393524e-18
673.0367213886668 3.709939788886056e-18
673.0988304194567 3.7314845351206125e-18
673.1609394502466 3.6657695849466435e-18
673.2230484810365 3.669811603009884e-18
673.2851575118264 3.674767242059689e-18
673.3472665426162 3.6816841263418575e-18
673.4093755734061 3.6308112778989274e-18
673.4714846041959 3.648896754811787e-18
673.5335936349859 3.700047949530841e-18
673.5957026657757 3.717860870431864e-18
673.6578116965655 3.716782640503401e-18
673.7199207273554 3.7120176665847896e-18
673.7820297581453 3.691033748805544e-18
673.8441387889352 3.674028569772679e-18
673.9062478197251 3.726039618738482e-18
673.968356850515 3.7460619390556345e-18
674.0304658813048 3.703320689624407e-18
674.0925749120947 3.667909087601012e-18
674.1546839428846 3.635442662148612e-18
674.2167929736745 3.64541308366202e-18
674.2789020044643 3.661952146419711e-18
674.3410110352543 3.604003181426696e-18
674.403120066044 3.582887328339749e-18
674.4652290968339 3.643659460763407e-18
674.5273381276238 3.6658188021930904e-18
674.5894471584137 3.702948044758452e-18
674.6515561892036 3.736885197339971e-18
674.7136652199935 3.6840593754708035e-18
674.7757742507833 3.6515917092474846e-18
674.8378832815732 3.616230565241455e-18
674.8999923123631 3.597870050774922e-18
674.962101343153 3.649576283684999e-18
675.0242103739429 3.663702047005567e-18
675.0863194047326 3.595287179312225e-18
675.1484284355226 3.580108001481571e-18
675.2105374663124 3.6492760171226424e-18
675.2726464971023 3.619012787231777e-18
675.3347555278922 3.597005647034804e-18
675.3968645586821 3.633088919715592e-18
675.458973589472 3.6388779432325446e-18
675.5210826202618 3.647050901274875e-18
675.5831916510517 3.608714388605492e-18
675.6453006818416 3.579764307937055e-18
675.7074097126315 3.550613635970074e-18
675.7695187434214 3.724346380024586e-18
675.8316277742113 3.809116262789327e-18
675.893736805001 3.6964290343509215e-18
675.955845835791 3.7118890399995376e-18
676.0179548665808 3.642030328546984e-18
676.0800638973707 3.634177489401712e-18
676.1421729281606 3.671654147824346e-18
676.2042819589504 3.68230368462066e-18
676.2663909897403 3.582869130366273e-18
676.3285000205302 3.521163524621348e-18
676.3906090513201 3.552788707390782e-18
676.45271808211 3.554133289476487e-18
676.5148271128999 3.514470806285182e-18
676.5769361436896 3.549529202187017e-18
676.6390451744796 3.621363220942347e-18
676.7011542052694 3.592584780251014e-18
676.7632632360594 3.53933875063067e-18
676.8253722668492 3.64434560708152e-18
676.887481297639 3.653920636262128e-18
676.9495903284289 3.65684720126934e-18
677.0116993592188 3.735337956004191e-18
677.0738083900087 3.742254840286359e-18
677.1359174207986 3.666434638159136e-18
677.1980264515885 3.6603221870226755e-18
677.2601354823784 3.722641147191808e-18
677.3222445131682 3.7411828142124905e-18
677.384353543958 3.698910162598274e-18
677.446462574748 3.698542894406301e-18
677.5085716055378 3.692248049944772e-18
677.5706806363277 3.669008410635095e-18
677.6327896671175 3.692695141065857e-18
677.6948986979074 3.609786828269667e-18
677.7570077286973 3.512684096162067e-18
677.8191167594872 3.630178898320631e-18
677.8812257902771 3.697107322453215e-18
677.943334821067 3.599693156844989e-18
678.0054438518569 3.620249422247544e-18
678.0675528826467 3.667486398307997e-18
678.1296619134366 3.6488603588648345e-18
678.1917709442264 3.6308563592423116e-18
678.2538799750164 3.6000695240237004e-18
678.3159890058062 3.628332217603106e-18
678.378098036596 3.790186234471051e-18
678.4402070673859 4.594374121127248e-18
678.5023160981758 7.669364695143619e-18
678.5644251289657 1.3300714352453575e-17
678.6265341597556 1.8599468747526372e-17
678.6886431905455 2.2111732222346956e-17
678.7507522213353 2.3837886107177714e-17
678.8128612521252 2.5213317066647213e-17
678.8749702829151 2.4847771064709004e-17
678.937079313705 2.387113380471867e-17
678.9991883444948 2.1933987652321562e-17
679.0612973752848 1.9410693046063252e-17
679.1234064060745 1.66839450963414e-17
679.1855154368644 1.3167164388195664e-17
679.2476244676543 8.61577842991249e-18
679.3097334984442 5.254148266950569e-18
679.3718425292341 3.894708363082945e-18
679.433951560024 3.638021811298552e-18
679.4960605908138 3.620427266079243e-18
679.5581696216037 3.604781971973415e-18
679.6202786523936 3.557966444435058e-18
679.6823876831835 3.519280447956871e-18
679.7444967139734 3.5544678840342646e-18
679.8066057447631 3.590587552662005e-18
679.8687147755531 3.593079434257321e-18
679.9308238063429 3.589332719672762e-18
679.9929328371328 3.567952582380104e-18
680.0550418679227 3.5569849946382634e-18
680.1171508987126 3.5524110994411515e-18
680.1792599295025 3.5141755028065e-18
680.2413689602923 3.4923470336218385e-18
680.3034779910822 3.5299705166032004e-18
680.3655870218721 3.572576935594582e-18
680.427696052662 3.484386247406628e-18
680.4898050834519 3.4209466643026394e-18
680.5519141142418 3.471784977954995e-18
680.6140231450315 3.584275750997919e-18
680.6761321758215 3.629431954227495e-18
680.7382412066113 3.730515493033007e-18
680.8003502374012 3.77562537414828e-18
680.8624592681911 3.7992157380376795e-18
680.924568298981 3.81810192578349e-18
680.9866773297708 3.837640759032605e-18
681.0487863605607 3.817640359001686e-18
681.1108953913506 3.756573336689652e-18
681.1730044221405 3.743150263299448e-18
681.2351134529304 3.799769535457784e-18
681.2972224837202 3.68560372167444e-18
681.3593315145101 3.5636409034371714e-18
681.4214405452999 3.515431990156968e-18
681.4835495760899 3.478940090253579e-18
681.5456586068797 3.449174823091471e-18
681.6077676376696 3.49013308471234e-18
681.6698766684594 3.487381054814376e-18
681.7319856992493 3.481326919911101e-18
681.7940947300392 3.484629852097025e-18
681.8562037608291 3.492237018600369e-18
681.918312791619 3.479960417539163e-18
681.9804218224089 3.433021226499229e-18
682.0425308531987 3.474840583137766e-18
682.1046398839885 3.537979279293939e-18
682.1667489147785 3.521445593210229e-18
682.2288579455683 3.451180529281759e-18
682.2909669763583 3.4432540710619694e-18
682.353076007148 3.501163538180735e-18
682.4151850379379 3.472364417974089e-18
682.4772940687278 3.4350050124032844e-18
682.5394030995177 3.438911579641219e-18
682.6015121303076 3.3872107234051236e-18
682.6636211610975 3.392402936110119e-18
682.7257301918874 3.4348687343973662e-18
682.7878392226772 3.43864936338704e-18
682.8499482534671 3.496096229748235e-18
682.9120572842569 3.512440905061977e-18
682.9741663150469 3.40852882215184e-18
683.0362753458367 3.4099457825411435e-18
683.0983843766265 3.4393340621390806e-18
683.1604934074164 3.4452198657877017e-18
683.2226024382063 3.4420242602862562e-18
683.2847114689962 3.4500609403226683e-18
683.3468204997861 3.4645459068242375e-18
683.408929530576 3.3902588839623815e-18
683.4710385613658 3.4319744294340432e-18
683.5331475921557 3.3827023822715564e-18
683.5952566229456 3.384127200876679e-18
683.6573656537355 3.430765504968797e-18
683.7194746845253 3.385823541517872e-18
683.7815837153153 3.354293484518882e-18
683.843692746105 3.439283810916868e-18
683.9058017768949 3.467284081446941e-18
683.9679108076848 3.3931035580889513e-18
684.0300198384747 3.373438786591575e-18
684.0921288692646 3.3621223354263902e-18
684.1542379000545 3.401135068246535e-18
684.2163469308443 3.3717670545736054e-18
684.2784559616342 3.393727045475663e-18
684.3405649924241 3.424591222081548e-18
684.402674023214 3.4159004489757596e-18
684.4647830540039 3.433664566220642e-18
684.5268920847936 3.3461213536571645e-18
684.5890011155836 3.3422433241503627e-18
684.6511101463734 3.2417721057932937e-18
684.7132191771633 3.2181943564082354e-18
684.7753282079532 3.279226843929695e-18
684.8374372387431 3.296833383267886e-18
684.899546269533 3.270876455645972e-18
684.9616553003228 3.333571576198663e-18
685.0237643311127 3.3154143413676647e-18
685.0858733619026 3.319091365985616e-18
685.1479823926925 3.3700961497362483e-18
685.2100914234824 3.3599145903714862e-18
685.2722004542723 3.3012348113072807e-18
685.334309485062 3.3254472150173204e-18
685.396418515852 3.358419875004603e-18
685.4585275466418 3.3831736684255585e-18
685.5206365774317 3.3948549062408792e-18
685.5827456082216 3.3472655512394784e-18
685.6448546390114 3.3871735002775587e-18
685.7069636698013 3.427069868787063e-18
685.7690727005912 3.3576816163078993e-18
685.8311817313811 3.3302401062816057e-18
685.893290762171 3.4215271382974985e-18
685.9553997929609 3.447015468102401e-18
686.0175088237507 3.481555635350472e-18
686.0796178545406 3.4511772205593086e-18
686.1417268853304 3.3634431360694843e-18
686.2038359161204 3.401767654619985e-18
686.2659449469102 3.4733049223305615e-18
686.3280539777 3.386747502262094e-18
686.3901630084899 3.364570790039547e-18
686.4522720392798 3.3061941726698424e-18
686.5143810700697 3.1539703992883932e-18
686.5764901008596 3.029615167924468e-18
686.6385991316495 2.9681783958786234e-18
686.7007081624394 2.8638270800632213e-18
686.7628171932292 2.6963846309768683e-18
686.8249262240191 2.4367690326434253e-18
686.887035254809 2.3928856535814152e-18
686.9491442855988 2.361636424400387e-18
687.0112533163888 2.3127117930951724e-18
687.0733623471785 2.2753559030419714e-18
687.1354713779684 2.334291694505762e-18
687.1975804087583 2.436421616786153e-18
687.2596894395482 2.4804133565084076e-18
687.3217984703381 2.5285831855046674e-18
687.383907501128 2.563069586012922e-18
687.4460165319178 2.5718893992942686e-18
687.5081255627077 2.625507453395109e-18
687.5702345934976 2.681734848738248e-18
687.6323436242874 2.7099080000163447e-18
687.6944526550774 2.762419079662436e-18
687.7565616858672 2.8292149481018586e-18
687.8186707166572 2.8505450409674573e-18
687.8807797474469 2.8863094355221063e-18
687.9428887782368 2.952041963284092e-18
688.0049978090267 2.967027787646562e-18
688.0671068398166 2.9663583917358536e-18
688.1292158706065 3.0462584554393413e-18
688.1913249013963 3.142361953366977e-18
688.2534339321862 3.151066788543179e-18
688.3155429629761 3.122188672588034e-18
688.377651993766 3.109742706296408e-18
688.4397610245558 3.0875347680057374e-18
688.5018700553458 3.0365450803012842e-18
688.5639790861355 2.971679231026101e-18
688.6260881169254 2.9488540092033127e-18
688.6881971477153 2.931765698518886e-18
688.7503061785052 2.8208145153910764e-18
688.8124152092951 2.897978472423392e-18
688.874524240085 2.9373936286115436e-18
688.9366332708748 2.8616094088409666e-18
688.9987423016647 2.866620468991813e-18
689.0608513324546 2.885049846244341e-18
689.1229603632445 2.867159377160891e-18
689.1850693940344 2.942538278431317e-18
689.2471784248241 2.961964615117125e-18
689.3092874556141 2.9589021856943006e-18
689.3713964864039 2.9232631090024534e-18
689.4335055171938 2.910621928086265e-18
689.4956145479837 2.8967108181346543e-18
689.5577235787736 2.9208400901931324e-18
689.6198326095634 2.9511839701937214e-18
689.6819416403533 2.9414360602650902e-18
689.7440506711432 2.948934038927577e-18
689.8061597019331 2.9366026371507898e-18
689.868268732723 2.918373230811346e-18
689.9303777635129 2.9019847149251393e-18
689.9924867943027 2.890398602880262e-18
690.0545958250925 2.8608163494286814e-18
690.1167048558825 2.8739803084920034e-18
690.1788138866723 2.9557194014923497e-18
690.2409229174622 2.997281918550689e-18
690.303031948252 2.9838927595655995e-18
690.3651409790419 2.975478471579557e-18
690.4272500098318 3.0273950151603758e-18
690.4893590406217 3.1003668208482725e-18
690.5514680714116 3.144770082925272e-18
690.6135771022015 3.1898625932476816e-18
690.6756861329914 3.2001723656073894e-18
690.7377951637812 3.217793173811147e-18
690.7999041945711 3.2385173568780507e-18
690.8620132253609 3.209313538556713e-18
690.9241222561509 3.195283728187201e-18
690.9862312869407 3.1865224379341925e-18
691.0483403177305 3.1384754452588968e-18
691.1104493485204 3.1307437880733636e-18
691.1725583793103 3.1087536050789476e-18
691.2346674101002 3.0827220244067507e-18
691.2967764408901 3.0501639887015104e-18
691.35888547168 3.0217873509927257e-18
691.4209945024699 3.124607348699139e-18
691.4831035332597 3.1964316480822715e-18
691.5452125640496 3.093366184529083e-18
691.6073215948395 3.021990010242801e-18
691.6694306256293 3.1450492563820088e-18
691.7315396564193 3.128817904812187e-18
691.793648687209 3.0952054206210947e-18
691.8557577179989 3.156554925112315e-18
691.9178667487888 3.182967629251746e-18
691.9799757795787 3.1050906425314097e-18
692.0420848103686 3.0842746424165128e-18
692.1041938411585 3.120278712553649e-18
692.1663028719483 3.1315039670563e-18
692.2284119027382 3.2115307961886613e-18
692.2905209335281 3.2025414108817413e-18
692.352629964318 3.1186609540706484e-18
692.4147389951079 3.0900642863189245e-18
692.4768480258977 3.143703433525385e-18
692.5389570566877 3.1984884326753846e-18
692.6010660874774 3.1640007913962112e-18
692.6631751182673 3.1418106374887106e-18
692.7252841490572 3.1455858898044026e-18
692.7873931798471 3.1593266005498272e-18
692.849502210637 3.2008258382913063e-18
692.9116112414268 3.1688710240477703e-18
692.9737202722167 3.0663527404697857e-18
693.0358293030066 3.0845881438686704e-18
693.0979383337965 3.173115494565933e-18
693.1600473645863 3.2455994704875766e-18
693.2221563953763 3.3062121638481654e-18
693.284265426166 3.2525951437230907e-18
693.346374456956 3.1575202448871645e-18
693.4084834877458 3.1726282851851393e-18
693.4705925185357 3.1783513410482406e-18
693.5327015493256 3.1299281879893863e-18
693.5948105801154 3.141473147798789e-18
693.6569196109053 3.1942826328508587e-18
693.7190286416952 3.148177239868378e-18
693.7811376724851 3.1768700673663112e-18
693.843246703275 3.164800881843703e-18
693.9053557340649 3.0844808171841916e-18
693.9674647648546 3.0300072515348182e-18
694.0295737956446 3.0516556021410967e-18
694.0916828264344 3.083579397111662e-18
694.1537918572243 3.022034677995879e-18
694.2159008880142 2.9972895699713552e-18
694.2780099188041 3.1176919119830425e-18
694.340118949594 3.1263256096265647e-18
694.4022279803838 3.258735512205225e-18
694.4643370111737 3.52540199808007e-18
694.5264460419636 3.707452870374416e-18
694.5885550727535 3.7477100964261464e-18
694.6506641035434 3.7024434645847945e-18
694.7127731343332 3.6969989617929705e-18
694.774882165123 3.828867267865562e-18
694.836991195913 3.804407123562062e-18
694.8991002267028 3.644139225518688e-18
694.9612092574927 3.61446949771733e-18
695.0233182882826 3.593768889297884e-18
695.0854273190724 3.4857180081928385e-18
695.1475363498623 3.3344978116895693e-18
695.2096453806522 3.2169322855886326e-18
695.2717544114421 3.196725297199728e-18
695.333863442232 3.234745826875115e-18
695.3959724730219 3.2043452850025663e-18
695.4580815038117 3.19461681381833e-18
695.5201905346016 3.182215308484629e-18
695.5822995653914 3.1201744877964673e-18
695.6444085961814 3.131466950723888e-18
695.7065176269712 3.1726493782907594e-18
695.768626657761 3.190555770601001e-18
695.8307356885509 3.237741668258629e-18
695.8928447193408 3.323940298736402e-18
695.9549537501307 3.474846373402054e-18
696.0170627809206 3.562031209965143e-18
696.0791718117105 3.5527014398361576e-18
696.1412808425004 3.627512895206372e-18
696.2033898732902 3.6958471127899904e-18
696.2654989040801 3.63790766037402e-18
696.32760793487 3.5585599465245644e-18
696.3897169656598 3.52662829333818e-18
696.4518259964498 3.4596754673775253e-18
696.5139350272395 3.410324631261693e-18
696.5760440580294 3.372940823862818e-18
696.6381530888193 3.316898303386585e-18
696.7002621196092 3.2275402565591658e-18
696.7623711503991 3.107461962552446e-18
696.824480181189 3.135593341209609e-18
696.8865892119788 3.195734128030736e-18
696.9486982427687 3.135616088676454e-18
697.0108072735586 3.1206681078270083e-18
697.0729163043485 3.1553902548098405e-18
697.1350253351384 3.1181092246020755e-18
697.1971343659282 3.101338137682563e-18
697.2592433967181 3.1050472155492507e-18
697.3213524275079 3.064164847749583e-18
697.3834614582978 3.0457671101554848e-18
697.4455704890877 3.0827753775562604e-18
697.5076795198776 3.124060168723935e-18
697.5697885506675 3.1499356190555127e-18
697.6318975814573 3.1724450646794588e-18
697.6940066122472 3.2103390357211256e-18
697.7561156430371 3.2398784825760067e-18
697.818224673827 3.1894014400561833e-18
697.8803337046169 3.180127297823392e-18
697.9424427354068 3.1408860563590294e-18
698.0045517661965 3.085260848501829e-18
698.0666607969865 3.1254171585188284e-18
698.1287698277763 3.1756361206875352e-18
698.1908788585662 3.098198987257924e-18
698.2529878893561 3.086714618428391e-18
698.315096920146 3.0718789273470994e-18
698.3772059509358 3.108852659957301e-18
698.4393149817257 3.1376348229613897e-18
698.5014240125156 3.109817359346691e-18
698.5635330433055 3.1338595706456977e-18
698.6256420740954 3.140110781329914e-18
698.6877511048851 3.0541431410381968e-18
698.7498601356751 3.0802595077231804e-18
698.8119691664649 3.163176299120649e-18
698.8740781972549 3.098628087200686e-18
698.9361872280447 3.066906744685043e-18
698.9982962588346 3.0766941524879237e-18
699.0604052896244 3.0761016843741826e-18
699.1225143204143 3.1093169150760963e-18
699.1846233512042 3.1072036754061764e-18
699.2467323819941 3.0812037343924096e-18
699.308841412784 3.0676253578421986e-18
699.3709504435739 3.072850450976543e-18
699.4330594743637 3.0862456070210735e-18
699.4951685051535 3.1231769466248816e-18
699.5572775359435 3.1275651397744755e-18
699.6193865667333 3.1034871529139757e-18
699.6814955975232 3.1289483925538173e-18
699.743604628313 3.205876189521249e-18
699.8057136591029 3.1762840099023174e-18
699.8678226898928 3.0818007519995198e-18
699.9299317206827 3.0697284645496146e-18
699.9920407514726 3.0924817216591108e-18
700.0541497822625 3.0677002176876346e-18
700.1162588130524 3.0865299503566386e-18
700.1783678438422 3.069277030730314e-18
700.2404768746321 3.049800029231987e-18
700.3025859054219 3.0487387565060815e-18
700.3646949362119 2.9996023669640535e-18
700.4268039670017 2.99776168330597e-18
700.4889129977915 3.0365078571737193e-18
700.5510220285814 3.0333689135442337e-18
700.6131310593713 3.0523208621487424e-18
700.6752400901612 3.0725309524649443e-18
700.7373491209511 3.017103027183838e-18
700.799458151741 3.0034661276052887e-18
700.8615671825308 3.0647070646411115e-18
700.9236762133207 3.0583125449157703e-18
700.9857852441106 3.0356343544468633e-18
701.0478942749005 3.0716142295510824e-18
701.1100033056903 3.0905965770431024e-18
701.1721123364803 3.126064013757845e-18
701.23422136727 3.0528399179831195e-18
701.2963303980599 3.0484891547562437e-18
701.3584394288498 3.007337746462343e-18
701.4205484596397 2.993547198085012e-18
701.4826574904296 3.0524590013110388e-18
701.5447665212195 3.0577508892798468e-18
701.6068755520093 2.9939111575545355e-18
701.6689845827992 3.017070353549642e-18
701.7310936135891 2.963563762036343e-18
701.793202644379 2.9838119026607224e-18
701.8553116751689 3.036374267504792e-18
701.9174207059586 2.9703350625307022e-18
701.9795297367486 3.011111551211963e-18
702.0416387675384 3.0709158823189345e-18
702.1037477983283 3.0687571477153242e-18
702.1658568291182 2.9807740818611214e-18
702.2279658599081 3.032227817889217e-18
702.290074890698 3.0649761051353443e-18
702.3521839214878 3.0536728888599604e-18
702.4142929522777 3.0696478144398907e-18
702.4764019830676 3.0129782910593422e-18
702.5385110138575 2.9840902489368465e-18
702.6006200446474 2.9911272812029883e-18
702.6627290754373 3.0106967201347678e-18
702.724838106227 3.0145493138377335e-18
702.786947137017 3.0135709659682364e-18
702.8490561678068 3.051949458053706e-18
702.9111651985967 3.025535926733663e-18
702.9732742293866 2.9539471670299548e-18
703.0353832601764 3.003798861006688e-18
703.0974922909663 3.1363059573073233e-18
703.1596013217562 3.1249690334219778e-18
703.2217103525461 2.9981603843612204e-18
703.283819383336 2.9656488775654362e-18
703.3459284141259 3.0171758190777425e-18
703.4080374449157 3.0326151452110448e-18
703.4701464757056 3.01483572512483e-18
703.5322555064954 2.996246908809232e-18
703.5943645372854 3.0311014046900728e-18
703.6564735680752 2.9903319470440185e-18
703.718582598865 2.9782857157834088e-18
703.7806916296549 2.96057784682018e-18
703.8428006604448 2.897334305521366e-18
703.9049096912347 2.937439330340387e-18
703.9670187220246 2.9854528222008745e-18
704.0291277528145 2.968147790195959e-18
704.0912367836044 2.9298369201255654e-18
704.1533458143942 2.9474641389790704e-18
704.215454845184 2.967463091443918e-18
704.277563875974 2.970476717210602e-18
704.3396729067638 2.9602184368440256e-18
704.4017819375538 2.9526189217613478e-18
704.4638909683435 2.9619313210974698e-18
704.5259999991334 2.983615240470088e-18
704.5881090299233 3.009503305306007e-18
704.6502180607132 2.927242468134293e-18
704.7123270915031 2.9696865529304607e-18
704.774436122293 3.025021420392655e-18
704.8365451530829 3.06737637647782e-18
704.8986541838727 3.02727403999579e-18
704.9607632146626 3.013866476242071e-18
705.0228722454524 3.0164152265045e-18
705.0849812762424 3.0494397920752202e-18
705.1470903070322 3.0616723457688076e-18
705.209199337822 3.1024550383046626e-18
705.2713083686119 2.9712104264139365e-18
705.3334173994018 2.9611368141191126e-18
705.3955264301917 2.9858428378596933e-18
705.4576354609816 2.9302232134716277e-18
705.5197444917715 2.8778006421510795e-18
705.5818535225613 2.9519666898483497e-18
705.6439625533512 3.0008321777397667e-18
705.7060715841411 2.960268481271085e-18
705.768180614931 2.9291950279702243e-18
705.8302896457208 2.9048581335779954e-18
705.8923986765108 2.9135305019151544e-18
705.9545077073005 2.9372767893500205e-18
706.0166167380904 2.9503168781166127e-18
706.0787257688803 2.950743910107843e-18
706.1408347996702 2.925076909290629e-18
706.2029438304601 2.9308330523782324e-18
706.26505286125 2.9199516982152505e-18
706.3271618920398 2.8894556169819517e-18
706.3892709228297 2.9395581534794417e-18
706.4513799536196 3.007615885943314e-18
706.5134889844095 2.9501696399675782e-18
706.5755980151994 2.9136864254606207e-18
706.6377070459891 2.9184962739274634e-18
706.6998160767791 2.925995079770563e-18
706.7619251075689 2.961074775573171e-18
706.8240341383588 3.0015412783198778e-18
706.8861431691487 2.95593095293401e-18
706.9482521999386 2.9697763020269227e-18
707.0103612307284 2.9566075866750785e-18
707.0724702615183 2.9017801945186855e-18
707.1345792923082 2.9235015438140218e-18
707.1966883230981 2.9195931154197087e-18
707.258797353888 2.9334556285103318e-18
707.3209063846779 2.9206783763833783e-18
707.3830154154678 2.9202106057469796e-18
707.4451244462575 2.9425864617019984e-18
707.5072334770475 2.9415624121036577e-18
707.5693425078373 2.92934102534834e-18
707.6314515386272 2.957257543841392e-18
707.6935605694171 2.9411122190552757e-18
707.7556696002069 2.9496764335273435e-18
707.8177786309968 2.9633356669824317e-18
707.8798876617867 2.936236402934582e-18
707.9419966925766 2.9500192998912467e-18
708.0041057233665 2.9323693335708965e-18
708.0662147541564 2.9134570896357904e-18
708.1283237849462 2.950652506650156e-18
708.1904328157361 2.9459007676213452e-18
708.2525418465259 2.950049491983605e-18
708.3146508773159 2.947610136357186e-18
708.3767599081057 2.9395904135233313e-18
708.4388689388956 2.950184322423451e-18
708.5009779696854 2.929636122031868e-18
708.5630870004753 2.9198650510460855e-18
708.6251960312652 2.9567223579850702e-18
708.6873050620551 2.9847617127990865e-18
708.749414092845 2.9660891444464675e-18
708.8115231236349 2.9623211299611354e-18
708.8736321544247 2.9188972497293985e-18
708.9357411852146 2.9080758661608266e-18
708.9978502160045 2.936948398646837e-18
709.0599592467943 2.8869935138886876e-18
709.1220682775843 2.8645349398724135e-18
709.184177308374 2.9607922933939842e-18
709.2462863391639 2.9409085258294346e-18
709.3083953699538 2.928532042709263e-18
709.3705044007437 2.9694456365770546e-18
709.4326134315336 2.9825734064885774e-18
709.4947224623235 2.987077818514235e-18
709.5568314931134 2.940230030931988e-18
709.6189405239032 2.92200165856831e-18
709.6810495546931 2.9365308792326508e-18
709.7431585854829 2.9017216714903474e-18
709.8052676162729 2.882017815709028e-18
709.8673766470627 2.8927784015025772e-18
709.9294856778525 2.9074418322213047e-18
709.9915947086424 2.915315557677044e-18
710.0537037394323 2.9036628575928562e-18
710.1158127702222 2.8987336883226527e-18
710.1779218010121 2.859825387054843e-18
710.240030831802 2.8643283515144284e-18
710.3021398625918 2.902524243479677e-18
710.3642488933817 2.904363893161995e-18
710.4263579241716 2.8791319893469836e-18
710.4884669549615 2.9012683765146684e-18
710.5505759857513 2.9036994603349617e-18
710.6126850165413 2.8900307143028292e-18
710.674794047331 2.945516128636508e-18
710.7369030781209 2.908057047801891e-18
710.7990121089108 2.851500641370109e-18
710.8611211397007 2.883772472583406e-18
710.9232301704906 2.9200081532920572e-18
710.9853392012805 2.8738651235917054e-18
711.0474482320703 2.87499815423575e-18
711.1095572628602 2.8964198573541888e-18
711.1716662936501 2.875798244683242e-18
711.23377532444 2.888589765675762e-18
711.2958843552299 2.9441169526303746e-18
711.3579933860196 2.941399664318138e-18
711.4201024168096 2.921007180676868e-18
711.4822114475994 2.940981110928186e-18
711.5443204783893 2.978757208732564e-18
711.6064295091792 2.840974974870525e-18
711.6685385399691 2.901838924342177e-18
711.730647570759 3.013559592234814e-18
711.7927566015488 2.961420123478912e-18
711.8548656323387 2.920266440438327e-18
711.9169746631286 2.87140095254691e-18
711.9790836939185 2.8174464427319136e-18
712.0411927247084 2.83702622142135e-18
712.1033017554983 2.884727866190905e-18
712.165410786288 2.8630067236907218e-18
712.227519817078 2.949152414609291e-18
712.2896288478678 2.925281843287389e-18
712.3517378786577 2.8691981705756812e-18
712.4138469094476 2.8687796171857294e-18
712.4759559402374 2.89420652883015e-18
712.5380649710273 2.984473853945918e-18
712.6001740018172 2.9736665324477596e-18
712.6622830326071 2.9162188389059518e-18
712.724392063397 2.921512381235985e-18
712.7865010941869 2.9155517177419278e-18
712.8486101249767 2.8848682800998858e-18
712.9107191557666 2.889971984479338e-18
712.9728281865564 2.8739008991531983e-18
713.0349372173464 2.8668816512702264e-18
713.0970462481362 2.9045952969383566e-18
713.159155278926 2.9226160469682838e-18
713.2212643097159 2.9041225632182826e-18
713.2833733405058 2.876767907156307e-18
713.3454823712957 2.874226394724238e-18
713.4075914020856 2.8892401364323816e-18
713.4697004328755 2.8855871000521943e-18
713.5318094636654 2.900189319405593e-18
713.5939184944552 2.8969097550719733e-18
713.6560275252451 2.9316906318782967e-18
713.718136556035 3.0270854428161278e-18
713.7802455868248 2.9019834741542205e-18
713.8423546176148 2.8500292938555305e-18
713.9044636484045 2.896173564326801e-18
713.9665726791944 2.902843121605816e-18
714.0286817099843 2.8806587579626034e-18
714.0907907407742 2.8433417453981924e-18
714.1528997715641 2.8579745704342554e-18
714.215008802354 2.9023025590755128e-18
714.2771178331438 2.898023760561929e-18
714.3392268639337 2.8730594496750787e-18
714.4013358947236 2.8704180551840438e-18
714.4634449255135 2.80288475522853e-18
714.5255539563034 2.7912481851662872e-18
714.5876629870932 2.859626656912677e-18
714.6497720178832 2.8508206989065906e-18
714.7118810486729 2.8479816082491555e-18
714.7739900794628 2.887751004534633e-18
714.8360991102527 2.861523382057261e-18
714.8982081410426 2.843158938482818e-18
714.9603171718325 2.85150663842955e-18
715.0224262026223 2.8529788131247414e-18
715.0845352334122 2.8633938442173966e-18
715.1466442642021 2.8734389187810874e-18
715.208753294992 2.8941163661433817e-18
715.2708623257818 2.8976339516982635e-18
715.3329713565718 2.890638898848209e-18
715.3950803873615 2.8836335062404972e-18
715.4571894181514 2.815643395791701e-18
715.5192984489413 2.8168858210717558e-18
715.5814074797312 2.8738053597924484e-18
715.6435165105211 2.8619909458985067e-18
715.705625541311 2.8526272613644064e-18
715.7677345721008 2.882173532459341e-18
715.8298436028907 2.8736107655533453e-18
715.8919526336806 2.8718192991417086e-18
715.9540616644705 2.8775698587601773e-18
716.0161706952604 2.8597931270109533e-18
716.0782797260501 2.8866448572604965e-18
716.1403887568401 2.8497571514340005e-18
716.2024977876299 2.843293148537205e-18
716.2646068184198 2.8907809671184148e-18
716.3267158492097 2.905709922813772e-18
716.3888248799996 2.8094593935322547e-18
716.4509339107894 2.779229871251351e-18
716.5130429415793 2.7696995098238214e-18
716.5751519723692 2.752322719900767e-18
716.6372610031591 2.90315703664828e-18
716.699370033949 2.851361261436894e-18
716.7614790647389 2.8106767965987796e-18
716.8235880955287 2.8928681505990392e-18
716.8856971263185 2.9290994886094744e-18
716.9478061571085 2.8975311745071538e-18
717.0099151878983 2.8774102129019545e-18
717.0720242186882 2.854991343555083e-18
717.134133249478 2.8039367221725444e-18
717.1962422802679 2.7739381900776963e-18
717.2583513110578 2.7713476671943333e-18
717.3204603418477 2.7211282914353202e-18
717.3825693726376 2.7673180568402813e-18
717.4446784034275 2.82505443641587e-18
717.5067874342174 2.7368500997478093e-18
717.5688964650072 2.716953510883765e-18
717.6310054957971 2.7682172021661264e-18
717.6931145265869 2.8173600023579018e-18
717.7552235573769 2.81246784942011e-18
717.8173325881667 2.781492417021837e-18
717.8794416189565 2.7615135236868435e-18
717.9415506497464 2.7703281670893617e-18
718.0036596805363 2.7500318431943012e-18
718.0657687113262 2.7394486876421447e-18
718.1278777421161 2.754695073897569e-18
718.189986772906 2.739108096024926e-18
718.2520958036959 2.7531130909760613e-18
718.3142048344857 2.7455512126112546e-18
718.3763138652756 2.686539113735956e-18
718.4384228960655 2.675958232930484e-18
718.5005319268553 2.707576798255017e-18
718.5626409576453 2.7512107823623424e-18
718.624749988435 2.7561471894629058e-18
718.6868590192249 2.661514005074083e-18
718.7489680500148 2.6549011096670277e-18
718.8110770808047 2.708853758325646e-18
718.8731861115946 2.7469239188377864e-18
718.9352951423845 2.7212054260274408e-18
718.9974041731743 2.6915594796686934e-18
719.0595132039642 2.766354184631504e-18
719.1216222347541 2.812392989574674e-18
719.183731265544 2.799190153022562e-18
719.2458402963339 2.7859997241796383e-18
719.3079493271237 2.7847320698909007e-18
719.3700583579136 2.7293564637835383e-18
719.4321673887034 2.7424577639154594e-18
719.4942764194933 2.7742911894041033e-18
719.5563854502832 2.781628901822908e-18
719.6184944810731 2.8130266099238896e-18
719.680603511863 2.815710397421318e-18
719.7427125426528 2.823084712582228e-18
719.8048215734427 2.8291768977936812e-18
719.8669306042326 2.7924089263608523e-18
719.9290396350225 2.7182931298857947e-18
719.9911486658124 2.6541219055300028e-18
720.0532576966023 2.684135740466183e-18
720.115366727392 2.7721419673775374e-18
720.177475758182 2.790769454386772e-18
720.2395847889718 2.7280948065542418e-18
720.3016938197617 2.667182673811909e-18
720.3638028505516 2.6802566769836157e-18
720.4259118813414 2.7247228047871694e-18
720.4880209121313 2.738706086247225e-18
720.5501299429212 2.7964147552722934e-18
720.6122389737111 2.824297566155384e-18
720.674348004501 2.7446042976050345e-18
720.7364570352909 2.7543462104742247e-18
720.7985660660806 2.7798165491008044e-18
720.8606750968706 2.7354879400740876e-18
720.9227841276604 2.8022108098244525e-18
720.9848931584503 2.8844447636262586e-18
721.0470021892402 2.9119826401939146e-18
721.1091112200301 2.9111258878744628e-18
721.1712202508199 2.923117525214644e-18
721.2333292816098 2.9387355223602577e-18
721.2954383123997 2.893916395230297e-18
721.3575473431896 2.870979504024814e-18
721.4196563739795 2.843861835208335e-18
721.4817654047694 2.8744954352184708e-18
721.5438744355592 2.9212145962154658e-18
721.605983466349 2.9447495390038245e-18
721.668092497139 2.9698461987886834e-18
721.7302015279288 2.9030937573314198e-18
721.7923105587187 2.9303741739334186e-18
721.8544195895086 2.953528820435156e-18
721.9165286202984 2.935261156992382e-18
721.9786376510883 2.9663972692246435e-18
722.0407466818782 2.9618310254481977e-18
722.1028557126681 2.9071738257028376e-18
722.164964743458 2.888977506587896e-18
722.2270737742479 2.8871982410902945e-18
722.2891828050377 2.8996094657961933e-18
722.3512918358276 2.9295318972746865e-18
722.4134008666174 2.9232143053463127e-18
722.4755098974074 2.902494464977625e-18
722.5376189281972 2.920935009168423e-18
722.599727958987 2.905448120149899e-18
722.6618369897769 2.9054803801937884e-18
722.7239460205668 2.93789221172576e-18
722.7860550513567 2.870822132913276e-18
722.8481640821466 2.7942640856796556e-18
722.9102731129365 2.849105539906462e-18
722.9723821437263 2.8905677613155293e-18
723.0344911745162 2.838273402989927e-18
723.0966002053061 2.862355112163183e-18
723.158709236096 2.919313735167819e-18
723.2208182668858 2.8610099096920188e-18
723.2829272976758 2.8004516034567053e-18
723.3450363284655 2.7724484377944883e-18
723.4071453592554 2.7559461845740554e-18
723.4692543900453 2.7902057307993173e-18
723.5313634208352 2.8078033779459235e-18
723.5934724516251 2.74636536512916e-18
723.655581482415 2.6948191916676117e-18
723.7176905132048 2.738059437803362e-18
723.7797995439947 2.823455496291805e-18
723.8419085747846 2.843493533040596e-18
723.9040176055745 2.8325877770495436e-18
723.9661266363644 2.8078048255119955e-18
724.0282356671541 2.832684350386059e-18
724.0903446979441 2.796864327935216e-18
724.1524537287339 2.826078692809364e-18
724.2145627595238 2.8865360830099458e-18
724.2766717903137 2.7726763260532466e-18
724.3387808211036 2.751431639585894e-18
724.4008898518935 2.7116783733223613e-18
724.4629988826833 2.7195312124676334e-18
724.5251079134732 2.7879041007448885e-18
724.5872169442631 2.8058075979229862e-18
724.649325975053 2.8263934350324403e-18
724.7114350058429 2.817378200331378e-18
724.7735440366328 2.8151475010144756e-18
724.8356530674225 2.8425555102259607e-18
724.8977620982125 2.8612708851752793e-18
724.9598711290023 2.860691651951339e-18
725.0219801597922 2.831939267449302e-18
725.0840891905821 2.7619444847859837e-18
725.146198221372 2.6856794662843602e-18
725.2083072521618 2.6511256505561826e-18
725.2704162829517 2.6653020786892695e-18
725.3325253137416 2.741322044934424e-18
725.3946343445315 2.811844155238245e-18
725.4567433753214 2.7527636071672576e-18
725.5188524061113 2.6755086602675613e-18
725.5809614369011 2.7585668995497765e-18
725.6430704676909 2.859359063984516e-18
725.7051794984809 2.793518175562286e-18
725.7672885292707 2.801664043439555e-18
725.8293975600606 2.8565059112566675e-18
725.8915065908504 2.880052227778449e-18
725.9536156216403 2.8197238777534252e-18
726.0157246524302 2.71530183799565e-18
726.0778336832201 2.779809931655904e-18
726.13994271401 2.8222624950533504e-18
726.2020517447999 2.85821011011368e-18
726.2641607755897 2.8593855337641178e-18
726.3262698063795 2.768587365490244e-18
726.3883788371695 2.776381888402331e-18
726.4504878679593 2.8045533853192027e-18
726.5125968987492 2.7842272829220903e-18
726.574705929539 2.8050195015943763e-18
726.6368149603289 2.7981352909464037e-18
726.6989239911188 2.8221053307369654e-18
726.7610330219087 2.853983010388381e-18
726.8231420526986 2.884500805112759e-18
726.8852510834885 2.910674247260009e-18
726.9473601142784 2.8773907741575595e-18
727.0094691450682 2.8537952403893313e-18
727.0715781758581 2.870875899653092e-18
727.1336872066479 2.89524174536676e-18
727.1957962374379 2.922626800316247e-18
727.2579052682277 2.92826300221503e-18
727.3200142990175 2.8676507224447476e-18
727.3821233298074 2.781699212174975e-18
727.4442323605973 2.7602181588475855e-18
727.5063413913872 2.748900880501788e-18
727.5684504221771 2.667112777050148e-18
727.630559452967 2.7264189386332094e-18
727.6926684837568 3.0011144531238004e-18
727.7547775145467 3.2274349978262184e-18
727.8168865453366 3.4523230725028477e-18
727.8789955761265 3.547093155283048e-18
727.9411046069163 3.2479951923366833e-18
728.0032136377063 2.949407806623417e-18
728.065322668496 2.9978568090764134e-18
728.1274316992859 0.0
