# Wavelength in nm, Data in W / (nm m2)
wavelength data
328.8437582230638 8.910779927190365e-19
328.905856707575 1.1925983436727027e-18
328.96795519208627 6.566868897725713e-19
329.0300536765975 -1.248958497365556e-19
329.09215216110874 7.221978136103007e-19
329.15425064562004 1.0394384786995183e-18
329.2163491301313 5.432847270413789e-19
329.2784476146425 1.1018984352240144e-18
329.3405460991538 1.6836334232890962e-18
329.40264458366505 2.060054697910938e-18
329.4647430681763 1.5899565048519869e-18
329.52684155268753 1.0129560929452925e-18
329.58894003719877 5.482781413139016e-19
329.65103852171 1.3495527975834418e-18
329.71313700622125 1.976954000097291e-18
329.77523549073254 1.5336604804738678e-18
329.8373339752438 1.6187975425810849e-18
329.8994324597551 3.6815672686715564e-18
329.9615309442663 7.767272586678108e-19
330.02362942877755 -8.203434334976318e-19
330.0857279132888 -6.318169467797991e-20
330.14782639780003 2.0613423479196056e-18
330.20992488231127 9.453330912423638e-19
330.2720233668225 1.4429128167745397e-18
330.33412185133375 3.029915530621227e-18
330.39622033584504 3.9992212883515314e-19
330.4583188203563 3.819346516531767e-19
330.5204173048676 1.3165017003201795e-18
330.5825157893788 3.183699645100095e-19
330.64461427389006 1.1736240189075117e-18
330.7067127584013 1.99608478827297e-18
330.76881124291253 4.4391339214119495e-18
330.8309097274238 3.641579094430207e-18
330.893008211935 4.661509138451684e-19
330.95510669644625 3.0489504505743645e-19
331.01720518095755 -7.104342892710043e-19
331.0793036654688 2.664080364373262e-19
331.1414021499801 4.503190621651028e-18
331.2035006344913 3.1991524751894305e-18
331.26559911900256 2.6863483662171187e-18
331.3276976035138 4.644923288773294e-19
331.38979608802504 -2.8056534483963664e-20
331.4518945725363 1.6671272072963505e-18
331.5139930570475 1.771926388016515e-18
331.5760915415588 3.201607009375786e-18
331.63819002607005 5.171156682262997e-18
331.7002885105813 3.618961359593259e-18
331.7623869950926 2.826912707523403e-18
331.8244854796038 -2.7617242352684407e-18
331.88658396411506 -2.026179714326228e-18
331.9486824486263 3.663920710724334e-18
332.01078093313754 2.8176587139225618e-18
332.0728794176488 2.185673445861761e-18
332.13497790216 -7.404101723104286e-19
332.1970763866713 9.095823110995266e-19
332.25917487118255 1.3895380526377293e-18
332.3212733556938 1.0348809951001369e-18
332.3833718402051 1.2171440265550115e-18
332.4454703247163 3.5735641090294655e-18
332.50756880922756 4.03305741858079e-18
332.5696672937388 5.901248331773287e-18
332.63176577825004 5.572393958596032e-18
332.6938642627613 2.765043055673496e-18
332.7559627472725 1.997640777650919e-18
332.8180612317838 6.709344077702714e-18
332.88015971629505 6.425622719224942e-18
332.94225820080635 3.650790413252468e-18
333.0043566853176 9.076689870982419e-18
333.0664551698288 6.3907044184606385e-18
333.12855365434007 1.3564012202975139e-18
333.1906521388513 6.11265351945021e-18
333.25275062336254 1.1208788417639589e-17
333.3148491078738 7.553325084698861e-18
333.376947592385 9.51440417779698e-19
333.4390460768963 1.480781474102995e-18
333.50114456140756 3.3833500464688725e-18
333.56324304591885 1.1232726897409606e-17
333.6253415304301 1.0034462754848258e-17
333.68744001494133 6.219022911183381e-18
333.74953849945257 5.171800772630801e-18
333.8116369839638 4.2764350295676774e-18
333.87373546847505 5.9156803552024865e-18
333.9358339529863 1.2127101652582865e-17
333.9979324374975 1.6771570238331144e-18
334.0600309220088 3.994651419127218e-18
334.12212940652006 4.124273339847053e-18
334.18422789103136 -1.0430521494655294e-18
334.2463263755426 8.652477871479605e-18
334.30842486005383 9.618808877607981e-18
334.3705233445651 1.0184357285778323e-17
334.4326218290763 1.4628455360780405e-17
334.49472031358755 9.103281607058303e-18
334.5568187980988 1.0853490125428163e-17
334.6189172826101 1.7371804582546877e-17
334.6810157671213 1.8083895265035087e-17
334.74311425163256 1.0674835282522052e-17
334.80521273614386 -1.5015261625978682e-18
334.8673112206551 7.934361355800988e-18
334.92940970516634 9.274603742493692e-18
334.9915081896776 1.3254397627800754e-17
335.0536066741888 1.3071552821224472e-17
335.11570515870005 -1.2515361108717288e-18
335.1778036432113 9.050066269347368e-18
335.2399021277226 4.873050337052192e-18
335.3020006122338 5.714197818850597e-18
335.36409909674506 1.7315458119549768e-17
335.42619758125636 2.303490273954683e-17
335.4882960657676 1.767997839964125e-17
335.55039455027884 1.1259284199331278e-17
335.6124930347901 1.1460796013575358e-17
335.6745915193013 -4.832998987292319e-18
335.73669000381256 4.1338734354587556e-18
335.7987884883238 8.380581925158867e-18
335.8608869728351 6.403589492112354e-19
335.92298545734633 3.650664289141483e-18
335.9850839418576 4.325390367532738e-18
336.04718242636886 -1.600019956410943e-18
336.1092809108801 2.9100591208357625e-18
336.17137939539134 1.3925044834928295e-17
336.2334778799026 1.7613666609541542e-17
336.2955763644138 2.1550012275601102e-17
336.35767484892506 3.1083988668390276e-17
336.4197733334363 1.9311830796987316e-17
336.4818718179476 5.8602786348301954e-18
336.54397030245883 1.3814241550804558e-18
336.6060687869701 8.218954658833136e-18
336.66816727148137 -1.4472579488288966e-18
336.7302657559926 1.1677714048490328e-17
336.79236424050384 1.4783827978441977e-17
336.8544627250151 1.3978730822307537e-17
336.9165612095263 1.1945560522063553e-17
336.97865969403756 2.180099920116554e-17
337.0407581785488 1.3888591333016597e-17
337.1028566630601 1.3600019659743594e-17
337.16495514757133 1.5961086113503662e-17
337.22705363208263 5.97950224453068e-18
337.28915211659387 5.721115786080029e-18
337.3512506011051 2.146027854667947e-17
337.41334908561635 2.0258904745943803e-17
337.4754475701276 2.8879149346137674e-17
337.5375460546388 2.430586265149863e-17
337.59964453915006 1.987372443488418e-17
337.66174302366136 1.9704410841815137e-17
337.7238415081726 1.1103904476483187e-17
337.78593999268384 1.5046602850401975e-17
337.84803847719513 9.453737973744943e-18
337.91013696170637 2.1975157347586457e-17
337.9722354462176 2.1495056795601018e-17
338.03433393072885 7.411654291788261e-18
338.0964324152401 1.8327505127412773e-17
338.1585308997513 1.9275329742857616e-17
338.22062938426257 3.570536741752438e-17
338.28272786877386 2.164439037633263e-17
338.3448263532851 2.5693032089886207e-17
338.40692483779634 2.807719587550806e-17
338.46902332230763 1.0444170109897514e-17
338.5311218068189 1.7685649459871974e-17
338.5932202913301 8.750907050080036e-18
338.65531877584135 1.559463380275923e-17
338.7174172603526 1.389256980093192e-17
338.77951574486383 9.867105294680268e-18
338.84161422937507 2.5719696824855685e-17
338.90371271388636 2.6500375227740963e-17
338.9658111983976 2.185332527788519e-17
339.02790968290884 2.786279922293034e-17
339.09000816742014 3.0337764635953054e-17
339.1521066519314 1.7825305553156862e-17
339.2142051364426 2.2319326090793968e-17
339.27630362095385 1.6357815337596412e-17
339.3384021054651 1.2733985053404456e-17
339.40050058997633 1.0987339804839051e-17
339.46259907448757 1.1040867086924192e-17
339.52469755899887 9.294827303005142e-18
339.5867960435101 3.4306437654159424e-18
339.6488945280214 1.909684206497811e-17
339.71099301253264 2.825408384661315e-17
339.7730914970439 3.882321641579006e-17
339.8351899815551 2.2691032981342695e-17
339.89728846606636 1.6713698974294702e-17
339.9593869505776 2.2048400935462718e-17
340.02148543508883 1.998505494379922e-17
340.0835839196001 8.626037902243528e-18
340.14568240411137 4.1368822865227875e-18
340.2077808886226 9.853282111037133e-18
340.2698793731339 1.9862559736099275e-18
340.33197785764514 1.7635359568324924e-17
340.3940763421564 2.6011163066148378e-17
340.4561748266676 1.59809515651551e-17
340.51827331117886 1.4857269908805157e-17
340.5803717956901 6.028739818684653e-18
340.64247028020134 2.493191577147999e-17
340.70456876471263 2.1485763287285942e-17
340.7666672492239 6.3986012656673975e-19
340.8287657337351 1.8583465710489784e-17
340.8908642182464 1.528282847826522e-17
340.95296270275765 2.0388975383670522e-17
341.0150611872689 1.7209603990299512e-17
341.0771596717801 1.5527953900990244e-17
341.13925815629136 2.162635951519414e-17
341.2013566408026 1.2008309867448905e-17
341.26345512531384 5.992517760498127e-18
341.32555360982514 1.712080908436144e-18
341.3876520943364 7.584516971741028e-18
341.4497505788476 2.1126340029511056e-17
341.5118490633589 2.4551743123045375e-17
341.57394754787015 1.9254333620882145e-17
341.6360460323814 2.794938145902354e-17
341.6981445168926 2.8460376870358445e-17
341.76024300140386 2.051311602123908e-17
341.8223414859151 1.892388000820252e-17
341.88443997042634 2.110049228412563e-17
341.94653845493764 1.52104550870384e-17
342.0086369394489 2.081333299273047e-17
342.0707354239601 2.0964781166155914e-17
342.1328339084714 1.8543432642529773e-17
342.19493239298265 2.0351993395111245e-17
342.2570308774939 1.0163790578707354e-17
342.3191293620051 2.7734916876199884e-17
342.38122784651637 1.9097797030529694e-17
342.4433263310276 2.783490921351401e-17
342.50542481553884 3.9133719201471323e-17
342.56752330005014 1.415884538105064e-17
342.6296217845614 2.5595555084320786e-17
342.6917202690727 1.3761669303787833e-17
342.7538187535839 1.5034747307492178e-17
342.81591723809515 2.8012254104688868e-18
342.8780157226064 1.3250586101686854e-18
342.94011420711763 2.13943436840483e-17
343.00221269162887 1.5691166881724095e-17
343.0643111761401 9.219621989564093e-18
343.12640966065135 2.511937826527055e-17
343.18850814516264 3.927227802973264e-17
343.2506066296739 3.3426351401513493e-17
343.3127051141852 1.4042148095082272e-17
343.3748035986964 1.3819311330264349e-17
343.43690208320766 1.8011476031314092e-17
343.4990005677189 2.507942650472914e-18
343.56109905223013 1.3668025649694255e-17
343.6231975367414 2.6398910780872955e-17
343.6852960212526 2.5147722750078148e-17
343.74739450576385 2.4109499782701995e-18
343.80949299027515 2.206699938732119e-17
343.8715914747864 3.4025457100397e-17
343.9336899592977 2.998669396460237e-17
343.9957884438089 3.410623914865364e-17
344.05788692832016 2.103089175845261e-17
344.1199854128314 1.2345821858951194e-17
344.18208389734264 2.2903077371993366e-17
344.2441823818539 3.62615307536315e-17
344.3062808663651 2.938173492863139e-17
344.3683793508764 1.4178759155387748e-17
344.43047783538765 3.728518956103421e-17
344.4925763198989 3.548980744818499e-17
344.5546748044102 1.661630704096246e-17
344.6167732889214 1.462502780181527e-17
344.67887177343266 3.148953400553457e-17
344.7409702579439 2.645825310390861e-17
344.80306874245514 2.72744200485882e-17
344.8651672269664 2.7423997284631582e-17
344.9272657114776 2.717162797701464e-17
344.9893641959889 2.1587999316650325e-17
345.05146268050015 1.6596376325415966e-17
345.1135611650114 2.855366388367442e-17
345.1756596495227 2.966155769754772e-17
345.2377581340339 1.9216187897950412e-17
345.29985661854516 1.7411644918893003e-17
345.3619551030564 1.2238260101801253e-17
345.42405358756764 1.1004686928110557e-17
345.4861520720789 1.1891848267718152e-17
345.5482505565901 2.5903514331867836e-17
345.6103490411014 2.939477139235994e-17
345.67244752561265 2.7659026379449963e-17
345.73454601012395 2.4547862219128545e-17
345.7966444946352 2.019897078632364e-17
345.8587429791464 2.7291069576671166e-17
345.92084146365767 2.8021524738978296e-17
345.9829399481689 2.6458956203883465e-17
346.04503843268014 2.4843063939507683e-17
346.1071369171914 2.3663506891967747e-17
346.1692354017026 5.623769903306795e-18
346.2313338862139 1.0713348431718658e-17
346.29343237072516 1.5467840062266196e-17
346.35553085523645 2.4013516727661373e-17
346.4176293397477 2.1254918511486573e-17
346.47972782425893 2.39409882581022e-17
346.54182630877017 3.1139326065405134e-17
346.6039247932814 2.188520651906614e-17
346.66602327779265 1.7706435017189538e-17
346.7281217623039 2.079241185634675e-17
346.7902202468151 1.3800286472203722e-17
346.8523187313264 1.3517563010415954e-17
346.91441721583766 2.8238707677154167e-18
346.97651570034895 -2.3137531068419973e-18
347.0386141848602 -5.126119663859092e-18
347.10071266937143 1.310673218398609e-17
347.16281115388267 2.4936550114448618e-17
347.2249096383939 1.9633397465337094e-17
347.28700812290515 2.1775020131588084e-17
347.3491066074164 2.6229397373756165e-17
347.4112050919277 1.5140298274975758e-17
347.4733035764389 1.9034371322474768e-17
347.53540206095016 1.0832874796431304e-17
347.59750054546146 1.7509497958579325e-17
347.6595990299727 1.888703965173942e-17
347.72169751448394 2.6887359702926574e-17
347.7837959989952 2.0298150315489504e-17
347.8458944835064 3.1201900715830064e-17
347.90799296801765 1.3057521903783959e-17
347.9700914525289 1.60153410995259e-17
348.0321899370402 1.7642873884004547e-17
348.0942884215514 1.8743068740153527e-17
348.15638690606266 3.4176842034888384e-17
348.21848539057396 1.9720377092487568e-17
348.2805838750852 2.4768755461583993e-17
348.34268235959644 1.963922907837413e-17
348.4047808441077 1.392950176121382e-17
348.4668793286189 1.4921411599979542e-17
348.52897781313015 1.973237630497517e-17
348.5910762976414 1.743357437571233e-17
348.6531747821527 1.7019177562769105e-17
348.7152732666639 1.2018717074725781e-17
348.7773717511752 1.7189439507382148e-17
348.83947023568646 8.136241171146046e-18
348.9015687201977 5.588927303310603e-18
348.96366720470894 8.467728494259583e-18
349.0257656892202 1.227378392301957e-17
349.0878641737314 1.0437945329557644e-17
349.14996265824266 1.713629022506962e-17
349.2120611427539 1.9366501387067247e-17
349.2741596272652 1.7443650044733857e-17
349.33625811177643 2.1586605262538728e-17
349.3983565962877 1.41498955666642e-17
349.46045508079897 1.9930378998114132e-17
349.5225535653102 1.7750396557744957e-17
349.58465204982144 2.238196563226659e-18
349.6467505343327 1.1767946981141222e-17
349.7088490188439 1.8730805708881356e-17
349.77094750335516 1.1883913410862117e-17
349.8330459878664 7.546783883173714e-18
349.8951444723777 1.2648542318818236e-17
349.95724295688893 2.5858532088757225e-17
350.01934144140023 1.434326660270028e-17
350.08143992591147 1.5333522558715932e-17
350.1435384104227 1.4332533638304993e-17
350.20563689493395 8.406117957855344e-18
350.2677353794452 1.3286621090016277e-18
350.3298338639564 5.437003527755444e-18
350.39193234846766 1.5144338408515435e-17
350.45403083297896 1.3384148854173347e-17
350.5161293174902 1.1567592886500826e-17
350.57822780200144 1.39385187665185e-17
350.64032628651273 1.4970591755347246e-17
350.70242477102397 1.1861654592965345e-17
350.7645232555352 1.5029598501019387e-17
350.82662174004645 1.2633892116759413e-17
350.8887202245577 7.253889473409862e-18
350.9508187090689 1.42908902646689e-17
351.01291719358017 1.1560508431448467e-17
351.07501567809146 1.3015988269919074e-17
351.1371141626027 1.9541898582033908e-17
351.19921264711394 1.3041957891758013e-17
351.26131113162523 1.809855391881891e-17
351.3234096161365 2.2132505108199675e-18
351.3855081006477 1.165149878131125e-17
351.44760658515895 1.4875604787877876e-17
351.5097050696702 2.3115838031015507e-17
351.57180355418143 1.868058364076458e-17
351.63390203869267 1.6900397941936655e-17
351.69600052320396 1.812823675641938e-17
351.7580990077152 1.6691290608592234e-17
351.82019749222644 1.0532836157770046e-17
351.88229597673774 1.722640827170608e-17
351.944394461249 8.77053724601238e-18
352.0064929457602 1.1744914288244221e-17
352.06859143027145 1.5344919435241115e-17
352.1306899147827 8.734679583825753e-18
352.19278839929393 1.0008443558112537e-17
352.25488688380517 1.1966313667966142e-17
352.31698536831647 1.237031353291311e-17
352.3790838528277 1.6703737486127232e-17
352.441182337339 1.1520134510439992e-17
352.50328082185024 1.2860012590619398e-17
352.5653793063615 1.5046028561533025e-17
352.6274777908727 7.216500671674211e-18
352.68957627538396 3.327912487327584e-18
352.7516747598952 9.463228448490795e-18
352.81377324440643 7.066920447186509e-18
352.8758717289177 7.474216071319967e-18
352.93797021342897 6.3631584241211524e-18
353.0000686979402 1.1036289930866824e-17
353.0621671824515 1.1316505320794053e-17
353.12426566696274 5.8052832853656354e-18
353.186364151474 1.5822885879207464e-17
353.2484626359852 1.9094667833742185e-17
353.31056112049646 1.871349110487376e-17
353.3726596050077 1.8745759321782592e-17
353.43475808951894 1.3032408376360638e-17
353.4968565740302 6.081856579639394e-18
353.55895505854147 6.119270329681429e-18
353.6210535430527 7.513425631425192e-18
353.683152027564 1.6878798916753045e-17
353.74525051207524 1.392406735603212e-17
353.8073489965865 5.6441611140934644e-18
353.8694474810977 3.5670038740868055e-18
353.93154596560896 8.613495012461294e-18
353.9936444501202 9.42636836973917e-18
354.05574293463144 1.208420871338079e-17
354.11784141914274 1.5524931626265193e-17
354.179939903654 1.1594030904704592e-17
354.2420383881652 1.1141727803072595e-17
354.3041368726765 1.0100733382125413e-17
354.36623535718775 1.0805011424524613e-17
354.428333841699 6.121879892855581e-18
354.4904323262102 6.958225355490783e-18
354.55253081072146 2.3017090412008512e-18
354.6146292952327 6.2482032591695065e-18
354.67672777974394 1.2435600963441112e-17
354.73882626425524 9.302299764975387e-18
354.8009247487665 8.830116181372601e-18
354.8630232332777 5.647574453479654e-18
354.925121717789 7.499369377920369e-18
354.98722020230025 9.269302362609785e-18
355.0493186868115 1.2259380370900698e-17
355.1114171713227 5.524068992446755e-18
355.17351565583397 7.745260614006979e-18
355.2356141403452 5.678102346604438e-18
355.29771262485644 5.920720550411518e-18
355.35981110936774 5.457881088661075e-18
355.421909593879 8.319453023358345e-18
355.4840080783903 7.994811438267232e-18
355.5461065629015 4.709352097017997e-18
355.60820504741275 6.7917132095637426e-18
355.670303531924 1.1717896670931423e-17
355.73240201643523 9.739385227315806e-18
355.79450050094647 8.193208785164458e-18
355.8565989854577 7.361106202670756e-18
355.91869746996895 9.776007142432162e-18
355.98079595448024 1.2908211733477121e-17
356.0428944389915 1.4090751055856307e-17
356.1049929235028 9.72806579306818e-18
356.167091408014 9.970584986676874e-18
356.22918989252526 1.2239059935573991e-17
356.2912883770365 1.1221358623434243e-17
356.35338686154773 5.895561563569849e-18
356.415485346059 4.317503129097723e-18
356.4775838305702 5.620049569011103e-18
356.53968231508145 9.086248122844753e-18
356.60178079959275 8.70628165138099e-18
356.663879284104 6.1327868963818594e-18
356.7259777686153 8.782667560064356e-18
356.7880762531265 1.231750158272433e-17
356.85017473763776 8.033342002546678e-18
356.912273222149 6.138326579803887e-18
356.97437170666024 2.510468680983261e-18
357.0364701911715 6.166185074873644e-18
357.0985686756827 2.705370659134783e-18
357.160667160194 4.3518597280065055e-18
357.22276564470525 6.559456366124176e-18
357.2848641292165 6.673262515758784e-18
357.3469626137278 7.468850033540842e-18
357.409061098239 9.913946489818271e-18
357.47115958275026 1.0136285811754527e-17
357.5332580672615 6.953537991793106e-18
357.59535655177274 5.517830827283966e-18
357.657455036284 7.74602835926671e-18
357.7195535207952 1.0941817158570164e-17
357.7816520053065 7.453666227527871e-18
357.84375048981775 3.5163768783985495e-18
357.905848974329 6.277174752763828e-18
357.9679474588403 8.019117479462272e-18
358.0300459433515 4.4187679830623784e-18
358.09214442786276 3.2401540003520666e-18
358.154242912374 3.919698677295394e-18
358.21634139688524 8.478070639350667e-18
358.2784398813965 8.153756981628203e-18
358.3405383659077 7.066754919043469e-18
358.402636850419 7.644291463488372e-18
358.46473533493025 4.776762292519351e-18
358.52683381944155 8.918507985749084e-18
358.5889323039528 1.0016628265340303e-17
358.651030788464 4.3897307901479655e-18
358.71312927297527 7.406094817730336e-18
358.7752277574865 5.48232230405666e-18
358.83732624199774 2.8665606790256776e-18
358.899424726509 6.338723287098885e-18
358.9615232110202 7.99166149890638e-18
359.0236216955315 9.679467312338854e-18
359.08572018004276 7.035212802697892e-18
359.14781866455405 6.4811158672406415e-18
359.2099171490653 5.124810126714554e-18
359.27201563357653 5.452002986867473e-18
359.33411411808777 5.827569330159839e-18
359.396212602599 6.051637662689469e-18
359.45831108711025 5.543795514304614e-18
359.5204095716215 5.207501461611081e-18
359.5825080561327 5.868998823525568e-18
359.644606540644 7.972224065084389e-18
359.70670502515526 5.5035523395601824e-18
359.76880350966655 6.897525033973735e-18
359.8309019941778 5.509434192363139e-18
359.89300047868903 4.749273498328028e-18
359.95509896320027 6.7065800855815975e-18
360.0171974477115 8.634406759992138e-18
360.07929593222275 5.12090352395192e-18
360.141394416734 5.3845153472899e-18
360.2034929012453 6.276844993641078e-18
360.2655913857565 9.31022973822137e-18
360.32768987026776 5.5611295682545565e-18
360.38978835477906 3.522795037917609e-18
360.4518868392903 2.964235833654831e-18
360.51398532380153 3.7882812220694864e-18
360.5760838083128 4.541352769894595e-18
360.638182292824 3.825581527636391e-18
360.70028077733525 4.202241941884729e-18
360.7623792618465 6.693663990700039e-18
360.8244777463578 3.797091893805612e-18
360.886576230869 1.8843888317308338e-18
360.94867471538026 5.201171538179395e-18
361.01077319989156 6.385128433700399e-18
361.0728716844028 6.0487860078430805e-18
361.13497016891404 4.565437978865726e-18
361.1970686534253 5.0068325575492956e-18
361.2591671379365 3.8731626206827926e-18
361.32126562244775 3.2331233280412467e-18
361.383364106959 4.67889014153435e-18
361.4454625914703 4.7706380004211506e-18
361.5075610759815 2.6369476570542e-18
361.56965956049277 2.9864316954164746e-18
361.63175804500406 4.967119939213992e-18
361.6938565295153 5.2777332070033486e-18
361.75595501402654 4.688481227774257e-18
361.8180534985378 5.4140888548794565e-18
361.880151983049 5.520929376443205e-18
361.94225046756026 4.650040711662722e-18
362.0043489520715 3.755949705619393e-18
362.0664474365828 5.979426611309742e-18
362.12854592109403 4.5067973909096405e-18
362.1906444056053 1.3522850189029902e-18
362.25274289011656 2.589534781889866e-18
362.3148413746278 4.3693492823098435e-18
362.37693985913904 2.4817836226698846e-18
362.4390383436503 5.197375433114802e-18
362.5011368281615 5.87095248643563e-18
362.56323531267276 3.465275828166151e-18
362.625333797184 3.512063900999365e-18
362.6874322816953 5.319318044271136e-18
362.74953076620653 4.5253935554245004e-18
362.81162925071783 4.390368155245734e-18
362.87372773522907 4.904538146043371e-18
362.9358262197403 4.910542768271263e-18
362.99792470425155 5.813994088717658e-18
363.0600231887628 5.132929904579779e-18
363.122121673274 3.0167606641422005e-18
363.18422015778526 5.086361624442807e-18
363.24631864229656 6.0473280958884886e-18
363.3084171268078 5.304041980839127e-18
363.37051561131904 6.228515580394359e-18
363.43261409583033 4.6856461140212556e-18
363.49471258034157 3.749343370870017e-18
363.5568110648528 3.516033250293314e-18
363.61890954936405 3.3075768175594506e-18
363.6810080338753 4.3187036671507355e-18
363.7431065183865 4.712729724382803e-18
363.80520500289776 5.051869574328982e-18
363.86730348740906 4.4383683573898706e-18
363.9294019719203 3.704721796128715e-18
363.99150045643154 4.201142331563664e-18
364.05359894094283 3.55608779707085e-18
364.1156974254541 4.577471614090727e-18
364.1777959099653 3.602124264198984e-18
364.23989439447655 2.8181662647205582e-18
364.3019928789878 5.379189750059135e-18
364.364091363499 5.294685671409026e-18
364.42618984801027 6.4571725138338e-18
364.48828833252156 5.1489454136729895e-18
364.5503868170328 3.769441209255523e-18
364.61248530154404 3.2607108841246722e-18
364.67458378605534 3.961014537175066e-18
364.7366822705666 3.521687682625804e-18
364.7987807550778 2.288388676880516e-18
364.86087923958905 4.684266250090799e-18
364.9229777241003 4.144512231793093e-18
364.98507620861153 3.1834121253721505e-18
365.04717469312277 4.469749722803129e-18
365.10927317763407 5.531611780736701e-18
365.1713716621453 4.2122807227809416e-18
365.2334701466566 4.486317022832292e-18
365.29556863116784 4.7293981592621604e-18
365.3576671156791 2.37133075755207e-18
365.4197656001903 2.541894005289231e-18
365.48186408470156 2.275305036547002e-18
365.5439625692128 1.709627213804624e-18
365.60606105372403 1.2991040410619133e-17
365.6681595382353 3.569658556610299e-18
365.73025802274657 2.2808611925831357e-18
365.7923565072578 3.3366325672715242e-18
365.8544549917691 5.312072321039525e-18
365.91655347628034 4.860849388502813e-18
365.9786519607916 2.6374875284140094e-18
366.0407504453028 4.346412303518165e-18
366.10284892981406 5.056197492015472e-18
366.1649474143253 3.2891923914705943e-18
366.22704589883654 3.624885792760183e-18
366.2891443833478 3.7825524439461274e-18
366.35124286785907 2.9088350201555284e-18
366.4133413523703 2.715614646727056e-18
366.4754398368816 1.851830673779238e-18
366.53753832139284 2.7284608595145196e-18
366.5996368059041 3.406387960968366e-18
366.6617352904153 4.021000015959639e-18
366.72383377492656 4.528748217520761e-18
366.7859322594378 3.7525035072071616e-18
366.84803074394904 3.1344507702347074e-18
366.91012922846033 3.165255901983419e-18
366.9722277129716 3.1998499961348134e-18
367.0343261974828 3.453782989535157e-18
367.0964246819941 3.835204376675092e-18
367.15852316650535 5.117808699752694e-18
367.2206216510166 5.054577175740914e-18
367.2827201355278 4.971753455414134e-18
367.34481862003906 3.8629995861545906e-18
367.4069171045503 2.3292871608613482e-18
367.46901558906154 2.939544855861153e-18
367.53111407357284 2.7879433427503865e-18
367.5932125580841 2.9817639804930225e-18
367.6553110425953 2.885333186407055e-18
367.7174095271066 3.484108894423037e-18
367.77950801161785 4.7599598385621106e-18
367.8416064961291 4.3377907906207665e-18
367.9037049806403 3.2613435338910723e-18
367.96580346515157 2.9507031278874584e-18
368.0279019496628 2.704231255781725e-18
368.09000043417404 3.7367042604959856e-18
368.15209891868534 3.0944697749553826e-18
368.2141974031966 3.776747459280345e-18
368.2762958877079 3.820185856964247e-18
368.3383943722191 2.9289715563802726e-18
368.40049285673035 3.5579041204760474e-18
368.4625913412416 3.5241273041280136e-18
368.52468982575283 3.217745693291696e-18
368.58678831026407 4.1055478549749306e-18
368.6488867947753 4.143506113585322e-18
368.71098527928655 2.647202098513106e-18
368.77308376379784 2.412838098403029e-18
368.8351822483091 3.0987866439591465e-18
368.8972807328204 4.135735255797607e-18
368.9593792173316 3.478908715900222e-18
369.02147770184285 2.864069631091071e-18
369.0835761863541 2.8669861444585167e-18
369.14567467086533 3.644758405133394e-18
369.2077731553766 3.0787981463171907e-18
369.2698716398878 2.5800755062644495e-18
369.33197012439905 3.808662828488071e-18
369.39406860891035 3.996546867294948e-18
369.4561670934216 2.9191134802690593e-18
369.5182655779329 3.121618950990655e-18
369.5803640624441 3.5530460638908695e-18
369.64246254695536 3.4459423494734004e-18
369.7045610314666 3.2578790658684397e-18
369.76665951597784 1.8022522511618645e-18
369.8287580004891 1.7917181093660654e-18
369.8908564850003 3.4279488081627112e-18
369.9529549695116 2.9534703845556803e-18
370.01505345402285 3.4228177439539903e-18
370.0771519385341 3.385792362134176e-18
370.1392504230454 3.722211741552411e-18
370.2013489075566 4.088846639689089e-18
370.26344739206786 3.7518074455636515e-18
370.3255458765791 2.7553826497406858e-18
370.38764436109034 3.1861577661155053e-18
370.4497428456016 3.3437731125188925e-18
370.5118413301128 4.761386165915703e-18
370.5739398146241 3.345294717163657e-18
370.63603829913535 2.969731445160095e-18
370.6981367836466 3.776657230268213e-18
370.7602352681579 2.7042696925882726e-18
370.8223337526691 3.538107522410608e-18
370.88443223718036 4.130545859634168e-18
370.9465307216916 4.122456914814631e-18
371.00862920620284 3.301530107692484e-18
371.0707276907141 3.2320542376053157e-18
371.1328261752253 4.341522672619329e-18
371.1949246597366 4.359742233699887e-18
371.25702314424785 2.936740352218547e-18
371.31912162875915 2.391776017932149e-18
371.3812201132704 2.624123815660752e-18
371.4433185977816 3.057415556580581e-18
371.50541708229287 3.296510771646558e-18
371.5675155668041 3.8191315093547694e-18
371.62961405131534 3.9769192204818806e-18
371.6917125358266 3.4524278080920188e-18
371.7538110203378 3.782274352401516e-18
371.8159095048491 4.23430009618875e-18
371.87800798936036 3.501485382094618e-18
371.94010647387165 3.558545762834319e-18
372.0022049583829 3.2570358004016174e-18
372.06430344289413 3.8826620671375945e-18
372.12640192740537 3.2592575547777116e-18
372.1885004119166 3.735058650451856e-18
372.25059889642785 3.549852620868053e-18
372.3126973809391 2.7487426824250557e-18
372.3747958654503 1.8393727812512226e-18
372.4368943499616 2.5055883794249628e-18
372.49899283447286 2.580803568763265e-18
372.56109131898415 3.652952460496214e-18
372.6231898034954 4.210765972385515e-18
372.68528828800663 3.625988236992861e-18
372.74738677251787 3.607651783780619e-18
372.8094852570291 3.2935229524759844e-18
372.87158374154035 3.267815958341716e-18
372.9336822260516 2.6785307092374112e-18
372.9957807105629 2.160950918987571e-18
373.0578791950741 2.8794690735520943e-18
373.11997767958536 3.4454496455136372e-18
373.18207616409666 2.475665054730951e-18
373.2441746486079 2.37631966538567e-18
373.30627313311913 1.4081980874347244e-18
373.3683716176304 6.029383140939137e-18
373.4304701021416 9.157481365202282e-18
373.49256858665285 4.928826111517983e-18
373.5546670711641 5.455862459546502e-18
373.6167655556754 3.697848292929891e-18
373.6788640401866 2.1248963019335943e-18
373.74096252469786 1.6312384342071518e-16
373.80306100920916 4.0963643273890345e-18
373.8651594937204 3.1862496047226924e-18
373.92725797823164 3.9545836342392354e-18
373.9893564627429 3.579740170300272e-18
374.0514549472541 2.7547022647071758e-18
374.11355343176535 1.9667942841780276e-18
374.1756519162766 2.294860204369668e-18
374.2377504007879 2.84603053430416e-18
374.2998488852991 2.127365068469933e-18
374.36194736981037 2.261227721651602e-18
374.42404585432166 3.970550256587149e-18
374.4861443388329 3.677313881020122e-18
374.54824282334414 4.407132141267805e-18
374.6103413078554 3.3589087379192164e-18
374.6724397923666 3.0637489407002165e-18
374.73453827687786 2.9454863095721744e-18
374.7966367613891 2.0878284940644805e-18
374.8587352459004 2.0287937993555547e-18
374.92083373041163 2.876828570217465e-18
374.9829322149229 3.047082662209145e-18
375.04503069943416 3.783068681222252e-18
375.1071291839454 3.777639645448286e-18
375.16922766845664 2.6642427686229756e-18
375.2313261529679 2.482481544971256e-18
375.2934246374791 4.408762988143013e-18
375.35552312199036 3.6526849918748045e-18
375.4176216065016 3.3880155584589427e-18
375.4797200910129 2.9326359897562073e-18
375.54181857552413 2.796099129443068e-18
375.6039170600354 2.974831329360543e-18
375.66601554454667 3.0370779203248685e-18
375.7281140290579 2.8332018569234932e-18
375.79021251356914 2.427091571612509e-18
375.8523109980804 2.8830340792196165e-18
375.9144094825916 3.3131338954599233e-18
375.97650796710286 3.508839439358602e-18
376.0386064516141 3.616815324218676e-18
376.1007049361254 2.9747398367269622e-18
376.16280342063664 3.610532241181916e-18
376.22490190514793 4.619622485420639e-18
376.28700038965917 4.055634585557457e-18
376.3490988741704 3.3149440183694055e-18
376.41119735868165 2.7586435833610408e-18
376.4732958431929 2.5150199936532735e-18
376.5353943277041 2.4583294741252476e-18
376.59749281221536 3.441693027770922e-18
376.65959129672666 3.365086562793224e-18
376.7216897812379 3.9222287530934164e-18
376.78378826574914 3.1729227176661534e-18
376.84588675026043 3.332498254167226e-18
376.9079852347717 3.1894283630198163e-18
376.9700837192829 3.974774372353965e-18
377.03218220379415 3.529575272748999e-18
377.0942806883054 3.45240101219985e-18
377.1563791728166 3.532219555436663e-18
377.21847765732787 2.8233267852008647e-18
377.28057614183916 2.8926757944556734e-18
377.3426746263504 3.4155264829960198e-18
377.40477311086164 3.2744493712300215e-18
377.46687159537294 3.2275028163360775e-18
377.5289700798842 3.1049123404877135e-18
377.5910685643954 3.098772641068171e-18
377.65316704890665 4.1511653828919344e-18
377.7152655334179 4.2388172791562064e-18
377.77736401792913 3.1381388481471397e-18
377.83946250244037 2.5534868440726597e-18
377.90156098695167 3.2851196523231987e-18
377.9636594714629 3.0855185415735576e-18
378.0257579559742 3.574472148536106e-18
378.08785644048544 3.5372197889118914e-18
378.1499549249967 3.242998068619607e-18
378.2120534095079 3.1383064536714917e-18
378.27415189401916 3.1612134114281995e-18
378.3362503785304 2.8101046618530146e-18
378.39834886304163 2.7218344187761303e-18
378.4604473475529 2.6657811507335197e-18
378.52254583206417 3.0448299915956937e-18
378.5846443165754 2.9908292212344855e-18
378.6467428010867 3.616201799072544e-18
378.70884128559794 3.906646119495151e-18
378.7709397701092 3.245582406633725e-18
378.8330382546204 3.279684325045468e-18
378.89513673913166 3.7826283136396825e-18
378.9572352236429 4.393661533652556e-18
379.01933370815414 2.8334493968097005e-18
379.0814321926654 3.125227082654923e-18
379.14353067717667 3.3500865086868108e-18
379.2056291616879 3.1501569790781483e-18
379.2677276461992 3.708675962156039e-18
379.32982613071044 3.510128308046136e-18
379.3919246152217 3.450394132233092e-18
379.4540230997329 3.8439375787900885e-18
379.51612158424416 3.48622742914464e-18
379.5782200687554 3.973531537170098e-18
379.64031855326664 4.42958096214397e-18
379.70241703777793 3.734284206015047e-18
379.7645155222892 2.5144325519553393e-18
379.8266140068004 3.20591073733419e-18
379.8887124913117 2.8686986449387734e-18
379.95081097582295 2.7730835767214484e-18
380.0129094603342 3.2194023614932848e-18
380.0750079448454 3.7645250552627436e-18
380.13710642935666 3.938016163041091e-18
380.1992049138679 3.825620067689026e-18
380.26130339837914 3.759472927829601e-18
380.32340188289044 3.0618862507327694e-18
380.3855003674017 3.177782332679404e-18
380.4475988519129 3.3067777487696817e-18
380.5096973364242 3.9757167046140344e-18
380.57179582093545 3.882406469397593e-18
380.6338943054467 3.3059121106625092e-18
380.6959927899579 3.1360303763834865e-18
380.75809127446917 3.6503477375516354e-18
380.8201897589804 2.9913430225553385e-18
380.88228824349164 2.7637195680868088e-18
380.94438672800294 3.233441188529897e-18
381.0064852125142 2.8621619745873276e-18
381.0685836970255 3.605599802217936e-18
381.1306821815367 3.135712866412137e-18
381.19278066604795 3.5703812017226365e-18
381.2548791505592 3.804234038135201e-18
381.31697763507043 3.93182522370649e-18
381.37907611958167 3.3105495367217216e-18
381.4411746040929 4.111186174470494e-18
381.50327308860415 3.548525251885362e-18
381.56537157311544 3.655954224187491e-18
381.6274700576267 3.1243870771726803e-18
381.689568542138 3.2113540274047153e-18
381.7516670266492 3.551208853730923e-18
381.81376551116045 3.442350127487233e-18
381.8758639956717 3.1266390031504017e-18
381.93796248018293 3.6608186945883264e-18
382.00006096469417 4.2196783620359634e-18
382.0621594492054 4.3887763931312074e-18
382.12425793371665 3.620842448333403e-18
382.18635641822794 4.291760398428401e-18
382.2484549027392 3.734933290461119e-18
382.3105533872505 3.832081117283446e-18
382.3726518717617 3.1713584565830793e-18
382.43475035627296 2.7777262438351284e-18
382.4968488407842 3.2017022223422186e-18
382.55894732529543 3.590174387496237e-18
382.6210458098067 3.4150455423282644e-18
382.6831442943179 2.8431070153640703e-18
382.7452427788292 3.918665155630193e-18
382.80734126334045 4.578583031911399e-18
382.8694397478517 3.887557302098369e-18
382.931538232363 3.605660397985551e-18
382.9936367168742 3.860647330966168e-18
383.05573520138546 3.6017556347390856e-18
383.1178336858967 3.392372631746074e-18
383.17993217040794 3.1269629776298795e-18
383.2420306549192 3.606081356962521e-18
383.3041291394304 3.798189228663634e-18
383.3662276239417 3.304143982993721e-18
383.42832610845295 3.560232720099613e-18
383.4904245929642 3.0737596305099824e-18
383.5525230774755 3.7127055364479044e-18
383.6146215619867 3.547309060341229e-18
383.67672004649796 3.573290064057452e-18
383.7388185310092 4.301122547403083e-18
383.80091701552044 3.4044313647897984e-18
383.8630155000317 3.238192408406358e-18
383.9251139845429 3.8146869781113806e-18
383.9872124690542 3.623457667571817e-18
384.04931095356545 3.567855555091354e-18
384.11140943807675 3.692874758383587e-18
384.173507922588 3.660809624343312e-18
384.2356064070992 3.5718601653714605e-18
384.29770489161046 3.665618342542674e-18
384.3598033761217 3.4393632841262258e-18
384.42190186063294 3.0090695840112697e-18
384.4840003451442 3.44638801222347e-18
384.5460988296554 3.3913607344185687e-18
384.6081973141667 3.196183572499027e-18
384.67029579867796 3.9101076250556525e-18
384.73239428318925 3.284228171106626e-18
384.7944927677005 3.3500666902706386e-18
384.85659125221173 3.943753908099223e-18
384.91868973672297 3.599958419538243e-18
384.9807882212342 2.8972156467838232e-18
385.04288670574545 2.9813183079722667e-18
385.1049851902567 4.08488895341501e-18
385.1670836747679 5.379057537932144e-18
385.2291821592792 5.573870628441341e-18
385.29128064379046 5.375714012029396e-18
385.35337912830175 5.246142663481189e-18
385.415477612813 6.7150566627351055e-18
385.47757609732423 7.760138936492728e-18
385.53967458183547 7.861716532085105e-18
385.6017730663467 7.549981332048137e-18
385.66387155085795 7.429175571457131e-18
385.7259700353692 7.407747783499187e-18
385.7880685198805 6.853843988466315e-18
385.8501670043917 6.041267140339226e-18
385.91226548890296 6.0055610783344576e-18
385.97436397341426 6.25271425048346e-18
386.0364624579255 5.0362306815874395e-18
386.09856094243673 3.915687997542004e-18
386.160659426948 3.2719656698402868e-18
386.2227579114592 3.8907322683254296e-18
386.28485639597045 3.477855571297487e-18
386.3469548804817 3.558683337254465e-18
386.409053364993 3.712502007187949e-18
386.4711518495042 3.770446568786793e-18
386.53325033401546 3.565264198471575e-18
386.59534881852676 3.0761349250386123e-18
386.657447303038 3.3017037788471993e-18
386.71954578754924 3.616364118628347e-18
386.7816442720605 3.544273299590027e-18
386.8437427565717 3.51970247683464e-18
386.90584124108295 3.618073189496617e-18
386.9679397255942 3.8807712322307856e-18
387.0300382101055 3.55079812342965e-18
387.0921366946167 3.17968301840341e-18
387.15423517912797 3.564948810227081e-18
387.21633366363926 3.58211976303019e-18
387.2784321481505 4.03690519813558e-18
387.34053063266174 3.5126274900839134e-18
387.402629117173 3.684430516376112e-18
387.4647276016842 3.524074700071061e-18
387.52682608619546 3.32087179190263e-18
387.5889245707067 3.2291828645142453e-18
387.651023055218 3.696961524087838e-18
387.71312153972923 3.551907596922849e-18
387.7752200242405 3.564357288587162e-18
387.83731850875176 4.034582626357063e-18
387.899416993263 3.900481709007283e-18
387.96151547777424 3.974620786603304e-18
388.0236139622855 4.357866017939467e-18
388.0857124467967 4.031387408344623e-18
388.14781093130796 3.474537404209815e-18
388.2099094158192 3.1553791384127487e-18
388.2720079003305 3.2058012811770403e-18
388.33410638484173 3.187620589752115e-18
388.396204869353 2.9456107875037618e-18
388.45830335386427 3.1013482141501986e-18
388.5204018383755 3.3260281368493277e-18
388.58250032288674 3.4224546360315766e-18
388.644598807398 3.4541814791981815e-18
388.7066972919092 3.799771286065385e-18
388.76879577642046 3.718853770304313e-18
388.8308942609317 3.0740973044791496e-18
388.892992745443 3.103140779903298e-18
388.95509122995423 3.3964809866006325e-18
389.01718971446553 3.766266553850013e-18
389.07928819897677 3.89444920638035e-18
389.141386683488 3.787140579677466e-18
389.20348516799925 3.1159345000943157e-18
389.2655836525105 2.9463916806196928e-18
389.3276821370217 3.1230974478349822e-18
389.38978062153296 3.2277666681710653e-18
389.45187910604426 3.3593802861178275e-18
389.5139775905555 3.2095156313699756e-18
389.57607607506674 3.450747904787339e-18
389.63817455957803 3.739343978281372e-18
389.7002730440893 3.621125482062247e-18
389.7623715286005 3.724361936022696e-18
389.82447001311175 3.888326926231048e-18
389.886568497623 3.561782938351853e-18
389.9486669821342 3.43424748101974e-18
390.01076546664547 3.756475392786727e-18
390.07286395115676 4.052913642878927e-18
390.134962435668 4.145673623446622e-18
390.19706092017924 4.000730104372934e-18
390.25915940469054 3.4198737448802464e-18
390.3212578892018 3.3724030300255536e-18
390.383356373713 3.2507265999973004e-18
390.44545485822425 3.51634617471767e-18
390.5075533427355 3.4080459294659024e-18
390.56965182724673 3.4560353971404346e-18
390.63175031175797 3.6275525475755124e-18
390.69384879626926 3.2961093504079222e-18
390.7559472807805 3.551974092320787e-18
390.8180457652918 3.1727562946280646e-18
390.88014424980304 2.7321648841416175e-18
390.9422427343143 2.7243804988090305e-18
391.0043412188255 3.490568285609149e-18
391.06643970333675 3.7902594383352564e-18
391.128538187848 3.689580748404004e-18
391.19063667235923 3.802625066331403e-18
391.2527351568705 3.964557987323058e-18
391.31483364138177 3.3735810271395407e-18
391.376932125893 3.34341780044362e-18
391.4390306104043 3.589988308063262e-18
391.50112909491554 3.496803118391382e-18
391.5632275794268 3.3169972117867295e-18
391.625326063938 3.407230072416579e-18
391.68742454844926 3.2773360104038462e-18
391.7495230329605 3.3152439114356215e-18
391.81162151747174 3.5957165776536e-18
391.873720001983 3.3232992954982806e-18
391.93581848649427 3.4046662587013168e-18
391.9979169710055 3.3082432297614822e-18
392.06001545551675 3.385809120489842e-18
392.12211394002804 3.39065304865115e-18
392.1842124245393 3.706159954221601e-18
392.2463109090505 3.768854068502468e-18
392.30840939356176 3.853041544038116e-18
392.370507878073 3.2802539243440818e-18
392.43260636258424 3.2586832458352565e-18
392.49470484709553 3.131042996299618e-18
392.5568033316068 3.611901797672823e-18
392.618901816118 3.6909361928585096e-18
392.6810003006293 3.650513692116586e-18
392.74309878514055 3.725165689558621e-18
392.8051972696518 3.8476433165599204e-18
392.867295754163 3.585726990149084e-18
392.92939423867426 3.573550584303858e-18
392.9914927231855 4.1598626295159056e-18
393.05359120769674 3.744614939570763e-18
393.11568969220804 3.805356308508835e-18
393.1777881767193 3.747317052273402e-18
393.2398866612305 3.7101794939146905e-18
393.3019851457418 3.489222593690333e-18
393.36408363025305 3.066084551231683e-18
393.4261821147643 2.735650244908741e-18
393.4882805992755 2.979862500624622e-18
393.55037908378677 2.961008105093814e-18
393.612477568298 3.224768350288479e-18
393.6745760528093 3.331679381317329e-18
393.73667453732054 3.315410476319227e-18
393.7987730218318 3.3333229772585943e-18
393.860871506343 3.845770668143075e-18
393.9229699908543 3.587459472453787e-18
393.98506847536555 3.629644750037562e-18
394.0471669598768 3.472089541486987e-18
394.10926544438803 3.2561409178454615e-18
394.17136392889927 3.304789622279784e-18
394.2334624134105 3.371554472696819e-18
394.2955608979218 3.4625728668576673e-18
394.35765938243304 3.1793536458299284e-18
394.4197578669443 3.2741737731438397e-18
394.4818563514555 3.46490027939709e-18
394.5439548359668 3.391177827410554e-18
394.60605332047805 3.430802415489031e-18
394.6681518049893 3.35265500756558e-18
394.73025028950053 3.321412178383906e-18
394.79234877401177 3.273972718747466e-18
394.854447258523 3.1144378820136294e-18
394.9165457430343 3.276929651748333e-18
394.97864422754554 3.2252662676441268e-18
395.0407427120568 3.1073758659549757e-18
395.102841196568 3.3537001921242825e-18
395.1649396810793 3.1680576719489333e-18
395.22703816559056 3.2256970106716395e-18
395.2891366501018 3.588420762153094e-18
395.35123513461303 3.38671272658683e-18
395.4133336191243 3.6099348694707245e-18
395.4754321036355 3.366058951368985e-18
395.5375305881468 3.3557734512202822e-18
395.59962907265805 3.2804686224535332e-18
395.6617275571693 3.396565959200702e-18
395.7238260416805 3.910511744640993e-18
395.7859245261918 3.3752460355531597e-18
395.84802301070306 3.244467804174292e-18
395.9101214952143 3.2187732549089486e-18
395.97221997972554 2.9650280017207058e-18
396.0343184642368 3.4174563394317174e-18
396.096416948748 2.9090406804893236e-18
396.1585154332593 3.2241717248389903e-18
396.22061391777055 3.1476121410922896e-18
396.2827124022818 3.4072606344806564e-18
396.3448108867931 3.3989980699623188e-18
396.4069093713043 3.750633982950816e-18
396.46900785581556 3.690024690243061e-18
396.5311063403268 3.687482912445192e-18
396.59320482483804 3.507621231196911e-18
396.6553033093493 3.520812365807672e-18
396.7174017938606 3.656796679472961e-18
396.7795002783718 3.343864587307319e-18
396.84159876288305 3.3603511170943565e-18
396.9036972473943 3.227284319368864e-18
396.9657957319056 3.0407347538557263e-18
397.0278942164168 3.174785659912209e-18
397.08999270092806 3.33256010333176e-18
397.1520911854393 3.4218290320964332e-18
397.21418966995054 3.28821182538745e-18
397.2762881544618 3.331277893013648e-18
397.3383866389731 3.146662206314904e-18
397.4004851234843 3.107800038813091e-18
397.46258360799555 3.3261145168517574e-18
397.5246820925068 3.3959416164573275e-18
397.5867805770181 2.8598214348634522e-18
397.6488790615293 3.2486618795623322e-18
397.71097754604057 2.8808501829074037e-18
397.7730760305518 2.8565232353831516e-18
397.83517451506304 2.957005021343869e-18
397.8972729995743 3.3580032604020047e-18
397.9593714840856 3.560971102220383e-18
398.0214699685968 3.3795699874100686e-18
398.08356845310806 3.253397809419684e-18
398.1456669376193 3.4505417619480706e-18
398.2077654221306 3.2317921212893872e-18
398.26986390664183 3.544831883361312e-18
398.33196239115307 3.2132856758589973e-18
398.3940608756643 3.314514345591237e-18
398.45615936017555 3.5941894674765925e-18
398.5182578446868 3.3639287821865723e-18
398.5803563291981 3.5958502026155585e-18
398.6424548137093 3.345414105842455e-18
398.70455329822056 3.279917121957357e-18
398.7666517827318 3.624076826816433e-18
398.8287502672431 3.191193851110185e-18
398.89084875175433 3.027194674257152e-18
398.9529472362656 2.9058933902570133e-18
399.0150457207768 3.285027188071804e-18
399.07714420528805 3.492776375494252e-18
399.1392426897993 3.2657428653703895e-18
399.2013411743106 3.298900054786264e-18
399.2634396588218 3.2496626767478938e-18
399.32553814333306 3.264039780707656e-18
399.38763662784436 3.2179744864168397e-18
399.4497351123556 3.1675360584690203e-18
399.51183359686684 3.065894786802438e-18
399.5739320813781 3.228775882961232e-18
399.6360305658893 3.3001257320139513e-18
399.69812905040055 2.9272620994472195e-18
399.7602275349118 2.6359659069446573e-18
399.8223260194231 3.288050797588421e-18
399.8844245039343 4.15211960573912e-18
399.94652298844557 4.944024598069827e-18
400.00862147295686 5.76303754691899e-18
400.0707199574681 6.243994695960422e-18
400.13281844197934 6.191099552355377e-18
400.1949169264906 6.4243587530654996e-18
400.2570154110018 6.202317811608262e-18
400.31911389551306 6.244970729914794e-18
400.38121238002435 6.258874061044812e-18
400.4433108645356 5.823050594674278e-18
400.50540934904683 5.34700832281839e-18
400.56750783355807 4.297040406998479e-18
400.62960631806936 3.603320571229979e-18
400.6917048025806 3.2522462046864445e-18
400.75380328709184 3.3759764472947368e-18
400.8159017716031 3.399301066041317e-18
400.8780002561143 3.476999688668827e-18
400.94009874062556 3.2456966547749057e-18
401.00219722513685 3.3158698626522257e-18
401.0642957096481 2.8837696732430964e-18
401.12639419415933 3.2813598419929788e-18
401.18849267867057 3.2302244148947846e-18
401.25059116318187 3.1774337028362053e-18
401.3126896476931 2.665377676724208e-18
401.37478813220434 2.892895332427676e-18
401.4368866167156 3.1279621696227927e-18
401.4989851012268 3.1095167941072418e-18
401.56108358573806 3.0277789291660115e-18
401.62318207024936 2.9323142612022487e-18
401.6852805547606 3.22745676420323e-18
401.74737903927183 3.201658836571305e-18
401.8094775237831 3.06431337057987e-18
401.87157600829437 3.102441312522951e-18
401.9336744928056 3.1418523871806677e-18
401.99577297731685 3.4322541917948162e-18
402.0578714618281 3.8008343475188076e-18
402.1199699463393 4.026017948669639e-18
402.18206843085056 4.0588121186884225e-18
402.24416691536186 4.079309406114449e-18
402.3062653998731 4.043902413584857e-18
402.36836388438434 4.062579725523235e-18
402.43046236889563 4.0716881821111856e-18
402.49256085340687 3.807833197279856e-18
402.5546593379181 4.031273176369683e-18
402.61675782242935 3.817465833847066e-18
402.6788563069406 3.2239374036643675e-18
402.7409547914518 3.0732557409406255e-18
402.80305327596307 3.1213837858482404e-18
402.86515176047436 3.0613580658700853e-18
402.9272502449856 2.8540545409057378e-18
402.98934872949684 2.996448654514378e-18
403.05144721400814 3.1301816731161083e-18
403.1135456985194 3.0179381227385607e-18
403.1756441830306 3.192825984086921e-18
403.23774266754185 3.237850363039223e-18
403.2998411520531 2.989981436436991e-18
403.36193963656433 3.198430732816819e-18
403.4240381210756 2.9912735431030535e-18
403.48613660558686 3.0964282868228357e-18
403.5482350900981 3.259164501302971e-18
403.61033357460934 3.453561959380056e-18
403.67243205912064 3.2755586755571464e-18
403.7345305436319 3.0201998982068848e-18
403.7966290281431 2.7811525253011627e-18
403.85872751265435 3.1719414887957167e-18
403.9208259971656 3.0100234693328357e-18
403.98292448167683 3.0783935483450866e-18
404.0450229661881 3.0651096722728866e-18
404.10712145069937 3.0995080309431298e-18
404.1692199352106 2.865429227607951e-18
404.23131841972184 3.291909828511284e-18
404.29341690423314 3.102428216772738e-18
404.3555153887444 3.301112380041748e-18
404.4176138732556 3.1761359702418268e-18
404.47971235776686 3.052474818183761e-18
404.5418108422781 2.7333739523221e-18
404.60390932678933 2.9008540259101486e-18
404.66600781130063 2.8807150150934795e-18
404.72810629581187 3.0650568670488368e-18
404.7902047803231 2.697649626385447e-18
404.85230326483435 2.9472322522029454e-18
404.91440174934564 3.114703775398226e-18
404.9765002338569 2.8584619932678074e-18
405.0385987183681 3.117915324391143e-18
405.10069720287936 3.2659897015441856e-18
405.1627956873906 3.2505138880007013e-18
405.22489417190184 3.053244366198203e-18
405.28699265641313 2.73735335385621e-18
405.3490911409244 2.8883424106589078e-18
405.4111896254356 3.00193106031336e-18
405.4732881099469 3.068691821368125e-18
405.53538659445815 3.0076740404616967e-18
405.5974850789694 2.9629890049664536e-18
405.6595835634806 2.8614392298494812e-18
405.72168204799186 2.9289352765142787e-18
405.7837805325031 2.9258767155294568e-18
405.84587901701434 2.9365099592284678e-18
405.90797750152564 3.15611116444083e-18
405.9700759860369 3.10611085450047e-18
406.0321744705481 2.962727479368955e-18
406.0942729550594 3.0504958200707797e-18
406.15637143957065 3.1455888573320247e-18
406.2184699240819 3.2100146512291674e-18
406.2805684085931 2.884660548375467e-18
406.34266689310437 2.9014524202861795e-18
406.4047653776156 3.018734939565205e-18
406.4668638621269 2.797094373640671e-18
406.52896234663814 2.634879462719847e-18
406.5910608311494 2.9160672977050744e-18
406.6531593156606 3.0961569064052076e-18
406.7152578001719 2.7664582598378842e-18
406.77735628468315 2.8883883482540925e-18
406.8394547691944 2.896711823869756e-18
406.90155325370563 2.93806950516288e-18
406.96365173821687 3.0207474619610624e-18
407.0257502227281 2.6739803409353074e-18
407.0878487072394 2.870160849418788e-18
407.14994719175064 2.823439631212085e-18
407.2120456762619 2.8948796638980437e-18
407.2741441607731 2.767126289308894e-18
407.3362426452844 2.8788853363560983e-18
407.39834112979565 3.081376647210268e-18
407.4604396143069 2.747716953173538e-18
407.52253809881813 2.8199054116690627e-18
407.58463658332937 3.0519468155805564e-18
407.6467350678406 3.0444737824569747e-18
407.7088335523519 3.04942588689259e-18
407.77093203686314 3.1565119125518212e-18
407.8330305213744 3.062083540878023e-18
407.8951290058856 2.8598804474493217e-18
407.9572274903969 2.674708066866272e-18
408.01932597490816 2.8216820500116788e-18
408.0814244594194 2.9344934651329082e-18
408.14352294393063 2.965078616982694e-18
408.2056214284419 2.8033735961001243e-18
408.2677199129531 3.0033886982426602e-18
408.3298183974644 3.0132239211399058e-18
408.39191688197565 2.9114317967064887e-18
408.4540153664869 2.8526971993829565e-18
408.5161138509981 2.8537707620839653e-18
408.5782123355094 3.019804230827595e-18
408.64031082002066 2.945637538674392e-18
408.7024093045319 2.756690506339415e-18
408.76450778904314 2.688408136510576e-18
408.8266062735544 2.7764916562322723e-18
408.8887047580656 2.7747112470102294e-18
408.9508032425769 2.8773331583445387e-18
409.01290172708815 2.7704046572978265e-18
409.0750002115994 2.779297840552251e-18
409.1370986961107 2.914872977294123e-18
409.1991971806219 2.8714052645162834e-18
409.26129566513316 2.9521736167842725e-18
409.3233941496444 3.0446607893575343e-18
409.38549263415564 3.0893912575015163e-18
409.4475911186669 3.11911328471105e-18
409.5096896031782 3.016597894827347e-18
409.5717880876894 2.7638988732497125e-18
409.63388657220065 2.7889593130304823e-18
409.6959850567119 2.8138159575579936e-18
409.7580835412232 2.8028469538063546e-18
409.8201820257344 2.5798177626980553e-18
409.88228051024566 2.8444014480688202e-18
409.9443789947569 2.716206237720007e-18
410.00647747926814 2.9347866931845727e-18
410.0685759637794 3.2512696199493695e-18
410.1306744482907 3.707049610192414e-18
410.1927729328019 3.672635264659334e-18
410.25487141731315 3.675995938181943e-18
410.3169699018244 3.7777528670606555e-18
410.3790683863357 4.304327698283409e-18
410.4411668708469 4.348858550254796e-18
410.50326535535817 4.4052860872640844e-18
410.5653638398694 4.2624357021415935e-18
410.62746232438064 4.226825554195707e-18
410.6895608088919 4.2268541619161586e-18
410.7516592934032 4.0560044258262055e-18
410.8137577779144 3.663818998140828e-18
410.87585626242566 3.502714486436912e-18
410.9379547469369 3.492007197723621e-18
411.0000532314482 3.36010809642356e-18
411.06215171595943 2.9853134520298904e-18
411.12425020047067 2.7146268737330932e-18
411.1863486849819 2.8595213527737564e-18
411.24844716949315 2.8112113782402363e-18
411.3105456540044 2.796824424206222e-18
411.3726441385157 2.673869790620561e-18
411.4347426230269 2.8646378854660668e-18
411.49684110753816 2.6946040679358582e-18
411.5589395920494 2.5005670075348076e-18
411.6210380765607 2.4934843715681303e-18
411.68313656107193 2.7815425560701977e-18
411.7452350455832 2.7155935616497664e-18
411.8073335300944 2.745661002525736e-18
411.86943201460565 2.942966121623363e-18
411.9315304991169 2.9699251736789052e-18
411.9936289836282 2.8333488153330652e-18
412.0557274681394 2.729812648314447e-18
412.11782595265066 2.745893429619799e-18
412.17992443716196 2.6449340503532505e-18
412.2420229216732 2.6071760871857412e-18
412.30412140618444 2.556412999674493e-18
412.3662198906957 2.6628414089804237e-18
412.4283183752069 2.6885202594347927e-18
412.49041685971815 2.6582113878239573e-18
412.5525153442294 2.688577489242325e-18
412.6146138287407 2.655092800707335e-18
412.6767123132519 2.7235310616242417e-18
412.73881079776316 2.9748025030607438e-18
412.80090928227446 2.8339500762311725e-18
412.8630077667857 2.8916474942104863e-18
412.92510625129694 2.817537610017131e-18
412.9872047358082 2.884908089504624e-18
413.0493032203194 2.7478993515213404e-18
413.11140170483066 2.717359105454546e-18
413.17350018934195 2.7126285894355198e-18
413.2355986738532 2.726039018572294e-18
413.29769715836443 2.8103417331316178e-18
413.35979564287567 2.6515241610594187e-18
413.42189412738696 2.843965845891737e-18
413.4839926118982 2.712350027980582e-18
413.54609109640944 2.7268347493507174e-18
413.6081895809207 2.8567892969779356e-18
413.6702880654319 2.9792316598399387e-18
413.73238654994316 2.8351871224156613e-18
413.79448503445445 2.8468333277424145e-18
413.8565835189657 2.663472643085125e-18
413.91868200347693 2.7969073317520973e-18
413.98078048798817 2.9145396716571373e-18
414.04287897249947 2.523174387944571e-18
414.1049774570107 2.537878060457302e-18
414.16707594152194 2.5680501434374586e-18
414.2291744260332 2.6484900445625427e-18
414.2912729105444 2.6993295462021436e-18
414.35337139505566 2.643945696609839e-18
414.41546987956696 2.6597002613522135e-18
414.4775683640782 2.869730803727402e-18
414.53966684858943 2.961647450362871e-18
414.6017653331007 2.9890354286119535e-18
414.66386381761197 2.7807765250837143e-18
414.7259623021232 2.7067437720814457e-18
414.78806078663445 2.740275404984857e-18
414.8501592711457 2.7124110637300333e-18
414.9122577556569 2.5812995759110208e-18
414.97435624016816 2.5272174482596327e-18
415.03645472467946 2.6059645694202595e-18
415.0985532091907 2.7435258607765278e-18
415.16065169370194 2.6677388903042584e-18
415.22275017821323 2.799712158592353e-18
415.28484866272447 2.8555974464536006e-18
415.3469471472357 2.748116960381537e-18
415.40904563174695 2.863983964089341e-18
415.4711441162582 2.8020163968072012e-18
415.5332426007694 2.793712957640135e-18
415.59534108528067 2.8223355911987506e-18
415.65743956979196 2.727463644225655e-18
415.7195380543032 2.629833065260368e-18
415.78163653881444 2.539001969528908e-18
415.84373502332573 2.755964554962616e-18
415.905833507837 2.781127349516422e-18
415.9679319923482 2.7838087875182895e-18
416.03003047685945 2.8050476121667805e-18
416.0921289613707 2.618815323615699e-18
416.15422744588193 2.799622812895245e-18
416.2163259303932 2.761986993623124e-18
416.27842441490446 2.707540391935894e-18
416.3405228994157 2.73036091046877e-18
416.40262138392694 2.6341154594097448e-18
416.46471986843824 2.9107522540813435e-18
416.5268183529495 2.8255657207387913e-18
416.5889168374607 2.6382893694201704e-18
416.65101532197195 2.412958395566655e-18
416.7131138064832 2.554084585970415e-18
416.77521229099443 2.783834436079656e-18
416.8373107755057 2.6484263714616092e-18
416.89940926001697 2.7441616408838484e-18
416.9615077445282 2.6412496477063455e-18
417.02360622903944 2.6248256467240126e-18
417.08570471355074 2.626949350724085e-18
417.147803198062 2.72185746885146e-18
417.2099016825732 2.819771178525146e-18
417.27200016708446 2.6230862984310908e-18
417.3340986515957 2.65764199465507e-18
417.39619713610693 2.730468713182882e-18
417.45829562061823 2.5724752641971352e-18
417.52039410512947 2.618032475720838e-18
417.5824925896407 2.721932233271338e-18
417.64459107415195 2.7723260950629548e-18
417.70668955866324 2.673217767541151e-18
417.7687880431745 2.5721291639530646e-18
417.8308865276857 2.647549054382869e-18
417.89298501219696 2.6938690782750292e-18
417.9550834967082 2.5319850505670596e-18
418.01718198121944 2.7491700912220593e-18
418.07928046573073 2.6238784063905145e-18
418.141378950242 2.606089093735847e-18
418.2034774347532 2.615357865358355e-18
418.26557591926445 2.4578363711870288e-18
418.32767440377575 2.6037540945100513e-18
418.389772888287 2.5513877703303118e-18
418.4518713727982 2.576523739855845e-18
418.51396985730946 2.4566254632703835e-18
418.5760683418207 2.6385207039040745e-18
418.63816682633194 2.8255189975028512e-18
418.70026531084324 2.641634566506859e-18
418.7623637953545 2.6093600025213547e-18
418.8244622798657 2.601462754693419e-18
418.886560764377 2.605286788371913e-18
418.94865924888825 2.7053163461355603e-18
419.0107577333995 2.6585129321723064e-18
419.0728562179107 2.5674860513902346e-18
419.13495470242196 2.595556050440134e-18
419.1970531869332 2.606038915698445e-18
419.2591516714445 2.4167400704964656e-18
419.32125015595574 2.4933308436160327e-18
419.383348640467 2.6483575405604075e-18
419.4454471249782 2.5869095505760713e-18
419.5075456094895 2.5546252345314675e-18
419.56964409400075 2.5259617911844897e-18
419.631742578512 2.577136254001915e-18
419.6938410630232 2.7811251567338647e-18
419.75593954753447 2.8134154904992768e-18
419.8180380320457 2.6138611272265652e-18
419.880136516557 2.525288404374077e-18
419.94223500106824 2.2956873548540103e-18
420.0043334855795 2.4754839054706758e-18
420.0664319700907 2.5115988075331974e-18
420.128530454602 2.4621719310592485e-18
420.19062893911325 2.4947134040566296e-18
420.2527274236245 2.5876986885700643e-18
420.31482590813573 2.624801722218871e-18
420.37692439264697 2.6116667379605957e-18
420.4390228771582 2.5009461526091532e-18
420.5011213616695 2.5694520030341062e-18
420.56321984618074 2.700411862084854e-18
420.625318330692 2.6743079227384907e-18
420.6874168152032 2.715936505140391e-18
420.7495152997145 2.818519611767936e-18
420.81161378422576 2.6982023029132305e-18
420.873712268737 2.6065920668175187e-18
420.93581075324823 2.520002970955988e-18
420.9979092377595 2.6814729896835575e-18
421.0600077222707 2.7913086225444318e-18
421.122106206782 2.779154292478617e-18
421.18420469129325 2.643845957457016e-18
421.2463031758045 2.6395710514554236e-18
421.3084016603157 2.6885988209266222e-18
421.370500144827 2.8384874935004975e-18
421.43259862933826 2.6893061073344056e-18
421.4946971138495 2.5226489140984126e-18
421.55679559836074 2.4981848113866065e-18
421.618894082872 2.47947663299138e-18
421.6809925673832 2.521579344414625e-18
421.7430910518945 2.4641454888236117e-18
421.80518953640575 2.514324958759252e-18
421.867288020917 2.550974110252818e-18
421.9293865054283 2.777003971312428e-18
421.9914849899395 2.643170783620539e-18
422.05358347445076 2.5641756398691587e-18
422.115681958962 2.6742026994019787e-18
422.17778044347324 2.6197260357223093e-18
422.2398789279845 2.6530382229079888e-18
422.3019774124957 2.577911935392707e-18
422.364075897007 2.4796566669433254e-18
422.42617438151825 2.461002488174748e-18
422.4882728660295 2.306053722709504e-18
422.5503713505408 2.3317030608498465e-18
422.612469835052 2.659275657900548e-18
422.67456831956326 2.5729073798024462e-18
422.7366668040745 2.5926970708286437e-18
422.79876528858574 2.4771826831405186e-18
422.860863773097 2.595002586825129e-18
422.9229622576083 2.6530573763275947e-18
422.9850607421195 2.5602959567701776e-18
423.04715922663075 2.420812119616982e-18
423.109257711142 2.2461184710076825e-18
423.1713561956533 2.592664262580006e-18
423.2334546801645 2.502926179342157e-18
423.29555316467577 2.4387058616671206e-18
423.357651649187 2.4121943740356904e-18
423.41975013369824 2.5436747369667704e-18
423.4818486182095 2.47439255611592e-18
423.5439471027208 2.357044976410738e-18
423.606045587232 2.376883100167465e-18
423.66814407174326 2.390723578638934e-18
423.7302425562545 2.636836413243058e-18
423.7923410407658 2.5610474369136144e-18
423.85443952527703 2.4114333208643512e-18
423.91653800978827 2.6139812158982152e-18
423.9786364942995 3.024805418629142e-18
424.04073497881075 3.3480213866367915e-18
424.102833463322 3.397977891496241e-18
424.1649319478333 3.537732682590091e-18
424.2270304323445 3.5686202365999304e-18
424.28912891685576 3.59105390368515e-18
424.351227401367 3.508452485651998e-18
424.4133258858783 3.470537362844062e-18
424.47542437038953 3.55503127258389e-18
424.53752285490077 3.509091367336227e-18
424.599621339412 3.2182285479931137e-18
424.66171982392325 3.0949237258582744e-18
424.7238183084345 2.5458725595604093e-18
424.7859167929458 2.3893692070217098e-18
424.848015277457 2.5117841329524735e-18
424.91011376196826 2.4762865329837186e-18
424.97221224647956 2.5918515663758665e-18
425.0343107309908 2.4701919366832275e-18
425.09640921550204 2.384792355967925e-18
425.1585077000133 2.4428868628340157e-18
425.2206061845245 2.4673995519555697e-18
425.28270466903575 2.3442912950361187e-18
425.344803153547 2.3185037339070216e-18
425.4069016380583 2.3736252039069257e-18
425.4690001225695 2.5061735895369342e-18
425.53109860708076 2.685640535737352e-18
425.59319709159206 2.5720685541293245e-18
425.6552955761033 2.499850983656706e-18
425.71739406061454 2.358810992083594e-18
425.7794925451258 2.4311078722759457e-18
425.841591029637 2.3854321094394605e-18
425.90368951414825 2.281644968839932e-18
425.96578799865955 2.426795275241295e-18
426.0278864831708 2.445698071393708e-18
426.089984967682 2.380667458373807e-18
426.15208345219327 2.350770283142666e-18
426.21418193670456 2.253722356180596e-18
426.2762804212158 2.4726610893946812e-18
426.33837890572704 2.567348565717848e-18
426.4004773902383 2.675074402807008e-18
426.4625758747495 2.660829542031279e-18
426.52467435926076 2.377597389874937e-18
426.58677284377205 2.4024593942044113e-18
426.6488713282833 2.5128296217268645e-18
426.71096981279453 2.4023064336588207e-18
426.77306829730577 2.3615837285900578e-18
426.83516678181707 2.353222730666115e-18
426.8972652663283 2.3170214819027662e-18
426.95936375083954 2.588918222490168e-18
427.0214622353508 2.451759761728791e-18
427.083560719862 2.524650132661821e-18
427.14565920437326 2.50306983011473e-18
427.20775768888456 2.3673253136920495e-18
427.2698561733958 2.4347165403526052e-18
427.33195465790703 2.5633189884046126e-18
427.3940531424183 2.3570782107688423e-18
427.45615162692957 2.3236482139928847e-18
427.5182501114408 2.266740695016215e-18
427.58034859595205 2.2784391067219577e-18
427.6424470804633 2.1506307960928834e-18
427.7045455649745 2.2842464414064266e-18
427.76664404948576 2.489846104267926e-18
427.82874253399706 2.4619653339770187e-18
427.8908410185083 2.4086712711912475e-18
427.95293950301954 2.5981052635176684e-18
428.01503798753083 2.6173317548309817e-18
428.07713647204207 2.5812813611360438e-18
428.1392349565533 2.7363574059097217e-18
428.20133344106455 2.500480947724742e-18
428.2634319255758 2.386041122215361e-18
428.325530410087 2.341070753869726e-18
428.38762889459827 2.2920700790732284e-18
428.44972737910956 2.3247737681244093e-18
428.5118258636208 2.3088490655616786e-18
428.57392434813204 2.390867574746159e-18
428.63602283264333 2.4154041618095668e-18
428.6981213171546 2.286172926242873e-18
428.7602198016658 2.3843246953123614e-18
428.82231828617705 2.431048557811086e-18
428.8844167706883 2.4217435823088967e-18
428.94651525519953 2.4072404644015574e-18
429.0086137397108 2.4418759730045218e-18
429.07071222422206 2.4324986718806855e-18
429.1328107087333 2.4852648121426153e-18
429.19490919324454 2.524876799102521e-18
429.25700767775584 2.38043140504525e-18
429.3191061622671 2.365485223010441e-18
429.3812046467783 2.497992855781952e-18
429.44330313128955 2.4325590243407254e-18
429.5054016158008 2.3088004330635696e-18
429.56750010031203 2.3682109131004315e-18
429.6295985848233 2.40053108497012e-18
429.69169706933457 2.4106149206722607e-18
429.7537955538458 2.536788743408513e-18
429.81589403835704 2.460839977700277e-18
429.87799252286834 2.4618028533569665e-18
429.9400910073796 2.5779266605576317e-18
430.0021894918908 2.4536524683611113e-18
430.06428797640206 2.6155894638588113e-18
430.1263864609133 2.3758856307318353e-18
430.18848494542453 2.3365700195262857e-18
430.25058342993583 2.554271338789895e-18
430.31268191444707 2.2903477800877822e-18
430.3747803989583 2.299311109347183e-18
430.43687888346955 2.358819241507124e-18
430.49897736798084 2.4650312743020012e-18
430.5610758524921 2.4810418506899338e-18
430.6231743370033 2.399145779619328e-18
430.68527282151456 2.473068783956734e-18
430.7473713060258 2.3709005073881954e-18
430.80946979053704 2.2911569147345554e-18
430.87156827504833 2.3414714446176056e-18
430.93366675955957 2.4417153304704138e-18
430.9957652440708 2.2992450580374013e-18
431.05786372858205 2.322793532936211e-18
431.11996221309334 2.239668991859849e-18
431.1820606976046 2.3503055215110495e-18
431.2441591821158 2.3282842786443e-18
431.30625766662706 2.425517816137734e-18
431.3683561511383 2.3767250325854573e-18
431.43045463564954 2.4113587590454484e-18
431.49255312016084 2.343257689977469e-18
431.5546516046721 2.4066409166514797e-18
431.6167500891833 2.5892645453567108e-18
431.6788485736946 2.4915003606983214e-18
431.74094705820585 2.3322198808759725e-18
431.8030455427171 2.4202589144657242e-18
431.8651440272283 2.4287905884333245e-18
431.92724251173956 2.1672550194074597e-18
431.9893409962508 2.2453292045094437e-18
432.0514394807621 2.3238442536759985e-18
432.11353796527334 2.2950398156410643e-18
432.1756364497846 2.276260611487866e-18
432.2377349342958 2.3578180630908696e-18
432.2998334188071 2.3951015243757428e-18
432.36193190331835 2.5183353523910255e-18
432.4240303878296 2.505978330832005e-18
432.4861288723408 2.3946507421191126e-18
432.54822735685207 2.442418089725323e-18
432.6103258413633 2.489390122878858e-18
432.6724243258746 2.4288765451249547e-18
432.73452281038584 2.4031131341914617e-18
432.7966212948971 2.4946802816654833e-18
432.8587197794083 2.3446813989044953e-18
432.9208182639196 2.1967739845132484e-18
432.98291674843085 2.189204500134405e-18
433.0450152329421 2.3029148672776085e-18
433.10711371745333 2.339745943527148e-18
433.16921220196457 2.604078833539454e-18
433.2313106864758 2.5244349017606016e-18
433.2934091709871 2.474992765608686e-18
433.35550765549834 2.3554490136495437e-18
433.4176061400096 2.3278694303995708e-18
433.4797046245208 2.5343721699762413e-18
433.5418031090321 2.4399605720620533e-18
433.60390159354336 2.312193586690894e-18
433.6660000780546 2.3025176048405898e-18
433.72809856256583 2.304206231621253e-18
433.7901970470771 2.210176305037135e-18
433.8522955315883 2.39423174169158e-18
433.9143940160996 2.4031551745917283e-18
433.97649250061085 2.392196164561611e-18
434.0385909851221 2.4845129222903283e-18
434.1006894696333 2.4551486911404877e-18
434.1627879541446 2.5524251652303676e-18
434.22488643865586 2.321103640718783e-18
434.2869849231671 2.4208998003890975e-18
434.34908340767834 2.4126251245984032e-18
434.4111818921896 2.466352038805779e-18
434.4732803767008 2.349855727414891e-18
434.5353788612121 2.2408024152862353e-18
434.59747734572335 2.429835987756587e-18
434.6595758302346 2.273956492692183e-18
434.7216743147459 2.4314502110830146e-18
434.7837727992571 2.349294226675786e-18
434.84587128376836 2.1828703747399087e-18
434.9079697682796 2.421572913544898e-18
434.97006825279084 2.3609373170295186e-18
435.0321667373021 2.505770239951405e-18
435.0942652218133 2.4889797575476365e-18
435.1563637063246 2.454502488461045e-18
435.21846219083585 2.4549385244856624e-18
435.2805606753471 2.1923339305894854e-18
435.3426591598584 2.2304003519882426e-18
435.4047576443696 2.350927779962769e-18
435.46685612888086 2.2985287038908798e-18
435.5289546133921 2.2083606015124538e-18
435.59105309790334 2.3353081887117076e-18
435.6531515824146 2.4971780335599787e-18
435.7152500669259 2.442854045553173e-18
435.7773485514371 2.313773053720253e-18
435.83944703594835 2.4381051776527886e-18
435.9015455204596 2.4853237830907784e-18
435.9636440049709 2.426256946534562e-18
436.0257424894821 2.3694844087951056e-18
436.08784097399337 2.3495989138584313e-18
436.1499394585046 2.3228756761527212e-18
436.21203794301584 2.4264537416366288e-18
436.2741364275271 2.4948334266973732e-18
436.3362349120384 2.4027597529334055e-18
436.3983333965496 2.429452135998065e-18
436.46043188106086 2.346008047204315e-18
436.5225303655721 2.307493991650071e-18
436.5846288500834 2.4728325496851453e-18
436.64672733459463 2.5097565301474057e-18
436.70882581910587 2.5418385697029795e-18
436.7709243036171 2.496805306255759e-18
436.83302278812835 2.4149659027341086e-18
436.8951212726396 2.4069824079983424e-18
436.9572197571509 2.403035618973297e-18
437.0193182416621 2.2102418011406893e-18
437.08141672617336 2.3118615044780124e-18
437.1435152106846 2.448855636205077e-18
437.2056136951959 2.3765501014453033e-18
437.26771217970713 2.4111121816782477e-18
437.32981066421837 2.4816049437394735e-18
437.3919091487296 2.5116060148721866e-18
437.45400763324085 2.419172305750792e-18
437.5161061177521 2.3719531390554303e-18
437.5782046022634 2.537921121731529e-18
437.6403030867746 2.3674264584983617e-18
437.70240157128586 2.4534501425347682e-18
437.76450005579716 2.5318922669509167e-18
437.8265985403084 2.3800484237975517e-18
437.88869702481963 2.3587750169010753e-18
437.9507955093309 2.4150359559715455e-18
438.0128939938421 2.3630771748415046e-18
438.07499247835335 2.3399825232632434e-18
438.1370909628646 2.4800806395578217e-18
438.1991894473759 2.4172157394768938e-18
438.2612879318871 2.507064692117261e-18
438.32338641639836 2.46376933919668e-18
438.38548490090966 2.4604280781504163e-18
438.4475833854209 2.5850357322777194e-18
438.50968186993214 2.5782900097080796e-18
438.5717803544434 2.414826318248748e-18
438.6338788389546 2.350570003055436e-18
438.69597732346585 2.4958113173849016e-18
438.75807580797715 2.336293518872479e-18
438.8201742924884 2.381379537001651e-18
438.8822727769996 2.2724108714756228e-18
438.94437126151087 2.299112121136963e-18
439.00646974602216 2.4298309226148343e-18
439.0685682305334 2.3266089290488655e-18
439.13066671504464 2.4485519740509853e-18
439.1927651995559 2.354558459723434e-18
439.2548636840671 2.3261536568146113e-18
439.31696216857836 2.3859636820811694e-18
439.37906065308965 2.4358367232773626e-18
439.4411591376009 2.410774253864943e-18
439.50325762211213 2.515071736081788e-18
439.56535610662337 2.5298374654059094e-18
439.62745459113466 2.3694568976501233e-18
439.6895530756459 2.2212760087518298e-18
439.75165156015714 2.2792500541443307e-18
439.8137500446684 2.4624539918180633e-18
439.8758485291796 2.5204739670818904e-18
439.93794701369086 2.52755471450516e-18
440.00004549820216 2.503002582401821e-18
440.0621439827134 2.336102929604852e-18
440.12424246722463 2.418917922539137e-18
440.1863409517359 2.5738460943119778e-18
440.24843943624717 2.4060029625179033e-18
440.3105379207584 2.323620039244976e-18
440.37263640526965 2.3408253969232516e-18
440.4347348897809 2.380813468865493e-18
440.4968333742921 2.432426054693118e-18
440.55893185880336 2.420173284121421e-18
440.62103034331466 2.2626333165658455e-18
440.6831288278259 2.401944596781926e-18
440.74522731233714 2.382579184643285e-18
440.8073257968484 2.3003737174739416e-18
440.86942428135967 2.3717631966636426e-18
440.9315227658709 2.4683569755974662e-18
440.99362125038215 2.4825782662314098e-18
441.0557197348934 2.3892399337587405e-18
441.1178182194046 2.4405628858029503e-18
441.17991670391586 2.526731944095387e-18
441.24201518842716 2.5493416436334934e-18
441.3041136729384 2.5132797111283695e-18
441.36621215744964 2.330240313638185e-18
441.42831064196093 2.4062847216178683e-18
441.4904091264722 2.4590328994318867e-18
441.5525076109834 2.340772057049561e-18
441.61460609549465 2.3443595341149876e-18
441.6767045800059 2.383034059216325e-18
441.7388030645171 2.479091325207908e-18
441.8009015490284 2.4746853275116705e-18
441.86300003353966 2.3941927272543086e-18
441.9250985180509 2.346827493199857e-18
441.98719700256214 2.4169718536975377e-18
442.04929548707344 2.4544454024999868e-18
442.1113939715847 2.3872858693020887e-18
442.1734924560959 2.328033017406609e-18
442.23559094060715 2.2961146890352116e-18
442.2976894251184 2.3032886332087782e-18
442.35978790962963 2.306604328290075e-18
442.4218863941409 2.2291902245190095e-18
442.48398487865217 2.2956399705053667e-18
442.5460833631634 2.517356583225222e-18
442.60818184767464 2.5984116094548906e-18
442.67028033218594 2.435003179771425e-18
442.7323788166972 2.529226838167706e-18
442.7944773012084 2.435762456805924e-18
442.85657578571966 2.338514555501997e-18
442.9186742702309 2.231476872452609e-18
442.98077275474213 2.3102313709120536e-18
443.04287123925343 2.375003180029871e-18
443.10496972376467 2.4957117765036786e-18
443.1670682082759 2.2689197096225192e-18
443.22916669278715 2.213715161651238e-18
443.29126517729844 2.4403283412858085e-18
443.3533636618097 2.2275288262524022e-18
443.4154621463209 2.41984262054135e-18
443.47756063083216 2.448772071297892e-18
443.5396591153434 2.5467161801221154e-18
443.60175759985464 2.544870277811074e-18
443.66385608436593 2.3125976657996146e-18
443.72595456887717 2.529950407779206e-18
443.7880530533884 2.4562067291308314e-18
443.85015153789965 2.314124426045335e-18
443.91225002241094 2.3259338914717584e-18
443.9743485069222 2.3793633348258515e-18
444.0364469914334 2.437093859229842e-18
444.09854547594466 2.3175703947022174e-18
444.1606439604559 2.4461417766750357e-18
444.22274244496714 2.3455148498278466e-18
444.28484092947843 2.202633907201811e-18
444.3469394139897 2.2387666251744452e-18
444.4090378985009 2.1439933416124065e-18
444.4711363830122 2.229120571321763e-18
444.53323486752345 2.3777606483509506e-18
444.5953333520347 2.4424123344286546e-18
444.6574318365459 2.3201190236380453e-18
444.71953032105716 2.2678004371974238e-18
444.7816288055684 2.2536639520884867e-18
444.84372729007964 2.2050645936940442e-18
444.90582577459094 2.3331652051587704e-18
444.9679242591022 2.4551611406454827e-18
445.0300227436134 2.4032896901843967e-18
445.0921212281247 2.4359767438250058e-18
445.15421971263595 2.4600481726693482e-18
445.2163181971472 2.4995090406544497e-18
445.2784166816584 2.398600649004797e-18
445.34051516616967 2.3991415107979115e-18
445.4026136506809 2.4246543865469203e-18
445.4647121351922 2.3771933937039382e-18
445.52681061970344 2.315986019323709e-18
445.5889091042147 2.3448620774390375e-18
445.6510075887259 2.3705579617955295e-18
445.7131060732372 2.3157335025121227e-18
445.77520455774845 2.343343214791348e-18
445.8373030422597 2.404248523284624e-18
445.89940152677093 2.3546777790976887e-18
445.96150001128217 2.2742942050770135e-18
446.0235984957934 2.3675305077379267e-18
446.0856969803047 2.4367711741794566e-18
446.14779546481594 2.2999943517659077e-18
446.2098939493272 2.3928101480713403e-18
446.2719924338384 2.3683946318038835e-18
446.3340909183497 2.3231481320217027e-18
446.39618940286095 2.3887513799981283e-18
446.4582878873722 2.285380343891642e-18
446.52038637188343 2.3402259206156076e-18
446.5824848563947 2.3485744928851234e-18
446.6445833409059 2.2690557207023517e-18
446.7066818254172 2.348918464366736e-18
446.76878030992845 2.3306981010334945e-18
446.8308787944397 2.3895699856003545e-18
446.8929772789509 2.3443565876205265e-18
446.9550757634622 2.34213323872749e-18
447.01717424797346 2.3584994184554587e-18
447.0792727324847 2.36685628531829e-18
447.14137121699594 2.149411832516037e-18
447.2034697015072 2.2580382918410284e-18
447.2655681860184 2.4285066527876907e-18
447.3276666705297 2.4266354663012348e-18
447.38976515504095 2.312167450541016e-18
447.4518636395522 2.2816484150693653e-18
447.5139621240635 2.3218275064555476e-18
447.5760606085747 2.2690173792017654e-18
447.63815909308596 2.3624013357971106e-18
447.7002575775972 2.302711799891182e-18
447.76235606210844 2.1955740010220487e-18
447.8244545466197 2.238376862881277e-18
447.8865530311309 2.375572893375822e-18
447.9486515156422 2.217655816281547e-18
448.01075000015345 2.3221201434541345e-18
448.0728484846647 2.3531681430824937e-18
448.134946969176 2.1747818219547394e-18
448.1970454536872 2.1859157079742985e-18
448.25914393819846 2.252917826644224e-18
448.3212424227097 2.239575610404217e-18
448.38334090722094 2.4050608495547396e-18
448.4454393917322 2.295080055386341e-18
448.5075378762435 2.2451956945816497e-18
448.5696363607547 2.4424585983409375e-18
448.63173484526595 2.9591377893074763e-18
448.6938333297772 3.47283012799758e-18
448.7559318142885 4.211901229088886e-18
448.8180302987997 4.474070289425685e-18
448.88012878331097 4.603599660340563e-18
448.9422272678222 4.743412864025239e-18
449.00432575233344 4.770252166584978e-18
449.0664242368447 4.6750169983816576e-18
449.128522721356 4.5104771127685435e-18
449.1906212058672 4.3040638670495545e-18
449.25271969037846 4.043992659422342e-18
449.3148181748897 3.4446577784050597e-18
449.376916659401 2.894273476983553e-18
449.43901514391223 2.446279552651595e-18
449.50111362842347 2.311529139846787e-18
449.5632121129347 2.130614297669064e-18
449.62531059744595 2.4133254038675396e-18
449.6874090819572 2.269164785200972e-18
449.7495075664685 2.1681316005348528e-18
449.8116060509797 2.3678462452097465e-18
449.87370453549096 2.320268742906139e-18
449.9358030200022 2.2588304049349466e-18
449.9979015045135 2.259162205242179e-18
450.05999998902473 2.336152163663101e-18
450.12209847353597 2.1917999694989024e-18
450.1841969580472 2.200271239714692e-18
450.24629544255845 2.303738167981386e-18
450.3083939270697 2.4075945454270296e-18
450.370492411581 2.225658762952336e-18
450.4325908960922 2.2444644875326287e-18
450.49468938060346 2.3300233589348067e-18
450.55678786511476 2.4037533304573007e-18
450.618886349626 2.449822384809769e-18
450.68098483413723 2.3523444184752564e-18
450.7430833186485 2.2149266058678373e-18
450.8051818031597 2.2311005183938048e-18
450.86728028767095 2.1811825482024247e-18
450.9293787721822 2.274722504345313e-18
450.9914772566935 2.5377245866207122e-18
451.0535757412047 2.5569261108072225e-18
451.11567422571596 2.7009920573578116e-18
451.17777271022726 3.0067089254751283e-18
451.2398711947385 3.0062688441758956e-18
451.30196967924974 2.9708670126644974e-18
451.364068163761 2.9876244383643147e-18
451.4261666482722 2.9098321517678994e-18
451.48826513278345 2.869291881202553e-18
451.55036361729475 2.844924748294957e-18
451.612462101806 2.6271902557111506e-18
451.6745605863172 2.4598538718645235e-18
451.73665907082847 2.3535094361929327e-18
451.79875755533976 2.146956714952056e-18
451.860856039851 2.1360538369332953e-18
451.92295452436224 2.220237800019832e-18
451.9850530088735 2.3059921363617087e-18
452.0471514933847 2.2500732582935528e-18
452.10924997789596 2.2088373854962887e-18
452.17134846240725 2.183562733217873e-18
452.2334469469185 2.2650159294444245e-18
452.29554543142973 2.2630798182058077e-18
452.35764391594097 2.2820036605444125e-18
452.41974240045226 2.268929864870105e-18
452.4818408849635 2.1389668092869796e-18
452.54393936947474 2.143482639118969e-18
452.606037853986 2.1902870068151003e-18
452.6681363384972 2.377787570197524e-18
452.73023482300846 2.3678195084181635e-18
452.79233330751975 2.1814574396814325e-18
452.854431792031 2.3119360267850904e-18
452.91653027654223 2.3004634379798176e-18
452.97862876105347 2.4737694567056423e-18
453.04072724556477 2.3583068316498217e-18
453.102825730076 2.3265233466420604e-18
453.16492421458724 2.45471902001096e-18
453.2270226990985 2.461344617070468e-18
453.2891211836097 2.4564444406514963e-18
453.35121966812096 2.2375937935754464e-18
453.41331815263226 2.1733266036922223e-18
453.4754166371435 2.129871007691176e-18
453.53751512165474 2.294614667708373e-18
453.599613606166 2.3103093134362994e-18
453.66171209067727 2.4607898074167773e-18
453.7238105751885 2.2569815079340546e-18
453.78590905969975 2.3160451720041545e-18
453.848007544211 2.4210431258477786e-18
453.9101060287222 2.5750772509343998e-18
453.97220451323346 2.3445054046279666e-18
454.03430299774476 2.3512551164287825e-18
454.096401482256 2.3888750504533625e-18
454.15849996676724 2.1998023918636127e-18
454.22059845127853 2.2849654128559013e-18
454.2826969357898 2.2778663956875e-18
454.344795420301 2.2073194420350452e-18
454.40689390481225 2.1600478050244196e-18
454.4689923893235 2.3896005042380313e-18
454.5310908738347 2.2865563559079342e-18
454.593189358346 2.367364764671543e-18
454.65528784285726 2.375119939332012e-18
454.7173863273685 2.5374924767962728e-18
454.77948481187974 2.2868642699647035e-18
454.84158329639104 2.2637971211263593e-18
454.9036817809023 2.1546818889901877e-18
454.9657802654135 2.07014830104355e-18
455.02787874992475 2.0377870234409335e-18
455.089977234436 2.0776830851509145e-18
455.15207571894723 2.0227149123582137e-18
455.2141742034585 2.0669976056747745e-18
455.27627268796977 2.1525028298468816e-18
455.338371172481 2.150371653509529e-18
455.40046965699224 2.2969691483944436e-18
455.46256814150354 2.2754315191785193e-18
455.5246666260148 2.234419232568138e-18
455.586765110526 2.3062175640587958e-18
455.64886359503726 2.365294658079307e-18
455.7109620795485 2.3629011943693122e-18
455.77306056405973 2.1566042363569037e-18
455.83515904857103 1.9980944146157623e-18
455.89725753308227 2.1703405697154968e-18
455.9593560175935 2.153349031956104e-18
456.02145450210475 2.2270885635224617e-18
456.08355298661604 2.2210764366532856e-18
456.1456514711273 2.2653025903456038e-18
456.2077499556385 2.393611649612517e-18
456.26984844014976 2.2316418097777815e-18
456.331946924661 2.275847273675676e-18
456.39404540917224 2.5591946193310024e-18
456.45614389368353 2.353128262938779e-18
456.51824237819477 2.2306097308931947e-18
456.580340862706 2.3114286371226127e-18
456.64243934721725 2.3663663752973128e-18
456.70453783172854 2.239235138318568e-18
456.7666363162398 2.1139955202795227e-18
456.828734800751 2.1659714092324955e-18
456.89083328526226 2.13249605016913e-18
456.9529317697735 2.0938729603350246e-18
457.0150302542848 2.2244661197188688e-18
457.07712873879603 2.1920240382047168e-18
457.1392272233073 2.158190240980441e-18
457.2013257078185 2.2380915890665196e-18
457.26342419232975 2.337907699610482e-18
457.32552267684105 2.1563950957084073e-18
457.3876211613523 2.2363972546145433e-18
457.4497196458635 2.253046123468567e-18
457.51181813037476 2.162117338663488e-18
457.573916614886 2.2203182830586938e-18
457.6360150993973 2.1881050664825946e-18
457.69811358390854 2.137323491368072e-18
457.7602120684198 2.1565773449607732e-18
457.822310552931 2.1518126579361193e-18
457.88440903744225 2.0016101946003026e-18
457.94650752195355 2.0215902172212642e-18
458.0086060064648 2.2738396777128704e-18
458.070704490976 2.3486710752059045e-18
458.13280297548727 2.2630016671592193e-18
458.1949014599985 2.155468104482895e-18
458.2569999445098 2.0772193016301804e-18
458.31909842902104 2.2563049864979064e-18
458.3811969135323 2.1640968742603078e-18
458.4432953980435 2.2364010278303026e-18
458.5053938825548 2.083663025057874e-18
458.56749236706605 2.14315871107745e-18
458.6295908515773 2.0981863691970006e-18
458.69168933608853 2.021085761870346e-18
458.75378782059977 1.9968847578777467e-18
458.815886305111 2.1707599342830262e-18
458.8779847896223 2.2084655766985158e-18
458.94008327413354 2.1950022711425372e-18
459.0021817586448 2.1916688238690256e-18
459.064280243156 2.2018573982950937e-18
459.1263787276673 2.1679961575958887e-18
459.18847721217855 2.2340379901955996e-18
459.2505756966898 2.2121844084476055e-18
459.31267418120103 2.0479693514672233e-18
459.37477266571227 2.071189198803667e-18
459.4368711502235 2.1180333759512475e-18
459.4989696347348 2.1039511503795473e-18
459.56106811924604 2.0731854802340142e-18
459.6231666037573 2.1422973332012675e-18
459.6852650882685 2.2157134072378974e-18
459.7473635727798 2.0586392463835485e-18
459.80946205729106 2.1739913788092424e-18
459.8715605418023 2.2247801239038298e-18
459.93365902631353 2.124472768991903e-18
459.9957575108248 2.1428928337351373e-18
460.05785599533607 2.0138495125872157e-18
460.1199544798473 2.1419714608570403e-18
460.18205296435855 2.0704012353111587e-18
460.2441514488698 2.031876605187506e-18
460.306249933381 2.1143356752123318e-18
460.3683484178923 2.1109700642242487e-18
460.43044690240356 2.0831695787095545e-18
460.4925453869148 2.094044059207936e-18
460.55464387142604 2.192847874570676e-18
460.6167423559373 2.284860190710256e-18
460.6788408404486 2.1250331322142625e-18
460.7409393249598 2.0236749514831255e-18
460.80303780947105 2.0027511621188265e-18
460.8651362939823 1.8400518220451446e-18
460.9272347784935 1.9935818857082692e-18
460.9893332630048 1.9216714450452842e-18
461.05143174751606 2.0152586093467736e-18
461.1135302320273 2.231460887384428e-18
461.17562871653854 2.065995465184508e-18
461.2377272010498 1.808536127911526e-18
461.2998256855611 1.923471151228981e-18
461.3619241700723 2.09115998794747e-18
461.42402265458355 2.160575514578873e-18
461.4861211390948 2.0288117536268034e-18
461.5482196236061 1.937782500263839e-18
461.6103181081173 1.7629162318898046e-18
461.67241659262857 2.1331117891352796e-18
461.7345150771398 1.7013433521187439e-18
461.79661356165104 2.0999457876015403e-18
461.8587120461623 2.0886329186957787e-18
461.9208105306736 1.988542010939947e-18
461.9829090151848 1.926809063070778e-18
462.04500749969606 2.130223611253152e-18
462.1071059842073 2.171987929794e-18
462.1692044687186 2.079726393154051e-18
462.23130295322983 2.0817189191325908e-18
462.29340143774107 2.1304311329056272e-18
462.3554999222523 2.119890007102138e-18
462.41759840676355 2.1471625336703355e-18
462.4796968912748 1.967496927336377e-18
462.5417953757861 2.3598901013450174e-18
462.6038938602973 2.2359710336947304e-18
462.66599234480856 2.2183913085373173e-18
462.7280908293198 2.4001800454408944e-18
462.7901893138311 2.1430439143522566e-18
462.85228779834233 2.171732387558111e-18
462.91438628285357 1.850217092099812e-18
462.9764847673648 2.0518933217522797e-18
463.03858325187605 1.9166364870165383e-18
463.1006817363873 1.8596467820644687e-18
463.1627802208986 1.8851225332840887e-18
463.2248787054098 1.8771654815527772e-18
463.28697718992106 1.9755829861913796e-18
463.3490756744323 2.158974531499705e-18
463.4111741589436 2.2727419560694145e-18
463.47327264345483 2.0287888848272045e-18
463.5353711279661 1.940592303308428e-18
463.5974696124773 2.0921145703149832e-18
463.65956809698855 1.8150025953680668e-18
463.72166658149985 1.815619651551125e-18
463.7837650660111 1.88391773781294e-18
463.8458635505223 2.0338646127320537e-18
463.90796203503356 2.186557935189615e-18
463.9700605195448 2.149383324067829e-18
464.0321590040561 2.0544123937316447e-18
464.09425748856734 2.0419116583412264e-18
464.1563559730786 1.9740401012211754e-18
464.2184544575898 2.1125206032599586e-18
464.28055294210105 2.155080497157005e-18
464.34265142661235 2.0705707876433527e-18
464.4047499111236 1.993671365034418e-18
464.4668483956348 1.9780928854598597e-18
464.52894688014607 1.9868465513259623e-18
464.59104536465736 2.019759691597611e-18
464.6531438491686 2.0428714084496638e-18
464.71524233367984 1.9378327730832738e-18
464.7773408181911 1.8169111355708814e-18
464.8394393027023 2.0721252207975876e-18
464.90153778721356 2.0926961536923443e-18
464.96363627172485 2.0636055739264245e-18
465.0257347562361 2.0170868232610933e-18
465.08783324074733 2.0327302998593894e-18
465.14993172525857 2.021188732393133e-18
465.21203020976986 1.983189706233317e-18
465.2741286942811 2.140246524317933e-18
465.33622717879234 2.142688908722305e-18
465.3983256633036 1.8826924020504037e-18
465.4604241478148 1.9740543540772046e-18
465.52252263232606 2.116112925990239e-18
465.58462111683735 2.1043967761799532e-18
465.6467196013486 1.8706555892095328e-18
465.70881808585983 1.9166868764253403e-18
465.77091657037107 2.1076898532900056e-18
465.83301505488237 2.0582400901441722e-18
465.8951135393936 2.002075765486298e-18
465.95721202390484 1.9673343085325853e-18
466.0193105084161 1.995616911958391e-18
466.0814089929273 2.1395639424010618e-18
466.14350747743856 2.162042658259286e-18
466.20560596194986 2.005814361434354e-18
466.2677044464611 1.992288314632872e-18
466.32980293097233 2.0726420313113407e-18
466.3919014154836 2.190460333382562e-18
466.45399989999487 2.075967181765647e-18
466.5160983845061 2.030928753578358e-18
466.57819686901735 2.0856975158259014e-18
466.6402953535286 2.0473307019166436e-18
466.7023938380398 1.991694145494799e-18
466.7644923225511 1.9760355503645446e-18
466.82659080706236 1.9924772483683186e-18
466.8886892915736 1.909693399262013e-18
466.95078777608484 1.9909947989129432e-18
467.0128862605961 1.9882606495260355e-18
467.0749847451074 1.983839990375158e-18
467.1370832296186 1.9645435306855596e-18
467.19918171412985 1.9795347811617277e-18
467.2612801986411 1.928817692038923e-18
467.3233786831523 1.967693619759694e-18
467.3854771676636 2.0583919451668465e-18
467.44757565217486 1.9255283659787474e-18
467.5096741366861 2.0081492869006286e-18
467.57177262119734 2.106036090185143e-18
467.63387110570864 2.0651222223065147e-18
467.6959695902199 2.0293175185573088e-18
467.7580680747311 2.0245799940011224e-18
467.82016655924235 1.977798451850218e-18
467.8822650437536 1.975550239934875e-18
467.94436352826483 2.031820234600253e-18
468.0064620127761 1.9236935487543192e-18
468.06856049728736 2.0335807420180972e-18
468.1306589817986 1.999986174257008e-18
468.19275746630984 2.014110212342474e-18
468.25485595082114 2.119269302884343e-18
468.3169544353324 2.0476583647826955e-18
468.3790529198436 1.9982400300535463e-18
468.44115140435486 2.1048059318851306e-18
468.5032498888661 2.1120493974103797e-18
468.56534837337733 2.069981350975355e-18
468.62744685788863 2.008916987849991e-18
468.68954534239987 1.994234209260758e-18
468.7516438269111 1.855532086410608e-18
468.81374231142235 2.003061291634568e-18
468.87584079593364 2.2543208182282414e-18
468.9379392804449 2.007381737936616e-18
469.0000377649561 1.961154071486258e-18
469.06213624946736 1.9637500047143538e-18
469.1242347339786 1.8938408662179114e-18
469.18633321848984 1.9160703081139007e-18
469.24843170300113 2.0121702470373595e-18
469.31053018751237 2.0517814631694416e-18
469.3726286720236 1.8799759343169933e-18
469.43472715653485 1.8736381943516113e-18
469.49682564104614 1.862195232125452e-18
469.5589241255574 1.952648448356639e-18
469.6210226100686 1.84113683555355e-18
469.68312109457986 1.870282277775622e-18
469.7452195790911 1.911826236613319e-18
469.8073180636024 1.924901389603081e-18
469.86941654811363 2.0166394844016805e-18
469.9315150326249 1.944131557757977e-18
469.9936135171361 2.004351492148536e-18
470.05571200164735 1.9106897677699995e-18
470.11781048615865 1.8795814861941697e-18
470.1799089706699 1.949126896772351e-18
470.2420074551811 1.875458407918894e-18
470.30410593969236 1.886800431710854e-18
470.3662044242036 2.0269419093097804e-18
470.4283029087149 1.92366100172606e-18
470.49040139322614 1.9620228975030187e-18
470.5524998777374 1.9096336662549338e-18
470.6145983622486 1.9660835067718037e-18
470.67669684675985 1.982120742112531e-18
470.73879533127115 1.9666828223751635e-18
470.8008938157824 1.9511085622918826e-18
470.8629923002936 2.0926141482280064e-18
470.92509078480487 2.0138289755570148e-18
470.9871892693161 1.9257732482144813e-18
471.0492877538274 2.0561748740262807e-18
471.11138623833864 2.090912373432462e-18
471.1734847228499 2.0368129306903084e-18
471.2355832073611 1.9088231683785755e-18
471.2976816918724 2.008735225575671e-18
471.35978017638365 1.8491380032183772e-18
471.4218786608949 1.8967628603979782e-18
471.48397714540613 1.8967977461072343e-18
471.54607562991737 2.017423676063217e-18
471.6081741144286 2.0241626328810378e-18
471.6702725989399 1.9793827131694525e-18
471.73237108345114 2.1467448800408633e-18
471.7944695679624 1.9343288220432233e-18
471.8565680524736 1.967229790790143e-18
471.9186665369849 2.1238483068549305e-18
471.98076502149615 1.9650014146094366e-18
472.0428635060074 1.9920552068172166e-18
472.10496199051863 2.069804344038352e-18
472.16706047502987 1.937636991337903e-18
472.2291589595411 1.8631281082949013e-18
472.2912574440524 1.952499494615773e-18
472.35335592856364 1.9559726702730924e-18
472.4154544130749 1.977531509430496e-18
472.4775528975861 1.9652525596268407e-18
472.5396513820974 2.0544935108066562e-18
472.60174986660866 1.935428481596817e-18
472.6638483511199 1.844150816966444e-18
472.72594683563113 1.893737484418479e-18
472.7880453201424 1.9557908914048676e-18
472.8501438046536 2.041484445006629e-18
472.9122422891649 2.049541494386723e-18
472.97434077367615 1.96080812305535e-18
473.0364392581874 1.9400654689459617e-18
473.0985377426986 1.8863365569455338e-18
473.1606362272099 1.9390931588114932e-18
473.22273471172116 1.876059165078626e-18
473.2848331962324 1.9240391750993827e-18
473.34693168074364 1.929812337614191e-18
473.4090301652549 1.9773295981017597e-18
473.4711286497662 1.852718302775002e-18
473.5332271342774 1.9343166174312047e-18
473.59532561878865 2.0632967734447405e-18
473.6574241032999 2.0168125478463483e-18
473.7195225878111 1.8927277400951394e-18
473.7816210723224 1.9800345640668376e-18
473.84371955683366 1.9247926407293282e-18
473.9058180413449 1.9147825413426143e-18
473.96791652585614 1.9910003990437486e-18
474.0300150103674 1.937791815029112e-18
474.0921134948787 1.949316709447514e-18
474.1542119793899 2.0239969903272e-18
474.21631046390115 2.000737949128814e-18
474.2784089484124 1.91980298998447e-18
474.3405074329237 2.020408061428769e-18
474.4026059174349 1.9776002777088703e-18
474.46470440194616 1.886824985139495e-18
474.5268028864574 1.9267772915912957e-18
474.58890137096864 2.06095085332685e-18
474.6509998554799 1.995356932573252e-18
474.7130983399912 2.03227612193438e-18
474.7751968245024 2.0500609142464725e-18
474.83729530901365 1.9226914171373842e-18
474.8993937935249 1.8497813879938095e-18
474.9614922780362 1.8508533532160353e-18
475.0235907625474 1.9739828362485586e-18
475.08568924705867 1.944853189682246e-18
475.1477877315699 1.974792140099737e-18
475.20988621608114 2.0202602825299067e-18
475.2719847005924 2.0431964854618634e-18
475.3340831851037 2.0733623336428644e-18
475.3961816696149 1.9755578909662193e-18
475.45828015412616 1.9944922778345002e-18
475.5203786386374 1.880656276025519e-18
475.5824771231487 1.893252917730988e-18
475.64457560765993 1.840207523393341e-18
475.70667409217117 1.6927193835588423e-18
475.7687725766824 1.82076450424058e-18
475.83087106119365 1.9576823385451147e-18
475.8929695457049 1.897842099737637e-18
475.9550680302162 1.904313505236225e-18
476.0171665147274 1.889171792495269e-18
476.07926499923866 1.9454153796500377e-18
476.1413634837499 2.0243600735444407e-18
476.2034619682612 1.9591750441319357e-18
476.26556045277243 2.105908106442254e-18
476.3276589372837 1.8905506850252415e-18
476.3897574217949 1.9368383370510314e-18
476.45185590630615 1.871577860700939e-18
476.51395439081745 1.967662350376668e-18
476.5760528753287 1.9328163078705768e-18
476.6381513598399 1.9193934833206933e-18
476.70024984435116 1.944786780380079e-18
476.7623483288624 1.860384907572226e-18
476.8244468133737 1.990883126824775e-18
476.88654529788494 2.067893824786159e-18
476.9486437823962 1.888481077968253e-18
477.0107422669074 1.853811349774952e-18
477.07284075141865 2.0194130325980125e-18
477.13493923592995 1.968423443854316e-18
477.1970377204412 1.9456704191738117e-18
477.2591362049524 2.0508585029910195e-18
477.32123468946367 1.9528337160053395e-18
477.38333317397496 1.8854139698523394e-18
477.4454316584862 1.9445272415712055e-18
477.50753014299744 1.9691662034283737e-18
477.5696286275087 1.8862224285111004e-18
477.6317271120199 1.8771450457003048e-18
477.69382559653116 1.8824693054947663e-18
477.75592408104245 1.9712277775185586e-18
477.8180225655537 1.9770097739385044e-18
477.88012105006493 1.9995129809471786e-18
477.94221953457617 2.1081530985977122e-18
478.00431801908746 2.1361617611442442e-18
478.0664165035987 2.0314849318802357e-18
478.12851498810994 2.009905043096404e-18
478.1906134726212 1.9904139378879472e-18
478.2527119571324 2.0098528336132066e-18
478.31481044164366 1.933318868855806e-18
478.37690892615495 1.953758851088513e-18
478.4390074106662 1.867809581775334e-18
478.50110589517743 1.940273278477132e-18
478.56320437968867 1.8517916358084264e-18
478.62530286419997 1.8683196594793223e-18
478.6874013487112 1.94756285002566e-18
478.74949983322244 1.9304176923953714e-18
478.8115983177337 1.9148681599426405e-18
478.8736968022449 2.0484441659469116e-18
478.93579528675616 1.921236150135593e-18
478.99789377126746 1.8921028573421056e-18
479.0599922557787 2.0221915876229394e-18
479.12209074028993 1.9994508443176283e-18
479.1841892248012 1.89109657134191e-18
479.24628770931247 1.869260778920141e-18
479.3083861938237 1.859198141986112e-18
479.37048467833495 1.8766701562341374e-18
479.4325831628462 1.851551918521726e-18
479.4946816473574 1.8533746465204313e-18
479.5567801318687 1.906581826271164e-18
479.61887861637996 1.824219324871024e-18
479.6809771008912 2.0705572407199675e-18
479.74307558540244 2.0459167445652267e-18
479.8051740699137 2.0112600522064034e-18
479.86727255442497 1.9959305999177875e-18
479.9293710389362 1.9843380859397402e-18
479.99146952344745 1.927625930646431e-18
480.0535680079587 1.892460038507399e-18
480.1156664924699 1.952042670249971e-18
480.1777649769812 2.013638394826686e-18
480.23986346149246 1.9730970120199104e-18
480.3019619460037 1.9806381366266362e-18
480.36406043051494 1.9410238238589464e-18
480.4261589150262 1.925745303455604e-18
480.4882573995375 1.8778206845075975e-18
480.5503558840487 1.9547776363962426e-18
480.61245436855995 2.030990022549463e-18
480.6745528530712 2.1098914898655908e-18
480.73665133758243 1.990001290196801e-18
480.7987498220937 1.9638145042867755e-18
480.86084830660496 1.88957579019313e-18
480.9229467911162 1.9914402245658923e-18
480.98504527562744 1.8993972521931206e-18
481.04714376013874 2.045710555891924e-18
481.10924224465 1.9691470085951534e-18
481.1713407291612 1.8976290567017575e-18
481.23343921367245 1.9636674449812235e-18
481.2955376981837 1.9699727549826563e-18
481.35763618269493 1.8600150935518245e-18
481.4197346672062 1.8563044746309336e-18
481.48183315171747 1.977081037614775e-18
481.5439316362287 1.9319816436126705e-18
481.60603012073994 2.144222992328799e-18
481.66812860525124 2.1581994055351358e-18
481.7302270897625 2.0128832016399376e-18
481.7923255742737 2.063023593662918e-18
481.85442405878496 1.88530150771088e-18
481.9165225432962 1.992550064218741e-18
481.97862102780743 1.970014387245667e-18
482.04071951231873 2.0136670716264122e-18
482.10281799682997 2.0172796545906222e-18
482.1649164813412 1.9685076828323416e-18
482.22701496585245 1.9029359503075934e-18
482.28911345036374 1.9082164749748034e-18
482.351211934875 1.9492138212893864e-18
482.4133104193862 2.109927616414214e-18
482.47540890389746 2.0298849343983886e-18
482.5375073884087 1.95719642896928e-18
482.59960587292 1.9731071245839546e-18
482.66170435743123 1.9545458575856248e-18
482.7238028419425 1.915898943274221e-18
482.7859013264537 1.880674568973817e-18
482.84799981096495 1.9534935067616328e-18
482.91009829547625 1.872648304373213e-18
482.9721967799875 1.9054356443358795e-18
483.0342952644987 2.021261236718117e-18
483.09639374900996 1.9152260556026048e-18
483.1584922335212 1.9388800296943525e-18
483.2205907180325 1.9602837638372956e-18
483.28268920254374 1.9799918936910047e-18
483.344787687055 1.8930883086961824e-18
483.4068861715662 1.9022560443444143e-18
483.46898465607745 1.8775590959568228e-18
483.53108314058875 1.9485299235269434e-18
483.5931816251 1.9797848686537607e-18
483.6552801096112 1.998982248728889e-18
483.71737859412247 1.988605740028839e-18
483.7794770786337 2.001482007947803e-18
483.841575563145 2.028862876225973e-18
483.90367404765624 2.0236883166308334e-18
483.9657725321675 1.9110987099390005e-18
484.0278710166787 1.9793157158666742e-18
484.08996950119 1.8992370712463115e-18
484.15206798570125 1.881370762621109e-18
484.2141664702125 1.9260868563986265e-18
484.27626495472373 1.9554691700629878e-18
484.33836343923497 1.901569746070442e-18
484.4004619237462 1.964788860423509e-18
484.4625604082575 2.044816760582878e-18
484.52465889276874 1.9563422556439503e-18
484.58675737728 1.986440299855075e-18
484.6488558617912 1.961033753691105e-18
484.7109543463025 1.976976037651615e-18
484.77305283081375 1.9872797977625677e-18
484.835151315325 1.975300463151113e-18
484.89724979983623 2.0122359323255844e-18
484.95934828434747 1.942843876739756e-18
485.0214467688587 1.869416819457159e-18
485.08354525337 2.0166536274835116e-18
485.14564373788124 2.0907957238449367e-18
485.2077422223925 1.967587476551828e-18
485.2698407069037 1.971559044228676e-18
485.331939191415 1.926026856494172e-18
485.39403767592626 1.9356239734864857e-18
485.4561361604375 1.8900800972205193e-18
485.51823464494873 1.9849477887054375e-18
485.58033312946 2.041266555224743e-18
485.6424316139712 2.0699030502835072e-18
485.7045300984825 1.9072763911309826e-18
485.76662858299375 1.9868917612525746e-18
485.828727067505 2.034884536721063e-18
485.8908255520162 1.8818305675964275e-18
485.9529240365275 2.006605356215696e-18
486.01502252103876 1.876164767908633e-18
486.07712100555 1.8972901966878714e-18
486.13921949006124 1.951420869648101e-18
486.2013179745725 1.949026324186761e-18
486.26341645908377 1.908340158113074e-18
486.325514943595 1.966602867137861e-18
486.38761342810625 2.034438890901968e-18
486.4497119126175 1.98500938237618e-18
486.5118103971287 1.957090567878827e-18
486.57390888164 1.884219719490776e-18
486.63600736615126 1.9606147440875186e-18
486.6981058506625 1.9086861481367855e-18
486.76020433517374 2.0308129991550763e-18
486.822302819685 1.85925936576163e-18
486.8844013041963 1.7989246455424278e-18
486.9464997887075 1.966016265246527e-18
487.00859827321875 1.9258682918669148e-18
487.07069675773 2.0332395758807855e-18
487.1327952422413 2.0747703667777963e-18
487.1948937267525 1.9972423897733868e-18
487.25699221126376 2.04311357834978e-18
487.319090695775 1.9685223833799215e-18
487.38118918028624 1.9889273015648203e-18
487.4432876647975 2.0156947024895353e-18
487.5053861493088 2.1153527704935797e-18
487.56748463382 2.112087019610267e-18
487.62958311833125 2.1441404115571553e-18
487.6916816028425 1.989269840111088e-18
487.7537800873538 2.007530610556606e-18
487.815878571865 1.915658440343404e-18
487.87797705637627 1.9671627494376538e-18
487.9400755408875 1.9313844139664066e-18
488.00217402539874 1.8631076218459323e-18
488.06427250991 1.9703267388648584e-18
488.1263709944213 2.02088110373927e-18
488.1884694789325 1.9360529486652555e-18
488.25056796344376 1.9295330623712317e-18
488.312666447955 1.951240689047072e-18
488.3747649324663 1.985392777568778e-18
488.43686341697753 1.897790705749541e-18
488.49896190148877 1.8625103837745654e-18
488.561060386 1.893689042312927e-18
488.62315887051125 1.9241889215523082e-18
488.68525735502254 1.7916752680133703e-18
488.7473558395338 1.7941251572682704e-18
488.809454324045 1.891882100056517e-18
488.87155280855626 1.942901391887915e-18
488.9336512930675 1.8490609586879782e-18
488.9957497775788 1.7370100089147243e-18
489.05784826209003 1.8771919350660663e-18
489.1199467466013 2.0137923603400825e-18
489.1820452311125 1.869400312365077e-18
489.24414371562375 1.93360507348662e-18
489.30624220013505 1.8722155958697967e-18
489.3683406846463 1.7984083896887325e-18
489.4304391691575 1.917109018440494e-18
489.49253765366876 1.96077519685123e-18
489.55463613818 1.945483311083729e-18
489.6167346226913 1.941912843931391e-18
489.67883310720254 1.884776798031716e-18
489.7409315917138 1.913156099304055e-18
489.803030076225 1.9386446175210245e-18
489.86512856073625 1.891526214781461e-18
489.92722704524755 1.8281924946309536e-18
489.9893255297588 1.904576326905269e-18
490.05142401427 1.976066036900479e-18
490.11352249878126 1.8987294435542e-18
490.1756209832925 1.9196180264555546e-18
490.2377194678038 1.8783320542766355e-18
490.29981795231504 1.985167304158761e-18
490.3619164368263 2.029390836749143e-18
490.4240149213375 1.9740765829397587e-18
490.48611340584876 2.0198587347256896e-18
490.54821189036005 1.938886692963756e-18
490.6103103748713 1.9383719422018827e-18
490.67240885938253 1.9806852921749134e-18
490.73450734389377 1.8834458148707574e-18
490.79660582840506 1.948566451793005e-18
490.8587043129163 1.9246188631930834e-18
490.92080279742754 1.840125131946001e-18
490.9829012819388 1.7865049690764098e-18
491.04499976645 1.916698948992805e-18
491.10709825096126 1.9476010632980413e-18
491.16919673547255 1.9841351698473943e-18
491.2312952199838 1.9432473019505842e-18
491.29339370449503 1.8704458365883667e-18
491.35549218900627 1.9593915190857416e-18
491.41759067351757 1.9342342806372744e-18
491.4796891580288 1.9644814951751233e-18
491.54178764254004 1.9574775265935453e-18
491.6038861270513 1.92147500699604e-18
491.6659846115625 1.9384024967850297e-18
491.7280830960738 1.9459113051799745e-18
491.79018158058506 1.9082441967743714e-18
491.8522800650963 1.9381651784321196e-18
491.91437854960753 1.8576024323395315e-18
491.9764770341188 1.9178744387620947e-18
492.03857551863007 1.915312521457672e-18
492.1006740031413 1.839987384954369e-18
492.16277248765255 1.8401359547557676e-18
492.2248709721638 1.8577363570342294e-18
492.286969456675 1.883567565689718e-18
492.3490679411863 1.927966040208149e-18
492.41116642569756 1.949902446659315e-18
492.4732649102088 1.88463062336625e-18
492.53536339472004 1.798554753983311e-18
492.5974618792313 1.8917515886729412e-18
492.65956036374257 1.9276791217300307e-18
492.7216588482538 1.9453094819262895e-18
492.78375733276505 1.8769672951269706e-18
492.8458558172763 1.8915505320773373e-18
492.9079543017875 1.838234552553272e-18
492.9700527862988 1.8149800541364164e-18
493.03215127081006 1.897503888421668e-18
493.0942497553213 1.886015172474808e-18
493.15634823983254 1.8148158707388352e-18
493.2184467243438 1.8413924245724535e-18
493.2805452088551 1.796452548806924e-18
493.3426436933663 1.8006752687994603e-18
493.40474217787755 1.936815062523444e-18
493.4668406623888 1.9913049340632887e-18
493.52893914690003 1.904426940505729e-18
493.5910376314113 1.929138606133711e-18
493.65313611592256 1.9259176529636785e-18
493.7152346004338 1.8426646327097402e-18
493.77733308494504 1.8882637115574574e-18
493.8394315694563 1.840788683560701e-18
493.9015300539676 1.790941647542763e-18
493.9636285384788 1.9367606793866994e-18
494.02572702299005 1.9563594468024164e-18
494.0878255075013 1.7847356164752882e-18
494.14992399201253 1.8732083712300223e-18
494.2120224765238 1.910378647065521e-18
494.27412096103507 1.865168997914783e-18
494.3362194455463 1.9478643113560423e-18
494.39831793005754 1.8876088925703864e-18
494.46041641456884 1.910874068480384e-18
494.5225148990801 1.8922942828078257e-18
494.5846133835913 1.8579295120263222e-18
494.64671186810256 1.8031684111180385e-18
494.7088103526138 1.864744355086148e-18
494.77090883712503 1.871257390153582e-18
494.83300732163633 1.8710760672801187e-18
494.89510580614757 1.822251151618952e-18
494.9572042906588 1.7822516554570013e-18
495.01930277517005 1.877844930492491e-18
495.08140125968134 1.9174713056383367e-18
495.1434997441926 1.8755870973398482e-18
495.2055982287038 1.893726496600525e-18
495.26769671321506 1.914235636737491e-18
495.3297951977263 1.880307806651981e-18
495.3918936822376 1.8658289810699296e-18
495.45399216674883 1.951723438538507e-18
495.5160906512601 1.9652399172633772e-18
495.5781891357713 1.9749275048313943e-18
495.64028762028255 1.8960675217271618e-18
495.70238610479385 1.817164439147824e-18
495.7644845893051 1.816022957901429e-18
495.8265830738163 1.8442496270226024e-18
495.88868155832756 1.7729741879236567e-18
495.9507800428388 1.8713518302517428e-18
496.0128785273501 1.908751183790191e-18
496.07497701186134 1.834473098557071e-18
496.1370754963726 1.872312073314946e-18
496.1991739808838 1.8251906350336604e-18
496.26127246539505 1.821556496961786e-18
496.32337094990635 1.8856549306273674e-18
496.3854694344176 1.9658381640604963e-18
496.4475679189288 1.940147380084043e-18
496.50966640344006 1.7757124640032028e-18
496.5717648879513 1.787092127520439e-18
496.6338633724626 1.8924904202877173e-18
496.69596185697384 1.866904380199142e-18
496.7580603414851 1.7246622725102849e-18
496.8201588259963 1.8353411712552366e-18
496.88225731050755 1.909950470531434e-18
496.94435579501885 1.8969515684387886e-18
497.0064542795301 1.858592312828186e-18
497.0685527640413 1.8887517540040885e-18
497.13065124855257 1.8043530722490525e-18
497.1927497330638 1.881856518402655e-18
497.2548482175751 1.9962865220705185e-18
497.31694670208634 1.8554038269312707e-18
497.3790451865976 1.825257215422948e-18
497.4411436711088 1.883175048571977e-18
497.5032421556201 1.820671525937839e-18
497.56534064013135 1.7880947961285837e-18
497.6274391246426 1.814302499084736e-18
497.68953760915383 1.7557977563476543e-18
497.75163609366507 1.8499409793840205e-18
497.8137345781763 1.8179537785155585e-18
497.8758330626876 1.7209400411777315e-18
497.93793154719884 1.8083577429313334e-18
498.0000300317101 1.8845413591937376e-18
498.0621285162213 1.8205060600682826e-18
498.1242270007326 1.80326805252389e-18
498.18632548524386 1.8436647559896498e-18
498.2484239697551 1.8241525402811545e-18
498.31052245426633 1.7942984015629654e-18
498.3726209387776 1.9106094187257495e-18
498.43471942328887 1.844727560343304e-18
498.4968179078001 1.927475139942557e-18
498.55891639231135 1.8340017272117266e-18
498.6210148768226 1.7981589398670316e-18
498.6831133613338 1.930259578994656e-18
498.7452118458451 1.8663072900076853e-18
498.80731033035636 1.7451044760119364e-18
498.8694088148676 1.8297839511892043e-18
498.93150729937884 1.892301682354717e-18
498.9936057838901 1.920615501305087e-18
499.05570426840137 1.8882405755509437e-18
499.1178027529126 1.7527417333040443e-18
499.17990123742385 1.8341791591403514e-18
499.2419997219351 1.8841973387908687e-18
499.3040982064463 1.877586088940263e-18
499.3661966909576 1.9052411099636916e-18
499.42829517546886 1.8016972533243084e-18
499.4903936599801 1.8558239902967567e-18
499.55249214449134 1.844700414542615e-18
499.6145906290026 1.824000119077862e-18
499.6766891135139 1.786655630367716e-18
499.7387875980251 1.819042892506779e-18
499.80088608253635 1.8386519859031423e-18
499.8629845670476 1.8340310835568095e-18
499.92508305155883 1.8868511734157153e-18
499.9871815360701 1.836670607910068e-18
500.04928002058136 1.8583533657667882e-18
500.1113785050926 1.8800406976105064e-18
500.17347698960384 1.886792056164808e-18
500.2355754741151 1.859613802324474e-18
500.2976739586264 1.8348100487364112e-18
500.3597724431376 1.8264980209688713e-18
500.42187092764885 1.871244044096064e-18
500.4839694121601 1.8212040407749456e-18
500.5460678966714 1.84933689863964e-18
500.6081663811826 1.7577238005449385e-18
500.67026486569387 1.7054879357948139e-18
500.7323633502051 1.9393729419286007e-18
500.79446183471634 1.898259184055961e-18
500.8565603192276 1.8039796098634097e-18
500.9186588037389 1.797131156946317e-18
500.9807572882501 1.848456808098651e-18
501.04285577276136 1.8359771673990822e-18
501.1049542572726 1.8063077343664222e-18
501.1670527417839 1.7667570860990047e-18
501.22915122629513 1.813443442912543e-18
501.29124971080637 1.7917510397283032e-18
501.3533481953176 1.83528544978637e-18
501.41544667982885 1.7430716550244306e-18
501.47754516434014 1.7644320687803045e-18
501.5396436488514 1.827043379628595e-18
501.6017421333626 1.8516220671998745e-18
501.66384061787386 1.7738008246413465e-18
501.7259391023851 1.825631413374294e-18
501.7880375868964 1.815593988049444e-18
501.85013607140763 1.7459370468486867e-18
501.9122345559189 1.7414488818345815e-18
501.9743330404301 1.820180502587287e-18
502.03643152494135 1.849744741405971e-18
502.09853000945265 1.742769318746315e-18
502.1606284939639 1.8450466274577154e-18
502.2227269784751 1.796761298888247e-18
502.28482546298636 1.6887841081641356e-18
502.3469239474976 1.8380796909162724e-18
502.4090224320089 2.135683472772414e-18
502.47112091652014 3.0068468981691006e-18
502.5332194010314 4.4942335686250726e-18
502.5953178855426 5.5676325598481165e-18
502.65741637005385 6.334615304218145e-18
502.71951485456515 6.688518804184064e-18
502.7816133390764 6.948507445238288e-18
502.8437118235876 6.846919399372573e-18
502.90581030809886 6.8478399481395326e-18
502.9679087926101 6.5386348758473935e-18
503.0300072771214 6.120380343739001e-18
503.09210576163264 5.369169462891093e-18
503.1542042461439 4.16190777120943e-18
503.2163027306551 2.7771329930778065e-18
503.27840121516635 1.937715176918041e-18
503.34049969967765 1.781990109916394e-18
503.4025981841889 1.8555560887186634e-18
503.4646966687001 1.829067374661169e-18
503.52679515321137 1.8955786954132768e-18
503.58889363772266 1.7988839779606394e-18
503.6509921222339 1.735922015764399e-18
503.71309060674514 1.7171322792105124e-18
503.7751890912564 1.7262439934111435e-18
503.8372875757676 1.78624381548542e-18
503.89938606027886 1.8137982350778848e-18
503.96148454479015 1.690416171664863e-18
504.0235830293014 1.7584916877553914e-18
504.08568151381263 1.709081739687845e-18
504.14777999832387 1.7027598615173896e-18
504.20987848283517 1.8585187150893638e-18
504.2719769673464 1.745528065431867e-18
504.33407545185764 1.6701701265687536e-18
504.3961739363689 1.7952414815528506e-18
504.4582724208801 1.6658958342966058e-18
504.5203709053914 1.78182099735523e-18
504.58246938990266 1.787531360231373e-18
504.6445678744139 1.807196545255571e-18
504.70666635892513 1.7961530591880707e-18
504.7687648434364 1.7545307896412976e-18
504.83086332794767 1.7506548910057005e-18
504.8929618124589 1.7404851109813164e-18
504.95506029697015 1.838195185043928e-18
505.0171587814814 1.80855748430474e-18
505.0792572659926 1.791342844104952e-18
505.1413557505039 1.8478347337143293e-18
505.20345423501516 1.7857360441386965e-18
505.2655527195264 1.717473895409603e-18
505.32765120403764 1.754322827439712e-18
505.3897496885489 1.8272491685607327e-18
505.45184817306017 1.7228438580427243e-18
505.5139466575714 1.650549695748806e-18
505.57604514208265 1.7164623428504215e-18
505.6381436265939 1.7943497810648834e-18
505.7002421111051 1.720420337852103e-18
505.7623405956164 1.6377516244226197e-18
505.82443908012766 1.6859307826072882e-18
505.8865375646389 1.71142108527948e-18
505.94863604915014 1.7905596852191357e-18
506.0107345336614 1.7355732648013827e-18
506.0728330181727 1.69382456255211e-18
506.1349315026839 1.6963081487135941e-18
506.19702998719515 1.760211818492892e-18
506.2591284717064 1.7587924321290786e-18
506.32122695621763 1.7774584671103765e-18
506.3833254407289 1.7705048651347105e-18
506.44542392524016 1.7316870531686149e-18
506.5075224097514 1.7058759467458283e-18
506.56962089426264 1.7678279068986184e-18
506.6317193787739 1.751992824151746e-18
506.6938178632852 1.6937693386015533e-18
506.7559163477964 1.733771645223211e-18
506.81801483230765 1.7228034242618562e-18
506.8801133168189 1.805704171930454e-18
506.94221180133013 1.641336907763194e-18
507.0043102858414 1.6000364851642842e-18
507.06640877035267 1.7195364869136734e-18
507.1285072548639 1.6680766541941639e-18
507.19060573937514 1.6938143191526551e-18
507.25270422388644 1.6770667849920863e-18
507.3148027083977 1.79388602811433e-18
507.3769011929089 1.7593519323961692e-18
507.43899967742016 1.691727334541548e-18
507.5010981619314 1.7223279240036105e-18
507.5631966464427 1.7255409438555025e-18
507.62529513095393 1.6284451017706955e-18
507.68739361546517 1.7085496226599628e-18
507.7494920999764 1.6250064831360246e-18
507.81159058448765 1.7136557882232077e-18
507.87368906899894 1.7780410899966356e-18
507.9357875535102 1.7552323149070802e-18
507.9978860380214 1.686125506235603e-18
508.05998452253266 1.774447808151471e-18
508.1220830070439 1.6505278052539318e-18
508.1841814915552 1.7501880516900028e-18
508.24627997606643 1.7370829391906213e-18
508.30837846057767 1.808978565131775e-18
508.3704769450889 1.7439387527003752e-18
508.43257542960015 1.6956589157536968e-18
508.49467391411144 1.7554122839718393e-18
508.5567723986227 1.695446652566006e-18
508.6188708831339 1.6455471253286959e-18
508.68096936764516 1.6778902978856955e-18
508.7430678521564 1.6953609047637575e-18
508.8051663366677 1.7645637081530978e-18
508.86726482117894 1.7453374124640863e-18
508.9293633056902 1.832506343110987e-18
508.9914617902014 1.8719313244610814e-18
509.05356027471265 1.7909983479587774e-18
509.11565875922395 1.7567110864101697e-18
509.1777572437352 1.7275646385436086e-18
509.2398557282464 1.6890304500077289e-18
509.30195421275766 1.7608605163199937e-18
509.3640526972689 1.7747200217545995e-18
509.4261511817802 1.6646955234265382e-18
509.48824966629144 1.6924188352283695e-18
509.5503481508027 1.6703381120371787e-18
509.6124466353139 1.677527791006302e-18
509.67454511982515 1.7285838957426651e-18
509.73664360433645 1.6755328329465381e-18
509.7987420888477 1.7652460574492637e-18
509.8608405733589 1.6854491419676396e-18
509.92293905787017 1.683842969792983e-18
509.9850375423814 1.6683022170532771e-18
510.0471360268927 1.7182504358537618e-18
510.10923451140394 1.7307911527494284e-18
510.1713329959152 1.6381205536681587e-18
510.2334314804264 1.7548810236373652e-18
510.2955299649377 1.770012854968717e-18
510.35762844944895 1.6791413069911705e-18
510.4197269339602 1.7501102204185716e-18
510.48182541847143 1.6582635018340245e-18
510.54392390298267 1.6474287027002616e-18
510.6060223874939 1.6918566235354907e-18
510.6681208720052 1.6433176891699909e-18
510.73021935651644 1.5938075543425876e-18
510.7923178410277 1.6320427349496009e-18
510.8544163255389 1.5762497999018166e-18
510.9165148100502 1.7063654892304111e-18
510.97861329456146 1.6779327316033888e-18
511.0407117790727 1.7677424738944486e-18
511.10281026358393 1.662955978086023e-18
511.1649087480952 1.6587838218089133e-18
511.22700723260647 1.7277287729507901e-18
511.2891057171177 1.7586319493281262e-18
511.35120420162895 1.784286745461279e-18
511.4133026861402 1.7139028077932143e-18
511.4754011706514 1.619084865802823e-18
511.5374996551627 1.7130151772811806e-18
511.59959813967396 1.6984143309879173e-18
511.6616966241852 1.6203182950576972e-18
511.72379510869644 1.6809429920912034e-18
511.7858935932077 1.773195302848666e-18
511.84799207771897 1.6347558918226943e-18
511.9100905622302 1.7536153042399973e-18
511.97218904674145 1.810494109768916e-18
512.0342875312527 1.8032735243018533e-18
512.096386015764 1.6971745846736373e-18
512.1584845002752 1.6751454161968071e-18
512.2205829847865 1.74229714965748e-18
512.2826814692977 1.7000351739443387e-18
512.3447799538089 1.7295989858748877e-18
512.4068784383202 1.712169524807581e-18
512.4689769228314 1.935960615712951e-18
512.5310754073427 3.2149884195102616e-18
512.593173891854 6.266667786661481e-18
512.6552723763652 9.884034783893004e-18
512.7173708608765 1.1993355204133721e-17
512.7794693453877 1.3063840250681501e-17
512.841567829899 1.3841005042558241e-17
512.9036663144102 1.4157453271147405e-17
512.9657647989214 1.420186418594723e-17
513.0278632834327 1.4081027905542306e-17
513.0899617679439 1.2941970499601863e-17
513.1520602524552 1.1844289069015783e-17
513.2141587369665 9.777702143729567e-18
513.2762572214777 6.370895391669887e-18
513.338355705989 3.190018217552713e-18
513.4004541905002 1.8930179827811497e-18
513.4625526750115 1.7466617606269474e-18
513.5246511595227 1.720958388805316e-18
513.586749644034 1.763539748749699e-18
513.6488481285452 1.7218594134116286e-18
513.7109466130564 1.7937879746023186e-18
513.7730450975677 1.805625282730652e-18
513.835143582079 1.7961856149229105e-18
513.8972420665903 1.7845944128101675e-18
513.9593405511015 1.6994773460108475e-18
514.0214390356127 1.7750249202306856e-18
514.083537520124 1.7134860078152684e-18
514.1456360046352 1.7097571202480782e-18
514.2077344891464 1.6273918733308884e-18
514.2698329736577 1.5843355735646672e-18
514.3319314581689 1.6573385550927097e-18
514.3940299426802 1.6225902872834608e-18
514.4561284271915 1.7906689468007468e-18
514.5182269117028 1.773512755941506e-18
514.580325396214 1.719298722623307e-18
514.6424238807252 1.778227843789636e-18
514.7045223652365 1.7410041247295474e-18
514.7666208497477 1.7247596772577322e-18
514.828719334259 1.746798891074724e-18
514.8908178187702 1.766544741443904e-18
514.9529163032814 1.744693145707462e-18
515.0150147877927 1.6493542897522081e-18
515.077113272304 1.735371555775019e-18
515.1392117568153 1.633127829051442e-18
515.2013102413265 1.585333157494659e-18
515.2634087258377 1.7163964946538674e-18
515.325507210349 1.6221817931628769e-18
515.3876056948602 1.6522526224358869e-18
515.4497041793715 1.6704967709607922e-18
515.5118026638827 1.7487535002299274e-18
515.5739011483939 1.7841466504292038e-18
515.6359996329053 1.7699585177869657e-18
515.6980981174165 1.7114309301899804e-18
515.7601966019278 1.7491846304239255e-18
515.822295086439 1.7429595551054568e-18
515.8843935709502 1.7644170902339477e-18
515.9464920554615 1.698856570556024e-18
516.0085905399727 1.6358597026610377e-18
516.070689024484 1.6190946991765002e-18
516.1327875089952 1.742269166679357e-18
516.1948859935064 1.7698871852433283e-18
516.2569844780178 1.735177313247175e-18
516.319082962529 1.7110405344109293e-18
516.3811814470403 1.7010524933026617e-18
516.4432799315515 1.7765270455411092e-18
516.5053784160627 1.7551142104175524e-18
516.567476900574 1.7870250034940367e-18
516.6295753850852 1.712072595235548e-18
516.6916738695965 1.7253485484279672e-18
516.7537723541077 1.7775909012687597e-18
516.8158708386189 1.7514272099054365e-18
516.8779693231303 1.777761542874689e-18
516.9400678076415 1.7584889544212072e-18
517.0021662921528 1.8358000313039997e-18
517.064264776664 1.864687215741534e-18
517.1263632611752 1.8495812486701435e-18
517.1884617456865 1.8265489187154293e-18
517.2505602301977 1.769215848467907e-18
517.312658714709 1.832942818815869e-18
517.3747571992202 1.896787803347097e-18
517.4368556837314 2.6212982170779056e-18
517.4989541682428 7.300213382904915e-18
517.561052652754 1.7248880389814215e-17
517.6231511372653 2.6816138578332708e-17
517.6852496217765 3.26096730792667e-17
517.7473481062877 3.6028998271983404e-17
517.809446590799 3.8177313125891347e-17
517.8715450753102 3.902184691751778e-17
517.9336435598215 3.8519652757342497e-17
517.9957420443327 3.704497343384381e-17
518.0578405288439 3.449293011258007e-17
518.1199390133553 3.0716889585365774e-17
518.1820374978665 2.3981049428814278e-17
518.2441359823778 1.3488396073020303e-17
518.306234466889 5.150362801606045e-18
518.3683329514002 2.17138316534562e-18
518.4304314359115 1.7805389634080422e-18
518.4925299204227 1.8127067716853304e-18
518.554628404934 1.9176333757589552e-18
518.6167268894452 1.8677593642706726e-18
518.6788253739566 1.807495587003008e-18
518.7409238584678 1.827189267962362e-18
518.803022342979 1.769542848204119e-18
518.8651208274903 1.8305273797400005e-18
518.9272193120015 1.7688839659266346e-18
518.9893177965128 1.8229843492498344e-18
519.051416281024 1.837772093326351e-18
519.1135147655352 1.7557202772664306e-18
519.1756132500465 1.7342872832125097e-18
519.2377117345577 1.762994792745523e-18
519.2998102190691 1.7241019570904088e-18
519.3619087035803 1.7150206923911436e-18
519.4240071880915 1.6952857565696995e-18
519.4861056726028 1.672771814531653e-18
519.548204157114 1.627408470117121e-18
519.6103026416253 1.6078189044079494e-18
519.6724011261365 1.6451040957612905e-18
519.7344996106477 1.6569987866582364e-18
519.796598095159 1.6427324106028056e-18
519.8586965796702 1.6110204943034397e-18
519.9207950641816 1.634607834430068e-18
519.9828935486928 1.6854894394144181e-18
520.044992033204 1.6821148828746926e-18
520.1070905177153 1.604576099986784e-18
520.1691890022265 1.6120168995088787e-18
520.2312874867378 1.6761464857074325e-18
520.293385971249 1.6733807669600398e-18
520.3554844557602 1.6551594122966694e-18
520.4175829402715 1.6110361584529379e-18
520.4796814247827 1.6064993696918353e-18
520.5417799092941 1.6766949740292245e-18
520.6038783938053 1.613329720189106e-18
520.6659768783165 1.5793077262491269e-18
520.7280753628278 1.6931879923896455e-18
520.790173847339 1.7313159589682288e-18
520.8522723318503 1.645184790280372e-18
520.9143708163615 1.597085744879253e-18
520.9764693008727 1.602537227647549e-18
521.038567785384 1.6304992962508824e-18
521.1006662698952 1.552074208275475e-18
521.1627647544066 1.550554496325201e-18
521.2248632389178 1.585693302813419e-18
521.286961723429 1.5735538814365032e-18
521.3490602079403 1.6125890186789932e-18
521.4111586924515 1.5635280374765179e-18
521.4732571769628 1.574613940997521e-18
521.535355661474 1.6019185959069445e-18
521.5974541459852 1.6004148940583622e-18
521.6595526304965 1.591794246002626e-18
521.7216511150077 1.5885023368469007e-18
521.7837495995191 1.6737374801468125e-18
521.8458480840303 1.6361749474596634e-18
521.9079465685415 1.5647972474362854e-18
521.9700450530528 1.5985999998994895e-18
522.032143537564 1.5528969931771505e-18
522.0942420220753 1.5532847428676087e-18
522.1563405065865 1.6359469198567464e-18
522.2184389910977 1.6566653435125045e-18
522.280537475609 1.6577018853765274e-18
522.3426359601203 1.5755207144926006e-18
522.4047344446316 1.5656973768135654e-18
522.4668329291428 1.673652058188202e-18
522.528931413654 1.628417353258177e-18
522.5910298981653 1.6330670877906867e-18
522.6531283826765 1.6798904696303295e-18
522.7152268671878 1.6755265072303823e-18
522.777325351699 1.6964568433315424e-18
522.8394238362102 1.6223367421327724e-18
522.9015223207215 1.5783731173155802e-18
522.9636208052328 1.6386047963155804e-18
523.0257192897441 1.6424800580814775e-18
523.0878177742553 1.581373549417304e-18
523.1499162587666 1.5970094718646241e-18
523.2120147432778 1.5736687193813285e-18
523.274113227789 1.5427036216770546e-18
523.3362117123003 1.5926695221585733e-18
523.3983101968115 1.6508386911620718e-18
523.4604086813227 1.63534603912113e-18
523.522507165834 1.5693640308648664e-18
523.5846056503453 1.5429153487874778e-18
523.6467041348566 1.580408720288837e-18
523.7088026193678 1.6549171917798334e-18
523.770901103879 1.6395341027948198e-18
523.8329995883903 1.5871825741484852e-18
523.8950980729015 1.4989973569464379e-18
523.9571965574128 1.5246229160945617e-18
524.019295041924 1.6018313654218567e-18
524.0813935264352 1.5605562056836758e-18
524.1434920109465 1.5974495985055527e-18
524.2055904954578 1.6159093311843367e-18
524.2676889799691 1.5305566546639564e-18
524.3297874644803 1.5300484478542191e-18
524.3918859489916 1.545236458226636e-18
524.4539844335028 1.5921133804581843e-18
524.516082918014 1.527560468166116e-18
524.5781814025253 1.5198806502479044e-18
524.6402798870365 1.5341454838346944e-18
524.7023783715478 1.4616591032905186e-18
524.764476856059 1.4747113150656589e-18
524.8265753405703 1.5695560332590834e-18
524.8886738250816 1.611360782597931e-18
524.9507723095928 1.5607090436813085e-18
525.0128707941041 1.54131889965595e-18
525.0749692786153 1.5891287928489498e-18
525.1370677631265 1.6148175613426063e-18
525.1991662476378 1.550321020966893e-18
525.261264732149 1.4870865473562244e-18
525.3233632166603 1.4994249844388216e-18
525.3854617011716 1.5295863334444373e-18
525.4475601856828 1.5802812616717578e-18
525.5096586701941 1.5012207084745977e-18
525.5717571547053 1.561510240622782e-18
525.6338556392166 1.5813799571171782e-18
525.6959541237278 1.5664825002345598e-18
525.758052608239 1.53465962227758e-18
525.8201510927503 1.5743644528582188e-18
525.8822495772615 1.4954741831180353e-18
525.9443480617728 1.5206476782930239e-18
526.0064465462841 1.5621776843298277e-18
526.0685450307953 1.5421035629682008e-18
526.1306435153066 1.5285990278243629e-18
526.1927419998178 1.595105224050392e-18
526.2548404843291 1.5279023967331327e-18
526.3169389688403 1.5494128857069638e-18
526.3790374533515 1.5435428022659185e-18
526.4411359378628 1.45283265793687e-18
526.503234422374 1.4905050106967142e-18
526.5653329068853 1.5294448660988465e-18
526.6274313913966 1.4873397354169563e-18
526.6895298759079 1.5372560867055895e-18
526.7516283604191 1.6096658751513389e-18
526.8137268449303 1.4985709856925333e-18
526.8758253294416 1.5461021621540488e-18
526.9379238139528 1.6380663462643067e-18
527.000022298464 1.5740310288003766e-18
527.0621207829753 1.5225555601737645e-18
527.1242192674865 1.5326796517102379e-18
527.1863177519978 1.5389042081644014e-18
527.2484162365091 1.5615238309799609e-18
527.3105147210204 1.53108107870871e-18
527.3726132055316 1.5004433419072726e-18
527.4347116900428 1.4149798970457385e-18
527.4968101745541 1.4966924841541987e-18
527.5589086590653 1.5731054807823493e-18
527.6210071435765 1.4883438604763533e-18
527.6831056280878 1.6129844347881048e-18
527.745204112599 1.5164725001053487e-18
527.8073025971103 1.5741541809962374e-18
527.8694010816216 1.5494401911088543e-18
527.9314995661329 1.5093395613106146e-18
527.9935980506441 1.4899266120438438e-18
528.0556965351553 1.53272103033815e-18
528.1177950196666 1.5381501262738718e-18
528.1798935041778 1.5306661347006024e-18
528.241991988689 1.5090034705663933e-18
528.3040904732003 1.534661542970587e-18
528.3661889577115 1.5764114654454997e-18
528.4282874422229 1.561230019230202e-18
528.4903859267341 1.4873979933540679e-18
528.5524844112454 1.5840396883340985e-18
528.6145828957566 1.5482411619318939e-18
528.6766813802678 1.5661801932730942e-18
528.7387798647791 1.5172007425292965e-18
528.8008783492903 1.4835379069894064e-18
528.8629768338016 1.545071201649295e-18
528.9250753183128 1.5362392410519747e-18
528.987173802824 1.49915224314144e-18
529.0492722873354 1.5977860725777946e-18
529.1113707718466 1.4687221127021653e-18
529.1734692563579 1.4796489431208006e-18
529.2355677408691 1.5602134853385175e-18
529.2976662253803 1.542815261481346e-18
529.3597647098916 1.4621388080837087e-18
529.4218631944028 1.5330771479738825e-18
529.483961678914 1.6129320894779008e-18
529.5460601634253 1.5474071121681292e-18
529.6081586479365 1.5722209764821572e-18
529.6702571324479 1.5359881681613155e-18
529.7323556169591 1.4979227765819597e-18
529.7944541014704 1.5032893890217974e-18
529.8565525859816 1.4726419538173558e-18
529.9186510704928 1.5055387781151268e-18
529.9807495550041 1.5441809290954992e-18
530.0428480395153 1.5173934493437419e-18
530.1049465240266 1.5388104787692227e-18
530.1670450085378 1.5459319731298535e-18
530.229143493049 1.5636219725533187e-18
530.2912419775604 1.5572880477884166e-18
530.3533404620716 1.5383130174328717e-18
530.4154389465829 1.4948973708360212e-18
530.4775374310941 1.5186111802180211e-18
530.5396359156053 1.5827362219083462e-18
530.6017344001166 1.5677585657489475e-18
530.6638328846278 1.5448011148094703e-18
530.7259313691391 1.5854147686854391e-18
530.7880298536503 1.5370422772451335e-18
530.8501283381615 1.5382781300579146e-18
530.9122268226729 1.5289705231228444e-18
530.9743253071841 1.5984934266565018e-18
531.0364237916954 1.572579121220677e-18
531.0985222762066 1.5315166609799338e-18
531.1606207607178 1.597536236721183e-18
531.2227192452291 1.5046219292659589e-18
531.2848177297403 1.5015866706473638e-18
531.3469162142516 1.565228460860711e-18
531.4090146987628 1.4671406705899173e-18
531.4711131832742 1.5170058195390743e-18
531.5332116677854 1.644445478301074e-18
531.5953101522966 1.6267904614010674e-18
531.6574086368079 1.5274210114500951e-18
531.7195071213191 1.6089236580639988e-18
531.7816056058304 1.5172888380838887e-18
531.8437040903416 1.5467954408504128e-18
531.9058025748528 1.5197382529315921e-18
531.9679010593641 1.5017904480463216e-18
532.0299995438753 1.6180382759738456e-18
532.0920980283867 1.5142201809319245e-18
532.1541965128979 1.588297410500758e-18
532.2162949974091 1.6395699707704077e-18
532.2783934819204 1.5374871597228807e-18
532.3404919664316 1.5314004304041762e-18
532.4025904509429 1.5605725406668857e-18
532.4646889354541 1.5341494582667135e-18
532.5267874199653 1.4643525904700636e-18
532.5888859044766 1.5220396579422625e-18
532.6509843889878 1.549278447363754e-18
532.7130828734992 1.5726171270396736e-18
532.7751813580104 1.5061008474046092e-18
532.8372798425216 1.6076326185245518e-18
532.8993783270329 1.5737859825438484e-18
532.9614768115441 1.5854814459126084e-18
533.0235752960554 1.5480845744527342e-18
533.0856737805666 1.6427735884541354e-18
533.1477722650778 1.5164220894073024e-18
533.2098707495891 1.4956764173258549e-18
533.2719692341003 1.4830055450753195e-18
533.3340677186117 1.5199498939788927e-18
533.3961662031229 1.5448484253499788e-18
533.4582646876341 1.6172579428772306e-18
533.5203631721454 1.6142696455713865e-18
533.5824616566566 1.5693297297002889e-18
533.6445601411679 1.59940973247881e-18
533.7066586256791 1.4574968745598015e-18
533.7687571101903 1.547782286658519e-18
533.8308555947016 1.5205365751962083e-18
533.8929540792128 1.5394762651905184e-18
533.9550525637242 1.581737039699023e-18
534.0171510482354 1.5557433141618396e-18
534.0792495327466 1.5501327304550731e-18
534.1413480172579 1.5006210443522868e-18
534.2034465017691 1.4916639031321689e-18
534.2655449862804 1.5621332895052579e-18
534.3276434707916 1.5188296858436827e-18
534.3897419553028 1.517303317670467e-18
534.4518404398141 1.4535427783947408e-18
534.5139389243254 1.425705422281415e-18
534.5760374088367 1.5539273315032653e-18
534.6381358933479 1.478500242745933e-18
534.7002343778591 1.5158776581625587e-18
534.7623328623704 1.5601053857736147e-18
534.8244313468816 1.5837325366187075e-18
534.8865298313929 1.4965803316104985e-18
534.9486283159041 1.5287018134450236e-18
535.0107268004153 1.557727261201881e-18
535.0728252849266 1.6014754654810227e-18
535.1349237694379 1.5581854495677218e-18
535.1970222539492 1.5614367407171906e-18
535.2591207384604 1.5564367904087437e-18
535.3212192229716 1.5176432744793448e-18
535.3833177074829 1.5818292588737947e-18
535.4454161919941 1.5637642082125503e-18
535.5075146765054 1.4994504919303444e-18
535.5696131610166 1.566483817967761e-18
535.6317116455278 1.4854891727991993e-18
535.6938101300391 1.483446644860229e-18
535.7559086145504 1.5586804920576823e-18
535.8180070990617 1.49564404082063e-18
535.8801055835729 1.4862513982708168e-18
535.9422040680842 1.483098816923987e-18
536.0043025525954 1.5108454314709697e-18
536.0664010371066 1.5510096920242316e-18
536.1284995216179 1.5447485473934974e-18
536.1905980061291 1.5441042963875648e-18
536.2526964906403 1.594795938434556e-18
536.3147949751516 1.540961541355187e-18
536.3768934596629 1.485859277371249e-18
536.4389919441742 1.4824274976430095e-18
536.5010904286854 1.4554408914681973e-18
536.5631889131967 1.4371825586651727e-18
536.6252873977079 1.4359638299200629e-18
536.6873858822191 1.483369382149462e-18
536.7494843667304 1.497099849294182e-18
536.8115828512416 1.501780119151651e-18
536.8736813357528 1.5112175517034959e-18
536.9357798202641 1.532287352115837e-18
536.9978783047754 1.5279392451420496e-18
537.0599767892867 1.5141666862732885e-18
537.1220752737979 1.5284320664011163e-18
537.1841737583092 1.4649520859616198e-18
537.2462722428204 1.470200902614909e-18
537.3083707273316 1.5268830332827655e-18
537.3704692118429 1.4339297157190576e-18
537.4325676963541 1.3752797371214574e-18
537.4946661808654 1.530527644267318e-18
537.5567646653767 1.5335053486022908e-18
537.6188631498879 1.4669743337741233e-18
537.6809616343992 1.5179351911973041e-18
537.7430601189104 1.543107743688836e-18
537.8051586034217 1.5503063241573822e-18
537.8672570879329 1.4777020064177512e-18
537.9293555724441 1.4841092207231635e-18
537.9914540569554 1.5422742741031715e-18
538.0535525414666 1.5619752641266066e-18
538.1156510259779 1.5320076742084094e-18
538.1777495104891 1.462697001219978e-18
538.2398479950004 1.5034840159814992e-18
538.3019464795117 1.5400629623061191e-18
538.3640449640229 1.547954724449944e-18
538.4261434485342 1.5051588049347843e-18
538.4882419330454 1.5140234076454735e-18
538.5503404175566 1.5104091567944372e-18
538.6124389020679 1.4724181762112636e-18
538.6745373865791 1.4936903846307464e-18
538.7366358710904 1.5357825567589874e-18
538.7987343556017 1.5086912871958297e-18
538.860832840113 1.5484628517830125e-18
538.9229313246242 1.4907090370847276e-18
538.9850298091354 1.4250745217511881e-18
539.0471282936467 1.4780263281289725e-18
539.1092267781579 1.493691706979343e-18
539.1713252626691 1.5025893821351627e-18
539.2334237471804 1.5343534541165651e-18
539.2955222316916 1.5267412897965811e-18
539.3576207162029 1.407192616741318e-18
539.4197192007142 1.427400880715635e-18
539.4818176852255 1.4687533968266161e-18
539.5439161697367 1.4702602635222262e-18
539.6060146542479 1.4434586030073933e-18
539.6681131387592 1.4398667969228547e-18
539.7302116232704 1.5329625443682108e-18
539.7923101077816 1.553992510053595e-18
539.8544085922929 1.5274522667049672e-18
539.9165070768041 1.4841274323815155e-18
539.9786055613154 1.4583084334788181e-18
540.0407040458267 1.4958668562183155e-18
540.102802530338 1.47071745044017e-18
540.1649010148492 1.408637223442528e-18
540.2269994993604 1.4326921721381108e-18
540.2890979838717 1.4301489819460592e-18
540.3511964683829 1.47229492761036e-18
540.4132949528941 1.5247432402399796e-18
540.4753934374054 1.4534257077294766e-18
540.5374919219166 1.4537981899663013e-18
540.599590406428 1.4984031371892363e-18
540.6616888909392 1.5328869971767315e-18
540.7237873754505 1.476084791484109e-18
540.7858858599617 1.4615266977857935e-18
540.8479843444729 1.4743090289908483e-18
540.9100828289842 1.4590808598106565e-18
540.9721813134954 1.4637513420710352e-18
541.0342797980067 1.390916403750129e-18
541.0963782825179 1.5026483431848694e-18
541.1584767670291 1.4994665581355628e-18
541.2205752515404 1.4864371715609341e-18
541.2826737360517 1.4606143721593358e-18
541.344772220563 1.526617677238668e-18
541.4068707050742 1.4440160673220646e-18
541.4689691895854 1.4521181869979914e-18
541.5310676740967 1.514184155873511e-18
541.5931661586079 1.492092354028138e-18
541.6552646431192 1.4925453891896218e-18
541.7173631276304 1.4855242274699313e-18
541.7794616121416 1.5351719396375032e-18
541.841560096653 1.5094751512330468e-18
541.9036585811642 1.4987527344272808e-18
541.9657570656755 1.4832995670380839e-18
542.0278555501867 1.3530089884032248e-18
542.0899540346979 1.3760210808473882e-18
542.1520525192092 1.4629108415011415e-18
542.2141510037204 1.4348314304184448e-18
542.2762494882317 1.4782593530692834e-18
542.3383479727429 1.4771447114062603e-18
542.4004464572541 1.4786586077220085e-18
542.4625449417655 1.5048994776288358e-18
542.5246434262767 1.459077281751673e-18
542.586741910788 1.4189440427897802e-18
542.6488403952992 1.362803325642174e-18
542.7109388798104 1.438767635420704e-18
542.7730373643217 1.4845618618679276e-18
542.8351358488329 1.485794308538829e-18
542.8972343333442 1.463057605327177e-18
542.9593328178554 1.4771908237213344e-18
543.0214313023666 1.4418746128368635e-18
543.083529786878 1.4691959113545194e-18
543.1456282713892 1.4632537544678982e-18
543.2077267559005 1.4970137957948618e-18
543.2698252404117 1.5112801100797788e-18
543.331923724923 1.4645363732011708e-18
543.3940222094342 1.4799154714868403e-18
543.4561206939454 1.5149583802020012e-18
543.5182191784567 1.417439359302207e-18
543.5803176629679 1.4113259986790312e-18
543.6424161474791 1.4995117809093402e-18
543.7045146319905 1.4481284098768349e-18
543.7666131165017 1.442199014274978e-18
543.828711601013 1.3889235548892485e-18
543.8908100855242 1.470520947353251e-18
543.9529085700354 1.3710612959590988e-18
544.0150070545467 1.5096800564901051e-18
544.0771055390579 1.4792794601937293e-18
544.1392040235692 1.4890937363027211e-18
544.2013025080804 1.4422516847746164e-18
544.2634009925916 1.5543667289185723e-18
544.325499477103 1.4158276366328376e-18
544.3875979616142 1.4674582801874303e-18
544.4496964461255 1.4251704456687677e-18
544.5117949306367 1.4191672336916258e-18
544.573893415148 1.415568952156525e-18
544.6359918996592 1.4154298983882682e-18
544.6980903841704 1.4286337805898538e-18
544.7601888686817 1.3992974253399161e-18
544.8222873531929 1.4374368035723452e-18
544.8843858377043 1.4433128623507509e-18
544.9464843222155 1.4201357227512811e-18
545.0085828067267 1.5022731930552727e-18
545.070681291238 1.4594528324036168e-18
545.1327797757492 1.4392596573862319e-18
545.1948782602605 1.5055805164965418e-18
545.2569767447717 1.4859044169904174e-18
545.3190752292829 1.4226183286142675e-18
545.3811737137942 1.4233961580205115e-18
545.4432721983054 1.4330974545187643e-18
545.5053706828168 1.480092696641113e-18
545.567469167328 1.4473446853633121e-18
545.6295676518392 1.4683217021227352e-18
545.6916661363505 1.3800706755177298e-18
545.7537646208617 1.4427281139707739e-18
545.815863105373 1.4307037926455872e-18
545.8779615898842 1.4018441624085042e-18
545.9400600743954 1.3882516359466178e-18
546.0021585589067 1.3540195674476351e-18
546.0642570434179 1.4486921132838358e-18
546.1263555279293 1.4280854882985996e-18
546.1884540124405 1.4445240580815386e-18
546.2505524969517 1.409986435194196e-18
546.312650981463 1.3867376069464964e-18
546.3747494659742 1.3901022933730658e-18
546.4368479504855 1.4404450594622154e-18
546.4989464349967 1.448746610742932e-18
546.5610449195079 1.4431471073037504e-18
546.6231434040192 1.4402541293308888e-18
546.6852418885304 1.4181213299518622e-18
546.7473403730418 1.4571361224230212e-18
546.809438857553 1.481571835457191e-18
546.8715373420642 1.4243941351076731e-18
546.9336358265755 1.3862222144248868e-18
546.9957343110867 1.38403414630214e-18
547.057832795598 1.3829722521179915e-18
547.1199312801092 1.419654214250486e-18
547.1820297646204 1.4276678808946385e-18
547.2441282491317 1.3811386545922714e-18
547.3062267336429 1.3276401048496766e-18
547.3683252181543 1.3784335043563044e-18
547.4304237026655 1.343604770111666e-18
547.4925221871767 1.3981327463098494e-18
547.554620671688 1.4131250889410196e-18
547.6167191561992 1.4533227428427514e-18
547.6788176407105 1.51492070884554e-18
547.7409161252217 1.4466105298744282e-18
547.8030146097329 1.3749772060780902e-18
547.8651130942442 1.4129193794608823e-18
547.9272115787555 1.4407170669923632e-18
547.9893100632668 1.4224259537241764e-18
548.051408547778 1.4147690413592326e-18
548.1135070322892 1.3784965875909168e-18
548.1756055168005 1.3253738149219693e-18
548.2377040013117 1.3605715738621637e-18
548.299802485823 1.4179590715710888e-18
548.3619009703342 1.417938572987621e-18
548.4239994548454 1.4696848607688112e-18
548.4860979393567 1.4259157210337812e-18
548.548196423868 1.3685176166586862e-18
548.6102949083793 1.3556926699275523e-18
548.6723933928905 1.4168267849915512e-18
548.7344918774018 1.4210577655873826e-18
548.796590361913 1.4332364500801505e-18
548.8586888464242 1.3990102604004976e-18
548.9207873309355 1.3679905859446218e-18
548.9828858154467 1.4313948840181983e-18
549.044984299958 1.4923651860194964e-18
549.1070827844692 1.407271566887323e-18
549.1691812689805 1.3544148090738298e-18
549.2312797534918 1.3426436090859147e-18
549.293378238003 1.3797147330725557e-18
549.3554767225143 1.4081774669594575e-18
549.4175752070255 1.3794693686310521e-18
549.4796736915367 1.3938349154885365e-18
549.541772176048 1.4167598819538911e-18
549.6038706605592 1.3868206741173655e-18
549.6659691450704 1.3701259662395905e-18
549.7280676295817 1.4400298303195686e-18
549.790166114093 1.449359757715677e-18
549.8522645986043 1.4070069480735219e-18
549.9143630831155 1.35894258738516e-18
549.9764615676268 1.4454438347646936e-18
550.038560052138 1.4280566355265699e-18
550.1006585366492 1.4219785116492505e-18
550.1627570211605 1.4250183962697972e-18
550.2248555056717 1.4483732801322751e-18
550.286953990183 1.4583601987526811e-18
550.3490524746942 1.4857421743992614e-18
550.4111509592055 1.432461933392501e-18
550.4732494437168 1.4249666795037622e-18
550.535347928228 1.5007217350700686e-18
550.5974464127393 1.498769275321013e-18
550.6595448972505 1.4306039391404939e-18
550.7216433817617 1.4067867895686438e-18
550.783741866273 1.4612884768878963e-18
550.8458403507842 1.4656192927558381e-18
550.9079388352955 1.4179714141209398e-18
550.9700373198068 1.380033585221636e-18
551.032135804318 1.3011497339321925e-18
551.0942342888293 1.445736022876141e-18
551.1563327733405 1.5217669910625424e-18
551.2184312578518 1.4385512145517956e-18
551.280529742363 1.3996962516517251e-18
551.3426282268742 1.357414764913573e-18
551.4047267113855 1.378287943672494e-18
551.4668251958967 1.466831463260677e-18
551.528923680408 1.4232177155215257e-18
551.5910221649193 1.3960768990590202e-18
551.6531206494305 1.4539436689870163e-18
551.7152191339418 1.496584883321066e-18
551.777317618453 1.4568768104177749e-18
551.8394161029643 1.474855162052475e-18
551.9015145874755 1.4148861983693096e-18
551.9636130719867 1.3574738474630081e-18
552.025711556498 1.3665511068996538e-18
552.0878100410092 1.3924149790442278e-18
552.1499085255205 1.3922239121270485e-18
552.2120070100318 1.3519782122424131e-18
552.274105494543 1.485803363298782e-18
552.3362039790543 1.5095150011853736e-18
552.3983024635655 1.4188335574300023e-18
552.4604009480768 1.3847885079244716e-18
552.522499432588 1.4780928998274555e-18
552.5845979170992 1.370217769685863e-18
552.6466964016105 1.3725676228674895e-18
552.7087948861217 1.4183182163398403e-18
552.770893370633 1.4959490286990756e-18
552.8329918551443 1.539660526137928e-18
552.8950903396556 1.51489011231932e-18
552.9571888241668 1.4053633960560315e-18
553.019287308678 1.3749955599555853e-18
553.0813857931893 1.5080233366275036e-18
553.1434842777005 1.4965045480493446e-18
553.2055827622117 1.4202089389733412e-18
553.267681246723 1.4065917368873453e-18
553.3297797312342 1.3952882852323014e-18
553.3918782157455 1.4069513418597829e-18
553.4539767002568 1.4790477340248596e-18
553.516075184768 1.4502497110592317e-18
553.5781736692793 1.4492121504396953e-18
553.6402721537905 1.3941926426052419e-18
553.7023706383018 1.3420229123722215e-18
553.764469122813 1.4600722425214233e-18
553.8265676073243 1.4036357652551976e-18
553.8886660918355 1.4952774802102677e-18
553.9507645763467 1.4839672260677321e-18
554.0128630608581 1.4922144545762692e-18
554.0749615453693 1.4129824553264795e-18
554.1370600298806 1.4501390290606692e-18
554.1991585143918 1.4006893604946188e-18
554.261256998903 1.4245763779884937e-18
554.3233554834143 1.4641876095408736e-18
554.3854539679255 1.412334412404614e-18
554.4475524524368 1.3855689860850486e-18
554.509650936948 1.3813480357983592e-18
554.5717494214592 1.4552338947913243e-18
554.6338479059705 1.4198422283375496e-18
554.6959463904818 1.3899194176149105e-18
554.7580448749931 1.392028276451432e-18
554.8201433595043 1.4212135946929063e-18
554.8822418440155 1.354413668531398e-18
554.9443403285268 1.4370525852329914e-18
555.006438813038 1.4283565303974204e-18
555.0685372975493 1.3803180293874391e-18
555.1306357820605 1.4424306164717438e-18
555.1927342665717 1.4439285763415542e-18
555.2548327510831 1.4510926153257993e-18
555.3169312355943 1.3965276477440118e-18
555.3790297201056 1.3456883272060246e-18
555.4411282046168 1.412764685349671e-18
555.503226689128 1.4275050826680062e-18
555.5653251736393 1.5011096269444034e-18
555.6274236581505 1.4657415805977596e-18
555.6895221426618 1.4405417933500853e-18
555.751620627173 1.438119939474391e-18
555.8137191116842 1.3942600397961076e-18
555.8758175961956 1.382968636768642e-18
555.9379160807068 1.4969951434056733e-18
556.0000145652181 1.458146600512501e-18
556.0621130497293 1.430344345261508e-18
556.1242115342405 1.461530396124469e-18
556.1863100187518 1.4764252167307534e-18
556.248408503263 1.4442857911188737e-18
556.3105069877743 1.4714228238435266e-18
556.3726054722855 1.4591193370349808e-18
556.4347039567967 1.437654247629547e-18
556.4968024413081 1.433434949146233e-18
556.5589009258193 1.3890420235373823e-18
556.6209994103306 1.3742160428621861e-18
556.6830978948418 1.3482031504315637e-18
556.745196379353 1.4180908516372805e-18
556.8072948638643 1.489213121284474e-18
556.8693933483755 1.3427384125639683e-18
556.9314918328868 1.3333961629421212e-18
556.993590317398 1.3952953445632406e-18
557.0556888019094 1.4408270973108e-18
557.1177872864206 1.4613699588792677e-18
557.1798857709318 1.4830702420372214e-18
557.2419842554431 1.5607302631302708e-18
557.3040827399543 1.4147587737344916e-18
557.3661812244655 1.719030163466191e-18
557.4282797089768 1.881986015703077e-18
557.490378193488 1.493525810179231e-18
557.5524766779993 1.5042193565895269e-18
557.6145751625105 1.5716586850212106e-18
557.6766736470217 1.4501866087229464e-18
557.7387721315331 1.3932586442344316e-18
557.8008706160443 1.5357463052148005e-18
557.8629691005556 1.4552925010912166e-18
557.9250675850668 1.3273364922760335e-18
557.987166069578 1.6790090009135912e-18
558.0492645540893 1.8039307959112988e-18
558.1113630386005 1.4297724011625454e-18
558.1734615231118 1.4417990031437451e-18
558.235560007623 1.4917290386652196e-18
558.2976584921344 1.4566921484723618e-18
558.3597569766456 1.349377060637323e-18
558.4218554611568 1.37737982434933e-18
558.4839539456681 1.389150498762226e-18
558.5460524301793 1.4151643177362597e-18
558.6081509146906 1.393037480367537e-18
558.6702493992018 1.4504590593799457e-18
558.732347883713 1.4555222559151007e-18
558.7944463682243 1.4164720595774522e-18
558.8565448527355 1.4712737734034746e-18
558.9186433372469 1.4478485662987718e-18
558.9807418217581 1.4234384805611493e-18
559.0428403062693 1.4254488506194146e-18
559.1049387907806 1.4094365839940422e-18
559.1670372752918 1.3707677290869943e-18
559.2291357598031 1.315303478278136e-18
559.2912342443143 1.4434931971226024e-18
559.3533327288255 1.4337196269550261e-18
559.4154312133368 1.4576798551651964e-18
559.477529697848 1.4999433090233929e-18
559.5396281823594 1.3916965550389053e-18
559.6017266668706 1.4253680448068056e-18
559.6638251513818 1.446002787108808e-18
559.7259236358931 1.3947760747473295e-18
559.7880221204043 1.463089050128103e-18
559.8501206049156 1.4566390884937743e-18
559.9122190894268 1.4544819656323908e-18
559.974317573938 1.3894659985499516e-18
560.0364160584493 1.4436232589864507e-18
560.0985145429606 1.5070222561515187e-18
560.1606130274719 1.4980364410973814e-18
560.2227115119831 1.479122130502627e-18
560.2848099964943 1.4769803026202351e-18
560.3469084810056 1.3872686587761717e-18
560.4090069655168 1.4897913984310634e-18
560.4711054500281 1.4630032587323422e-18
560.5332039345393 1.3387106435599256e-18
560.5953024190505 1.394405351798963e-18
560.6574009035618 1.4398645441220437e-18
560.719499388073 1.3982194664110984e-18
560.7815978725844 1.4489668165925793e-18
560.8436963570956 1.3286471292035835e-18
560.9057948416068 1.3959807293594083e-18
560.9678933261181 1.4656510746688633e-18
561.0299918106293 1.3821060493597598e-18
561.0920902951406 1.3857304800430702e-18
561.1541887796518 1.4634281964661255e-18
561.216287264163 1.3589816296110414e-18
561.2783857486743 1.4793531505126757e-18
561.3404842331856 1.4146562589407595e-18
561.4025827176969 1.482511852205178e-18
561.4646812022081 1.4213440461143008e-18
561.5267796867194 1.431943645092311e-18
561.5888781712306 1.4091724802783862e-18
561.6509766557418 1.427324680515722e-18
561.7130751402531 1.4292627987600698e-18
561.7751736247643 1.4340142174376e-18
561.8372721092755 1.4319922886135063e-18
561.8993705937868 1.405248112525553e-18
561.9614690782981 1.4548973328536933e-18
562.0235675628094 1.5221977316540243e-18
562.0856660473206 1.4891890797535123e-18
562.1477645318319 1.4608799009696928e-18
562.2098630163431 1.4726993696360185e-18
562.2719615008543 1.4574987239042601e-18
562.3340599853656 1.468063890318098e-18
562.3961584698768 1.4310821867187962e-18
562.458256954388 1.4385319981528865e-18
562.5203554388993 1.4330148597564028e-18
562.5824539234106 1.4499821788204995e-18
562.6445524079219 1.3796266208192578e-18
562.7066508924331 1.3855117831144575e-18
562.7687493769444 1.387459395395289e-18
562.8308478614556 1.3772788726043204e-18
562.8929463459668 1.4297227053493922e-18
562.9550448304781 1.4003406793901009e-18
563.0171433149893 1.412396224508233e-18
563.0792417995006 1.426672635758584e-18
563.1413402840119 1.4506091102038548e-18
563.2034387685231 1.4121245889879557e-18
563.2655372530344 1.4154712184044037e-18
563.3276357375456 1.3882465974569161e-18
563.3897342220569 1.4120316939314881e-18
563.4518327065681 1.3776303675850772e-18
563.5139311910793 1.4185412950517478e-18
563.5760296755906 1.3936579165073996e-18
563.6381281601018 1.3598093141125465e-18
563.700226644613 1.4157704978210544e-18
563.7623251291243 1.4240496838025614e-18
563.8244236136356 1.3434748598839702e-18
563.8865220981469 1.3574004372944013e-18
563.9486205826581 1.4309524768666648e-18
564.0107190671694 1.3914233619208671e-18
564.0728175516806 1.3937742252433879e-18
564.1349160361918 1.4505125318039868e-18
564.1970145207031 1.396845904893736e-18
564.2591130052143 1.429104921127313e-18
564.3212114897256 1.4617328383075217e-18
564.3833099742369 1.361230325595189e-18
564.4454084587481 1.3424863560321466e-18
564.5075069432594 1.381970743276824e-18
564.5696054277706 1.3216905321896675e-18
564.6317039122819 1.3843836791399453e-18
564.6938023967931 1.405966965661239e-18
564.7559008813043 1.4123814600928492e-18
564.8179993658156 1.4883970650709034e-18
564.8800978503268 1.4319108548788912e-18
564.9421963348381 1.382623923820232e-18
565.0042948193494 1.3767243540271645e-18
565.0663933038607 1.3284725354206965e-18
565.1284917883719 1.3934798208058322e-18
565.1905902728831 1.3856946326629607e-18
565.2526887573944 1.4081940249835286e-18
565.3147872419056 1.4512470743759383e-18
565.3768857264168 1.4622331330194267e-18
565.4389842109281 1.45247750769217e-18
565.5010826954393 1.453178744263573e-18
565.5631811799506 1.3728203838596816e-18
565.6252796644619 1.3348560791135564e-18
565.6873781489732 1.4132300412570366e-18
565.7494766334844 1.4366428959447926e-18
565.8115751179956 1.4125746380427076e-18
565.8736736025069 1.3808049910493995e-18
565.9357720870181 1.368977025611306e-18
565.9978705715293 1.4087899752180283e-18
566.0599690560406 1.3705403275683405e-18
566.1220675405518 1.4566312442433386e-18
566.1841660250632 1.3249738659604016e-18
566.2462645095744 1.3540883694773798e-18
566.3083629940857 1.370731687155617e-18
566.3704614785969 1.4272756621981768e-18
566.4325599631081 1.4032354286418001e-18
566.4946584476194 1.3984576692448152e-18
566.5567569321306 1.3897320822539465e-18
566.6188554166418 1.3866721639177458e-18
566.6809539011531 1.3826615174084092e-18
566.7430523856643 1.359771207929553e-18
566.8051508701756 1.461038558783741e-18
566.8672493546869 1.4430088353883154e-18
566.9293478391982 1.4262404929130532e-18
566.9914463237094 1.3780376167437523e-18
567.0535448082206 1.420755947506983e-18
567.1156432927319 1.3988789554697296e-18
567.1777417772431 1.3780152796182027e-18
567.2398402617544 1.3473279071610192e-18
567.3019387462656 1.3968971192823313e-18
567.3640372307768 1.4572694475774588e-18
567.4261357152882 1.3890837056438925e-18
567.4882341997994 1.3470472529176407e-18
567.5503326843107 1.5354763260601591e-18
567.6124311688219 1.3175553804001083e-18
567.6745296533331 1.3650716257249795e-18
567.7366281378444 1.4598020318138134e-18
567.7987266223556 1.466968967136245e-18
567.8608251068669 1.3014388723685225e-18
567.9229235913781 1.4201463367042267e-18
567.9850220758893 1.4541392747319349e-18
568.0471205604007 1.3685376873575361e-18
568.1092190449119 1.3485413249179244e-18
568.1713175294232 1.3397343221653095e-18
568.2334160139344 1.3548720085285276e-18
568.2955144984456 1.4022140665272737e-18
568.3576129829569 1.4682977783711179e-18
568.4197114674681 1.3264273521760887e-18
568.4818099519794 1.3679153190293183e-18
568.5439084364906 1.3697390149705504e-18
568.6060069210018 1.3901598886241138e-18
568.6681054055132 1.3502339653463436e-18
568.7302038900244 1.4311937009619258e-18
568.7923023745357 1.4633381998750664e-18
568.8544008590469 1.4614152167731496e-18
568.9164993435581 1.386833102124525e-18
568.9785978280694 1.2495067563316568e-18
569.0406963125806 1.3817875676145025e-18
569.1027947970919 1.428313068545946e-18
569.1648932816031 1.4489440757974487e-18
569.2269917661145 1.3738857064389801e-18
569.2890902506257 1.4082223809367363e-18
569.3511887351369 1.3766952109126156e-18
569.4132872196482 1.3723746334378351e-18
569.4753857041594 1.3260195875999211e-18
569.5374841886706 1.3275831045726319e-18
569.5995826731819 1.3391299280379759e-18
569.6616811576931 1.3511785818209839e-18
569.7237796422044 1.3674278041895749e-18
569.7858781267156 1.3977028721529388e-18
569.8479766112268 1.381479901366688e-18
569.9100750957382 1.4341181030284034e-18
569.9721735802494 1.4630322856547903e-18
570.0342720647607 1.4019790769001405e-18
570.0963705492719 1.294239941140387e-18
570.1584690337831 1.3807870444490755e-18
570.2205675182944 1.371686377691927e-18
570.2826660028056 1.421082359694478e-18
570.3447644873169 1.4373703121934735e-18
570.4068629718281 1.3604715273428778e-18
570.4689614563395 1.3075071396960765e-18
570.5310599408507 1.2835028097426436e-18
570.5931584253619 1.384334665034202e-18
570.6552569098732 1.3689263065207229e-18
570.7173553943844 1.3771407448877847e-18
570.7794538788957 1.3668778999454617e-18
570.8415523634069 1.3774680705244789e-18
570.9036508479181 1.3682841909199458e-18
570.9657493324294 1.4020660613795823e-18
571.0278478169406 1.3925139156707101e-18
571.089946301452 1.3407639691756361e-18
571.1520447859632 1.3304776595544574e-18
571.2141432704744 1.3941388546496164e-18
571.2762417549857 1.3838514053094002e-18
571.3383402394969 1.3404518452164546e-18
571.4004387240082 1.3204587666094262e-18
571.4625372085194 1.3489565096332502e-18
571.5246356930306 1.3629128964957012e-18
571.5867341775419 1.3687958512941785e-18
571.6488326620531 1.3440592352566853e-18
571.7109311465645 1.3068634621508296e-18
571.7730296310757 1.3362486451386617e-18
571.8351281155869 1.3672691301923973e-18
571.8972266000982 1.3576984611099821e-18
571.9593250846094 1.3454686131645733e-18
572.0214235691207 1.3966746088937658e-18
572.0835220536319 1.3543506495496837e-18
572.1456205381431 1.3699266623177433e-18
572.2077190226544 1.3535816792636499e-18
572.2698175071657 1.2715285147716956e-18
572.331915991677 1.306935728597473e-18
572.3940144761882 1.3557521448763023e-18
572.4561129606994 1.3416900045234344e-18
572.5182114452107 1.3872069997678612e-18
572.5803099297219 1.3410339777239653e-18
572.6424084142332 1.3175317780759652e-18
572.7045068987444 1.312787254973929e-18
572.7666053832556 1.3656424308558493e-18
572.8287038677669 1.4187842821317924e-18
572.8908023522781 1.3188356259676477e-18
572.9529008367895 1.3787923222457857e-18
573.0149993213007 1.3287406868256576e-18
573.077097805812 1.3877133623750818e-18
573.1391962903232 1.3429412746941511e-18
573.2012947748344 1.3498440157713876e-18
573.2633932593457 1.3302916165324813e-18
573.3254917438569 1.3268936391495526e-18
573.3875902283681 1.3995210342176623e-18
573.4496887128794 1.4283169436810806e-18
573.5117871973907 1.3196800375077564e-18
573.573885681902 1.3163094699584383e-18
573.6359841664132 1.3530693799566672e-18
573.6980826509244 1.3848693907331231e-18
573.7601811354357 1.3700485165732728e-18
573.8222796199469 1.33603920933913e-18
573.8843781044582 1.372571888950205e-18
573.9464765889694 1.3665777177882545e-18
574.0085750734806 1.2938830333132406e-18
574.0706735579919 1.3234257595112901e-18
574.1327720425031 1.3117136256013166e-18
574.1948705270145 1.3843827681886028e-18
574.2569690115257 1.326681904768256e-18
574.319067496037 1.3351172178184679e-18
574.3811659805482 1.3942306590760531e-18
574.4432644650594 1.3272448539421435e-18
574.5053629495707 1.362190260731176e-18
574.5674614340819 1.3591054985861186e-18
574.6295599185931 1.3560979530268826e-18
574.6916584031044 1.330654306220326e-18
574.7537568876157 1.2984270075918418e-18
574.815855372127 1.320476326727919e-18
574.8779538566382 1.4061712748450724e-18
574.9400523411495 1.3430713828035628e-18
575.0021508256607 1.3328361744797827e-18
575.0642493101719 1.3652851434142e-18
575.1263477946832 1.3337990163942407e-18
575.1884462791944 1.3513784741179256e-18
575.2505447637056 1.3634261272298426e-18
575.3126432482169 1.2800005012788515e-18
575.3747417327282 1.393534579952643e-18
575.4368402172395 1.3626380952607087e-18
575.4989387017507 1.334614304692674e-18
575.561037186262 1.3090643566344211e-18
575.6231356707732 1.3696501015799575e-18
575.6852341552844 1.3695166482082475e-18
575.7473326397957 1.3472466357804308e-18
575.8094311243069 1.3601561446789135e-18
575.8715296088182 1.3330540041835664e-18
575.9336280933294 1.3198969902437927e-18
575.9957265778407 1.3580940975751562e-18
576.057825062352 1.3525891460927398e-18
576.1199235468632 1.333557079496964e-18
576.1820220313745 1.2938406602209795e-18
576.2441205158857 1.3165477498421135e-18
576.3062190003969 1.3227106804546006e-18
576.3683174849082 1.3139851944615676e-18
576.4304159694194 1.2838282675066902e-18
576.4925144539307 1.3088587668287192e-18
576.554612938442 1.3196876221947279e-18
576.6167114229532 1.2873898404742908e-18
576.6788099074645 1.2527252123913551e-18
576.7409083919757 1.2751302252871042e-18
576.803006876487 1.343566651333926e-18
576.8651053609982 1.306049685305642e-18
576.9272038455094 1.2490203976975745e-18
576.9893023300207 1.2596908713000505e-18
577.0514008145319 1.2630665122200856e-18
577.1134992990432 1.2715580767719885e-18
577.1755977835544 1.3701420442945693e-18
577.2376962680657 1.3134076420467753e-18
577.299794752577 1.2785547139581309e-18
577.3618932370882 1.225706394536331e-18
577.4239917215995 1.2988424144378706e-18
577.4860902061107 1.3187739551244181e-18
577.5481886906219 1.348957335296839e-18
577.6102871751332 1.3255357378664933e-18
577.6723856596444 1.3002369964347274e-18
577.7344841441557 1.296005159291535e-18
577.796582628667 1.30564045134813e-18
577.8586811131782 1.2789780462659707e-18
577.9207795976895 1.3199246002894827e-18
577.9828780822007 1.2958637544571652e-18
578.044976566712 1.3442185765867715e-18
578.1070750512232 1.3353142652893736e-18
578.1691735357344 1.2681642228398134e-18
578.2312720202457 1.2725263051464905e-18
578.2933705047569 1.2694561237290853e-18
578.3554689892682 1.2634891287852691e-18
578.4175674737795 1.339528048574546e-18
578.4796659582908 1.3140916817133017e-18
578.541764442802 1.2548681546476091e-18
578.6038629273132 1.2451893930265334e-18
578.6659614118245 1.3199588994774637e-18
578.7280598963357 1.332133407423282e-18
578.790158380847 1.3498432789086911e-18
578.8522568653582 1.3084294243816931e-18
578.9143553498694 1.3079150847424298e-18
578.9764538343807 1.2461590291030692e-18
579.038552318892 1.1972442385600719e-18
579.1006508034033 1.3169371898623065e-18
579.1627492879145 1.3045076309023834e-18
579.2248477724257 1.3130102085433382e-18
579.286946256937 1.3380329945061169e-18
579.3490447414482 1.3777800145774427e-18
579.4111432259594 1.341687049091876e-18
579.4732417104707 1.3140513745744543e-18
579.5353401949819 1.350482626989033e-18
579.5974386794933 1.2600892870111163e-18
579.6595371640045 1.2225454154157759e-18
579.7216356485158 1.2273660588909053e-18
579.783734133027 1.3266484331017032e-18
579.8458326175382 1.2829433379165829e-18
579.9079311020495 1.2815843875506188e-18
579.9700295865607 1.2915537782876247e-18
580.032128071072 1.3657691954082035e-18
580.0942265555832 1.3399942840889176e-18
580.1563250400944 1.3065034753254728e-18
580.2184235246057 1.25958430123656e-18
580.280522009117 1.2972116715638446e-18
580.3426204936283 1.2629829842599812e-18
580.4047189781395 1.2594873480134012e-18
580.4668174626507 1.2598867719989489e-18
580.528915947162 1.2401164086379975e-18
580.5910144316732 1.2944613077176448e-18
580.6531129161845 1.2778749925686534e-18
580.7152114006957 1.2737413769682533e-18
580.7773098852069 1.28187885456353e-18
580.8394083697183 1.2820155940901029e-18
580.9015068542295 1.2356392391246907e-18
580.9636053387408 1.2636394226531076e-18
581.025703823252 1.3098329613704265e-18
581.0878023077632 1.3035203320941205e-18
581.1499007922745 1.3018878819093595e-18
581.2119992767857 1.3261214730742808e-18
581.274097761297 1.27831372965985e-18
581.3361962458082 1.3105404995045294e-18
581.3982947303194 1.3470397598241566e-18
581.4603932148308 1.2975173472761046e-18
581.522491699342 1.2745515271037168e-18
581.5845901838533 1.3310346237445925e-18
581.6466886683645 1.292950349016092e-18
581.7087871528757 1.2550449999269164e-18
581.770885637387 1.2874291732691186e-18
581.8329841218982 1.2644966036185207e-18
581.8950826064095 1.2748293309625857e-18
581.9571810909207 1.2979735300463229e-18
582.0192795754319 1.3156597297246216e-18
582.0813780599433 1.3376840137892649e-18
582.1434765444545 1.353568821852031e-18
582.2055750289658 1.311554429274945e-18
582.267673513477 1.2122640844408832e-18
582.3297719979882 1.1559538739383672e-18
582.3918704824995 1.2650969906976519e-18
582.4539689670107 1.2889834189373893e-18
582.516067451522 1.2345310189583002e-18
582.5781659360332 1.2492357932204937e-18
582.6402644205446 1.2516757269297847e-18
582.7023629050558 1.2426451495533867e-18
582.764461389567 1.1715144670358566e-18
582.8265598740783 1.1790362706888414e-18
582.8886583585895 1.2654445341439981e-18
582.9507568431007 1.2334084100636364e-18
583.012855327612 1.1513299106643736e-18
583.0749538121232 1.2130511682888287e-18
583.1370522966345 1.3296207752643855e-18
583.1991507811457 1.2298829646204117e-18
583.2612492656569 1.2543969306477131e-18
583.3233477501683 1.3013623764269413e-18
583.3854462346795 1.2903069762217506e-18
583.4475447191908 1.2728847286764984e-18
583.509643203702 1.2436519724628727e-18
583.5717416882133 1.3275756450676595e-18
583.6338401727245 1.2941896256665598e-18
583.6959386572357 1.267466818648636e-18
583.758037141747 1.269317734617827e-18
583.8201356262582 1.3017647988940176e-18
583.8822341107696 1.1713227798908493e-18
583.9443325952808 1.2156448534714622e-18
584.006431079792 1.292893424455902e-18
584.0685295643033 1.3147209811702022e-18
584.1306280488145 1.2632181332369046e-18
584.1927265333258 1.2894031443702878e-18
584.254825017837 1.2645193344961046e-18
584.3169235023482 1.2501989336297971e-18
584.3790219868595 1.2765719307083705e-18
584.4411204713708 1.2295688777368953e-18
584.503218955882 1.2396839214141473e-18
584.5653174403933 1.2185172936165863e-18
584.6274159249045 1.2169098137807453e-18
584.6895144094158 1.2437325681978079e-18
584.751612893927 1.3870790637007987e-18
584.8137113784383 1.3401832116527443e-18
584.8758098629495 1.342978647845372e-18
584.9379083474607 1.352216120101535e-18
585.000006831972 1.3184349959732344e-18
585.0621053164832 1.2841907615570125e-18
585.1242038009946 1.2539957004348068e-18
585.1863022855058 1.250291474670694e-18
585.248400770017 1.2148918382302007e-18
585.3104992545283 1.351784882431086e-18
585.3725977390395 1.2457046325691515e-18
585.4346962235508 1.3134912133415567e-18
585.496794708062 1.248869605626442e-18
585.5588931925732 1.3408169244135465e-18
585.6209916770845 1.3362100302003385e-18
585.6830901615958 1.3082047647369233e-18
585.7451886461071 1.2842844609492856e-18
585.8072871306183 1.3407060323616455e-18
585.8693856151295 1.2024302442452687e-18
585.9314840996408 1.290431210802456e-18
585.993582584152 1.2030510457187714e-18
586.0556810686633 1.2936142258207865e-18
586.1177795531745 1.3541776919815965e-18
586.1798780376857 1.2991108911052615e-18
586.241976522197 1.1874036454364437e-18
586.3040750067082 1.2447285926957196e-18
586.3661734912196 1.2427563990689454e-18
586.4282719757308 1.2359027761169017e-18
586.490370460242 1.2441242453386137e-18
586.5524689447533 1.3408811319044788e-18
586.6145674292645 1.2569010697859815e-18
586.6766659137758 1.2185479774961701e-18
586.738764398287 1.3151685544565223e-18
586.8008628827982 1.2859857583883709e-18
586.8629613673095 1.3835134372845141e-18
586.9250598518208 1.3196430793218047e-18
586.9871583363321 1.2153404901785618e-18
587.0492568208433 1.21367081408631e-18
587.1113553053546 1.260384858687958e-18
587.1734537898658 1.248039819886055e-18
587.235552274377 1.2908488710096532e-18
587.2976507588883 1.2632390590680021e-18
587.3597492433995 1.2351426271042827e-18
587.4218477279107 1.2259642622916425e-18
587.4839462124221 1.3106020243143255e-18
587.5460446969332 1.2002008193431175e-18
587.6081431814446 1.3183365373074324e-18
587.6702416659558 1.3209368915935498e-18
587.732340150467 1.251613173852752e-18
587.7944386349783 1.2456516839017162e-18
587.8565371194895 1.2155773010226558e-18
587.9186356040008 1.2571682044648432e-18
587.980734088512 1.312243064214718e-18
588.0428325730232 1.30313507484773e-18
588.1049310575345 1.2634156497346823e-18
588.1670295420458 1.252536235357404e-18
588.2291280265571 1.185519895002842e-18
588.2912265110683 1.2642589403678297e-18
588.3533249955796 1.281285261980778e-18
588.4154234800908 1.2242671963802637e-18
588.477521964602 1.3004130166504352e-18
588.5396204491133 1.4473405672162334e-18
588.6017189336245 1.4402693358489454e-18
588.6638174181357 1.4630227426060003e-18
588.7259159026471 1.3254288809709435e-18
588.7880143871583 1.3030525606599218e-18
588.8501128716696 1.3958973547622873e-18
588.9122113561808 1.4550595977322327e-18
588.9743098406921 1.306126981527951e-18
589.0364083252033 1.2855615903650201e-18
589.0985068097145 1.2849500196287262e-18
589.1606052942258 1.3494532921513867e-18
589.222703778737 1.3495310674468805e-18
589.2848022632483 1.296049210541987e-18
589.3469007477595 1.302860943218755e-18
589.4089992322708 1.2611786622174658e-18
589.4710977167821 1.3035597381312273e-18
589.5331962012933 1.3688158352975427e-18
589.5952946858046 1.2967315178190263e-18
589.6573931703158 1.269975518298753e-18
589.719491654827 1.2466549640048434e-18
589.7815901393383 1.3112508868879285e-18
589.8436886238495 1.2975557624347826e-18
589.9057871083608 1.249387284667224e-18
589.9678855928721 1.198809918091705e-18
590.0299840773833 1.289972101475859e-18
590.0920825618946 1.264383917378491e-18
590.1541810464058 1.1764484624038928e-18
590.2162795309171 1.2500103326166924e-18
590.2783780154283 1.2513393256754953e-18
590.3404764999395 1.2332640165536216e-18
590.4025749844508 1.254773360657908e-18
590.464673468962 1.1522315522114949e-18
590.5267719534733 1.0988466030935444e-18
590.5888704379845 1.1198991859221757e-18
590.6509689224958 1.1329352012958911e-18
590.7130674070071 1.2318614177477628e-18
590.7751658915183 1.1606352326420113e-18
590.8372643760296 1.153778950676379e-18
590.8993628605408 1.1879051380112309e-18
590.961461345052 1.1867449089257458e-18
591.0235598295633 1.1455370116839549e-18
591.0856583140745 1.1505821795318577e-18
591.1477567985858 1.1937218887581288e-18
591.2098552830971 1.1228851267474563e-18
591.2719537676084 1.1701088267819864e-18
591.3340522521196 1.200590454709628e-18
591.3961507366308 1.1821723152129345e-18
591.4582492211421 1.1799142239817432e-18
591.5203477056533 1.1597144329858523e-18
591.5824461901645 1.142137050116523e-18
591.6445446746758 1.079217110077052e-18
591.706643159187 1.1130542027739131e-18
591.7687416436984 1.1603235299436094e-18
591.8308401282096 1.1358693482860557e-18
591.8929386127209 1.0740716488643019e-18
591.9550370972321 1.1463169308967398e-18
592.0171355817433 1.1539285864596017e-18
592.0792340662546 1.1219053880500324e-18
592.1413325507658 1.1137267269990244e-18
592.203431035277 1.1319063920014388e-18
592.2655295197883 1.1451094267743439e-18
592.3276280042995 1.1236253498679149e-18
592.3897264888108 1.1050536843327916e-18
592.4518249733221 1.0905488675286667e-18
592.5139234578334 1.094370346393109e-18
592.5760219423446 1.1173165725729226e-18
592.6381204268558 1.1165440398387716e-18
592.7002189113671 1.0586376426679453e-18
592.7623173958783 1.0247871473079547e-18
592.8244158803896 1.1007732650769938e-18
592.8865143649008 1.0663590088483088e-18
592.948612849412 9.65975506411073e-19
593.0107113339234 1.0762938127956338e-18
593.0728098184346 1.13912164794914e-18
593.1349083029459 1.13169620745015e-18
593.1970067874571 1.1440521188688015e-18
593.2591052719683 1.1543488712154004e-18
593.3212037564796 1.1797303521762695e-18
593.3833022409908 1.2246537244686493e-18
593.445400725502 1.225631741983219e-18
593.5074992100133 1.2146898102588239e-18
593.5695976945245 1.1675908155087723e-18
593.6316961790358 1.1825185186077757e-18
593.6937946635471 1.1675570596001168e-18
593.7558931480584 1.1263072773588886e-18
593.8179916325696 1.1395461635900936e-18
593.8800901170808 1.124688181857523e-18
593.9421886015921 1.1178649249161206e-18
594.0042870861033 1.1936853080169027e-18
594.0663855706146 1.1748040264930972e-18
594.1284840551258 1.1757721476502428e-18
594.190582539637 1.2203563940446536e-18
594.2526810241484 1.2710088162146973e-18
594.3147795086596 1.170162009897636e-18
594.3768779931709 1.1535790938709036e-18
594.4389764776821 1.2004784202282473e-18
594.5010749621933 1.2311270055590826e-18
594.5631734467046 1.1544787322663031e-18
594.6252719312158 1.1019012742733994e-18
594.6873704157271 1.1646994089399483e-18
594.7494689002383 1.224707057183078e-18
594.8115673847497 1.1869761607266713e-18
594.8736658692609 1.1906183194386097e-18
594.9357643537721 1.195742382480997e-18
594.9978628382834 1.2044418467297646e-18
595.0599613227946 1.1967120117703845e-18
595.1220598073058 1.1674310773924804e-18
595.1841582918171 1.225929591532409e-18
595.2462567763283 1.2510913381454888e-18
595.3083552608396 1.2516558244156099e-18
595.3704537453508 1.2325793008388866e-18
595.432552229862 1.1936631663700704e-18
595.4946507143734 1.183154508306411e-18
595.5567491988846 1.1672680552724054e-18
595.6188476833959 1.158382505972493e-18
595.6809461679071 1.1360593295318906e-18
595.7430446524183 1.1274619094695591e-18
595.8051431369296 1.1810988121670274e-18
595.8672416214408 1.200600413224847e-18
595.9293401059521 1.1573154382666232e-18
595.9914385904633 1.1128294872274516e-18
596.0535370749747 1.1538553193945382e-18
596.1156355594859 1.1804884994415926e-18
596.1777340439971 1.123276718229308e-18
596.2398325285084 1.1023888595257887e-18
596.3019310130196 1.134159667070125e-18
596.3640294975309 1.1020001700752316e-18
596.4261279820421 1.0326920984805316e-18
596.4882264665533 1.365352145304258e-18
596.5503249510646 1.3770497591590829e-18
596.6124234355758 1.3621096162802803e-18
596.674521920087 1.3837126245117721e-18
596.7366204045984 1.3111212125069027e-18
596.7987188891096 1.3381198055417348e-18
596.8608173736209 1.4104949113073456e-18
596.9229158581321 1.3235473072186506e-18
596.9850143426434 1.2609580752304049e-18
597.0471128271546 1.2620789162482871e-18
597.1092113116658 1.201566862023588e-18
597.1713097961771 1.1575508187191804e-18
597.2334082806883 1.1531503072264258e-18
597.2955067651997 1.1724395280931335e-18
597.3576052497109 1.144396919816246e-18
597.4197037342221 1.1377609350865464e-18
597.4818022187334 1.1943833220321666e-18
597.5439007032446 1.1694002671517645e-18
597.6059991877559 1.1166332043952264e-18
597.6680976722671 1.1445184947600536e-18
597.7301961567783 1.1369458796577449e-18
597.7922946412896 1.0875018218244911e-18
597.8543931258009 1.0401516058635194e-18
597.9164916103122 1.052610118006588e-18
597.9785900948234 1.0189905710535294e-18
598.0406885793346 1.0136525005623936e-18
598.1027870638459 1.0300585767666324e-18
598.1648855483571 9.722951810770717e-19
598.2269840328684 9.870732528964383e-19
598.2890825173796 1.007495255964575e-18
598.3511810018908 1.018112379023664e-18
598.4132794864021 9.998631583875913e-19
598.4753779709133 9.587861532160415e-19
598.5374764554247 1.0121886231100149e-18
598.5995749399359 9.968983571310917e-19
598.6616734244471 9.639037992733076e-19
598.7237719089584 9.346693871386772e-19
598.7858703934696 8.982551961410729e-19
598.8479688779809 9.077875360545728e-19
598.9100673624921 8.818209056223085e-19
598.9721658470033 8.869922505590635e-19
599.0342643315146 9.042488622543882e-19
599.0963628160259 9.312725415708517e-19
599.1584613005372 8.976685581871456e-19
599.2205597850484 8.629930809371361e-19
599.2826582695596 8.687419364308193e-19
599.3447567540709 8.829576682492588e-19
599.4068552385821 9.335273833442625e-19
599.4689537230934 9.420604364944446e-19
599.5310522076046 8.590912932901888e-19
599.5931506921158 9.501292793098394e-19
599.6552491766271 9.332928134932666e-19
599.7173476611383 9.099239850666912e-19
599.7794461456497 9.409310190461177e-19
599.8415446301609 9.25778500635529e-19
599.9036431146721 9.713337407018046e-19
599.9657415991834 8.818780774306651e-19
600.0278400836946 9.650855862738668e-19
600.0899385682059 1.0195341081510611e-18
600.1520370527171 1.0753191115289078e-18
600.2141355372283 1.1093604451018017e-18
600.2762340217396 1.0362769247402714e-18
600.3383325062509 1.0655506562614052e-18
600.4004309907622 1.1022716753122297e-18
600.4625294752734 1.1042736390177975e-18
600.5246279597847 1.1135788294096628e-18
600.5867264442959 1.136591361484491e-18
600.6488249288071 1.0661897171717408e-18
600.7109234133184 1.0453650021125993e-18
600.7730218978296 1.1428935278056419e-18
600.8351203823408 1.1012206388083192e-18
600.8972188668522 1.1011125152975771e-18
600.9593173513633 1.1821623419483638e-18
601.0214158358747 1.112269840570215e-18
601.0835143203859 1.1945336045861327e-18
601.1456128048972 1.2901895486206386e-18
601.2077112894084 1.2901301613395227e-18
601.2698097739196 1.1833288047417827e-18
601.3319082584309 1.195861181445533e-18
601.3940067429421 1.259772717545551e-18
601.4561052274533 1.2809251818950158e-18
601.5182037119646 1.1993918305963588e-18
601.5803021964759 1.2217317756977488e-18
601.6424006809872 1.2550994868913707e-18
601.7044991654984 1.2277921702760123e-18
601.7665976500097 1.2167080825654298e-18
601.8286961345209 1.242340718733624e-18
601.8907946190321 1.1914536884475253e-18
601.9528931035434 1.192880865441688e-18
602.0149915880546 1.2601317198303273e-18
602.0770900725659 1.2992925825134793e-18
602.1391885570772 1.3269061658345356e-18
602.2012870415884 1.3403630640867793e-18
602.2633855260997 1.3357927545761878e-18
602.3254840106109 1.2930988656447166e-18
602.3875824951222 1.2643632029866351e-18
602.4496809796334 1.214006349205188e-18
602.5117794641446 1.1985981470351554e-18
602.5738779486559 1.2381019476566811e-18
602.6359764331671 1.2240843900286548e-18
602.6980749176784 1.2376459906187547e-18
602.7601734021896 1.3084835679039613e-18
602.822271886701 1.3374643160570341e-18
602.8843703712122 1.3162400297933787e-18
602.9464688557234 1.3182558551563531e-18
603.0085673402347 1.361253475708083e-18
603.0706658247459 1.3249976952566915e-18
603.1327643092571 1.2771098361812913e-18
603.1948627937684 1.2720868084790282e-18
603.2569612782796 1.1777598243830098e-18
603.3190597627909 1.1960271137357709e-18
603.3811582473022 1.3011530473971587e-18
603.4432567318134 1.282374407424274e-18
603.5053552163247 1.194548573662974e-18
603.5674537008359 1.166541585037958e-18
603.6295521853472 1.268370290779059e-18
603.6916506698584 1.3313031569688002e-18
603.7537491543696 1.289504938091096e-18
603.8158476388809 1.2913283732168121e-18
603.8779461233921 1.3468813143594286e-18
603.9400446079035 1.3008453154573243e-18
604.0021430924146 1.2451721461491333e-18
604.064241576926 1.187830534873254e-18
604.1263400614372 1.167456766772802e-18
604.1884385459484 1.217853585342652e-18
604.2505370304597 1.2280475300521624e-18
604.3126355149709 1.1299108920465494e-18
604.3747339994821 1.1447473187152054e-18
604.4368324839934 1.119059594849179e-18
604.4989309685046 1.0580898359466964e-18
604.5610294530159 1.1154774170282513e-18
604.6231279375272 1.1608448972214743e-18
604.6852264220385 1.1353879695919761e-18
604.7473249065497 1.1282391263514016e-18
604.8094233910609 9.66981741298045e-19
604.8715218755722 9.885904563194583e-19
604.9336203600834 1.0214358181493929e-18
604.9957188445946 9.682151845668836e-19
605.0578173291059 9.128787608118207e-19
605.1199158136171 9.487559662337856e-19
605.1820142981285 8.990050391167358e-19
605.2441127826397 8.805952082199356e-19
605.306211267151 8.594905445818175e-19
605.3683097516622 8.738114958530573e-19
605.4304082361734 9.249689555281354e-19
605.4925067206847 8.858141216915497e-19
605.5546052051959 8.697680677862972e-19
605.6167036897072 8.15478501646417e-19
605.6788021742184 7.99673047700215e-19
605.7409006587296 7.498504612666378e-19
605.8029991432409 7.749908769666915e-19
605.8650976277522 7.11382565495915e-19
605.9271961122635 6.693728940420169e-19
605.9892945967747 7.138045643491697e-19
606.0513930812859 7.144957997167794e-19
606.1134915657972 6.887847401463631e-19
606.1755900503084 6.999705666904918e-19
606.2376885348197 7.138972070950157e-19
606.2997870193309 7.133832762750383e-19
606.3618855038421 7.400207378685829e-19
606.4239839883535 7.292421016081926e-19
606.4860824728647 7.142569014615693e-19
606.548180957376 7.346783578268094e-19
606.6102794418872 7.24019523303476e-19
606.6723779263984 6.941261100982403e-19
606.7344764109097 6.635884759705802e-19
606.7965748954209 6.488535546101777e-19
606.8586733799322 6.6404014241490485e-19
606.9207718644434 6.832209497452379e-19
606.9828703489547 6.812424011770169e-19
607.0449688334659 6.715398372207961e-19
607.1070673179772 6.703384798804508e-19
607.1691658024885 6.755004532041574e-19
607.2312642869997 6.927185679027204e-19
607.2933627715109 6.7024542781344605e-19
607.3554612560222 7.066730512064529e-19
607.4175597405334 7.792090850219717e-19
607.4796582250447 8.909813481997902e-19
607.5417567095559 9.327303759144559e-19
607.6038551940671 9.570219677975512e-19
607.6659536785785 1.0467798294341791e-18
607.7280521630897 1.0487046571131964e-18
607.790150647601 1.0673687153754358e-18
607.8522491321122 1.1205142298599463e-18
607.9143476166234 1.1295122409839366e-18
607.9764461011347 1.069052813908252e-18
608.0385445856459 1.006224367380589e-18
608.1006430701572 9.14866524996459e-19
608.1627415546684 8.625661699597715e-19
608.2248400391798 7.481877409626579e-19
608.286938523691 7.289632053643227e-19
608.3490370082022 8.511575508312486e-19
608.4111354927135 9.518732643671933e-19
608.4732339772247 9.03208804856736e-19
608.535332461736 9.292256366041688e-19
608.5974309462472 9.723594532062826e-19
608.6595294307584 9.662307137267299e-19
608.7216279152697 9.576134344959544e-19
608.7837263997809 9.93317958310826e-19
608.8458248842921 9.582286150754166e-19
608.9079233688035 9.38288959385687e-19
608.9700218533147 9.884500635447617e-19
609.032120337826 1.0190117057185272e-18
609.0942188223372 1.0713127249687688e-18
609.1563173068485 1.0882009685403887e-18
609.2184157913597 1.072934382090254e-18
609.2805142758709 1.0194855315449714e-18
609.3426127603822 1.0726230580208663e-18
609.4047112448934 1.116313378276505e-18
609.4668097294048 1.1044989413333764e-18
609.528908213916 1.0819438960287025e-18
609.5910066984272 1.0026031285766576e-18
609.6531051829385 1.0133013846469524e-18
609.7152036674497 1.0702063084582475e-18
609.777302151961 1.1340347525582683e-18
609.8394006364722 1.1930310436685329e-18
609.9014991209834 1.1345056412126365e-18
609.9635976054947 1.0933481886613004e-18
610.025696090006 1.1073678528989217e-18
610.0877945745171 1.189835932722905e-18
610.1498930590285 1.1765846191044628e-18
610.2119915435397 1.1695341923213214e-18
610.274090028051 1.1478146060734063e-18
610.3361885125622 1.158498531539751e-18
610.3982869970735 1.1014528815270574e-18
610.4603854815847 1.0798449664784898e-18
610.5224839660959 1.0797480594193644e-18
610.5845824506072 1.1043232965990696e-18
610.6466809351184 1.0870686036863173e-18
610.7087794196298 1.106857920012152e-18
610.770877904141 1.2367294420277349e-18
610.8329763886522 1.2827039493086492e-18
610.8950748731635 1.193929471947831e-18
610.9571733576747 1.1575058369574313e-18
611.019271842186 1.1686172367543509e-18
611.0813703266972 1.2077879122248248e-18
611.1434688112084 1.1814171205983444e-18
611.2055672957197 1.1232642609523866e-18
611.267665780231 1.1552628845137636e-18
611.3297642647423 1.240106041321919e-18
611.3918627492535 1.3136958098014278e-18
611.4539612337647 1.2407587356797378e-18
611.516059718276 1.1719335147400997e-18
611.5781582027872 1.2321821668255376e-18
611.6402566872985 1.2107113526521792e-18
611.7023551718097 1.1653343379140147e-18
611.7644536563209 1.2353864197396223e-18
611.8265521408322 1.2808204005571505e-18
611.8886506253434 1.2332662577607683e-18
611.9507491098548 1.1680586772146106e-18
612.012847594366 1.2268549015794596e-18
612.0749460788772 1.206451842317877e-18
612.1370445633885 1.2087500423404603e-18
612.1991430478997 1.2399260673664938e-18
612.261241532411 1.169934734126225e-18
612.3233400169222 1.1243534475858412e-18
612.3854385014334 1.070219916918251e-18
612.4475369859447 1.095679537703235e-18
612.509635470456 1.137858034177741e-18
612.5717339549673 1.1666097370276642e-18
612.6338324394785 1.1087927583405833e-18
612.6959309239897 1.117509554958522e-18
612.758029408501 1.0642739880895165e-18
612.8201278930122 1.0484154495324188e-18
612.8822263775235 1.0659524782566712e-18
612.9443248620347 1.0576098914483866e-18
613.006423346546 1.0613038707286003e-18
613.0685218310572 1.1319161381327637e-18
613.1306203155684 1.0300417172839967e-18
613.1927188000798 1.0601015115750592e-18
613.254817284591 1.070204552847855e-18
613.3169157691023 1.1012272830142531e-18
613.3790142536135 1.0418678272329703e-18
613.4411127381247 9.890486496043612e-19
613.503211222636 9.008114896953962e-19
613.5653097071472 9.740629790290999e-19
613.6274081916584 1.02757103163642e-18
613.6895066761697 9.447882410326038e-19
613.751605160681 8.9629712575067e-19
613.8137036451923 9.153233515990308e-19
613.8758021297035 8.326717085228467e-19
613.9379006142148 8.335634819386489e-19
613.999999098726 8.748903447954954e-19
614.0620975832372 8.758780609001717e-19
614.1241960677485 9.13020506635903e-19
614.1862945522597 8.92980571025379e-19
614.248393036771 8.636588414379835e-19
614.3104915212823 8.5749217690444395e-19
614.3725900057935 8.583163761794678e-19
614.4346884903048 8.70500404278041e-19
614.496786974816 8.979311800653414e-19
614.5588854593273 8.959459903424407e-19
614.6209839438385 8.744238108873788e-19
614.6830824283497 8.924032242390988e-19
614.745180912861 8.677420993487812e-19
614.8072793973722 8.775165686143602e-19
614.8693778818835 9.011594020782286e-19
614.9314763663947 9.157300674395644e-19
614.993574850906 9.249467968142959e-19
615.0556733354173 9.455706917527998e-19
615.1177718199285 9.65520700178424e-19
615.1798703044398 9.703840495775243e-19
615.241968788951 9.294942745674442e-19
615.3040672734622 9.162217104030818e-19
615.3661657579735 9.337849054623997e-19
615.4282642424847 9.559286399475294e-19
615.490362726996 9.44162371725616e-19
615.5524612115073 9.445706405924275e-19
615.6145596960185 9.641390433505943e-19
615.6766581805298 9.827501265787916e-19
615.738756665041 9.719133794499654e-19
615.8008551495523 9.464824842173456e-19
615.8629536340635 9.536975992940901e-19
615.9250521185747 1.0304209804764763e-18
615.987150603086 1.0484299369705536e-18
616.0492490875972 1.0086070524511041e-18
616.1113475721085 1.0176852861863018e-18
616.1734460566197 1.0457316475836675e-18
616.235544541131 1.0669256355768707e-18
616.2976430256423 1.0584370069593331e-18
616.3597415101535 1.0456479804514922e-18
616.4218399946648 1.0632470865500254e-18
616.483938479176 1.040644603963146e-18
616.5460369636872 1.013780240689318e-18
616.6081354481985 1.0136352687048528e-18
616.6702339327097 1.01875850709783e-18
616.732332417221 1.043789656901114e-18
616.7944309017323 1.073356979696385e-18
616.8565293862436 1.0691875979053875e-18
616.9186278707548 1.1264491954072145e-18
616.980726355266 1.1376108817817466e-18
617.0428248397773 1.092944674583414e-18
617.1049233242885 1.1197802511153043e-18
617.1670218087997 1.1754877117292699e-18
617.229120293311 1.1204062878435534e-18
617.2912187778222 1.0497766343497343e-18
617.3533172623336 1.0440217991802595e-18
617.4154157468448 1.0816853506781302e-18
617.477514231356 1.1146632507724184e-18
617.5396127158673 1.1009926640688187e-18
617.6017112003785 1.1158312646203734e-18
617.6638096848898 1.1428376536305141e-18
617.725908169401 1.1496199512557973e-18
617.7880066539122 1.1455740607666116e-18
617.8501051384235 1.1449911653794778e-18
617.9122036229347 1.1713047374509916e-18
617.974302107446 1.1500864383466744e-18
618.0364005919573 1.091745439475123e-18
618.0984990764686 1.1305403720616557e-18
618.1605975609798 1.1470979755562779e-18
618.222696045491 1.1171083987997093e-18
618.2847945300023 1.1021720327493914e-18
618.3468930145135 1.093953021713412e-18
618.4089914990248 1.1407372198413682e-18
618.471089983536 1.1277822040824596e-18
618.5331884680472 1.129019825598459e-18
618.5952869525586 1.144201217989412e-18
618.6573854370698 1.1808841632939812e-18
618.7194839215811 1.1900062294027667e-18
618.7815824060923 1.1595613531512353e-18
618.8436808906035 1.1574729347323185e-18
618.9057793751148 1.1714112590511688e-18
618.967877859626 1.1661496834201514e-18
619.0299763441373 1.1743462786515852e-18
619.0920748286485 1.1527007521190988e-18
619.1541733131597 1.0843436084512713e-18
619.216271797671 1.0736237737792993e-18
619.2783702821823 1.1758052801387383e-18
619.3404687666936 1.2203927033062633e-18
619.4025672512048 1.1637125557678585e-18
619.464665735716 1.1271836395923033e-18
619.5267642202273 1.1411843687755769e-18
619.5888627047385 1.139212388204968e-18
619.6509611892498 1.154385666211144e-18
619.713059673761 1.1593623944387376e-18
619.7751581582722 1.1706656092141272e-18
619.8372566427836 1.1925515323075005e-18
619.8993551272948 1.1584616484014699e-18
619.9614536118061 1.1134141067792184e-18
620.0235520963173 1.0949861202459297e-18
620.0856505808285 1.0949885021989085e-18
620.1477490653398 1.0547647622544706e-18
620.209847549851 1.1139499393575052e-18
620.2719460343623 1.1555862076189043e-18
620.3340445188735 1.1288012910965068e-18
620.3961430033849 1.105896110772842e-18
620.4582414878961 1.1420732328831509e-18
620.5203399724073 1.1296613080595838e-18
620.5824384569186 1.101141340048673e-18
620.6445369414298 1.1674073433995087e-18
620.706635425941 1.1771424931531148e-18
620.7687339104523 1.1380414631664475e-18
620.8308323949635 1.1588754533647759e-18
620.8929308794748 1.1455601607420786e-18
620.955029363986 1.0781892760009223e-18
621.0171278484972 1.090393943390066e-18
621.0792263330086 1.1612718541509756e-18
621.1413248175198 1.1512809068432512e-18
621.2034233020311 1.1344281996352595e-18
621.2655217865423 1.1979985320591272e-18
621.3276202710535 1.1791686070970288e-18
621.3897187555648 1.1200129929195763e-18
621.451817240076 1.1452400343144702e-18
621.5139157245873 1.1244060509000764e-18
621.5760142090985 1.1105878178768485e-18
621.6381126936099 1.1145441174857572e-18
621.7002111781211 1.1207788141699158e-18
621.7623096626323 1.1037037988818125e-18
621.8244081471436 1.089858161469991e-18
621.8865066316548 1.091041917222805e-18
621.948605116166 1.074399679880972e-18
622.0107036006773 1.0550936446772518e-18
622.0728020851885 1.097212728786766e-18
622.1349005696998 1.1277764635568385e-18
622.196999054211 1.110132737598325e-18
622.2590975387222 1.1045677403655359e-18
622.3211960232336 1.117298006116901e-18
622.3832945077448 1.144803055423986e-18
622.4453929922561 1.111044196407564e-18
622.5074914767673 1.1285217105531227e-18
622.5695899612786 1.1139659353540318e-18
622.6316884457898 1.086826649101597e-18
622.693786930301 1.042638481308553e-18
622.7558854148123 1.0682310526849531e-18
622.8179838993235 1.0949152596907172e-18
622.8800823838349 1.0587969623396238e-18
622.9421808683461 1.1074031171125024e-18
623.0042793528573 1.1731320018009911e-18
623.0663778373686 1.1002736593322125e-18
623.1284763218798 1.1035936063320728e-18
623.190574806391 1.1669896832677079e-18
623.2526732909023 1.1340357741047606e-18
623.3147717754135 1.1561669089659209e-18
623.3768702599248 1.1048560805438724e-18
623.4389687444361 1.0820539436125858e-18
623.5010672289472 1.099671879006278e-18
623.5631657134586 1.0934090556318053e-18
623.6252641979698 1.121167363193774e-18
623.6873626824811 1.0718139982682077e-18
623.7494611669923 1.0608258999046308e-18
623.8115596515036 1.109900824799624e-18
623.8736581360148 1.0984232819377114e-18
623.935756620526 1.1142330431552832e-18
623.9978551050373 1.1575983602931205e-18
624.0599535895485 1.1256329854100176e-18
624.1220520740599 1.0938739516243744e-18
624.1841505585711 1.108383519793988e-18
624.2462490430823 1.1374558116103525e-18
624.3083475275936 1.1061303147008256e-18
624.3704460121048 1.0935378390368912e-18
624.4325444966161 1.0986289940493261e-18
624.4946429811273 1.1053256501398827e-18
624.5567414656385 1.081746261302488e-18
624.6188399501498 1.0698393292435385e-18
624.6809384346611 1.0329249235209237e-18
624.7430369191724 1.049887167307103e-18
624.8051354036836 1.0906536578887702e-18
624.8672338881948 1.1166544866555822e-18
624.9293323727061 1.1205882461850948e-18
624.9914308572173 1.0289567555536378e-18
625.0535293417286 1.044849215674183e-18
625.1156278262398 1.0911671933503896e-18
625.177726310751 1.0958993383962406e-18
625.2398247952623 1.047235213279236e-18
625.3019232797735 1.0226531664003624e-18
625.3640217642849 1.0751588461849154e-18
625.4261202487961 1.115698818697804e-18
625.4882187333073 1.1161297592599533e-18
625.5503172178186 1.0994574162704404e-18
625.6124157023298 1.1010717518355988e-18
625.6745141868411 1.0936709422150176e-18
625.7366126713523 1.103339761504759e-18
625.7987111558635 1.099039482788216e-18
625.8608096403748 1.0937563249727067e-18
625.9229081248861 1.0639505194006018e-18
625.9850066093974 1.1024280410841352e-18
626.0471050939086 1.0905062958625786e-18
626.1092035784199 1.0515077338673038e-18
626.1713020629311 1.0818814622209534e-18
626.2334005474423 1.09397044248084e-18
626.2954990319536 1.0842032154773193e-18
626.3575975164648 1.0887588330901788e-18
626.419696000976 1.1208109409101806e-18
626.4817944854874 1.0873698970467968e-18
626.5438929699985 1.1124994509997035e-18
626.6059914545099 1.0942108799312976e-18
626.6680899390211 1.05891929736288e-18
626.7301884235324 1.1157707096502492e-18
626.7922869080436 1.1268916235466634e-18
626.8543853925548 1.0560375000295108e-18
626.9164838770661 1.0166041954022098e-18
626.9785823615773 1.0368813939313287e-18
627.0406808460885 1.0757248148305273e-18
627.1027793305998 1.1007975590869649e-18
627.1648778151111 1.0595200680383541e-18
627.2269762996224 1.059421972956153e-18
627.2890747841336 1.106569420076469e-18
627.3511732686449 1.1237479169124331e-18
627.4132717531561 1.0775711849306504e-18
627.4753702376673 1.0630697149976038e-18
627.5374687221786 1.08888394827551e-18
627.5995672066898 1.0718272311226927e-18
627.661665691201 1.0506645454924587e-18
627.7237641757124 1.0633220885494714e-18
627.7858626602236 1.0493537727213748e-18
627.8479611447349 1.069512225430632e-18
627.9100596292461 1.0920832119308547e-18
627.9721581137574 1.0396205031894506e-18
628.0342565982686 1.0094046008047014e-18
628.0963550827798 1.0135377658053474e-18
628.1584535672911 1.014974800619425e-18
628.2205520518023 1.0542615668678955e-18
628.2826505363136 1.0712869006434145e-18
628.3447490208248 1.0932538796435544e-18
628.4068475053361 1.0628781377915085e-18
628.4689459898474 1.0379875439509151e-18
628.5310444743586 1.0818602876953705e-18
628.5931429588699 1.0817547263535585e-18
628.6552414433811 1.0830992390929657e-18
628.7173399278923 1.1012843156930885e-18
628.7794384124036 1.1067551491761866e-18
628.8415368969148 1.1204096197846446e-18
628.903635381426 1.126272526337905e-18
628.9657338659374 1.0481465616956807e-18
629.0278323504486 9.890708659878028e-19
629.0899308349599 1.0459080421824411e-18
629.1520293194711 1.1180060719856953e-18
629.2141278039824 1.0682329268074265e-18
629.2762262884936 1.0637228785884589e-18
629.3383247730048 1.1043741379163686e-18
629.4004232575161 1.062625963689527e-18
629.4625217420273 1.096494400730685e-18
629.5246202265387 1.1206872516364138e-18
629.5867187110498 1.0183360121725297e-18
629.6488171955612 1.7544890743863318e-18
629.7109156800724 8.902256438991562e-19
629.7730141645836 1.2069425868538058e-18
629.8351126490949 1.2163634290003465e-18
629.8972111336061 1.0711700895094264e-18
629.9593096181173 1.0889596708553243e-18
630.0214081026286 1.0879433490594905e-18
630.0835065871398 1.118263308057147e-18
630.1456050716511 1.0324783656262386e-18
630.2077035561624 1.0246441055663867e-18
630.2698020406737 1.183486919032789e-18
630.3319005251849 1.1534744621214521e-18
630.3939990096961 1.6712502647113518e-18
630.4560974942074 1.3868911091029448e-18
630.5181959787186 1.0036973532807798e-18
630.5802944632298 1.126622785402322e-18
630.6423929477411 1.1322090576759258e-18
630.7044914322523 1.1088892468741234e-18
630.7665899167637 1.0599085305509714e-18
630.8286884012749 1.0748249339735463e-18
630.8907868857862 1.0811934725816894e-18
630.9528853702974 1.0710263364480524e-18
631.0149838548086 1.0938395928507635e-18
631.0770823393199 1.117200501715019e-18
631.1391808238311 1.104958282703398e-18
631.2012793083424 1.0869481452697607e-18
631.2633777928536 1.050581670929556e-18
631.3254762773648 1.090219877646466e-18
631.3875747618761 1.1652547127841084e-18
631.4496732463874 1.1505461318274538e-18
631.5117717308987 1.0768454459368163e-18
631.5738702154099 1.0203194856123265e-18
631.6359686999211 1.0429259414950137e-18
631.6980671844324 1.0837183871248608e-18
631.7601656689436 1.0829639773270883e-18
631.8222641534549 1.0950949640518125e-18
631.8843626379661 1.0941006020721747e-18
631.9464611224773 1.087856326731661e-18
632.0085596069887 1.1254102005606561e-18
632.0706580914999 1.125201731242532e-18
632.1327565760112 1.0929025521246616e-18
632.1948550605224 1.0641242356998543e-18
632.2569535450336 1.0844382554079799e-18
632.3190520295449 1.0959374241201026e-18
632.3811505140561 1.0943753312389636e-18
632.4432489985674 1.0382078546304826e-18
632.5053474830786 1.0290094716615812e-18
632.56744596759 1.0906480732979923e-18
632.6295444521011 1.1059728676532716e-18
632.6916429366124 1.0544234024530343e-18
632.7537414211237 1.0397741611796191e-18
632.8158399056349 1.1124586621257148e-18
632.8779383901461 1.1293328643543525e-18
632.9400368746574 1.1037395243732649e-18
633.0021353591686 1.089312535372527e-18
633.0642338436799 1.0909556922984671e-18
633.1263323281911 1.0817028059969462e-18
633.1884308127023 1.1173776222113702e-18
633.2505292972137 1.115718625254318e-18
633.3126277817249 1.0529743571834639e-18
633.3747262662362 1.0742478246514871e-18
633.4368247507474 1.0830380020186562e-18
633.4989232352586 1.0656496371336681e-18
633.5610217197699 1.044621317461147e-18
633.6231202042811 1.029375224668543e-18
633.6852186887924 1.0570914297471827e-18
633.7473171733036 1.1132571402608865e-18
633.809415657815 1.117523662717245e-18
633.8715141423262 1.1325521659079248e-18
633.9336126268374 1.1015134516721486e-18
633.9957111113487 1.0686022423781171e-18
634.0578095958599 1.095345887551048e-18
634.1199080803711 1.0978052755914564e-18
634.1820065648824 1.090963682776825e-18
634.2441050493936 1.0946073412401263e-18
634.3062035339049 1.0709474417330853e-18
634.3683020184161 1.0287387793183772e-18
634.4304005029273 1.0184164193296578e-18
634.4924989874387 1.0211278422310215e-18
634.5545974719499 1.0351988186986883e-18
634.6166959564612 1.0595795035392964e-18
634.6787944409724 1.062601801333391e-18
634.7408929254836 1.07348065797671e-18
634.8029914099949 1.0654400725910886e-18
634.8650898945061 1.0641570208206661e-18
634.9271883790174 1.095116865392103e-18
634.9892868635286 1.1326774906822696e-18
635.05138534804 1.1176801977647827e-18
635.1134838325512 1.068863003989807e-18
635.1755823170624 1.0634584517782475e-18
635.2376808015737 1.07682412680155e-18
635.2997792860849 1.0860718225972213e-18
635.3618777705962 1.1081992455352443e-18
635.4239762551074 1.1210510002437882e-18
635.4860747396186 1.0591614678223466e-18
635.5481732241299 1.0790412936694869e-18
635.6102717086411 1.118832998376405e-18
635.6723701931523 1.1238622670226925e-18
635.7344686776637 1.1054833518291677e-18
635.7965671621749 1.0584084401422106e-18
635.8586656466862 1.0401016496469877e-18
635.9207641311974 1.0733170494750629e-18
635.9828626157087 1.2454538299653696e-18
636.0449611002199 1.1222189519919601e-18
636.1070595847311 1.1228511534443086e-18
636.1691580692424 1.093691524942471e-18
636.2312565537536 1.0978202352145362e-18
636.293355038265 1.094334679997312e-18
636.3554535227762 1.059802999609598e-18
636.4175520072874 1.0537067897202796e-18
636.4796504917987 1.1743525433857566e-18
636.5417489763099 1.2044574707133203e-18
636.6038474608212 1.1806723673033538e-18
636.6659459453324 1.110047460297563e-18
636.7280444298436 1.272351199433453e-18
636.7901429143549 1.141213486086339e-18
636.8522413988662 1.0316551048859592e-18
636.9143398833775 1.0656352354353873e-18
636.9764383678887 1.0389120858512834e-18
637.0385368524 1.0222034312754397e-18
637.1006353369112 1.0878833970639777e-18
637.1627338214224 1.0373801409220966e-18
637.2248323059337 9.960699972623463e-19
637.2869307904449 1.0543224465967794e-18
637.3490292749561 1.082925301931038e-18
637.4111277594674 1.0452724853715805e-18
637.4732262439786 1.0285502032081065e-18
637.53532472849 1.0664341533340501e-18
637.5974232130012 1.0850985902284009e-18
637.6595216975124 1.090622918075489e-18
637.7216201820237 1.106132376629445e-18
637.7837186665349 1.0555836014883739e-18
637.8458171510462 1.0192414776732803e-18
637.9079156355574 1.0672053629281812e-18
637.9700141200686 1.0666935419281959e-18
638.0321126045799 1.0527118596421229e-18
638.0942110890912 1.0619146873543556e-18
638.1563095736025 1.0601552735222618e-18
638.2184080581137 1.073614703334959e-18
638.280506542625 1.0503572251030657e-18
638.3426050271362 1.0836200380476035e-18
638.4047035116474 1.1163088179546406e-18
638.4668019961587 1.0765019332498518e-18
638.5289004806699 1.0580980342626496e-18
638.5909989651811 1.089417456541782e-18
638.6530974496924 1.0688876406263175e-18
638.7151959342036 1.034441473200878e-18
638.777294418715 1.0210006259655327e-18
638.8393929032262 1.0250788028146007e-18
638.9014913877375 1.0329900007619057e-18
638.9635898722487 1.0300941648234043e-18
639.0256883567599 1.0535758931501883e-18
639.0877868412712 1.0346979224835544e-18
639.1498853257824 1.0336338963129875e-18
639.2119838102936 1.0763248572871447e-18
639.2740822948049 1.0389216742912448e-18
639.3361807793162 1.0704197406493496e-18
639.3982792638275 1.066123673126657e-18
639.4603777483387 1.087868684180188e-18
639.52247623285 1.1732585480754055e-18
639.5845747173612 1.0679946246368641e-18
639.6466732018724 1.0508396464542871e-18
639.7087716863837 1.0377113456470965e-18
639.7708701708949 1.0359199850953342e-18
639.8329686554061 9.825982861831365e-19
639.8950671399175 1.0097529337361e-18
639.9571656244287 1.0517989351204306e-18
640.01926410894 1.0797080812715112e-18
640.0813625934512 1.08807034918171e-18
640.1434610779625 1.0556990604213807e-18
640.2055595624737 1.1016536092352804e-18
640.2676580469849 1.1178958591214639e-18
640.3297565314962 1.0943800403705404e-18
640.3918550160074 1.021349194923048e-18
640.4539535005187 1.01242874065839e-18
640.5160519850299 1.0240179364983644e-18
640.5781504695412 9.978343114938396e-19
640.6402489540525 9.972322738566747e-19
640.7023474385637 1.0279103073802132e-18
640.764445923075 1.060773941886945e-18
640.8265444075862 1.0582169750741806e-18
640.8886428920974 1.052732497111823e-18
640.9507413766087 1.0322625884403325e-18
641.0128398611199 1.0564142108707511e-18
641.0749383456312 1.104818611418191e-18
641.1370368301425 1.0803105935785219e-18
641.1991353146537 1.043679003603987e-18
641.261233799165 1.0552608648613254e-18
641.3233322836762 1.049080294250764e-18
641.3854307681875 1.0951522833356421e-18
641.4475292526987 1.0923885288968964e-18
641.5096277372099 1.0334847729008582e-18
641.5717262217212 1.0216693388930298e-18
641.6338247062324 1.0733674941009383e-18
641.6959231907437 1.108468623629665e-18
641.7580216752549 1.0082521982835198e-18
641.8201201597662 1.0457070322174141e-18
641.8822186442775 1.1059237277654987e-18
641.9443171287887 1.0825091464127137e-18
642.0064156133 1.0721224761139353e-18
642.0685140978112 1.0794210115570168e-18
642.1306125823224 1.0738567999966728e-18
642.1927110668337 1.0634858078276715e-18
642.2548095513449 1.0786700653014168e-18
642.3169080358562 1.0445533416766473e-18
642.3790065203675 1.007661248061183e-18
642.4411050048788 1.0396398559698845e-18
642.50320348939 1.0544887944605417e-18
642.5653019739012 1.0216611986877266e-18
642.6274004584125 1.0032153908275871e-18
642.6894989429237 1.0651907832088919e-18
642.751597427435 1.1040057822466805e-18
642.8136959119462 1.0813525942650215e-18
642.8757943964574 1.0622195026824053e-18
642.9378928809688 1.0551926642132432e-18
642.99999136548 1.0845654154084459e-18
643.0620898499913 1.0905031932418649e-18
643.1241883345025 1.056834423049237e-18
643.1862868190137 1.016515371591851e-18
643.248385303525 1.0396390320552046e-18
643.3104837880362 1.0609659135965799e-18
643.3725822725474 1.0601952825096082e-18
643.4346807570587 1.041899853491388e-18
643.4967792415699 1.042062544935249e-18
643.5588777260812 1.100868422465992e-18
643.6209762105925 1.1071838675476273e-18
643.6830746951038 1.0818260730636976e-18
643.745173179615 1.0663313589403525e-18
643.8072716641262 1.0730372226119967e-18
643.8693701486375 1.084449993809659e-18
643.9314686331487 1.0186777804173291e-18
643.99356711766 9.792198676222322e-19
644.0556656021712 1.0038989506953468e-18
644.1177640866824 9.889862699455977e-19
644.1798625711938 9.799266663514354e-19
644.241961055705 1.0337393236618752e-18
644.3040595402163 1.0706431654330557e-18
644.3661580247275 1.036549727360888e-18
644.4282565092387 1.0366159425379602e-18
644.49035499375 1.0896190001866383e-18
644.5524534782612 1.0691237337095352e-18
644.6145519627725 1.0267979178848258e-18
644.6766504472837 1.005378706420731e-18
644.7387489317949 9.791632853378562e-19
644.8008474163062 1.0294798933277167e-18
644.8629459008175 1.0556259120401479e-18
644.9250443853288 1.0369618636095546e-18
644.98714286984 1.0461378007298065e-18
645.0492413543512 1.0111112296848944e-18
645.1113398388625 9.869415710895346e-19
645.1734383233737 1.0419439219829758e-18
645.235536807885 1.0468299577329778e-18
645.2976352923962 1.0693170327909777e-18
645.3597337769074 1.0688214435491488e-18
645.4218322614188 1.0125263273437545e-18
645.48393074593 1.0732013804430596e-18
645.5460292304413 1.0847109123287488e-18
645.6081277149525 1.063731093733545e-18
645.6702261994637 1.0617850447654442e-18
645.732324683975 1.0315098661283018e-18
645.7944231684862 9.9804810108893e-19
645.8565216529975 1.036594098503044e-18
645.9186201375087 1.0484059129489866e-18
645.98071862202 9.999582018465557e-19
646.0428171065312 1.0042470876470543e-18
646.1049155910425 1.0469086537190442e-18
646.1670140755538 1.0157489854071335e-18
646.229112560065 1.052030353990638e-18
646.2912110445762 1.0684544010429461e-18
646.3533095290875 1.0263927721391655e-18
646.4154080135987 9.98900864596993e-19
646.47750649811 9.943623684042222e-19
646.5396049826212 1.0488905139192992e-18
646.6017034671324 1.0394394170777795e-18
646.6638019516438 1.023263781119844e-18
646.725900436155 1.0342640276705722e-18
646.7879989206663 9.761435612355178e-19
646.8500974051775 9.67958323418004e-19
646.9121958896887 1.0170180496372653e-18
646.9742943742 1.0330435571140133e-18
647.0363928587112 1.004579224466285e-18
647.0984913432225 9.828554466945716e-19
647.1605898277337 9.923383080909765e-19
647.222688312245 1.042795851273143e-18
647.2847867967563 1.0562526224726643e-18
647.3468852812675 1.032929563167946e-18
647.4089837657788 1.0938430759267722e-18
647.47108225029 1.0890049257745945e-18
647.5331807348012 9.85509559992132e-19
647.5952792193125 9.87113119874153e-19
647.6573777038237 1.0038356008991624e-18
647.719476188335 1.0188442838244881e-18
647.7815746728462 1.0105019253698413e-18
647.8436731573574 1.0053006429192143e-18
647.9057716418688 1.0380830156132324e-18
647.96787012638 1.0561170151528598e-18
648.0299686108913 1.0530564421524364e-18
648.0920670954025 1.0534666684219959e-18
648.1541655799138 1.0057829875704523e-18
648.216264064425 9.903000393570283e-19
648.2783625489362 1.0119354334099803e-18
648.3404610334475 9.99077605276849e-19
648.4025595179587 1.0506223416731806e-18
648.4646580024701 1.0093241245234926e-18
648.5267564869813 9.750496228011714e-19
648.5888549714925 1.0162140795846364e-18
648.6509534560038 1.0095805413178973e-18
648.713051940515 1.0346106792774554e-18
648.7751504250263 1.0453495076168733e-18
648.8372489095375 1.0162593989299023e-18
648.8993473940487 1.0087405616540607e-18
648.96144587856 1.0342341239224655e-18
649.0235443630713 1.0399265222550027e-18
649.0856428475824 1.0057854445609855e-18
649.1477413320938 1.0083327726227081e-18
649.209839816605 1.0120534274475421e-18
649.2719383011163 9.885852059988259e-19
649.3340367856275 9.97158724328978e-19
649.3961352701388 9.524114968026609e-19
649.45823375465 9.200659756362536e-19
649.5203322391612 9.891070042273787e-19
649.5824307236725 9.96059745427187e-19
649.6445292081837 1.0082436754991851e-18
649.7066276926951 1.0190764852662332e-18
649.7687261772063 9.909355492744518e-19
649.8308246617175 1.0093250793414083e-18
649.8929231462288 1.0181465008392706e-18
649.95502163074 9.93255770018499e-19
650.0171201152513 1.0218492237851143e-18
650.0792185997625 1.0134463979721086e-18
650.1413170842737 9.910740407905701e-19
650.203415568785 9.958240907398956e-19
650.2655140532963 9.753715258010992e-19
650.3276125378075 9.720401360752134e-19
650.3897110223188 9.743492074830106e-19
650.45180950683 9.535838581586286e-19
650.5139079913413 9.8265555121531e-19
650.5760064758525 9.83588566248063e-19
650.6381049603638 9.770694754349433e-19
650.700203444875 1.0248024760898483e-18
650.7623019293862 1.0396030242643988e-18
650.8244004138976 1.012502629182907e-18
650.8864988984087 1.0027525834000235e-18
650.9485973829201 1.0263465106498663e-18
651.0106958674313 9.84592528514782e-19
651.0727943519425 9.407619722906295e-19
651.1348928364538 9.218060248297625e-19
651.196991320965 9.333164269903001e-19
651.2590898054763 9.891925425443451e-19
651.3211882899875 9.932183560695149e-19
651.3832867744987 1.0029301153910134e-18
651.44538525901 1.0346178483260762e-18
651.5074837435213 1.064671462373309e-18
651.5695822280326 1.0721253787751098e-18
651.6316807125438 1.1057528119656563e-18
651.693779197055 1.1412368745859396e-18
651.7558776815663 1.1204615024279223e-18
651.8179761660775 1.1414697227625119e-18
651.8800746505888 1.130321096940373e-18
651.9421731351 1.0627404276787822e-18
652.0042716196112 1.0388493638024673e-18
652.0663701041226 1.0040383192505292e-18
652.1284685886337 1.0103265051942018e-18
652.1905670731451 1.0166254625300942e-18
652.2526655576563 9.804794623051744e-19
652.3147640421676 9.725157487742922e-19
652.3768625266788 1.0102051485261458e-18
652.43896101119 1.0067644990511316e-18
652.5010594957013 1.0071280261584102e-18
652.5631579802125 1.0291393667543145e-18
652.6252564647237 1.0747527578562403e-18
652.687354949235 1.064514912209508e-18
652.7494534337463 1.0803258543853842e-18
652.8115519182576 1.1075974665998104e-18
652.8736504027688 1.0606546510963098e-18
652.93574888728 1.052909089567444e-18
652.9978473717913 1.0647166520849053e-18
653.0599458563025 1.020297181478892e-18
653.1220443408138 1.044365957567138e-18
653.184142825325 1.0337518815306172e-18
653.2462413098363 1.0213313173667577e-18
653.3083397943476 9.993202791106332e-19
653.3704382788587 9.718716468152533e-19
653.4325367633701 9.806605514575953e-19
653.4946352478813 9.807542299303553e-19
653.5567337323926 9.764913027842474e-19
653.6188322169038 9.933846370031556e-19
653.680930701415 1.0110973035759298e-18
653.7430291859263 9.8682141803049e-19
653.8051276704375 9.390057309394654e-19
653.8672261549489 9.31608676932624e-19
653.92932463946 9.294961844693481e-19
653.9914231239713 9.61423253962957e-19
654.0535216084826 9.921913160493482e-19
654.1156200929938 9.377597549398764e-19
654.1777185775051 9.47142595728281e-19
654.2398170620163 9.825367410491983e-19
654.3019155465275 9.651022315642608e-19
654.3640140310388 9.415895023532404e-19
654.42611251555 9.517233671573373e-19
654.4882110000613 9.684847963480573e-19
654.5503094845726 9.913531079069008e-19
654.6124079690838 1.007875069620981e-18
654.6745064535951 9.877979129315528e-19
654.7366049381063 9.897511253651874e-19
654.7987034226176 9.601517212468133e-19
654.8608019071288 9.358127398914212e-19
654.92290039164 9.562019510414107e-19
654.9849988761513 9.630690583092468e-19
655.0470973606625 9.925950180321504e-19
655.1091958451739 1.0178640472202865e-18
655.171294329685 1.0105657478704095e-18
655.2333928141963 9.93159708900811e-19
655.2954912987076 9.83750319603004e-19
655.3575897832188 9.628716562755743e-19
655.4196882677301 9.40316310544229e-19
655.4817867522413 9.312535333905433e-19
655.5438852367525 9.355633330532004e-19
655.6059837212638 9.663573718956175e-19
655.668082205775 9.449244916587907e-19
655.7301806902863 9.416162341663603e-19
655.7922791747976 9.561645636228675e-19
655.8543776593089 9.589110251982447e-19
655.9164761438201 9.498650447955403e-19
655.9785746283313 9.51075621267459e-19
656.0406731128426 9.706536144500207e-19
656.1027715973538 1.0199797037626296e-18
656.164870081865 1.0450362830185594e-18
656.2269685663763 1.0040929554584476e-18
656.2890670508875 1.002188274944018e-18
656.3511655353989 1.0152467336504382e-18
656.41326401991 9.709331993191453e-19
656.4753625044214 9.712681601219101e-19
656.5374609889326 9.498519165623862e-19
656.5995594734438 9.17819195072947e-19
656.6616579579551 9.344145792999096e-19
656.7237564424663 9.42251833829224e-19
656.7858549269775 9.687111321887587e-19
656.8479534114888 9.90516002700601e-19
656.9100518960001 9.744388124846723e-19
656.9721503805113 9.992498650620193e-19
657.0342488650226 9.729153379773842e-19
657.0963473495339 9.256440420206142e-19
657.1584458340451 9.470749870132555e-19
657.2205443185563 9.363765772607058e-19
657.2826428030676 9.483820088972812e-19
657.3447412875788 9.452877191071532e-19
657.40683977209 9.106087567996468e-19
657.4689382566013 9.291272120775946e-19
657.5310367411125 9.93091639027623e-19
657.5931352256239 1.016935283488434e-18
657.655233710135 1.0174277222720076e-18
657.7173321946464 9.846223331146323e-19
657.7794306791576 9.93647579642844e-19
657.8415291636688 9.881480843073166e-19
657.9036276481801 1.0028710279525364e-18
657.9657261326913 1.0273989128338838e-18
658.0278246172026 1.034613587548495e-18
658.0899231017138 1.03243270795998e-18
658.1520215862251 9.96410396186814e-19
658.2141200707363 1.0017670707584528e-18
658.2762185552476 9.924006398287016e-19
658.3383170397589 9.498615946364382e-19
658.4004155242701 9.856580530704188e-19
658.4625140087813 1.0124462872324242e-18
658.5246124932926 1.0069420333752881e-18
658.5867109778038 1.0149325901826174e-18
658.6488094623151 9.91778687125461e-19
658.7109079468263 9.792369334557335e-19
658.7730064313375 9.560010261510341e-19
658.8351049158489 9.335980069796308e-19
658.8972034003601 9.457997879736042e-19
658.9593018848714 9.177427692539418e-19
659.0214003693826 9.137471710949636e-19
659.0834988538938 9.372659298992687e-19
659.1455973384051 9.345799612096945e-19
659.2076958229163 9.139404837636455e-19
659.2697943074276 9.076027217651108e-19
659.3318927919388 9.17876834406673e-19
659.3939912764502 9.328193195264211e-19
659.4560897609613 9.31226376452519e-19
659.5181882454726 9.782575007741635e-19
659.5802867299839 1.0162070997338674e-18
659.6423852144951 9.48561591489712e-19
659.7044836990063 9.238835047599452e-19
659.7665821835176 9.57214208990082e-19
659.8286806680288 9.592525846395332e-19
659.8907791525401 9.804986298102693e-19
659.9528776370514 9.59945678777817e-19
660.0149761215625 9.018393129763634e-19
660.0770746060739 8.974493790009584e-19
660.1391730905851 9.284751699130485e-19
660.2012715750964 9.566695370928075e-19
660.2633700596076 9.413480139308143e-19
660.3254685441188 9.130466083444914e-19
660.3875670286301 9.413777536602816e-19
660.4496655131413 9.466607455486779e-19
660.5117639976526 9.79864859151574e-19
660.5738624821638 9.841806464725376e-19
660.6359609666752 9.615472708437007e-19
660.6980594511863 9.727568727328165e-19
660.7601579356976 9.475337703133646e-19
660.8222564202089 9.854753065437114e-19
660.8843549047201 9.180320502284902e-19
660.9464533892314 8.670000205845977e-19
661.0085518737426 9.431626066762269e-19
661.0706503582538 9.932180729807372e-19
661.1327488427651 9.286517056435754e-19
661.1948473272764 9.40449387502312e-19
661.2569458117875 9.68379617429212e-19
661.3190442962989 9.227022974866691e-19
661.3811427808101 9.199135190199056e-19
661.4432412653214 9.60614315703656e-19
661.5053397498326 9.560460474710347e-19
661.5674382343439 9.247227112058876e-19
661.6295367188551 9.58148491072745e-19
661.6916352033663 9.746927753126871e-19
661.7537336878776 9.5237790979817e-19
661.8158321723888 9.48776207813448e-19
661.8779306569002 9.81678559971837e-19
661.9400291414114 9.710882928767969e-19
662.0021276259226 9.44536890760937e-19
662.0642261104339 9.269561997698343e-19
662.1263245949451 9.138861742995777e-19
662.1884230794564 9.466549228662143e-19
662.2505215639676 9.773637244309079e-19
662.3126200484788 9.727074078125221e-19
662.3747185329901 9.862093510898885e-19
662.4368170175014 9.781758286986163e-19
662.4989155020126 9.42819504973277e-19
662.5610139865239 9.298514112859733e-19
662.6231124710351 9.023486578559026e-19
662.6852109555464 8.958875787770612e-19
662.7473094400576 8.965648054220319e-19
662.8094079245689 8.880918198986035e-19
662.8715064090801 8.957954487227517e-19
662.9336048935913 9.169869214764421e-19
662.9957033781027 9.36972321696643e-19
663.0578018626138 9.391812109200194e-19
663.1199003471252 9.501657233646176e-19
663.1819988316364 9.563122186779733e-19
663.2440973161476 9.4431537057155e-19
663.3061958006589 9.318059165924163e-19
663.3682942851701 9.422536516889693e-19
663.4303927696814 9.581042749168484e-19
663.4924912541926 9.496663465953014e-19
663.5545897387038 9.157602992732587e-19
663.6166882232151 9.638327208173623e-19
663.6787867077264 9.636589715415248e-19
663.7408851922376 9.125203350373121e-19
663.8029836767489 9.607587380946636e-19
663.8650821612601 9.243210894772593e-19
663.9271806457714 9.14652679133005e-19
663.9892791302826 9.302206040781279e-19
664.0513776147939 9.322721397309345e-19
664.1134760993051 9.145166584550781e-19
664.1755745838163 9.304382359665958e-19
664.2376730683277 9.32442663007738e-19
664.2997715528388 9.517269951119837e-19
664.3618700373502 9.43168074385763e-19
664.4239685218614 9.316092791777563e-19
664.4860670063727 9.473219921727197e-19
664.5481654908839 8.81774217100106e-19
664.6102639753951 8.638109256081006e-19
664.6723624599064 9.346446482640967e-19
664.7344609444176 9.962618250211917e-19
664.7965594289288 9.944825027900393e-19
664.8586579134401 9.283051090415452e-19
664.9207563979514 9.279607019233637e-19
664.9828548824627 9.564522350449052e-19
665.0449533669739 9.450628626963318e-19
665.1070518514852 9.14686050787501e-19
665.1691503359964 9.069509091143861e-19
665.2312488205076 9.284845018885634e-19
665.2933473050189 9.297198470936846e-19
665.3554457895301 9.397500825868987e-19
665.4175442740413 9.465150352714037e-19
665.4796427585527 9.109494803909717e-19
665.5417412430638 9.04948540729865e-19
665.6038397275752 9.375513367363318e-19
665.6659382120864 9.331819488051712e-19
665.7280366965977 9.39979100817327e-19
665.7901351811089 9.662532085832462e-19
665.8522336656201 9.43470599352467e-19
665.9143321501314 9.135509365725999e-19
665.9764306346426 9.221824820129917e-19
666.038529119154 9.610293567909938e-19
666.1006276036651 9.84699079791651e-19
666.1627260881764 9.406355837551367e-19
666.2248245726877 9.058353753346755e-19
666.2869230571989 9.023810353756522e-19
666.3490215417102 9.336902947508568e-19
666.4111200262214 9.174157171806614e-19
666.4732185107326 7.835781078902436e-18
666.5353169952439 -9.097040534236887e-17
666.5974154797551 5.39450675858536e-17
666.6595139642664 1.806078241970322e-15
666.7216124487777 2.395870354357823e-15
666.7837109332888 -2.986558252201432e-16
666.8458094178002 7.313476259580739e-18
666.9079079023114 9.441986707895817e-19
666.9700063868227 9.212544410722567e-19
667.0321048713339 9.29680090876628e-19
667.0942033558451 9.685688213624192e-19
667.1563018403564 9.12491565847294e-19
667.2184003248676 8.924464204184198e-19
667.280498809379 9.04180092287208e-19
667.3425972938901 9.046996806819863e-19
667.4046957784014 9.20569946240447e-19
667.4667942629127 9.26119850694587e-19
667.5288927474239 9.61861756767989e-19
667.5909912319352 9.582351676715202e-19
667.6530897164464 9.619395175463394e-19
667.7151882009576 9.417660038701078e-19
667.7772866854689 9.014344910714255e-19
667.8393851699801 8.574770835908607e-19
667.9014836544914 8.531830575945334e-19
667.9635821390027 8.97236714029175e-19
668.025680623514 9.317912039907487e-19
668.0877791080252 9.050491568365737e-19
668.1498775925364 8.901343027689777e-19
668.2119760770477 8.981030770643504e-19
668.2740745615589 8.951021327269173e-19
668.3361730460701 8.886276451730487e-19
668.3982715305814 9.071166886723272e-19
668.4603700150926 9.036886329076434e-19
668.522468499604 8.960069744808621e-19
668.5845669841151 9.184075782950543e-19
668.6466654686265 9.385251111200112e-19
668.7087639531377 9.017994155374804e-19
668.7708624376489 8.543110587253274e-19
668.8329609221602 8.762840795584256e-19
668.8950594066714 8.930810780310833e-19
668.9571578911826 8.946360719085507e-19
669.0192563756939 8.74723709602268e-19
669.0813548602052 8.732679553694538e-19
669.1434533447164 9.124893073498991e-19
669.2055518292277 9.322451801412429e-19
669.267650313739 8.992064474385834e-19
669.3297487982502 8.779567315559515e-19
669.3918472827614 9.102654546810266e-19
669.4539457672727 9.334465665925311e-19
669.5160442517839 8.948932250681102e-19
669.5781427362951 9.03331575391084e-19
669.6402412208064 9.307972524359118e-19
669.7023397053176 8.847741319794365e-19
669.764438189829 8.61300528841027e-19
669.8265366743401 9.02432589177959e-19
669.8886351588515 9.133478423878647e-19
669.9507336433627 8.797511411175061e-19
670.0128321278739 8.848350776407407e-19
670.0749306123852 9.230999291734678e-19
670.1370290968964 9.41479526546998e-19
670.1991275814077 9.578651317634652e-19
670.2612260659189 9.483715183076833e-19
670.3233245504302 9.375271234312949e-19
670.3854230349414 9.288826628466856e-19
670.4475215194527 8.952576469262807e-19
670.509620003964 8.603522602154032e-19
670.5717184884752 8.735855972927934e-19
670.6338169729864 8.849031641159182e-19
670.6959154574977 8.836129141786027e-19
670.7580139420089 9.40415818142197e-19
670.8201124265202 9.415576436996827e-19
670.8822109110314 8.791281129688758e-19
670.9443093955426 8.763931935131958e-19
671.006407880054 9.54077352819997e-19
671.0685063645652 9.665654935510113e-19
671.1306048490765 9.283232522440658e-19
671.1927033335877 9.228220040353626e-19
671.2548018180989 8.976021064353552e-19
671.3169003026102 9.281307649341982e-19
671.3789987871214 9.62045241809378e-19
671.4410972716327 9.141963282276929e-19
671.5031957561439 8.634983508644261e-19
671.5652942406552 8.742351555996138e-19
671.6273927251664 8.818501564513764e-19
671.6894912096777 8.839329846767498e-19
671.751589694189 8.879811753426432e-19
671.8136881787002 8.842333261140168e-19
671.8757866632114 8.911987738712006e-19
671.9378851477227 8.894145842978588e-19
671.9999836322339 8.867806850739389e-19
672.0620821167452 8.950678694190354e-19
672.1241806012564 8.800949176200187e-19
672.1862790857676 9.111090165057296e-19
672.248377570279 9.128204893358041e-19
672.3104760547902 9.118634913400591e-19
672.3725745393015 9.035308357969506e-19
672.4346730238127 8.711994990246175e-19
672.496771508324 8.775940070763016e-19
672.5588699928352 8.95225514176814e-19
672.6209684773464 8.588367083842183e-19
672.6830669618577 8.82725771131918e-19
672.7451654463689 8.61946114790057e-19
672.8072639308803 8.68497925622686e-19
672.8693624153914 9.096082257850353e-19
672.9314608999027 8.912181300781674e-19
672.993559384414 8.833297792032847e-19
673.0556578689252 8.774986714078118e-19
673.1177563534364 9.188642192853002e-19
673.1798548379477 9.270374892742105e-19
673.2419533224589 8.985682962526182e-19
673.3040518069702 8.658017203249527e-19
673.3661502914815 8.808444926061152e-19
673.4282487759926 8.922698744454113e-19
673.490347260504 8.919049021301707e-19
673.5524457450152 8.889386496412328e-19
673.6145442295265 8.983136587450126e-19
673.6766427140377 8.978258563985255e-19
673.738741198549 8.848849124602839e-19
673.8008396830602 9.203318285548704e-19
673.8629381675714 9.143849938462842e-19
673.9250366520827 8.751255518278479e-19
673.9871351365939 8.663034707231738e-19
674.0492336211053 9.064099183604654e-19
674.1113321056165 9.14694232835786e-19
674.1734305901277 9.07055724778006e-19
674.235529074639 9.127308751556122e-19
674.2976275591502 8.746943090392426e-19
674.3597260436615 8.321711310400992e-19
674.4218245281727 1.3296881645068646e-17
674.4839230126839 -1.976046370093009e-16
674.5460214971952 5.000570501526757e-16
674.6081199817065 2.322185950153911e-15
674.6702184662176 1.4543887427506625e-15
674.732316950729 -2.987352712349483e-16
674.7944154352402 1.3152486497816608e-17
674.8565139197515 8.604342727832485e-19
674.9186124042627 8.802737371816834e-19
674.980710888774 9.11576376216872e-19
675.0428093732852 9.322005553499036e-19
675.1049078577964 9.233769293986967e-19
675.1670063423077 8.777208790733378e-19
675.2291048268189 8.341059432833561e-19
675.2912033113303 8.98123644089951e-19
675.3533017958415 9.431662204255169e-19
675.4154002803527 8.78102343826615e-19
675.477498764864 8.607301937844485e-19
675.5395972493752 8.841587933078378e-19
675.6016957338865 9.097110977120762e-19
675.6637942183977 8.647886106675764e-19
675.7258927029089 8.781505779584873e-19
675.7879911874202 9.192473012703503e-19
675.8500896719315 9.517670108917969e-19
675.9121881564427 9.17350017594087e-19
675.974286640954 9.332642843542607e-19
676.0363851254652 9.415575740949504e-19
676.0984836099765 9.20412780195204e-19
676.1605820944877 8.825209142533078e-19
676.222680578999 8.805264240515345e-19
676.2847790635102 8.861894820272291e-19
676.3468775480214 9.021126683153375e-19
676.4089760325328 9.163583458567084e-19
676.4710745170439 9.036923962603286e-19
676.5331730015553 9.25801491880055e-19
676.5952714860665 9.388023107642623e-19
676.6573699705777 9.262338585638577e-19
676.719468455089 9.038001790653147e-19
676.7815669396002 8.768425306202256e-19
676.8436654241115 8.780942425321039e-19
676.9057639086227 8.721281019009e-19
676.9678623931339 8.549136208412842e-19
677.0299608776452 9.015631954150452e-19
677.0920593621565 9.589784773830649e-19
677.1541578466678 9.758790919269772e-19
677.216256331179 9.680484116773433e-19
677.2783548156902 9.503381867200159e-19
677.3404533002015 9.826317224507847e-19
677.4025517847127 9.835970536664734e-19
677.464650269224 9.671842729880785e-19
677.5267487537352 9.543732918266839e-19
677.5888472382464 9.61305889371122e-19
677.6509457227578 9.308455847843442e-19
677.7130442072689 9.005366724615887e-19
677.7751426917803 8.916741288891495e-19
677.8372411762915 8.753807744838042e-19
677.8993396608028 8.909795795397755e-19
677.961438145314 8.718814031375852e-19
678.0235366298252 8.945567286062613e-19
678.0856351143365 8.71386659777166e-19
678.1477335988477 8.999108899414254e-19
678.209832083359 9.686904056858986e-19
678.2719305678702 9.733545650336927e-19
678.3340290523815 9.77042458503992e-19
678.3961275368928 1.1076567390928684e-18
678.458226021404 2.1253242285476097e-18
678.5203245059153 5.257303046174292e-18
678.5824229904265 9.762413441723599e-18
678.6445214749377 1.3267499660974074e-17
678.706619959449 1.5216722024000833e-17
678.7687184439602 1.6563200305321475e-17
678.8308169284714 1.7322251911514278e-17
678.8929154129828 1.766422227589757e-17
678.9550138974939 1.7086439711808716e-17
679.0171123820053 1.6138337830717568e-17
679.0792108665165 1.477286955028799e-17
679.1413093510278 1.268745056614009e-17
679.203407835539 9.063011216424319e-18
679.2655063200502 4.67722623903993e-18
679.3276048045615 1.8455619823752536e-18
679.3897032890727 9.989299263392996e-19
679.4518017735841 9.377437228742605e-19
679.5139002580952 8.986975157611955e-19
679.5759987426065 8.998741787858248e-19
679.6380972271178 8.915829943080613e-19
679.700195711629 8.512754600650066e-19
679.7622941961403 8.750670709880157e-19
679.8243926806515 8.946437110764016e-19
679.8864911651627 8.753733151120238e-19
679.948589649674 8.678352735989976e-19
680.0106881341852 8.761185840877588e-19
680.0727866186965 9.454768103126859e-19
680.1348851032078 9.307258713935254e-19
680.1969835877189 8.99438196772241e-19
680.2590820722303 9.189947583422314e-19
680.3211805567415 9.057345048217461e-19
680.3832790412528 8.686429080456834e-19
680.445377525764 8.406182031018177e-19
680.5074760102752 8.144846423024812e-19
680.5695744947865 8.654395426556367e-19
680.6316729792977 9.3233911184883e-19
680.6937714638091 9.605160673582076e-19
680.7558699483202 1.0248066220087432e-18
680.8179684328315 1.0504837448996078e-18
680.8800669173428 1.042198578669495e-18
680.942165401854 1.0867680329092105e-18
681.0042638863653 1.0977018244647128e-18
681.0663623708765 1.1227141965528292e-18
681.1284608553877 1.0829306556556913e-18
681.190559339899 1.0758046922593589e-18
681.2526578244102 1.0397486354579815e-18
681.3147563089215 9.979904045382344e-19
681.3768547934328 9.128255193984904e-19
681.438953277944 8.623717263900372e-19
681.5010517624553 8.507531652888279e-19
681.5631502469665 8.778882614996065e-19
681.6252487314778 8.553090553607872e-19
681.687347215989 8.724662155551194e-19
681.7494457005002 8.895612189883994e-19
681.8115441850115 8.854926232012877e-19
681.8736426695227 8.96642342066497e-19
681.9357411540341 9.087706824224418e-19
681.9978396385452 8.538195393272544e-19
682.0599381230566 8.352891690054923e-19
682.1220366075678 8.334473249890556e-19
682.184135092079 8.353818320957157e-19
682.2462335765903 8.533920159907462e-19
682.3083320611015 8.369064815462863e-19
682.3704305456127 8.453507383270986e-19
682.432529030124 8.928446570243305e-19
682.4946275146353 8.836774197422731e-19
682.5567259991465 8.71307971075144e-19
682.6188244836578 9.101476438535506e-19
682.680922968169 8.733815016435862e-19
682.7430214526803 8.355437236447972e-19
682.8051199371915 8.574815890106345e-19
682.8672184217028 8.592805158850141e-19
682.929316906214 8.73419115120777e-19
682.9914153907253 8.341627393818704e-19
683.0535138752365 8.296884610920979e-19
683.1156123597477 8.411789680628681e-19
683.1777108442591 7.97649528154981e-19
683.2398093287702 8.214726969638255e-19
683.3019078132816 8.1830020018576535e-19
683.3640062977928 7.9955031225670965e-19
683.426104782304 8.395621613563303e-19
683.4882032668153 8.565021794917774e-19
683.5503017513265 8.732805515342982e-19
683.6124002358378 8.857420859501028e-19
683.674498720349 9.085861957968024e-19
683.7365972048603 8.312916865690897e-19
683.7986956893715 8.634037998227998e-19
683.8607941738828 8.715444148930111e-19
683.9228926583941 8.571625555468682e-19
683.9849911429053 8.198227984962275e-19
684.0470896274165 8.389152533878482e-19
684.1091881119278 8.542820365435168e-19
684.171286596439 8.659329993847309e-19
684.2333850809503 8.700411939437687e-19
684.2954835654615 8.470227260639381e-19
684.3575820499727 8.539764108815035e-19
684.4196805344841 8.594821409516143e-19
684.4817790189953 8.669983659064199e-19
684.5438775035066 8.352438676850698e-19
684.6059759880178 8.443762777511333e-19
684.668074472529 9.195116598221322e-19
684.7301729570403 8.876905131882372e-19
684.7922714415515 8.270985154517567e-19
684.8543699260628 8.271476640947472e-19
684.916468410574 8.243291813406664e-19
684.9785668950854 8.31249210455469e-19
685.0406653795965 8.33946038351533e-19
685.1027638641078 8.428228040811867e-19
685.1648623486191 8.558553855348168e-19
685.2269608331303 8.640078853354911e-19
685.2890593176415 8.845904616728533e-19
685.3511578021528 8.287364241048886e-19
685.413256286664 8.280461577054664e-19
685.4753547711753 8.788881727145872e-19
685.5374532556866 8.630020090256294e-19
685.5995517401977 8.476488502375495e-19
685.6616502247091 8.646304887122031e-19
685.7237487092203 8.309084448787634e-19
685.7858471937316 7.808104415591528e-19
685.8479456782428 7.891279974993376e-19
685.910044162754 8.219479480374231e-19
685.9721426472653 8.289306624291541e-19
686.0342411317765 8.588011396780507e-19
686.0963396162878 8.745883508900636e-19
686.158438100799 8.184171285527727e-19
686.2205365853104 8.331260356672681e-19
686.2826350698215 8.559316380616081e-19
686.3447335543328 8.513412655088919e-19
686.4068320388441 8.607579310884099e-19
686.4689305233553 7.590018759387765e-19
686.5310290078666 7.637022821495936e-19
686.5931274923778 8.046954185214548e-19
686.655225976889 7.004482289130039e-19
686.7173244614003 6.941623263411571e-19
686.7794229459116 6.842597127974698e-19
686.8415214304227 6.202861398685331e-19
686.9036199149341 6.368700493766745e-19
686.9657183994453 6.182609049967604e-19
687.0278168839566 5.525237534442233e-19
687.0899153684678 5.592314763512813e-19
687.152013852979 5.864119867479117e-19
687.2141123374903 6.312466595261085e-19
687.2762108220015 6.6246029872607e-19
687.3383093065128 6.374610134994858e-19
687.400407791024 5.897359089408792e-19
687.4625062755354 6.0137552181000015e-19
687.5246047600466 6.372257715807898e-19
687.5867032445578 6.488632902114233e-19
687.6488017290691 6.804295137743265e-19
687.7109002135803 7.049668649246597e-19
687.7729986980916 7.07161371457398e-19
687.8350971826028 7.499518797332021e-19
687.897195667114 7.799106693006982e-19
687.9592941516253 7.962257176688472e-19
688.0213926361366 7.865871366462393e-19
688.0834911206477 7.751155889964535e-19
688.1455896051591 7.978835411119967e-19
688.2076880896703 8.160773947811753e-19
688.2697865741816 7.355911476401387e-19
688.3318850586928 7.289851162303603e-19
688.3939835432041 7.531596134870521e-19
688.4560820277153 7.868464150148141e-19
688.5181805122265 7.74320251619488e-19
688.5802789967379 7.357125719420896e-19
688.642377481249 7.070662725684981e-19
688.7044759657604 7.552026418602404e-19
688.7665744502716 7.255857648770993e-19
688.8286729347828 7.112158882038571e-19
688.8907714192941 7.206073938777093e-19
688.9528699038053 7.102558355475908e-19
689.0149683883166 7.299937109262989e-19
689.0770668728278 7.740135132876141e-19
689.139165357339 7.531839956687071e-19
689.2012638418503 7.389151684667606e-19
689.2633623263616 7.132418408110645e-19
689.3254608108728 7.063831580765781e-19
689.3875592953841 7.520546682439573e-19
689.4496577798953 7.801095115916997e-19
689.5117562644066 7.493329903432857e-19
689.5738547489178 7.276398704347681e-19
689.6359532334291 7.242908830070825e-19
689.6980517179403 7.117482718266755e-19
689.7601502024515 7.315760681854461e-19
689.8222486869629 7.211589910428073e-19
689.884347171474 7.502813112497005e-19
689.9464456559854 7.681976745089606e-19
690.0085441404966 7.557106324892329e-19
690.0706426250078 7.449746315716665e-19
690.1327411095191 7.477282068975521e-19
690.1948395940303 7.4993524032621825e-19
690.2569380785416 7.103000962077628e-19
690.3190365630528 6.909928954782179e-19
690.381135047564 7.19742762532873e-19
690.4432335320753 7.882062503872765e-19
690.5053320165866 8.551698166239287e-19
690.5674305010979 8.737607046556835e-19
690.6295289856091 9.195320346583774e-19
690.6916274701204 9.54224954603542e-19
690.7537259546316 9.171300442080612e-19
690.8158244391428 9.193682831065316e-19
690.8779229236541 9.52970071851527e-19
690.9400214081653 9.209323299166473e-19
691.0021198926765 8.617920098311289e-19
691.0642183771879 8.593081722947291e-19
691.126316861699 8.586557723723584e-19
691.1884153462104 7.95066735475772e-19
691.2505138307216 7.497203207331634e-19
691.3126123152329 7.697874816666183e-19
691.3747107997441 7.668641321392622e-19
691.4368092842553 7.952236257643348e-19
691.4989077687666 7.798700008738906e-19
691.5610062532778 8.248685987148313e-19
691.6231047377892 7.817842392523119e-19
691.6852032223003 7.858350490680256e-19
691.7473017068116 7.888683702179206e-19
691.8094001913229 7.804222341254087e-19
691.8714986758341 7.416461219790627e-19
691.9335971603454 7.837583123973249e-19
691.9956956448566 7.820200365198352e-19
692.0577941293678 7.262365850701067e-19
692.1198926138791 7.461317143562106e-19
692.1819910983903 7.997328687485416e-19
692.2440895829016 8.465856700629777e-19
692.3061880674129 8.004865869528564e-19
692.368286551924 8.071215121572284e-19
692.4303850364354 8.249507459103417e-19
692.4924835209466 8.243960255777742e-19
692.5545820054579 8.316717567632472e-19
692.6166804899691 7.984173263686573e-19
692.6787789744803 7.958004768141053e-19
692.7408774589916 7.759773410778985e-19
692.8029759435028 7.501281191580394e-19
692.8650744280142 7.955379607110075e-19
692.9271729125253 7.907387970808199e-19
692.9892713970366 7.408903019151921e-19
693.0513698815479 7.505195343508435e-19
693.1134683660591 7.650597825386973e-19
693.1755668505704 7.849992711468408e-19
693.2376653350816 7.826405331201689e-19
693.2997638195928 8.105589250511432e-19
693.3618623041041 8.19790955580532e-19
693.4239607886153 7.939242757706839e-19
693.4860592731266 7.740460242928332e-19
693.5481577576379 7.968486973069664e-19
693.6102562421491 7.865138023567268e-19
693.6723547266604 7.839170036476596e-19
693.7344532111716 7.896245427735001e-19
693.7965516956829 7.704202404036323e-19
693.8586501801941 7.509602833915624e-19
693.9207486647053 7.46953400541404e-19
693.9828471492166 7.660119417148765e-19
694.0449456337278 7.733736306266175e-19
694.1070441182392 8.038350915351419e-19
694.1691426027503 7.764843725054094e-19
694.2312410872617 7.635327456850181e-19
694.2933395717729 7.812702503843352e-19
694.3554380562841 8.55973592764502e-19
694.4175365407954 9.271744990763834e-19
694.4796350253066 1.1350132611135555e-18
694.5417335098178 1.225310490561474e-18
694.6038319943291 1.2615137855323469e-18
694.6659304788403 1.2846371121878172e-18
694.7280289633516 1.2659180334443944e-18
694.7901274478629 1.262804685408631e-18
694.8522259323742 1.263201507596464e-18
694.9143244168854 1.2390870220222491e-18
694.9764229013966 1.2173947470712176e-18
695.0385213859079 1.1290007281668918e-18
695.1006198704191 9.74727800467491e-19
695.1627183549303 8.859501848343274e-19
695.2248168394416 8.582717744324772e-19
695.2869153239528 8.204629238576727e-19
695.3490138084642 7.662753397337589e-19
695.4111122929753 7.727123294539481e-19
695.4732107774867 8.186529778411893e-19
695.5353092619979 8.010356378490148e-19
695.5974077465091 8.251434933552547e-19
695.6595062310204 8.472401213260965e-19
695.7216047155316 7.583139368660398e-19
695.7837032000429 7.226677539442671e-19
695.8458016845541 7.789509064967439e-19
695.9079001690654 8.996656017614862e-19
695.9699986535766 9.96201719179527e-19
696.0320971380879 1.0696247465828344e-18
696.0941956225992 1.1198423248694658e-18
696.1562941071104 1.1918806551718365e-18
696.2183925916216 1.2040398147138049e-18
696.2804910761329 1.1818456424206594e-18
696.3425895606441 1.185543944183608e-18
696.4046880451554 1.2098842695557519e-18
696.4667865296666 1.1290678963145842e-18
696.5288850141778 1.0837357088865292e-18
696.5909834986892 1.0280214121097031e-18
696.6530819832004 8.78163614550168e-19
696.7151804677117 7.843099186510099e-19
696.7772789522229 7.881462467396068e-19
696.8393774367341 7.762676843663346e-19
696.9014759212454 7.741263203220134e-19
696.9635744057566 7.546152518190672e-19
697.0256728902679 8.108059779842347e-19
697.0877713747791 7.974698717504066e-19
697.1498698592904 7.733369036209773e-19
697.2119683438016 7.947712466914147e-19
697.2740668283129 8.307505430279467e-19
697.3361653128242 8.160013810359857e-19
697.3982637973354 7.788615376487998e-19
697.4603622818466 7.8909820813015945e-19
697.5224607663579 7.895872394592229e-19
697.5845592508691 7.828472759929537e-19
697.6466577353804 8.037960482267404e-19
697.7087562198916 7.910309923585143e-19
697.7708547044028 7.3809968591173e-19
697.8329531889142 7.481863111253851e-19
697.8950516734254 8.034423359605682e-19
697.9571501579367 8.576330588793592e-19
698.0192486424479 8.425254429267635e-19
698.0813471269591 8.301374222886457e-19
698.1434456114704 8.475760990758043e-19
698.2055440959816 7.947096185099767e-19
698.2676425804929 7.447740368858917e-19
698.3297410650041 7.662405023319535e-19
698.3918395495155 7.84151706774965e-19
698.4539380340266 7.957005959621767e-19
698.5160365185379 7.877974416550248e-19
698.5781350030492 7.690857374299922e-19
698.6402334875604 7.435142549191026e-19
698.7023319720716 7.537255167825398e-19
698.7644304565829 8.404026818776485e-19
698.8265289410941 7.458944782265595e-19
698.8886274256054 7.411035507217607e-19
698.9507259101167 7.680463060590111e-19
699.0128243946278 7.848541078389367e-19
699.0749228791392 7.955847777131198e-19
699.1370213636504 8.311747060231909e-19
699.1991198481617 8.239170371201598e-19
699.2612183326729 8.106867536554499e-19
699.3233168171841 7.510089449747364e-19
699.3854153016954 7.761546909511229e-19
699.4475137862066 7.99394448869587e-19
699.5096122707179 7.58809229365467e-19
699.5717107552291 7.842694796198898e-19
699.6338092397405 7.63192877916479e-19
699.6959077242517 7.590031338237219e-19
699.7580062087629 7.937103488934156e-19
699.8201046932742 8.154543495642198e-19
699.8822031777854 8.221640249814068e-19
699.9443016622967 7.781607725409489e-19
700.0064001468079 8.035259353238235e-19
700.0684986313191 8.090743194345973e-19
700.1305971158304 7.804255427856448e-19
700.1926956003417 7.951135318028163e-19
700.2547940848528 8.224700968589209e-19
700.3168925693642 7.832500132580079e-19
700.3789910538754 7.625150789315401e-19
700.4410895383867 7.520345415926481e-19
700.5031880228979 7.486644535699378e-19
700.5652865074092 7.860928745505422e-19
700.6273849919204 7.900117391485885e-19
700.6894834764316 7.5870630444601525e-19
700.7515819609429 7.488076160702746e-19
700.8136804454541 7.873669005532886e-19
700.8757789299655 8.22979007198551e-19
700.9378774144767 8.210429084022218e-19
700.9999758989879 7.986133261577072e-19
701.0620743834992 8.087492174993096e-19
701.1241728680104 7.944970044223551e-19
701.1862713525217 7.705928645290687e-19
701.2483698370329 7.389455598473977e-19
701.3104683215441 7.653734165478548e-19
701.3725668060554 7.506932130288955e-19
701.4346652905667 7.77175540143525e-19
701.4967637750779 8.163293848978124e-19
701.5588622595892 7.373498028917337e-19
701.6209607441004 7.893081554776021e-19
701.6830592286117 8.078814096188874e-19
701.7451577131229 7.845472286251353e-19
701.8072561976342 8.086729791303241e-19
701.8693546821454 7.848190051419276e-19
701.9314531666566 7.89274216055137e-19
701.993551651168 7.876082932844749e-19
702.0556501356791 7.821553796587972e-19
702.1177486201905 7.520449222883607e-19
702.1798471047017 7.512306801776631e-19
702.241945589213 7.836158350637198e-19
702.3040440737242 7.550333171838912e-19
702.3661425582354 7.505373474156475e-19
702.4282410427467 7.908899934472838e-19
702.4903395272579 7.847630449134646e-19
702.5524380117691 7.5196790350202205e-19
702.6145364962804 7.893474819195511e-19
702.6766349807917 7.954292148199573e-19
702.7387334653029 7.336940241602387e-19
702.8008319498142 7.504543083810769e-19
702.8629304343254 7.903188436768141e-19
702.9250289188367 7.887065712354865e-19
702.9871274033479 7.704344420167379e-19
703.0492258878592 7.878710085336324e-19
703.1113243723704 7.876361143432807e-19
703.1734228568816 7.549591688101796e-19
703.235521341393 7.653526535484056e-19
703.2976198259041 7.763291393229958e-19
703.3597183104155 7.626600889597925e-19
703.4218167949267 7.950296748646846e-19
703.483915279438 7.951240989975756e-19
703.5460137639492 7.644129803066034e-19
703.6081122484604 7.674024089050331e-19
703.6702107329717 7.977153377513822e-19
703.7323092174829 7.381527870297666e-19
703.7944077019941 7.587212146378526e-19
703.8565061865054 7.467697290019647e-19
703.9186046710167 7.966934374981719e-19
703.980703155528 7.700043004098085e-19
704.0428016400392 7.667224242738144e-19
704.1049001245505 7.4837473077790625e-19
704.1669986090617 7.52163686711589e-19
704.2290970935729 8.149635731006957e-19
704.2911955780842 7.586494159856633e-19
704.3532940625954 7.706662954357982e-19
704.4153925471066 7.734477919864991e-19
704.477491031618 7.351988807497049e-19
704.5395895161291 7.985327070524677e-19
704.6016880006405 7.95966241962318e-19
704.6637864851517 7.686106233531318e-19
704.725884969663 7.514501729478015e-19
704.7879834541742 7.424495459872626e-19
704.8500819386854 7.842988506761997e-19
704.9121804231967 8.198809529112799e-19
704.9742789077079 8.11840616455787e-19
705.0363773922193 7.984011821241727e-19
705.0984758767304 7.575096277294092e-19
705.1605743612417 7.820580784542795e-19
705.222672845753 8.1732051271633185e-19
705.2847713302642 7.364749320605724e-19
705.3468698147755 7.18496067687207e-19
705.4089682992867 7.595103505574011e-19
705.4710667837979 7.655413522271522e-19
705.5331652683092 7.727749989870873e-19
705.5952637528204 7.420802993757515e-19
705.6573622373317 7.270356089729566e-19
705.719460721843 7.569530492402527e-19
705.7815592063541 7.476927671909366e-19
705.8436576908655 7.64071402577525e-19
705.9057561753767 7.79773725150804e-19
705.967854659888 7.756383971216763e-19
706.0299531443992 8.084609852291635e-19
706.0920516289104 7.836697517206263e-19
706.1541501134217 7.838166721327793e-19
706.2162485979329 7.968054848423221e-19
706.2783470824443 7.911899888010327e-19
706.3404455669554 7.5023175161460295e-19
706.4025440514667 7.6333190660596105e-19
706.464642535978 7.673586295869547e-19
706.5267410204892 7.537634219852816e-19
706.5888395050005 7.9069018244797215e-19
706.6509379895117 7.872374745091621e-19
706.7130364740229 7.828067164750541e-19
706.7751349585342 7.709587977379777e-19
706.8372334430454 7.809420517996868e-19
706.8993319275567 7.911638700265014e-19
706.961430412068 8.153474248558583e-19
707.0235288965793 7.612997026442626e-19
707.0856273810905 8.065999581556132e-19
707.1477258656017 7.824995255538962e-19
707.209824350113 7.540596548927689e-19
707.2719228346242 7.619740824713222e-19
707.3340213191354 7.363407084922478e-19
707.3961198036467 7.128994071712777e-19
707.4582182881579 7.375421248909252e-19
707.5203167726693 7.25704922133634e-19
707.5824152571804 7.276147125638857e-19
707.6445137416918 7.365035184844082e-19
707.706612226203 7.569984803507595e-19
707.7687107107142 7.773182944468935e-19
707.8308091952255 7.907199895032382e-19
707.8929076797367 8.036451758159599e-19
707.955006164248 7.792073427611566e-19
708.0171046487592 7.6277949557038625e-19
708.0792031332705 7.943480038973906e-19
708.1413016177817 7.6715475413371385e-19
708.203400102293 7.450537912370798e-19
708.2654985868043 7.360289490299427e-19
708.3275970713155 7.656525243689784e-19
708.3896955558267 7.632123415108151e-19
708.451794040338 7.366435179976919e-19
708.5138925248492 7.79114593140434e-19
708.5759910093605 7.916556983127335e-19
708.6380894938717 7.722121102591423e-19
708.7001879783829 7.920106706090431e-19
708.7622864628943 8.132689164408687e-19
708.8243849474054 7.575670646911533e-19
708.8864834319168 7.86439297121264e-19
708.948581916428 8.028259882776237e-19
709.0106804009392 7.690468876890477e-19
709.0727788854505 7.636681734748536e-19
709.1348773699617 7.683163080161208e-19
709.196975854473 7.427198468201076e-19
709.2590743389842 7.638384655369892e-19
709.3211728234955 7.782385624730358e-19
709.3832713080067 7.508805789072506e-19
709.445369792518 7.568194194546366e-19
709.5074682770293 7.737047279310042e-19
709.5695667615405 7.775056546951958e-19
709.6316652460517 7.904571829427271e-19
709.693763730563 7.864816950707388e-19
709.7558622150742 7.697522941271056e-19
709.8179606995855 7.745974469351493e-19
709.8800591840967 7.932242181531496e-19
709.9421576686079 7.604622102921988e-19
710.0042561531193 7.002928833791076e-19
710.0663546376305 7.603361618595425e-19
710.1284531221418 7.538281544988885e-19
710.190551606653 6.771846406623546e-19
710.2526500911642 7.302616679475209e-19
710.3147485756755 7.853523691798126e-19
710.3768470601867 7.779394735084295e-19
710.438945544698 7.760512791849551e-19
710.5010440292092 7.868447994337407e-19
710.5631425137205 7.689555043575453e-19
710.6252409982317 7.770147712259167e-19
710.687339482743 8.034153324677203e-19
710.7494379672543 7.4797877456142e-19
710.8115364517655 7.366685046478125e-19
710.8736349362767 7.377730217895086e-19
710.935733420788 7.304434746656954e-19
710.9978319052992 7.782325631818686e-19
711.0599303898105 8.009361074491208e-19
711.1220288743218 7.721027101408976e-19
711.1841273588329 7.531679738776535e-19
711.2462258433443 7.321956740385369e-19
711.3083243278555 7.236001925762799e-19
711.3704228123668 7.92545324217546e-19
711.432521296878 7.231052638660906e-19
711.4946197813892 7.27891005358564e-19
711.5567182659005 7.825671042136651e-19
711.6188167504117 8.157379794144232e-19
711.680915234923 7.7308118746812325e-19
711.7430137194342 7.127505672970451e-19
711.8051122039456 7.428145763222538e-19
711.8672106884567 7.897084301104736e-19
711.929309172968 7.379898911159404e-19
711.9914076574793 7.445217662330041e-19
712.0535061419905 7.595280374403237e-19
712.1156046265017 7.622310065200607e-19
712.177703111013 7.42230488923503e-19
712.2398015955242 7.410783876503234e-19
712.3019000800355 7.860299023769379e-19
712.3639985645468 7.807568154144776e-19
712.426097049058 7.8536022093962865e-19
712.4881955335693 8.188138688122246e-19
712.5502940180805 7.793199169570041e-19
712.6123925025918 7.708218686811327e-19
712.674490987103 7.945611236948565e-19
712.7365894716143 7.94136281455096e-19
712.7986879561255 7.647441173834215e-19
712.8607864406367 7.398413660000316e-19
712.922884925148 7.464020239781263e-19
712.9849834096592 7.848808612797802e-19
713.0470818941706 7.944627281717216e-19
713.1091803786818 7.821993004693156e-19
713.171278863193 7.357333282698009e-19
713.2333773477043 7.515339793000594e-19
713.2954758322155 7.823879196318982e-19
713.3575743167268 7.622581108395442e-19
713.419672801238 7.462849581984746e-19
713.4817712857492 7.652123721888641e-19
713.5438697702605 7.784209366462748e-19
713.6059682547718 7.707101930894029e-19
713.668066739283 6.91951061078106e-19
713.7301652237943 7.210661734365783e-19
713.7922637083055 7.7994414078573545e-19
713.8543621928168 7.574725455956709e-19
713.916460677328 7.579754710534401e-19
713.9785591618393 7.577474489907499e-19
714.0406576463505 7.697050536999988e-19
714.1027561308617 7.624448439187736e-19
714.1648546153731 7.422521605739914e-19
714.2269530998842 7.337287464921622e-19
714.2890515843956 7.474301301809951e-19
714.3511500689068 7.391046787535658e-19
714.413248553418 7.202391330736105e-19
714.4753470379293 7.196261714527074e-19
714.5374455224405 7.706780332449459e-19
714.5995440069518 7.550777409969795e-19
714.661642491463 7.245411979210259e-19
714.7237409759742 7.115768750194356e-19
714.7858394604855 7.576953854919602e-19
714.8479379449968 7.941955642697037e-19
714.910036429508 7.499392373068504e-19
714.9721349140193 7.263345747175383e-19
715.0342333985305 7.078491005146272e-19
715.0963318830418 7.05326026494329e-19
715.158430367553 7.744657830705102e-19
715.2205288520643 7.751428124034095e-19
715.2826273365755 7.572152417495897e-19
715.3447258210867 7.490536435116495e-19
715.4068243055981 7.413651710369519e-19
715.4689227901092 7.299075953803333e-19
715.5310212746206 7.238057270428431e-19
715.5931197591318 7.591058933888138e-19
715.655218243643 7.37571273057943e-19
715.7173167281543 7.37315603590297e-19
715.7794152126655 7.822455949099042e-19
715.8415136971768 7.652464879887715e-19
715.903612181688 7.544987561302532e-19
715.9657106661992 7.421806970053945e-19
716.0278091507105 7.494060745655266e-19
716.0899076352218 7.590127013567922e-19
716.1520061197331 7.462622648526384e-19
716.2141046042443 7.630864006262452e-19
716.2762030887556 7.955955691984935e-19
716.3383015732668 7.36042718032864e-19
716.400400057778 7.12576277243447e-19
716.4624985422893 7.323158864295577e-19
716.5245970268005 7.55368886082086e-19
716.5866955113117 7.335978254066451e-19
716.6487939958231 7.022978110742644e-19
716.7108924803342 7.244558059756839e-19
716.7729909648456 7.405806465500792e-19
716.8350894493568 7.381867618516357e-19
716.897187933868 7.270849597787969e-19
716.9592864183793 7.286213576495483e-19
717.0213849028905 7.282804471531265e-19
717.0834833874018 7.109614007677226e-19
717.145581871913 7.095757531667973e-19
717.2076803564242 7.34879194757617e-19
717.2697788409355 7.239399342124438e-19
717.3318773254468 7.050751471814741e-19
717.3939758099581 6.695886102651848e-19
717.4560742944693 6.66970840627567e-19
717.5181727789806 7.125508906116469e-19
717.5802712634918 7.129406903658361e-19
717.642369748003 6.915037196128619e-19
717.7044682325143 6.949672206656466e-19
717.7665667170255 7.252498712713493e-19
717.8286652015368 7.274015349819601e-19
717.8907636860481 6.697232388595728e-19
717.9528621705592 6.8903382155045e-19
718.0149606550706 7.159564862557062e-19
718.0770591395818 6.840028681992523e-19
718.1391576240931 6.6960675700616785e-19
718.2012561086043 6.331690460780135e-19
718.2633545931155 6.686389432043751e-19
718.3254530776268 6.896140083686696e-19
718.387551562138 6.848885479107598e-19
718.4496500466494 7.224634085150826e-19
718.5117485311605 7.467416868339207e-19
718.5738470156718 7.305809849874457e-19
718.6359455001831 6.962255229856875e-19
718.6980439846943 6.766578854496642e-19
718.7601424692056 6.871917584365756e-19
718.8222409537168 6.964048312528944e-19
718.884339438228 6.922896487527005e-19
718.9464379227393 6.90477325883005e-19
719.0085364072505 7.075797796063632e-19
719.0706348917618 7.091662854763901e-19
719.1327333762731 6.405185854231217e-19
719.1948318607843 6.005120739338293e-19
719.2569303452956 6.455245896120244e-19
719.3190288298068 6.642229522265744e-19
719.3811273143181 6.763935538163215e-19
719.4432257988293 6.809690749068077e-19
719.5053242833405 7.263340301811812e-19
719.5674227678518 7.4094411509383e-19
719.629521252363 7.150205286714328e-19
719.6916197368744 7.316567035936354e-19
719.7537182213855 7.000408155672136e-19
719.8158167058969 6.765704019796075e-19
719.8779151904081 6.880269883421029e-19
719.9400136749193 7.244239882697733e-19
720.0021121594306 7.144968378304211e-19
720.0642106439418 7.038188141161921e-19
720.126309128453 7.224987869115034e-19
720.1884076129643 7.090389987638276e-19
720.2505060974755 7.774183064171505e-19
720.3126045819868 7.968134718375789e-19
720.3747030664981 7.522126458011921e-19
720.4368015510094 7.039037716998586e-19
720.4989000355206 7.340439750338885e-19
720.5609985200318 7.473047397994436e-19
720.6230970045431 6.709252746756748e-19
720.6851954890543 6.450492190251424e-19
720.7472939735655 6.96745475420445e-19
720.8093924580768 7.154889719437687e-19
720.871490942588 6.886265767371755e-19
720.9335894270994 6.69822815522545e-19
720.9956879116105 6.778937874839433e-19
721.0577863961219 7.1121588842537065e-19
721.1198848806331 7.45388746430202e-19
721.1819833651443 7.778072254295784e-19
721.2440818496556 8.00285979591688e-19
721.3061803341668 7.939941116094902e-19
721.368278818678 7.8549528733089945e-19
721.4303773031893 7.736602542174971e-19
721.4924757877006 7.508395613954389e-19
721.5545742722118 7.261417774552491e-19
721.6166727567231 7.063547957325381e-19
721.6787712412344 7.142049914318135e-19
721.7408697257456 7.210847386095445e-19
721.8029682102568 7.508606472081493e-19
721.8650666947681 7.278032448478796e-19
721.9271651792793 7.050752606059414e-19
721.9892636637906 7.260028946550109e-19
722.0513621483018 7.397599969077677e-19
722.113460632813 8.169710922203822e-19
722.1755591173244 8.296760884954865e-19
722.2376576018356 7.867368866025665e-19
722.2997560863469 7.729668499951673e-19
722.3618545708581 7.390012834619175e-19
722.4239530553693 7.692081454751658e-19
722.4860515398806 7.759458616139422e-19
722.5481500243918 7.937053759082264e-19
722.610248508903 7.610907401818745e-19
722.6723469934143 7.454353792201182e-19
722.7344454779256 7.412771850790639e-19
722.7965439624368 7.094951985077366e-19
722.8586424469481 7.392689482632919e-19
722.9207409314594 7.40117534046748e-19
722.9828394159706 7.515819555680551e-19
723.0449379004818 7.660497471705588e-19
723.1070363849931 7.60153059502853e-19
723.1691348695043 7.510079898364659e-19
723.2312333540156 6.831401111641856e-19
723.2933318385268 6.756591015231062e-19
723.355430323038 7.17995980768595e-19
723.4175288075494 7.236725000068909e-19
723.4796272920606 7.066890959031541e-19
723.5417257765719 6.63090335583819e-19
723.6038242610831 6.262599147475553e-19
723.6659227455943 6.605167948689576e-19
723.7280212301056 7.257377801507546e-19
723.7901197146168 7.446428775910094e-19
723.8522181991281 7.370903269878754e-19
723.9143166836393 7.386348446899796e-19
723.9764151681507 7.500082954336802e-19
724.0385136526618 7.45313224162097e-19
724.1006121371731 6.861368423152508e-19
724.1627106216844 6.620681175932578e-19
724.2248091061956 7.079082961635024e-19
724.2869075907068 7.374818088182733e-19
724.3490060752181 6.836815488498414e-19
724.4111045597293 6.765973056643562e-19
724.4732030442406 6.8567129645915635e-19
724.5353015287519 6.715937475394343e-19
724.597400013263 6.872241389551763e-19
724.6594984977744 7.389244618895956e-19
724.7215969822856 7.661907322800803e-19
724.7836954667969 7.652345025524567e-19
724.8457939513081 8.161545989154373e-19
724.9078924358193 8.116313685000039e-19
724.9699909203306 7.668120077261612e-19
725.0320894048418 7.620193857939109e-19
725.0941878893531 6.838760301815087e-19
725.1562863738643 6.474868790217997e-19
725.2183848583757 7.2318314957490585e-19
725.2804833428868 7.020296522740037e-19
725.3425818273981 6.843519799639689e-19
725.4046803119094 7.427627689864367e-19
725.4667787964206 7.4339822645039445e-19
725.5288772809319 7.149105058977374e-19
725.5909757654431 7.4759207759805335e-19
725.6530742499543 7.592996060094672e-19
725.7151727344656 7.428912606451723e-19
725.7772712189769 7.503474549862333e-19
725.839369703488 7.600541159485418e-19
725.9014681879994 7.515436772553077e-19
725.9635666725106 7.635098150371151e-19
726.0256651570219 7.5061786510636e-19
726.0877636415331 0.0
