# Wavelength in nm, Data in W / (nm m2)
wavelength data
328.83065735004993 1.2171776671918755e-18
328.8927279259477 9.329727526025937e-19
328.95479850184546 5.516651754590276e-19
329.01686907774325 1.314010956295225e-18
329.078939653641 2.630908444152001e-18
329.1410102295388 9.54236024528974e-19
329.20308080543657 1.440878900838188e-18
329.2651513813343 -2.534545369101953e-17
329.32722195723204 9.503912148021998e-17
329.38929253312983 2.7383757872194315e-16
329.4513631090276 5.873010158365376e-16
329.5134336849254 8.068565519283026e-16
329.57550426082315 3.2395123250179554e-16
329.6375748367209 -1.5173519991113334e-17
329.6996454126187 -1.0814569334408386e-17
329.76171598851647 8.3782804129659085e-19
329.82378656441426 5.701229772928753e-19
329.885857140312 1.7831267285526475e-18
329.94792771620973 1.364913200279e-18
330.0099982921075 -6.807340958313937e-19
330.0720688680053 7.322599910821241e-19
330.1341394439031 2.612897171769674e-18
330.19621001980084 1.3816641028150145e-18
330.2582805956986 1.4389385790047821e-18
330.32035117159637 1.8312571088450184e-18
330.38242174749416 1.0585036741655795e-18
330.44449232339196 2.4429523811045704e-18
330.5065628992897 1.9713067001664154e-18
330.5686334751874 1.5130934211987149e-18
330.6307040510852 8.801843770518044e-19
330.692774626983 7.959469455705635e-19
330.75484520288074 5.420915666830948e-19
330.81691577877854 1.767435590491677e-18
330.8789863546763 2.258445549703892e-18
330.94105693057406 1.362535400288701e-18
331.00312750647186 1.6925863616351941e-18
331.0651980823696 3.2489856504176678e-18
331.1272686582673 5.532926272257227e-19
331.1893392341651 -3.084439105386611e-18
331.2514098100629 -2.310952681283156e-19
331.3134803859607 3.8514182279485506e-18
331.37555096185844 1.5206015995291907e-18
331.4376215377562 1.0543116029871041e-18
331.49969211365396 2.7451367970119167e-18
331.56176268955176 2.7927617669351635e-18
331.62383326544955 2.1974133285114814e-18
331.6859038413473 1.5373769410638286e-18
331.747974417245 1.1222298666326118e-18
331.8100449931428 2.3265295234784224e-18
331.8721155690406 4.8730192819064766e-18
331.9341861449384 4.924465517055539e-18
331.99625672083613 4.368114968561808e-18
332.05832729673386 3.120565212112649e-18
332.12039787263166 3.737123738659326e-18
332.18246844852945 1.5286802062100034e-18
332.2445390244272 2.0999297358628195e-18
332.306609600325 7.942088426062695e-18
332.3686801762227 5.0702543783600656e-18
332.4307507521205 4.493645841516834e-18
332.4928213280183 5.775156511456364e-18
332.55489190391603 3.862209617497938e-18
332.61696247981376 6.618838561243563e-18
332.67903305571156 6.587610268370637e-18
332.74110363160935 9.560945349997277e-19
332.80317420750714 5.194294634279918e-19
332.8652447834049 4.6165699817574334e-18
332.9273153593026 4.575852875468315e-18
332.9893859352004 2.640191421841289e-18
333.0514565110982 3.633788601819645e-18
333.113527086996 2.838138004574242e-18
333.1755976628937 2.38493122132314e-18
333.23766823879146 3.0821635607703387e-18
333.29973881468925 1.9106419437908582e-18
333.36180939058704 1.0873890037991407e-18
333.42387996648483 -1.9001826782753467e-19
333.48595054238257 6.0173720847332206e-18
333.5480211182803 -1.4481069119869663e-18
333.6100916941781 -2.308159239870094e-18
333.6721622700759 1.84041251014765e-18
333.7342328459736 3.308393548243775e-18
333.7963034218714 4.901763561907118e-18
333.85837399776915 3.45031760748473e-18
333.92044457366694 3.379249123668639e-18
333.98251514956473 2.9473197766095206e-18
334.04458572546247 3.2613657741845394e-18
334.10665630136026 4.776643613059834e-19
334.168726877258 7.278876771540453e-18
334.2307974531558 9.82278868685725e-18
334.2928680290536 -1.674320732127507e-18
334.3549386049513 8.856831998975136e-20
334.41700918084905 9.3844838841553e-18
334.47907975674684 1.0824667812559166e-17
334.54115033264463 5.9235782585203195e-18
334.6032209085424 8.306920878478704e-18
334.66529148444016 1.4838098515674962e-17
334.7273620603379 1.4941448654494552e-17
334.7894326362357 5.331723183921977e-18
334.8515032121335 9.08226222186643e-19
334.9135737880313 -1.3698340111303667e-18
334.975644363929 -1.1166959944480061e-19
335.03771493982674 1.3841629980813865e-17
335.09978551572453 1.1466843616691541e-17
335.1618560916223 -1.3579878404408634e-19
335.2239266675201 7.830093031927182e-18
335.28599724341785 9.121690286788943e-18
335.3480678193156 1.4994710115763625e-17
335.4101383952134 1.249607604016975e-17
335.4722089711112 3.8328653120888e-18
335.5342795470089 3.685009043114705e-18
335.5963501229067 7.957783804134303e-18
335.65842069880443 1.1437625631165022e-17
335.7204912747022 1.3024114190284029e-17
335.7825618506 5.7945164896055226e-18
335.84463242649775 -3.710330610547803e-18
335.9067030023955 3.0225594011108483e-19
335.9687735782933 7.07340723229332e-18
336.0308441541911 8.620612956389472e-18
336.09291473008886 7.82342890297133e-18
336.1549853059866 4.979044388911267e-18
336.21705588188433 1.8891709351114896e-18
336.2791264577821 8.953491965802102e-18
336.3411970336799 9.051838443890241e-18
336.4032676095777 6.049138351574225e-19
336.46533818547545 7.535433698909548e-18
336.5274087613732 6.355901735956129e-18
336.589479337271 4.642791828623251e-18
336.65154991316876 9.336975519512899e-18
336.71362048906656 7.790713949968867e-18
336.7756910649643 9.505015749243631e-18
336.837761640862 1.8961702979684668e-17
336.8998322167598 1.9775809520340806e-17
336.9619027926576 1.075856123362968e-17
337.02397336855535 4.230818192399954e-18
337.08604394445314 -7.613550173974559e-18
337.1481145203509 2.7528409444058852e-18
337.21018509624867 -3.847332624459983e-18
337.27225567214646 5.512972259420898e-18
337.3343262480442 2.0397816366525222e-17
337.3963968239419 2.291471581491443e-17
337.4584673998397 1.9571954046359323e-17
337.5205379757375 1.73442308341442e-17
337.5826085516353 1.6663270070016273e-17
337.64467912753304 8.21142600621662e-18
337.7067497034308 1.6751258464946245e-17
337.76882027932857 1.1352868689131237e-17
337.83089085522636 7.56906806857629e-18
337.89296143112415 7.167959859915151e-18
337.9550320070219 8.822262132823806e-18
338.0171025829196 2.6670755402420563e-17
338.0791731588174 2.6137522806481312e-17
338.1412437347152 1.7760753111730824e-17
338.203314310613 1.5778527967794043e-17
338.26538488651073 1.823322056292107e-17
338.32745546240847 1.704675861517551e-17
338.38952603830626 1.830701807919586e-17
338.45159661420405 1.1493890592384115e-17
338.51366719010184 1.0398922447961394e-17
338.5757377659996 1.7096078188793065e-17
338.6378083418973 2.0450981240927804e-17
338.6998789177951 1.5774552533666083e-17
338.7619494936929 1.397980196905777e-17
338.82402006959063 -3.4329760993371465e-18
338.8860906454884 2.511613675484305e-17
338.94816122138616 2.784802107673292e-17
339.01023179728395 1.719537242657339e-17
339.07230237318174 2.4611411251503356e-17
339.1343729490795 1.3784862974755019e-17
339.1964435249772 1.322911857973343e-17
339.258514100875 1.8521036797093405e-17
339.3205846767728 2.1130703601077603e-17
339.3826552526706 1.8927354433819486e-17
339.4447258285683 1.6396010569075086e-17
339.50679640446606 1.0263705979996699e-17
339.56886698036385 2.1355914133320425e-17
339.63093755626164 1.548555020461501e-17
339.69300813215943 9.165360997853096e-18
339.75507870805717 8.00160126469095e-18
339.8171492839549 1.2731863140911092e-17
339.8792198598527 4.620606710198322e-19
339.9412904357505 6.8375391081781386e-18
340.0033610116483 2.9870960421349726e-17
340.065431587546 1.919225470191502e-17
340.12750216344375 7.622353393406297e-18
340.18957273934154 9.263604557031535e-18
340.25164331523933 1.8593925093551455e-17
340.31371389113707 3.2089495276273103e-17
340.37578446703486 3.342170922753724e-17
340.4378550429326 1.9343267826470678e-17
340.4999256188304 2.1804078708637706e-17
340.5619961947282 1.4808894682398707e-17
340.6240667706259 1.2121677349538612e-17
340.68613734652365 1.0822300966752438e-17
340.74820792242144 2.3251366149822122e-17
340.81027849831924 9.273068110366174e-18
340.872349074217 1.454926419673346e-17
340.93441965011476 2.3770875402515958e-17
340.9964902260125 1.1931049272015658e-17
341.0585608019103 1.6820004416931566e-17
341.1206313778081 1.5848126354144042e-17
341.1827019537059 8.406559341508643e-18
341.2447725296036 2.0747174881264448e-17
341.30684310550134 1.3453532274764627e-17
341.36891368139914 6.838875935569178e-18
341.4309842572969 1.7598425770495612e-17
341.4930548331947 1.423365460240939e-17
341.55512540909245 1.8274746719885474e-17
341.6171959849902 2.2840101831040016e-17
341.679266560888 2.5732967087875477e-17
341.7413371367858 1.6480414268691722e-17
341.8034077126835 1.4895578699195605e-17
341.8654782885813 2.8418558886657557e-17
341.92754886447904 1.9433064851939672e-17
341.9896194403768 1.0371494072156653e-17
342.0516900162746 1.3654763348409864e-17
342.11376059217235 1.2369911371393597e-17
342.17583116807015 2.735986733147392e-17
342.2379017439679 1.6002725826045834e-17
342.2999723198657 6.3776973841924805e-18
342.36204289576347 1.8022213148860568e-17
342.4241134716612 1.2394672204147527e-17
342.48618404755894 9.998517688943341e-18
342.5482546234567 1.3755413448214222e-17
342.6103251993545 1.7136910708767363e-17
342.6723957752523 1.6131100571278996e-17
342.73446635115005 2.0270431272881197e-17
342.7965369270478 2.7256135777466303e-17
342.8586075029456 1.407436469551058e-17
342.92067807884337 6.512644316667995e-18
342.98274865474116 1.3089758768686741e-17
343.0448192306389 5.5303339023411e-18
343.1068898065366 1.4907872487945126e-17
343.1689603824344 2.399583750324657e-17
343.2310309583322 1.1818350265190717e-17
343.29310153423 1.2405789404575441e-17
343.35517211012774 2.5745107613532377e-17
343.4172426860255 2.15285477224091e-17
343.47931326192327 1.295504234487539e-17
343.54138383782106 2.0006583727156945e-17
343.6034544137188 5.7397047115038775e-18
343.6655249896166 1.414162254829682e-17
343.7275955655143 2.390936579671722e-17
343.7896661414121 2.114614324778819e-17
343.8517367173099 2.025800341857831e-17
343.91380729320764 1.8642436602734616e-17
343.9758778691054 8.065023025464818e-18
344.03794844500317 8.20413419870622e-18
344.10001902090096 1.8526174384487082e-17
344.16208959679875 1.6031594665338723e-17
344.2241601726965 1.9822691597114477e-17
344.2862307485942 2.391131489491348e-17
344.348301324492 4.19788605540304e-18
344.4103719003898 1.2809786244077153e-17
344.4724424762876 1.475013660094858e-17
344.53451305218533 2.7636030203990507e-17
344.59658362808307 3.254199117255017e-17
344.65865420398086 2.6775126572074987e-17
344.72072477987865 1.7173307201041056e-17
344.78279535577644 1.3962175894266998e-17
344.8448659316742 3.308105528145353e-17
344.9069365075719 1.8895610598062077e-17
344.9690070834697 8.149808930135919e-18
345.0310776593675 5.773907964156593e-18
345.09314823526523 1.2612678427296574e-17
345.155218811163 1.3329575106359959e-17
345.21728938706076 5.4704752395628915e-18
345.27935996295855 1.8309545377752384e-17
345.34143053885634 1.2341148144443992e-17
345.4035011147541 5.794615119036439e-18
345.4655716906518 2.5304290214319848e-17
345.5276422665496 2.5066987262381287e-17
345.5897128424474 2.9993822157345287e-18
345.6517834183452 1.0339334988205582e-17
345.7138539942429 4.7546581497376446e-18
345.77592457014066 1.7263323787889764e-17
345.83799514603845 2.12299405082602e-17
345.90006572193624 1.84643019913639e-17
345.96213629783404 1.75875441927825e-17
346.02420687373177 2.733501387016402e-17
346.0862774496295 2.1073659596946765e-17
346.1483480255273 5.400956665931595e-18
346.2104186014251 1.9307535456635762e-17
346.2724891773229 1.4455640380708236e-17
346.3345597532206 1.9449795749799592e-17
346.39663032911835 6.1111150742257585e-18
346.45870090501614 1.3673986664032803e-17
346.52077148091394 2.4308367976245395e-17
346.5828420568117 2.980179669460622e-17
346.64491263270946 2.839296667205734e-17
346.7069832086072 2.2876845298282686e-17
346.769053784505 6.090761422058198e-18
346.8311243604028 8.666249826543549e-18
346.8931949363005 8.113569399948063e-18
346.9552655121983 1.2870500529301992e-17
347.01733608809604 1.8058225020042663e-17
347.07940666399384 2.6171830031874947e-17
347.1414772398916 2.356027902412908e-17
347.20354781578936 1.8043396431240304e-17
347.2656183916871 2.4755673724842455e-17
347.3276889675849 3.1447054715194286e-17
347.3897595434827 1.5509567914674502e-17
347.4518301193805 5.438937429107137e-18
347.5139006952782 5.3685645881244264e-18
347.57597127117594 1.1411402633560271e-17
347.63804184707374 1.525809218347922e-17
347.70011242297153 2.6096824945074123e-17
347.7621829988693 9.244672331555868e-18
347.82425357476706 1.564012543041706e-17
347.8863241506648 6.858395256178574e-18
347.9483947265626 1.600384247091612e-17
348.0104653024604 1.0988032963571016e-17
348.07253587835817 1.3557786790225267e-17
348.1346064542559 6.823329390909263e-18
348.19667703015364 1.8751365687810027e-18
348.25874760605143 1.4195528829457912e-17
348.3208181819492 8.033745911161705e-18
348.38288875784696 1.2155544460777229e-17
348.44495933374475 1.7696229360840474e-17
348.5070299096425 1.7818957176553537e-17
348.5691004855403 2.1656671685840494e-17
348.63117106143807 2.0585757018901753e-17
348.6932416373358 2.1063977088671034e-17
348.75531221323354 1.7356192713536285e-17
348.81738278913133 1.4968542137070366e-17
348.8794533650291 1.3156215113690139e-17
348.9415239409269 1.631930475574377e-17
349.00359451682465 2.2585398664773043e-17
349.0656650927224 1.787262415704191e-17
349.1277356686202 1.6573917752766584e-17
349.18980624451797 6.749134300485589e-18
349.25187682041576 1.6376398344513386e-17
349.3139473963135 9.993446747444324e-18
349.37601797221123 4.64389209728288e-18
349.438088548109 1.0384008489541117e-17
349.5001591240068 3.350880678602308e-18
349.5622296999046 1.8664957534934766e-17
349.62430027580234 2.2262714251572874e-17
349.6863708517001 1.0063528561276518e-17
349.74844142759787 1.2850841880699338e-17
349.81051200349566 2.4921651375445384e-17
349.8725825793934 1.8977255633494365e-17
349.9346531552912 7.490623413104934e-18
349.9967237311889 9.24280040995742e-18
350.0587943070867 2.6253576495889887e-19
350.1208648829845 1.1513860278488963e-17
350.18293545888224 1.5785400061355764e-17
350.24500603478003 1.3317253749080262e-17
350.30707661067777 1.8722590763681874e-17
350.36914718657556 1.2955190905120471e-17
350.43121776247335 9.284859964844887e-18
350.4932883383711 1.268466560631298e-17
350.5553589142688 2.3474547647846813e-17
350.6174294901666 1.187772615265516e-17
350.6795000660644 3.2906087541816523e-18
350.7415706419622 7.661872226449865e-18
350.80364121785993 8.76286940605574e-18
350.86571179375767 1.7516836590602145e-17
350.92778236965546 1.3098768961584437e-17
350.98985294555325 1.2388390122473224e-17
351.05192352145104 1.5642664441566426e-17
351.1139940973488 2.1196089655186855e-17
351.1760646732465 2.464276627857644e-17
351.2381352491443 1.6554981877674767e-17
351.3002058250421 7.684077619560301e-18
351.3622764009399 1.316555633766943e-17
351.4243469768376 1.7576140299406902e-17
351.48641755273536 1.1258297477528405e-17
351.54848812863315 1.5373537673188956e-17
351.61055870453094 1.2843542956435798e-17
351.6726292804287 8.89275144081637e-18
351.7346998563265 1.075327819646428e-17
351.7967704322242 1.4654285245100917e-17
351.858841008122 1.566959894485643e-17
351.9209115840198 1.1007704055827497e-17
351.9829821599175 7.316007049650423e-18
352.04505273581526 9.6480096311327e-18
352.10712331171305 1.8093316824696962e-17
352.16919388761085 2.1441547530421507e-17
352.23126446350864 1.3708228334525962e-17
352.2933350394064 7.487878204646396e-18
352.3554056153041 5.081713636423783e-18
352.4174761912019 1.017429817411334e-17
352.4795467670997 1.1251055516899571e-17
352.5416173429975 7.596734323005687e-18
352.6036879188952 7.921558896214863e-18
352.66575849479295 9.48269762753085e-18
352.72782907069075 1.2484650887177015e-17
352.78989964658854 1.496592225897443e-17
352.85197022248633 1.8217569202182266e-17
352.91404079838406 2.235945404503592e-18
352.9761113742818 4.0641473781022845e-18
353.0381819501796 9.202343061104088e-18
353.1002525260774 1.6360348892103392e-17
353.1623231019751 9.780245047768512e-18
353.2243936778729 7.976365678612114e-18
353.28646425377065 1.4813976240325406e-17
353.34853482966844 1.391644381836837e-17
353.41060540556623 4.569590360390401e-18
353.47267598146396 8.659306514343262e-18
353.5347465573617 1.0111615655143007e-17
353.5968171332595 7.2577521937685e-18
353.6588877091573 6.908165870931515e-18
353.7209582850551 1.6578910859231358e-17
353.7830288609528 1.0779789051189071e-17
353.84509943685055 1.4456114487757798e-17
353.90717001274834 9.941741071983148e-18
353.96924058864613 7.81437947870785e-18
354.0313111645439 1.0651356277168935e-17
354.09338174044166 1.0741272690967672e-17
354.1554523163394 9.680707857498392e-18
354.2175228922372 9.262067173176744e-18
354.279593468135 6.357473123024832e-18
354.34166404403277 1.5435905239325896e-17
354.4037346199305 1.499704915800501e-17
354.46580519582824 9.317179812415276e-18
354.52787577172603 4.426641838558786e-18
354.5899463476238 7.673517609521408e-18
354.6520169235216 1.12075734076212e-17
354.71408749941935 7.816819455107205e-18
354.7761580753171 5.356942300508011e-18
354.8382286512149 8.378467880970728e-18
354.90029922711267 1.6331648244837882e-17
354.9623698030104 1.243323462128449e-17
355.0244403789082 1.4311289774843497e-17
355.08651095480593 7.177282280256929e-18
355.1485815307037 8.248245650448454e-18
355.2106521066015 1.1797813603506722e-17
355.27272268249925 8.285860402821667e-18
355.334793258397 1.0436464503461782e-17
355.3968638342948 1.0529171723669953e-17
355.45893441019257 8.224068685402466e-18
355.52100498609036 8.324055324193072e-18
355.5830755619881 1.440021563876966e-17
355.64514613788583 1.186454489040673e-17
355.7072167137836 1.2762493955354414e-17
355.7692872896814 1.2598850362594183e-17
355.8313578655792 7.394011157695745e-18
355.89342844147694 8.318728316820589e-18
355.9554990173747 7.398958447298785e-18
356.01756959327247 8.447670462963067e-18
356.07964016917026 9.865800251900345e-18
356.14171074506805 7.874712148141971e-18
356.2037813209658 6.85305205771323e-18
356.2658518968635 9.458924680304981e-18
356.3279224727613 1.0442021808440512e-17
356.3899930486591 1.227769937992001e-17
356.45206362455684 1.133441104127153e-17
356.51413420045463 1.200361117759682e-17
356.57620477635237 1.390213062260275e-17
356.63827535225016 1.2639487071354136e-17
356.70034592814795 7.991607066099159e-18
356.7624165040457 2.0239165916452398e-18
356.8244870799434 7.51577563002115e-18
356.8865576558412 9.03281531472486e-18
356.948628231739 6.150871257745826e-18
357.0106988076368 8.00865675471987e-18
357.07276938353453 8.988598923017099e-18
357.13483995943227 3.1126722636019974e-18
357.19691053533006 8.254867370924322e-18
357.25898111122785 6.214006992916296e-18
357.32105168712565 1.0493055706582317e-17
357.3831222630234 6.774575712780529e-18
357.4451928389211 2.774980161058858e-18
357.5072634148189 4.6870010279284e-18
357.5693339907167 7.296471893104515e-18
357.6314045666145 6.907944026185812e-18
357.6934751425122 6.2857964042700346e-18
357.75554571840996 8.357503898442289e-18
357.81761629430775 1.064058200814122e-17
357.87968687020555 7.520498705971839e-18
357.9417574461033 6.5915185708366164e-18
358.0038280220011 5.7973905448087875e-18
358.0658985978988 7.741718679950218e-18
358.1279691737966 8.358745633388982e-18
358.1900397496944 6.262595406547254e-18
358.2521103255921 7.573423571504776e-18
358.31418090148986 6.892863971374637e-18
358.37625147738765 8.044620446945851e-18
358.43832205328545 7.605396344313227e-18
358.50039262918324 8.206660711005647e-18
358.562463205081 6.644946404962162e-18
358.6245337809787 3.697332759943392e-18
358.6866043568765 3.015115048391592e-18
358.7486749327743 7.095306869332128e-18
358.8107455086721 7.056278700377442e-18
358.8728160845698 6.1508138853911875e-18
358.93488666046755 7.891168820603596e-18
358.99695723636535 1.0033725831758356e-17
359.05902781226314 8.781694607523055e-18
359.12109838816093 8.39090165485546e-18
359.18316896405867 6.000047243934356e-18
359.2452395399564 6.115925030929494e-18
359.3073101158542 6.635682714952872e-18
359.369380691752 7.345489016841492e-18
359.4314512676498 6.8068397189435046e-18
359.4935218435475 3.518722366413484e-18
359.55559241944525 6.284921741530369e-18
359.61766299534304 8.726656776399254e-18
359.67973357124083 7.491564388698429e-18
359.74180414713857 4.945300416650926e-18
359.80387472303636 4.559606250300793e-18
359.8659452989341 6.9135802912164045e-18
359.9280158748319 6.916287491445204e-18
359.9900864507297 7.468207310741786e-18
360.0521570266274 6.037774775158952e-18
360.11422760252515 5.146264121262873e-18
360.17629817842294 6.685566404027061e-18
360.23836875432073 7.810339585608251e-18
360.3004393302185 5.9136045200133226e-18
360.36250990611626 3.9966252079223014e-18
360.424580482014 6.863394878530508e-18
360.4866510579118 6.549594595173577e-18
360.5487216338096 6.415983346829127e-18
360.61079220970737 5.406358434882319e-18
360.6728627856051 3.920838460994817e-18
360.73493336150284 4.826883660186232e-18
360.79700393740063 4.062653463502232e-18
360.8590745132984 6.802990091023141e-18
360.9211450891962 5.579627795613054e-18
360.98321566509395 3.48699780130012e-18
361.0452862409917 4.791885187430179e-18
361.1073568168895 5.944807935400034e-18
361.16942739278727 6.644486698793783e-18
361.231497968685 8.244973644824974e-18
361.2935685445828 5.1664191655037995e-18
361.35563912048053 6.199309383896345e-18
361.4177096963783 4.366597875500263e-18
361.4797802722761 4.2478711891122495e-18
361.54185084817385 6.4680637549993e-18
361.6039214240716 6.351918817594892e-18
361.6659919999694 4.4100358719039856e-18
361.72806257586717 6.822677198387388e-18
361.79013315176496 7.995744935935075e-18
361.8522037276627 6.079310480180265e-18
361.91427430356043 5.4286881232618275e-18
361.9763448794582 6.149864921707501e-18
362.038415455356 6.095707085481085e-18
362.1004860312538 5.176009779183875e-18
362.16255660715154 3.912360074581048e-18
362.2246271830493 5.251812994565243e-18
362.28669775894707 4.899212414280464e-18
362.34876833484486 4.748853468572667e-18
362.41083891074265 5.4294427569616075e-18
362.4729094866404 7.30006432866414e-18
362.5349800625381 5.287979747491152e-18
362.5970506384359 3.736414439992406e-18
362.6591212143337 5.358192780258322e-18
362.7211917902315 5.456509865605032e-18
362.78326236612924 7.687939475848833e-18
362.84533294202697 6.394881586495583e-18
362.90740351792476 4.2650760687643625e-18
362.96947409382256 4.274191830475561e-18
363.0315446697203 3.482425870213115e-18
363.0936152456181 5.667497067225066e-18
363.1556858215158 4.4858090461499074e-18
363.2177563974136 5.946492317634034e-18
363.2798269733114 5.152041687348147e-18
363.34189754920914 5.460105406689421e-18
363.40396812510687 5.1585546682525105e-18
363.46603870100466 4.478458499284662e-18
363.52810927690246 5.26658663867488e-18
363.59017985280025 5.403731734910187e-18
363.652250428698 6.0750172486527404e-18
363.7143210045957 6.2561939771547304e-18
363.7763915804935 5.303227169575518e-18
363.8384621563913 4.615843322582175e-18
363.9005327322891 4.40665544233054e-18
363.96260330818683 3.2270996419887536e-18
364.02467388408456 4.271892155862641e-18
364.08674445998236 5.181565782334884e-18
364.14881503588015 4.7885397313494106e-18
364.21088561177794 3.894320599599201e-18
364.2729561876757 4.879943030629434e-18
364.3350267635734 6.104976724613783e-18
364.3970973394712 6.239838009800993e-18
364.459167915369 3.854254090599471e-18
364.52123849126673 5.120253512628645e-18
364.5833090671645 5.9301140636252464e-18
364.64537964306226 5.322123268658514e-18
364.70745021896005 4.237936332049242e-18
364.76952079485784 4.330494415677849e-18
364.8315913707556 3.801926797695313e-18
364.8936619466533 3.3566461493260424e-18
364.9557325225511 4.933743029871977e-18
365.0178030984489 5.175853271302874e-18
365.0798736743467 5.563438446239634e-18
365.1419442502444 5.129621380787721e-18
365.20401482614216 5.526433580479766e-18
365.26608540203995 5.081613324056187e-18
365.32815597793774 5.927547392422581e-18
365.39022655383553 5.235367468348419e-18
365.45229712973327 4.501056836804304e-18
365.514367705631 4.352807486315113e-18
365.5764382815288 5.7201703061717414e-18
365.6385088574266 5.7858381111453366e-18
365.7005794333244 4.0293498307624846e-18
365.7626500092221 5.431912997254651e-18
365.82472058511985 3.7448041573042616e-18
365.88679116101764 4.767713369962844e-18
365.94886173691543 7.320710258353257e-18
366.01093231281317 7.186178137480433e-18
366.07300288871096 5.459741496987129e-18
366.1350734646087 3.4185291589639246e-18
366.1971440405065 4.013813148794326e-18
366.2592146164043 5.315181681059538e-18
366.321285192302 4.119729019075164e-18
366.38335576819975 4.514005157736074e-18
366.44542634409754 5.970306689575949e-18
366.50749691999533 4.5313962633774434e-18
366.5695674958931 4.004235983905097e-18
366.63163807179086 4.012603234592949e-18
366.6937086476886 3.543961936420979e-18
366.7557792235864 3.707191472004878e-18
366.8178497994842 4.6758313743925826e-18
366.87992037538197 5.1140408822441e-18
366.9419909512797 5.30891544278885e-18
367.00406152717744 5.191246185495457e-18
367.06613210307523 5.795828307291958e-18
367.128202678973 5.0491798709039704e-18
367.1902732548708 5.6063287634366295e-18
367.25234383076855 3.989336959955393e-18
367.3144144066663 5.1217994122894974e-18
367.3764849825641 4.835323223868109e-18
367.43855555846187 5.0263249191259316e-18
367.50062613435966 5.7525022120386605e-18
367.5626967102574 4.7732034228916645e-18
367.62476728615513 5.13011072389228e-18
367.6868378620529 5.587799935237365e-18
367.7489084379507 5.09620130007649e-18
367.81097901384845 4.485566266175483e-18
367.87304958974624 4.338580292953875e-18
367.935120165644 4.65489716576661e-18
367.9971907415418 5.812746100600207e-18
368.05926131743956 4.881000084980791e-18
368.1213318933373 4.506161651569111e-18
368.18340246923503 5.187534738026468e-18
368.2454730451328 5.0279146332140766e-18
368.3075436210306 4.5365126154488765e-18
368.3696141969284 4.234566576828552e-18
368.43168477282615 4.347661664974817e-18
368.4937553487239 4.3121384425426466e-18
368.5558259246217 4.335185050809255e-18
368.61789650051946 4.553417216127407e-18
368.67996707641726 4.119193899731568e-18
368.742037652315 4.7356696759244294e-18
368.8041082282127 5.0966442491414434e-18
368.8661788041105 4.2358135556592735e-18
368.9282493800083 5.222199387892267e-18
368.9903199559061 4.769374188417766e-18
369.05239053180384 4.5386001792216356e-18
369.1144611077016 4.1435851895416986e-18
369.17653168359936 4.5167171998096305e-18
369.23860225949716 4.5746710431687185e-18
369.3006728353949 5.267912324861242e-18
369.3627434112927 4.5600611845320415e-18
369.4248139871904 5.357101600014511e-18
369.4868845630882 4.692505895073931e-18
369.548955138986 3.354184770425382e-18
369.61102571488374 4.267296420878017e-18
369.6730962907815 4.61242153795693e-18
369.73516686667926 3.944659083238811e-18
369.79723744257706 5.088405495401785e-18
369.85930801847485 4.671104725200079e-18
369.9213785943726 4.1900168544432155e-18
369.9834491702703 3.6685886625160894e-18
370.0455197461681 4.178089692850515e-18
370.1075903220659 4.650989410394438e-18
370.1696608979637 3.8384489880363245e-18
370.23173147386143 4.930463318925395e-18
370.29380204975917 5.4384259882364375e-18
370.35587262565696 5.343860857972035e-18
370.41794320155475 5.104345837326506e-18
370.48001377745254 5.58153935028422e-18
370.5420843533503 4.735863540925779e-18
370.604154929248 4.946287516069881e-18
370.6662255051458 4.400568760716888e-18
370.7282960810436 5.307046983901756e-18
370.7903666569414 4.066649656746247e-18
370.8524372328391 3.502890560256459e-18
370.91450780873686 5.081271335437207e-18
370.97657838463465 4.281601359737321e-18
371.03864896053244 4.364842277196896e-18
371.1007195364302 3.594884100861708e-18
371.16279011232797 4.003250854965321e-18
371.2248606882257 4.584351190091479e-18
371.2869312641235 4.39843236857483e-18
371.3490018400213 3.290672254518996e-18
371.411072415919 4.446522928805479e-18
371.47314299181676 5.4534964308064004e-18
371.53521356771455 4.397818170822525e-18
371.59728414361234 4.285677360705669e-18
371.65935471951013 4.854409630472903e-18
371.72142529540787 4.7326933669574886e-18
371.7834958713056 4.981427751265406e-18
371.8455664472034 4.297417354137712e-18
371.9076370231012 4.997365671952283e-18
371.969707598999 5.246889086330866e-18
372.0317781748967 4.680244538325288e-18
372.09384875079445 4.5384389289379004e-18
372.15591932669224 4.041307771111533e-18
372.21798990259003 3.748817546992812e-18
372.2800604784878 4.76779710817776e-18
372.34213105438556 4.556200138820175e-18
372.4042016302833 5.408539145328684e-18
372.4662722061811 5.3676723865701256e-18
372.5283427820789 5.3770605418441866e-18
372.5904133579766 4.481129157066511e-18
372.6524839338744 4.9576053473855196e-18
372.71455450977214 5.0791008815668845e-18
372.77662508566993 5.1269192782739915e-18
372.8386956615677 4.950214472771086e-18
372.90076623746546 4.452283510011971e-18
372.9628368133632 4.78279059348013e-18
373.024907389261 5.7687902053511694e-18
373.0869779651588 5.4793982842832386e-18
373.1490485410566 4.216235011829339e-18
373.2111191169543 4.642796602832865e-18
373.27318969285204 6.133649586860902e-18
373.33526026874983 4.771727476388234e-18
373.3973308446476 5.3323527110885474e-18
373.4594014205454 5.783815025562729e-18
373.52147199644315 4.809967558982371e-18
373.5835425723409 4.315187784659189e-18
373.6456131482387 4.898570017467336e-18
373.7076837241365 5.105322705245585e-18
373.76975430003426 5.029111974110628e-18
373.831824875932 4.712843416091232e-18
373.89389545182974 5.020908034426834e-18
373.9559660277275 5.8933145330817e-18
374.0180366036253 5.64989384809421e-18
374.08010717952305 4.488772895724838e-18
374.14217775542085 3.83007032087001e-18
374.2042483313186 3.807888996169191e-18
374.2663189072164 3.879506582863409e-18
374.32838948311417 4.358439882048468e-18
374.3904600590119 4.9908157694152074e-18
374.45253063490964 4.3398624613356176e-18
374.5146012108074 4.081874524191316e-18
374.5766717867052 5.075736887287809e-18
374.638742362603 4.612162519816086e-18
374.70081293850075 3.987353896994087e-18
374.7628835143985 4.0011464319722284e-18
374.8249540902963 4.8684431237618244e-18
374.88702466619407 5.3593581079169436e-18
374.94909524209186 5.290924736896154e-18
375.0111658179896 4.968514105967936e-18
375.0732363938873 4.8031664951674675e-18
375.1353069697851 3.865378018025317e-18
375.1973775456829 4.467518964933709e-18
375.2594481215807 4.936219052635736e-18
375.32151869747844 4.037785459025098e-18
375.3835892733762 3.870276798429292e-18
375.44565984927397 5.2801174634293275e-18
375.50773042517176 6.4085337669078695e-18
375.56980100106955 5.66372536107797e-18
375.6318715769673 5.554653086083339e-18
375.693942152865 5.3210581915456805e-18
375.7560127287628 4.642906425632309e-18
375.8180833046606 3.928946712940319e-18
375.88015388055834 4.708523606862601e-18
375.94222445645613 4.729330674519569e-18
376.00429503235387 5.1595308857143484e-18
376.06636560825166 5.228419203841062e-18
376.12843618414945 4.974404957879007e-18
376.1905067600472 5.0527909476582334e-18
376.2525773359449 5.357558364382733e-18
376.3146479118427 5.005168690622376e-18
376.3767184877405 5.546114141624535e-18
376.4387890636383 5.032302400504588e-18
376.50085963953603 4.459290545404737e-18
376.56293021543377 4.560384662942396e-18
376.62500079133156 5.3242881888599875e-18
376.68707136722935 5.192367612883006e-18
376.74914194312714 5.779334558432548e-18
376.8112125190249 5.336507291283616e-18
376.8732830949226 5.663202424411832e-18
376.9353536708204 5.2745939310099895e-18
376.9974242467182 5.700385981390628e-18
377.059494822616 4.652286957733643e-18
377.1215653985137 4.698349221945976e-18
377.18363597441146 5.121445413405643e-18
377.24570655030925 5.628781471714888e-18
377.30777712620704 5.097392715629876e-18
377.3698477021048 5.5301077363952925e-18
377.43191827800257 5.675656369458235e-18
377.4939888539003 5.16026332580861e-18
377.5560594297981 5.539691822078264e-18
377.6181300056959 4.957282585341853e-18
377.6802005815936 5.700621450869095e-18
377.74227115749136 5.280852733474094e-18
377.80434173338915 5.28470949996667e-18
377.86641230928694 5.9895639349540195e-18
377.92848288518474 5.27433913381837e-18
377.99055346108247 5.450997719029798e-18
378.0526240369802 5.766419411216612e-18
378.114694612878 5.176803879339108e-18
378.1767651887758 6.1873534594540265e-18
378.2388357646736 5.210016678767985e-18
378.3009063405713 5.142684661303075e-18
378.36297691646905 5.38738651219275e-18
378.42504749236684 5.719618228823969e-18
378.48711806826464 5.901699651962784e-18
378.5491886441624 5.8017129477001955e-18
378.61125922006016 5.728260024331714e-18
378.6733297959579 6.1565673369905796e-18
378.7354003718557 5.7445819786039935e-18
378.7974709477535 5.483814289491019e-18
378.8595415236512 5.640411831935783e-18
378.921612099549 5.046671272482127e-18
378.98368267544674 4.801961476943767e-18
379.04575325134454 6.207560019835856e-18
379.1078238272423 6.167456032100788e-18
379.16989440314006 5.60906735615813e-18
379.23196497903785 5.917630909214259e-18
379.2940355549356 5.764902886461191e-18
379.3561061308334 5.238303071869545e-18
379.4181767067312 5.171718601879687e-18
379.4802472826289 5.985185463219412e-18
379.54231785852664 6.1046254854503994e-18
379.60438843442444 5.392373978255829e-18
379.6664590103222 5.7153616100766384e-18
379.72852958622 6.2091931715142085e-18
379.79060016211776 5.911348158731012e-18
379.8526707380155 5.046141053990287e-18
379.9147413139133 5.698348051942821e-18
379.9768118898111 6.125579114567538e-18
380.03888246570887 5.684994784766208e-18
380.1009530416066 5.772178697327568e-18
380.16302361750434 5.353047934326786e-18
380.22509419340213 6.1310958837463065e-18
380.2871647692999 5.603907093422564e-18
380.3492353451977 6.459357069735416e-18
380.41130592109545 5.879658085358845e-18
380.4733764969932 5.698299323355663e-18
380.535447072891 6.080833473819313e-18
380.59751764878877 6.065461342126853e-18
380.6595882246865 6.554950769015992e-18
380.7216588005843 5.8072289507019426e-18
380.78372937648203 6.7075307466728535e-18
380.8457999523798 6.7048101422357955e-18
380.9078705282776 6.4213705870380306e-18
380.96994110417535 5.5688738666505636e-18
381.0320116800731 6.397140752210632e-18
381.0940822559709 6.2471137661422276e-18
381.15615283186867 7.171298150846262e-18
381.21822340776646 6.1647551201015484e-18
381.2802939836642 6.230856419047227e-18
381.34236455956193 6.189422393029527e-18
381.4044351354597 6.4632851553915865e-18
381.4665057113575 6.2687990169527116e-18
381.5285762872553 6.437341629025742e-18
381.59064686315304 6.386356097103103e-18
381.6527174390508 6.184074487399393e-18
381.71478801494857 6.411459944871983e-18
381.77685859084636 6.798164631765345e-18
381.83892916674415 6.6162992118432656e-18
381.9009997426419 6.248019007209263e-18
381.9630703185396 6.6159637131052355e-18
382.0251408944374 6.784842116753459e-18
382.0872114703352 6.006844903670134e-18
382.14928204623294 6.216261131584877e-18
382.21135262213073 6.471439971182243e-18
382.27342319802847 6.813020845608613e-18
382.33549377392626 6.909106528208202e-18
382.39756434982405 6.236992411131691e-18
382.4596349257218 6.98357621130783e-18
382.5217055016195 6.777501948406605e-18
382.5837760775173 7.491068425600786e-18
382.6458466534151 6.775946726045754e-18
382.7079172293129 6.852789061837636e-18
382.76998780521063 6.877550183332916e-18
382.83205838110837 6.336729670378576e-18
382.89412895700616 7.062507336450988e-18
382.95619953290395 6.574293452120704e-18
383.01827010880174 6.07613091786976e-18
383.0803406846995 6.79339777500646e-18
383.1424112605972 7.454197575810593e-18
383.204481836495 7.175030383351456e-18
383.2665524123928 6.833076484630655e-18
383.3286229882906 6.753924098910114e-18
383.3906935641883 7.360760632256397e-18
383.45276414008606 6.901534534687131e-18
383.51483471598385 6.650268536023498e-18
383.57690529188164 6.3374394138270956e-18
383.63897586777944 6.825726894106761e-18
383.70104644367717 7.254278460102208e-18
383.7631170195749 7.013410816497909e-18
383.8251875954727 7.92817937807025e-18
383.8872581713705 7.961569614919717e-18
383.9493287472682 6.905008451817106e-18
384.011399323166 7.112151418284687e-18
384.07346989906375 7.872611333050198e-18
384.13554047496154 7.011616329312977e-18
384.19761105085934 7.369153379487909e-18
384.2596816267571 7.185724590712508e-18
384.3217522026548 6.756217186072417e-18
384.3838227785526 7.442524336489024e-18
384.4458933544504 7.210163356668458e-18
384.5079639303482 7.07915006674005e-18
384.5700345062459 6.7159314044566206e-18
384.63210508214365 7.39731860807457e-18
384.69417565804144 7.544639768306805e-18
384.75624623393924 7.22908604377732e-18
384.81831680983703 7.070341505421342e-18
384.88038738573476 7.854087219728146e-18
384.9424579616325 7.972153082924359e-18
385.0045285375303 7.422284917238944e-18
385.0665991134281 7.599357162070126e-18
385.1286696893259 8.653598847915584e-18
385.1907402652236 9.547922567923952e-18
385.25281084112135 9.976511923904794e-18
385.31488141701914 9.731934308414058e-18
385.37695199291693 1.0798607061465543e-17
385.43902256881466 1.2695761255380126e-17
385.50109314471246 1.2692811249254015e-17
385.5631637206102 1.2147083134885193e-17
385.625234296508 1.2889429941254093e-17
385.6873048724058 1.2899819478417928e-17
385.7493754483035 1.19500462575609e-17
385.81144602420125 1.076997947341485e-17
385.87351660009904 9.978302211700174e-18
385.93558717599683 8.548537439284562e-18
385.9976577518946 8.535104885455404e-18
386.05972832779236 8.820080192000052e-18
386.1217989036901 7.915452380563866e-18
386.1838694795879 7.304313624614212e-18
386.2459400554857 7.341126499951268e-18
386.30801063138347 7.566966325729591e-18
386.3700812072812 7.416257410595481e-18
386.43215178317894 7.190570192405149e-18
386.49422235907673 7.475138700466945e-18
386.5562929349745 7.2247339670131e-18
386.6183635108723 8.264044840503624e-18
386.68043408677005 8.05251725404448e-18
386.7425046626678 7.061276135376439e-18
386.8045752385656 6.706872126110244e-18
386.86664581446337 6.827463651684406e-18
386.9287163903611 7.328963769767299e-18
386.9907869662589 6.9126093290894e-18
387.05285754215663 7.462600340629765e-18
387.1149281180544 7.598329825895189e-18
387.1769986939522 6.8306644049840126e-18
387.23906926984995 7.675030982724228e-18
387.30113984574774 7.236918378278704e-18
387.3632104216455 8.04574532786031e-18
387.42528099754327 6.944903336725175e-18
387.48735157344106 6.882410321270059e-18
387.5494221493388 7.088997098373187e-18
387.61149272523653 7.722084922605318e-18
387.6735633011343 7.942830767436417e-18
387.7356338770321 7.6588473626286e-18
387.7977044529299 7.867204495029391e-18
387.85977502882764 7.13946202058675e-18
387.9218456047254 7.258818147227164e-18
387.98391618062317 7.206308173598856e-18
388.04598675652096 7.364257903692999e-18
388.10805733241875 7.576229960896928e-18
388.1701279083165 7.220012744988426e-18
388.2321984842142 7.683783824783301e-18
388.294269060112 7.47207637411085e-18
388.3563396360098 6.859003864819362e-18
388.4184102119076 7.11980657743593e-18
388.48048078780533 7.523982732020251e-18
388.54255136370307 7.687532749271277e-18
388.60462193960086 7.839371106682483e-18
388.66669251549865 7.336240756837336e-18
388.7287630913964 7.150175403445022e-18
388.7908336672942 7.757322090491853e-18
388.8529042431919 7.20665822244531e-18
388.9149748190897 7.09151657682936e-18
388.9770453949875 7.299982571992005e-18
389.03911597088523 7.144692388943207e-18
389.10118654678297 7.537665485965565e-18
389.16325712268076 7.389291371502268e-18
389.22532769857855 7.647624142826515e-18
389.28739827447635 7.344448335687479e-18
389.3494688503741 7.14529890488411e-18
389.4115394262718 7.69595053575424e-18
389.4736100021696 6.8561655745315056e-18
389.5356805780674 6.96607689768455e-18
389.5977511539652 7.572504833429517e-18
389.6598217298629 7.056492096848247e-18
389.72189230576066 7.622484326607159e-18
389.78396288165845 6.941440241925129e-18
389.84603345755625 6.9272342080991864e-18
389.90810403345404 7.58976700911868e-18
389.9701746093518 7.460940785141653e-18
390.0322451852495 7.453671231106351e-18
390.0943157611473 7.258374124574942e-18
390.1563863370451 6.590294014421017e-18
390.2184569129428 6.745587351067864e-18
390.2805274888406 6.773518882096869e-18
390.34259806473835 6.898112641011503e-18
390.40466864063615 6.676544482998475e-18
390.46673921653394 6.8731044687738395e-18
390.5288097924317 7.423565019082322e-18
390.5908803683294 6.545154781904875e-18
390.6529509442272 6.8033069212853514e-18
390.715021520125 7.30528869376566e-18
390.7770920960228 6.6121532326534566e-18
390.8391626719205 6.736217276918218e-18
390.90123324781825 6.775581153540611e-18
390.96330382371605 6.597079071428491e-18
391.02537439961384 6.900542484019493e-18
391.08744497551163 7.44061572295171e-18
391.14951555140937 7.567789696722326e-18
391.2115861273071 6.686941486727341e-18
391.2736567032049 6.67861607888387e-18
391.3357272791027 7.190881493988322e-18
391.3977978550005 7.210142526093147e-18
391.4598684308982 7.147604874845701e-18
391.52193900679595 6.778781148412869e-18
391.58400958269374 6.8787362240011204e-18
391.64608015859153 7.21387998141681e-18
391.7081507344893 7.076125949156799e-18
391.77022131038706 7.765912978373858e-18
391.8322918862848 7.11277776127111e-18
391.8943624621826 7.212337916502234e-18
391.9564330380804 7.377416563683845e-18
392.0185036139781 7.39728131190317e-18
392.0805741898759 7.57583304392096e-18
392.14264476577364 6.859984774611119e-18
392.20471534167143 7.19520994450321e-18
392.2667859175692 7.634128652276032e-18
392.32885649346696 7.574196691781617e-18
392.39092706936475 7.221880201639025e-18
392.4529976452625 6.983503359375087e-18
392.5150682211603 7.734816344276947e-18
392.57713879705807 7.966004870424741e-18
392.6392093729558 7.520354882309328e-18
392.70127994885354 7.154478222242766e-18
392.76335052475133 7.389803499707397e-18
392.8254211006491 7.339723462581258e-18
392.88749167654686 7.414082313152412e-18
392.94956225244465 7.777776562414703e-18
393.0116328283424 7.43824556566816e-18
393.0737034042402 7.351535656715967e-18
393.13577398013797 7.454088914563104e-18
393.1978445560357 7.266097581958484e-18
393.2599151319335 7.463599344632927e-18
393.32198570783123 7.385603216544263e-18
393.384056283729 6.8818746590130004e-18
393.4461268596268 6.963992454444468e-18
393.50819743552455 6.951736259160163e-18
393.57026801142234 6.841484456432308e-18
393.6323385873201 7.03983770557992e-18
393.69440916321787 7.207541146746768e-18
393.75647973911566 6.8442836600690214e-18
393.8185503150134 6.9101219383437864e-18
393.8806208909112 7.290560174786459e-18
393.9426914668089 7.262659774339955e-18
394.0047620427067 7.291962695546533e-18
394.0668326186045 7.384150321141411e-18
394.12890319450224 6.99663359873028e-18
394.19097377040003 7.362746552835406e-18
394.25304434629777 7.540015505333876e-18
394.31511492219556 7.587099488919663e-18
394.37718549809335 7.209149750032913e-18
394.4392560739911 7.353149182375642e-18
394.5013266498888 7.283361522325963e-18
394.5633972257866 7.600227983800981e-18
394.6254678016844 7.289676121205541e-18
394.68753837758214 7.434417814351279e-18
394.74960895347994 7.179103031879122e-18
394.81167952937767 7.369067064288544e-18
394.87375010527546 7.611720534895645e-18
394.93582068117325 7.808874039603591e-18
394.997891257071 7.47396970457458e-18
395.0599618329688 7.358831934915163e-18
395.1220324088665 7.615611911504393e-18
395.1841029847643 7.868609425941421e-18
395.2461735606621 7.53276266330216e-18
395.30824413655984 7.308902912963067e-18
395.3703147124576 7.518007946974262e-18
395.43238528835536 7.697227710715232e-18
395.49445586425315 7.351098017554755e-18
395.55652644015095 7.159852201389758e-18
395.6185970160487 7.161367750675126e-18
395.6806675919465 7.237510614806724e-18
395.7427381678442 7.379876121409938e-18
395.804808743742 6.9054360619333414e-18
395.8668793196398 7.160361421215973e-18
395.9289498955375 7.57321797731414e-18
395.99102047143526 7.655049177018486e-18
396.05309104733306 7.404810921005885e-18
396.11516162323085 7.113517609095605e-18
396.1772321991286 7.312790993348685e-18
396.2393027750264 7.478350121766534e-18
396.3013733509241 7.482761670074932e-18
396.3634439268219 7.436569242935488e-18
396.4255145027197 7.43319761553558e-18
396.4875850786174 7.659577574801974e-18
396.5496556545152 7.807878039670479e-18
396.61172623041296 7.981216333056755e-18
396.67379680631075 8.050255311839213e-18
396.73586738220854 7.653760907793553e-18
396.7979379581063 7.676964695285373e-18
396.86000853400407 7.68216372549291e-18
396.9220791099018 7.673878513169029e-18
396.9841496857996 7.144571361070932e-18
397.0462202616974 7.102318123651867e-18
397.1082908375951 7.050624906325627e-18
397.1703614134929 7.192657166902848e-18
397.23243198939065 7.281098936944497e-18
397.29450256528844 7.328570856948059e-18
397.35657314118623 7.344963348609219e-18
397.41864371708397 7.319872214514423e-18
397.48071429298176 7.684604276926852e-18
397.5427848688795 7.00349361639505e-18
397.6048554447773 7.398000487212082e-18
397.6669260206751 7.746286460124737e-18
397.7289965965728 7.593254956427385e-18
397.79106717247055 7.181489913592979e-18
397.85313774836834 7.057409453978104e-18
397.91520832426613 7.260865488288852e-18
397.97727890016387 7.262404980315997e-18
398.03934947606166 7.469038965340284e-18
398.1014200519594 7.57641954276541e-18
398.1634906278572 7.699057446949305e-18
398.225561203755 7.319092677214359e-18
398.2876317796527 7.281354727421324e-18
398.3497023555505 7.248963831949144e-18
398.41177293144824 7.450969502369333e-18
398.47384350734603 7.124477533467196e-18
398.5359140832438 7.485362254239208e-18
398.59798465914156 7.25852821381422e-18
398.66005523503935 7.256008568063132e-18
398.7221258109371 6.870994876317498e-18
398.7841963868349 7.2881003624905e-18
398.84626696273267 7.069481934966036e-18
398.9083375386304 6.810822416343825e-18
398.9704081145282 7.379532728965098e-18
399.03247869042593 7.153537392011756e-18
399.0945492663237 7.102035368947769e-18
399.1566198422215 6.827451453202559e-18
399.21869041811925 7.588745992750586e-18
399.280760994017 7.78198216356445e-18
399.3428315699148 7.390281073585726e-18
399.40490214581257 7.496394203032519e-18
399.4669727217103 7.412210475876325e-18
399.5290432976081 7.487533105814178e-18
399.59111387350583 7.67623050124915e-18
399.6531844494036 7.443161436080724e-18
399.7152550253014 7.116432276897977e-18
399.77732560119915 7.08530184809714e-18
399.83939617709694 7.609382066308726e-18
399.9014667529947 9.554066521734801e-18
399.96353732889247 1.0631404476075082e-17
400.02560790479026 1.1212330702502095e-17
400.087678480688 1.1945798771917567e-17
400.1497490565858 1.1783380549912422e-17
400.2118196324835 1.1460124158643734e-17
400.2738902083813 1.1213105195345164e-17
400.3359607842791 1.099798805865356e-17
400.39803136017684 1.0355986058651848e-17
400.46010193607464 9.846389627023694e-18
400.52217251197237 8.938578371270578e-18
400.58424308787016 7.85037055290196e-18
400.64631366376796 7.449146160926257e-18
400.7083842396657 6.97268120509049e-18
400.7704548155634 7.862657927553695e-18
400.8325253914612 7.161082932931766e-18
400.894595967359 6.896641826994163e-18
400.95666654325674 7.083868480892341e-18
401.01873711915454 7.757929479853127e-18
401.0808076950523 7.07397801773737e-18
401.14287827095006 7.091092457296364e-18
401.20494884684786 7.269384425067469e-18
401.2670194227456 7.550432376552077e-18
401.3290899986434 7.552560529002206e-18
401.3911605745411 7.240062697748408e-18
401.4532311504389 7.671450693620473e-18
401.5153017263367 7.78951798467362e-18
401.57737230223444 7.571273817364773e-18
401.63944287813223 7.757448497701967e-18
401.70151345402996 7.63932204147003e-18
401.76358402992776 7.609494440499513e-18
401.82565460582555 7.696570104495041e-18
401.8877251817233 7.715486467759429e-18
401.9497957576211 8.157075552607439e-18
402.0118663335188 8.390054107963409e-18
402.0739369094166 8.431984865278737e-18
402.1360074853144 8.660917212378866e-18
402.19807806121213 9.084876865425613e-18
402.2601486371099 9.176225167805001e-18
402.32221921300766 9.03647210096554e-18
402.38428978890545 8.330629186064057e-18
402.44636036480324 8.627960160422634e-18
402.508430940701 8.613117658958964e-18
402.5705015165987 7.733727785059692e-18
402.6325720924965 7.697592816943565e-18
402.6946426683943 8.005175404035844e-18
402.75671324429203 7.841681865988838e-18
402.8187838201898 7.48352455322879e-18
402.88085439608756 7.933697685851944e-18
402.94292497198535 8.014510804831265e-18
403.00499554788314 7.432115491419566e-18
403.0670661237809 7.60489747190077e-18
403.12913669967867 8.048204187199466e-18
403.1912072755764 7.929591766822612e-18
403.2532778514742 7.835140699207395e-18
403.315348427372 8.043965519876425e-18
403.3774190032697 7.855858219435405e-18
403.4394895791675 7.53306849145931e-18
403.50156015506525 7.978997504912703e-18
403.56363073096304 7.730323772474157e-18
403.62570130686083 7.878657094116667e-18
403.68777188275857 8.061623821949298e-18
403.74984245865636 7.642327488209748e-18
403.8119130345541 8.193120899608479e-18
403.8739836104519 8.16029233315347e-18
403.9360541863497 7.922792708816536e-18
403.9981247622474 7.970367369023612e-18
404.06019533814515 7.775403650910148e-18
404.12226591404294 7.445411034731895e-18
404.18433648994073 7.49387482051067e-18
404.24640706583847 7.72843714977907e-18
404.30847764173626 7.877265233535249e-18
404.370548217634 7.777493173001138e-18
404.4326187935318 7.603803849341613e-18
404.4946893694296 7.842465762394637e-18
404.5567599453273 7.764408540841327e-18
404.6188305212251 7.811290759960248e-18
404.68090109712284 8.062055852560953e-18
404.74297167302063 7.841560489005752e-18
404.8050422489184 7.805946160487744e-18
404.86711282481616 7.572398887545385e-18
404.92918340071395 7.671143594327917e-18
404.9912539766117 7.53447536442126e-18
405.0533245525095 7.899822765630573e-18
405.1153951284073 7.85525098668584e-18
405.177465704305 8.125141775885106e-18
405.2395362802028 8.010933608272595e-18
405.30160685610053 7.699684570187521e-18
405.3636774319983 7.62213176530965e-18
405.4257480078961 7.43131333751507e-18
405.48781858379385 7.64661807031375e-18
405.5498891596916 7.553814671755932e-18
405.6119597355894 7.759750734777639e-18
405.6740303114872 7.67439637937848e-18
405.73610088738496 7.391639324606167e-18
405.7981714632827 7.825367022948997e-18
405.86024203918043 7.976089311015457e-18
405.9223126150782 7.454579400769937e-18
405.984383190976 7.839736130495672e-18
406.04645376687375 7.38970512562127e-18
406.10852434277155 7.784615204607979e-18
406.1705949186693 7.683397645656785e-18
406.2326654945671 7.547595931998344e-18
406.29473607046486 7.511804721873721e-18
406.3568066463626 7.375344776339397e-18
406.4188772222604 7.920551777986091e-18
406.4809477981581 7.733005469699996e-18
406.5430183740559 7.648159862783571e-18
406.6050889499537 7.950420977204633e-18
406.66715952585145 7.814569250956648e-18
406.72923010174924 7.605359154100189e-18
406.791300677647 7.473950285766991e-18
406.85337125354476 7.322798161939542e-18
406.91544182944256 7.21314509560923e-18
406.9775124053403 7.257154894630834e-18
407.0395829812381 7.206395608170832e-18
407.1016535571358 7.298573843839168e-18
407.1637241330336 7.37236608962577e-18
407.2257947089314 7.241512070144687e-18
407.28786528482914 7.321236116542771e-18
407.3499358607269 7.879841805016256e-18
407.41200643662467 7.65358087316282e-18
407.47407701252246 7.473741660430953e-18
407.5361475884202 7.654782597227112e-18
407.598218164318 7.698454242454982e-18
407.6602887402157 7.753723989100999e-18
407.7223593161135 7.468174115566638e-18
407.7844298920113 7.464281272234575e-18
407.84650046790904 7.613463724293105e-18
407.90857104380683 7.499093155088876e-18
407.97064161970457 7.355931346989166e-18
408.03271219560236 7.438186683268089e-18
408.09478277150015 7.664366982970664e-18
408.1568533473979 7.487166331641945e-18
408.2189239232957 7.20502928499815e-18
408.2809944991934 7.416570687953053e-18
408.3430650750912 7.098164616219487e-18
408.405135650989 7.141723321882096e-18
408.46720622688673 7.521512265564429e-18
408.5292768027845 7.607730947674342e-18
408.59134737868226 7.724520808902522e-18
408.65341795458005 7.771020187035378e-18
408.71548853047784 7.483577081012076e-18
408.7775591063756 7.598075760342478e-18
408.8396296822733 7.667221205048054e-18
408.9017002581711 7.552651628935054e-18
408.9637708340689 7.513036929001729e-18
409.02584140996663 7.236797916011754e-18
409.0879119858644 7.50262877522872e-18
409.14998256176216 7.424942328345213e-18
409.21205313765995 7.455071505325557e-18
409.27412371355774 8.139843337952834e-18
409.3361942894555 7.346994279517702e-18
409.39826486535327 6.898403477711381e-18
409.460335441251 7.544741804369841e-18
409.5224060171488 7.29583457936668e-18
409.5844765930466 7.279987548959762e-18
409.6465471689443 7.115308745692372e-18
409.7086177448421 7.499221254087686e-18
409.77068832073985 7.129294342650574e-18
409.83275889663764 7.44715347508213e-18
409.89482947253543 7.656437187281958e-18
409.95690004843317 7.530570802938055e-18
410.01897062433096 7.299654827800356e-18
410.0810412002287 7.209379510921403e-18
410.1431117761265 7.624039497407884e-18
410.2051823520243 8.135353292444771e-18
410.267252927922 8.680870836734364e-18
410.3293235038198 8.713373390655637e-18
410.39139407971754 8.7529594585247e-18
410.45346465561533 9.217062130677498e-18
410.5155352315131 9.203280995198984e-18
410.57760580741086 9.204160319474182e-18
410.6396763833086 8.917448198854363e-18
410.7017469592064 8.77099253360789e-18
410.7638175351042 8.710540836822487e-18
410.8258881110019 8.35560935987441e-18
410.8879586868997 7.892251133809543e-18
410.95002926279744 7.35747650096643e-18
411.01209983869524 7.274107585334186e-18
411.074170414593 7.304988514044261e-18
411.13624099049076 7.213615032221508e-18
411.19831156638855 7.495873573962383e-18
411.2603821422863 7.15707997276711e-18
411.3224527181841 6.887130311798671e-18
411.3845232940819 7.10345183617219e-18
411.4465938699796 7.13125381968713e-18
411.5086644458774 6.99405595654187e-18
411.57073502177514 7.049787866534203e-18
411.6328055976729 7.450719561910128e-18
411.6948761735707 7.422434271686915e-18
411.75694674946845 7.623024139828148e-18
411.81901732536625 7.230771440340366e-18
411.881087901264 7.427016826097498e-18
411.9431584771618 7.398144151058262e-18
412.00522905305957 7.111053856624236e-18
412.0672996289573 7.002791283156124e-18
412.12937020485504 7.117190559501102e-18
412.1914407807528 7.214834681811556e-18
412.2535113566506 7.172603510161107e-18
412.31558193254835 7.03569823799985e-18
412.37765250844615 7.103441058280432e-18
412.4397230843439 6.761306234024106e-18
412.5017936602417 6.718701298949468e-18
412.56386423613947 7.402268250065804e-18
412.6259348120372 7.12883563213646e-18
412.688005387935 7.117318463349267e-18
412.7500759638327 7.20015534342599e-18
412.8121465397305 7.130859453755151e-18
412.8742171156283 7.024581682323165e-18
412.93628769152605 7.137341954278666e-18
412.99835826742384 7.202195558627372e-18
413.0604288433216 7.190197697553519e-18
413.12249941921937 7.329323694814886e-18
413.18456999511716 7.52209601313006e-18
413.2466405710149 7.259135865878226e-18
413.3087111469127 6.957228733700725e-18
413.3707817228104 7.227909199664413e-18
413.4328522987082 7.232726117225804e-18
413.494922874606 7.294356506244437e-18
413.55699345050374 7.214532082191998e-18
413.6190640264015 7.383685476198663e-18
413.68113460229927 7.288672742877125e-18
413.74320517819706 7.220534118025689e-18
413.80527575409485 7.398649115240219e-18
413.8673463299926 7.318242625903726e-18
413.9294169058903 7.631736046514334e-18
413.9914874817881 7.481478737835198e-18
414.0535580576859 6.740724139092654e-18
414.11562863358364 6.94576298786669e-18
414.17769920948143 7.440089750831149e-18
414.23976978537917 7.495797000272473e-18
414.30184036127696 7.521346333220927e-18
414.36391093717475 7.677154043748451e-18
414.4259815130725 7.313446308054937e-18
414.4880520889703 6.774164123181074e-18
414.550122664868 6.8597761664864105e-18
414.6121932407658 7.147122909008681e-18
414.6742638166636 7.111121731577081e-18
414.73633439256133 6.96581359334913e-18
414.7984049684591 6.97040971755897e-18
414.86047554435686 7.087866877258133e-18
414.92254612025465 7.294929937167078e-18
414.98461669615244 7.234863198430645e-18
415.0466872720502 7.019970396102741e-18
415.10875784794797 6.995398743998484e-18
415.1708284238457 7.181677090810595e-18
415.2328989997435 7.225434756614754e-18
415.2949695756413 7.235681075722175e-18
415.357040151539 7.203646364409483e-18
415.41911072743676 7.38139812258145e-18
415.48118130333455 7.187105227463936e-18
415.54325187923234 7.052346770444135e-18
415.6053224551301 7.396788205620931e-18
415.66739303102787 7.002588610149755e-18
415.7294636069256 7.081286894863612e-18
415.7915341828234 7.021589142178218e-18
415.8536047587212 6.969470660111153e-18
415.9156753346189 6.692796542322607e-18
415.9777459105167 7.165793151204974e-18
416.03981648641445 7.184136034867632e-18
416.10188706231224 6.973837452013379e-18
416.16395763821004 7.080794177158814e-18
416.22602821410777 7.161235665934168e-18
416.28809879000556 7.074553472093458e-18
416.3501693659033 7.386910012639656e-18
416.4122399418011 6.986838214287984e-18
416.4743105176989 6.949330965398369e-18
416.5363810935966 7.006474299760848e-18
416.5984516694944 7.390334754838143e-18
416.66052224539214 7.205965586546034e-18
416.72259282128994 6.917553153708149e-18
416.7846633971877 6.892205037224056e-18
416.84673397308546 7.083384503583261e-18
416.9088045489832 7.614592849626995e-18
416.970875124881 7.098188556455077e-18
417.0329457007788 6.97053389301357e-18
417.0950162766765 7.148991540372238e-18
417.1570868525743 6.879972469426109e-18
417.21915742847204 6.772216836745785e-18
417.28122800436984 6.862983324540186e-18
417.34329858026763 6.854655226319548e-18
417.40536915616536 6.7432038251463195e-18
417.46743973206316 7.10420097529991e-18
417.5295103079609 7.128957843065651e-18
417.5915808838587 6.7537237267650035e-18
417.6536514597565 6.772496192287326e-18
417.7157220356542 6.9024895185170505e-18
417.777792611552 7.070342619341097e-18
417.83986318744974 7.032593043551536e-18
417.90193376334753 6.980993255881928e-18
417.9640043392453 6.696125306242294e-18
418.02607491514306 6.76881214679557e-18
418.08814549104085 6.908999935819802e-18
418.1502160669386 6.709128562103354e-18
418.2122866428364 7.038554616636447e-18
418.27435721873417 6.7548143483036545e-18
418.3364277946319 6.738412392477541e-18
418.3984983705297 6.6037583162708e-18
418.46056894642743 6.739705605822127e-18
418.5226395223252 7.013217545831702e-18
418.584710098223 6.90624552134675e-18
418.64678067412075 6.629765559417135e-18
418.7088512500185 6.252267795108679e-18
418.7709218259163 6.652376626361722e-18
418.83299240181407 6.7961292095904194e-18
418.8950629777118 6.878278323882434e-18
418.9571335536096 6.70860372320885e-18
419.01920412950733 6.700855703186817e-18
419.0812747054051 6.907405943982164e-18
419.1433452813029 6.536007271297822e-18
419.20541585720065 6.7722683073463516e-18
419.26748643309844 6.7907236456820014e-18
419.3295570089962 6.6657510904641416e-18
419.39162758489397 6.7373311085239705e-18
419.45369816079176 6.8845257127765774e-18
419.5157687366895 6.782535225213167e-18
419.5778393125873 6.787816247537381e-18
419.639909888485 6.532158572679802e-18
419.7019804643828 6.780966634689367e-18
419.7640510402806 6.867495214837718e-18
419.82612161617834 6.671643816883535e-18
419.88819219207613 6.713496695010307e-18
419.95026276797387 6.612374107814412e-18
420.01233334387166 6.534047592181522e-18
420.07440391976945 6.984128104146074e-18
420.1364744956672 6.753529372915037e-18
420.1985450715649 6.387086635607142e-18
420.2606156474627 6.808070514281414e-18
420.3226862233605 6.554364810716314e-18
420.38475679925824 6.448434566692334e-18
420.44682737515603 6.553152973141724e-18
420.50889795105377 6.8985446554444626e-18
420.57096852695156 6.767118186490827e-18
420.63303910284935 6.8108571550039255e-18
420.6951096787471 6.745892413767175e-18
420.7571802546449 6.568376774084326e-18
420.8192508305426 6.6792508767329305e-18
420.8813214064404 6.734887764555666e-18
420.9433919823382 6.547211485372568e-18
421.00546255823593 6.603408855956009e-18
421.0675331341337 6.559049630432245e-18
421.12960371003146 6.515778061077043e-18
421.19167428592925 6.663485232546691e-18
421.25374486182704 6.6553066175307425e-18
421.3158154377248 6.5627393909615785e-18
421.3778860136226 6.4444349716419766e-18
421.4399565895203 6.54048155785553e-18
421.5020271654181 6.4444099966775635e-18
421.5640977413159 6.4946287560477216e-18
421.6261683172136 6.4987686857020814e-18
421.68823889311136 6.560683825729326e-18
421.75030946900915 6.645071217289492e-18
421.81238004490694 6.612102328876069e-18
421.8744506208047 6.596009840233579e-18
421.9365211967025 6.568903166068355e-18
421.9985917726002 6.4977572097432816e-18
422.060662348498 6.393691288950896e-18
422.1227329243958 6.4154211728757446e-18
422.1848035002935 6.331499737174005e-18
422.2468740761913 6.346107929463824e-18
422.30894465208905 6.513163130841044e-18
422.37101522798685 6.452070183601968e-18
422.43308580388464 6.364248949318699e-18
422.4951563797824 6.305187506901338e-18
422.55722695568016 6.607956727500484e-18
422.6192975315779 6.65709794461593e-18
422.6813681074757 6.376765852013917e-18
422.7434386833735 6.418787171780654e-18
422.8055092592712 6.391711355738599e-18
422.867579835169 6.347699505193123e-18
422.92965041106675 6.214686774575981e-18
422.99172098696454 6.3671754120663805e-18
423.05379156286233 6.323239724935467e-18
423.11586213876006 6.420460373088121e-18
423.17793271465786 6.277534925817693e-18
423.2400032905556 6.311727883958357e-18
423.3020738664534 6.1132051976879056e-18
423.3641444423512 6.096042613757277e-18
423.4262150182489 6.288644964289272e-18
423.48828559414665 6.18377741084988e-18
423.55035617004444 5.9883138759068494e-18
423.61242674594223 6.128740996478733e-18
423.67449732183997 6.211671686466541e-18
423.73656789773776 6.250291293132466e-18
423.7986384736355 6.336099798017721e-18
423.8607090495333 6.349567593221088e-18
423.9227796254311 6.4529362106633294e-18
423.9848502013288 6.7797099222957394e-18
424.0469207772266 7.081602827789017e-18
424.10899135312434 7.437844385080028e-18
424.17106192902213 8.030731772824798e-18
424.2331325049199 7.951834132396287e-18
424.29520308081766 7.738377655243433e-18
424.35727365671545 7.739015904542168e-18
424.4193442326132 7.60014535893166e-18
424.481414808511 7.235882748128118e-18
424.54348538440877 7.126153453885503e-18
424.6055559603065 6.657408882829769e-18
424.6676265362043 6.316742889834772e-18
424.72969711210203 6.091406530535616e-18
424.7917676879998 5.993171163291313e-18
424.8538382638976 5.9932919873882646e-18
424.91590883979535 5.925817351811552e-18
424.9779794156931 5.863152297518362e-18
425.0400499915909 6.073370749611797e-18
425.10212056748867 5.9614367297285734e-18
425.1641911433864 5.903753575725358e-18
425.2262617192842 5.912586552394041e-18
425.28833229518193 5.935952081646318e-18
425.3504028710797 5.8050330197600455e-18
425.4124734469775 6.052798237800676e-18
425.47454402287525 6.0109676682748066e-18
425.53661459877304 5.915944865764396e-18
425.5986851746708 5.947406357354807e-18
425.66075575056857 5.949288433154164e-18
425.72282632646636 5.614843849417881e-18
425.7848969023641 5.831575417596045e-18
425.8469674782619 5.8692999039647205e-18
425.9090380541596 5.628939091117946e-18
425.9711086300574 5.8159692404839945e-18
426.0331792059552 6.020863027255551e-18
426.09524978185294 5.745323059914559e-18
426.15732035775073 5.536186134577095e-18
426.21939093364847 6.161711472015986e-18
426.28146150954626 6.21562446793116e-18
426.34353208544405 5.916583805922555e-18
426.4056026613418 5.8108596599467664e-18
426.4676732372396 5.9740496962029965e-18
426.5297438131373 5.945769583786249e-18
426.5918143890351 5.903615814005857e-18
426.6538849649329 6.005777046486505e-18
426.71595554083063 5.9756478933903664e-18
426.77802611672837 5.9259232962168914e-18
426.84009669262616 6.008182903189604e-18
426.90216726852395 6.11898698181163e-18
426.9642378444217 6.094826484465701e-18
427.0263084203195 6.2193867667171144e-18
427.0883789962172 6.061415073980027e-18
427.150449572115 5.907120717406792e-18
427.2125201480128 6.266528724590609e-18
427.27459072391053 6.021611677014878e-18
427.3366612998083 5.977397367180777e-18
427.39873187570606 5.829735847942733e-18
427.46080245160385 5.8748389384766994e-18
427.52287302750165 5.828798552436709e-18
427.5849436033994 6.153069400182031e-18
427.6470141792972 5.9164167622245694e-18
427.7090847551949 5.872806793155855e-18
427.7711553310927 5.905757138004273e-18
427.8332259069905 5.872195136251494e-18
427.8952964828882 5.928440819623344e-18
427.957367058786 6.248807464047215e-18
428.01943763468375 6.2822554654857625e-18
428.08150821058155 6.1290364587530396e-18
428.14357878647934 6.000535725836544e-18
428.2056493623771 6.124263492545633e-18
428.2677199382748 6.325485154510821e-18
428.3297905141726 6.2284397438302636e-18
428.3918610900704 6.2296916119930924e-18
428.4539316659681 6.100831163221834e-18
428.5160022418659 5.750036268121754e-18
428.57807281776365 6.196904954227707e-18
428.64014339366145 6.3713429396559225e-18
428.70221396955924 6.129947947332697e-18
428.764284545457 6.067869381157247e-18
428.82635512135477 6.023703832783302e-18
428.8884256972525 6.106169705295645e-18
428.9504962731503 6.2485492917530886e-18
429.0125668490481 6.063806425796499e-18
429.0746374249458 6.118023743703862e-18
429.1367080008436 6.046318030701318e-18
429.19877857674135 6.094799398882284e-18
429.26084915263914 6.260911114219312e-18
429.32291972853693 6.059247548543455e-18
429.38499030443467 5.890732847673784e-18
429.44706088033246 6.092402640011496e-18
429.5091314562302 6.0974193625205625e-18
429.571202032128 6.038899968728517e-18
429.6332726080258 6.1962000677696924e-18
429.6953431839235 6.1111990710361094e-18
429.75741375982125 5.901927595478121e-18
429.81948433571904 5.921893516816486e-18
429.88155491161683 6.0741890902339436e-18
429.94362548751457 6.124572687391861e-18
430.00569606341236 6.057806990414379e-18
430.0677666393101 6.089962286321127e-18
430.1298372152079 6.37330022378929e-18
430.1919077911057 6.271468984302338e-18
430.2539783670034 5.997859309591325e-18
430.3160489429012 5.7619030563030106e-18
430.37811951879894 6.063351640988561e-18
430.44019009469673 6.2068296882431455e-18
430.5022606705945 6.156157307103991e-18
430.56433124649226 5.917238342311503e-18
430.62640182239005 5.974093365581943e-18
430.6884723982878 5.9581260103360534e-18
430.7505429741856 6.312382915382502e-18
430.81261355008337 6.266916920155565e-18
430.8746841259811 6.2999195989041166e-18
430.9367547018789 6.4068629736177555e-18
430.99882527777663 6.014538194898253e-18
431.0608958536744 6.4012028604348e-18
431.1229664295722 6.1852309049054174e-18
431.18503700546995 6.038395199269651e-18
431.24710758136774 6.21835196621424e-18
431.3091781572655 6.24152974759386e-18
431.37124873316327 5.9414326633159536e-18
431.43331930906106 6.3313928536626694e-18
431.4953898849588 6.238570676757698e-18
431.55746046085653 6.065051252991954e-18
431.6195310367543 6.415330166770095e-18
431.6816016126521 6.351231489351213e-18
431.74367218854985 6.015939977008352e-18
431.80574276444764 6.302736621584962e-18
431.8678133403454 6.505355150422322e-18
431.92988391624317 6.684912503272991e-18
431.99195449214096 6.367082612206498e-18
432.0540250680387 6.510686965542546e-18
432.1160956439365 6.488407523517171e-18
432.1781662198342 6.366906130866187e-18
432.240236795732 6.292586884991507e-18
432.3023073716298 6.426052578268078e-18
432.36437794752754 6.480361994396704e-18
432.42644852342534 6.286782475596471e-18
432.48851909932307 6.183664077953692e-18
432.55058967522086 6.3452664334360784e-18
432.61266025111865 6.570415791206106e-18
432.6747308270164 6.4776077026482665e-18
432.7368014029142 6.435652560931448e-18
432.7988719788119 6.4222239818774085e-18
432.8609425547097 6.580663656372323e-18
432.9230131306075 6.542172155839542e-18
432.98508370650524 6.560481155414875e-18
433.04715428240297 6.214936282870217e-18
433.10922485830076 6.249005203109834e-18
433.17129543419856 6.4855886546812875e-18
433.2333660100963 6.504326214552615e-18
433.2954365859941 6.4551664194319374e-18
433.3575071618918 6.528816523837405e-18
433.4195777377896 6.431579437234045e-18
433.4816483136874 6.423185623567469e-18
433.54371888958514 6.601834187902828e-18
433.6057894654829 6.546142959554461e-18
433.66786004138066 6.26284227093491e-18
433.72993061727846 6.334966049500477e-18
433.79200119317625 6.917356169661174e-18
433.854071769074 6.58191334912704e-18
433.9161423449718 6.393010793933978e-18
433.9782129208695 6.512692320076226e-18
434.0402834967673 6.450353256749084e-18
434.1023540726651 6.502372973893429e-18
434.16442464856283 6.62199666566824e-18
434.2264952244606 6.46542094952318e-18
434.28856580035836 6.538093261382084e-18
434.35063637625615 6.639347227885328e-18
434.41270695215394 6.827352207079418e-18
434.4747775280517 6.68590981045805e-18
434.53684810394947 6.659912275169939e-18
434.5989186798472 6.571116371651147e-18
434.660989255745 6.494112920805257e-18
434.7230598316428 6.896223757310042e-18
434.7851304075405 6.7869304172743295e-18
434.84720098343826 6.715582664056014e-18
434.90927155933605 6.607905807849348e-18
434.97134213523384 6.66117495926557e-18
435.0334127111316 6.76048587258863e-18
435.09548328702937 6.799387009869983e-18
435.1575538629271 6.786004521126817e-18
435.2196244388249 6.688997810870507e-18
435.2816950147227 6.422114551416009e-18
435.3437655906204 6.499622567803925e-18
435.4058361665182 6.625803405851659e-18
435.46790674241595 6.718426206050214e-18
435.52997731831374 6.677958837369072e-18
435.59204789421153 6.431624530752756e-18
435.65411847010927 6.708361703783551e-18
435.71618904600706 6.8187591685987295e-18
435.7782596219048 6.8478750059207634e-18
435.8403301978026 6.804422084830941e-18
435.9024007737004 6.749054599245074e-18
435.9644713495981 6.643751350564745e-18
436.0265419254959 6.881505329952379e-18
436.08861250139364 6.82009621177871e-18
436.15068307729143 7.004140011694236e-18
436.2127536531892 6.884726493394298e-18
436.27482422908696 7.238827187403147e-18
436.3368948049847 6.988813053161562e-18
436.3989653808825 6.795416658760616e-18
436.4610359567803 6.886363568118501e-18
436.523106532678 7.131981863676233e-18
436.5851771085758 7.006483746413171e-18
436.64724768447354 6.896260308060122e-18
436.70931826037133 7.014656679494704e-18
436.7713888362691 7.11427604003848e-18
436.83345941216686 6.93222032771969e-18
436.89552998806465 7.193553503207994e-18
436.9576005639624 6.989366393955728e-18
437.0196711398602 7.296606314337285e-18
437.08174171575797 7.336352487282688e-18
437.1438122916557 7.098700528189277e-18
437.2058828675535 7.187358349662218e-18
437.26795344345123 7.161137024736294e-18
437.330024019349 7.27434253391288e-18
437.3920945952468 7.075483388258668e-18
437.45416517114455 7.322257263458908e-18
437.51623574704234 7.298431293392887e-18
437.5783063229401 7.127821719951758e-18
437.64037689883787 7.033706589591525e-18
437.70244747473566 7.168412773948596e-18
437.7645180506334 7.250078335509576e-18
437.82658862653113 7.157130004944335e-18
437.8886592024289 7.143392097531243e-18
437.9507297783267 7.405413212498515e-18
438.01280035422445 7.674755402315429e-18
438.07487093012224 7.447026212180778e-18
438.13694150602 7.362535470065577e-18
438.1990120819178 7.589772960439336e-18
438.26108265781556 7.523658001444424e-18
438.3231532337133 7.533552538625473e-18
438.3852238096111 7.293210799258476e-18
438.4472943855088 7.153053646083603e-18
438.5093649614066 7.476197036846858e-18
438.5714355373044 7.534508634944985e-18
438.63350611320215 7.404686375951607e-18
438.69557668909994 7.42409347574904e-18
438.7576472649977 7.234577114199335e-18
438.81971784089546 7.224906354118213e-18
438.88178841679326 7.147262090348177e-18
438.943858992691 7.218094609631874e-18
439.0059295685888 7.077059579974521e-18
439.0680001444865 7.294999860481093e-18
439.1300707203843 7.504141169278884e-18
439.1921412962821 7.417891334470252e-18
439.25421187217984 7.589725313379755e-18
439.31628244807763 7.58684270971098e-18
439.37835302397536 7.318662267602697e-18
439.44042359987316 7.598431067986632e-18
439.50249417577095 7.480571450971545e-18
439.5645647516687 6.986580278046676e-18
439.6266353275664 7.233783854833839e-18
439.6887059034642 7.700336190392552e-18
439.750776479362 7.568331079757554e-18
439.81284705525974 7.378793966991314e-18
439.87491763115753 7.545531693063286e-18
439.93698820705526 7.395775267060119e-18
439.99905878295306 7.479598715974275e-18
440.06112935885085 7.479345570544837e-18
440.1231999347486 7.551787744270349e-18
440.1852705106464 7.319473270518218e-18
440.2473410865441 7.29949263700929e-18
440.3094116624419 7.511107423028546e-18
440.3714822383397 7.267816854443925e-18
440.43355281423743 7.544750462899775e-18
440.4956233901352 7.508520461155407e-18
440.55769396603296 7.497134146602797e-18
440.61976454193075 7.424109594948694e-18
440.68183511782854 7.494833846234115e-18
440.7439056937263 7.551107735857177e-18
440.80597626962407 7.3207187968448e-18
440.8680468455218 7.496903912112572e-18
440.9301174214196 7.281387288004803e-18
440.9921879973174 7.065701141059017e-18
441.0542585732151 7.585886720729414e-18
441.11632914911286 7.505002387504729e-18
441.17839972501065 7.540902060121979e-18
441.24047030090844 7.579217289843525e-18
441.3025408768062 7.406340204805014e-18
441.36461145270397 7.494845007297491e-18
441.4266820286017 7.398218131531714e-18
441.4887526044995 7.7235998090671e-18
441.5508231803973 7.520474734349632e-18
441.612893756295 7.583285130889749e-18
441.6749643321928 7.42950438477638e-18
441.73703490809055 7.62773163131425e-18
441.79910548398834 7.469648742398651e-18
441.86117605988613 7.479637606426922e-18
441.92324663578387 7.316901364372274e-18
441.98531721168166 7.36058263512673e-18
442.0473877875794 7.507584823665766e-18
442.1094583634772 7.588777742471377e-18
442.171528939375 7.313306400914333e-18
442.2335995152727 7.475088955039023e-18
442.2956700911705 7.496242633016478e-18
442.35774066706824 7.258953707225492e-18
442.41981124296603 7.430979193742965e-18
442.4818818188638 7.463680906030485e-18
442.54395239476156 7.40541038220421e-18
442.60602297065935 7.67323553574701e-18
442.6680935465571 7.793986056934578e-18
442.7301641224549 7.586226663982565e-18
442.7922346983527 7.333633373916712e-18
442.8543052742504 7.636853139714985e-18
442.91637585014814 7.876016299413043e-18
442.97844642604593 7.822458780614545e-18
443.0405170019437 7.241561873154103e-18
443.10258757784146 7.252989141383396e-18
443.16465815373925 7.804548912047224e-18
443.226728729637 7.715624658314001e-18
443.2887993055348 7.435076096416668e-18
443.3508698814326 7.398944736515612e-18
443.4129404573303 7.643810701071398e-18
443.4750110332281 7.644991840209598e-18
443.53708160912583 7.539540005653499e-18
443.5991521850236 7.733806888615262e-18
443.6612227609214 7.510158570481811e-18
443.72329333681915 7.759572773620214e-18
443.78536391271695 7.651447531811116e-18
443.8474344886147 7.69985382357265e-18
443.9095050645125 7.722247187104879e-18
443.97157564041026 7.701435806612571e-18
444.033646216308 7.784983450160139e-18
444.0957167922058 8.023986223549616e-18
444.1577873681035 7.808888513990036e-18
444.2198579440013 7.458385648742243e-18
444.2819285198991 7.550906276555925e-18
444.34399909579685 7.430100502523078e-18
444.4060696716946 7.523475175998318e-18
444.4681402475924 7.735452697358113e-18
444.53021082349017 7.775930786965532e-18
444.5922813993879 7.723213124671656e-18
444.6543519752857 7.571605519267875e-18
444.7164225511834 7.609995794893595e-18
444.7784931270812 7.863435895068773e-18
444.840563702979 7.678383130947636e-18
444.90263427887675 7.936157415713896e-18
444.96470485477454 8.16606431447321e-18
445.0267754306723 7.945094641975415e-18
445.08884600657007 7.993122562851292e-18
445.15091658246786 7.924359623939596e-18
445.2129871583656 8.134913012552746e-18
445.2750577342634 8.036231259702742e-18
445.3371283101611 7.754480542347692e-18
445.3991988860589 7.758860363862595e-18
445.4612694619567 7.728030273774154e-18
445.52334003785444 7.601020502991293e-18
445.58541061375223 7.440190166644748e-18
445.64748118964997 7.391294623347e-18
445.70955176554776 7.669147216609069e-18
445.77162234144555 7.856977771503766e-18
445.8336929173433 7.787050518994266e-18
445.895763493241 7.874502590386912e-18
445.9578340691388 7.608239205535389e-18
446.0199046450366 7.54098814454759e-18
446.08197522093434 7.702670724703651e-18
446.14404579683213 7.825687215135502e-18
446.20611637272987 7.765276022657511e-18
446.26818694862766 7.794140084084932e-18
446.33025752452545 7.868157784543538e-18
446.3923281004232 8.006067298635979e-18
446.454398676321 8.019045745055744e-18
446.5164692522187 7.810950937787382e-18
446.5785398281165 7.810812672867166e-18
446.6406104040143 7.76071303920791e-18
446.70268097991203 7.754288114113465e-18
446.7647515558098 7.819435610830437e-18
446.82682213170756 8.031665680090179e-18
446.88889270760535 7.752808747684777e-18
446.95096328350314 7.9046256855523e-18
447.0130338594009 7.764152109948955e-18
447.07510443529867 8.062117210744549e-18
447.1371750111964 7.815089838982482e-18
447.1992455870942 7.646911804686695e-18
447.261316162992 7.885697259198458e-18
447.3233867388897 7.864365732980408e-18
447.3854573147875 7.703042713312498e-18
447.44752789068525 7.734867418077961e-18
447.50959846658304 7.779933362577294e-18
447.57166904248083 7.698972275676856e-18
447.63373961837857 7.824701874225467e-18
447.6958101942763 7.726759314854235e-18
447.7578807701741 7.943579685805549e-18
447.8199513460719 8.082769662515856e-18
447.8820219219696 7.840500585564174e-18
447.9440924978674 7.660396173304778e-18
448.00616307376515 7.760825873903962e-18
448.06823364966294 7.774213006999747e-18
448.13030422556074 7.679902110492696e-18
448.19237480145847 7.380322233194772e-18
448.25444537735626 7.90913908099485e-18
448.316515953254 7.731063224315245e-18
448.3785865291518 7.679561924148624e-18
448.4406571050496 7.621438279347273e-18
448.5027276809473 7.483759518210571e-18
448.5647982568451 7.779948219628323e-18
448.62686883274284 7.995968721909918e-18
448.68893940864064 8.814244779530792e-18
448.7510099845384 9.733651080514853e-18
448.81308056043616 1.0639067742526058e-17
448.87515113633395 1.1309731560907827e-17
448.9372217122317 1.1278450473776796e-17
448.9992922881295 1.1002083692959222e-17
449.0613628640273 1.0709832561102308e-17
449.123433439925 1.0186772039132888e-17
449.18550401582274 9.606353525210278e-18
449.24757459172054 9.063573426358136e-18
449.3096451676183 8.378011666672322e-18
449.37171574351606 7.981718754406909e-18
449.43378631941385 7.785756974455741e-18
449.4958568953116 7.80226660429771e-18
449.5579274712094 7.671084475315326e-18
449.6199980471072 7.592198504296266e-18
449.6820686230049 7.594642779446851e-18
449.7441391989027 7.546635951731656e-18
449.80620977480044 7.71216822735885e-18
449.8682803506982 7.446706591148149e-18
449.930350926596 7.536920325049589e-18
449.99242150249376 7.482589469952147e-18
450.05449207839155 7.335507310414576e-18
450.1165626542893 7.428420313014492e-18
450.1786332301871 7.613603914135224e-18
450.24070380608487 7.68073776034563e-18
450.3027743819826 7.398908766571623e-18
450.3648449578804 7.412085349625497e-18
450.42691553377813 7.470882243184233e-18
450.4889861096759 7.183695856542958e-18
450.5510566855737 7.282261888954533e-18
450.61312726147145 7.549612803460291e-18
450.6751978373692 7.523909296281033e-18
450.737268413267 7.31765442394003e-18
450.79933898916477 7.42012956715029e-18
450.86140956506256 7.417720637562306e-18
450.9234801409603 7.491823046729388e-18
450.98555071685803 7.513795086542468e-18
451.0476212927558 7.941968872851037e-18
451.1096918686536 8.199924168632424e-18
451.17176244455135 8.201533432204658e-18
451.23383302044914 8.267967017150554e-18
451.2959035963469 8.128877331933422e-18
451.35797417224467 8.193455136869175e-18
451.42004474814246 8.23258648718179e-18
451.4821153240402 7.885538860942815e-18
451.544185899938 7.703221318502958e-18
451.6062564758357 7.813072168574314e-18
451.6683270517335 7.721153256245552e-18
451.7303976276313 7.57396862076309e-18
451.79246820352904 7.096211359415005e-18
451.85453877942683 7.347218222150781e-18
451.91660935532457 7.23351154926433e-18
451.97867993122236 7.30607462503735e-18
452.04075050712015 7.459866434054586e-18
452.1028210830179 7.175856674540573e-18
452.1648916589157 7.130292975393372e-18
452.2269622348134 7.369304135946299e-18
452.2890328107112 7.735961556186105e-18
452.351103386609 7.524014527784847e-18
452.41317396250673 7.409592125702114e-18
452.47524453840447 7.385933711172864e-18
452.53731511430226 7.554821077019217e-18
452.59938569020005 7.220449295511983e-18
452.6614562660978 7.63299696546322e-18
452.7235268419956 7.38477766274536e-18
452.7855974178933 7.527846148537336e-18
452.8476679937911 7.422371779492253e-18
452.9097385696889 7.893609619461852e-18
452.97180914558663 7.43639584602131e-18
453.0338797214844 7.439338179061791e-18
453.09595029738216 8.04499002538614e-18
453.15802087327995 7.54367683352482e-18
453.22009144917774 7.266756723410352e-18
453.2821620250755 7.79861667631948e-18
453.34423260097327 7.34457889450102e-18
453.406303176871 7.651951894026585e-18
453.4683737527688 7.30480266025572e-18
453.5304443286666 7.530507987313053e-18
453.5925149045643 7.747714023844535e-18
453.6545854804621 7.832219557971779e-18
453.71665605635985 7.348264680745574e-18
453.77872663225764 7.862476289466512e-18
453.84079720815544 7.389315627631755e-18
453.90286778405317 7.359190526997533e-18
453.9649383599509 7.349128244134709e-18
454.0270089358487 7.734895968049707e-18
454.0890795117465 7.440489426957598e-18
454.1511500876442 7.450107463653743e-18
454.213220663542 7.296107766788517e-18
454.27529123943975 7.543487109591414e-18
454.33736181533754 7.771414029579696e-18
454.39943239123534 7.597140790250242e-18
454.4615029671331 7.276521104066169e-18
454.52357354303086 7.374340962901954e-18
454.5856441189286 7.316584200104055e-18
454.6477146948264 7.115715261819175e-18
454.7097852707242 7.40273623439546e-18
454.7718558466219 7.567838265420005e-18
454.8339264225197 7.739591784203661e-18
454.89599699841744 7.41163233085892e-18
454.95806757431524 7.234205597491017e-18
455.02013815021303 7.712349977320491e-18
455.08220872611076 7.558622172230975e-18
455.14427930200856 6.997175039018829e-18
455.2063498779063 7.245648817495446e-18
455.2684204538041 7.381890832876705e-18
455.3304910297019 7.696015076003058e-18
455.3925616055996 7.509589351512587e-18
455.4546321814974 7.354410747384047e-18
455.51670275739514 7.684936330540827e-18
455.57877333329293 7.700481438133472e-18
455.6408439091907 7.62304054417788e-18
455.70291448508846 7.465814466524511e-18
455.7649850609862 7.38564993815638e-18
455.827055636884 7.23355880916974e-18
455.8891262127818 7.395278605440172e-18
455.9511967886795 7.49212874952905e-18
456.0132673645773 7.523782384330541e-18
456.07533794047504 7.433972305384258e-18
456.13740851637283 7.548182065558864e-18
456.1994790922706 7.593013077857606e-18
456.26154966816836 7.663581048458172e-18
456.32362024406615 7.790857958324268e-18
456.3856908199639 7.612819936777585e-18
456.4477613958617 7.660782551491893e-18
456.50983197175947 7.586774757374603e-18
456.5719025476572 7.41546599527058e-18
456.633973123555 7.430801643489553e-18
456.69604369945273 7.51173824762296e-18
456.7581142753505 7.641149030772463e-18
456.8201848512483 7.587002608589684e-18
456.88225542714605 7.419886639382416e-18
456.94432600304384 7.397674169407347e-18
457.0063965789416 7.43289637399246e-18
457.06846715483937 7.352465226241491e-18
457.1305377307371 7.353008852113537e-18
457.1926083066349 7.639041830409321e-18
457.2546788825327 7.694992575808472e-18
457.3167494584304 7.572143264193604e-18
457.3788200343282 7.624070613776882e-18
457.44089061022595 7.658085296188121e-18
457.50296118612374 7.576220113569617e-18
457.5650317620215 7.16035865115357e-18
457.62710233791927 7.180035417231938e-18
457.68917291381706 7.364177012363549e-18
457.7512434897148 7.67176195889384e-18
457.8133140656126 7.320379964451418e-18
457.8753846415103 7.453496790895432e-18
457.9374552174081 7.454368238086586e-18
457.9995257933059 7.246440932136979e-18
458.06159636920364 7.218092749429715e-18
458.12366694510143 7.239596380821416e-18
458.18573752099917 7.377374542394454e-18
458.24780809689696 7.411393338475636e-18
458.30987867279475 6.915836526222951e-18
458.3719492486925 7.226222844089668e-18
458.4340198245903 7.08557865802243e-18
458.496090400488 7.031436283401994e-18
458.5581609763858 7.031228750659091e-18
458.6202315522836 7.115651600230799e-18
458.68230212818133 7.301407104925347e-18
458.7443727040791 7.333999273225018e-18
458.80644327997686 7.222134394513548e-18
458.86851385587465 6.94267490181748e-18
458.9305844317724 7.051217424786584e-18
458.9926550076702 7.090805859573919e-18
459.0547255835679 7.277062802145902e-18
459.1167961594657 7.152702011358966e-18
459.1788667353635 7.124768866780932e-18
459.24093731126123 6.848223353240889e-18
459.303007887159 7.106333014102232e-18
459.36507846305676 7.370088344537745e-18
459.42714903895455 6.964613613485232e-18
459.48921961485235 6.973964822830243e-18
459.5512901907501 7.060723382791409e-18
459.6133607666479 7.191019320568774e-18
459.6754313425456 6.927575513560324e-18
459.7375019184434 7.083601633557257e-18
459.7995724943412 7.139100386337842e-18
459.8616430702389 7.113885400403402e-18
459.9237136461367 7.122571544250429e-18
459.98578422203445 7.048861786549517e-18
460.04785479793225 7.215794921246054e-18
460.10992537383004 7.23733059658828e-18
460.1719959497278 7.149716302375902e-18
460.23406652562556 6.903788551421269e-18
460.2961371015233 7.094033819449908e-18
460.3582076774211 7.23793261895464e-18
460.4202782533188 7.07562927105593e-18
460.4823488292166 6.8110117977659194e-18
460.5444194051144 6.9315878021985775e-18
460.60648998101215 6.97561210802017e-18
460.66856055690994 7.21954903931029e-18
460.7306311328077 7.522710700898088e-18
460.79270170870547 7.23714283340823e-18
460.8547722846032 7.318012663543218e-18
460.916842860501 7.522665327034957e-18
460.9789134363988 7.293650807601468e-18
461.0409840122965 7.388421623398739e-18
461.1030545881943 7.326097202172132e-18
461.16512516409205 7.199264162156523e-18
461.22719573998984 7.379622271819499e-18
461.28926631588763 7.25525381376839e-18
461.35133689178537 7.081813628279737e-18
461.41340746768316 7.202139345005617e-18
461.4754780435809 7.323406190502509e-18
461.5375486194787 7.221000803427361e-18
461.5996191953765 7.13661803627504e-18
461.6616897712742 7.153576029645265e-18
461.723760347172 7.253107299409898e-18
461.78583092306974 7.238066144019295e-18
461.84790149896753 7.227346719203829e-18
461.90997207486527 7.221778655036348e-18
461.97204265076306 7.132002883742456e-18
462.03411322666085 7.183921999027434e-18
462.0961838025586 7.179218422203922e-18
462.1582543784564 6.783320280703417e-18
462.2203249543541 6.846881203239148e-18
462.2823955302519 7.194568906826899e-18
462.34446610614964 7.255362782404274e-18
462.40653668204743 7.18334899512542e-18
462.4686072579452 7.073411574143013e-18
462.53067783384296 7.067149306669064e-18
462.59274840974075 7.149646330374238e-18
462.6548189856385 7.029426767353905e-18
462.7168895615363 7.307071898789009e-18
462.77896013743407 7.10998146023603e-18
462.8410307133318 6.974850975375754e-18
462.9031012892296 7.155195398979138e-18
462.96517186512733 7.250800073071384e-18
463.0272424410251 6.628103689396192e-18
463.0893130169229 6.876405112025243e-18
463.15138359282065 6.967919652048487e-18
463.21345416871844 6.925300273578877e-18
463.2755247446162 6.955554828123105e-18
463.33759532051397 7.002379581496587e-18
463.39966589641176 7.326829147793334e-18
463.4617364723095 7.000816700093375e-18
463.5238070482073 6.9594070151685e-18
463.585877624105 6.92442002797484e-18
463.6479482000028 6.963005894212536e-18
463.71001877590055 7.033262001354175e-18
463.77208935179834 6.974685836154605e-18
463.8341599276961 7.004363618835883e-18
463.89623050359387 7.06007970209682e-18
463.95830107949166 7.098162382512024e-18
464.0203716553894 7.181538675111575e-18
464.0824422312872 6.957794093584469e-18
464.1445128071849 6.930713431765183e-18
464.2065833830827 6.881257508512066e-18
464.2686539589805 7.113889875627608e-18
464.33072453487824 6.8201934168457215e-18
464.39279511077604 6.972329884497093e-18
464.45486568667377 7.090705198906812e-18
464.51693626257156 6.866505505191966e-18
464.57900683846935 6.7895244672283926e-18
464.6410774143671 7.200480469199155e-18
464.7031479902649 6.776238656184141e-18
464.7652185661626 6.7837642189826635e-18
464.8272891420604 6.934186866370179e-18
464.8893597179582 6.834288021153548e-18
464.95143029385594 7.16884462114044e-18
465.0135008697537 7.179933005882398e-18
465.07557144565146 6.885093926274356e-18
465.13764202154925 7.079252906993931e-18
465.199712597447 7.02143635120335e-18
465.2617831733448 6.793763825159739e-18
465.3238537492426 7.001319324919438e-18
465.3859243251403 6.890264526593863e-18
465.4479949010381 6.791853622680362e-18
465.51006547693584 6.8076688299254755e-18
465.5721360528336 6.656942483768831e-18
465.63420662873136 6.644867446829471e-18
465.69627720462915 6.743651196707456e-18
465.75834778052695 6.930836673975921e-18
465.8204183564247 6.86634206668821e-18
465.8824889323225 7.35799681782061e-18
465.9445595082202 6.763044266267486e-18
466.006630084118 6.712256454845678e-18
466.0687006600158 7.000076993301199e-18
466.1307712359135 7.149826135860535e-18
466.1928418118113 6.5031975012908036e-18
466.25491238770906 7.219796072532036e-18
466.31698296360685 7.017425708674317e-18
466.37905353950464 6.828087859680636e-18
466.4411241154024 6.762021897067588e-18
466.50319469130017 6.999351252644642e-18
466.5652652671979 6.958226902423888e-18
466.6273358430957 6.7132790384554505e-18
466.6894064189935 6.636474086297019e-18
466.7514769948912 6.90917571208422e-18
466.813547570789 6.843047749829603e-18
466.87561814668675 6.806663680173527e-18
466.93768872258454 6.700527504324315e-18
466.9997592984823 6.589059611730995e-18
467.06182987438007 6.82147597052678e-18
467.1239004502778 6.702156559816243e-18
467.1859710261756 6.8290131442833385e-18
467.2480416020734 6.772586925294732e-18
467.3101121779711 7.019827426164428e-18
467.3721827538689 6.861201336348809e-18
467.43425332976665 6.947093358102187e-18
467.49632390566444 7.033912838587721e-18
467.55839448156223 6.963388091015077e-18
467.62046505745997 7.084719421886068e-18
467.68253563335776 6.946288158744669e-18
467.7446062092555 7.003766806796277e-18
467.8066767851533 7.139398272532657e-18
467.8687473610511 6.827395096832767e-18
467.9308179369488 6.704480476168081e-18
467.9928885128466 6.7615269246995994e-18
468.05495908874434 6.912989134017676e-18
468.11702966464213 6.991575898840419e-18
468.1791002405399 7.113437569659907e-18
468.24117081643766 7.050114762957026e-18
468.30324139233545 6.972044750475257e-18
468.3653119682332 6.901181604558542e-18
468.427382544131 6.969605277754257e-18
468.4894531200287 6.938387614212892e-18
468.5515236959265 6.741904706990592e-18
468.6135942718243 6.741290662862056e-18
468.67566484772203 6.8482609924914614e-18
468.7377354236198 6.81870537361031e-18
468.79980599951756 6.79682589229032e-18
468.86187657541535 6.857427751647101e-18
468.9239471513131 6.903358247791336e-18
468.9860177272109 6.993841041246946e-18
469.04808830310867 6.948306065847827e-18
469.1101588790064 6.638827669781823e-18
469.1722294549042 6.703357241834531e-18
469.23430003080193 6.743070174073604e-18
469.2963706066997 6.805178835829481e-18
469.3584411825975 6.832271706971499e-18
469.42051175849525 6.752386328470854e-18
469.48258233439304 6.878231733750583e-18
469.5446529102908 6.912778931943906e-18
469.60672348618857 6.8462307130638136e-18
469.66879406208636 6.74990323364105e-18
469.7308646379841 6.8063979922145065e-18
469.7929352138819 6.788242165117714e-18
469.8550057897796 6.780119883231306e-18
469.9170763656774 6.70806197186818e-18
469.97914694157515 6.675985790080658e-18
470.04121751747294 6.76194565847384e-18
470.10328809337074 6.7312544016130834e-18
470.16535866926847 6.8182950545667455e-18
470.22742924516626 6.846820862684361e-18
470.289499821064 6.78702287917031e-18
470.3515703969618 6.7201747864728055e-18
470.4136409728595 6.668220302283263e-18
470.4757115487573 6.644871473491091e-18
470.5377821246551 6.656479017197514e-18
470.59985270055284 6.700278594894914e-18
470.66192327645064 6.72982603352903e-18
470.72399385234837 6.934020505299804e-18
470.78606442824616 6.919882369055654e-18
470.84813500414396 6.769440493746946e-18
470.9102055800417 6.9053613466421765e-18
470.9722761559395 6.699784908098914e-18
471.0343467318372 6.871092064039552e-18
471.096417307735 6.996612576546302e-18
471.1584878836328 6.901484007058198e-18
471.22055845953054 6.745644656538562e-18
471.28262903542833 6.643530050877204e-18
471.34469961132606 6.763623214663928e-18
471.40677018722386 6.8981387630986835e-18
471.46884076312165 6.810145954613263e-18
471.5309113390194 6.804860560850266e-18
471.5929819149172 6.957127704979765e-18
471.6550524908149 6.846513944006812e-18
471.7171230667127 6.969678123393073e-18
471.77919364261044 7.005889094182279e-18
471.84126421850823 6.7925415239533535e-18
471.90333479440596 6.677305350850743e-18
471.96540537030376 6.97681842059126e-18
472.02747594620155 6.738032396025237e-18
472.0895465220993 6.514104481473059e-18
472.1516170979971 6.5862785793913196e-18
472.2136876738948 6.532105703431038e-18
472.2757582497926 6.5299145966637274e-18
472.3378288256904 6.56139042788073e-18
472.39989940158813 6.630904226310327e-18
472.4619699774859 6.652723184461494e-18
472.52404055338366 6.733381544812585e-18
472.58611112928145 6.658917175453172e-18
472.64818170517924 6.442673297063606e-18
472.710252281077 6.5471252953724805e-18
472.77232285697477 7.124475332570488e-18
472.8343934328725 6.847600798356018e-18
472.8964640087703 6.586428629263367e-18
472.9585345846681 6.542394502196318e-18
473.0206051605658 6.402634488474211e-18
473.0826757364636 6.625844221243078e-18
473.14474631236135 6.675475748339332e-18
473.20681688825914 6.816943278533564e-18
473.2688874641569 6.651151979569926e-18
473.33095804005467 6.578035465046524e-18
473.39302861595246 6.6494462555659395e-18
473.4550991918502 6.688984295776312e-18
473.517169767748 6.5598312798385945e-18
473.5792403436457 6.396734386441804e-18
473.6413109195435 6.735556596386933e-18
473.70338149544125 6.486814774544965e-18
473.76545207133904 6.703416579687052e-18
473.82752264723683 6.496682592414896e-18
473.88959322313457 6.3104529028534315e-18
473.95166379903236 6.614920524614686e-18
474.0137343749301 6.571703876533149e-18
474.0758049508279 6.7479624410484265e-18
474.1378755267257 6.538040319405214e-18
474.1999461026234 6.539463331944798e-18
474.2620166785212 6.594338897898956e-18
474.32408725441894 6.731789275139566e-18
474.38615783031673 6.421444888453502e-18
474.4482284062145 6.558910596827481e-18
474.51029898211226 6.981245558985918e-18
474.57236955801005 6.588310228887407e-18
474.6344401339078 6.6082731433217405e-18
474.6965107098056 6.502321005897165e-18
474.75858128570337 6.45559331730204e-18
474.8206518616011 6.589126122107025e-18
474.8827224374989 6.519780558467183e-18
474.94479301339663 6.669340235137634e-18
475.0068635892944 6.545554310236453e-18
475.06893416519216 6.4328500699691385e-18
475.13100474108995 6.675385978678951e-18
475.1930753169877 6.5495024694724704e-18
475.2551458928855 6.454995953942729e-18
475.3172164687833 6.5763654869562795e-18
475.379287044681 6.590005205314782e-18
475.4413576205788 6.47426099780226e-18
475.50342819647653 6.46271260037657e-18
475.5654987723743 6.531587391755791e-18
475.6275693482721 6.1481474129355816e-18
475.68963992416985 6.3450429730357655e-18
475.75171050006765 6.605812285364725e-18
475.8137810759654 6.605852460318103e-18
475.8758516518632 6.628215768980696e-18
475.93792222776096 6.427734165744102e-18
475.9999928036587 6.521627217734826e-18
476.0620633795565 6.335627086075954e-18
476.1241339554542 6.576235683926889e-18
476.186204531352 6.601801194787048e-18
476.2482751072498 6.4729572329275176e-18
476.31034568314755 6.358018363883681e-18
476.37241625904534 6.301206738150952e-18
476.4344868349431 6.296138425278073e-18
476.49655741084086 6.499346820209891e-18
476.5586279867386 6.519401439815968e-18
476.6206985626364 6.466412719190558e-18
476.6827691385342 6.163945529868916e-18
476.7448397144319 6.424420102904501e-18
476.8069102903297 6.4052805579740855e-18
476.86898086622745 6.391654349925923e-18
476.93105144212524 6.4616458907677665e-18
476.993122018023 6.4267056994700345e-18
477.05519259392076 6.358397987456968e-18
477.11726316981856 6.5965408583886996e-18
477.1793337457163 6.38879981458547e-18
477.2414043216141 6.1472064718276514e-18
477.3034748975118 6.350171051876027e-18
477.3655454734096 6.204114996609461e-18
477.4276160493074 6.220656408782808e-18
477.48968662520514 6.317217544378098e-18
477.55175720110293 6.108425723693568e-18
477.61382777700067 6.321675694116778e-18
477.67589835289846 6.2877078424164376e-18
477.73796892879625 6.176922208060414e-18
477.800039504694 6.156568638952857e-18
477.8621100805918 6.368853990866041e-18
477.9241806564895 6.567889792832649e-18
477.9862512323873 6.0822561832814724e-18
478.04832180828504 6.1030835192443194e-18
478.11039238418283 6.271206414988001e-18
478.1724629600806 6.242003432302182e-18
478.23453353597836 6.2016976702893386e-18
478.29660411187615 6.170045934798912e-18
478.3586746877739 6.018743973963329e-18
478.4207452636717 6.126962608499135e-18
478.4828158395694 6.162072479724862e-18
478.5448864154672 6.131565064009974e-18
478.606956991365 6.1638086365379375e-18
478.66902756726273 6.137785859813777e-18
478.7310981431605 6.152995776731394e-18
478.79316871905826 6.086883138593162e-18
478.85523929495605 5.948260114143522e-18
478.91730987085384 6.212805427344745e-18
478.9793804467516 6.187401695464283e-18
479.04145102264937 6.215797395474653e-18
479.1035215985471 6.135780169222272e-18
479.1655921744449 6.203036837475062e-18
479.2276627503427 6.100501092646303e-18
479.2897333262404 5.999792675422316e-18
479.3518039021382 6.192257273827581e-18
479.41387447803595 6.141618681686774e-18
479.47594505393374 5.97090261577625e-18
479.53801562983153 6.061230014588887e-18
479.60008620572927 6.07827704081295e-18
479.66215678162706 5.905186021851639e-18
479.7242273575248 6.0126231107604624e-18
479.7862979334226 6.17422581426622e-18
479.8483685093203 6.055139252479996e-18
479.9104390852181 6.001551595243132e-18
479.97250966111585 6.009146940778708e-18
480.03458023701364 6.107639796059021e-18
480.09665081291143 6.126711809140879e-18
480.15872138880917 6.067897998471124e-18
480.22079196470696 5.971571290326527e-18
480.2828625406047 6.074474700923061e-18
480.3449331165025 6.200856119813693e-18
480.4070036924003 6.176686444757103e-18
480.469074268298 6.2097173069478085e-18
480.5311448441958 6.079040228140838e-18
480.59321542009354 5.999880668095771e-18
480.65528599599133 5.963477944562501e-18
480.7173565718891 6.127246933880835e-18
480.77942714778686 6.056552428115522e-18
480.84149772368465 5.88298307078218e-18
480.9035682995824 5.872894689381069e-18
480.9656388754802 5.6844146143143794e-18
481.027709451378 5.831065848837541e-18
481.0897800272757 5.943141790492474e-18
481.1518506031735 5.826580260402336e-18
481.21392117907124 5.768413045192023e-18
481.275991754969 5.895794641846393e-18
481.33806233086676 5.9388100081180074e-18
481.40013290676455 5.758409673622768e-18
481.46220348266235 5.708637757398798e-18
481.5242740585601 5.73338381496459e-18
481.5863446344579 5.781050356081271e-18
481.6484152103556 5.891853578324689e-18
481.7104857862534 5.899602440942024e-18
481.77255636215114 5.9434571839395194e-18
481.8346269380489 6.196086701130204e-18
481.8966975139467 5.863561224697195e-18
481.95876808984445 5.741833512789753e-18
482.02083866574225 5.942793655615927e-18
482.08290924164 5.930431506036012e-18
482.1449798175378 5.960031240194216e-18
482.20705039343557 5.753804847058493e-18
482.2691209693333 5.9808951634847955e-18
482.3311915452311 5.949439177798641e-18
482.3932621211288 5.788399213807108e-18
482.4553326970266 5.817999774262086e-18
482.5174032729244 5.869181634039806e-18
482.57947384882215 5.684586043521548e-18
482.64154442471994 5.653193169290928e-18
482.7036150006177 5.8523256112035285e-18
482.76568557651547 5.855561851046181e-18
482.82775615241326 5.816473141958769e-18
482.889826728311 5.981621316903648e-18
482.9518973042088 6.029977583246214e-18
483.0139678801065 5.791494965670433e-18
483.0760384560043 5.99528511549536e-18
483.13810903190205 6.144928821457913e-18
483.20017960779984 5.823210044510929e-18
483.2622501836976 5.824951034365372e-18
483.32432075959537 5.8513630582638905e-18
483.38639133549316 5.884112418705589e-18
483.4484619113909 5.672923171781081e-18
483.5105324872887 5.612875968848227e-18
483.5726030631864 5.872468141123256e-18
483.6346736390842 5.7026446998642534e-18
483.696744214982 6.0202171994539025e-18
483.75881479087974 5.844979125409849e-18
483.82088536677753 5.865775081045366e-18
483.88295594267527 5.908340382277955e-18
483.94502651857306 5.760681075814314e-18
484.00709709447085 5.6734853676138976e-18
484.0691676703686 5.8721283553648595e-18
484.1312382462664 5.814010918563006e-18
484.1933088221641 5.98708983080608e-18
484.2553793980619 5.9394883019386026e-18
484.3174499739597 5.7952594478968034e-18
484.37952054985743 5.810959003852513e-18
484.4415911257552 5.870814694125519e-18
484.50366170165296 5.844301346537534e-18
484.56573227755075 5.815042480193543e-18
484.6278028534485 5.966177595052192e-18
484.6898734293463 5.949526486477273e-18
484.75194400524407 5.7540940875592286e-18
484.8140145811418 5.897883044303767e-18
484.8760851570396 5.7322597858266125e-18
484.93815573293733 5.7276884372455875e-18
485.0002263088351 5.991621482560735e-18
485.06229688473286 5.787510471978266e-18
485.12436746063065 5.799133555956946e-18
485.18643803652844 6.086245962947661e-18
485.2485086124262 6.138432603494394e-18
485.31057918832397 5.843525119747495e-18
485.3726497642217 5.684422287478922e-18
485.4347203401195 5.80905405345744e-18
485.4967909160173 5.9021087332344096e-18
485.558861491915 5.830341949384027e-18
485.6209320678128 6.03656965157022e-18
485.68300264371055 6.099368788896853e-18
485.74507321960834 5.836816053024412e-18
485.80714379550614 5.79007687477033e-18
485.86921437140387 5.882060892679571e-18
485.93128494730166 5.7677914101064084e-18
485.9933555231994 5.6193405288951115e-18
486.0554260990972 5.80660171864904e-18
486.1174966749949 5.946888606328946e-18
486.1795672508927 5.834329152167061e-18
486.2416378267905 5.781396284628034e-18
486.30370840268824 5.97669196107896e-18
486.36577897858604 5.9156218355575066e-18
486.42784955448377 5.9029044165958686e-18
486.48992013038156 5.691404135182794e-18
486.5519907062793 5.8654110927391086e-18
486.6140612821771 5.4472602936420256e-18
486.6761318580749 5.6788044530313514e-18
486.7382024339726 5.896442743400736e-18
486.8002730098704 5.944978533998191e-18
486.86234358576814 5.905975981470274e-18
486.92441416166594 5.962037714433376e-18
486.9864847375637 5.935017670305371e-18
487.04855531346146 5.8734891131419805e-18
487.11062588935926 5.817729716238191e-18
487.172696465257 5.635047098070613e-18
487.2347670411548 5.863391960477569e-18
487.2968376170526 5.850830997854598e-18
487.3589081929503 5.925903067270575e-18
487.4209787688481 5.794548573215642e-18
487.48304934474584 5.842163467580684e-18
487.54511992064363 5.844548064234979e-18
487.6071904965414 5.914341302212751e-18
487.66926107243916 5.763680739415626e-18
487.73133164833695 5.985868202395535e-18
487.7934022242347 5.733122189121984e-18
487.8554728001325 5.538372134607593e-18
487.9175433760302 5.7477495798198056e-18
487.979613951928 5.9965043788516885e-18
488.0416845278258 5.7238140450029735e-18
488.10375510372353 5.799880425827546e-18
488.1658256796213 5.6293023850863254e-18
488.22789625551906 5.867485683219482e-18
488.28996683141685 5.7490656202755595e-18
488.3520374073146 5.6368319822943564e-18
488.4141079832124 5.736365081472487e-18
488.47617855911017 6.038439116556062e-18
488.5382491350079 5.633914375301322e-18
488.6003197109057 5.762263447541288e-18
488.66239028680343 5.601460715885276e-18
488.7244608627012 5.681317324774395e-18
488.786531438599 5.755668868252414e-18
488.84860201449675 5.794095227964546e-18
488.91067259039454 5.64151696243989e-18
488.9727431662923 5.6666505091638516e-18
489.03481374219007 5.791495057758247e-18
489.09688431808786 5.638280332330342e-18
489.1589548939856 5.903473651799074e-18
489.2210254698834 5.916815133729487e-18
489.2830960457811 5.7175064809957365e-18
489.3451666216789 5.771545401388362e-18
489.40723719757665 5.768559798140983e-18
489.46930777347444 5.823534159206036e-18
489.53137834937223 5.785202327335919e-18
489.59344892526997 5.906553605826451e-18
489.65551950116776 5.962944142919651e-18
489.7175900770655 6.0034790965243855e-18
489.7796606529633 5.7383145815848164e-18
489.841731228861 5.8628318980097466e-18
489.9038018047588 5.834916366375586e-18
489.9658723806566 5.621135739942027e-18
490.02794295655434 5.991291120103765e-18
490.09001353245213 5.962264189393964e-18
490.15208410834987 5.8907602884566895e-18
490.21415468424766 6.103129001012638e-18
490.27622526014545 5.909213967041508e-18
490.3382958360432 6.120178367899583e-18
490.400366411941 6.0299759650834036e-18
490.4624369878387 5.966722358137243e-18
490.5245075637365 5.841045721893867e-18
490.5865781396343 5.817234154015925e-18
490.64864871553203 5.777765066506798e-18
490.7107192914298 5.801688222335102e-18
490.77278986732756 5.80215921360848e-18
490.83486044322535 5.97177325575375e-18
490.8969310191231 5.6236119399946514e-18
490.9590015950209 5.931872021198205e-18
491.02107217091867 5.613348915819491e-18
491.0831427468164 5.449102552272285e-18
491.1452133227142 5.635089474219735e-18
491.20728389861193 5.835714971092651e-18
491.2693544745097 5.758499859154854e-18
491.3314250504075 5.522914141799993e-18
491.39349562630525 5.7799109472081136e-18
491.45556620220304 5.8475113013753755e-18
491.5176367781008 5.8223695752394325e-18
491.5797073539986 5.688024910596765e-18
491.6417779298963 5.8508353189498195e-18
491.7038485057941 5.8180535280884305e-18
491.7659190816919 5.9983578083319135e-18
491.8279896575896 5.891368036825463e-18
491.8900602334874 5.822662691012796e-18
491.95213080938515 5.923900349020587e-18
492.01420138528295 5.840422329614662e-18
492.07627196118074 5.907600199208279e-18
492.1383425370785 6.036118427494744e-18
492.20041311297626 5.944737727592589e-18
492.262483688874 5.686996205695897e-18
492.3245542647718 5.8166595542213295e-18
492.3866248406696 5.876390061321513e-18
492.4486954165673 5.735563295395835e-18
492.5107659924651 5.782446322596109e-18
492.57283656836285 6.044701418118753e-18
492.63490714426064 5.7786986321776536e-18
492.6969777201584 5.684034789833192e-18
492.75904829605616 5.77377624128472e-18
492.82111887195396 5.879791477371357e-18
492.8831894478517 5.85039819284028e-18
492.9452600237495 5.919396906591995e-18
493.0073305996472 5.844615031070056e-18
493.069401175545 5.930968282330963e-18
493.13147175144275 5.768332055004848e-18
493.19354232734054 5.848131326306024e-18
493.25561290323833 5.862880030229052e-18
493.31768347913606 5.999675293893707e-18
493.37975405503386 5.7910217935401146e-18
493.4418246309316 5.785551921162759e-18
493.5038952068294 5.792090121425714e-18
493.5659657827272 5.8586639172545224e-18
493.6280363586249 5.910527867188953e-18
493.6901069345227 5.768405566084318e-18
493.75217751042044 5.723316360139029e-18
493.81424808631823 5.665314967228544e-18
493.876318662216 5.885900720919179e-18
493.93838923811376 5.885770096108273e-18
494.00045981401155 5.889105937474079e-18
494.0625303899093 5.6528809650631226e-18
494.1246009658071 5.762454943655766e-18
494.1866715417048 5.925906468082731e-18
494.2487421176026 5.892287411516486e-18
494.3108126935004 5.769538215891265e-18
494.37288326939813 5.627163453436941e-18
494.4349538452959 5.698306324495405e-18
494.49702442119366 5.978188541499122e-18
494.55909499709145 6.008585745267049e-18
494.6211655729892 5.781935486084146e-18
494.683236148887 5.709282081673324e-18
494.74530672478477 5.797956806034728e-18
494.8073773006825 5.8872172672131485e-18
494.8694478765803 6.1133769886059125e-18
494.93151845247803 5.89204040806563e-18
494.9935890283758 5.759414222526192e-18
495.0556596042736 5.691165988183622e-18
495.11773018017135 5.777671268005349e-18
495.17980075606914 5.790802023016268e-18
495.2418713319669 5.9033369172711466e-18
495.30394190786467 5.84505122795011e-18
495.36601248376246 5.760407802985827e-18
495.4280830596602 5.908382129515215e-18
495.490153635558 5.87214178311391e-18
495.5522242114557 5.681963021396182e-18
495.6142947873535 5.8191641481442266e-18
495.67636536325125 5.9999299499768354e-18
495.73843593914904 5.747633371383565e-18
495.80050651504683 5.921201277671669e-18
495.86257709094457 5.898909727445259e-18
495.92464766684236 5.96479860256112e-18
495.9867182427401 5.87025705688975e-18
496.0487888186379 5.97133024763908e-18
496.1108593945357 5.724530162610022e-18
496.1729299704334 5.726302969204658e-18
496.2350005463312 5.802311197082278e-18
496.29707112222894 5.858582598996482e-18
496.35914169812673 6.064834652223315e-18
496.42121227402447 5.942876783906137e-18
496.48328284992226 6.088734198883854e-18
496.54535342582005 6.035177037935401e-18
496.6074240017178 5.9993656550014586e-18
496.6694945776156 5.828259180842004e-18
496.7315651535133 5.853361101072201e-18
496.7936357294111 5.953265621028249e-18
496.8557063053089 5.956084713342095e-18
496.91777688120663 5.92557167788768e-18
496.9798474571044 5.776215216121658e-18
497.04191803300216 5.8292768942527965e-18
497.10398860889995 5.857939392944653e-18
497.16605918479775 5.880786832333224e-18
497.2281297606955 5.989747749277963e-18
497.2902003365933 5.840648407628249e-18
497.352270912491 5.9046627850083196e-18
497.4143414883888 6.0005217057531165e-18
497.47641206428654 6.01653926096158e-18
497.5384826401843 6.016017707939274e-18
497.6005532160821 5.993157686220784e-18
497.66262379197985 5.962888297358091e-18
497.72469436787765 6.046211834700576e-18
497.7867649437754 5.990330368159872e-18
497.8488355196732 6.0185720800162465e-18
497.9109060955709 6.144657911292945e-18
497.9729766714687 5.969097713633298e-18
498.0350472473665 6.0346682436894845e-18
498.0971178232642 5.932271151234748e-18
498.159188399162 5.966413497039874e-18
498.22125897505975 6.066037784846856e-18
498.28332955095755 6.078930633429326e-18
498.34540012685534 5.9958649190627054e-18
498.4074707027531 6.112023380886619e-18
498.46954127865087 5.93323630822256e-18
498.5316118545486 6.0039986386206664e-18
498.5936824304464 6.136945740472003e-18
498.6557530063442 5.906266550271812e-18
498.7178235822419 5.954300068566886e-18
498.7798941581397 6.080553012964742e-18
498.84196473403745 6.028418284010229e-18
498.90403530993524 5.9919123743823315e-18
498.966105885833 5.9832163172714495e-18
499.02817646173077 5.983042453205867e-18
499.09024703762856 6.001822175010081e-18
499.1523176135263 5.980937583496058e-18
499.2143881894241 6.005233212888512e-18
499.2764587653218 6.247983103773808e-18
499.3385293412196 6.103623573536803e-18
499.4005999171174 6.0654043395862e-18
499.46267049301514 6.039199946658619e-18
499.52474106891293 6.159388239667737e-18
499.58681164481067 6.135775133417157e-18
499.64888222070846 6.189236769350887e-18
499.7109527966062 6.174709674152631e-18
499.773023372504 6.079094152092172e-18
499.8350939484018 6.067369725385295e-18
499.8971645242995 6.268794330992236e-18
499.9592351001973 6.242774168872835e-18
500.02130567609504 6.114640704776537e-18
500.08337625199283 6.077123362552534e-18
500.1454468278906 6.094401096392955e-18
500.20751740378836 6.258646232454552e-18
500.26958797968615 6.140392713602166e-18
500.3316585555839 6.196249777160386e-18
500.3937291314817 6.177552484379877e-18
500.45579970737947 5.9375833979815844e-18
500.5178702832772 6.162489948431124e-18
500.579940859175 6.177254494783718e-18
500.64201143507273 6.162488330202194e-18
500.7040820109705 6.3333388688075075e-18
500.76615258686826 6.16141204539859e-18
500.82822316276605 6.1958628840601905e-18
500.89029373866384 6.141207474276882e-18
500.9523643145616 6.125707277350748e-18
501.01443489045937 6.3014183880046566e-18
501.0765054663571 6.286483344598546e-18
501.1385760422549 6.304364970718437e-18
501.20064661815263 6.149602112420984e-18
501.2627171940504 6.066199971725451e-18
501.3247877699482 6.201730351326904e-18
501.38685834584595 6.207960775703591e-18
501.44892892174374 6.251319828325375e-18
501.5109994976415 6.3223451762160874e-18
501.57307007353927 6.181842706200415e-18
501.63514064943706 6.460824127532696e-18
501.6972112253348 6.1552656861453e-18
501.7592818012326 6.239739956056608e-18
501.8213523771303 6.321463605105e-18
501.8834229530281 6.3651990570887455e-18
501.9454935289259 6.115900599881619e-18
502.00756410482364 6.273385615070235e-18
502.06963468072144 6.2551224427470776e-18
502.13170525661917 6.217858414675609e-18
502.19377583251696 6.3611571282864824e-18
502.2558464084147 6.2888038571505185e-18
502.3179169843125 6.272070923827036e-18
502.3799875602103 6.409433008039881e-18
502.442058136108 6.851736232531258e-18
502.5041287120058 8.441051121354639e-18
502.56619928790354 1.0582650494460872e-17
502.62826986380134 1.2120201944232568e-17
502.69034043969907 1.359514460088585e-17
502.75241101559686 1.399886392259942e-17
502.81448159149465 1.3795069500723443e-17
502.8765521673924 1.3108779849132167e-17
502.9386227432902 1.2130914134946213e-17
503.0006933191879 1.1075188241844897e-17
503.0627638950857 9.973194744512372e-18
503.1248344709835 8.843887022739122e-18
503.18690504688124 7.799908870137237e-18
503.248975622779 6.887909568528065e-18
503.31104619867676 6.4186087042215626e-18
503.37311677457456 6.425781938951517e-18
503.43518735047235 6.342344695551675e-18
503.4972579263701 6.2111167556903864e-18
503.5593285022679 6.153835739647798e-18
503.6213990781656 6.347771953520531e-18
503.6834696540634 6.394464728822157e-18
503.74554022996114 6.289165550276958e-18
503.8076108058589 6.318572660059223e-18
503.8696813817567 6.259934212838741e-18
503.93175195765446 6.340592695300072e-18
503.99382253355225 6.23873766284285e-18
504.05589310945 6.120127091774037e-18
504.1179636853478 6.139373305683091e-18
504.18003426124557 6.367839389138192e-18
504.2421048371433 6.251798126162728e-18
504.3041754130411 6.337222904771465e-18
504.36624598893883 6.193700464374423e-18
504.4283165648366 6.223189265708428e-18
504.49038714073436 6.3313043499709345e-18
504.55245771663215 6.289751514935619e-18
504.61452829252994 6.2935285443235286e-18
504.6765988684277 6.369998661765875e-18
504.73866944432547 6.291305090549563e-18
504.8007400202232 6.384552419962794e-18
504.862810596121 6.489624469365531e-18
504.9248811720188 6.388560768473893e-18
504.9869517479165 6.341895592075422e-18
505.0490223238143 6.433154636218677e-18
505.11109289971205 6.3095435753193975e-18
505.17316347560984 6.478273673260062e-18
505.2352340515076 6.48476874823369e-18
505.29730462740537 6.444217388761277e-18
505.35937520330316 6.137786261316173e-18
505.4214457792009 6.381184275148607e-18
505.4835163550987 6.264168524836007e-18
505.5455869309964 6.596385284430933e-18
505.6076575068942 6.452417056035003e-18
505.669728082792 6.316564681582573e-18
505.73179865868974 6.404502548040498e-18
505.79386923458753 6.5124826576246924e-18
505.85593981048527 6.364792119528672e-18
505.91801038638306 6.258079873336068e-18
505.9800809622808 6.313304285899354e-18
506.0421515381786 6.155352921888237e-18
506.1042221140764 6.298611946474053e-18
506.1662926899741 6.411056535300876e-18
506.2283632658719 6.416572073027664e-18
506.29043384176964 6.534508974266675e-18
506.35250441766743 6.5104959471224445e-18
506.4145749935652 6.401801049587924e-18
506.47664556946296 6.512509423961795e-18
506.53871614536075 6.397258903595024e-18
506.6007867212585 6.209005201089353e-18
506.6628572971563 6.43154498711213e-18
506.72492787305407 6.4474497620876664e-18
506.7869984489518 6.414409928880099e-18
506.8490690248496 6.3990175225083875e-18
506.91113960074733 6.542360515936468e-18
506.9732101766451 6.461387698143141e-18
507.03528075254286 6.235823381935461e-18
507.09735132844065 6.577406253698092e-18
507.15942190433844 6.530332173397841e-18
507.2214924802362 6.288238771216092e-18
507.28356305613397 6.305778696812167e-18
507.3456336320317 6.429710725248643e-18
507.4077042079295 6.460157702180516e-18
507.4697747838273 6.597607987620165e-18
507.531845359725 6.557392145063714e-18
507.5939159356228 6.553216335147375e-18
507.65598651152055 6.5509621076030535e-18
507.71805708741834 6.396071115227514e-18
507.7801276633161 6.455736456535224e-18
507.8421982392139 6.472329340845434e-18
507.90426881511166 6.390464355611865e-18
507.9663393910094 6.4888958396095594e-18
508.0284099669072 6.476511166827981e-18
508.0904805428049 6.337020928251518e-18
508.1525511187027 6.419031409080072e-18
508.2146216946005 6.294164292413409e-18
508.27669227049824 6.347236506828122e-18
508.33876284639604 6.49189271854109e-18
508.4008334222938 6.527555270543698e-18
508.46290399819156 6.556066026378951e-18
508.5249745740893 6.401159057643768e-18
508.5870451499871 6.5003833383245044e-18
508.6491157258849 6.496870391910691e-18
508.7111863017826 6.692490745647412e-18
508.7732568776804 6.5340268972002806e-18
508.83532745357815 6.486145845363289e-18
508.89739802947594 6.613204016468916e-18
508.95946860537373 6.683933553327164e-18
509.02153918127146 6.568702765760591e-18
509.08360975716926 6.534058054519072e-18
509.145680333067 6.694915874477976e-18
509.2077509089648 6.6275879456979366e-18
509.2698214848625 6.505940919777444e-18
509.3318920607603 6.668130710922964e-18
509.3939626366581 6.4746744157027674e-18
509.45603321255584 6.6391947452282905e-18
509.51810378845363 6.4160575462768664e-18
509.58017436435136 6.512049438483935e-18
509.64224494024916 6.2500616926121296e-18
509.70431551614695 6.437433525303586e-18
509.7663860920447 6.399376292048284e-18
509.8284566679425 6.636086186582171e-18
509.8905272438402 6.4343966260134626e-18
509.952597819738 6.4678028007968215e-18
510.0146683956358 6.550463489706195e-18
510.07673897153353 6.6010464831504975e-18
510.1388095474313 6.652998897399761e-18
510.20088012332906 6.684924448623705e-18
510.26295069922685 6.556592784470843e-18
510.3250212751246 6.372770551199229e-18
510.3870918510224 6.223840277332829e-18
510.44916242692017 6.42683582259754e-18
510.5112330028179 6.5444278515703994e-18
510.5733035787157 6.634436846662757e-18
510.63537415461343 6.494339309591464e-18
510.6974447305112 6.509229951395334e-18
510.75951530640896 6.738114398293858e-18
510.82158588230675 6.549178919282054e-18
510.88365645820454 6.665321298874415e-18
510.9457270341023 6.7731483624634154e-18
511.00779761000007 6.6919327548326486e-18
511.0698681858978 6.6888206877058365e-18
511.1319387617956 6.578445841821475e-18
511.1940093376934 6.571920630096202e-18
511.2560799135911 6.5024572762181546e-18
511.3181504894889 6.498536108097228e-18
511.38022106538665 6.574318119721892e-18
511.44229164128444 6.5890939609398686e-18
511.50436221718223 6.584760461279072e-18
511.56643279307997 6.4466548323261e-18
511.62850336897776 6.371821231015191e-18
511.6905739448755 6.447472975299869e-18
511.7526445207733 6.5623353541706505e-18
511.814715096671 6.599413220325025e-18
511.8767856725688 6.568483119578747e-18
511.9388562484666 6.587629289024707e-18
512.0009268243643 6.60425026101118e-18
512.0629974002621 6.732126877719062e-18
512.1250679761599 6.4682548594394305e-18
512.1871385520576 6.506128547288288e-18
512.2492091279554 6.663472461251946e-18
512.3112797038532 6.826667151592531e-18
512.373350279751 6.8377065761340955e-18
512.4354208556488 6.58979190482707e-18
512.4974914315465 6.8025544504056255e-18
512.5595620074442 9.443011193247169e-18
512.621632583342 1.417929041783865e-17
512.6837031592398 1.90273205394925e-17
512.7457737351376 2.289499130759285e-17
512.8078443110353 2.5467383400346405e-17
512.8699148869331 2.602373830625689e-17
512.9319854628309 2.4913108809141135e-17
512.9940560387287 2.299292941194373e-17
513.0561266146265 1.9927398306973476e-17
513.1181971905241 1.7049243922813304e-17
513.1802677664219 1.4293719144818245e-17
513.2423383423197 1.1610001884288046e-17
513.3044089182175 8.703041076479682e-18
513.3664794941153 6.982545422262888e-18
513.428550070013 6.706494936506714e-18
513.4906206459108 6.769070587990776e-18
513.5526912218086 6.6430368423593034e-18
513.6147617977064 6.772131486214682e-18
513.676832373604 6.567297481714286e-18
513.7389029495018 6.539406958659617e-18
513.8009735253996 6.5940934047833466e-18
513.8630441012974 6.449984228484137e-18
513.9251146771952 6.346131921380402e-18
513.9871852530929 6.63063793731985e-18
514.0492558289907 6.521258745975795e-18
514.1113264048885 6.448722988993343e-18
514.1733969807863 6.676032806019167e-18
514.2354675566841 6.731151373869572e-18
514.2975381325817 6.793972427588535e-18
514.3596087084795 6.772005039095417e-18
514.4216792843773 6.778008393112249e-18
514.4837498602751 6.4866840474304365e-18
514.5458204361729 6.623005645716796e-18
514.6078910120706 6.674099470852382e-18
514.6699615879684 6.457148906993979e-18
514.7320321638662 6.756933555549652e-18
514.794102739764 6.739958201618866e-18
514.8561733156617 6.5992011002977374e-18
514.9182438915594 6.541554001472264e-18
514.9803144674572 6.620276565202078e-18
515.042385043355 6.647925920486519e-18
515.1044556192528 6.538951693706045e-18
515.1665261951506 6.495295697140657e-18
515.2285967710483 6.7426043531902314e-18
515.2906673469461 6.678679024513105e-18
515.3527379228439 6.58096528892692e-18
515.4148084987416 6.730975112577943e-18
515.4768790746393 6.73975713756501e-18
515.5389496505371 6.711461403913059e-18
515.6010202264349 6.645259453294723e-18
515.6630908023327 6.521073171780577e-18
515.7251613782305 6.571065823569076e-18
515.7872319541282 6.719192812250981e-18
515.849302530026 6.741764636280306e-18
515.9113731059238 6.487772861028444e-18
515.9734436818215 6.729139893182884e-18
516.0355142577193 6.629267314965747e-18
516.097584833617 6.703348710209644e-18
516.1596554095148 6.538856000315912e-18
516.2217259854126 6.724363237880265e-18
516.2837965613104 6.750105204542478e-18
516.3458671372082 6.5751303296709725e-18
516.4079377131059 6.648245737076362e-18
516.4700082890037 6.551383720789141e-18
516.5320788649015 6.753527729397723e-18
516.5941494407992 6.681887780605436e-18
516.656220016697 6.5952491078011015e-18
516.7182905925947 6.603178566391625e-18
516.7803611684925 6.638026720455305e-18
516.8424317443903 6.5741634264204675e-18
516.9045023202881 6.6622751253553375e-18
516.9665728961858 6.772795185581352e-18
517.0286434720836 6.8071601517707635e-18
517.0907140479814 6.624434213091242e-18
517.1527846238791 6.846373414546406e-18
517.2148551997769 7.052821120752323e-18
517.2769257756746 6.921930104030077e-18
517.3389963515724 6.878787369184482e-18
517.4010669274702 7.080046021775781e-18
517.463137503368 8.9835667108164e-18
517.5252080792658 1.6524725572040268e-17
517.5872786551635 3.11646432974722e-17
517.6493492310613 4.586652346865445e-17
517.711419806959 5.583013377679842e-17
517.7734903828568 6.200482931278368e-17
517.8355609587546 6.385178395039948e-17
517.8976315346523 6.033633447519926e-17
517.9597021105501 5.393310713223951e-17
518.0217726864479 4.5852378511055054e-17
518.0838432623457 3.6841335730738445e-17
518.1459138382435 2.849105352708435e-17
518.2079844141412 1.997015192340198e-17
518.270054990039 1.2176454901711546e-17
518.3321255659367 7.906658311589331e-18
518.3941961418345 6.923883921355664e-18
518.4562667177323 6.660168497410991e-18
518.51833729363 6.752485299219538e-18
518.5804078695278 6.917285041036139e-18
518.6424784454256 6.7770723667580985e-18
518.7045490213234 6.884782625153415e-18
518.766619597221 6.714205899234584e-18
518.8286901731188 6.59249896581794e-18
518.8907607490166 6.726940401591011e-18
518.9528313249144 6.80920594175736e-18
519.0149019008122 6.702195354023217e-18
519.0769724767099 6.560376151072734e-18
519.1390430526077 6.7042241786424245e-18
519.2011136285055 6.653060791666809e-18
519.2631842044033 6.603414223921109e-18
519.3252547803011 6.732532366115192e-18
519.3873253561987 6.6726662059871396e-18
519.4493959320965 6.618266430256162e-18
519.5114665079943 6.481208813151387e-18
519.5735370838921 6.452173183461099e-18
519.6356076597899 6.776103048971765e-18
519.6976782356876 6.517383595680068e-18
519.7597488115854 6.836410939785011e-18
519.8218193874832 6.690236947657095e-18
519.883889963381 6.4664968349879934e-18
519.9459605392788 6.469145537897939e-18
520.0080311151764 6.449966082772402e-18
520.0701016910742 6.7123743704828474e-18
520.132172266972 6.504564983327984e-18
520.1942428428698 6.389152126121046e-18
520.2563134187675 6.864000155190419e-18
520.3183839946653 6.812092960570436e-18
520.3804545705631 6.868502497130354e-18
520.4425251464609 6.746008232678719e-18
520.5045957223587 6.326304934888244e-18
520.5666662982563 6.41702490680335e-18
520.6287368741541 6.485250836465124e-18
520.6908074500519 6.60483288088156e-18
520.7528780259497 6.59497205709667e-18
520.8149486018475 6.6325902367261374e-18
520.8770191777452 6.489715299557746e-18
520.939089753643 6.260479303542929e-18
521.0011603295408 6.6068937513970136e-18
521.0632309054386 6.4935773602135996e-18
521.1253014813364 6.419190835980912e-18
521.187372057234 6.483203414826929e-18
521.2494426331318 6.497596518164907e-18
521.3115132090296 6.483731666241081e-18
521.3735837849274 6.5442407249244206e-18
521.4356543608252 6.495492610347689e-18
521.4977249367229 6.5126029733405786e-18
521.5597955126207 6.613611199373798e-18
521.6218660885185 6.543475427273566e-18
521.6839366644163 6.394978496130984e-18
521.7460072403139 6.393161020562956e-18
521.8080778162117 6.5252809003525005e-18
521.8701483921095 6.3998413630439456e-18
521.9322189680073 6.466308602492021e-18
521.9942895439051 6.35615108780099e-18
522.0563601198028 6.289557001837508e-18
522.1184306957006 6.511772289650787e-18
522.1805012715984 6.464528390829888e-18
522.2425718474962 6.483140577341859e-18
522.304642423394 6.3148684597310715e-18
522.3667129992916 6.3442089889354415e-18
522.4287835751894 6.375158147312397e-18
522.4908541510872 6.375307942055045e-18
522.552924726985 6.333481546457397e-18
522.6149953028828 6.510716588725726e-18
522.6770658787805 6.514401985545979e-18
522.7391364546783 6.5701529509577876e-18
522.801207030576 6.326683931588817e-18
522.8632776064738 6.328512106721693e-18
522.9253481823716 6.509891723552925e-18
522.9874187582693 6.511904322965322e-18
523.0494893341671 6.290680945841482e-18
523.1115599100649 6.370304960518805e-18
523.1736304859627 6.404587636528461e-18
523.2357010618605 6.439174623635599e-18
523.2977716377582 6.432822107275047e-18
523.359842213656 6.454091173524492e-18
523.4219127895537 6.4484890683681734e-18
523.4839833654515 6.411932710237103e-18
523.5460539413492 6.509085123029909e-18
523.608124517247 6.3901587121586465e-18
523.6701950931448 6.456913542504015e-18
523.7322656690426 6.355318891221026e-18
523.7943362449404 6.3720408353704865e-18
523.8564068208381 6.116032092055777e-18
523.9184773967359 6.236259704023922e-18
523.9805479726336 6.367694760509386e-18
524.0426185485314 6.200534228087861e-18
524.1046891244292 6.507423866687541e-18
524.1667597003269 6.278179520384066e-18
524.2288302762247 6.215586443482207e-18
524.2909008521225 6.1721081467658046e-18
524.3529714280203 6.20667624013702e-18
524.4150420039181 6.4423578217406785e-18
524.4771125798158 6.5112562750618825e-18
524.5391831557135 6.4959084099213075e-18
524.6012537316113 6.411802489652105e-18
524.6633243075091 6.351966506271477e-18
524.7253948834069 6.331355125417874e-18
524.7874654593046 6.3762988314068986e-18
524.8495360352024 6.237966778694136e-18
524.9116066111002 6.273545448030861e-18
524.973677186998 6.2743256541685555e-18
525.0357477628957 6.476629650728645e-18
525.0978183387934 6.2421441690228885e-18
525.1598889146912 6.1323132350772286e-18
525.221959490589 6.321302008120485e-18
525.2840300664868 6.4409880604547394e-18
525.3461006423845 6.42070460668809e-18
525.4081712182823 6.478135121184132e-18
525.4702417941801 6.515393596778407e-18
525.5323123700779 6.386965395110027e-18
525.5943829459757 6.353494766708037e-18
525.6564535218733 6.5051607228699165e-18
525.7185240977711 6.4378548253762515e-18
525.7805946736689 6.290565907258088e-18
525.8426652495667 6.339244322446838e-18
525.9047358254645 6.331639352958571e-18
525.9668064013622 6.280035266463581e-18
526.02887697726 6.2583145512893155e-18
526.0909475531578 6.419731703975308e-18
526.1530181290556 6.2308796743946456e-18
526.2150887049534 6.205755500633974e-18
526.277159280851 6.272036237650752e-18
526.3392298567488 6.378765049082974e-18
526.4013004326466 6.286138207009574e-18
526.4633710085444 6.291017783393847e-18
526.5254415844422 6.270851030620944e-18
526.5875121603399 6.297034099087207e-18
526.6495827362377 6.1506188210289734e-18
526.7116533121355 6.1828141391957324e-18
526.7737238880333 6.2402813510466e-18
526.8357944639309 6.219304569351008e-18
526.8978650398287 6.208881676528281e-18
526.9599356157265 6.2052953997191654e-18
527.0220061916243 6.1955644749500925e-18
527.0840767675221 6.287654743669205e-18
527.1461473434198 6.3663113775185596e-18
527.2082179193176 6.1597087967297515e-18
527.2702884952154 6.127704470645026e-18
527.3323590711132 6.309371364779298e-18
527.394429647011 6.334070235729515e-18
527.4565002229086 6.256966066282985e-18
527.5185707988064 6.25770211590762e-18
527.5806413747042 6.2538233244414714e-18
527.642711950602 6.390978210148995e-18
527.7047825264998 6.363802567302628e-18
527.7668531023975 6.237944842489469e-18
527.8289236782953 6.479920132700534e-18
527.8909942541931 6.324643954849945e-18
527.9530648300909 6.119067613133518e-18
528.0151354059886 6.124745987164569e-18
528.0772059818863 6.1909254586673245e-18
528.1392765577841 6.167506907894485e-18
528.2013471336819 6.248609973200138e-18
528.2634177095797 6.323513957206256e-18
528.3254882854774 6.2182686406213206e-18
528.3875588613752 6.095089542028565e-18
528.449629437273 6.31118271514966e-18
528.5117000131708 6.3478341955424296e-18
528.5737705890685 6.135913242036112e-18
528.6358411649662 6.119616565313757e-18
528.697911740864 6.25049572845141e-18
528.7599823167618 6.296136240738957e-18
528.8220528926596 6.139330039574902e-18
528.8841234685574 6.055882287385587e-18
528.9461940444551 6.1964412521802366e-18
529.0082646203529 6.224638406759574e-18
529.0703351962507 6.113837594110183e-18
529.1324057721484 6.120702865950221e-18
529.1944763480462 6.1479656975146774e-18
529.2565469239439 6.153917263593439e-18
529.3186174998417 6.2320438205107884e-18
529.3806880757395 6.240443365777241e-18
529.4427586516373 6.225404294203359e-18
529.5048292275351 6.270041044950805e-18
529.5668998034328 6.212327534845625e-18
529.6289703793306 6.11204884946987e-18
529.6910409552283 6.114746003154112e-18
529.7531115311261 5.998081891505266e-18
529.8151821070238 6.120423655934113e-18
529.8772526829216 6.078995247498471e-18
529.9393232588194 6.009810119072137e-18
530.0013938347172 5.992091062502862e-18
530.063464410615 6.039550836015834e-18
530.1255349865127 6.148283235871742e-18
530.1876055624105 6.016110150944356e-18
530.2496761383082 6.056357259156065e-18
530.311746714206 5.964855065532712e-18
530.3738172901038 5.706978834338761e-18
530.4358878660015 5.9172871496593624e-18
530.4979584418993 6.166851596191887e-18
530.5600290177971 6.299601349058102e-18
530.6220995936949 6.161970769484079e-18
530.6841701695927 6.130797014253797e-18
530.7462407454904 6.160688057446252e-18
530.8083113213881 6.19389238104415e-18
530.8703818972859 6.049660602610425e-18
530.9324524731837 6.112031544979274e-18
530.9945230490815 6.189442033991301e-18
531.0565936249792 6.11509569328868e-18
531.118664200877 6.1941917712394115e-18
531.1807347767748 6.092896062981089e-18
531.2428053526726 6.0502091063709095e-18
531.3048759285703 6.067701970405957e-18
531.366946504468 6.0727575396063785e-18
531.4290170803658 6.087105714731766e-18
531.4910876562636 5.9118923473560364e-18
531.5531582321614 6.028031357866914e-18
531.6152288080591 6.194886806745669e-18
531.6772993839569 6.251947169127653e-18
531.7393699598547 6.0693469638660235e-18
531.8014405357525 6.199817352788556e-18
531.8635111116503 6.0140323548261164e-18
531.925581687548 5.987684119768189e-18
531.9876522634457 6.033795641142222e-18
532.0497228393435 6.1041324504853134e-18
532.1117934152413 6.0577299927608405e-18
532.1738639911391 6.063992145174745e-18
532.2359345670368 6.099250513848472e-18
532.2980051429346 6.14565246108002e-18
532.3600757188324 5.861598219509063e-18
532.4221462947302 5.9960942846333135e-18
532.484216870628 6.076430651612352e-18
532.5462874465256 6.079286738189489e-18
532.6083580224234 6.2580836437696275e-18
532.6704285983212 5.9536462004324325e-18
532.732499174219 6.049602469802142e-18
532.7945697501168 6.076642847664136e-18
532.8566403260145 6.009236339417116e-18
532.9187109019123 5.932573636607987e-18
532.9807814778101 6.046861556044248e-18
533.0428520537079 5.932402674307104e-18
533.1049226296055 6.0142943402437005e-18
533.1669932055033 6.038383934883004e-18
533.2290637814011 6.046666758200085e-18
533.2911343572989 6.038042722828979e-18
533.3532049331967 6.092486306983236e-18
533.4152755090944 6.1704589173156555e-18
533.4773460849922 5.828816193101341e-18
533.53941666089 5.81594063865887e-18
533.6014872367878 6.0306833884726296e-18
533.6635578126856 5.88712963690695e-18
533.7256283885832 5.985758934922179e-18
533.787698964481 6.010924417282404e-18
533.8497695403788 5.965794846154351e-18
533.9118401162766 6.115588249038695e-18
533.9739106921744 6.049450225429521e-18
534.0359812680721 6.021344866067177e-18
534.0980518439699 6.150353347685072e-18
534.1601224198677 6.012670566844482e-18
534.2221929957655 6.060602259934629e-18
534.2842635716632 6.004041926114589e-18
534.3463341475609 6.001819951701123e-18
534.4084047234587 6.035392450809426e-18
534.4704752993565 5.997815810119166e-18
534.5325458752543 5.954261654349785e-18
534.594616451152 6.0384174236987e-18
534.6566870270498 6.002531501858007e-18
534.7187576029476 6.0348339755279786e-18
534.7808281788454 6.035582438772682e-18
534.8428987547431 6.0768563213682875e-18
534.9049693306408 6.11423380719439e-18
534.9670399065386 5.976711730776697e-18
535.0291104824364 5.959427940774523e-18
535.0911810583342 5.890460958755173e-18
535.153251634232 5.881848543631086e-18
535.2153222101297 5.9617741346420256e-18
535.2773927860275 5.982783309788781e-18
535.3394633619253 5.850408276149872e-18
535.401533937823 5.99114800674778e-18
535.4636045137208 6.016426709228698e-18
535.5256750896185 5.980598216062797e-18
535.5877456655163 5.896009100694906e-18
535.6498162414141 5.937390718428304e-18
535.7118868173119 6.032399285988692e-18
535.7739573932097 6.005107118210523e-18
535.8360279691074 5.773687628705039e-18
535.8980985450052 5.9522453251470505e-18
535.960169120903 5.880171739250128e-18
536.0222396968007 5.870477199943293e-18
536.0843102726985 6.106427231088473e-18
536.1463808485962 6.051832074963521e-18
536.208451424494 5.987747712822054e-18
536.2705220003918 5.812938375212703e-18
536.3325925762896 5.9270632815786156e-18
536.3946631521873 6.0511814502095205e-18
536.456733728085 5.782009073172942e-18
536.5188043039828 5.6521366042198185e-18
536.5808748798806 5.927930900984874e-18
536.6429454557784 5.882663239194803e-18
536.7050160316761 5.865885894505403e-18
536.7670866075739 6.027150966051058e-18
536.8291571834717 5.862730102772826e-18
536.8912277593695 5.883483357033573e-18
536.9532983352673 5.781630494779981e-18
537.015368911165 5.881828143483588e-18
537.0774394870627 5.936839757334956e-18
537.1395100629605 5.664559689959013e-18
537.2015806388583 5.683039608838405e-18
537.2636512147561 5.8441060781753235e-18
537.3257217906538 6.037052787668493e-18
537.3877923665516 5.9016577794342764e-18
537.4498629424494 5.733388640606883e-18
537.5119335183472 5.92286388939489e-18
537.574004094245 5.90230202467496e-18
537.6360746701426 5.767165418934647e-18
537.6981452460404 5.776073366370216e-18
537.7602158219382 5.790256738410675e-18
537.822286397836 5.8274375459790025e-18
537.8843569737337 5.811924135787436e-18
537.9464275496315 5.912701972493715e-18
538.0084981255293 5.8640261286338326e-18
538.0705687014271 5.673315866680261e-18
538.1326392773249 5.677867841987458e-18
538.1947098532225 5.7902869736253055e-18
538.2567804291203 5.906656336924158e-18
538.3188510050181 5.834576715606526e-18
538.3809215809159 5.618588343618171e-18
538.4429921568137 5.806627170734871e-18
538.5050627327114 5.7115311866326845e-18
538.5671333086092 5.742432032446687e-18
538.629203884507 5.799662612283303e-18
538.6912744604048 5.831782800480339e-18
538.7533450363026 5.5572376659069095e-18
538.8154156122002 5.699420973318485e-18
538.877486188098 5.674021798856658e-18
538.9395567639958 5.8123288713030256e-18
539.0016273398936 5.736246327072915e-18
539.0636979157914 5.78521200947927e-18
539.1257684916891 5.696431913803001e-18
539.1878390675869 5.521944991127442e-18
539.2499096434847 5.756105311076664e-18
539.3119802193825 5.581872325066067e-18
539.3740507952803 5.560749499578484e-18
539.4361213711779 5.665306683520913e-18
539.4981919470757 5.551862674680807e-18
539.5602625229735 5.766296876701823e-18
539.6223330988713 5.6559249177381535e-18
539.684403674769 5.664955976604434e-18
539.7464742506668 5.662955603972276e-18
539.8085448265646 5.5383338295331276e-18
539.8706154024624 5.668281103733685e-18
539.9326859783602 5.51827227268091e-18
539.9947565542578 5.581922769762653e-18
540.0568271301556 5.612634765044896e-18
540.1188977060534 5.67088760337686e-18
540.1809682819512 5.614228247060427e-18
540.243038857849 5.69799395393826e-18
540.3051094337467 5.664612132027209e-18
540.3671800096445 5.6566700750394554e-18
540.4292505855423 5.593181705309789e-18
540.49132116144 5.476773950973636e-18
540.5533917373378 5.446433808955977e-18
540.6154623132355 5.529176929349649e-18
540.6775328891333 5.635954889357306e-18
540.7396034650311 5.5472313189379295e-18
540.8016740409289 5.444717065907374e-18
540.8637446168267 5.568224406633624e-18
540.9258151927244 5.599533640477683e-18
540.9878857686222 5.706065115923166e-18
541.04995634452 5.70927315440895e-18
541.1120269204177 5.548422535838303e-18
541.1740974963154 5.588097728490867e-18
541.2361680722132 5.573666514373678e-18
541.298238648111 5.545930848038842e-18
541.3603092240088 5.482635835045522e-18
541.4223797999066 5.4672320813495154e-18
541.4844503758043 5.5735432443330425e-18
541.5465209517021 5.587125147244482e-18
541.6085915275999 5.611339176759078e-18
541.6706621034976 5.7282061095721105e-18
541.7327326793954 5.788496624572019e-18
541.7948032552931 5.637002825154382e-18
541.8568738311909 5.5495011416052355e-18
541.9189444070887 5.505241726326107e-18
541.9810149829865 5.414639229393925e-18
542.0430855588843 5.497002142365168e-18
542.105156134782 5.560925018794561e-18
542.1672267106798 5.6436058324888634e-18
542.2292972865775 5.6049031945601595e-18
542.2913678624753 5.514968050657748e-18
542.3534384383731 5.528015150545597e-18
542.4155090142708 5.5673996003043724e-18
542.4775795901686 5.505758406682238e-18
542.5396501660664 5.5274867048465855e-18
542.6017207419642 5.594175636647155e-18
542.663791317862 5.428376816734831e-18
542.7258618937597 5.324065922177945e-18
542.7879324696574 5.395805474412554e-18
542.8500030455552 5.45467142711917e-18
542.912073621453 5.505263422915039e-18
542.9741441973507 5.5940589168788844e-18
543.0362147732485 5.577357406595565e-18
543.0982853491463 5.382078509986376e-18
543.1603559250441 5.2871636203283635e-18
543.2224265009419 5.448593043740591e-18
543.2844970768396 5.54281907865419e-18
543.3465676527373 5.506686325242747e-18
543.4086382286351 5.4384987386056455e-18
543.4707088045329 5.493858859632491e-18
543.5327793804307 5.486051425292863e-18
543.5948499563284 5.4388205053388695e-18
543.6569205322262 5.3786967040999805e-18
543.718991108124 5.20816931982175e-18
543.7810616840218 5.38429582194737e-18
543.8431322599196 5.572026276992334e-18
543.9052028358172 5.518537927234852e-18
543.967273411715 5.355654672948488e-18
544.0293439876128 5.3979788841711715e-18
544.0914145635106 5.44418591426689e-18
544.1534851394083 5.476556971718734e-18
544.2155557153061 5.524942139410419e-18
544.2776262912039 5.347474233997778e-18
544.3396968671017 5.421277750874857e-18
544.4017674429995 5.559705040189131e-18
544.4638380188971 5.3720414532465855e-18
544.5259085947949 5.298310431608269e-18
544.5879791706927 5.301750144938488e-18
544.6500497465905 5.319857527652449e-18
544.7121203224883 5.266770764276176e-18
544.774190898386 5.400514265297885e-18
544.8362614742838 5.414199465052831e-18
544.8983320501816 5.312367896239666e-18
544.9604026260794 5.2551140503630226e-18
545.0224732019772 5.2790758641548565e-18
545.0845437778748 5.356335193727208e-18
545.1466143537726 5.399100080914555e-18
545.2086849296704 5.482857688877644e-18
545.2707555055682 5.494322967751447e-18
545.332826081466 5.382582035370269e-18
545.3948966573637 5.487364301355232e-18
545.4569672332615 5.468139795373092e-18
545.5190378091593 5.295852721766667e-18
545.5811083850571 5.3423330773999164e-18
545.6431789609549 5.316459302467657e-18
545.7052495368525 5.328982306623998e-18
545.7673201127503 5.351231506387099e-18
545.8293906886481 5.262835844181957e-18
545.8914612645459 5.4027048729828845e-18
545.9535318404437 5.275116915877591e-18
546.0156024163414 5.4374535549282124e-18
546.0776729922392 5.316450439247242e-18
546.139743568137 5.2612284659366866e-18
546.2018141440348 5.242730910053905e-18
546.2638847199324 5.261614243613107e-18
546.3259552958302 5.30644890523133e-18
546.388025871728 5.2335086627620194e-18
546.4500964476258 5.235852856553987e-18
546.5121670235236 5.160220914876721e-18
546.5742375994213 5.3088059625204164e-18
546.6363081753191 5.248195422634686e-18
546.6983787512169 5.032995204120666e-18
546.7604493271147 5.148585022651538e-18
546.8225199030124 5.122912180096392e-18
546.8845904789101 5.2349356781071526e-18
546.9466610548079 5.289032087250117e-18
547.0087316307057 5.272112493474094e-18
547.0708022066035 5.25116195777697e-18
547.1328727825013 5.254823962846672e-18
547.194943358399 5.367592294478607e-18
547.2570139342968 5.2822624758991875e-18
547.3190845101946 5.03244065015797e-18
547.3811550860923 5.106491402083323e-18
547.44322566199 5.182961975781937e-18
547.5052962378878 5.329246901142794e-18
547.5673668137856 5.1168545684731335e-18
547.6294373896834 5.084148376759089e-18
547.6915079655812 5.065416983764329e-18
547.7535785414789 5.0469696042632086e-18
547.8156491173767 5.1171055593231774e-18
547.8777196932745 5.282864515605318e-18
547.9397902691722 5.18693713509506e-18
548.00186084507 5.0711653041294775e-18
548.0639314209677 5.15627670076892e-18
548.1260019968655 4.93311170798817e-18
548.1880725727633 5.032666610777918e-18
548.2501431486611 5.2404949492488595e-18
548.3122137245589 5.0084226682974414e-18
548.3742843004566 4.789177960709778e-18
548.4363548763544 4.982956336161867e-18
548.4984254522521 4.9790931687185454e-18
548.5604960281499 5.147491268359413e-18
548.6225666040477 4.993549125774607e-18
548.6846371799454 5.234082112619987e-18
548.7467077558432 5.0621320990948025e-18
548.808778331741 5.141054510391942e-18
548.8708489076388 5.059880175438799e-18
548.9329194835366 5.0607215794419546e-18
548.9949900594343 5.086875031989753e-18
549.057060635332 5.121721993105908e-18
549.1191312112298 5.2433484711838624e-18
549.1812017871276 5.177058146166413e-18
549.2432723630253 5.134232045072085e-18
549.3053429389231 5.2101798146253324e-18
549.3674135148209 5.1440151659664885e-18
549.4294840907187 5.371020218349865e-18
549.4915546666165 5.3464337921828004e-18
549.5536252425142 5.2341474578451595e-18
549.615695818412 5.0784230864743726e-18
549.6777663943097 5.090952847509998e-18
549.7398369702075 5.167844638858904e-18
549.8019075461053 5.284627804298972e-18
549.863978122003 5.182114406152098e-18
549.9260486979008 5.098861644093754e-18
549.9881192737986 5.231626002379998e-18
550.0501898496964 5.244630732692897e-18
550.1122604255942 5.09574421933667e-18
550.1743310014919 5.223939661787204e-18
550.2364015773896 5.223532464043474e-18
550.2984721532874 5.147226759370758e-18
550.3605427291852 5.2963255018503225e-18
550.422613305083 5.2511871185184944e-18
550.4846838809807 5.401659598466603e-18
550.5467544568785 5.333456811756465e-18
550.6088250327763 5.41766845020503e-18
550.6708956086741 5.2479742178103004e-18
550.7329661845718 5.362781094923145e-18
550.7950367604695 5.380162442488222e-18
550.8571073363673 5.2182584978269706e-18
550.9191779122651 5.222228062467298e-18
550.9812484881629 5.192244013172275e-18
551.0433190640606 4.956042725149321e-18
551.1053896399584 5.140385930181156e-18
551.1674602158562 5.185730094759356e-18
551.229530791754 5.009299643721845e-18
551.2916013676518 5.087637025262842e-18
551.3536719435494 5.1948040462810694e-18
551.4157425194472 5.129052945136826e-18
551.477813095345 5.1389557143071885e-18
551.5398836712428 5.102430055112669e-18
551.6019542471406 5.135941438219948e-18
551.6640248230383 5.318354078483332e-18
551.7260953989361 5.233171535665239e-18
551.7881659748339 5.127045015014985e-18
551.8502365507317 5.154741789310001e-18
551.9123071266295 5.1853870057470955e-18
551.9743777025271 5.159723338468944e-18
552.0364482784249 5.170324930283956e-18
552.0985188543227 5.284579538823051e-18
552.1605894302205 5.2650645440994364e-18
552.2226600061183 5.178380599904426e-18
552.284730582016 5.16624336882072e-18
552.3468011579138 5.068550906003883e-18
552.4088717338116 5.017312780845948e-18
552.4709423097094 5.227182132680329e-18
552.5330128856071 5.183165141473356e-18
552.5950834615048 5.088385354883732e-18
552.6571540374026 5.178375778723158e-18
552.7192246133004 5.1580978281859405e-18
552.7812951891982 5.12424918797709e-18
552.8433657650959 5.143266647492734e-18
552.9054363409937 5.155235305491136e-18
552.9675069168915 5.239159156300106e-18
553.0295774927893 5.1718159963268475e-18
553.091648068687 5.088288718023162e-18
553.1537186445847 5.126097638410709e-18
553.2157892204825 5.1659453202565e-18
553.2778597963803 5.170892597682759e-18
553.3399303722781 5.161108556881577e-18
553.4020009481759 5.122689006349421e-18
553.4640715240736 5.166039942631657e-18
553.5261420999714 5.210361594833056e-18
553.5882126758692 5.1563577190544635e-18
553.650283251767 5.041554515225177e-18
553.7123538276646 5.0866624852021125e-18
553.7744244035624 5.180020019653785e-18
553.8364949794602 5.219498700422618e-18
553.898565555358 5.26175474380173e-18
553.9606361312558 5.1629874854617505e-18
554.0227067071535 5.12193411329821e-18
554.0847772830513 5.177214431370104e-18
554.1468478589491 5.0249446235450324e-18
554.2089184348469 5.050102625191819e-18
554.2709890107446 4.995708050172699e-18
554.3330595866423 5.051810031626164e-18
554.3951301625401 4.936586594415389e-18
554.4572007384379 5.0487258695826536e-18
554.5192713143357 5.11773030350385e-18
554.5813418902335 5.1023376259279105e-18
554.6434124661312 5.0029400514456875e-18
554.705483042029 5.288767747045852e-18
554.7675536179268 5.107730086689008e-18
554.8296241938245 5.056638734932301e-18
554.8916947697223 5.103167283024972e-18
554.95376534562 5.098705695608874e-18
555.0158359215178 5.151056532089476e-18
555.0779064974156 4.9981785900840826e-18
555.1399770733134 4.9780050821556e-18
555.2020476492112 5.029499355597609e-18
555.2641182251089 5.064727095466771e-18
555.3261888010067 5.0574797079298096e-18
555.3882593769044 5.105454000509032e-18
555.4503299528022 4.933261150758046e-18
555.5124005287 5.047804867255715e-18
555.5744711045977 4.899647045098635e-18
555.6365416804955 4.978536633614945e-18
555.6986122563933 4.992693473821032e-18
555.7606828322911 4.824935437552055e-18
555.8227534081888 4.989915448897982e-18
555.8848239840866 5.149602532076867e-18
555.9468945599843 4.99939212419994e-18
556.0089651358821 4.98493596864599e-18
556.0710357117799 4.87879734635079e-18
556.1331062876776 5.136773308889778e-18
556.1951768635754 4.8120194072137466e-18
556.2572474394732 4.950110867755591e-18
556.319318015371 4.758169926752664e-18
556.3813885912688 4.9916453357855985e-18
556.4434591671665 4.979723592166831e-18
556.5055297430642 4.947014445859399e-18
556.567600318962 4.856424389299769e-18
556.6296708948598 4.863543240077126e-18
556.6917414707576 4.986667101821232e-18
556.7538120466553 5.063181338556291e-18
556.8158826225531 5.0061106488521095e-18
556.8779531984509 4.9832414139464506e-18
556.9400237743487 4.937445032662092e-18
557.0020943502464 4.909738099424179e-18
557.0641649261441 5.007152732271141e-18
557.1262355020419 4.7906491238576715e-18
557.1883060779397 4.825113445477639e-18
557.2503766538375 4.926830017844844e-18
557.3124472297352 4.844670072312698e-18
557.374517805633 5.110624327171985e-18
557.4365883815308 5.101673602334357e-18
557.4986589574286 4.55159803906476e-18
557.5607295333264 4.703732116938936e-18
557.622800109224 5.010465738877426e-18
557.6848706851218 5.144712357628636e-18
557.7469412610196 5.015741050293344e-18
557.8090118369174 4.999191563777666e-18
557.8710824128152 4.961770154343997e-18
557.9331529887129 4.87440363485274e-18
557.9952235646107 5.21546895598194e-18
558.0572941405085 4.963378652065409e-18
558.1193647164063 4.823585372599724e-18
558.1814352923041 4.807503686584268e-18
558.2435058682017 4.96886969579421e-18
558.3055764440995 4.832354995918498e-18
558.3676470199973 4.859157988443978e-18
558.4297175958951 4.888574034704033e-18
558.4917881717929 4.810658446997406e-18
558.5538587476906 4.825595442125414e-18
558.6159293235884 4.8072411494281405e-18
558.6779998994862 4.994635280567715e-18
558.740070475384 4.994506780870691e-18
558.8021410512818 4.966010427275029e-18
558.8642116271794 4.817578231491241e-18
558.9262822030772 5.019037903532847e-18
558.988352778975 4.9921018109507525e-18
559.0504233548728 4.977723654757347e-18
559.1124939307705 4.9208855692033105e-18
559.1745645066683 4.805533957432733e-18
559.2366350825661 4.8944129282554015e-18
559.2987056584639 4.943906317216407e-18
559.3607762343617 4.883428359259835e-18
559.4228468102593 4.772876390584947e-18
559.4849173861571 4.791831604611715e-18
559.5469879620549 4.9206121020754266e-18
559.6090585379527 4.990326629028166e-18
559.6711291138505 4.972540696002037e-18
559.7331996897482 4.933567634900119e-18
559.795270265646 4.879572553554429e-18
559.8573408415438 4.785145307501632e-18
559.9194114174416 4.797110844039339e-18
559.9814819933393 4.876376026465947e-18
560.043552569237 4.850534289059332e-18
560.1056231451348 4.916400376924429e-18
560.1676937210326 5.034985489250353e-18
560.2297642969304 4.989692839575027e-18
560.2918348728281 4.7444420968712034e-18
560.3539054487259 4.614398673525522e-18
560.4159760246237 4.854521774666634e-18
560.4780466005215 4.946141701588044e-18
560.5401171764192 4.89434918836506e-18
560.6021877523169 4.85367993490516e-18
560.6642583282147 4.734746549717055e-18
560.7263289041125 4.518884922055436e-18
560.7883994800103 4.712890393406995e-18
560.8504700559081 4.88760573611929e-18
560.9125406318058 4.853770577302755e-18
560.9746112077036 4.910169329707909e-18
561.0366817836014 4.8782286450483e-18
561.0987523594991 4.908431487542119e-18
561.1608229353969 5.063149907949497e-18
561.2228935112946 5.1082461185376394e-18
561.2849640871924 4.906583161121499e-18
561.3470346630902 4.926957275768376e-18
561.409105238988 4.903086721778298e-18
561.4711758148858 4.937852794080476e-18
561.5332463907835 4.928003655996361e-18
561.5953169666813 4.858533515449278e-18
561.657387542579 4.7382439978195e-18
561.7194581184768 4.8443726768560296e-18
561.7815286943746 4.824306048129476e-18
561.8435992702723 4.875627436758523e-18
561.9056698461701 4.826920368023301e-18
561.9677404220679 4.8923537797805786e-18
562.0298109979657 4.935116677475697e-18
562.0918815738635 4.886153030281526e-18
562.1539521497612 4.9572021734131295e-18
562.216022725659 4.798007598013365e-18
562.2780933015567 4.944043314090252e-18
562.3401638774545 4.932521816484887e-18
562.4022344533522 4.705624349588922e-18
562.46430502925 4.916013455493494e-18
562.5263756051478 4.809668731312957e-18
562.5884461810456 4.88503658539668e-18
562.6505167569434 4.904610158536394e-18
562.712587332841 4.841901994426807e-18
562.7746579087388 4.949616950470611e-18
562.8367284846366 4.940614112442e-18
562.8987990605344 4.860659973000703e-18
562.9608696364322 4.7342499229606714e-18
563.0229402123299 4.7651291889512164e-18
563.0850107882277 4.8533384235977604e-18
563.1470813641255 4.836689476567589e-18
563.2091519400233 4.743778315758832e-18
563.2712225159211 4.9351038919004415e-18
563.3332930918187 4.789810607523612e-18
563.3953636677165 4.813108897077545e-18
563.4574342436143 4.801560430975902e-18
563.5195048195121 4.739868955935929e-18
563.5815753954098 4.5726622251867145e-18
563.6436459713076 4.82652273589563e-18
563.7057165472054 4.909082424991769e-18
563.7677871231032 4.9800765275589036e-18
563.829857699001 4.760622279448229e-18
563.8919282748986 4.774016736049128e-18
563.9539988507964 4.7650016346341185e-18
564.0160694266942 4.8479019194814435e-18
564.078140002592 4.8937515682187366e-18
564.1402105784898 4.83950117367458e-18
564.2022811543875 4.721281382197346e-18
564.2643517302853 4.82092721537499e-18
564.3264223061831 4.8842895443891284e-18
564.3884928820809 4.7781451436100636e-18
564.4505634579787 4.841378047723806e-18
564.5126340338763 4.8749356715517265e-18
564.5747046097741 4.94986000308633e-18
564.6367751856719 4.883195346962704e-18
564.6988457615697 4.8161247746174e-18
564.7609163374675 4.687913597559942e-18
564.8229869133652 4.761567745803202e-18
564.885057489263 4.798953181418073e-18
564.9471280651608 4.6305276415213766e-18
565.0091986410586 4.913665645133994e-18
565.0712692169564 4.8410174746907974e-18
565.133339792854 4.7710944980197746e-18
565.1954103687518 4.888719904630581e-18
565.2574809446496 4.655110595342752e-18
565.3195515205474 4.806023820767821e-18
565.3816220964452 4.913426898014596e-18
565.4436926723429 4.86278666279714e-18
565.5057632482407 4.8071010069490394e-18
565.5678338241385 4.837137489093233e-18
565.6299044000363 4.792608589658104e-18
565.6919749759339 4.6504107262498064e-18
565.7540455518317 4.831013523945873e-18
565.8161161277295 4.755650957207863e-18
565.8781867036273 4.690944973597733e-18
565.9402572795251 4.8152762949818416e-18
566.0023278554228 4.786547375883449e-18
566.0643984313206 4.783966535968982e-18
566.1264690072184 4.877996933562102e-18
566.1885395831162 4.81595313707953e-18
566.250610159014 4.718963480084683e-18
566.3126807349116 4.675613296763005e-18
566.3747513108094 4.67309147839432e-18
566.4368218867072 4.679355259735407e-18
566.498892462605 4.809189597379878e-18
566.5609630385028 4.84765899278465e-18
566.6230336144005 4.7670248168086555e-18
566.6851041902983 4.789415857626623e-18
566.747174766196 4.8555363423779644e-18
566.8092453420938 4.857959174287911e-18
566.8713159179915 4.764133198617388e-18
566.9333864938893 4.745742528672251e-18
566.9954570697871 4.820200777125984e-18
567.0575276456849 4.851245956738686e-18
567.1195982215827 4.847469612213934e-18
567.1816687974804 4.7037053608866345e-18
567.2437393733782 4.700614395306054e-18
567.305809949276 4.822493962557424e-18
567.3678805251737 4.806081241663481e-18
567.4299511010715 4.913395511553201e-18
567.4920216769692 4.853200217395453e-18
567.554092252867 4.745468321243819e-18
567.6161628287648 4.7855167395425436e-18
567.6782334046626 4.642044075207025e-18
567.7403039805604 4.6529343281532995e-18
567.8023745564581 4.782647811874676e-18
567.8644451323559 4.7353435689745964e-18
567.9265157082536 4.667451562734486e-18
567.9885862841514 4.678084150947475e-18
568.0506568600492 4.7213700940693104e-18
568.1127274359469 4.6797163840026295e-18
568.1747980118447 4.71725256415153e-18
568.2368685877425 4.7153391562995904e-18
568.2989391636403 4.593921906174018e-18
568.3610097395381 4.777115431562497e-18
568.4230803154358 4.8007506992353144e-18
568.4851508913335 4.794079086633146e-18
568.5472214672313 4.784671689071565e-18
568.6092920431291 4.682348803262003e-18
568.6713626190269 4.858751987298873e-18
568.7334331949246 4.732864868787219e-18
568.7955037708224 4.791281726750206e-18
568.8575743467202 4.564949548416251e-18
568.919644922618 4.634896650294842e-18
568.9817154985157 4.753126803162078e-18
569.0437860744134 4.7090843523470506e-18
569.1058566503112 4.703765490698509e-18
569.167927226209 4.748297153906234e-18
569.2299978021068 4.7253381066938455e-18
569.2920683780045 4.6123708335568345e-18
569.3541389539023 4.615988160085064e-18
569.4162095298001 4.587205830262127e-18
569.4782801056979 4.6417131958628856e-18
569.5403506815957 4.653728920645619e-18
569.6024212574933 4.720900239659986e-18
569.6644918333911 4.586764941493882e-18
569.7265624092889 4.7571642533198854e-18
569.7886329851867 4.718990650918531e-18
569.8507035610844 4.675157543419481e-18
569.9127741369822 4.602791857822209e-18
569.97484471288 4.661243209677027e-18
570.0369152887778 4.754510270643324e-18
570.0989858646756 4.749326391436628e-18
570.1610564405732 4.723531534856256e-18
570.223127016471 4.7513277823409454e-18
570.2851975923688 4.828064493187025e-18
570.3472681682666 4.673975603228766e-18
570.4093387441644 4.534905723903392e-18
570.4714093200621 4.693320648751816e-18
570.5334798959599 4.525807097488907e-18
570.5955504718577 4.8253803403392e-18
570.6576210477555 4.817104869747628e-18
570.7196916236533 4.7440770359592496e-18
570.7817621995509 4.6273350674260954e-18
570.8438327754487 4.792151113110374e-18
570.9059033513465 4.721779747449128e-18
570.9679739272443 4.598822982288145e-18
571.0300445031421 4.6608129223182e-18
571.0921150790398 4.580304152956236e-18
571.1541856549376 4.812722014691816e-18
571.2162562308354 4.7691894799887194e-18
571.2783268067332 4.789670030926136e-18
571.340397382631 4.653376120882228e-18
571.4024679585286 4.667068361228929e-18
571.4645385344264 4.625132655992021e-18
571.5266091103242 4.698776326372639e-18
571.588679686222 4.789716742577363e-18
571.6507502621198 4.763826398235989e-18
571.7128208380175 4.52686179034758e-18
571.7748914139153 4.570293840853551e-18
571.8369619898131 4.6426330487282535e-18
571.8990325657109 4.618002028587343e-18
571.9611031416085 4.52643424997339e-18
572.0231737175063 4.692964663293404e-18
572.0852442934041 4.794889746682907e-18
572.1473148693019 4.674944347715815e-18
572.2093854451997 4.699578358427379e-18
572.2714560210974 4.681863602918012e-18
572.3335265969952 4.7008220510025435e-18
572.395597172893 4.7635966950235034e-18
572.4576677487908 4.6779429907913464e-18
572.5197383246885 4.734344707666619e-18
572.5818089005862 4.800890964719519e-18
572.643879476484 4.693133543705456e-18
572.7059500523818 4.6110252713997726e-18
572.7680206282796 4.6406929104880015e-18
572.8300912041774 4.6398005576027076e-18
572.8921617800751 4.731559984651957e-18
572.9542323559729 4.6690273452197134e-18
573.0163029318707 4.611033761752507e-18
573.0783735077684 4.739193245607397e-18
573.1404440836661 4.711375169572687e-18
573.2025146595639 4.68971924868458e-18
573.2645852354617 4.692619631144013e-18
573.3266558113595 4.679347561579335e-18
573.3887263872573 4.6540903078856005e-18
573.450796963155 4.796809775633868e-18
573.5128675390528 4.701981651366865e-18
573.5749381149506 4.605422343108777e-18
573.6370086908483 4.632434200665042e-18
573.6990792667461 4.5647239903684e-18
573.7611498426438 4.53499256740938e-18
573.8232204185416 4.623726905180061e-18
573.8852909944394 4.729223084042903e-18
573.9473615703372 4.651520418129667e-18
574.009432146235 4.673771200146081e-18
574.0715027221327 4.706806358355938e-18
574.1335732980305 4.635273076266231e-18
574.1956438739282 4.688771673318217e-18
574.257714449826 4.6823284245128354e-18
574.3197850257238 4.74516232583224e-18
574.3818556016215 4.749434745664004e-18
574.4439261775193 4.847510992915412e-18
574.5059967534171 4.6460342182908604e-18
574.5680673293149 4.690488657362628e-18
574.6301379052127 4.814129848738378e-18
574.6922084811104 4.5704718887314184e-18
574.7542790570081 4.755668612994547e-18
574.8163496329059 4.626321779160982e-18
574.8784202088037 4.590255311794959e-18
574.9404907847015 4.71547256825529e-18
575.0025613605992 4.764505758357761e-18
575.064631936497 4.673963742725521e-18
575.1267025123948 4.7756591680488415e-18
575.1887730882926 4.7394375921093135e-18
575.2508436641903 4.7164374792028e-18
575.312914240088 4.665717595073314e-18
575.3749848159858 4.6880134957430265e-18
575.4370553918836 4.687610424110991e-18
575.4991259677814 4.563825925107703e-18
575.5611965436791 4.684847541002946e-18
575.6232671195769 4.785225362952361e-18
575.6853376954747 4.656457049876338e-18
575.7474082713725 4.598160976481622e-18
575.8094788472703 4.739529190804121e-18
575.871549423168 4.641439227101042e-18
575.9336199990657 4.6881623429078556e-18
575.9956905749635 4.789932266576631e-18
576.0577611508613 4.590600467139787e-18
576.1198317267591 4.543227767265767e-18
576.1819023026568 4.676874370219717e-18
576.2439728785546 4.630042282002762e-18
576.3060434544524 4.5893104155517654e-18
576.3681140303502 4.662166316959909e-18
576.4301846062478 4.702765538734232e-18
576.4922551821456 4.753866435145568e-18
576.5543257580434 4.6311280003658236e-18
576.6163963339412 4.766800305224993e-18
576.678466909839 4.631133957996763e-18
576.7405374857367 4.745485749532754e-18
576.8026080616345 4.682808151089466e-18
576.8646786375323 4.673431386739173e-18
576.9267492134301 4.58848895201148e-18
576.9888197893279 4.692386862364516e-18
577.0508903652255 4.736977686247586e-18
577.1129609411233 4.764833179914477e-18
577.1750315170211 4.695167039818352e-18
577.2371020929189 4.7423069315853865e-18
577.2991726688167 4.644549883505308e-18
577.3612432447144 4.649670094545787e-18
577.4233138206122 4.634966812481086e-18
577.48538439651 4.799511458727141e-18
577.5474549724078 4.825254815308689e-18
577.6095255483056 4.663349569984683e-18
577.6715961242032 4.751207484906274e-18
577.733666700101 4.7300356646943614e-18
577.7957372759988 4.826545530609657e-18
577.8578078518966 4.8546108094725866e-18
577.9198784277944 4.6668924459106966e-18
577.9819490036921 4.6588860664224994e-18
578.0440195795899 4.7578202749996545e-18
578.1060901554877 4.730340818335369e-18
578.1681607313855 4.731203791966347e-18
578.2302313072832 4.743837771221995e-18
578.2923018831809 4.709415433546515e-18
578.3543724590787 4.753518973143015e-18
578.4164430349765 4.743179536012842e-18
578.4785136108743 4.6238633068145785e-18
578.540584186772 4.66353767604829e-18
578.6026547626698 4.6141449659513416e-18
578.6647253385676 4.583387063147407e-18
578.7267959144654 4.585878371304502e-18
578.7888664903631 4.660781032707291e-18
578.8509370662608 4.6434760547655915e-18
578.9130076421586 4.595545954557574e-18
578.9750782180564 4.633022218379134e-18
579.0371487939542 4.57369057761204e-18
579.099219369852 4.615924661100822e-18
579.1612899457497 4.563563281211029e-18
579.2233605216475 4.5621224863927514e-18
579.2854310975453 4.559559365381491e-18
579.347501673443 4.60112892592376e-18
579.4095722493408 4.702277992359416e-18
579.4716428252385 4.659684145990575e-18
579.5337134011363 4.614395456350501e-18
579.5957839770341 4.646746420673269e-18
579.6578545529319 4.658516505590919e-18
579.7199251288296 4.6097572702241376e-18
579.7819957047274 4.6212796904898776e-18
579.8440662806252 4.594252439709005e-18
579.906136856523 4.65164528627729e-18
579.9682074324207 4.574657401176665e-18
580.0302780083184 4.661456192031694e-18
580.0923485842162 4.806240649447283e-18
580.154419160114 4.746750281014478e-18
580.2164897360118 4.6197603322630866e-18
580.2785603119096 4.702792465300996e-18
580.3406308878073 4.611765049786361e-18
580.4027014637051 4.501532119394985e-18
580.4647720396028 4.6499781326519415e-18
580.5268426155006 4.719430323659026e-18
580.5889131913984 4.691438774764407e-18
580.6509837672961 4.652972276625122e-18
580.7130543431939 4.6246333399478544e-18
580.7751249190917 4.5307905884918e-18
580.8371954949895 4.785259378681843e-18
580.8992660708873 4.812873999997952e-18
580.961336646785 4.6343859225965956e-18
581.0234072226827 4.6939209266540826e-18
581.0854777985805 4.765725308681565e-18
581.1475483744783 4.6022526907427765e-18
581.2096189503761 4.685255204385346e-18
581.2716895262738 4.7124832446388584e-18
581.3337601021716 4.640333378493463e-18
581.3958306780694 4.6615438314783245e-18
581.4579012539672 4.5711034628492075e-18
581.519971829865 4.7260101322569325e-18
581.5820424057626 4.727524848496159e-18
581.6441129816604 4.6728623824804295e-18
581.7061835575582 4.733743197550105e-18
581.768254133456 4.811064148282016e-18
581.8303247093537 4.6875960132133355e-18
581.8923952852515 4.77827821568356e-18
581.9544658611493 4.781353369932604e-18
582.0165364370471 4.611398135675721e-18
582.0786070129449 4.573479382318841e-18
582.1406775888425 4.650319383006027e-18
582.2027481647403 4.6427831229206355e-18
582.2648187406381 4.59895994026238e-18
582.3268893165359 4.735651128858806e-18
582.3889598924337 4.6560489727725834e-18
582.4510304683314 4.6036977686648484e-18
582.5131010442292 4.620296895871292e-18
582.575171620127 4.699297734442074e-18
582.6372421960248 4.717232148340764e-18
582.6993127719225 4.569804899713917e-18
582.7613833478202 4.660452222418094e-18
582.823453923718 4.605313848005537e-18
582.8855244996158 4.669125708786845e-18
582.9475950755136 4.72087581202276e-18
583.0096656514113 4.707267714791982e-18
583.0717362273091 4.7293044101262804e-18
583.1338068032069 4.606503768121893e-18
583.1958773791047 4.543204768536179e-18
583.2579479550025 4.6882019376043195e-18
583.3200185309001 4.663914940597334e-18
583.3820891067979 4.6023007588558155e-18
583.4441596826957 4.684806048481881e-18
583.5062302585935 4.705920251118894e-18
583.5683008344913 4.6975642800428305e-18
583.630371410389 4.505829853993888e-18
583.6924419862868 4.61066288796556e-18
583.7545125621846 4.752661691517476e-18
583.8165831380824 4.7313376198810784e-18
583.8786537139802 4.922632777350943e-18
583.9407242898778 4.8442993031277356e-18
584.0027948657756 4.664310997224554e-18
584.0648654416734 4.8351282202085634e-18
584.1269360175712 4.777909618293223e-18
584.189006593469 4.563177285669309e-18
584.2510771693667 4.787630021299943e-18
584.3131477452645 4.815294175216311e-18
584.3752183211623 4.762218031150109e-18
584.4372888970601 4.850797011655633e-18
584.4993594729578 4.84601981762898e-18
584.5614300488555 4.718621938359819e-18
584.6235006247533 4.808262217411671e-18
584.6855712006511 4.775220207305316e-18
584.7476417765489 4.7038504605270616e-18
584.8097123524467 4.857301690592227e-18
584.8717829283444 4.83168789077036e-18
584.9338535042422 4.8484348803264236e-18
584.99592408014 4.758471321642314e-18
585.0579946560377 4.756095878648401e-18
585.1200652319354 4.755584896411521e-18
585.1821358078332 4.760165787808767e-18
585.244206383731 4.905683191761709e-18
585.3062769596288 4.887416832016668e-18
585.3683475355266 4.650482680692975e-18
585.4304181114243 4.574161604812037e-18
585.4924886873221 4.680520217685639e-18
585.5545592632199 4.675258347818991e-18
585.6166298391176 4.6918911187776835e-18
585.6787004150153 4.877589287101855e-18
585.7407709909131 4.910261747895329e-18
585.8028415668109 4.9000179465548445e-18
585.8649121427087 4.758062070258688e-18
585.9269827186065 4.579082751493011e-18
585.9890532945042 4.800532980062962e-18
586.051123870402 4.822093188946791e-18
586.1131944462998 4.80714069733745e-18
586.1752650221976 4.802191348865821e-18
586.2373355980953 4.824121574400293e-18
586.299406173993 4.908661555331228e-18
586.3614767498908 4.825305552937933e-18
586.4235473257886 4.718771695987365e-18
586.4856179016864 4.7490458390092085e-18
586.5476884775842 4.779323933568451e-18
586.6097590534819 4.6900904611679924e-18
586.6718296293797 4.6997225025939845e-18
586.7339002052775 4.716920608976381e-18
586.7959707811752 4.7034198754260705e-18
586.858041357073 4.808011822798135e-18
586.9201119329707 4.722505261662255e-18
586.9821825088685 4.6594243578563896e-18
587.0442530847663 4.690927014375935e-18
587.1063236606641 4.8883448818777045e-18
587.1683942365619 4.533654579485201e-18
587.2304648124596 4.734843025139898e-18
587.2925353883574 4.6992979178623276e-18
587.3546059642551 4.789155855036504e-18
587.4166765401529 4.866118530301279e-18
587.4787471160507 4.506932718871745e-18
587.5408176919484 4.761042703816374e-18
587.6028882678462 4.699531544774906e-18
587.664958843744 4.602179687943155e-18
587.7270294196418 4.651715875715641e-18
587.7890999955396 4.556246745111763e-18
587.8511705714373 4.7575850352405995e-18
587.913241147335 4.573431317672934e-18
587.9753117232328 4.307922510222906e-18
588.0373822991306 4.630073476503606e-18
588.0994528750284 4.5967727953883015e-18
588.1615234509261 4.456977269508715e-18
588.2235940268239 4.7896734508376975e-18
588.2856646027217 4.769605883862864e-18
588.3477351786195 4.4730513627135855e-18
588.4098057545172 4.586473699355799e-18
588.471876330415 4.5753513749341586e-18
588.5339469063127 4.6136195758308896e-18
588.5960174822105 4.674851281369897e-18
588.6580880581083 4.734148675484357e-18
588.720158634006 4.583042181964085e-18
588.7822292099038 4.310894293904816e-18
588.8442997858016 4.691544623334218e-18
588.9063703616994 4.453200200034669e-18
588.968440937597 4.492876997827493e-18
589.0305115134948 4.396015496450934e-18
589.0925820893926 4.374548573708158e-18
589.1546526652904 4.3260446563217044e-18
589.2167232411882 4.2348526685986404e-18
589.2787938170859 4.3610563787742736e-18
589.3408643929837 4.3357516273245655e-18
589.4029349688815 4.346577940558646e-18
589.4650055447793 4.354091054216237e-18
589.5270761206771 4.28457501229178e-18
589.5891466965747 4.2610003693946305e-18
589.6512172724725 4.287881425923229e-18
589.7132878483703 4.2861162212639635e-18
589.7753584242681 4.380024047758685e-18
589.8374290001659 4.3557687002741365e-18
589.8994995760636 4.2930980753859595e-18
589.9615701519614 4.394095873327323e-18
590.0236407278592 4.4069360949450346e-18
590.085711303757 4.330365312638977e-18
590.1477818796548 4.265492817455933e-18
590.2098524555524 4.321298050248386e-18
590.2719230314502 4.453105672996635e-18
590.333993607348 4.499985655414498e-18
590.3960641832458 4.3820810270112345e-18
590.4581347591436 4.2151981420391645e-18
590.5202053350413 4.199985352523338e-18
590.5822759109391 4.2431483713941224e-18
590.6443464868369 4.15647586988783e-18
590.7064170627347 4.149159858491304e-18
590.7684876386325 4.17075829603636e-18
590.8305582145301 4.119728042450215e-18
590.8926287904279 4.066587542384391e-18
590.9546993663257 4.082488911224683e-18
591.0167699422235 4.180490812457246e-18
591.0788405181213 4.3081603855447035e-18
591.140911094019 4.19256988546269e-18
591.2029816699168 4.172837802725761e-18
591.2650522458146 4.107050817968438e-18
591.3271228217124 4.049391934128033e-18
591.3891933976101 3.999898527183789e-18
591.4512639735078 4.071390709368845e-18
591.5133345494056 4.143602456514754e-18
591.5754051253034 4.0293421351228275e-18
591.6374757012012 4.013108577399616e-18
591.6995462770989 4.003050349694138e-18
591.7616168529967 4.043256229007199e-18
591.8236874288945 4.032509425908954e-18
591.8857580047923 3.997589354364114e-18
591.94782858069 3.978684547032529e-18
592.0098991565877 4.027790219032006e-18
592.0719697324855 4.100993912755476e-18
592.1340403083833 4.15283541298294e-18
592.1961108842811 4.046857475610043e-18
592.2581814601788 4.0165447452473444e-18
592.3202520360766 3.936421780341167e-18
592.3823226119744 3.971912996431496e-18
592.4443931878722 3.993676306402913e-18
592.50646376377 4.035098296715447e-18
592.5685343396676 4.0240562726741576e-18
592.6306049155654 4.104341476277891e-18
592.6926754914632 3.99483457162747e-18
592.754746067361 3.959564082027525e-18
592.8168166432588 4.019522023312883e-18
592.8788872191565 4.090363055817779e-18
592.9409577950543 4.0183380434916115e-18
593.003028370952 4.089858276225988e-18
593.0650989468498 3.9776721639485196e-18
593.1271695227476 3.945022696450687e-18
593.1892400986453 4.010973812269872e-18
593.2513106745431 3.966306834814579e-18
593.3133812504409 3.856999227160057e-18
593.3754518263387 3.9639852145680626e-18
593.4375224022365 4.001589082536084e-18
593.4995929781342 3.8533902369618514e-18
593.561663554032 3.83791371693285e-18
593.6237341299297 3.8691606219375645e-18
593.6858047058275 3.759506752550446e-18
593.7478752817253 3.738320405233266e-18
593.809945857623 3.9060400955085095e-18
593.8720164335208 3.905101576196304e-18
593.9340870094186 3.91836441157067e-18
593.9961575853164 3.974875574030968e-18
594.0582281612142 3.830022856652354e-18
594.1202987371119 3.6620983285928396e-18
594.1823693130096 3.739727515015837e-18
594.2444398889074 3.842949787625601e-18
594.3065104648052 3.8157682875838086e-18
594.368581040703 3.844830554337919e-18
594.4306516166007 3.862085344441564e-18
594.4927221924985 3.873870261909476e-18
594.5547927683963 3.862435340476693e-18
594.6168633442941 3.8226190298459776e-18
594.6789339201919 3.894791996850029e-18
594.7410044960895 3.8912835391718664e-18
594.8030750719873 3.7888502401907465e-18
594.8651456478851 3.6165606841027485e-18
594.9272162237829 3.7872025495442556e-18
594.9892867996806 3.848349586786544e-18
595.0513573755784 3.798658025243168e-18
595.1134279514762 3.9370315818013545e-18
595.175498527374 3.801653679157711e-18
595.2375691032718 3.759448810286171e-18
595.2996396791694 3.736559027550335e-18
595.3617102550672 3.6668609985339466e-18
595.423780830965 3.792936297131503e-18
595.4858514068628 3.843246977516282e-18
595.5479219827605 3.7583051814807486e-18
595.6099925586583 3.7121900935268825e-18
595.6720631345561 3.668692591262808e-18
595.7341337104539 3.703196774492779e-18
595.7962042863517 3.7244783187263786e-18
595.8582748622493 3.7600984837791105e-18
595.9203454381471 3.8590354376838754e-18
595.9824160140449 3.868655694785356e-18
596.0444865899427 3.7349230254965834e-18
596.1065571658405 3.763849125250802e-18
596.1686277417382 3.887056574999614e-18
596.230698317636 3.8606665991547644e-18
596.2927688935338 3.757147284151177e-18
596.3548394694316 3.768139848810308e-18
596.4169100453294 3.812369185294655e-18
596.478980621227 3.731194303236779e-18
596.5410511971248 3.7344723214764746e-18
596.6031217730226 3.772166324011263e-18
596.6651923489204 3.66189363573122e-18
596.7272629248182 3.6362965705817724e-18
596.7893335007159 3.578445704870713e-18
596.8514040766137 3.578453905002831e-18
596.9134746525115 3.5977471227262055e-18
596.9755452284093 3.5337375362406175e-18
597.037615804307 3.5481013045245915e-18
597.0996863802047 3.586263300905507e-18
597.1617569561025 3.6284709483224716e-18
597.2238275320003 3.736581281889605e-18
597.2858981078981 3.835414931966811e-18
597.3479686837959 3.731067504395082e-18
597.4100392596936 3.57342474672556e-18
597.4721098355914 3.698624802739307e-18
597.5341804114892 3.81868190941446e-18
597.596250987387 3.724527196948851e-18
597.6583215632847 3.684140721665585e-18
597.7203921391824 3.677128600940823e-18
597.7824627150802 3.7061384908233725e-18
597.844533290978 3.790307074056632e-18
597.9066038668758 3.789964494501207e-18
597.9686744427735 3.754768143524659e-18
598.0307450186713 3.673244960049654e-18
598.0928155945691 3.6084460066733494e-18
598.1548861704669 3.6087378008021196e-18
598.2169567463646 3.7370986958523296e-18
598.2790273222623 3.752931046670077e-18
598.3410978981601 3.558477486103648e-18
598.4031684740579 3.639319388373804e-18
598.4652390499557 3.684362312107484e-18
598.5273096258535 3.607786665633066e-18
598.5893802017512 3.665327959843127e-18
598.651450777649 3.6554475366681066e-18
598.7135213535468 3.589127769554398e-18
598.7755919294445 3.506513287392367e-18
598.8376625053422 3.470040708517377e-18
598.89973308124 3.587910363899369e-18
598.9618036571378 3.640545790401241e-18
599.0238742330356 3.650792594701154e-18
599.0859448089334 3.6841497138146624e-18
599.1480153848311 3.646177831286076e-18
599.2100859607289 3.636772454622489e-18
599.2721565366267 3.6426726181484e-18
599.3342271125244 3.668547191485448e-18
599.3962976884222 3.7254517892751666e-18
599.4583682643199 3.686227859567394e-18
599.5204388402177 3.6955883788064256e-18
599.5825094161155 3.798229262621417e-18
599.6445799920133 3.731901754499702e-18
599.7066505679111 3.654674379308469e-18
599.7687211438088 3.684836519363929e-18
599.8307917197066 3.718993013861407e-18
599.8928622956043 3.642307791033043e-18
599.9549328715021 3.597807104987482e-18
600.0170034473999 3.648539772157136e-18
600.0790740232976 3.652262695633338e-18
600.1411445991954 3.656793962652788e-18
600.2032151750932 3.72690900790755e-18
600.265285750991 3.698966376042119e-18
600.3273563268888 3.638796566045532e-18
600.3894269027865 3.6052504852015856e-18
600.4514974786842 3.5950139701358245e-18
600.513568054582 3.586475127033062e-18
600.5756386304798 3.681288630157543e-18
600.6377092063776 3.708961197662219e-18
600.6997797822753 3.628156063041765e-18
600.7618503581731 3.651924752753656e-18
600.8239209340709 3.668938738754306e-18
600.8859915099687 3.697902399236333e-18
600.9480620858665 3.722335322280893e-18
601.0101326617641 3.686738730249876e-18
601.0722032376619 3.628961645275582e-18
601.1342738135597 3.622356273280902e-18
601.1963443894575 3.6513558857705216e-18
601.2584149653552 3.612718488046102e-18
601.320485541253 3.605682894237609e-18
601.3825561171508 3.648926182795339e-18
601.4446266930486 3.607811069315754e-18
601.5066972689464 3.598119900856313e-18
601.568767844844 3.61782662769634e-18
601.6308384207418 3.512068579091871e-18
601.6929089966396 3.53282302159208e-18
601.7549795725374 3.630664740382335e-18
601.8170501484351 3.613930461685529e-18
601.8791207243329 3.619595643060084e-18
601.9411913002307 3.6662637562286545e-18
602.0032618761285 3.626187335611545e-18
602.0653324520263 3.568600214595163e-18
602.127403027924 3.6254056023221446e-18
602.1894736038217 3.674133238364201e-18
602.2515441797195 3.704776332642487e-18
602.3136147556173 3.622981000606398e-18
602.3756853315151 3.645322321966581e-18
602.4377559074128 3.739973681635763e-18
602.4998264833106 3.688115684147726e-18
602.5618970592084 3.726607734956206e-18
602.6239676351062 3.7235773576282976e-18
602.686038211004 3.6059172581447514e-18
602.7481087869016 3.630739976061927e-18
602.8101793627994 3.6675723961679174e-18
602.8722499386972 3.7216850416073464e-18
602.934320514595 3.721442664565485e-18
602.9963910904928 3.5917085220503074e-18
603.0584616663905 3.578550272796558e-18
603.1205322422883 3.615797358580147e-18
603.1826028181861 3.627985892114305e-18
603.2446733940839 3.6413964657828084e-18
603.3067439699817 3.667183668313191e-18
603.3688145458793 3.629005823640846e-18
603.4308851217771 3.56959051629296e-18
603.4929556976749 3.573995218704842e-18
603.5550262735727 3.6058233533482114e-18
603.6170968494705 3.5536403362436214e-18
603.6791674253682 3.544993441851344e-18
603.741238001266 3.668275459382635e-18
603.8033085771638 3.57849374592622e-18
603.8653791530616 3.50383298617231e-18
603.9274497289593 3.551613715502317e-18
603.989520304857 3.575407257695881e-18
604.0515908807548 3.533910890997687e-18
604.1136614566526 3.579122417627192e-18
604.1757320325504 3.62915400804335e-18
604.2378026084482 3.520709317626932e-18
604.2998731843459 3.549659364297743e-18
604.3619437602437 3.6868813318180464e-18
604.4240143361415 3.6500403012534014e-18
604.4860849120392 3.551755894185673e-18
604.5481554879369 3.601987702547213e-18
604.6102260638347 3.578937362404647e-18
604.6722966397325 3.532392685551478e-18
604.7343672156303 3.60382012850368e-18
604.7964377915281 3.612959970792291e-18
604.8585083674258 3.567093841223153e-18
604.9205789433236 3.5424865242525986e-18
604.9826495192214 3.575354287488847e-18
605.0447200951191 3.608659907347146e-18
605.1067906710168 3.615205626211852e-18
605.1688612469146 3.641788022577546e-18
605.2309318228124 3.590719415926645e-18
605.2930023987102 3.5786692119231594e-18
605.355072974608 3.646056599509003e-18
605.4171435505057 3.587752488507496e-18
605.4792141264035 3.606426988322372e-18
605.5412847023013 3.69086970712497e-18
605.603355278199 3.6245360542683505e-18
605.6654258540968 3.6255931068068005e-18
605.7274964299945 3.690917466306477e-18
605.7895670058923 3.707583243223971e-18
605.8516375817901 3.693607624791391e-18
605.9137081576879 3.6730066122532115e-18
605.9757787335857 3.616714260594999e-18
606.0378493094834 3.5900155982494344e-18
606.0999198853812 3.60048430330257e-18
606.161990461279 3.578898817524449e-18
606.2240610371767 3.638443049184957e-18
606.2861316130745 3.650083095497773e-18
606.3482021889722 3.6428518261888535e-18
606.41027276487 3.5938373349904364e-18
606.4723433407678 3.494203225286824e-18
606.5344139166656 3.575062737358259e-18
606.5964844925634 3.6993092505105515e-18
606.658555068461 3.665343524973864e-18
606.7206256443588 3.589172724228206e-18
606.7826962202566 3.577995168942952e-18
606.8447667961544 3.6475358918463974e-18
606.9068373720522 3.687802869754941e-18
606.9689079479499 3.712964338291913e-18
607.0309785238477 3.639472025923181e-18
607.0930490997455 3.630411205736857e-18
607.1551196756433 3.6969101952922774e-18
607.2171902515411 3.618880730685471e-18
607.2792608274387 3.685824195575047e-18
607.3413314033365 3.753015123776396e-18
607.4034019792343 3.8137723113008415e-18
607.4654725551321 4.049434270283794e-18
607.5275431310299 4.290868384968791e-18
607.5896137069276 4.450033285728201e-18
607.6516842828254 4.543462780029764e-18
607.7137548587232 4.59652195256844e-18
607.775825434621 4.547473110571976e-18
607.8378960105186 4.474545175987418e-18
607.8999665864164 4.383804847558499e-18
607.9620371623142 4.198711713386844e-18
608.024107738212 3.9673786588520175e-18
608.0861783141098 3.830075034237857e-18
608.1482488900075 3.774894544382435e-18
608.2103194659053 3.74098684617404e-18
608.2723900418031 3.66163876803465e-18
608.3344606177009 3.734377675515522e-18
608.3965311935985 3.681576108182721e-18
608.4586017694963 3.60505387249203e-18
608.5206723453941 3.7260189534438345e-18
608.5827429212919 3.732252745472404e-18
608.6448134971897 3.628698225707758e-18
608.7068840730874 3.5744649320698746e-18
608.7689546489852 3.63756698147988e-18
608.831025224883 3.716225109050132e-18
608.8930958007808 3.7565462162634275e-18
608.9551663766786 3.689586862952856e-18
609.0172369525762 3.653038306769617e-18
609.079307528474 3.707269325642693e-18
609.1413781043718 3.641025816012908e-18
609.2034486802696 3.608253415148317e-18
609.2655192561674 3.653901956792593e-18
609.3275898320651 3.6706569663970494e-18
609.3896604079629 3.697764545131534e-18
609.4517309838607 3.695431897954775e-18
609.5138015597585 3.710447749561536e-18
609.5758721356563 3.745152589145654e-18
609.6379427115539 3.763272066366493e-18
609.7000132874517 3.772617117086898e-18
609.7620838633495 3.7194540485331444e-18
609.8241544392473 3.724325052357141e-18
609.8862250151451 3.777680870707725e-18
609.9482955910428 3.782480022510708e-18
610.0103661669406 3.744679916544673e-18
610.0724367428384 3.685453977484981e-18
610.1345073187362 3.70233446363108e-18
610.196577894634 3.745183471159993e-18
610.2586484705316 3.698561289927636e-18
610.3207190464294 3.7571016712746685e-18
610.3827896223272 3.920054367110354e-18
610.444860198225 3.90323199798664e-18
610.5069307741228 3.800013867638265e-18
610.5690013500205 3.792331406099781e-18
610.6310719259183 3.784105860895251e-18
610.693142501816 3.7139790970745975e-18
610.7552130777138 3.746029955155181e-18
610.8172836536116 3.7340283478569296e-18
610.8793542295093 3.7299758475013545e-18
610.9414248054071 3.720864902865603e-18
611.0034953813049 3.684387256024824e-18
611.0655659572027 3.765871069089325e-18
611.1276365331004 3.8217792296562214e-18
611.1897071089982 3.8280487260491395e-18
611.251777684896 3.812347546455671e-18
611.3138482607937 3.8663908888756205e-18
611.3759188366915 3.824165622202594e-18
611.4379894125892 3.7592702740812055e-18
611.500059988487 3.79829131696708e-18
611.5621305643848 3.7939111238631425e-18
611.6242011402826 3.664700734311503e-18
611.6862717161803 3.637435962092734e-18
611.7483422920781 3.7577050294749306e-18
611.8104128679759 3.7649411466396295e-18
611.8724834438736 3.754432063062082e-18
611.9345540197714 3.754319129493096e-18
611.9966245956691 3.790347425691276e-18
612.0586951715669 3.768180606975629e-18
612.1207657474647 3.740266182885106e-18
612.1828363233625 3.741386382189726e-18
612.2449068992603 3.783076540281484e-18
612.306977475158 3.912490561022982e-18
612.3690480510558 3.762825147610316e-18
612.4311186269535 3.758372681772238e-18
612.4931892028513 3.905862870343715e-18
612.5552597787491 3.85426367635996e-18
612.6173303546468 3.6700785967103294e-18
612.6794009305446 3.68466384675415e-18
612.7414715064424 3.744027283224494e-18
612.8035420823402 3.823790584678479e-18
612.865612658238 3.8528614850688e-18
612.9276832341357 3.6486921422899874e-18
612.9897538100334 3.636280701470055e-18
613.0518243859312 3.85332155115453e-18
613.113894961829 3.796674157910005e-18
613.1759655377268 3.8367515931886126e-18
613.2380361136245 3.8520047006469786e-18
613.3001066895223 3.7880387976511085e-18
613.3621772654201 3.85404569767146e-18
613.4242478413179 3.924075087119153e-18
613.4863184172157 3.91170225663166e-18
613.5483889931133 3.856155718154915e-18
613.6104595690111 3.800966818835247e-18
613.6725301449089 3.833880840355902e-18
613.7346007208067 3.831835718169931e-18
613.7966712967045 3.7947067498000735e-18
613.8587418726022 3.809769806522044e-18
613.9208124485 3.839113973104641e-18
613.9828830243978 3.858145610767306e-18
614.0449536002956 3.838155417007546e-18
614.1070241761932 3.8641328682617436e-18
614.169094752091 3.905486457055818e-18
614.2311653279888 3.853688565199535e-18
614.2932359038866 3.8627587276028234e-18
614.3553064797844 3.897191119198987e-18
614.4173770556821 3.893792658295184e-18
614.4794476315799 3.901793988663827e-18
614.5415182074777 3.8694674335771735e-18
614.6035887833755 3.871622643714333e-18
614.6656593592731 3.850954065910399e-18
614.7277299351709 3.901304076211897e-18
614.7898005110687 3.931274344252421e-18
614.8518710869665 3.918066619444202e-18
614.9139416628643 3.933524523512315e-18
614.976012238762 3.852320124703855e-18
615.0380828146598 3.768462273141254e-18
615.1001533905576 3.831120444904502e-18
615.1622239664554 3.835618848787539e-18
615.2242945423532 3.791872757221369e-18
615.2863651182508 3.880718370185356e-18
615.3484356941486 3.9008175322208126e-18
615.4105062700464 3.878863166493027e-18
615.4725768459442 3.852274108517177e-18
615.534647421842 3.870398642608432e-18
615.5967179977397 3.8626030994814e-18
615.6587885736375 3.89106788287025e-18
615.7208591495353 3.954750813769364e-18
615.7829297254331 3.9078694819095506e-18
615.8450003013309 3.8797726415952634e-18
615.9070708772285 3.872799523750584e-18
615.9691414531263 3.871151576571804e-18
616.0312120290241 3.8921155396634306e-18
616.0932826049219 3.92104601122807e-18
616.1553531808197 3.882085360980167e-18
616.2174237567174 3.871791812806035e-18
616.2794943326152 3.924924670290739e-18
616.341564908513 3.9865557305294565e-18
616.4036354844108 4.068286931851646e-18
616.4657060603085 4.016948076919187e-18
616.5277766362062 3.836776506280762e-18
616.589847212104 3.7849643329225366e-18
616.6519177880018 3.874401142816857e-18
616.7139883638996 3.922620831173376e-18
616.7760589397974 3.955338590899329e-18
616.8381295156951 3.917137578856998e-18
616.9002000915929 3.920084902154437e-18
616.9622706674907 4.031281126299228e-18
617.0243412433884 4.060295921341696e-18
617.0864118192862 4.004733290082261e-18
617.1484823951839 3.920409354673371e-18
617.2105529710817 3.8950084429425876e-18
617.2726235469795 4.031263702565957e-18
617.3346941228773 4.132881261336622e-18
617.396764698775 4.035031402660756e-18
617.4588352746728 4.040381057965393e-18
617.5209058505706 4.0595194674107836e-18
617.5829764264683 4.026522221031165e-18
617.6450470023661 3.9379787103644705e-18
617.7071175782638 3.914932211443112e-18
617.7691881541616 3.912489287513532e-18
617.8312587300594 3.975306381892174e-18
617.8933293059572 3.998921409831428e-18
617.9553998818549 3.951930541624955e-18
618.0174704577527 3.924244398111205e-18
618.0795410336505 3.895312727230094e-18
618.1416116095482 3.85074068076981e-18
618.203682185446 3.824070695191229e-18
618.2657527613437 3.861300462023165e-18
618.3278233372415 3.960116756167454e-18
618.3898939131393 3.9491687547250734e-18
618.4519644890371 3.969167769369284e-18
618.5140350649349 4.007303346677817e-18
618.5761056408326 3.93829718147943e-18
618.6381762167304 3.888552730236511e-18
618.7002467926281 3.87608522028774e-18
618.7623173685259 3.998226993279131e-18
618.8243879444237 3.967308670967604e-18
618.8864585203214 3.810723818369735e-18
618.9485290962192 3.852742785465236e-18
619.010599672117 3.914582656145486e-18
619.0726702480148 3.975599047047744e-18
619.1347408239126 3.969580790593089e-18
619.1968113998103 3.987200193623402e-18
619.258881975708 3.996068587448693e-18
619.3209525516058 3.978783974372266e-18
619.3830231275036 3.927297269204941e-18
619.4450937034014 3.8383691596229266e-18
619.5071642792991 3.9249692334774565e-18
619.5692348551969 3.990925570295201e-18
619.6313054310947 3.8682559435228e-18
619.6933760069925 3.828427436312111e-18
619.7554465828903 3.832677310305999e-18
619.817517158788 3.841459591429174e-18
619.8795877346857 3.997999219399772e-18
619.9416583105835 3.967682769661918e-18
620.0037288864813 3.949115579619828e-18
620.0657994623791 4.002778963983308e-18
620.1278700382768 3.976652612720752e-18
620.1899406141746 3.964356058607828e-18
620.2520111900724 4.032906560502663e-18
620.3140817659702 4.0398770656162984e-18
620.376152341868 3.968371354447948e-18
620.4382229177656 4.001546881720792e-18
620.5002934936634 3.9564745531473016e-18
620.5623640695612 3.90401433769407e-18
620.624434645459 3.9288762681015224e-18
620.6865052213567 3.923708765412268e-18
620.7485757972545 3.9409840590690766e-18
620.8106463731523 3.966324133560242e-18
620.8727169490501 3.952298864412235e-18
620.9347875249479 3.954768360901521e-18
620.9968581008455 3.990823249471009e-18
621.0589286767433 4.011265971136703e-18
621.1209992526411 3.9725282285671845e-18
621.1830698285389 4.044672186355568e-18
621.2451404044366 4.0872825960533954e-18
621.3072109803344 4.082421031181352e-18
621.3692815562322 4.073810067039173e-18
621.43135213213 4.046082244415918e-18
621.4934227080278 4.100691524285604e-18
621.5554932839254 4.033575344016946e-18
621.6175638598232 3.923237789132235e-18
621.679634435721 3.97977947121269e-18
621.7417050116188 3.941200202345994e-18
621.8037755875166 3.916382515190451e-18
621.8658461634143 3.931344192205116e-18
621.9279167393121 3.928808980720534e-18
621.9899873152099 3.941151359057716e-18
622.0520578911077 4.022315025175128e-18
622.1141284670055 4.027225060418396e-18
622.1761990429031 3.977613939777982e-18
622.2382696188009 3.949631216973792e-18
622.3003401946987 3.9497302444869794e-18
622.3624107705965 4.034510806592013e-18
622.4244813464943 3.9965171982471084e-18
622.486551922392 4.001827388186994e-18
622.5486224982898 4.096483123366024e-18
622.6106930741876 4.055686647637781e-18
622.6727636500854 3.9108775552351145e-18
622.7348342259831 3.935666001334281e-18
622.7969048018808 3.985279205127339e-18
622.8589753777786 4.011811314493855e-18
622.9210459536764 4.030976372799996e-18
622.9831165295742 3.954700089016912e-18
623.045187105472 3.861889924620322e-18
623.1072576813697 3.968041930020913e-18
623.1693282572675 3.9661546834170295e-18
623.2313988331653 3.87609667955279e-18
623.293469409063 3.907494552267667e-18
623.3555399849608 3.897369698963129e-18
623.4176105608585 3.971216378384111e-18
623.4796811367563 4.037716159441623e-18
623.5417517126541 3.992218082234951e-18
623.6038222885519 3.9701019051038595e-18
623.6658928644497 3.923344390309028e-18
623.7279634403474 3.92880161111564e-18
623.7900340162452 4.004858937241235e-18
623.852104592143 4.053879080770516e-18
623.9141751680407 3.991481157674102e-18
623.9762457439384 3.978148800290427e-18
624.0383163198362 4.0297330095569015e-18
624.100386895734 3.9727935291651255e-18
624.1624574716318 3.947307425939446e-18
624.2245280475296 3.981591166572531e-18
624.2865986234273 3.938879847655648e-18
624.3486691993251 3.9485217722793255e-18
624.4107397752229 4.036528195998969e-18
624.4728103511206 4.047869038303143e-18
624.5348809270183 3.927814219650881e-18
624.5969515029161 3.876041945754009e-18
624.6590220788139 3.9026481150714815e-18
624.7210926547117 3.857647602856796e-18
624.7831632306095 3.8877475524267525e-18
624.8452338065072 3.877879529755601e-18
624.907304382405 3.773189821745057e-18
624.9693749583028 3.817792191781895e-18
625.0314455342005 3.927133833659805e-18
625.0935161100983 3.938574357363329e-18
625.155586685996 3.862645407620333e-18
625.2176572618938 3.867834117782009e-18
625.2797278377916 3.9276597466889246e-18
625.3417984136894 4.029288377633653e-18
625.4038689895872 3.962554328011711e-18
625.4659395654849 3.979773306843288e-18
625.5280101413827 4.0511263514296666e-18
625.5900807172804 4.005169404306788e-18
625.6521512931782 3.9680684863088695e-18
625.714221869076 3.981211530566798e-18
625.7762924449737 3.9455323653427476e-18
625.8383630208715 3.9179687488493375e-18
625.9004335967693 3.9814411039153985e-18
625.9625041726671 4.0032341423439414e-18
626.0245747485649 3.9215121334930274e-18
626.0866453244626 3.960699714423622e-18
626.1487159003603 4.085712413077904e-18
626.2107864762581 4.015547021879128e-18
626.2728570521559 3.9995539889403265e-18
626.3349276280537 4.053116463698427e-18
626.3969982039514 4.034765817108462e-18
626.4590687798492 3.98534908198545e-18
626.521139355747 3.962636423276679e-18
626.5832099316448 3.942028574108203e-18
626.6452805075426 3.963440089109312e-18
626.7073510834402 3.976099429672622e-18
626.769421659338 3.920018953866488e-18
626.8314922352358 3.967383393548013e-18
626.8935628111336 3.969499230867204e-18
626.9556333870313 3.916497425629423e-18
627.0177039629291 3.9375849976374965e-18
627.0797745388269 3.971828675671292e-18
627.1418451147247 3.93951204302947e-18
627.2039156906225 3.94824955545867e-18
627.2659862665201 3.8938849658815364e-18
627.3280568424179 3.9153698429477e-18
627.3901274183157 3.969447467460424e-18
627.4521979942135 3.915224494010931e-18
627.5142685701113 3.863116445559668e-18
627.576339146009 3.828239465247281e-18
627.6384097219068 3.843284803046665e-18
627.7004802978046 3.805398159295375e-18
627.7625508737024 3.707885672166781e-18
627.8246214496 3.666765471801462e-18
627.8866920254978 3.6517837234856e-18
627.9487626013956 3.653905723414331e-18
628.0108331772934 3.698717943026054e-18
628.0729037531912 3.7928200325019604e-18
628.1349743290889 3.807210402668892e-18
628.1970449049867 3.791687590404911e-18
628.2591154808845 3.8505676105174744e-18
628.3211860567823 3.932204999335044e-18
628.3832566326801 3.917199517037456e-18
628.4453272085777 3.827857625214849e-18
628.5073977844755 3.860912070037226e-18
628.5694683603733 3.8720457625701814e-18
628.6315389362711 3.815988201062654e-18
628.6936095121689 3.89445455911906e-18
628.7556800880666 3.93214981745522e-18
628.8177506639644 3.862202004774855e-18
628.8798212398622 3.718582041099092e-18
628.94189181576 3.80695812455238e-18
629.0039623916578 3.841608922873236e-18
629.0660329675554 3.916770996551995e-18
629.1281035434532 3.889367936838242e-18
629.190174119351 3.7631797849963415e-18
629.2522446952488 3.832960545426818e-18
629.3143152711466 3.871808496627921e-18
629.3763858470443 3.837863250668098e-18
629.4384564229421 3.8239911135216776e-18
629.5005269988399 3.826116263576688e-18
629.5625975747377 3.799068570374806e-18
629.6246681506354 3.872313683480571e-18
629.6867387265331 4.0171265900430306e-18
629.7488093024309 3.9971504080180104e-18
629.8108798783287 3.94112158512654e-18
629.8729504542265 3.687139027086529e-18
629.9350210301243 3.698126636584297e-18
629.997091606022 3.734609776339512e-18
630.0591621819198 3.867300809473631e-18
630.1212327578176 3.979504452891735e-18
630.1833033337153 3.968486891438877e-18
630.245373909613 3.884861193313145e-18
630.3074444855108 3.926849825872494e-18
630.3695150614086 3.99528954229444e-18
630.4315856373064 3.916589868106197e-18
630.4936562132042 3.91371514643156e-18
630.5557267891019 3.8298234480792386e-18
630.6177973649997 3.7681725648707794e-18
630.6798679408975 3.8417582090544796e-18
630.7419385167952 3.799304558862145e-18
630.8040090926929 3.792268602730181e-18
630.8660796685907 3.81977469148075e-18
630.9281502444885 3.826344365598789e-18
630.9902208203863 3.8734037979773984e-18
631.0522913962841 3.9316502474358774e-18
631.1143619721818 3.965968061332862e-18
631.1764325480796 3.832696787953853e-18
631.2385031239774 3.7853948200952455e-18
631.3005736998751 3.838614351169233e-18
631.3626442757729 3.808817537182143e-18
631.4247148516706 3.8103169530955014e-18
631.4867854275684 3.8483321068437096e-18
631.5488560034662 3.853323031924029e-18
631.610926579364 3.891719281426475e-18
631.6729971552618 3.829943838539954e-18
631.7350677311595 3.752069139382013e-18
631.7971383070573 3.8267922788648325e-18
631.859208882955 3.835962102660079e-18
631.9212794588528 3.728952694715829e-18
631.9833500347506 3.732625541806638e-18
632.0454206106483 3.769867408350008e-18
632.1074911865461 3.833464632484771e-18
632.1695617624439 3.857641971671587e-18
632.2316323383417 3.873732331258347e-18
632.2937029142395 3.8620236026453145e-18
632.3557734901372 3.8636622043859586e-18
632.417844066035 3.823890685051801e-18
632.4799146419327 3.744118906759889e-18
632.5419852178305 3.766193482285851e-18
632.6040557937283 3.840771795208108e-18
632.666126369626 3.806650687840333e-18
632.7281969455238 3.793690198099621e-18
632.7902675214216 3.881953299693857e-18
632.8523380973194 3.843129025997046e-18
632.9144086732172 3.717965181275236e-18
632.9764792491148 3.783936997844282e-18
633.0385498250126 3.835512433420996e-18
633.1006204009104 3.9077462208969265e-18
633.1626909768082 3.8968486548476365e-18
633.224761552706 3.9602011610536385e-18
633.2868321286037 3.9207831968824685e-18
633.3489027045015 3.715840100585097e-18
633.4109732803993 3.666109803656895e-18
633.4730438562971 3.739685118461849e-18
633.5351144321947 3.8775342695144584e-18
633.5971850080925 3.820662934271353e-18
633.6592555839903 3.816619749543809e-18
633.7213261598881 3.789107805196845e-18
633.7833967357859 3.721815030795778e-18
633.8454673116836 3.83627840769871e-18
633.9075378875814 3.837196853893617e-18
633.9696084634792 3.848303698440429e-18
634.031679039377 3.811001949765379e-18
634.0937496152746 3.75435468854548e-18
634.1558201911724 3.7244281711894696e-18
634.2178907670702 3.724175143239736e-18
634.279961342968 3.779128073943574e-18
634.3420319188658 3.877156403805539e-18
634.4041024947635 3.879535156040759e-18
634.4661730706613 3.8440816148517445e-18
634.5282436465591 3.7847844445334525e-18
634.5903142224569 3.771498878078088e-18
634.6523847983547 3.851817094803284e-18
634.7144553742523 3.835724677251285e-18
634.7765259501501 3.785907260938122e-18
634.8385965260479 3.820585350453034e-18
634.9006671019457 3.8518268254383495e-18
634.9627376778435 3.833545645695915e-18
635.0248082537412 3.8039259686022835e-18
635.086878829639 3.80789479836088e-18
635.1489494055368 3.7642201270347496e-18
635.2110199814346 3.7633121473821566e-18
635.2730905573324 3.797317328354137e-18
635.33516113323 3.785687963671442e-18
635.3972317091278 3.7399299555581786e-18
635.4593022850256 3.741582123249729e-18
635.5213728609234 3.822444186766605e-18
635.5834434368212 3.880788018580638e-18
635.6455140127189 3.859615499906695e-18
635.7075845886167 3.8386069293298305e-18
635.7696551645145 3.751337568101142e-18
635.8317257404123 3.777653667214801e-18
635.89379631631 3.7916525716157085e-18
635.9558668922077 3.7933452262496225e-18
636.0179374681055 3.960365673440619e-18
636.0800080440033 3.9850561604174215e-18
636.1420786199011 3.9364663828874056e-18
636.2041491957989 3.828958921698212e-18
636.2662197716966 3.759363600528862e-18
636.3282903475944 3.755257584969457e-18
636.3903609234922 3.928610212462353e-18
636.45243149939 3.927455773676549e-18
636.5145020752877 3.771606014068742e-18
636.5765726511854 3.823788393343461e-18
636.6386432270832 3.8620088092171495e-18
636.700713802981 3.703332406750741e-18
636.7627843788788 3.811764976671587e-18
636.8248549547765 3.755975182665652e-18
636.8869255306743 3.736017967201218e-18
636.948996106572 3.8134001790476765e-18
637.0110666824698 3.863948049556855e-18
637.0731372583676 3.909167967509799e-18
637.1352078342653 3.8079274279013935e-18
637.1972784101631 3.70881060444073e-18
637.2593489860609 3.765107177077185e-18
637.3214195619587 3.86423836911008e-18
637.3834901378564 3.8672541602613734e-18
637.4455607137542 3.79680647173077e-18
637.507631289652 3.8570111063819695e-18
637.5697018655497 3.876813353678868e-18
637.6317724414475 3.7168132601922834e-18
637.6938430173452 3.7866096076420515e-18
637.755913593243 3.8624594360711604e-18
637.8179841691408 3.831877924586564e-18
637.8800547450386 3.917359078116746e-18
637.9421253209364 3.972008778705279e-18
638.0041958968341 3.850812512503903e-18
638.0662664727319 3.804216287602329e-18
638.1283370486296 3.877064225255486e-18
638.1904076245274 3.8272732619359285e-18
638.2524782004252 3.7260495585275324e-18
638.3145487763229 3.773455649864622e-18
638.3766193522207 3.842435313509301e-18
638.4386899281185 3.8459539106191046e-18
638.5007605040163 3.858491077949295e-18
638.5628310799141 3.8463797350025324e-18
638.6249016558118 3.8499512753369194e-18
638.6869722317095 3.8732150962189615e-18
638.7490428076073 3.8816415068197965e-18
638.8111133835051 3.8537279214272644e-18
638.8731839594029 3.803749083476808e-18
638.9352545353006 3.809151910461737e-18
638.9973251111984 3.791738286879403e-18
639.0593956870962 3.8039634964956734e-18
639.121466262994 3.835612915816523e-18
639.1835368388918 3.8489390242880094e-18
639.2456074147894 3.8944629926459366e-18
639.3076779906872 3.848436291114228e-18
639.369748566585 3.8500721271053734e-18
639.4318191424828 3.854588856741546e-18
639.4938897183806 3.795353517529123e-18
639.5559602942783 3.718965165958651e-18
639.6180308701761 3.734485713386185e-18
639.6801014460739 3.849148047016251e-18
639.7421720219717 3.8781777988398466e-18
639.8042425978695 3.842394506744166e-18
639.8663131737671 3.827038299035761e-18
639.9283837496649 3.8859777710214965e-18
639.9904543255627 3.7708498949885275e-18
640.0525249014605 3.790608693354186e-18
640.1145954773582 3.8606688881444304e-18
640.176666053256 3.779891665676893e-18
640.2387366291538 3.7295946196654694e-18
640.3008072050516 3.766519578116528e-18
640.3628777809494 3.7635059966557215e-18
640.424948356847 3.798989376509755e-18
640.4870189327448 3.8861319580793185e-18
640.5490895086426 3.8827167204942e-18
640.6111600845404 3.905024072807344e-18
640.6732306604381 3.819856350748271e-18
640.7353012363359 3.888796022187549e-18
640.7973718122337 3.879201720152452e-18
640.8594423881315 3.779236185898061e-18
640.9215129640293 3.686401934809004e-18
640.9835835399269 3.6950725285618516e-18
641.0456541158247 3.738011381776952e-18
641.1077246917225 3.754341816583006e-18
641.1697952676203 3.797235975321935e-18
641.2318658435181 3.770119430278952e-18
641.2939364194158 3.801026521369357e-18
641.3560069953136 3.8427147709833015e-18
641.4180775712114 3.807397187292654e-18
641.4801481471092 3.837727884196696e-18
641.542218723007 3.8523124230474276e-18
641.6042892989046 3.834869875752268e-18
641.6663598748024 3.792831900469888e-18
641.7284304507002 3.776651317806879e-18
641.790501026598 3.7948090109207094e-18
641.8525716024958 3.8199158142467315e-18
641.9146421783935 3.858598485912806e-18
641.9767127542913 3.768667753608658e-18
642.0387833301891 3.70053845360466e-18
642.1008539060869 3.7904886036246986e-18
642.1629244819846 3.800592227944821e-18
642.2249950578823 3.722348029077929e-18
642.2870656337801 3.6971249669125454e-18
642.3491362096779 3.796693396792161e-18
642.4112067855757 3.862359520751799e-18
642.4732773614735 3.762261931696697e-18
642.5353479373712 3.760506535240017e-18
642.597418513269 3.8286382572565096e-18
642.6594890891668 3.740490522802106e-18
642.7215596650645 3.6825302029895435e-18
642.7836302409623 3.724874393301719e-18
642.84570081686 3.691215400375438e-18
642.9077713927578 3.709928489103566e-18
642.9698419686556 3.7446905488108115e-18
643.0319125445534 3.6926437414721614e-18
643.0939831204511 3.737697060327899e-18
643.1560536963489 3.831648120316574e-18
643.2181242722467 3.8475185878085364e-18
643.2801948481444 3.794924446559176e-18
643.3422654240422 3.769909070844093e-18
643.4043359999399 3.72088227373507e-18
643.4664065758377 3.6662427648344385e-18
643.5284771517355 3.844362621713279e-18
643.5905477276333 3.917294805155173e-18
643.6526183035311 3.776865232564922e-18
643.7146888794288 3.761181641081572e-18
643.7767594553266 3.77796306229376e-18
643.8388300312243 3.778983855103994e-18
643.9009006071221 3.734516389715739e-18
643.9629711830198 3.6916106652448986e-18
644.0250417589176 3.683461540736763e-18
644.0871123348154 3.731023876056661e-18
644.1491829107132 3.7526772091665604e-18
644.211253486611 3.733771582825594e-18
644.2733240625087 3.715998398230833e-18
644.3353946384065 3.711576103373356e-18
644.3974652143042 3.737736820355761e-18
644.459535790202 3.740122806908595e-18
644.5216063660998 3.681745252955572e-18
644.5836769419975 3.699625430247076e-18
644.6457475178953 3.7542957766922014e-18
644.7078180937931 3.765423823912311e-18
644.7698886696909 3.777802636441166e-18
644.8319592455887 3.831299379814207e-18
644.8940298214864 3.8206227566279665e-18
644.9561003973841 3.713652353775628e-18
645.0181709732819 3.711626834402251e-18
645.0802415491797 3.77553948680748e-18
645.1423121250775 3.704899611417975e-18
645.2043827009752 3.649857150598684e-18
645.266453276873 3.695819701124395e-18
645.3285238527708 3.681846033393724e-18
645.3905944286686 3.6320975136924665e-18
645.4526650045664 3.663406872714822e-18
645.514735580464 3.777574085464454e-18
645.5768061563618 3.816569229851492e-18
645.6388767322596 3.76975104691991e-18
645.7009473081574 3.7529806078203186e-18
645.7630178840552 3.65977379189397e-18
645.8250884599529 3.682641047271373e-18
645.8871590358507 3.815018747408421e-18
645.9492296117485 3.714165652256607e-18
646.0113001876463 3.6717061577538736e-18
646.0733707635441 3.739423954722912e-18
646.1354413394417 3.7560218797990405e-18
646.1975119153395 3.79020348445954e-18
646.2595824912373 3.734010192399905e-18
646.3216530671351 3.790070489972834e-18
646.3837236430328 3.794324598583134e-18
646.4457942189306 3.7617882504090616e-18
646.5078647948284 3.833899580400564e-18
646.5699353707262 3.788685658578786e-18
646.632005946624 3.679387382095347e-18
646.6940765225216 3.752688723749554e-18
646.7561470984194 3.7414790805061704e-18
646.8182176743172 3.6895305161971664e-18
646.880288250215 3.729071745606671e-18
646.9423588261127 3.792014118777113e-18
647.0044294020105 3.714514781705895e-18
647.0664999779083 3.675985032429585e-18
647.1285705538061 3.758437936030249e-18
647.1906411297039 3.673015202213038e-18
647.2527117056015 3.5329567770084545e-18
647.3147822814993 3.6026255458266536e-18
647.3768528573971 3.733554179223037e-18
647.4389234332949 3.767580223962225e-18
647.5009940091927 3.6933303999621535e-18
647.5630645850904 3.661997128930481e-18
647.6251351609882 3.7389132685573814e-18
647.687205736886 3.8033762805935356e-18
647.7492763127838 3.775993809941916e-18
647.8113468886816 3.806691477742262e-18
647.8734174645792 3.787171025940602e-18
647.935488040477 3.678042598031259e-18
647.9975586163748 3.681104829082368e-18
648.0596291922726 3.674675567046432e-18
648.1216997681704 3.640385354051549e-18
648.1837703440681 3.698627434630023e-18
648.2458409199659 3.7441961375403626e-18
648.3079114958637 3.699983978933677e-18
648.3699820717615 3.644868393639816e-18
648.4320526476592 3.6406494301154304e-18
648.4941232235569 3.651081374579159e-18
648.5561937994547 3.6433288050415994e-18
648.6182643753525 3.652446917620208e-18
648.6803349512503 3.627490967841219e-18
648.7424055271481 3.600181115398944e-18
648.8044761030458 3.593235317104749e-18
648.8665466789436 3.669761297806563e-18
648.9286172548414 3.763136811371132e-18
648.9906878307391 3.72311338104276e-18
649.0527584066369 3.690538982805995e-18
649.1148289825346 3.701488053547841e-18
649.1768995584324 3.686158736616275e-18
649.2389701343302 3.735094849658807e-18
649.301040710228 3.762510492832165e-18
649.3631112861258 3.678764524288049e-18
649.4251818620235 3.6460304846191416e-18
649.4872524379213 3.733702469159684e-18
649.549323013819 3.679709452612757e-18
649.6113935897168 3.6135630527188665e-18
649.6734641656146 3.572992042532278e-18
649.7355347415123 3.563990586858613e-18
649.7976053174101 3.690649330815656e-18
649.8596758933079 3.701974638336651e-18
649.9217464692056 3.6452529018560106e-18
649.9838170451035 3.674570363212554e-18
650.0458876210012 3.709122989484576e-18
650.107958196899 3.693855032349828e-18
650.1700287727967 3.656036059735797e-18
650.2320993486944 3.758395448325254e-18
650.2941699245922 3.7247170090174714e-18
650.35624050049 3.7049317543720564e-18
650.4183110763878 3.747193036306819e-18
650.4803816522856 3.669806794682881e-18
650.5424522281833 3.621171590728092e-18
650.6045228040811 3.6358633735078126e-18
650.6665933799788 3.699592280361288e-18
650.7286639558766 3.6303591244386535e-18
650.7907345317744 3.586879847780568e-18
650.8528051076721 3.634183574267615e-18
650.9148756835699 3.581259341674462e-18
650.9769462594677 3.6233196011034145e-18
651.0390168353655 3.709170875289586e-18
651.1010874112633 3.6778240085707916e-18
651.163157987161 3.629407150326561e-18
651.2252285630587 3.6696445439357775e-18
651.2872991389565 3.708052609691116e-18
651.3493697148543 3.7734542868496654e-18
651.4114402907521 3.772330337486174e-18
651.4735108666498 3.707571915080142e-18
651.5355814425476 3.716831756478237e-18
651.5976520184454 3.740090841570789e-18
651.6597225943432 3.747215541490096e-18
651.721793170241 3.763876227025507e-18
651.7838637461386 3.72835276829301e-18
651.8459343220364 3.708375977584815e-18
651.9080048979342 3.716330967134762e-18
651.970075473832 3.6724014604381524e-18
652.0321460497298 3.692625611426589e-18
652.0942166256275 3.703861173533861e-18
652.1562872015253 3.674489592968105e-18
652.2183577774231 3.673409884215834e-18
652.2804283533209 3.736322732105458e-18
652.3424989292187 3.671831767792596e-18
652.4045695051163 3.613452062851498e-18
652.4666400810141 3.7242575656004775e-18
652.5287106569119 3.744358175024564e-18
652.5907812328097 3.7383907202819445e-18
652.6528518087075 3.697735879520499e-18
652.7149223846052 3.736576017412457e-18
652.776992960503 3.905237884847425e-18
652.8390635364008 3.908985771023932e-18
652.9011341122985 3.9651102945963814e-18
652.9632046881964 3.898663725430825e-18
653.025275264094 3.8226335958183695e-18
653.0873458399918 3.7451022450152206e-18
653.1494164158896 3.664577883879843e-18
653.2114869917873 3.74858980778875e-18
653.2735575676851 3.617402349776113e-18
653.3356281435829 3.580494718880474e-18
653.3976987194807 3.6153339278667074e-18
653.4597692953785 3.555194309148671e-18
653.5218398712761 3.531484205169068e-18
653.5839104471739 3.534587416843012e-18
653.6459810230717 3.5351964808893874e-18
653.7080515989695 3.612165293177461e-18
653.7701221748673 3.644301780381923e-18
653.832192750765 3.624777790716712e-18
653.8942633266628 3.615999729520009e-18
653.9563339025606 3.609869439062071e-18
654.0184044784584 3.633815061897217e-18
654.0804750543562 3.619845461693892e-18
654.1425456302538 3.630513530528262e-18
654.2046162061516 3.645142846776622e-18
654.2666867820494 3.5939218447032366e-18
654.3287573579472 3.5495057258506236e-18
654.390827933845 3.575578422331929e-18
654.4528985097427 3.583893405242952e-18
654.5149690856405 3.513352914409839e-18
654.5770396615383 3.511495530188784e-18
654.6391102374361 3.516145146888303e-18
654.7011808133338 3.489750567911232e-18
654.7632513892315 3.460464053999781e-18
654.8253219651293 3.545262622205643e-18
654.8873925410271 3.623803567121186e-18
654.9494631169249 3.6081105658403375e-18
655.0115336928227 3.571740874171254e-18
655.0736042687204 3.562001546485333e-18
655.1356748446182 3.6413534855185954e-18
655.197745420516 3.610464564284419e-18
655.2598159964137 3.55294520779233e-18
655.3218865723115 3.6091612831063e-18
655.3839571482092 3.648105867127099e-18
655.446027724107 3.559196811875452e-18
655.5080983000048 3.4503337599188167e-18
655.5701688759026 3.5048959547797374e-18
655.6322394518004 3.587575940748155e-18
655.6943100276981 3.660880081424773e-18
655.7563806035959 3.5856145092063976e-18
655.8184511794936 3.480465027909655e-18
655.8805217553914 3.503620724282305e-18
655.9425923312892 3.5352545066443e-18
656.0046629071869 3.5881768126566665e-18
656.0667334830847 3.535136259292283e-18
656.1288040589825 3.5562385464662016e-18
656.1908746348802 3.554826603869115e-18
656.2529452107781 3.5359445500605e-18
656.3150157866758 3.57358228437971e-18
656.3770863625736 3.494582949044094e-18
656.4391569384713 3.5911568503347376e-18
656.501227514369 3.75259150452034e-18
656.5632980902668 3.666364954020205e-18
656.6253686661646 3.643827825801909e-18
656.6874392420624 3.672055344002169e-18
656.7495098179602 3.637508389930667e-18
656.8115803938579 3.58766376336956e-18
656.8736509697557 3.578934439372312e-18
656.9357215456535 3.6296501871589944e-18
656.9977921215512 3.6041131689282186e-18
657.059862697449 3.605303282629861e-18
657.1219332733467 3.7244714219169234e-18
657.1840038492445 3.722102568204539e-18
657.2460744251423 3.734708374051331e-18
657.3081450010401 3.694706239024538e-18
657.3702155769379 3.599235133586881e-18
657.4322861528356 3.4982335867662064e-18
657.4943567287334 3.562365520621182e-18
657.5564273046311 3.5532652031272145e-18
657.6184978805289 3.5652426616257875e-18
657.6805684564267 3.567566210386576e-18
657.7426390323244 3.492043942703284e-18
657.8047096082222 3.505036957921088e-18
657.86678018412 3.544087555518309e-18
657.9288507600178 3.53280293592143e-18
657.9909213359156 3.538415488933866e-18
658.0529919118133 3.551638729225305e-18
658.115062487711 3.524073635906775e-18
658.1771330636088 3.494659153934179e-18
658.2392036395066 3.4697056383472745e-18
658.3012742154044 3.4855850408271855e-18
658.3633447913021 3.558509194805993e-18
658.4254153671999 3.5128650676382646e-18
658.4874859430977 3.537722288049804e-18
658.5495565189955 3.613225407464309e-18
658.6116270948933 3.64420370603813e-18
658.673697670791 3.6007598070844304e-18
658.7357682466887 3.5499467747735394e-18
658.7978388225865 3.5905249889332356e-18
658.8599093984843 3.559610073638899e-18
658.9219799743821 3.561730322558354e-18
658.9840505502798 3.655000000603332e-18
659.0461211261776 3.617316112097365e-18
659.1081917020754 3.547584549473636e-18
659.1702622779732 3.515490122812168e-18
659.232332853871 3.570295467694615e-18
659.2944034297686 3.5670473688433514e-18
659.3564740056664 3.53437390552506e-18
659.4185445815642 3.61424373170925e-18
659.4806151574619 3.662044737633692e-18
659.5426857333598 3.5467233889173635e-18
659.6047563092575 3.577728118404831e-18
659.6668268851553 3.7001067901198034e-18
659.7288974610531 3.5869581520255866e-18
659.7909680369507 3.5264759652093766e-18
659.8530386128485 3.604025144717851e-18
659.9151091887463 3.619251238000155e-18
659.9771797646441 3.540340355806571e-18
660.0392503405419 3.462031191947472e-18
660.1013209164396 3.48453652536398e-18
660.1633914923374 3.598181951576545e-18
660.2254620682352 3.6326706484137166e-18
660.287532644133 3.54183778279642e-18
660.3496032200308 3.472076830458643e-18
660.4116737959284 3.499336181803517e-18
660.4737443718262 3.4946776160738146e-18
660.535814947724 3.525092406225805e-18
660.5978855236218 3.579943230978979e-18
660.6599560995196 3.558175631435388e-18
660.7220266754173 3.610328063757417e-18
660.7840972513151 3.6157828207210566e-18
660.8461678272129 3.582429768898674e-18
660.9082384031107 3.574618910038879e-18
660.9703089790085 3.56908689450051e-18
661.0323795549061 3.5148905877522104e-18
661.0944501308039 3.527283594286106e-18
661.1565207067017 3.550414563672199e-18
661.2185912825995 3.555720850964042e-18
661.2806618584973 3.4587254613881093e-18
661.342732434395 3.4141081597298897e-18
661.4048030102928 3.510871202882976e-18
661.4668735861906 3.5184407799298976e-18
661.5289441620884 3.556800974536631e-18
661.5910147379861 3.604659834441011e-18
661.6530853138838 3.54408506285257e-18
661.7151558897816 3.568825448060939e-18
661.7772264656794 3.563426137396057e-18
661.8392970415772 3.555054667807904e-18
661.901367617475 3.5026789389837484e-18
661.9634381933727 3.47187512984902e-18
662.0255087692705 3.5730596137555826e-18
662.0875793451683 3.5764861301948234e-18
662.149649921066 3.510591895561409e-18
662.2117204969638 3.4375926986419555e-18
662.2737910728615 3.4403621029869347e-18
662.3358616487593 3.490301149623973e-18
662.3979322246571 3.4773144556691624e-18
662.4600028005549 3.503646263864726e-18
662.5220733764527 3.567096976063268e-18
662.5841439523504 3.526354323282691e-18
662.6462145282482 3.4476344105537264e-18
662.708285104146 3.43063826145935e-18
662.7703556800436 3.380342168940323e-18
662.8324262559415 3.3419807349130103e-18
662.8944968318392 3.3117928604571637e-18
662.956567407737 3.2713583190541178e-18
663.0186379836348 3.3379938053315392e-18
663.0807085595325 3.3866570337797593e-18
663.1427791354303 3.336636767871207e-18
663.204849711328 3.383278615110414e-18
663.2669202872258 3.4618340804978338e-18
663.3289908631236 3.5342791566294906e-18
663.3910614390213 3.5806833545295425e-18
663.4531320149191 3.471088842648599e-18
663.5152025908169 3.4365063856557944e-18
663.5772731667147 3.473274447025562e-18
663.6393437426125 3.486966559846652e-18
663.7014143185102 3.514847001765925e-18
663.763484894408 3.500692122601713e-18
663.8255554703057 3.4649302654466255e-18
663.8876260462035 3.4311642392902734e-18
663.9496966221013 3.419744454469727e-18
664.011767197999 3.3647183702189105e-18
664.0738377738968 3.3634048681174597e-18
664.1359083497946 3.3772303511028175e-18
664.1979789256924 3.352759041508875e-18
664.2600495015902 3.386336503972122e-18
664.3221200774879 3.382287229539421e-18
664.3841906533856 3.4363406604592433e-18
664.4462612292834 3.483651257066721e-18
664.5083318051812 3.4881662203844024e-18
664.570402381079 3.4079623256691368e-18
664.6324729569767 3.4395803448739096e-18
664.6945435328745 3.515188791019982e-18
664.7566141087723 3.42591427535931e-18
664.8186846846701 3.4360384114528676e-18
664.8807552605679 3.4136040878383018e-18
664.9428258364655 3.370171074168837e-18
665.0048964123633 3.353483721140835e-18
665.0669669882611 3.3872533360085914e-18
665.1290375641589 3.4472617528289688e-18
665.1911081400567 3.446470854770413e-18
665.2531787159544 3.4323820249922966e-18
665.3152492918522 3.4455839507540392e-18
665.37731986775 3.512076346435537e-18
665.4393904436478 3.5215996721720535e-18
665.5014610195456 3.4657293737842988e-18
665.5635315954432 3.372188030266477e-18
665.625602171341 3.4447561140372158e-18
665.6876727472388 3.4884250577567555e-18
665.7497433231365 3.472390995532712e-18
665.8118138990344 3.4075647523542115e-18
665.8738844749321 3.390745345029592e-18
665.9359550508299 3.5088584979699236e-18
665.9980256267277 3.481305964978274e-18
666.0600962026253 3.343156877198156e-18
666.1221667785233 3.3613014190184134e-18
666.1842373544209 3.495916960496655e-18
666.2463079303187 3.4410483258148528e-18
666.3083785062165 3.461046199699e-18
666.3704490821142 3.532403728955262e-18
666.432519658012 3.492835001779743e-18
666.4945902339098 3.3848498184070967e-18
666.5566608098076 6.242112166066711e-16
666.6187313857054 -1.2546258411666792e-16
666.680801961603 8.058987216504842e-18
666.7428725375008 3.4679660763619344e-18
666.8049431133986 3.3316809912215553e-18
666.8670136892964 3.2153663023105505e-18
666.9290842651942 3.238352731644511e-18
666.9911548410919 3.242460456712378e-18
667.0532254169897 3.3035566373252757e-18
667.1152959928875 3.3151658750491e-18
667.1773665687853 3.312717475330023e-18
667.239437144683 3.381911251068344e-18
667.3015077205807 3.324666151696567e-18
667.3635782964785 3.3242038979171903e-18
667.4256488723763 3.4479121434004356e-18
667.4877194482741 3.486548281901961e-18
667.5497900241719 3.399132272314069e-18
667.6118606000696 3.292006318948205e-18
667.6739311759674 3.3260548292346493e-18
667.7360017518652 3.2590271093692652e-18
667.798072327763 3.265701256304859e-18
667.8601429036607 3.277343434364471e-18
667.9222134795584 3.281881561995353e-18
667.9842840554562 3.3161510301259167e-18
668.046354631354 3.380699722835348e-18
668.1084252072518 3.3884290807266946e-18
668.1704957831496 3.332716088214735e-18
668.2325663590473 3.3239279243614567e-18
668.2946369349451 3.3372145272532616e-18
668.3567075108429 3.391757804711962e-18
668.4187780867406 3.383969898865862e-18
668.4808486626384 3.328218107622058e-18
668.5429192385361 3.323528456351389e-18
668.6049898144339 3.3160774838983022e-18
668.6670603903317 3.307017771355881e-18
668.7291309662295 3.350609030608858e-18
668.7912015421273 3.3467928628008928e-18
668.853272118025 3.2934188869051475e-18
668.9153426939228 3.3432875624683976e-18
668.9774132698205 3.4230961535034586e-18
669.0394838457182 3.3763192985293914e-18
669.1015544216161 3.3130813009943787e-18
669.1636249975138 3.2798140400098874e-18
669.2256955734116 3.3353978201187743e-18
669.2877661493094 3.3915737016964905e-18
669.3498367252071 3.3536731070974326e-18
669.4119073011049 3.3362625372215216e-18
669.4739778770027 3.273565384449754e-18
669.5360484529004 3.2304039890414984e-18
669.5981190287982 3.3099307977698508e-18
669.6601896046959 3.341872509392937e-18
669.7222601805937 3.3149233140349302e-18
669.7843307564915 3.390440952439584e-18
669.8464013323893 3.3920063924589986e-18
669.9084719082871 3.3222947643584443e-18
669.9705424841848 3.292002674625026e-18
670.0326130600826 3.315094072137523e-18
670.0946836359803 3.3721462496557775e-18
670.1567542118781 3.315656930391015e-18
670.2188247877759 3.3407020914932496e-18
670.2808953636736 3.369899289693027e-18
670.3429659395714 3.27686904202192e-18
670.4050365154692 3.331750454571031e-18
670.467107091367 3.3690186042457074e-18
670.5291776672648 3.3035682227409557e-18
670.5912482431625 3.2994202182640107e-18
670.6533188190602 3.3068758682975332e-18
670.715389394958 3.2912098068707704e-18
670.7774599708558 3.3106330569454363e-18
670.8395305467536 3.3268294943566683e-18
670.9016011226513 3.2952532144293814e-18
670.9636716985491 3.2895533762200917e-18
671.0257422744469 3.3358449247926232e-18
671.0878128503447 3.259298831644321e-18
671.1498834262425 3.198309665757255e-18
671.2119540021401 3.2386613407538238e-18
671.2740245780379 3.2881396003742057e-18
671.3360951539357 3.2857946465318864e-18
671.3981657298335 3.2657191353526454e-18
671.4602363057313 3.2961879305619378e-18
671.522306881629 3.311163326121637e-18
671.5843774575268 3.3148094764930943e-18
671.6464480334246 3.2787361334102653e-18
671.7085186093224 3.2146408093307163e-18
671.7705891852202 3.225601529922893e-18
671.8326597611178 3.2116988577972883e-18
671.8947303370156 3.1638108613347108e-18
671.9568009129134 3.1946693345663432e-18
672.0188714888112 3.207853397350748e-18
672.080942064709 3.255211886092926e-18
672.1430126406067 3.279931975201143e-18
672.2050832165045 3.2459896688226386e-18
672.2671537924023 3.239493235785259e-18
672.3292243683 3.1965625074637426e-18
672.3912949441979 3.21296712555051e-18
672.4533655200955 3.267979598528819e-18
672.5154360959933 3.3156203261208053e-18
672.5775066718911 3.3223718836371862e-18
672.6395772477888 3.3288670859112297e-18
672.7016478236866 3.3324878063600326e-18
672.7637183995844 3.263710630778027e-18
672.8257889754822 3.2297043993233622e-18
672.88785955138 3.2680684305978082e-18
672.9499301272776 3.2548512812849634e-18
673.0120007031754 3.224756031360154e-18
673.0740712790732 3.2816950835928967e-18
673.136141854971 3.272938106380789e-18
673.1982124308688 3.2288269848982926e-18
673.2602830067665 3.259577733986438e-18
673.3223535826643 3.2744257149474416e-18
673.3844241585621 3.215476399884136e-18
673.4464947344599 3.195114783641524e-18
673.5085653103577 3.1751156545828433e-18
673.5706358862553 3.2372972171146883e-18
673.6327064621531 3.2816039935453932e-18
673.6947770380509 3.1987399067549345e-18
673.7568476139487 3.205989691955501e-18
673.8189181898465 3.229078684716459e-18
673.8809887657442 3.2038708020699273e-18
673.943059341642 3.2532844869504523e-18
674.0051299175398 3.271668462833505e-18
674.0672004934376 3.2540606483627382e-18
674.1292710693353 3.265089334797505e-18
674.191341645233 3.2372548947387385e-18
674.2534122211308 3.2445105222369788e-18
674.3154827970286 3.2745140020944283e-18
674.3775533729264 3.2996830577332114e-18
674.4396239488242 3.2632694533315917e-18
674.5016945247219 3.171739733161703e-18
674.5637651006197 3.2184941025494364e-18
674.6258356765175 3.2702470356891123e-18
674.6879062524152 3.168629920671989e-18
674.749976828313 3.13474366379022e-18
674.8120474042107 3.1881291999044062e-18
674.8741179801085 3.1712054574759735e-18
674.9361885560063 3.1714182065660788e-18
674.9982591319041 3.2273804335852605e-18
675.0603297078019 3.2083209914399103e-18
675.1224002836996 3.237593413106931e-18
675.1844708595974 3.209425547233933e-18
675.2465414354951 3.2030199541146776e-18
675.3086120113929 3.2442280516519245e-18
675.3706825872907 3.2033699367906228e-18
675.4327531631884 3.186931611668683e-18
675.4948237390862 3.1662006238549326e-18
675.556894314984 3.0870159387193833e-18
675.6189648908817 3.2327548871843994e-18
675.6810354667796 3.190499884111328e-18
675.7431060426773 3.1639956800012303e-18
675.805176618575 3.2338150702544327e-18
675.8672471944728 3.1798704795788133e-18
675.9293177703705 3.1388637343474572e-18
675.9913883462683 3.1996294417791075e-18
676.0534589221661 3.198182304047845e-18
676.1155294980639 3.167625457492974e-18
676.1776000739617 3.05877694760328e-18
676.2396706498594 3.2308312118367902e-18
676.3017412257572 3.2750750736704445e-18
676.363811801655 3.0922759028784166e-18
676.4258823775527 2.9667412341978724e-18
676.4879529534505 3.0689544991346187e-18
676.5500235293482 3.117368512806152e-18
676.612094105246 3.0470557827398994e-18
676.6741646811438 3.0952424922151173e-18
676.7362352570416 3.1509818197243644e-18
676.7983058329394 3.1511737965486975e-18
676.860376408837 3.2218267750373355e-18
676.9224469847348 3.1582962918998323e-18
676.9845175606326 3.0730303892737464e-18
677.0465881365304 3.043988129304777e-18
677.1086587124282 3.1057380067943333e-18
677.1707292883259 3.2072448414500566e-18
677.2327998642237 3.250891825120335e-18
677.2948704401215 3.2707120452873488e-18
677.3569410160193 3.2217950716710637e-18
677.4190115919171 3.1805271661117162e-18
677.4810821678147 3.2495858150146903e-18
677.5431527437125 3.282030763222427e-18
677.6052233196103 3.2375810662655468e-18
677.6672938955081 3.2017852891321116e-18
677.7293644714059 3.1840601443114077e-18
677.7914350473036 3.1718276267762356e-18
677.8535056232014 3.1626890671950877e-18
677.9155761990992 3.1592856421929913e-18
677.977646774997 3.138513475219888e-18
678.0397173508948 3.0868040309253316e-18
678.1017879267924 3.0699221962249576e-18
678.1638585026902 3.1433091961432594e-18
678.225929078588 3.157555010225093e-18
678.2879996544858 3.1763949797955262e-18
678.3500702303836 3.2423104281177305e-18
678.4121408062813 3.679586276379786e-18
678.4742113821791 5.831211905234094e-18
678.5362819580769 1.1069454902496187e-17
678.5983525339747 1.7363588896448084e-17
678.6604231098725 2.2310225196172295e-17
678.7224936857701 2.5272273968129225e-17
678.7845642616679 2.715504934333046e-17
678.8466348375657 2.692942046388043e-17
678.9087054134634 2.4854393820127205e-17
678.9707759893613 2.1623300688669334e-17
679.032846565259 1.8148229363656058e-17
679.0949171411568 1.4409049720375296e-17
679.1569877170546 1.1125597641688054e-17
679.2190582929522 7.752567767201033e-18
679.28112886885 4.889885994043467e-18
679.3431994447478 3.4050363478600627e-18
679.4052700206456 3.148440688303944e-18
679.4673405965434 3.1253200117424042e-18
679.5294111724411 3.18533882596367e-18
679.5914817483389 3.199680912463995e-18
679.6535523242367 3.123309019078637e-18
679.7156229001345 3.0752088233096185e-18
679.7776934760323 3.0500231012558565e-18
679.8397640519299 3.06595032598038e-18
679.9018346278277 3.1030183367618747e-18
679.9639052037255 3.152540733029619e-18
680.0259757796233 3.1946510128370096e-18
680.0880463555211 3.186644388750631e-18
680.1501169314188 3.1920218264369773e-18
680.2121875073166 3.1651267002934078e-18
680.2742580832144 3.1222996178507477e-18
680.3363286591122 3.1080914884062264e-18
680.39839923501 3.065095531789304e-18
680.4604698109076 3.071136384845437e-18
680.5225403868054 3.1430875444085612e-18
680.5846109627032 3.173265637377422e-18
680.646681538601 3.1814771985299108e-18
680.7087521144988 3.1979167350397414e-18
680.7708226903965 3.3241624708373044e-18
680.8328932662943 3.4037836475527445e-18
680.894963842192 3.43292588654266e-18
680.9570344180898 3.450810286419254e-18
681.0191049939876 3.445619820843298e-18
681.0811755698853 3.4314564064296796e-18
681.1432461457831 3.309246154582125e-18
681.2053167216809 3.2433190016765415e-18
681.2673872975787 3.2259282576705167e-18
681.3294578734765 3.1952204075946375e-18
681.3915284493742 3.0699919526066222e-18
681.453599025272 2.9811260775754993e-18
681.5156696011697 3.0969026954492552e-18
681.5777401770675 3.122191454931736e-18
681.6398107529653 3.054605377998328e-18
681.701881328863 3.0651090999921263e-18
681.7639519047608 3.0561917443225016e-18
681.8260224806586 3.097568067239029e-18
681.8880930565563 3.074066241075289e-18
681.9501636324542 3.0666324996156767e-18
682.0122342083519 3.144820239601747e-18
682.0743047842496 3.0828733655208248e-18
682.1363753601474 3.067937953203735e-18
682.1984459360451 3.085780887167095e-18
682.2605165119429 3.0584209861192216e-18
682.3225870878407 3.0325023938881655e-18
682.3846576637385 3.0140059247307682e-18
682.4467282396363 3.041523094877719e-18
682.508798815534 3.077510236998983e-18
682.5708693914318 3.0695823388807856e-18
682.6329399673295 3.0379303436342077e-18
682.6950105432273 2.9979118018618804e-18
682.7570811191251 3.0069920064428053e-18
682.8191516950228 3.0389775521562498e-18
682.8812222709206 3.053353145297061e-18
682.9432928468184 3.032903759607236e-18
683.0053634227162 3.0636054650908065e-18
683.067433998614 3.1359029786113717e-18
683.1295045745117 3.0837954943438923e-18
683.1915751504094 3.018376461343364e-18
683.2536457263072 3.064509467754178e-18
683.315716302205 3.113292702079541e-18
683.3777868781028 3.117539276860527e-18
683.4398574540005 3.060382618166003e-18
683.5019280298983 3.0627653588016127e-18
683.5639986057961 3.053278758712939e-18
683.6260691816939 2.9710840259283727e-18
683.6881397575917 3.006464518932297e-18
683.7502103334893 3.062475013104894e-18
683.8122809093871 3.0058343746312285e-18
683.8743514852849 3.0477355970655253e-18
683.9364220611827 3.088386722554345e-18
683.9984926370805 2.9929233691176984e-18
684.0605632129782 2.9057743668318468e-18
684.122633788876 2.966825460933738e-18
684.1847043647738 2.941931577036191e-18
684.2467749406716 2.9264035928932483e-18
684.3088455165694 2.8982648259052225e-18
684.370916092467 2.8359442006008195e-18
684.4329866683648 2.8442807888033724e-18
684.4950572442626 2.916596236849546e-18
684.5571278201604 2.931793528094577e-18
684.6191983960582 2.8945312161955923e-18
684.6812689719559 2.902262340417143e-18
684.7433395478537 2.8392129872946622e-18
684.8054101237515 2.8750054843920724e-18
684.8674806996493 2.9382715699070335e-18
684.929551275547 2.9781949197569946e-18
684.9916218514447 2.9014313647544253e-18
685.0536924273425 2.8631921600425778e-18
685.1157630032403 2.899617478968471e-18
685.177833579138 2.9177430213265708e-18
685.2399041550359 2.8752878997110413e-18
685.3019747309336 2.971444940472102e-18
685.3640453068314 2.8851811439585097e-18
685.4261158827292 2.9029495318048147e-18
685.4881864586268 3.0078649717498565e-18
685.5502570345246 3.027553757235284e-18
685.6123276104224 2.9970835439495237e-18
685.6743981863202 2.9888698849119516e-18
685.736468762218 3.007317301388772e-18
685.7985393381157 3.0426787267860295e-18
685.8606099140135 3.096816919968415e-18
685.9226804899113 3.161143653268172e-18
685.9847510658091 3.1112711679981172e-18
686.0468216417069 3.0874396024989818e-18
686.1088922176045 3.064954906920365e-18
686.1709627935023 2.9985854203135043e-18
686.2330333694001 3.0322927303817975e-18
686.2951039452979 2.9941632166376345e-18
686.3571745211957 2.9847264288145387e-18
686.4192450970934 3.0445990673817472e-18
686.4813156729912 2.9075195544036624e-18
686.543386248889 2.8308299426228688e-18
686.6054568247868 2.779288425302084e-18
686.6675274006845 2.6386250749780995e-18
686.7295979765822 2.3031992106150525e-18
686.79166855248 2.1769653254752394e-18
686.8537391283778 2.1824478056514038e-18
686.9158097042756 2.084674845422083e-18
686.9778802801734 1.996212534792991e-18
687.0399508560711 1.954881105998174e-18
687.1020214319689 2.017116494630316e-18
687.1640920078667 2.0802863229842833e-18
687.2261625837644 2.0832419931651043e-18
687.2882331596622 2.1252225699056917e-18
687.3503037355599 2.187787781171384e-18
687.4123743114577 2.2584643445525196e-18
687.4744448873555 2.3489404427568228e-18
687.5365154632533 2.348759670612133e-18
687.5985860391511 2.368130056945828e-18
687.6606566150488 2.4760315480978014e-18
687.7227271909466 2.519849568420857e-18
687.7847977668443 2.552512299191878e-18
687.8468683427421 2.5354958126535936e-18
687.9089389186399 2.5316523002177593e-18
687.9710094945376 2.5910877596527546e-18
688.0330800704354 2.6290785041034424e-18
688.0951506463332 2.712215936598435e-18
688.157221222231 2.766489545855312e-18
688.2192917981288 2.8278367550953075e-18
688.2813623740265 2.816865997118334e-18
688.3434329499242 2.722797906198402e-18
688.405503525822 2.7278618718044326e-18
688.4675741017197 2.7156489375043706e-18
688.5296446776176 2.6503741399028254e-18
688.5917152535153 2.611117930264206e-18
688.6537858294131 2.6315118560851916e-18
688.7158564053109 2.720511169048989e-18
688.7779269812086 2.6171565441157537e-18
688.8399975571064 2.591526079250461e-18
688.9020681330041 2.5121917393063643e-18
688.9641387089019 2.4311584014609885e-18
689.0262092847997 2.4804398833864803e-18
689.0882798606974 2.463816939164192e-18
689.1503504365952 2.5802793209788852e-18
689.212421012493 2.6869676567385164e-18
689.2744915883908 2.654234663415148e-18
689.3365621642886 2.5877238651839143e-18
689.3986327401863 2.559235718079389e-18
689.460703316084 2.5950843608033717e-18
689.5227738919818 2.6221938893332617e-18
689.5848444678796 2.581818186339541e-18
689.6469150437774 2.5609431669795358e-18
689.7089856196751 2.5581381423573145e-18
689.7710561955729 2.5914093515173837e-18
689.8331267714707 2.6257851826075645e-18
689.8951973473685 2.64529899627685e-18
689.9572679232663 2.6993085880548256e-18
690.019338499164 2.6749148228496137e-18
690.0814090750617 2.5827400996900257e-18
690.1434796509595 2.5917513881109942e-18
690.2055502268573 2.64830276998554e-18
690.2676208027551 2.6293114201375236e-18
690.3296913786528 2.626034513649935e-18
690.3917619545506 2.6529043106613238e-18
690.4538325304484 2.6797859751200682e-18
690.5159031063462 2.80032022227983e-18
690.577973682244 2.8851481854274926e-18
690.6400442581416 2.88154381567024e-18
690.7021148340394 2.8698346155756126e-18
690.7641854099372 2.890866454107287e-18
690.826255985835 2.890136173653236e-18
690.8883265617328 2.8782644025327083e-18
690.9503971376305 2.8690649410180566e-18
691.0124677135283 2.812234636235436e-18
691.0745382894261 2.7733969769603463e-18
691.1366088653239 2.7818864999291946e-18
691.1986794412217 2.738607557623165e-18
691.2607500171193 2.7221417976843468e-18
691.3228205930171 2.740684737742058e-18
691.3848911689149 2.7307716109181726e-18
691.4469617448127 2.6783914843298746e-18
691.5090323207105 2.6495558607941115e-18
691.5711028966082 2.6898311005661468e-18
691.633173472506 2.7827084857881176e-18
691.6952440484038 2.8588490599031556e-18
691.7573146243014 2.770289707889251e-18
691.8193852001993 2.6922560835334745e-18
691.881455776097 2.816246518038108e-18
691.9435263519948 2.878504495976125e-18
692.0055969278926 2.7798506023449426e-18
692.0676675037903 2.7618872326805238e-18
692.1297380796881 2.7532773218736002e-18
692.1918086555859 2.730577908749131e-18
692.2538792314837 2.6953197845660454e-18
692.3159498073815 2.7516053026151606e-18
692.3780203832791 2.7767739436977535e-18
692.4400909591769 2.7527569256941194e-18
692.5021615350747 2.7575518510312538e-18
692.5642321109725 2.7431767729789646e-18
692.6263026868703 2.8153291346155852e-18
692.688373262768 2.8461926913984685e-18
692.7504438386658 2.783928671561824e-18
692.8125144145636 2.8262632042194415e-18
692.8745849904614 2.8147017672543486e-18
692.9366555663591 2.768169812634666e-18
692.9987261422568 2.8345816471524786e-18
693.0607967181546 2.802775077975413e-18
693.1228672940524 2.7632254699200484e-18
693.1849378699502 2.7765579862382772e-18
693.247008445848 2.8161038510879645e-18
693.3090790217457 2.839711533323979e-18
693.3711495976435 2.8062134687215315e-18
693.4332201735413 2.8161548494902374e-18
693.495290749439 2.8045269474866184e-18
693.5573613253368 2.8118295892357697e-18
693.6194319012345 2.8194305162977002e-18
693.6815024771323 2.802801172767694e-18
693.7435730530301 2.8201046130417334e-18
693.8056436289279 2.8551900231291467e-18
693.8677142048257 2.8388514172388866e-18
693.9297847807234 2.7351894451676536e-18
693.9918553566212 2.699675729540855e-18
694.053925932519 2.729508185859343e-18
694.1159965084167 2.7449158268485556e-18
694.1780670843145 2.779406145134365e-18
694.2401376602122 2.763399778198883e-18
694.30220823611 2.7007690115702037e-18
694.3642788120078 2.7631290554368685e-18
694.4263493879056 3.0301293904088523e-18
694.4884199638034 3.2448584780506955e-18
694.5504905397011 3.386836500355185e-18
694.6125611155989 3.4252317194765564e-18
694.6746316914966 3.4187831200911615e-18
694.7367022673944 3.4062995840674564e-18
694.7987728432922 3.3909597154253e-18
694.8608434191899 3.327147063838415e-18
694.9229139950877 3.2636103576008298e-18
694.9849845709855 3.2434639140457192e-18
695.0470551468832 3.1050056068044284e-18
695.1091257227811 2.945759848138303e-18
695.1711962986788 2.8465028884822844e-18
695.2332668745765 2.81480302509322e-18
695.2953374504743 2.8408939487027364e-18
695.357408026372 2.8231316694986312e-18
695.4194786022698 2.807713974976079e-18
695.4815491781676 2.7899891565365103e-18
695.5436197540654 2.7798197632556512e-18
695.6056903299632 2.769007231052507e-18
695.6677609058609 2.735300439820871e-18
695.7298314817587 2.7072685138339796e-18
695.7919020576564 2.775247294090561e-18
695.8539726335542 2.909658893424824e-18
695.916043209452 3.010962752250341e-18
695.9781137853497 3.1055027159409685e-18
696.0401843612475 3.206219863583157e-18
696.1022549371453 3.2775425177686887e-18
696.1643255130431 3.3256717121527694e-18
696.2263960889409 3.2606544548376625e-18
696.2884666648386 3.2328993305700385e-18
696.3505372407363 3.2597306032621046e-18
696.4126078166341 3.1152119832326225e-18
696.4746783925319 3.031776303384359e-18
696.5367489684297 2.968566576879661e-18
696.5988195443274 2.8963066940771966e-18
696.6608901202252 2.8276690101265875e-18
696.722960696123 2.759114766751467e-18
696.7850312720208 2.721723923561798e-18
696.8471018479186 2.73269412413757e-18
696.9091724238162 2.722436938210666e-18
696.971242999714 2.7085366956576634e-18
697.0333135756118 2.774829329269277e-18
697.0953841515096 2.7869644641451158e-18
697.1574547274074 2.698590577339123e-18
697.2195253033051 2.6587275243322606e-18
697.2815958792029 2.7139857121963055e-18
697.3436664551007 2.794848959870562e-18
697.4057370309985 2.7752438005836016e-18
697.4678076068963 2.7851356927606184e-18
697.5298781827939 2.817080346174242e-18
697.5919487586917 2.766737698564452e-18
697.6540193345895 2.747305248817648e-18
697.7160899104873 2.6742034755594308e-18
697.7781604863851 2.621825737958498e-18
697.8402310622828 2.7041114146799768e-18
697.9023016381806 2.7566805569931285e-18
697.9643722140784 2.7444019442633378e-18
698.026442789976 2.7284020298367646e-18
698.088513365874 2.738797570330114e-18
698.1505839417716 2.735357019397355e-18
698.2126545176694 2.7692725965806527e-18
698.2747250935672 2.82083596961008e-18
698.3367956694649 2.8420972121918527e-18
698.3988662453627 2.813944410593331e-18
698.4609368212605 2.766525848711298e-18
698.5230073971583 2.7437672353007582e-18
698.5850779730561 2.8187878656230626e-18
698.6471485489537 2.8200815489640097e-18
698.7092191248515 2.716061840281523e-18
698.7712897007493 2.6697715398403418e-18
698.8333602766471 2.7743363737092184e-18
698.8954308525449 2.809102468833974e-18
698.9575014284426 2.747897986572897e-18
699.0195720043404 2.7179069592895527e-18
699.0816425802382 2.7171148071205277e-18
699.143713156136 2.7261739397585763e-18
699.2057837320338 2.7519705600813693e-18
699.2678543079314 2.7326260143186243e-18
699.3299248838292 2.713679447821239e-18
699.391995459727 2.7695826067256936e-18
699.4540660356248 2.7182352176910257e-18
699.5161366115226 2.7060590438436447e-18
699.5782071874203 2.8325248272242106e-18
699.6402777633181 2.793144085383125e-18
699.7023483392159 2.7773094701147344e-18
699.7644189151137 2.772510061778889e-18
699.8264894910114 2.6927796463053506e-18
699.8885600669091 2.7505592136515764e-18
699.9506306428069 2.7558967653470576e-18
700.0127012187047 2.7178107805866634e-18
700.0747717946025 2.7842717828434713e-18
700.1368423705003 2.7836382040511805e-18
700.198912946398 2.7140451080493633e-18
700.2609835222958 2.736704581346743e-18
700.3230540981936 2.817050693954849e-18
700.3851246740913 2.818312691867225e-18
700.4471952499891 2.7451994902005338e-18
700.5092658258868 2.7281810959205683e-18
700.5713364017846 2.6929329425850954e-18
700.6334069776824 2.6660190405144808e-18
700.6954775535802 2.7272879633251514e-18
700.757548129478 2.72670630622842e-18
700.8196187053757 2.723968574468454e-18
700.8816892812735 2.70780360014555e-18
700.9437598571712 2.6619055001071623e-18
701.005830433069 2.669634737590727e-18
701.0679010089668 2.708117817120451e-18
701.1299715848645 2.7588943910637343e-18
701.1920421607623 2.7515953467634128e-18
701.2541127366601 2.7789528837468143e-18
701.3161833125578 2.804732792890631e-18
701.3782538884557 2.818158910610228e-18
701.4403244643534 2.7775898745958446e-18
701.5023950402511 2.740278510922647e-18
701.5644656161489 2.7832572801299554e-18
701.6265361920466 2.7002430482218113e-18
701.6886067679444 2.6582006861887242e-18
701.7506773438422 2.7228821158781402e-18
701.81274791974 2.7218693487344604e-18
701.8748184956378 2.7198526487173853e-18
701.9368890715355 2.7363696340309493e-18
701.9989596474333 2.695453916268397e-18
702.061030223331 2.6613583393297476e-18
702.1231007992288 2.6915240905745533e-18
702.1851713751266 2.7169733836261843e-18
702.2472419510243 2.763563754057665e-18
702.3093125269221 2.7207405663158e-18
702.3713831028199 2.6773617463736017e-18
702.4334536787177 2.729297613206498e-18
702.4955242546155 2.732980801337843e-18
702.5575948305132 2.7131047369174713e-18
702.619665406411 2.723648652627898e-18
702.6817359823087 2.7960667751585717e-18
702.7438065582065 2.7720707850236193e-18
702.8058771341043 2.6710047413537076e-18
702.867947710002 2.628952980836012e-18
702.9300182858998 2.7416637361992792e-18
702.9920888617976 2.8147360534524167e-18
703.0541594376954 2.7811832523317214e-18
703.1162300135932 2.711626461870481e-18
703.1783005894908 2.6232414788806538e-18
703.2403711653886 2.6140577346678655e-18
703.3024417412864 2.6953897180112526e-18
703.3645123171842 2.7783675403077773e-18
703.426582893082 2.7692748354102806e-18
703.4886534689797 2.6888706182731738e-18
703.5507240448775 2.656130820977342e-18
703.6127946207753 2.7079238817016043e-18
703.6748651966731 2.6886565852853216e-18
703.7369357725709 2.6713157713548297e-18
703.7990063484685 2.70046189859452e-18
703.8610769243663 2.674156984029377e-18
703.9231475002641 2.633951586489616e-18
703.9852180761619 2.6774794089097993e-18
704.0472886520597 2.6669835003128547e-18
704.1093592279574 2.725483981550938e-18
704.1714298038552 2.730426806499206e-18
704.233500379753 2.6563851467445808e-18
704.2955709556508 2.62422440711914e-18
704.3576415315486 2.7061924554389697e-18
704.4197121074462 2.7225508860942566e-18
704.481782683344 2.7061957046691343e-18
704.5438532592418 2.694425401668635e-18
704.6059238351395 2.7183589299408818e-18
704.6679944110374 2.823017778523982e-18
704.7300649869351 2.797469145898191e-18
704.7921355628329 2.7960522498644664e-18
704.8542061387307 2.7402773643977434e-18
704.9162767146283 2.708782939966662e-18
704.9783472905261 2.798508767008363e-18
705.0404178664239 2.7709672703371426e-18
705.1024884423217 2.670198193076999e-18
705.1645590182195 2.648260276379164e-18
705.2266295941172 2.6767927507707182e-18
705.288700170015 2.772191034050812e-18
705.3507707459128 2.780093521819077e-18
705.4128413218106 2.741920035102654e-18
705.4749118977084 2.7240249551003723e-18
705.536982473606 2.7280714057396034e-18
705.5990530495038 2.7047167110140186e-18
705.6611236254016 2.6628254992408424e-18
705.7231942012994 2.6442600651543623e-18
705.7852647771972 2.6437628885096513e-18
705.8473353530949 2.6017595215538324e-18
705.9094059289927 2.5575508244721988e-18
705.9714765048905 2.563367330598738e-18
706.0335470807883 2.595145034793084e-18
706.095617656686 2.606997667743954e-18
706.1576882325837 2.6271632413117194e-18
706.2197588084815 2.6809122220909346e-18
706.2818293843793 2.6373922812980228e-18
706.3438999602771 2.517476045650813e-18
706.4059705361749 2.5001422711344253e-18
706.4680411120726 2.5735062032845584e-18
706.5301116879704 2.7186954617831083e-18
706.5921822638682 2.7180627342684533e-18
706.654252839766 2.676184602677579e-18
706.7163234156637 2.6439496343302313e-18
706.7783939915614 2.6131757321428896e-18
706.8404645674592 2.638480439397368e-18
706.902535143357 2.7058705039512677e-18
706.9646057192548 2.7259456280848503e-18
707.0266762951526 2.7099443280197688e-18
707.0887468710503 2.6560183455411362e-18
707.150817446948 2.661479869303227e-18
707.2128880228458 2.7238927638109683e-18
707.2749585987436 2.691638740775307e-18
707.3370291746414 2.627054353914679e-18
707.3990997505391 2.6595769030660166e-18
707.4611703264369 2.669935584269166e-18
707.5232409023347 2.6400383533245808e-18
707.5853114782325 2.6466285195098643e-18
707.6473820541303 2.6486800032248878e-18
707.709452630028 2.6213173728577495e-18
707.7715232059257 2.6451132006649525e-18
707.8335937818235 2.669262573507773e-18
707.8956643577212 2.664646694919376e-18
707.9577349336191 2.6837297804305143e-18
708.0198055095168 2.7115158794903052e-18
708.0818760854146 2.683771237920005e-18
708.1439466613124 2.6548181024005692e-18
708.2060172372101 2.6697911025218254e-18
708.2680878131079 2.6868637208886632e-18
708.3301583890056 2.7133258055964196e-18
708.3922289649034 2.6939980156547547e-18
708.4542995408012 2.6371827973247364e-18
708.5163701166989 2.6505963934131768e-18
708.5784406925967 2.697943920823558e-18
708.6405112684945 2.6944083154852484e-18
708.7025818443923 2.7255257276489174e-18
708.7646524202901 2.6819879456116364e-18
708.8267229961878 2.642484731933056e-18
708.8887935720855 2.637747536309643e-18
708.9508641479833 2.6588288530963356e-18
709.0129347238811 2.7729677056193697e-18
709.0750052997789 2.6961680298114097e-18
709.1370758756766 2.6448478058881306e-18
709.1991464515744 2.7155996868542057e-18
709.2612170274722 2.6686884882640105e-18
709.32328760337 2.606823609881157e-18
709.3853581792678 2.643975030413577e-18
709.4474287551654 2.6973541187187908e-18
709.5094993310632 2.704502648613525e-18
709.571569906961 2.735074623566818e-18
709.6336404828588 2.69764415674873e-18
709.6957110587566 2.650937027764566e-18
709.7577816346543 2.650895716338651e-18
709.8198522105521 2.647983973553893e-18
709.8819227864499 2.6704113461840094e-18
709.9439933623477 2.608052924583352e-18
710.0060639382455 2.5979936746775766e-18
710.0681345141431 2.6110140036593173e-18
710.1302050900409 2.6229815071592486e-18
710.1922756659387 2.6980838780665226e-18
710.2543462418365 2.6714817824401672e-18
710.3164168177343 2.630094235521482e-18
710.378487393632 2.630443233336066e-18
710.4405579695298 2.682218932542784e-18
710.5026285454276 2.7198575445789003e-18
710.5646991213254 2.6802231809609586e-18
710.6267696972232 2.6709061698317018e-18
710.6888402731208 2.6589030208083956e-18
710.7509108490186 2.6791811314267717e-18
710.8129814249164 2.710377774187701e-18
710.8750520008141 2.6704697651491206e-18
710.937122576712 2.600950111883978e-18
710.9991931526097 2.6238046025319365e-18
711.0612637285075 2.6759728052891713e-18
711.1233343044053 2.6254510822733303e-18
711.1854048803029 2.629905109329428e-18
711.2474754562008 2.6408993333754817e-18
711.3095460320985 2.6744790348695554e-18
711.3716166079963 2.6857391054344017e-18
711.4336871838941 2.6667883175864934e-18
711.4957577597918 2.7262603211188024e-18
711.5578283356896 2.7136794662929608e-18
711.6198989115874 2.6833560607343443e-18
711.6819694874852 2.6768813824838387e-18
711.744040063383 2.64403525193405e-18
711.8061106392806 2.621318455722052e-18
711.8681812151784 2.584610804840691e-18
711.9302517910762 2.6172671610568745e-18
711.992322366974 2.6835242535683053e-18
712.0543929428718 2.6754553684944257e-18
712.1164635187695 2.615028960930769e-18
712.1785340946673 2.5487133750627333e-18
712.2406046705651 2.527179940860986e-18
712.3026752464629 2.552010756272488e-18
712.3647458223606 2.6347774443335632e-18
712.4268163982583 2.6419063783655098e-18
712.4888869741561 2.6318007107069486e-18
712.5509575500539 2.6462831620957144e-18
712.6130281259517 2.6694780895717067e-18
712.6750987018495 2.6488054664571452e-18
712.7371692777472 2.63388771150577e-18
712.799239853645 2.665419088173371e-18
712.8613104295428 2.7038460907340053e-18
712.9233810054405 2.6731203771181196e-18
712.9854515813383 2.666764261314399e-18
713.047522157236 2.6589621048275776e-18
713.1095927331338 2.6114671656483173e-18
713.1716633090316 2.676578785236439e-18
713.2337338849294 2.6752866006246307e-18
713.2958044608272 2.626086379662168e-18
713.3578750367249 2.6482675041267237e-18
713.4199456126227 2.6096235520992173e-18
713.4820161885204 2.581666291554713e-18
713.5440867644182 2.6350157087628603e-18
713.606157340316 2.6255040391470248e-18
713.6682279162137 2.6071254923436042e-18
713.7302984921115 2.628370910403867e-18
713.7923690680093 2.6464385644017566e-18
713.8544396439071 2.5920405213120854e-18
713.9165102198049 2.6013168658951367e-18
713.9785807957026 2.6099509408764514e-18
714.0406513716003 2.5924097114137093e-18
714.1027219474981 2.6291442038753604e-18
714.1647925233958 2.6452462239498186e-18
714.2268630992937 2.6345548742428007e-18
714.2889336751914 2.5965350247690725e-18
714.3510042510892 2.6090851050284562e-18
714.413074826987 2.6195945644012572e-18
714.4751454028847 2.583008961176211e-18
714.5372159787825 2.6268385486544237e-18
714.5992865546802 2.62794663516348e-18
714.661357130578 2.6067850198816104e-18
714.7234277064758 2.6159983925208858e-18
714.7854982823735 2.60700101529415e-18
714.8475688582713 2.5797537284717523e-18
714.9096394341691 2.57688253330608e-18
714.9717100100669 2.6305971974977437e-18
715.0337805859647 2.6288354437065717e-18
715.0958511618624 2.552839821083204e-18
715.1579217377601 2.594311638427242e-18
715.2199923136579 2.602803213124158e-18
715.2820628895557 2.582025175669022e-18
715.3441334654535 2.60077618988394e-18
715.4062040413512 2.6178580004735063e-18
715.468274617249 2.595468259974622e-18
715.5303451931468 2.511704273884233e-18
715.5924157690446 2.4915370487988727e-18
715.6544863449424 2.572465705686498e-18
715.71655692084 2.5977392143586578e-18
715.7786274967378 2.5910801194325316e-18
715.8406980726356 2.5507417370662143e-18
715.9027686485334 2.5667228738047615e-18
715.9648392244312 2.632022032215821e-18
716.0269098003289 2.60475409209964e-18
716.0889803762267 2.624813553362892e-18
716.1510509521245 2.6446536939588195e-18
716.2131215280223 2.5892041108033777e-18
716.2751921039201 2.5138713899578575e-18
716.3372626798177 2.4786388579602182e-18
716.3993332557155 2.5946669835596508e-18
716.4614038316133 2.610212878987648e-18
716.5234744075111 2.5883913743919887e-18
716.5855449834089 2.530265329987652e-18
716.6476155593066 2.5077539394063223e-18
716.7096861352044 2.5619000010848388e-18
716.7717567111022 2.5685561443405436e-18
716.833827287 2.452775574417145e-18
716.8958978628978 2.45673029631727e-18
716.9579684387954 2.5633943785258766e-18
717.0200390146932 2.5786726075638306e-18
717.082109590591 2.4831393618643737e-18
717.1441801664888 2.420471844974758e-18
717.2062507423866 2.409282877577076e-18
717.2683213182843 2.380721834928842e-18
717.3303918941821 2.5073181751313297e-18
717.3924624700799 2.6308446220008694e-18
717.4545330459775 2.4905985232804024e-18
717.5166036218754 2.4691377347135288e-18
717.5786741977731 2.5436444027867785e-18
717.6407447736709 2.566889642961077e-18
717.7028153495687 2.4802985322204372e-18
717.7648859254664 2.315673910635072e-18
717.8269565013642 2.403493071469576e-18
717.889027077262 2.578438805774722e-18
717.9510976531598 2.4843973403152077e-18
718.0131682290576 2.3750606015923514e-18
718.0752388049552 2.4591847450634056e-18
718.137309380853 2.5327130674623583e-18
718.1993799567508 2.5988953325343736e-18
718.2614505326486 2.5459468312755486e-18
718.3235211085464 2.4207330756357284e-18
718.3855916844441 2.4272797999976976e-18
718.4476622603419 2.4298346911911417e-18
718.5097328362397 2.294269380493707e-18
718.5718034121375 2.287064767068243e-18
718.6338739880352 2.471542216419987e-18
718.6959445639329 2.4818154409200266e-18
718.7580151398307 2.459759902607682e-18
718.8200857157285 2.5227397353371803e-18
718.8821562916263 2.4755999551587308e-18
718.9442268675241 2.4883476122397763e-18
719.0062974434218 2.528754430365104e-18
719.0683680193196 2.479502653743755e-18
719.1304385952174 2.4102655829523558e-18
719.1925091711151 2.271674816043993e-18
719.2545797470129 2.2933778976193726e-18
719.3166503229106 2.458261223395856e-18
719.3787208988084 2.563539646943907e-18
719.4407914747062 2.5079896050470664e-18
719.502862050604 2.4226404823871615e-18
719.5649326265018 2.5060421554770587e-18
719.6270032023995 2.5128673929422633e-18
719.6890737782973 2.4216551638663588e-18
719.751144354195 2.4574794382582673e-18
719.8132149300928 2.46738957030751e-18
719.8752855059906 2.5093260844519782e-18
719.9373560818883 2.4870519288359533e-18
719.9994266577861 2.311857391827437e-18
720.0614972336839 2.3423455690669235e-18
720.1235678095817 2.5346847254196506e-18
720.1856383854795 2.4821834148328204e-18
720.2477089613772 2.4252267995323895e-18
720.309779537275 2.4068849533385603e-18
720.3718501131727 2.3683871274022293e-18
720.4339206890705 2.3874669364641483e-18
720.4959912649683 2.3660536167379217e-18
720.558061840866 2.3768706997201137e-18
720.6201324167638 2.39439123047255e-18
720.6822029926616 2.4276068513542033e-18
720.7442735685593 2.4746749317378932e-18
720.8063441444572 2.4723447096803462e-18
720.8684147203548 2.5058169578249946e-18
720.9304852962526 2.6124883839330765e-18
720.9925558721504 2.6598991336346637e-18
721.0546264480481 2.598084344966542e-18
721.1166970239459 2.584329434963306e-18
721.1787675998437 2.636505507997241e-18
721.2408381757415 2.6324785651905e-18
721.3029087516393 2.6041150957568196e-18
721.364979327537 2.589795590597024e-18
721.4270499034347 2.6052653471004597e-18
721.4891204793325 2.623289342574878e-18
721.5511910552303 2.5280138013419872e-18
721.6132616311281 2.4719185685454843e-18
721.6753322070258 2.5511279545995023e-18
721.7374027829236 2.5932864262837733e-18
721.7994733588214 2.62356017737871e-18
721.8615439347192 2.5991478022230196e-18
721.923614510617 2.5250906147396054e-18
721.9856850865146 2.5470752538023464e-18
722.0477556624124 2.5664708963289272e-18
722.1098262383102 2.5956862846195377e-18
722.171896814208 2.5437574106103323e-18
722.2339673901058 2.487440663321264e-18
722.2960379660035 2.5181477770690628e-18
722.3581085419013 2.495218644677409e-18
722.4201791177991 2.4889108946285185e-18
722.4822496936969 2.5250610622119695e-18
722.5443202695947 2.517800671605718e-18
722.6063908454923 2.499987580294553e-18
722.6684614213901 2.51492550547012e-18
722.7305319972879 2.5115362236074348e-18
722.7926025731857 2.4834492392824268e-18
722.8546731490835 2.486761588813087e-18
722.9167437249812 2.556184059043893e-18
722.978814300879 2.558297559373218e-18
723.0408848767768 2.494299665580392e-18
723.1029554526746 2.5275825067684585e-18
723.1650260285724 2.527988326266691e-18
723.22709660447 2.4653155169866374e-18
723.2891671803678 2.452851618635978e-18
723.3512377562656 2.4235320857488276e-18
723.4133083321634 2.3411235395909423e-18
723.4753789080612 2.330259415900536e-18
723.5374494839589 2.3600656476021356e-18
723.5995200598567 2.3762595992495714e-18
723.6615906357545 2.43751297490599e-18
723.7236612116523 2.4311341215770176e-18
723.78573178755 2.3221750931601227e-18
723.8478023634477 2.2560054717309674e-18
723.9098729393455 2.291826845484167e-18
723.9719435152433 2.456015054968566e-18
724.034014091141 2.5421749113563442e-18
724.0960846670389 2.4873435935874323e-18
724.1581552429366 2.334722497501617e-18
724.2202258188344 2.2018492227523163e-18
724.2822963947322 2.2981934486505203e-18
724.3443669706298 2.390604875840864e-18
724.4064375465276 2.336785526572539e-18
724.4685081224254 2.3154827122454153e-18
724.5305786983232 2.4124825050109413e-18
724.592649274221 2.4448724373520237e-18
724.6547198501187 2.4658108135997748e-18
724.7167904260165 2.3706884855804418e-18
724.7788610019143 2.3760746075973042e-18
724.8409315778121 2.546282530289011e-18
724.9030021537098 2.3868021800608104e-18
724.9650727296075 2.3277322155165275e-18
725.0271433055053 2.4579389672553965e-18
725.0892138814031 2.416881856897402e-18
725.1512844573009 2.396971552600281e-18
725.2133550331987 2.4084845626789846e-18
725.2754256090964 2.339571305659787e-18
725.3374961849942 2.325082550243904e-18
725.399566760892 2.389409675689273e-18
725.4616373367897 2.415402454831718e-18
725.5237079126875 2.396381776419006e-18
725.5857784885852 2.4110927401987417e-18
725.647849064483 2.4373516751094432e-18
725.7099196403808 2.387132650530451e-18
725.7719902162786 2.3661490847116654e-18
725.8340607921764 2.4143489211177173e-18
725.8961313680741 2.4763810259580422e-18
725.9582019439719 2.5240117610160772e-18
726.0202725198696 2.5182652795043034e-18
726.0823430957674 2.511270461704047e-18
726.1444136716652 2.4894747651496097e-18
726.2064842475629 2.435192338936594e-18
726.2685548234607 2.476902208791542e-18
726.3306253993585 2.537901290073143e-18
726.3926959752563 2.4636448200654537e-18
726.4547665511541 2.3978095694937948e-18
726.5168371270518 2.3631519396220537e-18
726.5789077029496 2.290399491075211e-18
726.6409782788473 2.3437843579223608e-18
726.7030488547451 2.402670068863642e-18
726.7651194306429 2.404757737858064e-18
726.8271900065406 2.398388357208223e-18
726.8892605824384 2.524348519240282e-18
726.9513311583362 2.62751935455299e-18
727.0134017342339 2.5250105156275752e-18
727.0754723101318 2.4137861032684304e-18
727.1375428860295 2.4179017387339323e-18
727.1996134619272 2.4437828389809852e-18
727.261684037825 2.3947195808949643e-18
727.3237546137227 2.391746699112942e-18
727.3858251896205 2.3621037993081407e-18
727.4478957655183 2.4222057340106538e-18
727.5099663414161 2.5681969401304068e-18
727.5720369173139 2.579800795885586e-18
727.6341074932116 2.578104436915286e-18
727.6961780691094 2.6913328159270613e-18
727.7582486450071 2.8305246322856564e-18
727.8203192209049 2.8628245040200697e-18
727.8823897968027 2.629522408462761e-18
727.9444603727004 2.498199663554758e-18
728.0065309485982 0.0
