# wavelength flux(cal) flux
3585.6210 1.809929e+04 1.724059e+05
3586.8476 1.409290e+04 1.333988e+05
3588.0742 9.701111e+03 9.124322e+04
3589.3008 2.419376e+03 2.260880e+04
3590.5274 1.553018e+03 1.441829e+04
3591.7540 1.229577e+03 1.134031e+04
3592.9806 1.158930e+03 1.061763e+04
3594.2072 1.191332e+03 1.084112e+04
3595.4338 9.849659e+02 8.902340e+03
3596.6604 9.679985e+02 8.689008e+03
3597.8870 1.093007e+03 9.743219e+03
3599.1136 1.168155e+03 1.034038e+04
3600.3403 1.182674e+03 1.039514e+04
3601.5669 1.129047e+03 9.853250e+03
3602.7935 1.172563e+03 1.015968e+04
3604.0201 1.135714e+03 9.769305e+03
3605.2467 1.225055e+03 1.046106e+04
3606.4733 1.270374e+03 1.076845e+04
3607.6999 1.247459e+03 1.049603e+04
3608.9265 1.230526e+03 1.027646e+04
3610.1531 1.270244e+03 1.052861e+04
3611.3797 1.257901e+03 1.034758e+04
3612.6063 1.135409e+03 9.268961e+03
3613.8329 1.248664e+03 1.011556e+04
3615.0595 1.292920e+03 1.039347e+04
3616.2862 1.375651e+03 1.097289e+04
3617.5128 1.426047e+03 1.128629e+04
3618.7394 1.304449e+03 1.024305e+04
3619.9660 1.222230e+03 9.521852e+03
3621.1926 1.283814e+03 9.922434e+03
3622.4192 1.291392e+03 9.901566e+03
3623.6458 1.194126e+03 9.082562e+03
3624.8724 1.122922e+03 8.472332e+03
3626.0990 1.165228e+03 8.720539e+03
3627.3256 1.145375e+03 8.502430e+03
3628.5522 1.136100e+03 8.364867e+03
3629.7788 1.143614e+03 8.351293e+03
3631.0054 1.281791e+03 9.283439e+03
3632.2320 1.206787e+03 8.668129e+03
3633.4587 1.163621e+03 8.288871e+03
3634.6853 1.198661e+03 8.467520e+03
3635.9119 1.293475e+03 9.061094e+03
3637.1385 1.238287e+03 8.601891e+03
3638.3651 1.252652e+03 8.628619e+03
3639.5917 1.379955e+03 9.425449e+03
3640.8183 1.265370e+03 8.569779e+03
3642.0449 1.277901e+03 8.581311e+03
3643.2715 1.308073e+03 8.709271e+03
3644.4981 1.081099e+03 7.136725e+03
3645.7247 1.212376e+03 7.934953e+03
3646.9513 1.225616e+03 7.952906e+03
3648.1779 1.237621e+03 7.961863e+03
3649.4046 1.210970e+03 7.723379e+03
3650.6312 1.327162e+03 8.391441e+03
3651.8578 1.292332e+03 8.100605e+03
3653.0844 1.233771e+03 7.666570e+03
3654.3110 1.120245e+03 6.900746e+03
3655.5376 9.813514e+02 5.992623e+03
3656.7642 1.039404e+03 6.291871e+03
3657.9908 1.125915e+03 6.756137e+03
3659.2174 1.149706e+03 6.838658e+03
3660.4440 1.205514e+03 7.107918e+03
3661.6706 1.148063e+03 6.709914e+03
3662.8972 1.230628e+03 7.129426e+03
3664.1238 1.334326e+03 7.662346e+03
3665.3505 1.250523e+03 7.118025e+03
3666.5771 1.192708e+03 6.729244e+03
3667.8037 1.307029e+03 7.309342e+03
3669.0303 1.371998e+03 7.605096e+03
3670.2569 1.212017e+03 6.659092e+03
3671.4835 1.061518e+03 5.780783e+03
3672.7101 1.245348e+03 6.722035e+03
3673.9367 1.157339e+03 6.191838e+03
3675.1633 1.142821e+03 6.060164e+03
3676.3899 1.086880e+03 5.712605e+03
3677.6165 1.178154e+03 6.137619e+03
3678.8431 1.254361e+03 6.476871e+03
3680.0697 1.295280e+03 6.629041e+03
3681.2963 1.138318e+03 5.774240e+03
3682.5230 1.178649e+03 5.925979e+03
3683.7496 1.294186e+03 6.449375e+03
3684.9762 1.190340e+03 5.879463e+03
3686.2028 1.210390e+03 5.925686e+03
3687.4294 9.958372e+02 4.832256e+03
3688.6560 1.035710e+03 4.981377e+03
3689.8826 1.077623e+03 5.137240e+03
3691.1092 1.192216e+03 5.633410e+03
3692.3358 1.136930e+03 5.324838e+03
3693.5624 1.200306e+03 5.572152e+03
3694.7890 1.306535e+03 6.011926e+03
3696.0156 1.162265e+03 5.301055e+03
3697.2422 1.232353e+03 5.571344e+03
3698.4689 1.223864e+03 5.484402e+03
3699.6955 1.137623e+03 5.053238e+03
3700.9221 1.162904e+03 5.120289e+03
3702.1487 1.318515e+03 5.754656e+03
3703.3753 1.339120e+03 5.793512e+03
3704.6019 1.233508e+03 5.290016e+03
3705.8285 1.198517e+03 5.095148e+03
3707.0551 1.088403e+03 4.586750e+03
3708.2817 1.160700e+03 4.848904e+03
3709.5083 1.187526e+03 4.917906e+03
3710.7349 1.141691e+03 4.687111e+03
3711.9615 1.170872e+03 4.765314e+03
3713.1881 1.137167e+03 4.588154e+03
3714.4148 1.184119e+03 4.736387e+03
3715.6414 1.307414e+03 5.184533e+03
3716.8680 1.331309e+03 5.233916e+03
3718.0946 1.395979e+03 5.441083e+03
3719.3212 1.298742e+03 5.018742e+03
3720.5478 1.210411e+03 4.637436e+03
3721.7744 1.158839e+03 4.401986e+03
3723.0010 1.264181e+03 4.761270e+03
3724.2276 1.388820e+03 5.186275e+03
3725.4542 1.492887e+03 5.527654e+03
3726.6808 1.398438e+03 5.134160e+03
3727.9074 1.279852e+03 4.659152e+03
3729.1340 1.376505e+03 4.968829e+03
3730.3606 1.358546e+03 4.862828e+03
3731.5873 1.370914e+03 4.865998e+03
3732.8139 1.338815e+03 4.712357e+03
3734.0405 1.506336e+03 5.257812e+03
3735.2671 1.394567e+03 4.827223e+03
3736.4937 1.267892e+03 4.352356e+03
3737.7203 1.412816e+03 4.809742e+03
3738.9469 1.277215e+03 4.312254e+03
3740.1735 1.183912e+03 3.964364e+03
3741.4001 1.177352e+03 3.910069e+03
3742.6267 1.197203e+03 3.943484e+03
3743.8533 1.173074e+03 3.832502e+03
3745.0799 1.178947e+03 3.820382e+03
3746.3065 1.355260e+03 4.356131e+03
3747.5332 1.333490e+03 4.251527e+03
3748.7598 1.403039e+03 4.437238e+03
3749.9864 1.419866e+03 4.454398e+03
3751.2130 1.317772e+03 4.101021e+03
3752.4396 1.327073e+03 4.097020e+03
3753.6662 1.337288e+03 4.095727e+03
3754.8928 1.437966e+03 4.369174e+03
3756.1194 1.412893e+03 4.259082e+03
3757.3460 1.403743e+03 4.198191e+03
3758.5726 1.428133e+03 4.237633e+03
3759.7992 1.402373e+03 4.128670e+03
3761.0258 1.432143e+03 4.183476e+03
3762.2524 1.282484e+03 3.717229e+03
3763.4791 1.435193e+03 4.127683e+03
3764.7057 1.513531e+03 4.319448e+03
3765.9323 1.581359e+03 4.478385e+03
3767.1589 1.465170e+03 4.117610e+03
3768.3855 1.478908e+03 4.124561e+03
3769.6121 1.527326e+03 4.227275e+03
3770.8387 1.492276e+03 4.099048e+03
3772.0653 1.338832e+03 3.649876e+03
3773.2919 1.562610e+03 4.227987e+03
3774.5185 1.747729e+03 4.693553e+03
3775.7451 1.728579e+03 4.607600e+03
3776.9717 1.707360e+03 4.517330e+03
3778.1983 1.642250e+03 4.313014e+03
3779.4249 1.638712e+03 4.272110e+03
3780.6516 1.562759e+03 4.044304e+03
3781.8782 1.747479e+03 4.489410e+03
3783.1048 1.757168e+03 4.481570e+03
3784.3314 1.562561e+03 3.956466e+03
3785.5580 1.719572e+03 4.322728e+03
3786.7846 1.749982e+03 4.367698e+03
3788.0112 1.599056e+03 3.962580e+03
3789.2378 1.644778e+03 4.046983e+03
3790.4644 1.717690e+03 4.196552e+03
3791.6910 1.693649e+03 4.108746e+03
3792.9176 1.738165e+03 4.187256e+03
3794.1442 1.889945e+03 4.521208e+03
3795.3708 1.790157e+03 4.252830e+03
3796.5975 1.825696e+03 4.307360e+03
3797.8241 1.994167e+03 4.672558e+03
3799.0507 1.974687e+03 4.595329e+03
3800.2773 1.792385e+03 4.142758e+03
3801.5039 1.840040e+03 4.224157e+03
3802.7305 1.897888e+03 4.327657e+03
3803.9571 1.929940e+03 4.371297e+03
3805.1837 1.934911e+03 4.353381e+03
3806.4103 1.894377e+03 4.233955e+03
3807.6369 1.953296e+03 4.336875e+03
3808.8635 1.971355e+03 4.348283e+03
3810.0901 2.046858e+03 4.485388e+03
3811.3167 2.093507e+03 4.557859e+03
3812.5434 1.966930e+03 4.254661e+03
3813.7700 2.035422e+03 4.374569e+03
3814.9966 2.044695e+03 4.366456e+03
3816.2232 2.010515e+03 4.266220e+03
3817.4498 1.882081e+03 3.968484e+03
3818.6764 2.036178e+03 4.266461e+03
3819.9030 2.099510e+03 4.371708e+03
3821.1296 2.100059e+03 4.345715e+03
3822.3562 2.195325e+03 4.514822e+03
3823.5828 2.142340e+03 4.378824e+03
3824.8094 2.165353e+03 4.398866e+03
3826.0360 2.080650e+03 4.201163e+03
3827.2626 2.230156e+03 4.475893e+03
3828.4892 2.312584e+03 4.613509e+03
3829.7159 2.226316e+03 4.414948e+03
3830.9425 2.319453e+03 4.572409e+03
3832.1691 2.082446e+03 4.081025e+03
3833.3957 2.328285e+03 4.536111e+03
3834.6223 2.409250e+03 4.666560e+03
3835.8489 2.255261e+03 4.343051e+03
3837.0755 2.151003e+03 4.118489e+03
3838.3021 2.068555e+03 3.938024e+03
3839.5287 2.106442e+03 3.987411e+03
3840.7553 2.225594e+03 4.189220e+03
3841.9819 2.285835e+03 4.278521e+03
3843.2085 2.248506e+03 4.185237e+03
3844.4351 2.410897e+03 4.462700e+03
3845.6618 2.445645e+03 4.502163e+03
3846.8884 2.454293e+03 4.493438e+03
3848.1150 2.471171e+03 4.499822e+03
3849.3416 2.645880e+03 4.792020e+03
3850.5682 3.146862e+03 5.668889e+03
3851.7948 3.833300e+03 6.868793e+03
3853.0214 4.484129e+03 7.992616e+03
3854.2480 5.304204e+03 9.404809e+03
3855.4746 5.793372e+03 1.021871e+04
3856.7012 5.784332e+03 1.015005e+04
3857.9278 5.482872e+03 9.571703e+03
3859.1544 4.992292e+03 8.670876e+03
3860.3810 4.213348e+03 7.280949e+03
3861.6077 3.486068e+03 5.993906e+03
3862.8343 2.946936e+03 5.041663e+03
3864.0609 2.558405e+03 4.355292e+03
3865.2875 2.424825e+03 4.107607e+03
3866.5141 2.633317e+03 4.439026e+03
3867.7407 2.594429e+03 4.352294e+03
3868.9673 2.496049e+03 4.167131e+03
3870.1939 2.444380e+03 4.061402e+03
3871.4205 2.400410e+03 3.969460e+03
3872.6471 2.350068e+03 3.867951e+03
3873.8737 2.314967e+03 3.792411e+03
3875.1003 2.299199e+03 3.749150e+03
3876.3269 2.545673e+03 4.131999e+03
3877.5535 2.568409e+03 4.149909e+03
3878.7802 2.378588e+03 3.825833e+03
3880.0068 2.437083e+03 3.902339e+03
3881.2334 2.439841e+03 3.889373e+03
3882.4600 2.541410e+03 4.033403e+03
3883.6866 2.560365e+03 4.045695e+03
3884.9132 2.469999e+03 3.885956e+03
3886.1398 2.607328e+03 4.084342e+03
3887.3664 2.687505e+03 4.191951e+03
3888.5930 2.618684e+03 4.067299e+03
3889.8196 2.635325e+03 4.075946e+03
3891.0462 2.459445e+03 3.788070e+03
3892.2728 2.537895e+03 3.892751e+03
3893.4994 2.502438e+03 3.822640e+03
3894.7261 2.370356e+03 3.606170e+03
3895.9527 2.478056e+03 3.754841e+03
3897.1793 2.629201e+03 3.967958e+03
3898.4059 2.718055e+03 4.085822e+03
3899.6325 2.841491e+03 4.254620e+03
3900.8591 2.751338e+03 4.103616e+03
3902.0857 2.705647e+03 4.019917e+03
3903.3123 2.796748e+03 4.139404e+03
3904.5389 2.620998e+03 3.864600e+03
3905.7655 2.713684e+03 3.986259e+03
3906.9921 2.491366e+03 3.646087e+03
3908.2187 2.880018e+03 4.199357e+03
3909.4453 2.687822e+03 3.904822e+03
3910.6720 2.681251e+03 3.881201e+03
3911.8986 2.508803e+03 3.618578e+03
3913.1252 2.593927e+03 3.728091e+03
3914.3518 2.721058e+03 3.897075e+03
3915.5784 2.866710e+03 4.091397e+03
3916.8050 2.853121e+03 4.057977e+03
3918.0316 2.733387e+03 3.874419e+03
3919.2582 2.699816e+03 3.813910e+03
3920.4848 2.663749e+03 3.750376e+03
3921.7114 2.417963e+03 3.393055e+03
3922.9380 2.450154e+03 3.426958e+03
3924.1646 2.803461e+03 3.908396e+03
3925.3912 2.726640e+03 3.789089e+03
3926.6178 2.738331e+03 3.793239e+03
3927.8445 2.857062e+03 3.945259e+03
3929.0711 2.814225e+03 3.874008e+03
3930.2977 2.665423e+03 3.657867e+03
3931.5243 2.662463e+03 3.642668e+03
3932.7509 2.670054e+03 3.642038e+03
3933.9775 2.635060e+03 3.583582e+03
3935.2041 2.595887e+03 3.519889e+03
3936.4307 2.635147e+03 3.562693e+03
3937.6573 2.831511e+03 3.817123e+03
3938.8839 2.623689e+03 3.526863e+03
3940.1105 2.773102e+03 3.717185e+03
3941.3371 2.589161e+03 3.460934e+03
3942.5637 2.549072e+03 3.397942e+03
3943.7904 2.546132e+03 3.384762e+03
3945.0170 2.574681e+03 3.413481e+03
3946.2436 3.054415e+03 4.038712e+03
3947.4702 2.776984e+03 3.662203e+03
3948.6968 2.579869e+03 3.393395e+03
3949.9234 2.634460e+03 3.456285e+03
3951.1500 2.644797e+03 3.461025e+03
3952.3766 2.827329e+03 3.690598e+03
3953.6032 2.454192e+03 3.195584e+03
3954.8298 2.611982e+03 3.392707e+03
3956.0564 2.855427e+03 3.699943e+03
3957.2830 2.850284e+03 3.684452e+03
3958.5096 2.787905e+03 3.595313e+03
3959.7363 2.756389e+03 3.546390e+03
3960.9629 2.751213e+03 3.531590e+03
3962.1895 2.816834e+03 3.607617e+03
3963.4161 2.924845e+03 3.737559e+03
3964.6427 2.940192e+03 3.748863e+03
3965.8693 2.917772e+03 3.712162e+03
3967.0959 2.873649e+03 3.648158e+03
3968.3225 2.831515e+03 3.587037e+03
3969.5491 2.742371e+03 3.466832e+03
3970.7757 2.897342e+03 3.655180e+03
3972.0023 2.888517e+03 3.636627e+03
3973.2289 2.767344e+03 3.477077e+03
3974.4555 2.735968e+03 3.430852e+03
3975.6821 2.708026e+03 3.389189e+03
3976.9088 2.735684e+03 3.417224e+03
3978.1354 2.723542e+03 3.395613e+03
3979.3620 2.874022e+03 3.576542e+03
3980.5886 2.759889e+03 3.428197e+03
3981.8152 2.777615e+03 3.443970e+03
3983.0418 2.842799e+03 3.518510e+03
3984.2684 2.722569e+03 3.363788e+03
3985.4950 2.754795e+03 3.397725e+03
3986.7216 2.997803e+03 3.691161e+03
3987.9482 3.101449e+03 3.812391e+03
3989.1748 3.002998e+03 3.685295e+03
3990.4014 2.970800e+03 3.639880e+03
3991.6280 2.745625e+03 3.358635e+03
3992.8547 2.764205e+03 3.376069e+03
3994.0813 2.723792e+03 3.321590e+03
3995.3079 2.834530e+03 3.451404e+03
3996.5345 3.187152e+03 3.874998e+03
3997.7611 3.741137e+03 4.541901e+03
3998.9877 4.497297e+03 5.452081e+03
4000.2143 4.925779e+03 5.963121e+03
4001.4409 4.830677e+03 5.839904e+03
4002.6675 4.669017e+03 5.636811e+03
4003.8941 4.265907e+03 5.143286e+03
4005.1207 4.024391e+03 4.845759e+03
4006.3473 3.484006e+03 4.189708e+03
4007.5739 2.922073e+03 3.509540e+03
4008.8006 2.915709e+03 3.497585e+03
4010.0272 2.909782e+03 3.486265e+03
4011.2538 2.841542e+03 3.400482e+03
4012.4804 2.809264e+03 3.357965e+03
4013.7070 2.713334e+03 3.239625e+03
4014.9336 2.776123e+03 3.310919e+03
4016.1602 2.741583e+03 3.266180e+03
4017.3868 2.825189e+03 3.362215e+03
4018.6134 2.927946e+03 3.480894e+03
4019.8400 3.190007e+03 3.788604e+03
4021.0666 3.387996e+03 4.019767e+03
4022.2932 3.211608e+03 3.806808e+03
4023.5198 3.189662e+03 3.777232e+03
4024.7464 3.245573e+03 3.839909e+03
4025.9731 2.994428e+03 3.539600e+03
4027.1997 2.872936e+03 3.393024e+03
4028.4263 2.934979e+03 3.463351e+03
4029.6529 2.821280e+03 3.326428e+03
4030.8795 2.733173e+03 3.219950e+03
4032.1061 2.691159e+03 3.167973e+03
4033.3327 2.781777e+03 3.272155e+03
4034.5593 2.719848e+03 3.196947e+03
4035.7859 2.729301e+03 3.205759e+03
4037.0125 2.851128e+03 3.346528e+03
4038.2391 2.807922e+03 3.293598e+03
4039.4657 2.708271e+03 3.174641e+03
4040.6923 2.887015e+03 3.382033e+03
4041.9190 2.773919e+03 3.247568e+03
4043.1456 2.649136e+03 3.099656e+03
4044.3722 2.574421e+03 3.010528e+03
4045.5988 2.684058e+03 3.137025e+03
4046.8254 2.763708e+03 3.228422e+03
4048.0520 2.816687e+03 3.288650e+03
4049.2786 2.810783e+03 3.280170e+03
4050.5052 2.860205e+03 3.336299e+03
4051.7318 2.881358e+03 3.359483e+03
4052.9584 2.743659e+03 3.197582e+03
4054.1850 2.665601e+03 3.105356e+03
4055.4116 2.736282e+03 3.186477e+03
4056.6382 2.733866e+03 3.182506e+03
4057.8649 2.576710e+03 2.998527e+03
4059.0915 2.521595e+03 2.933438e+03
4060.3181 2.593967e+03 3.016708e+03
4061.5447 2.581574e+03 3.001436e+03
4062.7713 2.586453e+03 3.006305e+03
4063.9979 2.578577e+03 2.996405e+03
4065.2245 2.405789e+03 2.794976e+03
4066.4511 2.602940e+03 3.023383e+03
4067.6777 2.755278e+03 3.199711e+03
4068.9043 2.635144e+03 3.059665e+03
4070.1309 2.712146e+03 3.148581e+03
4071.3575 2.438731e+03 2.830778e+03
4072.5841 2.588302e+03 3.004032e+03
4073.8107 2.552838e+03 2.962569e+03
4075.0374 2.525516e+03 2.930613e+03
4076.2640 2.650276e+03 3.075179e+03
4077.4906 2.795384e+03 3.243390e+03
4078.7172 2.775529e+03 3.220249e+03
4079.9438 2.620970e+03 3.040879e+03
4081.1704 2.611577e+03 3.029986e+03
4082.3970 2.658604e+03 3.084605e+03
4083.6236 2.662919e+03 3.089720e+03
4084.8502 2.708660e+03 3.142955e+03
4086.0768 2.597198e+03 3.013828e+03
4087.3034 2.683835e+03 3.114628e+03
4088.5300 2.817626e+03 3.270224e+03
4089.7566 2.661220e+03 3.089056e+03
4090.9833 2.551407e+03 2.961983e+03
4092.2099 2.603321e+03 3.022700e+03
4093.4365 2.585322e+03 3.002296e+03
4094.6631 2.596459e+03 3.015772e+03
4095.8897 2.592028e+03 3.011215e+03
4097.1163 2.627261e+03 3.052790e+03
4098.3429 2.758902e+03 3.206478e+03
4099.5695 2.834492e+03 3.295125e+03
4100.7961 3.081370e+03 3.583040e+03
4102.0227 3.459383e+03 4.023687e+03
4103.2493 3.567109e+03 4.150171e+03
4104.4759 3.667680e+03 4.268461e+03
4105.7025 3.365544e+03 3.918066e+03
4106.9292 3.307548e+03 3.851816e+03
4108.1558 3.241328e+03 3.775994e+03
4109.3824 2.937742e+03 3.423553e+03
4110.6090 2.718224e+03 3.168908e+03
4111.8356 2.771740e+03 3.232541e+03
4113.0622 2.603324e+03 3.037336e+03
4114.2888 2.672848e+03 3.119736e+03
4115.5154 2.583837e+03 3.017126e+03
4116.7420 2.683533e+03 3.134916e+03
4117.9686 2.802546e+03 3.275428e+03
4119.1952 2.812661e+03 3.288777e+03
4120.4218 2.744891e+03 3.211070e+03
4121.6484 2.697452e+03 3.157123e+03
4122.8750 2.690553e+03 3.150635e+03
4124.1017 2.664996e+03 3.122318e+03
4125.3283 2.743130e+03 3.215559e+03
4126.5549 2.762729e+03 3.240284e+03
4127.7815 2.694504e+03 3.162015e+03
4129.0081 2.758629e+03 3.239096e+03
4130.2347 2.707712e+03 3.181146e+03
4131.4613 2.611417e+03 3.069820e+03
4132.6879 2.654010e+03 3.121765e+03
4133.9145 2.709658e+03 3.189173e+03
4135.1411 2.686990e+03 3.164466e+03
4136.3677 2.642832e+03 3.114438e+03
4137.5943 2.734443e+03 3.224480e+03
4138.8209 2.600563e+03 3.068625e+03
4140.0476 2.483025e+03 2.931892e+03
4141.2742 2.649143e+03 3.130165e+03
4142.5008 2.625800e+03 3.104726e+03
4143.7274 2.482621e+03 2.937490e+03
4144.9540 2.688953e+03 3.183892e+03
4146.1806 2.703847e+03 3.203839e+03
4147.4072 2.730274e+03 3.237522e+03
4148.6338 2.557613e+03 3.035036e+03
4149.8604 2.642849e+03 3.138543e+03
4151.0870 2.649654e+03 3.149025e+03
4152.3136 2.625852e+03 3.123149e+03
4153.5402 2.484110e+03 2.956876e+03
4154.7668 2.719900e+03 3.240105e+03
4155.9935 2.660516e+03 3.171904e+03
4157.2201 2.640234e+03 3.150277e+03
4158.4467 2.696834e+03 3.220453e+03
4159.6733 2.696428e+03 3.222639e+03
4160.8999 2.745357e+03 3.283870e+03
4162.1265 2.645772e+03 3.167435e+03
4163.3531 2.724016e+03 3.263899e+03
4164.5797 2.641626e+03 3.167920e+03
4165.8063 2.549192e+03 3.059743e+03
4167.0329 2.626278e+03 3.155051e+03
4168.2595 2.744790e+03 3.300363e+03
4169.4861 2.683034e+03 3.229011e+03
4170.7127 2.551896e+03 3.073975e+03
4171.9393 2.573705e+03 3.103086e+03
4173.1660 2.641994e+03 3.188365e+03
4174.3926 2.654638e+03 3.206610e+03
4175.6192 2.634339e+03 3.185082e+03
4176.8458 2.687804e+03 3.252805e+03
4178.0724 2.550341e+03 3.089395e+03
4179.2990 2.678713e+03 3.248024e+03
4180.5256 2.634144e+03 3.197082e+03
4181.7522 2.553279e+03 3.101965e+03
4182.9788 2.571888e+03 3.127651e+03
4184.2054 2.393986e+03 2.914194e+03
4185.4320 2.487699e+03 3.031296e+03
4186.6586 2.529715e+03 3.085594e+03
4187.8852 2.600252e+03 3.174843e+03
4189.1119 2.494118e+03 3.048361e+03
4190.3385 2.463265e+03 3.013741e+03
4191.5651 2.481371e+03 3.039028e+03
4192.7917 2.676719e+03 3.281685e+03
4194.0183 2.650984e+03 3.253531e+03
4195.2449 2.714218e+03 3.334642e+03
4196.4715 2.726743e+03 3.353573e+03
4197.6981 2.618462e+03 3.223827e+03
4198.9247 2.589510e+03 3.191593e+03
4200.1513 2.555537e+03 3.153109e+03
4201.3779 2.349665e+03 2.902232e+03
4202.6045 2.405978e+03 2.975020e+03
4203.8311 2.528271e+03 3.129652e+03
4205.0578 2.551950e+03 3.162434e+03
4206.2844 2.489330e+03 3.088238e+03
4207.5110 2.601270e+03 3.230688e+03
4208.7376 2.702586e+03 3.360260e+03
4209.9642 2.561816e+03 3.188798e+03
4211.1908 2.387642e+03 2.975338e+03
4212.4174 2.401215e+03 2.995632e+03
4213.6440 2.574234e+03 3.215123e+03
4214.8706 2.518694e+03 3.149338e+03
4216.0972 2.444738e+03 3.060360e+03
4217.3238 2.540870e+03 3.184353e+03
4218.5504 2.571992e+03 3.227071e+03
4219.7770 2.552338e+03 3.206117e+03
4221.0036 2.509827e+03 3.156379e+03
4222.2303 2.403980e+03 3.026789e+03
4223.4569 2.413387e+03 3.042188e+03
4224.6835 2.501212e+03 3.156597e+03
4225.9101 2.537059e+03 3.205607e+03
4227.1367 2.584141e+03 3.268954e+03
4228.3633 2.421873e+03 3.067317e+03
4229.5899 2.465584e+03 3.126392e+03
4230.8165 2.313531e+03 2.937086e+03
4232.0431 2.453432e+03 3.118420e+03
4233.2697 2.387106e+03 3.037759e+03
4234.4963 2.356223e+03 3.002066e+03
4235.7229 2.385196e+03 3.042647e+03
4236.9495 2.592405e+03 3.310973e+03
4238.1762 2.759116e+03 3.528169e+03
4239.4028 3.059116e+03 3.916546e+03
4240.6294 3.193505e+03 4.093588e+03
4241.8560 3.125407e+03 4.011194e+03
4243.0826 2.972465e+03 3.819579e+03
4244.3092 2.924930e+03 3.763111e+03
4245.5358 2.800528e+03 3.607495e+03
4246.7624 2.597021e+03 3.349473e+03
4247.9890 2.360222e+03 3.047826e+03
4249.2156 2.278809e+03 2.946339e+03
4250.4422 2.287981e+03 2.961867e+03
4251.6688 2.296312e+03 2.976347e+03
4252.8954 2.309813e+03 2.997574e+03
4254.1221 2.286649e+03 2.971214e+03
4255.3487 2.205372e+03 2.869185e+03
4256.5753 2.288101e+03 2.980541e+03
4257.8019 2.414850e+03 3.149591e+03
4259.0285 2.417794e+03 3.157389e+03
4260.2551 2.348395e+03 3.070616e+03
4261.4817 2.360140e+03 3.089858e+03
4262.7083 2.212583e+03 2.900330e+03
4263.9349 2.283563e+03 2.997151e+03
4265.1615 2.298990e+03 3.021212e+03
4266.3881 2.267685e+03 2.983844e+03
4267.6147 2.255821e+03 2.971992e+03
4268.8413 2.115482e+03 2.790632e+03
4270.0679 2.253229e+03 2.976113e+03
4271.2946 2.010185e+03 2.658469e+03
4272.5212 2.227680e+03 2.949852e+03
4273.7478 2.222399e+03 2.946604e+03
4274.9744 2.283846e+03 3.031930e+03
4276.2010 2.217524e+03 2.947636e+03
4277.4276 2.244638e+03 2.987482e+03
4278.6542 2.184278e+03 2.910857e+03
4279.8808 2.173798e+03 2.900590e+03
4281.1074 2.273612e+03 3.037651e+03
4282.3340 2.230389e+03 2.983713e+03
4283.5606 2.246939e+03 3.009697e+03
4284.7872 2.297369e+03 3.081183e+03
4286.0138 2.228724e+03 2.992941e+03
4287.2405 2.184392e+03 2.937164e+03
4288.4671 2.177298e+03 2.931373e+03
4289.6937 2.196923e+03 2.961583e+03
4290.9203 2.301384e+03 3.106376e+03
4292.1469 2.336297e+03 3.157541e+03
4293.3735 2.246596e+03 3.040198e+03
4294.6001 2.157978e+03 2.924017e+03
4295.8267 2.128594e+03 2.887896e+03
4297.0533 2.089014e+03 2.837828e+03
4298.2799 2.247921e+03 3.057607e+03
4299.5065 2.213248e+03 3.014299e+03
4300.7331 2.242105e+03 3.057510e+03
4301.9597 2.245627e+03 3.066233e+03
4303.1864 2.222701e+03 3.038813e+03
4304.4130 2.234418e+03 3.058740e+03
4305.6396 2.194150e+03 3.007456e+03
4306.8662 2.116858e+03 2.905223e+03
4308.0928 2.208396e+03 3.034724e+03
4309.3194 2.150073e+03 2.958349e+03
4310.5460 2.051877e+03 2.826842e+03
4311.7726 2.049519e+03 2.827194e+03
4312.9992 2.114469e+03 2.920507e+03
4314.2258 2.168859e+03 2.999446e+03
4315.4524 2.308186e+03 3.196193e+03
4316.6790 2.274982e+03 3.154222e+03
4317.9056 2.256270e+03 3.132253e+03
4319.1322 2.237330e+03 3.109903e+03
4320.3589 2.213870e+03 3.081199e+03
4321.5855 2.195018e+03 3.058834e+03
4322.8121 2.268188e+03 3.164801e+03
4324.0387 2.262576e+03 3.160965e+03
4325.2653 2.167174e+03 3.031508e+03
4326.4919 2.097257e+03 2.937411e+03
4327.7185 2.118001e+03 2.970206e+03
4328.9451 2.220700e+03 3.118150e+03
4330.1717 2.128404e+03 2.992314e+03
4331.3983 2.057349e+03 2.896054e+03
4332.6249 2.199340e+03 3.099815e+03
4333.8515 2.211935e+03 3.121476e+03
4335.0781 2.162890e+03 3.056084e+03
4336.3048 2.286814e+03 3.235224e+03
4337.5314 2.246591e+03 3.182287e+03
4338.7580 2.187758e+03 3.102814e+03
4339.9846 2.165037e+03 3.074413e+03
4341.2112 2.192008e+03 3.116581e+03
4342.4378 2.184885e+03 3.110310e+03
4343.6644 2.206876e+03 3.145507e+03
4344.8910 2.102919e+03 3.001044e+03
4346.1176 2.110973e+03 3.016259e+03
4347.3442 2.212520e+03 3.165251e+03
4348.5708 2.251689e+03 3.225253e+03
4349.7974 2.277507e+03 3.266243e+03
4351.0240 2.246975e+03 3.226408e+03
4352.2507 2.264568e+03 3.255651e+03
4353.4773 2.395183e+03 3.447639e+03
4354.7039 2.272972e+03 3.275719e+03
4355.9305 2.288995e+03 3.302828e+03
4357.1571 2.197216e+03 3.174250e+03
4358.3837 2.200898e+03 3.183426e+03
4359.6103 2.217314e+03 3.211052e+03
4360.8369 2.233429e+03 3.238297e+03
4362.0635 2.225970e+03 3.231371e+03
4363.2901 2.298220e+03 3.340268e+03
4364.5167 2.291807e+03 3.334945e+03
4365.7433 2.369818e+03 3.452594e+03
4366.9699 2.436770e+03 3.554379e+03
4368.1965 2.478613e+03 3.619723e+03
4369.4232 2.317973e+03 3.389154e+03
4370.6498 2.244308e+03 3.285343e+03
4371.8764 2.323951e+03 3.405956e+03
4373.1030 2.396677e+03 3.516691e+03
4374.3296 2.362282e+03 3.470309e+03
4375.5562 2.335376e+03 3.434815e+03
4376.7828 2.427224e+03 3.574090e+03
4378.0094 2.336210e+03 3.444096e+03
4379.2360 2.266483e+03 3.345201e+03
4380.4626 2.253481e+03 3.329883e+03
4381.6892 2.312844e+03 3.421568e+03
4382.9158 2.309354e+03 3.420360e+03
4384.1424 2.439656e+03 3.617522e+03
4385.3691 2.372867e+03 3.522540e+03
4386.5957 2.320814e+03 3.449223e+03
4387.8223 2.337531e+03 3.478046e+03
4389.0489 2.472956e+03 3.683750e+03
4390.2755 2.378602e+03 3.547234e+03
4391.5021 2.334143e+03 3.484887e+03
4392.7287 2.357956e+03 3.524426e+03
4393.9553 2.397550e+03 3.587653e+03
4395.1819 2.354807e+03 3.527660e+03
4396.4085 2.324198e+03 3.485714e+03
4397.6351 2.470301e+03 3.708979e+03
4398.8617 2.379393e+03 3.576474e+03
4400.0883 2.447029e+03 3.682229e+03
4401.3150 2.475390e+03 3.729036e+03
4402.5416 2.423148e+03 3.654373e+03
4403.7682 2.457794e+03 3.710707e+03
4404.9948 2.473689e+03 3.738808e+03
4406.2214 2.398886e+03 3.629720e+03
4407.4480 2.372885e+03 3.594296e+03
4408.6746 2.405793e+03 3.648108e+03
4409.9012 2.394291e+03 3.634603e+03
4411.1278 2.470372e+03 3.754149e+03
4412.3544 2.462735e+03 3.746574e+03
4413.5810 2.485344e+03 3.785028e+03
4414.8076 2.544166e+03 3.878755e+03
4416.0342 2.492302e+03 3.803737e+03
4417.2608 2.484812e+03 3.796335e+03
4418.4875 2.480567e+03 3.793862e+03
4419.7141 2.506613e+03 3.837741e+03
4420.9407 2.486375e+03 3.810758e+03
4422.1673 2.574095e+03 3.949335e+03
4423.3939 2.529069e+03 3.884303e+03
4424.6205 2.466759e+03 3.792542e+03
4425.8471 2.563625e+03 3.945554e+03
4427.0737 2.471029e+03 3.806969e+03
4428.3003 2.447986e+03 3.775345e+03
4429.5269 2.619665e+03 4.044253e+03
4430.7535 2.587676e+03 3.998944e+03
4431.9801 2.476092e+03 3.830395e+03
4433.2067 2.396974e+03 3.711758e+03
4434.4334 2.637282e+03 4.087999e+03
4435.6600 2.692217e+03 4.177346e+03
4436.8866 2.558711e+03 3.974166e+03
4438.1132 2.588767e+03 4.024856e+03
4439.3398 2.632285e+03 4.096579e+03
4440.5664 2.580089e+03 4.019318e+03
4441.7930 2.653847e+03 4.138291e+03
4443.0196 2.538995e+03 3.963078e+03
4444.2462 2.490155e+03 3.890642e+03
4445.4728 2.593068e+03 4.055374e+03
4446.6994 2.529608e+03 3.959960e+03
4447.9260 2.528257e+03 3.961661e+03
4449.1526 2.629350e+03 4.124027e+03
4450.3793 2.583436e+03 4.055887e+03
4451.6059 2.541155e+03 3.993307e+03
4452.8325 2.657698e+03 4.180408e+03
4454.0591 2.755725e+03 4.338689e+03
4455.2857 2.736347e+03 4.312229e+03
4456.5123 2.763266e+03 4.358725e+03
4457.7389 2.752212e+03 4.345332e+03
4458.9655 2.795979e+03 4.418526e+03
4460.1921 2.765017e+03 4.373630e+03
4461.4187 2.694851e+03 4.266560e+03
4462.6453 2.748940e+03 4.356176e+03
4463.8719 2.772120e+03 4.396908e+03
4465.0985 2.809629e+03 4.460440e+03
4466.3251 2.771611e+03 4.404052e+03
4467.5518 2.870637e+03 4.565499e+03
4468.7784 2.846544e+03 4.531225e+03
4470.0050 2.785669e+03 4.438265e+03
4471.2316 2.708211e+03 4.318673e+03
4472.4582 2.752196e+03 4.392679e+03
4473.6848 2.812087e+03 4.492203e+03
4474.9114 2.985368e+03 4.773171e+03
4476.1380 2.913196e+03 4.661820e+03
4477.3646 2.938600e+03 4.706533e+03
4478.5912 3.023287e+03 4.846330e+03
4479.8178 2.879984e+03 4.620562e+03
4481.0444 2.993746e+03 4.807163e+03
4482.2710 2.956957e+03 4.752108e+03
4483.4977 3.119407e+03 5.017401e+03
4484.7243 3.572832e+03 5.751524e+03
4485.9509 4.102310e+03 6.609378e+03
4487.1775 4.356093e+03 7.024074e+03
4488.4041 4.354722e+03 7.027653e+03
4489.6307 4.164695e+03 6.726500e+03
4490.8573 4.003647e+03 6.471663e+03
4492.0839 3.832247e+03 6.199631e+03
4493.3105 3.611441e+03 5.847138e+03
4494.5371 3.273296e+03 5.303915e+03
4495.7637 3.066912e+03 4.973466e+03
4496.9903 3.040850e+03 4.935118e+03
4498.2169 3.019257e+03 4.903943e+03
4499.4436 3.119830e+03 5.071276e+03
4500.6702 3.052524e+03 4.965746e+03
4501.8968 2.942742e+03 4.790872e+03
4503.1234 3.000491e+03 4.888662e+03
4504.3500 3.126674e+03 5.098161e+03
4505.5766 3.221734e+03 5.257170e+03
4506.8032 3.199879e+03 5.225472e+03
4508.0298 3.337226e+03 5.453874e+03
4509.2564 3.395079e+03 5.552583e+03
4510.4830 3.542172e+03 5.797472e+03
4511.7096 3.510080e+03 5.749207e+03
4512.9362 3.677685e+03 6.028170e+03
4514.1628 3.617198e+03 5.933367e+03
4515.3894 3.535648e+03 5.803823e+03
4516.6161 3.501799e+03 5.752422e+03
4517.8427 3.278268e+03 5.389102e+03
4519.0693 3.397046e+03 5.588353e+03
4520.2959 3.259172e+03 5.365353e+03
4521.5225 3.203329e+03 5.277147e+03
4522.7491 3.227311e+03 5.320387e+03
4523.9757 3.247985e+03 5.358205e+03
4525.2023 3.301761e+03 5.450695e+03
4526.4289 3.214673e+03 5.310582e+03
4527.6555 3.285576e+03 5.431430e+03
4528.8821 3.321765e+03 5.494988e+03
4530.1087 3.276995e+03 5.424591e+03
4531.3353 3.306004e+03 5.476287e+03
4532.5620 3.278723e+03 5.434719e+03
4533.7886 3.353088e+03 5.561668e+03
4535.0152 3.427563e+03 5.688939e+03
4536.2418 3.409976e+03 5.663450e+03
4537.4684 3.433813e+03 5.706745e+03
4538.6950 3.513940e+03 5.843680e+03
4539.9216 3.488675e+03 5.805382e+03
4541.1482 3.406974e+03 5.673035e+03
4542.3748 3.357904e+03 5.594862e+03
4543.6014 3.299082e+03 5.500307e+03
4544.8280 3.332251e+03 5.559070e+03
4546.0546 3.370533e+03 5.626416e+03
4547.2812 3.376073e+03 5.639130e+03
4548.5079 3.353652e+03 5.605101e+03
4549.7345 3.322702e+03 5.556740e+03
4550.9611 3.433685e+03 5.745799e+03
4552.1877 3.446371e+03 5.770475e+03
4553.4143 3.347687e+03 5.608567e+03
4554.6409 3.396645e+03 5.693940e+03
4555.8675 3.229575e+03 5.417041e+03
4557.0941 3.453761e+03 5.796436e+03
4558.3207 3.433844e+03 5.766330e+03
4559.5473 3.264279e+03 5.484721e+03
4560.7739 3.421786e+03 5.752632e+03
4562.0005 3.357969e+03 5.648523e+03
4563.2271 3.432243e+03 5.776690e+03
4564.4537 3.510986e+03 5.912500e+03
4565.6804 3.403868e+03 5.735270e+03
4566.9070 3.467911e+03 5.846370e+03
4568.1336 3.442477e+03 5.806638e+03
4569.3602 3.360864e+03 5.672026e+03
4570.5868 3.287826e+03 5.551723e+03
4571.8134 3.361580e+03 5.679268e+03
4573.0400 3.383574e+03 5.719429e+03
4574.2666 3.394287e+03 5.740527e+03
4575.4932 3.317682e+03 5.613871e+03
4576.7198 3.343490e+03 5.660440e+03
4577.9464 3.370950e+03 5.709833e+03
4579.1730 3.463449e+03 5.869469e+03
4580.3996 3.374589e+03 5.721740e+03
4581.6263 3.281641e+03 5.566902e+03
4582.8529 3.245758e+03 5.508739e+03
4584.0795 3.262501e+03 5.539857e+03
4585.3061 3.344753e+03 5.682271e+03
4586.5327 3.303889e+03 5.615540e+03
4587.7593 3.299544e+03 5.610821e+03
4588.9859 3.279234e+03 5.578911e+03
4590.2125 3.327830e+03 5.664231e+03
4591.4391 3.348941e+03 5.702803e+03
4592.6657 3.275850e+03 5.580899e+03
4593.8923 3.301981e+03 5.627976e+03
4595.1189 3.326347e+03 5.672062e+03
4596.3455 3.285717e+03 5.605282e+03
4597.5722 3.460333e+03 5.905783e+03
4598.7988 3.392578e+03 5.792685e+03
4600.0254 3.417373e+03 5.837557e+03
4601.2520 3.396213e+03 5.803910e+03
4602.4786 3.340583e+03 5.711277e+03
4603.7052 3.260521e+03 5.576753e+03
4604.9318 3.334049e+03 5.704900e+03
4606.1584 3.371415e+03 5.771229e+03
4607.3850 3.238512e+03 5.546000e+03
4608.6116 3.272715e+03 5.606852e+03
4609.8382 3.356499e+03 5.752707e+03
4611.0648 3.417158e+03 5.859006e+03
4612.2914 3.414622e+03 5.856968e+03
4613.5180 3.424451e+03 5.876123e+03
4614.7447 3.416776e+03 5.865221e+03
4615.9713 3.299898e+03 5.666759e+03
4617.1979 3.336858e+03 5.732400e+03
4618.4245 3.243072e+03 5.573374e+03
4619.6511 3.353844e+03 5.765881e+03
4620.8777 3.408939e+03 5.862753e+03
4622.1043 3.384341e+03 5.822564e+03
4623.3309 3.456499e+03 5.948847e+03
4624.5575 3.498175e+03 6.022716e+03
4625.7841 3.527784e+03 6.075830e+03
4627.0107 3.543961e+03 6.105816e+03
4628.2373 3.518339e+03 6.063760e+03
4629.4639 3.446220e+03 5.941487e+03
4630.6906 3.345638e+03 5.770020e+03
4631.9172 3.369056e+03 5.812342e+03
4633.1438 3.382621e+03 5.837664e+03
4634.3704 3.366900e+03 5.812424e+03
4635.5970 3.299698e+03 5.698242e+03
4636.8236 3.259498e+03 5.630609e+03
4638.0502 3.293571e+03 5.691257e+03
4639.2768 3.350045e+03 5.790640e+03
4640.5034 3.303446e+03 5.711843e+03
4641.7300 3.403775e+03 5.887102e+03
4642.9566 3.303440e+03 5.715274e+03
4644.1832 3.398803e+03 5.881999e+03
4645.4098 3.404343e+03 5.893306e+03
4646.6365 3.246990e+03 5.622530e+03
4647.8631 3.288722e+03 5.696416e+03
4649.0897 3.247014e+03 5.625754e+03
4650.3163 3.384860e+03 5.866210e+03
4651.5429 3.390875e+03 5.878244e+03
4652.7695 3.405417e+03 5.905047e+03
4653.9961 3.318113e+03 5.755194e+03
4655.2227 3.272431e+03 5.677453e+03
4656.4493 3.375799e+03 5.858307e+03
4657.6759 3.389720e+03 5.883971e+03
4658.9025 3.337853e+03 5.795400e+03
4660.1291 3.444358e+03 5.981809e+03
4661.3557 3.351443e+03 5.821871e+03
4662.5823 3.140854e+03 5.457370e+03
4663.8090 3.254771e+03 5.656651e+03
4665.0356 3.278270e+03 5.698830e+03
4666.2622 3.261974e+03 5.671812e+03
4667.4888 3.188370e+03 5.545094e+03
4668.7154 3.186603e+03 5.543264e+03
4669.9420 3.251400e+03 5.657230e+03
4671.1686 3.273500e+03 5.696921e+03
4672.3952 3.186387e+03 5.546503e+03
4673.6218 3.222749e+03 5.610978e+03
4674.8484 3.277608e+03 5.707674e+03
4676.0750 3.260185e+03 5.678489e+03
4677.3016 3.275889e+03 5.706984e+03
4678.5282 3.248950e+03 5.661168e+03
4679.7549 3.177955e+03 5.538535e+03
4680.9815 3.258343e+03 5.679714e+03
4682.2081 3.237335e+03 5.644149e+03
4683.4347 3.286721e+03 5.731305e+03
4684.6613 3.333937e+03 5.814686e+03
4685.8879 3.251908e+03 5.672624e+03
4687.1145 3.289510e+03 5.739213e+03
4688.3411 3.444000e+03 6.009776e+03
4689.5677 3.232283e+03 5.641272e+03
4690.7943 3.244436e+03 5.663410e+03
4692.0209 3.294018e+03 5.750884e+03
4693.2475 3.249475e+03 5.674010e+03
4694.4741 3.331738e+03 5.818549e+03
4695.7008 3.314230e+03 5.788847e+03
4696.9274 3.291269e+03 5.749590e+03
4698.1540 3.245838e+03 5.671045e+03
4699.3806 3.323583e+03 5.807701e+03
4700.6072 3.293681e+03 5.756244e+03
4701.8338 3.266384e+03 5.709309e+03
4703.0604 3.233732e+03 5.652982e+03
4704.2870 3.291253e+03 5.754278e+03
4705.5136 3.362042e+03 5.878781e+03
4706.7402 3.277572e+03 5.731781e+03
4707.9668 3.320484e+03 5.807519e+03
4709.1934 3.272910e+03 5.724978e+03
4710.4200 3.291900e+03 5.758847e+03
4711.6466 3.309151e+03 5.789663e+03
4712.8733 3.318680e+03 5.806959e+03
4714.0999 3.325606e+03 5.819683e+03
4715.3265 3.324033e+03 5.817519e+03
4716.5531 3.306359e+03 5.787153e+03
4717.7797 3.210335e+03 5.619616e+03
4719.0063 3.283190e+03 5.747676e+03
4720.2329 3.437347e+03 6.018085e+03
4721.4595 3.330065e+03 5.830759e+03
4722.6861 3.321235e+03 5.815780e+03
4723.9127 3.404575e+03 5.962195e+03
4725.1393 3.310467e+03 5.797837e+03
4726.3659 3.246093e+03 5.685518e+03
4727.5925 3.235326e+03 5.667065e+03
4728.8192 3.290791e+03 5.764611e+03
4730.0458 3.273380e+03 5.734488e+03
4731.2724 3.276273e+03 5.739917e+03
4732.4990 3.303532e+03 5.788021e+03
4733.7256 3.299821e+03 5.781848e+03
4734.9522 3.225887e+03 5.652609e+03
4736.1788 3.316983e+03 5.812530e+03
4737.4054 3.342260e+03 5.857107e+03
4738.6320 3.319996e+03 5.818357e+03
4739.8586 3.300061e+03 5.783668e+03
4741.0852 3.222322e+03 5.647650e+03
4742.3118 3.267355e+03 5.726791e+03
4743.5384 3.352215e+03 5.875729e+03
4744.7651 3.260958e+03 5.715958e+03
4745.9917 3.253515e+03 5.703075e+03
4747.2183 3.235085e+03 5.670918e+03
4748.4449 3.195758e+03 5.602111e+03
4749.6715 3.193087e+03 5.597546e+03
4750.8981 3.188440e+03 5.589500e+03
4752.1247 3.203042e+03 5.615184e+03
4753.3513 3.202185e+03 5.613753e+03
4754.5779 3.204739e+03 5.618286e+03
4755.8045 3.250893e+03 5.699240e+03
4757.0311 3.275159e+03 5.741810e+03
4758.2577 3.198836e+03 5.608017e+03
4759.4843 3.084136e+03 5.406928e+03
4760.7109 3.088926e+03 5.415306e+03
4761.9376 3.145726e+03 5.514852e+03
4763.1642 3.140130e+03 5.504996e+03
4764.3908 3.188883e+03 5.590403e+03
4765.6174 3.202061e+03 5.613428e+03
4766.8440 3.118852e+03 5.467469e+03
4768.0706 3.086584e+03 5.410800e+03
4769.2972 3.145975e+03 5.514794e+03
4770.5238 3.253884e+03 5.703819e+03
4771.7504 3.208026e+03 5.623284e+03
4772.9770 3.143146e+03 5.509399e+03
4774.2036 3.061980e+03 5.366959e+03
4775.4302 3.117549e+03 5.464174e+03
4776.6568 3.171803e+03 5.559062e+03
4777.8835 3.201929e+03 5.611646e+03
4779.1101 3.225077e+03 5.651979e+03
4780.3367 3.316797e+03 5.812463e+03
4781.5633 3.168448e+03 5.552236e+03
4782.7899 3.222122e+03 5.646015e+03
4784.0165 3.174383e+03 5.562079e+03
4785.2431 3.182242e+03 5.575551e+03
4786.4697 3.216304e+03 5.634914e+03
4787.6963 3.090246e+03 5.413746e+03
4788.9229 3.168246e+03 5.550054e+03
4790.1495 3.128078e+03 5.479343e+03
4791.3761 3.242918e+03 5.680131e+03
4792.6027 3.262205e+03 5.713524e+03
4793.8294 3.321465e+03 5.816905e+03
4795.0560 3.106395e+03 5.439855e+03
4796.2826 3.126420e+03 5.474513e+03
4797.5092 3.332373e+03 5.834694e+03
4798.7358 3.170762e+03 5.551285e+03
4799.9624 3.165742e+03 5.542043e+03
4801.1890 3.222586e+03 5.641080e+03
4802.4156 3.145133e+03 5.505022e+03
4803.6422 3.075490e+03 5.382646e+03
4804.8688 3.121886e+03 5.463350e+03
4806.0954 3.173519e+03 5.553189e+03
4807.3220 3.145187e+03 5.503085e+03
4808.5486 3.097038e+03 5.418310e+03
4809.7752 3.040935e+03 5.319624e+03
4811.0019 3.104808e+03 5.430804e+03
4812.2285 3.252908e+03 5.689259e+03
4813.4551 3.193691e+03 5.585092e+03
4814.6817 3.153328e+03 5.513904e+03
4815.9083 3.255975e+03 5.692760e+03
4817.1349 3.220074e+03 5.629354e+03
4818.3615 3.088989e+03 5.399564e+03
4819.5881 3.161774e+03 5.526142e+03
4820.8147 3.206210e+03 5.603136e+03
4822.0413 3.271223e+03 5.716054e+03
4823.2679 3.296831e+03 5.760086e+03
4824.4945 3.278445e+03 5.727238e+03
4825.7211 3.207714e+03 5.602955e+03
4826.9478 3.273639e+03 5.717361e+03
4828.1744 3.189492e+03 5.569661e+03
4829.4010 3.216185e+03 5.615517e+03
4830.6276 3.196292e+03 5.580018e+03
4831.8542 3.214344e+03 5.610754e+03
4833.0808 3.217009e+03 5.614613e+03
4834.3074 3.291282e+03 5.743419e+03
4835.5340 3.178571e+03 5.545928e+03
4836.7606 3.065388e+03 5.347661e+03
4837.9872 3.095731e+03 5.399789e+03
4839.2138 3.185213e+03 5.555028e+03
4840.4404 3.157112e+03 5.505176e+03
4841.6670 3.109639e+03 5.421553e+03
4842.8937 3.124000e+03 5.445732e+03
4844.1203 3.230761e+03 5.630940e+03
4845.3469 3.147417e+03 5.484794e+03
4846.5735 3.122977e+03 5.441313e+03
4847.8001 3.190061e+03 5.557277e+03
4849.0267 3.166767e+03 5.515774e+03
4850.2533 3.096275e+03 5.392080e+03
4851.4799 3.036509e+03 5.287093e+03
4852.7065 3.095186e+03 5.388327e+03
4853.9331 3.049300e+03 5.307514e+03
4855.1597 3.027127e+03 5.267988e+03
4856.3863 3.130036e+03 5.446101e+03
4857.6129 3.286441e+03 5.717202e+03
4858.8395 3.236525e+03 5.629336e+03
4860.0662 3.049645e+03 5.303312e+03
4861.2928 3.005061e+03 5.224805e+03
4862.5194 3.050831e+03 5.303383e+03
4863.7460 3.079666e+03 5.352487e+03
4864.9726 3.031159e+03 5.267167e+03
4866.1992 2.936951e+03 5.102472e+03
4867.4258 2.992097e+03 5.197260e+03
4868.6524 3.053845e+03 5.303466e+03
4869.8790 3.050294e+03 5.296239e+03
4871.1056 3.047768e+03 5.290785e+03
4872.3322 3.045249e+03 5.285336e+03
4873.5588 3.042735e+03 5.279887e+03
4874.7854 3.040226e+03 5.274439e+03
4876.0121 3.037720e+03 5.268988e+03
4877.2387 3.035218e+03 5.263538e+03
4878.4653 3.032720e+03 5.258088e+03
4879.6919 3.030229e+03 5.252641e+03
4880.9185 3.027739e+03 5.247188e+03
4882.1451 3.025255e+03 5.241739e+03
4883.3717 3.022773e+03 5.236285e+03
4884.5983 3.020298e+03 5.230838e+03
4885.8249 3.017825e+03 5.225387e+03
4887.0515 3.015356e+03 5.219934e+03
4888.2781 3.012892e+03 5.214484e+03
4889.5047 3.010434e+03 5.209036e+03
4890.7313 3.007977e+03 5.203585e+03
4891.9580 3.005523e+03 5.198131e+03
4893.1846 3.003075e+03 5.192681e+03
4894.4112 3.000632e+03 5.187230e+03
4895.6378 2.998189e+03 5.181776e+03
4896.8644 2.995752e+03 5.176325e+03
4898.0910 2.993320e+03 5.170874e+03
4899.3176 2.990890e+03 5.165423e+03
4900.5442 2.988463e+03 5.159969e+03
4901.7708 2.986042e+03 5.154518e+03
4902.9974 2.983622e+03 5.149063e+03
4904.2240 2.981206e+03 5.143609e+03
4905.4506 2.978797e+03 5.138160e+03
4906.6772 2.976388e+03 5.132706e+03
4907.9038 2.973984e+03 5.127253e+03
4909.1305 2.971582e+03 5.121798e+03
4910.3571 2.969186e+03 5.116347e+03
4911.5837 2.966791e+03 5.110892e+03
4912.8103 2.964401e+03 5.105438e+03
4914.0369 2.962014e+03 5.099984e+03
4915.2635 2.959630e+03 5.094531e+03
4916.4901 2.957250e+03 5.089078e+03
4917.7167 2.954874e+03 5.083624e+03
4918.9433 2.952500e+03 5.078171e+03
4920.1699 2.950130e+03 5.072717e+03
4921.3965 2.947762e+03 5.067261e+03
4922.6231 2.945399e+03 5.061807e+03
4923.8497 2.943038e+03 5.056353e+03
4925.0764 2.940681e+03 5.050899e+03
4926.3030 2.938326e+03 5.045443e+03
4927.5296 2.935975e+03 5.039987e+03
4928.7562 2.933626e+03 5.034532e+03
4929.9828 2.931281e+03 5.029077e+03
4931.2094 2.928938e+03 5.023619e+03
4932.4360 2.926599e+03 5.018163e+03
4933.6626 2.924263e+03 5.012708e+03
4934.8892 2.921930e+03 5.007251e+03
4936.1158 2.919600e+03 5.001795e+03
4937.3424 2.917274e+03 4.996342e+03
4938.5690 2.914950e+03 4.990886e+03
4939.7956 2.912629e+03 4.985430e+03
4941.0223 2.910309e+03 4.979971e+03
4942.2489 2.907995e+03 4.974517e+03
4943.4755 2.905680e+03 4.969056e+03
4944.7021 2.904066e+03 4.964789e+03
4945.9287 2.897083e+03 4.951341e+03
4947.1553 2.844583e+03 4.860123e+03
4948.3819 2.815873e+03 4.809588e+03
4949.6085 2.822820e+03 4.819962e+03
4950.8351 2.776383e+03 4.739195e+03
4952.0617 2.787701e+03 4.757026e+03
4953.2883 2.875911e+03 4.906008e+03
4954.5149 2.850261e+03 4.860717e+03
4955.7415 2.834482e+03 4.832273e+03
4956.9681 2.914407e+03 4.966947e+03
4958.1948 2.865904e+03 4.882719e+03
4959.4214 2.752115e+03 4.687344e+03
4960.6480 2.782452e+03 4.737481e+03
4961.8746 2.702116e+03 4.599203e+03
4963.1012 2.762414e+03 4.700300e+03
4964.3278 2.806811e+03 4.774275e+03
4965.5544 2.874616e+03 4.887998e+03
4966.7810 2.929790e+03 4.980165e+03
4968.0076 2.912959e+03 4.949910e+03
4969.2342 2.944611e+03 5.002023e+03
4970.4608 2.949058e+03 5.007896e+03
4971.6874 2.892372e+03 4.909981e+03
4972.9140 2.888199e+03 4.901236e+03
4974.1407 2.861135e+03 4.853658e+03
4975.3673 2.826810e+03 4.793792e+03
4976.5939 2.862548e+03 4.852731e+03
4977.8205 2.866008e+03 4.856924e+03
4979.0471 2.846569e+03 4.822312e+03
4980.2737 2.909430e+03 4.927091e+03
4981.5003 2.981533e+03 5.047435e+03
4982.7269 2.950054e+03 4.992393e+03
4983.9535 3.013652e+03 5.098225e+03
4985.1801 3.021865e+03 5.110313e+03
4986.4067 3.056229e+03 5.166593e+03
4987.6333 3.004232e+03 5.076881e+03
4988.8599 3.010600e+03 5.085821e+03
4990.0866 2.945904e+03 4.974742e+03
4991.3132 2.941518e+03 4.965544e+03
4992.5398 2.942068e+03 4.964675e+03
4993.7664 2.952464e+03 4.980406e+03
4994.9930 2.816109e+03 4.748659e+03
4996.2196 2.970718e+03 5.007532e+03
4997.4462 2.998839e+03 5.053072e+03
4998.6728 2.894877e+03 4.876094e+03
4999.8994 3.043603e+03 5.124704e+03
5001.1260 2.897456e+03 4.876810e+03
5002.3526 2.931407e+03 4.932111e+03
5003.5792 2.969895e+03 4.994992e+03
5004.8058 2.951991e+03 4.963010e+03
5006.0324 2.969107e+03 4.989898e+03
5007.2591 3.051933e+03 5.127148e+03
5008.4857 2.942997e+03 4.942256e+03
5009.7123 2.853709e+03 4.790479e+03
5010.9389 2.875681e+03 4.825510e+03
5012.1655 2.907183e+03 4.876492e+03
5013.3921 2.999754e+03 5.029823e+03
5014.6187 3.021510e+03 5.064337e+03
5015.8453 3.026845e+03 5.071301e+03
5017.0719 2.967333e+03 4.969647e+03
5018.2985 3.017127e+03 5.051059e+03
5019.5251 3.049683e+03 5.103551e+03
5020.7517 3.123211e+03 5.224532e+03
5021.9783 3.248732e+03 5.432347e+03
5023.2050 3.881038e+03 6.487069e+03
5024.4316 4.909708e+03 8.203188e+03
5025.6582 6.014369e+03 1.004484e+04
5026.8848 6.626982e+03 1.106353e+04
5028.1114 6.433968e+03 1.073696e+04
5029.3380 5.965358e+03 9.950915e+03
5030.5646 5.480164e+03 9.137836e+03
5031.7912 4.795849e+03 7.993520e+03
5033.0178 4.060081e+03 6.764400e+03
5034.2444 3.284578e+03 5.470105e+03
5035.4710 3.061550e+03 5.096573e+03
5036.6976 3.016995e+03 5.020324e+03
5037.9242 3.112663e+03 5.177366e+03
5039.1509 3.110693e+03 5.171935e+03
5040.3775 3.105968e+03 5.161919e+03
5041.6041 3.127340e+03 5.195258e+03
5042.8307 3.203255e+03 5.319131e+03
5044.0573 3.145051e+03 5.220276e+03
5045.2839 3.060582e+03 5.077919e+03
5046.5105 3.018754e+03 5.006392e+03
5047.7371 3.049382e+03 5.055027e+03
5048.9637 3.171671e+03 5.255499e+03
5050.1903 3.266160e+03 5.409746e+03
5051.4169 3.181375e+03 5.267046e+03
5052.6435 3.120964e+03 5.164798e+03
5053.8701 3.168889e+03 5.241833e+03
5055.0967 3.204993e+03 5.299250e+03
5056.3234 3.109759e+03 5.139542e+03
5057.5500 3.106054e+03 5.131172e+03
5058.7766 2.937074e+03 4.849887e+03
5060.0032 3.138685e+03 5.180518e+03
5061.2298 3.248931e+03 5.360112e+03
5062.4564 3.258995e+03 5.374332e+03
5063.6830 3.276651e+03 5.401044e+03
5064.9096 3.245791e+03 5.347790e+03
5066.1362 3.195573e+03 5.262693e+03
5067.3628 3.199102e+03 5.266139e+03
5068.5894 3.162133e+03 5.202938e+03
5069.8160 3.279667e+03 5.393889e+03
5071.0426 3.289472e+03 5.407564e+03
5072.2693 3.330751e+03 5.472934e+03
5073.4959 3.344684e+03 5.493321e+03
5074.7225 3.323040e+03 5.455277e+03
5075.9491 3.391194e+03 5.564608e+03
5077.1757 3.367835e+03 5.523735e+03
5078.4023 3.277881e+03 5.373716e+03
5079.6289 3.253911e+03 5.331950e+03
5080.8555 3.315838e+03 5.430902e+03
5082.0821 3.401139e+03 5.568019e+03
5083.3087 3.391041e+03 5.548894e+03
5084.5353 3.378719e+03 5.526139e+03
5085.7619 3.339730e+03 5.459803e+03
5086.9885 3.365497e+03 5.499334e+03
5088.2152 3.471228e+03 5.669420e+03
5089.4418 3.478971e+03 5.679372e+03
5090.6684 3.463421e+03 5.651298e+03
5091.8950 3.488462e+03 5.689442e+03
5093.1216 3.587398e+03 5.848001e+03
5094.3482 3.659487e+03 5.962654e+03
5095.5748 3.577415e+03 5.826125e+03
5096.8014 3.516856e+03 5.724735e+03
5098.0280 3.508731e+03 5.708744e+03
5099.2546 3.606204e+03 5.864485e+03
5100.4812 3.644333e+03 5.923607e+03
5101.7078 3.571128e+03 5.801784e+03
5102.9344 3.571847e+03 5.800111e+03
5104.1610 3.419331e+03 5.549724e+03
5105.3877 3.497222e+03 5.673349e+03
5106.6143 3.625526e+03 5.878586e+03
5107.8409 3.605677e+03 5.843505e+03
5109.0675 3.688496e+03 5.974757e+03
5110.2941 3.643042e+03 5.898191e+03
5111.5207 3.525742e+03 5.705428e+03
5112.7473 3.530580e+03 5.710396e+03
5113.9739 3.800824e+03 6.144404e+03
5115.2005 3.685360e+03 5.954745e+03
5116.4271 3.765606e+03 6.081333e+03
5117.6537 3.807772e+03 6.146316e+03
5118.8803 3.742732e+03 6.038264e+03
5120.1069 3.913715e+03 6.310901e+03
5121.3336 3.738161e+03 6.024740e+03
5122.5602 4.048015e+03 6.520787e+03
5123.7868 4.494128e+03 7.235698e+03
5125.0134 7.101926e+03 1.142845e+04
5126.2400 1.017001e+04 1.635718e+04
5127.4666 1.168340e+04 1.878156e+04
5128.6932 1.228377e+04 1.973642e+04
5129.9198 1.149621e+04 1.846144e+04
5131.1464 1.010697e+04 1.622202e+04
5132.3730 8.676137e+03 1.391820e+04
5133.5996 7.126608e+03 1.142646e+04
5134.8262 5.361814e+03 8.592354e+03
5136.0528 4.283895e+03 6.861359e+03
5137.2795 4.035757e+03 6.460507e+03
5138.5061 4.018460e+03 6.429407e+03
5139.7327 3.933812e+03 6.290628e+03
5140.9593 3.943693e+03 6.303066e+03
5142.1859 3.974710e+03 6.349246e+03
5143.4125 3.956525e+03 6.316811e+03
5144.6391 4.008224e+03 6.395914e+03
5145.8657 3.972876e+03 6.336095e+03
5147.0923 4.019782e+03 6.407440e+03
5148.3189 4.089779e+03 6.515485e+03
5149.5455 4.046651e+03 6.443276e+03
5150.7721 4.089612e+03 6.508138e+03
5151.9987 4.112229e+03 6.540560e+03
5153.2253 4.129187e+03 6.563939e+03
5154.4520 4.095255e+03 6.506430e+03
5155.6786 4.107495e+03 6.522288e+03
5156.9052 4.182312e+03 6.637429e+03
5158.1318 4.154893e+03 6.590271e+03
5159.3584 4.191877e+03 6.645250e+03
5160.5850 4.189467e+03 6.637741e+03
5161.8116 4.188273e+03 6.632153e+03
5163.0382 4.251942e+03 6.729215e+03
5164.2648 4.215656e+03 6.668055e+03
5165.4914 4.254482e+03 6.725691e+03
5166.7180 4.439023e+03 7.013476e+03
5167.9446 4.454497e+03 7.033956e+03
5169.1712 4.517135e+03 7.128834e+03
5170.3979 4.676672e+03 7.376431e+03
5171.6245 4.766897e+03 7.514470e+03
5172.8511 5.717017e+03 9.007094e+03
5174.0777 9.746332e+03 1.534647e+04
5175.3043 1.891670e+04 2.976898e+04
5176.5309 2.725062e+04 4.285937e+04
5177.7575 2.995901e+04 4.709199e+04
5178.9841 2.870984e+04 4.510245e+04
5180.2107 2.565350e+04 4.027772e+04
5181.4373 2.106871e+04 3.306012e+04
5182.6639 1.680338e+04 2.635184e+04
5183.8905 1.126837e+04 1.766129e+04
5185.1171 6.466722e+03 1.012960e+04
5186.3438 5.111884e+03 8.002672e+03
5187.5704 4.951349e+03 7.746811e+03
5188.7970 4.690369e+03 7.334173e+03
5190.0236 4.613114e+03 7.209122e+03
5191.2502 4.675695e+03 7.302607e+03
5192.4768 4.416358e+03 6.893486e+03
5193.7034 4.331573e+03 6.757136e+03
5194.9300 4.538094e+03 7.075093e+03
5196.1566 4.387611e+03 6.836407e+03
5197.3832 4.465511e+03 6.953628e+03
5198.6098 4.567036e+03 7.107463e+03
5199.8364 4.472239e+03 6.955758e+03
5201.0630 4.560109e+03 7.088157e+03
5202.2896 4.367757e+03 6.785075e+03
5203.5163 4.394561e+03 6.822587e+03
5204.7429 4.467974e+03 6.932360e+03
5205.9695 4.428574e+03 6.867057e+03
5207.1961 4.407444e+03 6.830134e+03
5208.4227 4.325194e+03 6.698585e+03
5209.6493 4.439798e+03 6.871873e+03
5210.8759 4.528929e+03 7.005533e+03
5212.1025 4.387746e+03 6.782979e+03
5213.3291 4.525992e+03 6.992385e+03
5214.5557 4.544117e+03 7.016056e+03
5215.7823 4.367820e+03 6.739688e+03
5217.0089 4.427764e+03 6.827950e+03
5218.2355 4.480176e+03 6.904483e+03
5219.4622 4.478805e+03 6.898075e+03
5220.6888 4.455800e+03 6.858363e+03
5221.9154 4.504180e+03 6.928495e+03
5223.1420 4.486969e+03 6.897696e+03
5224.3686 4.496195e+03 6.907540e+03
5225.5952 4.471045e+03 6.864580e+03
5226.8218 4.604500e+03 7.065020e+03
5228.0484 4.597389e+03 7.049650e+03
5229.2750 4.534500e+03 6.948812e+03
5230.5016 4.435097e+03 6.792170e+03
5231.7282 4.453035e+03 6.815304e+03
5232.9548 4.588914e+03 7.018787e+03
5234.1814 4.585953e+03 7.009777e+03
5235.4081 4.515681e+03 6.897945e+03
5236.6347 4.560939e+03 6.962608e+03
5237.8613 4.527024e+03 6.906392e+03
5239.0879 4.495693e+03 6.854174e+03
5240.3145 4.485542e+03 6.834282e+03
5241.5411 4.628305e+03 7.047236e+03
5242.7677 4.585453e+03 6.977460e+03
5243.9943 4.425542e+03 6.729755e+03
5245.2209 4.526035e+03 6.878090e+03
5246.4475 4.576428e+03 6.950133e+03
5247.6741 4.554158e+03 6.911790e+03
5248.9007 4.567538e+03 6.927555e+03
5250.1273 4.552055e+03 6.899538e+03
5251.3539 4.444582e+03 6.732209e+03
5252.5806 4.604200e+03 6.969386e+03
5253.8072 4.554968e+03 6.890308e+03
5255.0338 4.544570e+03 6.870029e+03
5256.2604 4.612392e+03 6.967931e+03
5257.4870 4.608116e+03 6.956843e+03
5258.7136 4.687562e+03 7.072070e+03
5259.9402 4.764776e+03 7.183764e+03
5261.1668 4.550170e+03 6.855620e+03
5262.3934 4.706863e+03 7.086953e+03
5263.6200 4.842247e+03 7.285900e+03
5264.8466 4.658755e+03 7.005095e+03
5266.0732 4.658736e+03 7.000344e+03
5267.2998 4.623531e+03 6.942753e+03
5268.5265 4.628824e+03 6.945997e+03
5269.7531 4.705046e+03 7.055589e+03
5270.9797 4.682095e+03 7.016403e+03
5272.2063 4.600805e+03 6.889893e+03
5273.4329 4.727756e+03 7.075178e+03
5274.6595 4.710044e+03 7.043856e+03
5275.8861 4.705857e+03 7.032777e+03
5277.1127 4.805963e+03 7.177457e+03
5278.3393 4.785534e+03 7.142036e+03
5279.5659 4.691897e+03 6.997469e+03
5280.7925 4.658624e+03 6.943052e+03
5282.0191 4.669726e+03 6.954789e+03
5283.2457 4.712573e+03 7.013743e+03
5284.4724 4.745950e+03 7.058518e+03
5285.6990 4.852369e+03 7.211776e+03
5286.9256 4.662824e+03 6.925243e+03
5288.1522 4.704885e+03 6.982836e+03
5289.3788 4.800430e+03 7.119662e+03
5290.6054 4.789162e+03 7.097978e+03
5291.8320 4.837253e+03 7.164225e+03
5293.0586 4.762204e+03 7.048116e+03
5294.2852 4.840662e+03 7.159190e+03
5295.5118 4.829886e+03 7.138216e+03
5296.7384 4.824937e+03 7.125863e+03
5297.9650 4.861404e+03 7.174639e+03
5299.1916 4.880759e+03 7.198097e+03
5300.4182 4.806634e+03 7.083742e+03
5301.6449 4.739254e+03 6.979472e+03
5302.8715 4.828054e+03 7.105179e+03
5304.0981 4.804636e+03 7.065666e+03
5305.3247 4.803667e+03 7.059188e+03
5306.5513 4.918751e+03 7.223129e+03
5307.7779 4.858134e+03 7.128992e+03
5309.0045 4.833307e+03 7.087460e+03
5310.2311 4.773723e+03 6.995045e+03
5311.4577 4.807475e+03 7.039418e+03
5312.6843 4.950687e+03 7.243880e+03
5313.9109 4.900248e+03 7.164885e+03
5315.1375 4.795722e+03 7.006967e+03
5316.3641 4.869826e+03 7.110071e+03
5317.5908 4.894182e+03 7.140432e+03
5318.8174 4.894401e+03 7.135546e+03
5320.0440 4.853181e+03 7.070285e+03
5321.2706 4.840897e+03 7.047232e+03
5322.4972 4.783390e+03 6.958414e+03
5323.7238 4.895845e+03 7.116777e+03
5324.9504 4.840898e+03 7.031733e+03
5326.1770 4.848956e+03 7.038252e+03
5327.4036 4.841884e+03 7.022806e+03
5328.6302 4.889773e+03 7.087029e+03
5329.8568 4.916708e+03 7.120795e+03
5331.0834 4.819910e+03 6.975432e+03
5332.3100 4.916781e+03 7.110345e+03
5333.5367 4.820994e+03 6.966643e+03
5334.7633 4.857798e+03 7.014601e+03
5335.9899 4.810070e+03 6.940505e+03
5337.2165 4.913485e+03 7.084429e+03
5338.4431 4.991027e+03 7.190850e+03
5339.6697 4.976837e+03 7.165036e+03
5340.8963 4.893806e+03 7.040212e+03
5342.1229 4.953473e+03 7.120694e+03
5343.3495 4.919142e+03 7.066022e+03
5344.5761 5.002996e+03 7.181058e+03
5345.8027 5.034850e+03 7.221325e+03
5347.0293 4.929899e+03 7.065454e+03
5348.2559 4.799737e+03 6.873700e+03
5349.4825 4.847188e+03 6.936394e+03
5350.7092 5.088657e+03 7.276409e+03
5351.9358 4.917187e+03 7.025874e+03
5353.1624 4.833402e+03 6.900901e+03
5354.3890 5.031681e+03 7.178517e+03
5355.6156 4.978124e+03 7.096685e+03
5356.8422 4.901658e+03 6.982335e+03
5358.0688 4.942444e+03 7.035042e+03
5359.2954 5.006186e+03 7.120308e+03
5360.5220 5.057659e+03 7.187994e+03
5361.7486 5.077311e+03 7.210375e+03
5362.9752 4.908966e+03 6.965937e+03
5364.2018 4.952847e+03 7.022785e+03
5365.4284 5.026020e+03 7.121037e+03
5366.6551 4.901780e+03 6.939640e+03
5367.8817 4.864523e+03 6.881562e+03
5369.1083 4.931229e+03 6.970519e+03
5370.3349 4.969250e+03 7.018810e+03
5371.5615 4.983417e+03 7.033348e+03
5372.7881 5.033838e+03 7.098980e+03
5374.0147 5.000375e+03 7.046292e+03
5375.2413 5.013348e+03 7.059061e+03
5376.4679 4.967000e+03 6.988334e+03
5377.6945 5.040207e+03 7.085785e+03
5378.9211 4.969838e+03 6.981383e+03
5380.1477 4.937909e+03 6.931089e+03
5381.3743 4.916938e+03 6.896232e+03
5382.6010 4.995458e+03 7.000852e+03
5383.8276 4.914615e+03 6.882132e+03
5385.0542 4.884961e+03 6.835212e+03
5386.2808 5.093626e+03 7.121560e+03
5387.5074 5.061313e+03 7.070789e+03
5388.7340 4.939467e+03 6.895107e+03
5389.9606 4.904103e+03 6.840318e+03
5391.1872 4.948119e+03 6.896239e+03
5392.4138 4.984255e+03 6.941087e+03
5393.6404 4.906124e+03 6.826850e+03
5394.8670 4.936028e+03 6.862995e+03
5396.0936 4.921874e+03 6.837861e+03
5397.3202 4.931141e+03 6.845271e+03
5398.5468 5.007247e+03 6.945368e+03
5399.7735 5.075384e+03 7.034250e+03
5401.0001 4.995688e+03 6.918253e+03
5402.2267 4.946147e+03 6.844159e+03
5403.4533 4.918334e+03 6.800214e+03
5404.6799 4.822449e+03 6.662285e+03
5405.9065 4.850721e+03 6.695956e+03
5407.1331 4.898646e+03 6.756670e+03
5408.3597 4.844283e+03 6.676305e+03
5409.5863 4.861491e+03 6.694616e+03
5410.8129 4.893631e+03 6.733436e+03
5412.0395 4.932806e+03 6.781853e+03
5413.2661 4.928919e+03 6.771027e+03
5414.4927 4.951795e+03 6.796944e+03
5415.7194 4.890213e+03 6.706974e+03
5416.9460 4.841951e+03 6.635393e+03
5418.1726 4.891630e+03 6.698028e+03
5419.3992 4.882085e+03 6.679523e+03
5420.6258 4.915918e+03 6.720339e+03
5421.8524 4.868766e+03 6.650458e+03
5423.0790 4.809968e+03 6.564786e+03
5424.3056 4.762777e+03 6.495072e+03
5425.5322 4.743096e+03 6.462949e+03
5426.7588 4.734351e+03 6.445758e+03
5427.9854 4.777832e+03 6.499634e+03
5429.2120 4.848566e+03 6.590455e+03
5430.4386 4.855390e+03 6.594319e+03
5431.6653 4.873722e+03 6.613785e+03
5432.8919 4.802669e+03 6.512011e+03
5434.1185 4.726341e+03 6.403248e+03
5435.3451 4.634021e+03 6.273008e+03
5436.5717 4.751701e+03 6.427012e+03
5437.7983 4.844627e+03 6.547302e+03
5439.0249 4.712524e+03 6.363518e+03
5440.2515 4.668273e+03 6.298559e+03
5441.4781 4.599635e+03 6.200823e+03
5442.7047 4.676320e+03 6.298991e+03
5443.9313 4.799846e+03 6.460030e+03
5445.1579 4.705334e+03 6.327584e+03
5446.3845 4.739624e+03 6.368413e+03
5447.6111 4.690764e+03 6.297535e+03
5448.8378 4.658307e+03 6.248770e+03
5450.0644 4.833095e+03 6.477850e+03
5451.2910 4.810580e+03 6.442312e+03
5452.5176 4.728330e+03 6.326896e+03
5453.7442 4.590531e+03 6.137397e+03
5454.9708 4.638078e+03 6.195800e+03
5456.1974 4.698583e+03 6.271394e+03
5457.4240 4.612838e+03 6.151812e+03
5458.6506 4.604991e+03 6.136219e+03
5459.8772 4.668469e+03 6.215608e+03
5461.1038 4.567815e+03 6.076516e+03
5462.3304 4.578801e+03 6.086035e+03
5463.5570 4.567785e+03 6.066312e+03
5464.7837 4.625836e+03 6.138264e+03
5466.0103 4.662001e+03 6.181069e+03
5467.2369 4.648529e+03 6.158040e+03
5468.4635 4.603158e+03 6.092820e+03
5469.6901 4.666185e+03 6.171060e+03
5470.9167 4.770183e+03 6.303300e+03
5472.1433 4.609682e+03 6.086096e+03
5473.3699 4.588303e+03 6.052775e+03
5474.5965 4.563258e+03 6.014673e+03
5475.8231 4.576882e+03 6.027554e+03
5477.0497 4.522436e+03 5.950834e+03
5478.2763 4.499390e+03 5.915521e+03
5479.5029 4.557711e+03 5.987148e+03
5480.7296 4.606074e+03 6.045576e+03
5481.9562 4.569503e+03 5.992515e+03
5483.1828 4.541160e+03 5.950318e+03
5484.4094 4.543582e+03 5.948464e+03
5485.6360 4.510700e+03 5.900425e+03
5486.8626 4.481801e+03 5.857667e+03
5488.0892 4.511919e+03 5.892045e+03
5489.3158 4.522219e+03 5.900499e+03
5490.5424 4.580139e+03 5.971014e+03
5491.7690 4.526605e+03 5.896228e+03
5492.9956 4.490011e+03 5.843608e+03
5494.2222 4.538845e+03 5.902158e+03
5495.4488 4.563322e+03 5.928958e+03
5496.6754 4.508932e+03 5.853324e+03
5497.9021 4.536810e+03 5.884519e+03
5499.1287 4.530460e+03 5.871298e+03
5500.3553 4.521547e+03 5.854774e+03
5501.5819 4.573595e+03 5.917141e+03
5502.8085 4.586454e+03 5.928738e+03
5504.0351 4.432897e+03 5.725375e+03
5505.2617 4.407527e+03 5.687770e+03
5506.4883 4.443470e+03 5.729280e+03
5507.7149 4.419465e+03 5.693485e+03
5508.9415 4.335712e+03 5.580838e+03
5510.1681 4.390107e+03 5.646049e+03
5511.3947 4.428072e+03 5.690030e+03
5512.6213 4.431239e+03 5.689255e+03
5513.8480 4.403378e+03 5.648674e+03
5515.0746 4.287133e+03 5.494873e+03
5516.3012 4.286032e+03 5.488785e+03
5517.5278 4.321292e+03 5.529228e+03
5518.7544 4.273483e+03 5.463399e+03
5519.9810 4.341194e+03 5.545237e+03
5521.2076 4.360811e+03 5.565550e+03
5522.4342 4.336669e+03 5.530024e+03
5523.6608 4.324865e+03 5.510273e+03
5524.8874 4.258171e+03 5.420677e+03
5526.1140 4.332471e+03 5.510562e+03
5527.3406 4.370218e+03 5.553836e+03
5528.5672 4.250633e+03 5.397259e+03
5529.7939 4.282012e+03 5.432470e+03
5531.0205 4.318069e+03 5.473546e+03
5532.2471 4.238502e+03 5.368108e+03
5533.4737 4.244280e+03 5.370845e+03
5534.7003 4.390809e+03 5.551532e+03
5535.9269 4.307929e+03 5.442101e+03
5537.1535 4.349444e+03 5.489863e+03
5538.3801 4.356742e+03 5.494389e+03
5539.6067 4.319875e+03 5.443252e+03
5540.8333 4.399981e+03 5.539465e+03
5542.0599 4.378149e+03 5.507283e+03
5543.2865 4.255666e+03 5.348650e+03
5544.5131 4.181625e+03 5.251116e+03
5545.7397 4.167590e+03 5.229034e+03
5546.9664 4.187717e+03 5.249812e+03
5548.1930 4.160330e+03 5.211039e+03
5549.4196 4.321092e+03 5.407793e+03
5550.6462 4.302805e+03 5.380323e+03
5551.8728 4.238467e+03 5.295362e+03
5553.0994 4.198314e+03 5.240734e+03
5554.3260 4.094733e+03 5.107085e+03
5555.5526 4.126633e+03 5.142494e+03
5556.7792 4.100249e+03 5.105269e+03
5558.0058 4.032902e+03 5.017145e+03
5559.2324 4.075276e+03 5.065551e+03
5560.4590 4.111654e+03 5.106426e+03
5561.6856 4.166875e+03 5.170610e+03
5562.9123 4.163206e+03 5.161669e+03
5564.1389 4.228417e+03 5.238068e+03
5565.3655 4.129028e+03 5.110606e+03
5566.5921 4.075976e+03 5.040661e+03
5567.8187 4.175908e+03 5.159863e+03
5569.0453 4.047211e+03 4.996602e+03
5570.2719 4.183911e+03 5.160989e+03
5571.4985 4.196936e+03 5.172669e+03
5572.7251 3.420474e+03 4.212119e+03
5573.9517 2.931433e+03 3.606836e+03
5575.1783 3.277833e+03 4.029633e+03
5576.4049 3.320589e+03 4.078742e+03
5577.6315 3.300928e+03 4.051164e+03
5578.8582 3.585352e+03 4.396512e+03
5580.0848 3.409291e+03 4.177086e+03
5581.3114 4.911604e+03 6.012648e+03
5582.5380 4.834868e+03 5.913715e+03
5583.7646 3.465280e+03 4.234942e+03
5584.9912 3.903520e+03 4.766495e+03
5586.2178 4.007795e+03 4.889699e+03
5587.4444 4.072568e+03 4.964541e+03
5588.6710 3.904988e+03 4.756249e+03
5589.8976 4.009509e+03 4.879445e+03
5591.1242 3.992592e+03 4.854772e+03
5592.3508 3.972913e+03 4.826785e+03
5593.5774 4.024753e+03 4.885659e+03
5594.8040 3.949381e+03 4.790140e+03
5596.0307 4.042625e+03 4.899121e+03
5597.2573 3.979821e+03 4.818968e+03
5598.4839 3.917105e+03 4.739055e+03
5599.7105 3.916156e+03 4.733940e+03
5600.9371 3.927394e+03 4.743552e+03
5602.1637 4.052396e+03 4.890440e+03
5603.3903 3.842237e+03 4.632946e+03
5604.6169 3.744041e+03 4.510772e+03
5605.8435 3.858938e+03 4.645321e+03
5607.0701 3.747761e+03 4.507727e+03
5608.2967 3.872799e+03 4.654240e+03
5609.5233 3.836141e+03 4.606349e+03
5610.7499 3.892651e+03 4.670316e+03
5611.9766 3.852574e+03 4.618393e+03
5613.2032 3.877676e+03 4.644624e+03
5614.4298 3.868336e+03 4.629593e+03
5615.6564 3.782189e+03 4.522741e+03
5616.8830 3.735517e+03 4.463231e+03
5618.1096 3.835514e+03 4.578917e+03
5619.3362 3.751932e+03 4.475432e+03
5620.5628 3.792536e+03 4.520129e+03
5621.7894 3.837058e+03 4.569419e+03
5623.0160 3.841254e+03 4.570645e+03
5624.2426 3.796109e+03 4.513207e+03
5625.4692 3.974840e+03 4.721812e+03
5626.6958 3.905702e+03 4.635867e+03
5627.9225 3.910263e+03 4.637469e+03
5629.1491 3.693145e+03 4.376380e+03
5630.3757 3.800286e+03 4.499651e+03
5631.6023 3.798311e+03 4.493630e+03
5632.8289 3.802892e+03 4.495371e+03
5634.0555 3.751878e+03 4.431443e+03
5635.2821 3.769363e+03 4.448462e+03
5636.5087 3.651118e+03 4.305401e+03
5637.7353 3.600777e+03 4.242582e+03
5638.9619 3.833626e+03 4.513260e+03
5640.1885 3.711473e+03 4.365901e+03
5641.4151 3.782088e+03 4.445357e+03
5642.6417 3.813932e+03 4.479152e+03
5643.8683 3.735494e+03 4.383481e+03
5645.0950 3.694882e+03 4.332318e+03
5646.3216 3.737481e+03 4.378727e+03
5647.5482 3.797607e+03 4.445580e+03
5648.7748 3.819741e+03 4.467888e+03
5650.0014 3.588159e+03 4.193633e+03
5651.2280 3.588098e+03 4.190192e+03
5652.4546 3.667380e+03 4.279340e+03
5653.6812 3.671436e+03 4.280640e+03
5654.9078 3.713242e+03 4.325917e+03
5656.1344 3.739204e+03 4.352680e+03
5657.3610 3.771323e+03 4.386563e+03
5658.5876 3.692389e+03 4.291329e+03
5659.8142 3.598073e+03 4.178385e+03
5661.0409 3.718410e+03 4.314697e+03
5662.2675 3.694461e+03 4.283505e+03
5663.4941 3.653887e+03 4.233104e+03
5664.7207 3.612454e+03 4.181790e+03
5665.9473 3.644713e+03 4.215798e+03
5667.1739 3.595203e+03 4.155248e+03
5668.4005 3.630549e+03 4.192793e+03
5669.6271 3.666707e+03 4.231219e+03
5670.8537 3.540863e+03 4.082790e+03
5672.0803 3.558999e+03 4.100482e+03
5673.3069 3.600561e+03 4.145119e+03
5674.5335 3.606445e+03 4.148646e+03
5675.7601 3.522149e+03 4.048514e+03
5676.9868 3.512958e+03 4.034802e+03
5678.2134 3.540097e+03 4.062808e+03
5679.4400 3.638016e+03 4.171941e+03
5680.6666 3.625945e+03 4.154874e+03
5681.8932 3.567425e+03 4.084651e+03
5683.1198 3.598843e+03 4.117438e+03
5684.3464 3.596183e+03 4.111221e+03
5685.5730 3.587321e+03 4.097930e+03
5686.7996 3.414175e+03 3.897140e+03
5688.0262 3.486436e+03 3.976567e+03
5689.2528 3.558788e+03 4.055981e+03
5690.4794 3.490393e+03 3.974987e+03
5691.7060 3.499594e+03 3.982422e+03
5692.9326 3.486157e+03 3.964108e+03
5694.1593 3.479036e+03 3.953002e+03
5695.3859 3.523370e+03 4.000336e+03
5696.6125 3.437736e+03 3.900151e+03
5697.8391 3.532469e+03 4.004595e+03
5699.0657 3.508106e+03 3.973974e+03
5700.2923 3.490048e+03 3.950539e+03
5701.5189 3.427223e+03 3.876507e+03
5702.7455 3.289786e+03 3.718260e+03
5703.9721 3.460084e+03 3.907809e+03
5705.1987 3.592082e+03 4.053854e+03
5706.4253 3.484555e+03 3.929571e+03
5707.6519 3.484969e+03 3.927112e+03
5708.8785 3.505938e+03 3.947806e+03
5710.1052 3.469187e+03 3.903526e+03
5711.3318 3.456735e+03 3.886639e+03
5712.5584 3.423634e+03 3.846579e+03
5713.7850 3.365621e+03 3.778614e+03
5715.0116 3.357973e+03 3.767255e+03
5716.2382 3.367117e+03 3.774744e+03
5717.4648 3.387027e+03 3.794284e+03
5718.6914 3.378688e+03 3.782179e+03
5719.9180 3.372063e+03 3.772013e+03
5721.1446 3.374093e+03 3.771539e+03
5722.3712 3.348209e+03 3.739892e+03
5723.5978 3.454955e+03 3.856333e+03
5724.8244 3.468829e+03 3.869023e+03
5726.0511 3.426781e+03 3.819371e+03
5727.2777 3.475438e+03 3.870818e+03
5728.5043 3.403177e+03 3.787620e+03
5729.7309 3.404092e+03 3.785929e+03
5730.9575 3.408392e+03 3.788006e+03
5732.1841 3.449151e+03 3.830577e+03
5733.4107 3.475161e+03 3.856722e+03
5734.6373 3.471309e+03 3.849720e+03
5735.8639 3.466298e+03 3.841446e+03
5737.0905 3.474684e+03 3.848026e+03
5738.3171 3.433530e+03 3.799777e+03
5739.5437 3.332497e+03 3.685382e+03
5740.7703 3.382612e+03 3.738188e+03
5741.9969 3.483504e+03 3.847001e+03
5743.2236 3.512780e+03 3.876633e+03
5744.4502 3.468136e+03 3.824709e+03
5745.6768 3.405442e+03 3.752971e+03
5746.9034 3.441311e+03 3.789883e+03
5748.1300 3.440469e+03 3.786348e+03
5749.3566 3.367976e+03 3.704023e+03
5750.5832 3.346831e+03 3.678249e+03
5751.8098 3.386449e+03 3.719250e+03
5753.0364 3.368247e+03 3.696740e+03
5754.2630 3.425767e+03 3.757318e+03
5755.4896 3.370185e+03 3.693854e+03
5756.7162 3.321868e+03 3.638440e+03
5757.9428 3.337878e+03 3.653516e+03
5759.1695 3.318132e+03 3.629466e+03
5760.3961 3.363673e+03 3.676817e+03
5761.6227 3.316105e+03 3.622403e+03
5762.8493 3.390609e+03 3.701326e+03
5764.0759 3.405752e+03 3.715391e+03
5765.3025 3.499847e+03 3.815517e+03
5766.5291 3.462156e+03 3.771938e+03
5767.7557 3.412436e+03 3.715327e+03
5768.9823 3.340136e+03 3.634227e+03
5770.2089 3.389558e+03 3.685592e+03
5771.4355 3.421623e+03 3.718036e+03
5772.6621 3.402073e+03 3.694393e+03
5773.8887 3.297642e+03 3.578672e+03
5775.1154 3.339010e+03 3.621229e+03
5776.3420 3.390238e+03 3.674423e+03
5777.5686 3.341714e+03 3.619512e+03
5778.7952 3.352840e+03 3.629244e+03
5780.0218 3.385310e+03 3.662059e+03
5781.2484 3.410140e+03 3.686579e+03
5782.4750 3.334127e+03 3.602125e+03
5783.7016 3.356660e+03 3.624184e+03
5784.9282 3.388804e+03 3.656593e+03
5786.1548 3.311344e+03 3.570776e+03
5787.3814 3.341359e+03 3.600896e+03
5788.6080 3.398397e+03 3.660088e+03
5789.8346 3.400013e+03 3.659561e+03
5791.0612 3.381468e+03 3.637354e+03
5792.2879 3.350112e+03 3.601410e+03
5793.5145 3.434643e+03 3.690020e+03
5794.7411 3.401129e+03 3.651783e+03
5795.9677 3.371672e+03 3.617953e+03
5797.1943 3.306059e+03 3.545397e+03
5798.4209 3.306794e+03 3.544044e+03
5799.6475 3.403181e+03 3.645153e+03
5800.8741 3.334465e+03 3.569411e+03
5802.1007 3.341318e+03 3.574611e+03
5803.3273 3.380533e+03 3.614413e+03
5804.5539 3.398816e+03 3.631808e+03
5805.7805 3.438505e+03 3.672050e+03
5807.0071 3.425193e+03 3.655683e+03
5808.2338 3.380801e+03 3.606190e+03
5809.4604 3.303876e+03 3.522082e+03
5810.6870 3.278899e+03 3.493424e+03
5811.9136 3.349456e+03 3.566532e+03
5813.1402 3.413099e+03 3.632205e+03
5814.3668 3.349633e+03 3.562619e+03
5815.5934 3.333345e+03 3.543269e+03
5816.8200 3.357882e+03 3.567319e+03
5818.0466 3.360743e+03 3.568334e+03
5819.2732 3.331272e+03 3.535046e+03
5820.4998 3.351039e+03 3.554023e+03
5821.7264 3.396074e+03 3.599770e+03
5822.9530 3.321966e+03 3.519254e+03
5824.1797 3.323542e+03 3.518969e+03
5825.4063 3.267662e+03 3.457892e+03
5826.6329 3.324597e+03 3.516205e+03
5827.8595 3.308047e+03 3.496785e+03
5829.0861 3.151072e+03 3.329037e+03
5830.3127 3.287644e+03 3.471437e+03
5831.5393 3.370931e+03 3.557456e+03
5832.7659 3.275310e+03 3.454685e+03
5833.9925 3.295323e+03 3.473933e+03
5835.2191 3.447125e+03 3.632024e+03
5836.4457 3.342826e+03 3.520262e+03
5837.6723 3.258912e+03 3.430082e+03
5838.8989 3.334350e+03 3.507636e+03
5840.1255 3.398957e+03 3.573730e+03
5841.3522 3.414419e+03 3.588118e+03
5842.5788 3.339728e+03 3.507808e+03
5843.8054 3.322607e+03 3.488026e+03
5845.0320 3.414374e+03 3.582522e+03
5846.2586 3.348029e+03 3.511116e+03
5847.4852 3.266818e+03 3.424208e+03
5848.7118 3.285499e+03 3.442048e+03
5849.9384 3.338701e+03 3.496025e+03
5851.1650 3.341300e+03 3.496995e+03
5852.3916 3.283000e+03 3.434269e+03
5853.6182 3.311814e+03 3.462693e+03
5854.8448 3.249702e+03 3.396077e+03
5856.0714 3.270713e+03 3.416359e+03
5857.2981 3.318104e+03 3.464169e+03
5858.5247 3.306349e+03 3.450223e+03
5859.7513 3.319099e+03 3.461855e+03
5860.9779 3.417859e+03 3.563152e+03
5862.2045 3.299900e+03 3.438537e+03
5863.4311 3.271300e+03 3.407116e+03
5864.6577 3.276564e+03 3.410988e+03
5865.8843 3.307336e+03 3.441406e+03
5867.1109 3.329783e+03 3.463145e+03
5868.3375 3.317150e+03 3.448404e+03
5869.5641 3.388144e+03 3.520581e+03
5870.7907 3.345408e+03 3.474579e+03
5872.0173 3.291351e+03 3.416874e+03
5873.2440 3.321643e+03 3.446757e+03
5874.4706 3.327071e+03 3.450831e+03
5875.6972 3.220596e+03 3.338897e+03
5876.9238 3.213017e+03 3.329556e+03
5878.1504 3.253153e+03 3.369653e+03
5879.3770 3.203664e+03 3.316930e+03
5880.6036 3.216111e+03 3.328360e+03
5881.8302 3.271654e+03 3.384367e+03
5883.0568 3.261153e+03 3.372046e+03
5884.2834 3.276553e+03 3.386514e+03
5885.5100 3.293996e+03 3.403088e+03
5886.7366 3.032583e+03 3.131688e+03
5887.9632 2.910024e+03 3.003856e+03
5889.1898 2.927491e+03 3.020621e+03
5890.4165 3.149040e+03 3.247865e+03
5891.6431 3.088834e+03 3.184452e+03
5892.8697 2.916361e+03 3.005404e+03
5894.0963 2.847231e+03 2.932967e+03
5895.3229 3.014737e+03 3.104257e+03
5896.5495 3.179742e+03 3.272844e+03
5897.7761 3.137853e+03 3.228437e+03
5899.0027 2.993849e+03 3.079052e+03
5900.2293 3.027475e+03 3.112407e+03
5901.4559 3.208124e+03 3.296831e+03
5902.6825 3.359793e+03 3.451351e+03
5903.9091 3.196545e+03 3.282386e+03
5905.1357 3.167941e+03 3.251766e+03
5906.3624 3.261490e+03 3.346516e+03
5907.5890 3.250104e+03 3.333573e+03
5908.8156 3.242243e+03 3.324262e+03
5910.0422 3.130797e+03 3.208801e+03
5911.2688 3.182963e+03 3.261062e+03
5912.4954 3.149508e+03 3.225601e+03
5913.7220 3.147292e+03 3.222158e+03
5914.9486 3.151928e+03 3.225738e+03
5916.1752 3.103380e+03 3.174914e+03
5917.4018 3.158341e+03 3.229992e+03
5918.6284 3.060409e+03 3.128734e+03
5919.8550 3.029851e+03 3.096409e+03
5921.0816 3.145793e+03 3.213781e+03
5922.3083 3.113340e+03 3.179530e+03
5923.5349 3.064155e+03 3.128230e+03
5924.7615 3.079972e+03 3.143312e+03
5925.9881 3.039291e+03 3.100751e+03
5927.2147 3.273129e+03 3.338204e+03
5928.4413 3.339166e+03 3.404428e+03
5929.6679 3.314020e+03 3.377683e+03
5930.8945 3.227063e+03 3.287986e+03
5932.1211 3.102033e+03 3.159577e+03
5933.3477 3.098804e+03 3.155280e+03
5934.5743 3.103206e+03 3.158762e+03
5935.8009 3.032438e+03 3.085759e+03
5937.0275 3.036610e+03 3.089043e+03
5938.2541 3.172051e+03 3.225828e+03
5939.4808 3.100000e+03 3.151593e+03
5940.7074 3.067472e+03 3.117581e+03
5941.9340 2.979634e+03 3.027400e+03
5943.1606 2.996427e+03 3.043559e+03
5944.3872 3.103146e+03 3.151030e+03
5945.6138 3.024229e+03 3.070000e+03
5946.8404 3.051802e+03 3.097097e+03
5948.0670 3.040985e+03 3.085238e+03
5949.2936 3.125793e+03 3.170384e+03
5950.5202 3.016333e+03 3.058505e+03
5951.7468 2.941917e+03 2.982223e+03
5952.9734 3.039172e+03 3.079966e+03
5954.2000 3.113833e+03 3.154772e+03
5955.4267 2.991238e+03 3.029751e+03
5956.6533 3.178987e+03 3.219062e+03
5957.8799 3.187046e+03 3.226374e+03
5959.1065 3.019286e+03 3.055749e+03
5960.3331 2.935721e+03 2.970410e+03
5961.5597 3.115147e+03 3.151155e+03
5962.7863 3.058318e+03 3.092891e+03
5964.0129 3.085317e+03 3.119418e+03
5965.2395 2.972781e+03 3.004899e+03
5966.4661 3.083586e+03 3.116144e+03
5967.6927 3.170984e+03 3.203694e+03
5968.9193 3.068411e+03 3.099327e+03
5970.1459 3.016164e+03 3.045840e+03
5971.3726 3.064396e+03 3.093829e+03
5972.5992 2.962804e+03 2.990576e+03
5973.8258 2.984346e+03 3.011640e+03
5975.0524 2.906260e+03 2.932184e+03
5976.2790 3.130240e+03 3.157466e+03
5977.5056 2.904157e+03 2.928779e+03
5978.7322 2.857066e+03 2.880670e+03
5979.9588 2.912674e+03 2.936115e+03
5981.1854 2.931553e+03 2.954528e+03
5982.4120 2.994394e+03 3.017239e+03
5983.6386 2.997875e+03 3.020132e+03
5984.8652 3.018142e+03 3.039939e+03
5986.0918 3.057080e+03 3.078550e+03
5987.3184 2.998963e+03 3.019436e+03
5988.5451 2.969157e+03 2.988851e+03
5989.7717 2.983287e+03 3.002506e+03
5990.9983 3.066762e+03 3.085944e+03
5992.2249 3.050705e+03 3.069222e+03
5993.4515 2.823811e+03 2.840437e+03
5994.6781 2.871080e+03 2.887469e+03
5995.9047 3.034142e+03 3.050927e+03
5997.1313 2.949995e+03 2.965803e+03
5998.3579 2.826473e+03 2.841138e+03
5999.5845 2.962730e+03 2.977604e+03
6000.8111 3.010043e+03 3.024658e+03
6002.0377 2.989292e+03 3.003322e+03
6003.2643 2.864854e+03 2.877844e+03
6004.4910 2.875756e+03 2.888345e+03
6005.7176 2.972528e+03 2.985085e+03
6006.9442 2.913019e+03 2.924885e+03
6008.1708 2.771977e+03 2.782858e+03
6009.3974 2.912657e+03 2.923668e+03
6010.6240 2.866600e+03 2.877029e+03
6011.8506 2.874993e+03 2.885052e+03
6013.0772 2.959214e+03 2.969163e+03
6014.3038 2.912156e+03 2.921557e+03
6015.5304 2.785436e+03 2.794062e+03
6016.7570 2.881251e+03 2.889805e+03
6017.9836 2.759030e+03 2.766875e+03
6019.2102 2.976055e+03 2.984151e+03
6020.4369 3.075884e+03 3.083883e+03
6021.6635 2.761396e+03 2.768254e+03
6022.8901 2.743162e+03 2.749661e+03
6024.1167 2.781153e+03 2.787431e+03
6025.3433 2.673817e+03 2.679562e+03
6026.5699 2.744438e+03 2.750043e+03
6027.7965 2.709012e+03 2.714265e+03
6029.0231 2.625048e+03 2.629874e+03
6030.2497 2.728052e+03 2.732800e+03
6031.4763 2.695497e+03 2.699933e+03
6032.7029 2.764777e+03 2.769071e+03
6033.9295 2.792717e+03 2.796803e+03
6035.1561 2.737360e+03 2.741128e+03
6036.3827 2.749063e+03 2.752616e+03
6037.6094 2.705919e+03 2.709195e+03
6038.8360 2.671596e+03 2.674620e+03
6040.0626 2.729076e+03 2.731958e+03
6041.2892 2.716174e+03 2.718842e+03
6042.5158 2.490294e+03 2.492564e+03
6043.7424 2.673423e+03 2.675678e+03
6044.9690 2.632082e+03 2.634131e+03
6046.1956 2.661410e+03 2.663315e+03
6047.4222 2.648333e+03 2.650069e+03
6048.6488 2.559081e+03 2.560612e+03
6049.8754 2.633459e+03 2.634891e+03
6051.1020 2.669081e+03 2.670393e+03
6052.3286 2.554290e+03 2.555420e+03
6053.5553 2.596670e+03 2.597697e+03
6054.7819 2.662083e+03 2.663019e+03
6056.0085 2.645186e+03 2.646006e+03
6057.2351 2.589905e+03 2.590607e+03
6058.4617 2.588763e+03 2.589372e+03
6059.6883 2.627948e+03 2.628477e+03
6060.9149 2.546827e+03 2.547262e+03
6062.1415 2.507829e+03 2.508185e+03
6063.3681 2.587580e+03 2.587881e+03
6064.5947 2.608693e+03 2.608936e+03
6065.8213 2.501770e+03 2.501951e+03
6067.0479 2.476486e+03 2.476621e+03
6068.2745 2.446916e+03 2.447012e+03
6069.5012 2.550454e+03 2.550521e+03
6070.7278 2.534564e+03 2.534604e+03
6071.9544 2.531791e+03 2.531811e+03
6073.1810 2.617231e+03 2.617238e+03
6074.4076 2.806550e+03 2.806551e+03
6075.6342 2.948878e+03 2.948878e+03
6076.8608 2.877756e+03 2.877763e+03
6078.0874 2.920383e+03 2.920404e+03
6079.3140 2.799303e+03 2.799344e+03
6080.5406 2.623390e+03 2.623455e+03
6081.7672 2.709888e+03 2.709988e+03
6082.9938 2.588315e+03 2.588449e+03
6084.2204 2.507480e+03 2.507654e+03
6085.4470 2.519840e+03 2.520064e+03
6086.6737 2.466708e+03 2.466983e+03
6087.9003 2.434734e+03 2.435066e+03
6089.1269 2.406294e+03 2.406688e+03
6090.3535 2.436554e+03 2.437025e+03
6091.5801 2.465150e+03 2.465706e+03
6092.8067 2.467755e+03 2.468396e+03
6094.0333 2.396512e+03 2.397224e+03
6095.2599 2.428004e+03 2.428821e+03
6096.4865 2.452027e+03 2.452955e+03
6097.7131 2.373419e+03 2.374422e+03
6098.9397 2.346367e+03 2.347468e+03
6100.1663 2.414801e+03 2.416053e+03
6101.3929 2.392938e+03 2.394301e+03
6102.6196 2.456037e+03 2.457569e+03
6103.8462 2.454217e+03 2.455885e+03
6105.0728 2.489549e+03 2.491387e+03
6106.2994 2.426535e+03 2.428474e+03
6107.5260 2.442438e+03 2.444544e+03
6108.7526 2.417976e+03 2.420220e+03
6109.9792 2.467920e+03 2.470378e+03
6111.2058 2.498015e+03 2.500678e+03
6112.4324 2.493539e+03 2.496378e+03
6113.6590 2.407612e+03 2.410534e+03
6114.8856 2.370563e+03 2.373623e+03
6116.1122 2.401406e+03 2.404697e+03
6117.3388 2.477518e+03 2.481115e+03
6118.5655 2.525315e+03 2.529194e+03
6119.7921 2.473878e+03 2.477891e+03
6121.0187 2.560531e+03 2.564911e+03
6122.2453 2.441074e+03 2.445471e+03
6123.4719 2.519774e+03 2.524548e+03
6124.6985 2.561072e+03 2.566168e+03
6125.9251 2.469887e+03 2.475042e+03
6127.1517 2.451367e+03 2.456727e+03
6128.3783 2.449876e+03 2.455483e+03
6129.6049 2.488801e+03 2.494756e+03
6130.8315 2.587896e+03 2.594363e+03
6132.0581 2.543255e+03 2.549886e+03
6133.2847 2.461916e+03 2.468607e+03
6134.5113 2.453768e+03 2.460713e+03
6135.7380 2.421097e+03 2.428229e+03
6136.9646 2.504212e+03 2.511881e+03
6138.1912 2.428258e+03 2.435984e+03
6139.4178 2.447578e+03 2.455663e+03
6140.6444 2.478848e+03 2.487342e+03
6141.8710 2.493634e+03 2.502491e+03
6143.0976 2.642680e+03 2.652404e+03
6144.3242 2.584583e+03 2.594429e+03
6145.5508 2.406410e+03 2.415895e+03
6146.7774 2.529954e+03 2.540264e+03
6148.0040 2.574638e+03 2.585479e+03
6149.2306 2.572424e+03 2.583611e+03
6150.4572 2.498070e+03 2.509283e+03
6151.6839 2.572974e+03 2.584890e+03
6152.9105 2.482483e+03 2.494337e+03
6154.1371 2.518785e+03 2.531180e+03
6155.3637 2.450563e+03 2.462985e+03
6156.5903 2.526383e+03 2.539568e+03
6157.8169 2.392845e+03 2.405697e+03
6159.0435 2.467284e+03 2.480916e+03
6160.2701 2.581509e+03 2.596174e+03
6161.4967 2.519407e+03 2.534118e+03
6162.7233 2.470841e+03 2.485663e+03
6163.9499 2.568127e+03 2.583948e+03
6165.1765 2.524769e+03 2.540737e+03
6166.4031 2.531114e+03 2.547541e+03
6167.6298 2.611727e+03 2.629115e+03
6168.8564 2.533315e+03 2.550609e+03
6170.0830 2.479811e+03 2.497165e+03
6171.3096 2.455592e+03 2.473202e+03
6172.5362 2.597027e+03 2.616105e+03
6173.7628 2.434245e+03 2.452558e+03
6174.9894 2.552610e+03 2.572271e+03
6176.2160 2.489343e+03 2.508965e+03
6177.4426 2.526010e+03 2.546382e+03
6178.6692 2.595351e+03 2.616760e+03
6179.8958 2.575319e+03 2.597042e+03
6181.1224 2.524282e+03 2.546048e+03
6182.3490 2.451951e+03 2.473558e+03
6183.5756 2.625248e+03 2.648884e+03
6184.8023 2.654641e+03 2.679054e+03
6186.0289 2.579448e+03 2.603672e+03
6187.2555 2.599740e+03 2.624666e+03
6188.4821 2.594960e+03 2.620354e+03
6189.7087 2.581834e+03 2.607616e+03
6190.9353 2.574907e+03 2.601139e+03
6192.1619 2.559002e+03 2.585592e+03
6193.3885 2.550194e+03 2.577215e+03
6194.6151 2.576525e+03 2.604357e+03
6195.8417 2.624859e+03 2.653760e+03
6197.0683 2.639802e+03 2.669422e+03
6198.2949 2.593620e+03 2.623270e+03
6199.5215 2.596031e+03 2.626262e+03
6200.7482 2.598441e+03 2.629258e+03
6201.9748 2.600844e+03 2.632252e+03
6203.2014 2.603242e+03 2.635248e+03
6204.4280 2.605633e+03 2.638240e+03
6205.6546 2.608024e+03 2.641237e+03
6206.8812 2.610406e+03 2.644230e+03
6208.1078 2.612785e+03 2.647226e+03
6209.3344 2.615160e+03 2.650222e+03
6210.5610 2.617528e+03 2.653217e+03
6211.7876 2.619892e+03 2.656213e+03
6213.0142 2.622252e+03 2.659209e+03
6214.2408 2.624606e+03 2.662204e+03
6215.4674 2.626956e+03 2.665200e+03
6216.6941 2.629301e+03 2.668196e+03
6217.9207 2.631641e+03 2.671192e+03
6219.1473 2.633977e+03 2.674188e+03
6220.3739 2.636308e+03 2.677185e+03
6221.6005 2.638634e+03 2.680181e+03
6222.8271 2.640954e+03 2.683176e+03
6224.0537 2.643273e+03 2.686174e+03
6225.2803 2.645586e+03 2.689171e+03
6226.5069 2.647894e+03 2.692168e+03
6227.7335 2.650198e+03 2.695165e+03
6228.9601 2.652497e+03 2.698162e+03
6230.1867 2.654792e+03 2.701160e+03
6231.4133 2.657082e+03 2.704156e+03
6232.6399 2.659370e+03 2.707156e+03
6233.8666 2.661649e+03 2.710151e+03
6235.0932 2.663927e+03 2.713150e+03
6236.3198 2.666200e+03 2.716147e+03
6237.5464 2.668468e+03 2.719146e+03
6238.7730 2.670734e+03 2.722145e+03
6239.9996 2.672994e+03 2.725143e+03
6241.2262 2.675250e+03 2.728141e+03
6242.4528 2.677501e+03 2.731139e+03
6243.6794 2.679751e+03 2.734140e+03
6244.9060 2.681993e+03 2.737137e+03
6246.1326 2.684233e+03 2.740136e+03
6247.3592 2.686468e+03 2.743135e+03
6248.5858 2.688698e+03 2.746133e+03
6249.8125 2.690927e+03 2.749132e+03
6251.0391 2.693151e+03 2.752132e+03
6252.2657 2.695371e+03 2.755132e+03
6253.4923 2.697586e+03 2.758132e+03
6254.7189 2.699799e+03 2.761132e+03
6255.9455 2.702007e+03 2.764131e+03
6257.1721 2.704211e+03 2.767131e+03
6258.3987 2.706412e+03 2.770132e+03
6259.6253 2.708608e+03 2.773131e+03
6260.8519 2.710800e+03 2.776131e+03
6262.0785 2.712990e+03 2.779132e+03
6263.3051 2.715177e+03 2.782133e+03
6264.5317 2.717358e+03 2.785133e+03
6265.7584 2.719538e+03 2.788135e+03
6266.9850 2.723766e+03 2.793241e+03
6268.2116 2.761727e+03 2.832956e+03
6269.4382 2.850480e+03 2.924811e+03
6270.6648 2.805120e+03 2.879069e+03
6271.8914 2.764405e+03 2.838074e+03
6273.1180 2.829909e+03 2.906137e+03
6274.3446 2.780435e+03 2.856133e+03
6275.5712 2.681808e+03 2.755597e+03
6276.7978 2.646228e+03 2.719806e+03
6278.0244 2.646087e+03 2.720431e+03
6279.2510 2.703405e+03 2.780147e+03
6280.4776 2.770749e+03 2.850214e+03
6281.7042 2.751462e+03 2.831181e+03
6282.9309 2.734407e+03 2.814436e+03
6284.1575 2.713127e+03 2.793333e+03
6285.3841 2.727108e+03 2.808533e+03
6286.6107 2.827425e+03 2.912683e+03
6287.8373 2.783756e+03 2.868523e+03
6289.0639 2.736809e+03 2.820961e+03
6290.2905 2.814988e+03 2.902383e+03
6291.5171 2.713390e+03 2.798442e+03
6292.7437 2.758932e+03 2.846238e+03
6293.9703 2.710820e+03 2.797417e+03
6295.1969 2.806958e+03 2.897471e+03
6296.4235 2.862472e+03 2.955637e+03
6297.6501 2.415172e+03 2.494508e+03
6298.8768 2.383949e+03 2.462980e+03
6300.1034 2.365584e+03 2.444723e+03
6301.3300 2.271710e+03 2.348398e+03
6302.5566 2.169093e+03 2.242977e+03
6303.7832 2.431897e+03 2.515473e+03
6305.0098 1.636810e+03 1.693561e+03
6306.2364 2.267561e+03 2.346873e+03
6307.4630 2.856381e+03 2.957163e+03
6308.6896 2.831483e+03 2.932254e+03
6309.9162 2.765854e+03 2.865138e+03
6311.1428 2.876789e+03 2.980939e+03
6312.3694 2.824604e+03 2.927734e+03
6313.5960 2.823753e+03 2.927722e+03
6314.8227 2.888658e+03 2.995908e+03
6316.0493 2.733427e+03 2.835757e+03
6317.2759 2.764733e+03 2.869090e+03
6318.5025 2.914810e+03 3.025734e+03
6319.7291 2.875868e+03 2.986201e+03
6320.9557 2.888155e+03 2.999855e+03
6322.1823 2.941194e+03 3.055859e+03
6323.4089 2.919465e+03 3.034189e+03
6324.6355 2.816819e+03 2.928386e+03
6325.8621 2.869882e+03 2.984443e+03
6327.0887 2.831730e+03 2.945650e+03
6328.3153 2.840165e+03 2.955309e+03
6329.5419 2.903113e+03 3.021715e+03
6330.7685 2.853074e+03 2.970522e+03
6331.9952 2.858929e+03 2.977511e+03
6333.2218 2.948648e+03 3.071872e+03
6334.4484 2.983507e+03 3.109120e+03
6335.6750 2.928684e+03 3.052905e+03
6336.9016 2.835060e+03 2.956196e+03
6338.1282 2.829269e+03 2.951042e+03
6339.3548 2.839027e+03 2.962109e+03
6340.5814 2.894761e+03 3.021165e+03
6341.8080 2.922970e+03 3.051521e+03
6343.0346 2.854399e+03 2.980828e+03
6344.2612 2.892101e+03 3.021105e+03
6345.4878 2.896610e+03 3.026722e+03
6346.7144 2.855705e+03 2.984874e+03
6347.9411 2.920879e+03 3.053911e+03
6349.1677 2.957658e+03 3.093291e+03
6350.3943 2.917059e+03 3.051744e+03
6351.6209 2.908513e+03 3.043713e+03
6352.8475 2.952499e+03 3.090667e+03
6354.0741 3.005589e+03 3.147182e+03
6355.3007 3.100907e+03 3.247960e+03
6356.5273 3.241592e+03 3.396330e+03
6357.7539 3.367982e+03 3.529805e+03
6358.9805 3.317847e+03 3.478298e+03
6360.2071 2.814556e+03 2.951546e+03
6361.4337 2.722560e+03 2.855922e+03
6362.6603 2.774156e+03 2.910910e+03
6363.8870 2.949427e+03 3.095740e+03
6365.1136 2.862505e+03 3.005396e+03
6366.3402 2.705542e+03 2.841439e+03
6367.5668 2.781229e+03 2.921794e+03
6368.7934 2.795106e+03 2.937239e+03
6370.0200 3.062156e+03 3.218819e+03
6371.2466 3.062641e+03 3.220278e+03
6372.4732 2.972074e+03 3.125971e+03
6373.6998 2.987712e+03 3.143342e+03
6374.9264 3.029936e+03 3.188702e+03
6376.1530 2.934759e+03 3.089444e+03
6377.3796 2.954094e+03 3.110708e+03
6378.6062 3.007301e+03 3.167662e+03
6379.8328 3.036842e+03 3.199712e+03
6381.0595 3.119657e+03 3.287927e+03
6382.2861 2.939884e+03 3.099358e+03
6383.5127 2.915840e+03 3.074903e+03
6384.7393 3.019134e+03 3.184756e+03
6385.9659 2.970041e+03 3.133876e+03
6387.1925 2.937779e+03 3.100730e+03
6388.4191 2.970792e+03 3.136478e+03
6389.6457 3.042933e+03 3.213567e+03
6390.8723 3.030772e+03 3.201644e+03
6392.0989 3.083551e+03 3.258332e+03
6393.3255 3.036313e+03 3.209333e+03
6394.5521 2.995297e+03 3.166884e+03
6395.7787 2.959486e+03 3.129912e+03
6397.0054 2.978361e+03 3.150769e+03
6398.2320 3.030999e+03 3.207363e+03
6399.4586 3.047371e+03 3.225600e+03
6400.6852 3.019532e+03 3.197034e+03
6401.9118 2.986015e+03 3.162436e+03
6403.1384 3.068663e+03 3.250879e+03
6404.3650 3.085904e+03 3.270059e+03
6405.5916 3.111428e+03 3.298028e+03
6406.8182 3.125073e+03 3.313414e+03
6408.0448 3.065578e+03 3.251235e+03
6409.2714 3.013268e+03 3.196642e+03
6410.4980 2.993722e+03 3.176784e+03
6411.7246 3.131264e+03 3.323651e+03
6412.9513 3.143215e+03 3.337253e+03
6414.1779 3.035385e+03 3.223648e+03
6415.4045 3.118244e+03 3.312550e+03
6416.6311 3.238808e+03 3.441563e+03
6417.8577 3.232487e+03 3.435778e+03
6419.0843 3.187782e+03 3.389177e+03
6420.3109 3.114280e+03 3.311924e+03
6421.5375 3.045878e+03 3.240051e+03
6422.7641 3.053830e+03 3.249379e+03
6423.9907 3.114975e+03 3.315323e+03
6425.2173 3.152499e+03 3.356153e+03
6426.4439 3.175005e+03 3.381008e+03
6427.6705 3.127965e+03 3.331796e+03
6428.8971 3.066505e+03 3.267189e+03
6430.1238 3.067524e+03 3.269132e+03
6431.3504 3.054473e+03 3.256072e+03
6432.5770 3.065367e+03 3.268535e+03
6433.8036 3.080275e+03 3.285281e+03
6435.0302 3.097087e+03 3.304064e+03
6436.2568 3.058965e+03 3.264234e+03
6437.4834 3.158191e+03 3.370980e+03
6438.7100 3.177545e+03 3.392503e+03
6439.9366 3.137813e+03 3.350933e+03
6441.1632 3.226655e+03 3.446680e+03
6442.3898 3.107010e+03 3.319712e+03
6443.6164 3.138855e+03 3.354578e+03
6444.8430 3.143656e+03 3.360546e+03
6446.0697 3.224122e+03 3.447420e+03
6447.2963 3.226461e+03 3.450773e+03
6448.5229 3.035587e+03 3.247429e+03
6449.7495 3.161910e+03 3.383396e+03
6450.9761 3.218798e+03 3.445107e+03
6452.2027 3.077555e+03 3.294733e+03
6453.4293 3.036383e+03 3.251440e+03
6454.6559 3.138213e+03 3.361290e+03
6455.8825 3.145138e+03 3.369512e+03
6457.1091 3.060528e+03 3.279646e+03
6458.3357 3.061910e+03 3.281902e+03
6459.5623 3.086362e+03 3.308889e+03
6460.7889 3.064388e+03 3.286101e+03
6462.0156 3.081800e+03 3.305541e+03
6463.2422 3.074030e+03 3.297971e+03
6464.4688 3.090217e+03 3.316101e+03
6465.6954 3.095041e+03 3.322038e+03
6466.9220 3.150232e+03 3.382046e+03
6468.1486 3.092545e+03 3.320866e+03
6469.3752 2.963175e+03 3.182661e+03
6470.6018 2.984990e+03 3.206809e+03
6471.8284 3.092106e+03 3.322624e+03
6473.0550 2.986335e+03 3.209677e+03
6474.2816 2.907618e+03 3.125760e+03
6475.5082 2.972854e+03 3.196588e+03
6476.7348 3.048919e+03 3.279089e+03
6477.9614 3.056375e+03 3.287816e+03
6479.1881 3.033331e+03 3.263727e+03
6480.4147 3.041176e+03 3.272864e+03
6481.6413 2.983133e+03 3.211079e+03
6482.8679 3.025948e+03 3.257850e+03
6484.0945 3.001714e+03 3.232432e+03
6485.3211 3.006642e+03 3.238410e+03
6486.5477 3.107508e+03 3.347740e+03
6487.7743 3.016224e+03 3.250063e+03
6489.0009 2.993968e+03 3.226736e+03
6490.2275 3.006737e+03 3.241150e+03
6491.4541 3.088368e+03 3.329811e+03
6492.6807 3.005674e+03 3.241294e+03
6493.9073 3.007685e+03 3.244102e+03
6495.1340 3.156340e+03 3.405107e+03
6496.3606 3.071156e+03 3.313853e+03
6497.5872 3.083933e+03 3.328280e+03
6498.8138 3.022932e+03 3.263068e+03
6500.0404 3.138233e+03 3.388170e+03
6501.2670 3.228133e+03 3.485885e+03
6502.4936 3.175087e+03 3.429242e+03
6503.7202 3.076368e+03 3.323235e+03
6504.9468 3.134431e+03 3.386578e+03
6506.1734 3.000569e+03 3.242536e+03
6507.4000 2.981565e+03 3.222580e+03
6508.6266 3.120832e+03 3.373707e+03
6509.8532 3.061633e+03 3.310297e+03
6511.0799 3.039371e+03 3.286803e+03
6512.3065 3.145764e+03 3.402448e+03
6513.5331 3.054464e+03 3.304267e+03
6514.7597 3.050885e+03 3.300958e+03
6515.9863 3.065071e+03 3.316867e+03
6517.2129 3.133733e+03 3.391736e+03
6518.4395 3.135340e+03 3.394038e+03
6519.6661 3.141612e+03 3.401385e+03
6520.8927 3.050718e+03 3.303512e+03
6522.1193 3.033772e+03 3.285689e+03
6523.3459 3.037440e+03 3.290185e+03
6524.5725 3.123682e+03 3.384136e+03
6525.7991 3.215715e+03 3.484385e+03
6527.0257 3.205312e+03 3.473647e+03
6528.2524 3.171485e+03 3.437512e+03
6529.4790 3.135965e+03 3.399525e+03
6530.7056 3.179935e+03 3.447704e+03
6531.9322 3.173293e+03 3.441010e+03
6533.1588 3.099705e+03 3.361703e+03
6534.3854 3.056184e+03 3.314980e+03
6535.6120 2.954260e+03 3.204881e+03
6536.8386 2.947699e+03 3.198212e+03
6538.0652 3.027875e+03 3.285658e+03
6539.2918 3.075161e+03 3.337427e+03
6540.5184 3.001183e+03 3.257581e+03
6541.7450 2.919474e+03 3.169314e+03
6542.9716 2.985331e+03 3.241234e+03
6544.1983 3.049431e+03 3.311260e+03
6545.4249 3.099457e+03 3.366012e+03
6546.6515 3.051985e+03 3.314877e+03
6547.8781 3.081281e+03 3.347115e+03
6549.1047 3.006221e+03 3.265981e+03
6550.3313 2.905273e+03 3.156693e+03
6551.5579 3.058717e+03 3.323813e+03
6552.7845 2.965984e+03 3.223423e+03
6554.0111 2.933512e+03 3.188502e+03
6555.2377 2.971721e+03 3.230401e+03
6556.4643 3.029399e+03 3.293470e+03
6557.6909 3.019140e+03 3.282680e+03
6558.9175 2.983647e+03 3.244441e+03
6560.1442 3.070376e+03 3.339109e+03
6561.3708 3.073153e+03 3.342480e+03
6562.5974 3.027462e+03 3.293125e+03
6563.8240 2.934864e+03 3.192726e+03
6565.0506 3.070114e+03 3.340193e+03
6566.2772 3.083818e+03 3.355432e+03
6567.5038 2.963844e+03 3.225201e+03
6568.7304 3.043070e+03 3.311726e+03
6569.9570 3.084775e+03 3.357424e+03
6571.1836 2.983772e+03 3.247788e+03
6572.4102 3.002753e+03 3.268739e+03
6573.6368 3.018796e+03 3.286489e+03
6574.8634 2.936787e+03 3.197480e+03
6576.0900 2.936722e+03 3.197677e+03
6577.3167 3.026703e+03 3.295922e+03
6578.5433 3.121238e+03 3.399138e+03
6579.7699 3.076687e+03 3.350882e+03
6580.9965 3.078199e+03 3.352784e+03
6582.2231 3.097695e+03 3.374270e+03
6583.4497 3.112420e+03 3.390555e+03
6584.6763 3.044791e+03 3.317116e+03
6585.9029 3.018503e+03 3.288704e+03
6587.1295 3.094174e+03 3.371374e+03
6588.3561 3.024920e+03 3.296131e+03
6589.5827 2.996104e+03 3.264938e+03
6590.8093 2.994743e+03 3.263655e+03
6592.0359 2.960965e+03 3.227037e+03
6593.2626 3.088481e+03 3.366205e+03
6594.4892 3.123562e+03 3.404631e+03
6595.7158 3.089868e+03 3.368087e+03
6596.9424 3.077131e+03 3.354379e+03
6598.1690 2.992122e+03 3.261875e+03
6599.3956 3.055292e+03 3.330902e+03
6600.6222 3.114640e+03 3.395762e+03
6601.8488 3.031965e+03 3.305774e+03
6603.0754 3.147392e+03 3.431772e+03
6604.3020 2.974381e+03 3.243262e+03
6605.5286 3.001795e+03 3.273284e+03
6606.7552 3.041431e+03 3.316628e+03
6607.9818 3.015635e+03 3.288616e+03
6609.2085 2.973519e+03 3.242798e+03
6610.4351 2.961999e+03 3.230337e+03
6611.6617 2.984962e+03 3.255479e+03
6612.8883 3.118528e+03 3.401246e+03
6614.1149 3.036784e+03 3.312180e+03
6615.3415 3.005851e+03 3.278522e+03
6616.5681 3.083315e+03 3.363091e+03
6617.7947 3.071101e+03 3.349839e+03
6619.0213 3.047631e+03 3.324302e+03
6620.2479 3.049370e+03 3.326257e+03
6621.4745 2.994392e+03 3.266337e+03
6622.7011 3.042390e+03 3.318740e+03
6623.9277 2.957540e+03 3.226221e+03
6625.1543 3.028588e+03 3.303757e+03
6626.3810 3.087893e+03 3.368479e+03
6627.6076 3.072858e+03 3.352100e+03
6628.8342 3.052583e+03 3.329998e+03
6630.0608 3.102400e+03 3.384353e+03
6631.2874 3.033706e+03 3.309419e+03
6632.5140 2.985081e+03 3.256372e+03
6633.7406 3.027269e+03 3.302386e+03
6634.9672 2.997444e+03 3.269837e+03
6636.1938 3.048559e+03 3.325577e+03
6637.4204 3.015694e+03 3.289699e+03
6638.6470 3.018065e+03 3.292254e+03
6639.8736 3.023712e+03 3.298377e+03
6641.1002 2.932667e+03 3.199019e+03
6642.3269 2.939274e+03 3.206178e+03
6643.5535 3.072882e+03 3.351863e+03
6644.7801 3.081155e+03 3.360825e+03
6646.0067 3.109787e+03 3.391988e+03
6647.2333 2.987022e+03 3.258010e+03
6648.4599 2.867406e+03 3.127468e+03
6649.6865 3.054762e+03 3.331731e+03
6650.9131 2.958882e+03 3.227070e+03
6652.1397 2.871624e+03 3.131813e+03
6653.3663 2.854215e+03 3.112731e+03
6654.5929 2.923285e+03 3.187954e+03
6655.8195 2.940388e+03 3.206497e+03
6657.0461 3.006240e+03 3.278190e+03
6658.2728 3.041551e+03 3.316571e+03
6659.4994 3.049395e+03 3.324994e+03
6660.7260 2.996807e+03 3.267520e+03
6661.9526 2.996188e+03 3.266705e+03
6663.1792 2.974736e+03 3.243173e+03
6664.4058 3.022856e+03 3.295484e+03
6665.6324 3.037695e+03 3.311503e+03
6666.8590 3.025850e+03 3.298428e+03
6668.0856 2.985933e+03 3.254750e+03
6669.3122 2.998808e+03 3.268611e+03
6670.5388 3.077693e+03 3.354412e+03
6671.7654 2.962266e+03 3.228427e+03
6672.9920 3.005584e+03 3.275449e+03
6674.2186 2.969626e+03 3.236070e+03
6675.4453 2.936803e+03 3.200108e+03
6676.6719 3.059626e+03 3.333734e+03
6677.8985 3.060767e+03 3.334764e+03
6679.1251 3.005249e+03 3.274062e+03
6680.3517 2.936264e+03 3.198692e+03
6681.5783 2.945974e+03 3.209048e+03
6682.8049 2.899589e+03 3.158299e+03
6684.0315 2.883215e+03 3.140239e+03
6685.2581 2.935302e+03 3.196734e+03
6686.4847 2.793201e+03 3.041749e+03
6687.7113 2.746935e+03 2.991136e+03
6688.9379 2.889968e+03 3.146640e+03
6690.1645 2.829947e+03 3.081042e+03
6691.3912 2.925960e+03 3.185315e+03
6692.6178 2.840345e+03 3.091857e+03
6693.8444 2.799317e+03 3.046939e+03
6695.0710 2.909494e+03 3.166591e+03
6696.2976 2.940488e+03 3.200045e+03
6697.5242 2.948511e+03 3.208492e+03
6698.7508 2.902439e+03 3.158073e+03
6699.9774 2.857569e+03 3.108966e+03
6701.2040 2.821784e+03 3.069748e+03
6702.4306 2.803054e+03 3.049083e+03
6703.6572 2.907291e+03 3.162167e+03
6704.8838 2.937726e+03 3.194958e+03
6706.1104 2.963065e+03 3.222199e+03
6707.3371 2.887098e+03 3.139273e+03
6708.5637 2.850201e+03 3.098839e+03
6709.7903 2.842771e+03 3.090443e+03
6711.0169 2.882303e+03 3.133093e+03
6712.2435 2.905916e+03 3.158427e+03
6713.4701 3.148367e+03 3.421580e+03
6714.6967 3.533076e+03 3.839258e+03
6715.9233 4.705676e+03 5.112916e+03
6717.1499 5.036600e+03 5.471872e+03
6718.3765 4.290399e+03 4.660660e+03
6719.6031 4.007465e+03 4.352814e+03
6720.8297 3.527394e+03 3.830933e+03
6722.0563 3.026694e+03 3.286765e+03
6723.2829 2.730693e+03 2.964981e+03
6724.5096 2.787207e+03 3.025986e+03
6725.7362 2.888852e+03 3.135962e+03
6726.9628 2.880900e+03 3.126952e+03
6728.1894 2.815258e+03 3.055330e+03
6729.4160 2.935226e+03 3.185134e+03
6730.6426 2.871409e+03 3.115495e+03
6731.8692 2.791936e+03 3.028885e+03
6733.0958 2.832406e+03 3.072398e+03
6734.3224 2.863176e+03 3.105377e+03
6735.5490 2.950320e+03 3.199480e+03
6736.7756 3.009570e+03 3.263307e+03
6738.0022 3.065025e+03 3.323000e+03
6739.2288 3.042728e+03 3.298388e+03
6740.4555 2.725106e+03 2.953683e+03
6741.6821 2.854649e+03 3.093674e+03
6742.9087 2.839721e+03 3.077078e+03
6744.1353 2.772407e+03 3.003725e+03
6745.3619 2.873326e+03 3.112635e+03
6746.5885 2.795530e+03 3.027937e+03
6747.8151 2.791520e+03 3.023170e+03
6749.0417 2.775059e+03 3.004918e+03
6750.2683 2.834168e+03 3.068488e+03
6751.4949 2.802672e+03 3.033952e+03
6752.7215 2.850481e+03 3.085261e+03
6753.9481 2.729602e+03 2.953998e+03
6755.1747 2.762580e+03 2.989250e+03
6756.4014 2.820706e+03 3.051697e+03
6757.6280 2.718315e+03 2.940486e+03
6758.8546 2.782431e+03 3.009394e+03
6760.0812 2.767319e+03 2.992601e+03
6761.3078 2.814166e+03 3.042803e+03
6762.5344 2.847488e+03 3.078366e+03
6763.7610 2.853578e+03 3.084480e+03
6764.9876 2.809968e+03 3.036875e+03
6766.2142 2.852688e+03 3.082570e+03
6767.4408 2.899324e+03 3.132480e+03
6768.6674 2.857420e+03 3.086726e+03
6769.8940 2.910816e+03 3.143916e+03
6771.1206 2.832011e+03 3.058319e+03
6772.3472 2.886899e+03 3.117101e+03
6773.5739 2.868393e+03 3.096628e+03
6774.8005 3.016486e+03 3.255986e+03
6776.0271 2.896611e+03 3.126093e+03
6777.2537 2.843915e+03 3.068728e+03
6778.4803 2.898593e+03 3.127225e+03
6779.7069 2.911755e+03 3.140916e+03
6780.9335 3.002587e+03 3.238369e+03
6782.1601 3.515342e+03 3.790770e+03
6783.3867 5.538794e+03 5.971781e+03
6784.6133 9.343668e+03 1.007244e+04
6785.8399 1.285263e+04 1.385279e+04
6787.0665 1.462606e+04 1.576162e+04
6788.2931 1.462174e+04 1.575435e+04
6789.5198 1.350711e+04 1.455095e+04
6790.7464 1.175424e+04 1.266050e+04
6791.9730 9.937769e+03 1.070218e+04
6793.1996 8.054038e+03 8.672096e+03
6794.4262 5.818292e+03 6.263724e+03
6795.6528 4.043604e+03 4.352435e+03
6796.8794 3.200080e+03 3.443902e+03
6798.1060 2.947209e+03 3.171225e+03
6799.3326 2.851350e+03 3.067557e+03
6800.5592 2.847268e+03 3.062642e+03
6801.7858 2.798942e+03 3.010146e+03
6803.0124 2.795095e+03 3.005492e+03
6804.2390 2.838404e+03 3.051537e+03
6805.4657 2.932425e+03 3.152076e+03
6806.6923 2.967335e+03 3.189050e+03
6807.9189 3.001266e+03 3.224959e+03
6809.1455 3.116172e+03 3.347850e+03
6810.3721 2.973183e+03 3.193676e+03
6811.5987 2.917785e+03 3.133626e+03
6812.8253 2.828399e+03 3.037100e+03
6814.0519 2.881137e+03 3.093191e+03
6815.2785 2.777717e+03 2.981641e+03
6816.5051 2.794435e+03 2.999063e+03
6817.7317 2.675438e+03 2.870852e+03
6818.9583 2.630285e+03 2.821907e+03
6820.1849 2.702502e+03 2.898879e+03
6821.4115 2.719569e+03 2.916676e+03
6822.6382 2.674514e+03 2.867854e+03
6823.8648 2.693530e+03 2.887740e+03
6825.0914 2.779606e+03 2.979500e+03
6826.3180 2.666783e+03 2.858063e+03
6827.5446 2.712090e+03 2.906111e+03
6828.7712 2.638360e+03 2.826612e+03
6829.9978 2.574624e+03 2.757846e+03
6831.2244 2.556852e+03 2.738330e+03
6832.4510 2.596346e+03 2.780141e+03
6833.6776 2.593052e+03 2.776129e+03
6834.9042 2.579620e+03 2.761265e+03
6836.1308 2.483756e+03 2.658188e+03
6837.3574 2.569032e+03 2.748972e+03
6838.5841 2.535808e+03 2.712948e+03
6839.8107 2.599965e+03 2.781103e+03
6841.0373 2.683615e+03 2.870081e+03
6842.2639 2.678638e+03 2.864261e+03
6843.4905 2.619284e+03 2.800307e+03
6844.7171 2.604358e+03 2.783868e+03
6845.9437 2.564196e+03 2.740463e+03
6847.1703 2.595016e+03 2.772923e+03
6848.3969 2.619872e+03 2.799000e+03
6849.6235 2.602558e+03 2.780024e+03
6850.8501 2.777895e+03 2.966807e+03
6852.0767 3.040782e+03 3.247016e+03
6853.3033 2.943179e+03 3.142255e+03
6854.5300 2.888624e+03 3.083483e+03
6855.7566 2.846535e+03 3.038039e+03
6856.9832 2.838634e+03 3.029092e+03
6858.2098 2.834632e+03 3.024309e+03
6859.4364 2.710281e+03 2.891148e+03
6860.6630 2.532263e+03 2.700795e+03
6861.8896 2.329498e+03 2.484119e+03
6863.1162 2.375321e+03 2.532560e+03
6864.3428 2.191832e+03 2.336534e+03
6865.5694 2.160206e+03 2.302438e+03
6866.7960 2.004929e+03 2.136583e+03
6868.0226 1.918984e+03 2.044656e+03
6869.2492 1.818281e+03 1.937040e+03
6870.4758 1.956934e+03 2.084407e+03
6871.7025 1.923691e+03 2.048665e+03
6872.9291 1.968254e+03 2.095782e+03
6874.1557 1.937641e+03 2.062852e+03
6875.3823 1.971069e+03 2.098102e+03
6876.6089 2.095219e+03 2.229896e+03
6877.8355 2.215548e+03 2.357583e+03
6879.0621 2.269293e+03 2.414390e+03
6880.2887 2.303043e+03 2.449911e+03
6881.5153 2.351928e+03 2.501521e+03
6882.7419 2.284146e+03 2.429047e+03
6883.9685 2.266003e+03 2.409378e+03
6885.1951 2.278967e+03 2.422788e+03
6886.4217 2.284808e+03 2.428624e+03
6887.6484 2.184500e+03 2.321647e+03
6888.8750 2.206836e+03 2.345029e+03
6890.1016 2.167949e+03 2.303359e+03
6891.3282 2.187097e+03 2.323354e+03
6892.5548 2.246534e+03 2.386139e+03
6893.7814 2.256531e+03 2.396403e+03
6895.0080 2.217525e+03 2.354632e+03
6896.2346 2.347284e+03 2.492051e+03
6897.4612 2.356625e+03 2.501605e+03
6898.6878 2.299473e+03 2.440585e+03
6899.9144 2.320154e+03 2.462184e+03
6901.1410 2.273414e+03 2.412242e+03
6902.3676 2.245794e+03 2.382601e+03
6903.5943 2.412885e+03 2.559513e+03
6904.8209 2.391675e+03 2.536664e+03
6906.0475 2.402543e+03 2.547842e+03
6907.2741 2.430613e+03 2.577260e+03
6908.5007 2.369610e+03 2.512238e+03
6909.7273 2.411376e+03 2.556177e+03
6910.9539 2.434105e+03 2.579931e+03
6912.1805 2.417937e+03 2.562459e+03
6913.4071 2.426538e+03 2.571241e+03
6914.6337 2.326924e+03 2.465371e+03
6915.8603 2.340666e+03 2.479616e+03
6917.0869 2.426767e+03 2.570506e+03
6918.3135 2.447064e+03 2.591685e+03
6919.5401 2.456186e+03 2.601027e+03
6920.7668 2.374643e+03 2.514371e+03
6921.9934 2.355413e+03 2.493711e+03
6923.2200 2.232742e+03 2.363558e+03
6924.4466 2.233999e+03 2.364612e+03
6925.6732 2.294570e+03 2.428445e+03
6926.8998 2.257013e+03 2.388425e+03
6928.1264 2.315766e+03 2.450324e+03
6929.3530 2.407511e+03 2.547118e+03
6930.5796 2.391895e+03 2.530321e+03
6931.8062 2.503416e+03 2.648011e+03
6933.0328 2.459215e+03 2.600982e+03
6934.2594 2.377986e+03 2.514808e+03
6935.4860 2.354209e+03 2.489408e+03
6936.7127 2.321755e+03 2.454842e+03
6937.9393 2.268048e+03 2.397819e+03
6939.1659 2.321898e+03 2.454511e+03
6940.3925 2.375308e+03 2.510731e+03
6941.6191 2.506116e+03 2.648747e+03
6942.8457 2.481697e+03 2.622696e+03
6944.0723 2.554219e+03 2.699094e+03
6945.2989 2.739406e+03 2.894529e+03
6946.5255 2.758368e+03 2.914312e+03
6947.7521 2.640139e+03 2.789161e+03
6948.9787 2.687988e+03 2.839474e+03
6950.2053 2.592024e+03 2.737880e+03
6951.4319 2.572462e+03 2.717000e+03
6952.6586 2.506321e+03 2.646938e+03
6953.8852 2.474124e+03 2.612737e+03
6955.1118 2.392275e+03 2.526116e+03
6956.3384 2.317892e+03 2.447396e+03
6957.5650 2.367884e+03 2.500007e+03
6958.7916 2.514233e+03 2.654343e+03
6960.0182 2.651578e+03 2.799157e+03
6961.2448 2.613961e+03 2.759271e+03
6962.4714 2.725731e+03 2.877077e+03
6963.6980 2.641186e+03 2.787671e+03
6964.9246 2.603778e+03 2.748031e+03
6966.1512 2.611261e+03 2.755775e+03
6967.3778 2.630204e+03 2.775619e+03
6968.6044 2.582924e+03 2.725585e+03
6969.8311 2.555284e+03 2.696287e+03
6971.0577 2.400042e+03 2.532359e+03
6972.2843 2.341610e+03 2.470595e+03
6973.5109 2.375472e+03 2.506216e+03
6974.7375 2.409807e+03 2.542339e+03
6975.9641 2.476545e+03 2.612648e+03
6977.1907 2.461493e+03 2.596676e+03
6978.4173 2.316597e+03 2.443741e+03
6979.6439 2.400752e+03 2.532436e+03
6980.8705 2.429489e+03 2.562674e+03
6982.0971 2.415679e+03 2.548040e+03
6983.3237 2.385918e+03 2.516587e+03
6984.5503 2.327573e+03 2.454992e+03
6985.7770 2.301875e+03 2.427841e+03
6987.0036 2.402418e+03 2.533842e+03
6988.2302 2.391445e+03 2.522232e+03
6989.4568 2.383217e+03 2.513522e+03
6990.6834 2.394962e+03 2.525885e+03
6991.9100 2.335802e+03 2.463471e+03
6993.1366 2.306429e+03 2.432481e+03
6994.3632 2.234647e+03 2.356770e+03
6995.5898 2.326345e+03 2.453479e+03
6996.8164 2.277366e+03 2.401830e+03
6998.0430 2.337350e+03 2.465104e+03
6999.2696 2.358218e+03 2.487130e+03
7000.4962 2.358118e+03 2.487050e+03
7001.7229 2.298956e+03 2.424684e+03
7002.9495 2.322921e+03 2.449997e+03
7004.1761 2.271029e+03 2.395309e+03
7005.4027 2.302761e+03 2.428827e+03
7006.6293 2.322564e+03 2.449770e+03
7007.8559 2.338429e+03 2.466568e+03
7009.0825 2.293462e+03 2.419205e+03
7010.3091 2.263816e+03 2.388007e+03
7011.5357 2.284413e+03 2.409815e+03
7012.7623 2.281327e+03 2.406647e+03
7013.9889 2.215088e+03 2.336860e+03
7015.2155 2.257557e+03 2.381764e+03
7016.4421 2.296829e+03 2.423304e+03
7017.6687 2.253015e+03 2.377190e+03
7018.8954 2.241362e+03 2.365012e+03
7020.1220 2.314080e+03 2.441871e+03
7021.3486 2.256062e+03 2.380781e+03
7022.5752 2.368508e+03 2.499589e+03
7023.8018 2.348933e+03 2.479083e+03
7025.0284 2.340037e+03 2.469852e+03
7026.2550 2.241220e+03 2.365711e+03
7027.4816 2.273168e+03 2.399600e+03
7028.7082 2.340642e+03 2.471006e+03
7029.9348 2.443823e+03 2.580128e+03
7031.1614 2.329239e+03 2.459346e+03
7032.3880 2.301658e+03 2.430421e+03
7033.6146 2.376652e+03 2.509822e+03
7034.8413 2.361169e+03 2.493688e+03
7036.0679 2.287120e+03 2.415701e+03
7037.2945 2.259415e+03 2.386659e+03
7038.5211 2.270538e+03 2.398638e+03
7039.7477 2.255492e+03 2.382979e+03
7040.9743 2.295059e+03 2.425029e+03
7042.2009 2.294665e+03 2.424866e+03
7043.4275 2.302887e+03 2.433817e+03
7044.6541 2.324395e+03 2.456819e+03
7045.8807 2.314453e+03 2.446590e+03
7047.1073 2.326532e+03 2.459645e+03
7048.3339 2.281607e+03 2.412438e+03
7049.5605 2.262557e+03 2.392590e+03
7050.7872 2.285329e+03 2.416975e+03
7052.0138 2.308121e+03 2.441395e+03
7053.2404 2.278146e+03 2.410007e+03
7054.4670 2.307791e+03 2.441698e+03
7055.6936 2.322287e+03 2.457374e+03
7056.9202 2.201605e+03 2.330001e+03
7058.1468 2.218054e+03 2.347748e+03
7059.3734 2.326064e+03 2.462437e+03
7060.6000 2.332094e+03 2.469193e+03
7061.8266 2.203962e+03 2.333887e+03
7063.0532 2.239852e+03 2.372264e+03
7064.2798 2.284356e+03 2.419787e+03
7065.5064 2.307740e+03 2.444956e+03
7066.7330 2.212084e+03 2.344002e+03
7067.9597 2.175486e+03 2.305612e+03
7069.1863 2.238608e+03 2.372920e+03
7070.4129 2.313944e+03 2.453207e+03
7071.6395 2.290829e+03 2.429136e+03
7072.8661 2.352715e+03 2.495213e+03
7074.0927 2.350474e+03 2.493298e+03
7075.3193 2.173289e+03 2.305781e+03
7076.5459 2.204115e+03 2.338935e+03
7077.7725 2.269121e+03 2.408387e+03
7078.9991 2.269032e+03 2.408771e+03
7080.2257 2.365668e+03 2.511865e+03
7081.4523 2.364463e+03 2.511099e+03
7082.6789 2.345482e+03 2.491459e+03
7083.9056 2.386233e+03 2.535282e+03
7085.1322 2.312541e+03 2.457514e+03
7086.3588 2.270588e+03 2.413456e+03
7087.5854 2.235904e+03 2.377115e+03
7088.8120 2.297077e+03 2.442700e+03
7090.0386 2.334446e+03 2.483002e+03
7091.2652 2.289383e+03 2.435634e+03
7092.4918 2.332481e+03 2.482067e+03
7093.7184 2.393719e+03 2.547836e+03
7094.9450 2.375960e+03 2.529543e+03
7096.1716 2.314309e+03 2.464508e+03
7097.3982 2.287179e+03 2.436220e+03
7098.6248 2.303803e+03 2.454542e+03
7099.8515 2.319814e+03 2.472228e+03
7101.0781 2.289797e+03 2.440866e+03
7102.3047 2.301326e+03 2.453795e+03
7103.5313 2.226812e+03 2.374970e+03
7104.7579 2.287324e+03 2.440161e+03
7105.9845 2.360062e+03 2.518438e+03
7107.2111 2.300859e+03 2.455935e+03
7108.4377 2.266389e+03 2.419812e+03
7109.6643 2.279972e+03 2.434997e+03
7110.8909 2.341509e+03 2.501427e+03
7112.1175 2.288464e+03 2.445460e+03
7113.3441 2.272024e+03 2.428598e+03
7114.5707 2.248129e+03 2.403762e+03
7115.7973 2.204538e+03 2.357853e+03
7117.0240 2.210209e+03 2.364628e+03
7118.2506 2.306831e+03 2.468749e+03
7119.4772 2.266484e+03 2.426314e+03
7120.7038 2.223349e+03 2.380875e+03
7121.9304 2.238175e+03 2.397503e+03
7123.1570 2.244867e+03 2.405433e+03
7124.3836 2.271512e+03 2.434763e+03
7125.6102 2.267201e+03 2.430928e+03
7126.8368 2.209396e+03 2.369722e+03
7128.0634 2.214488e+03 2.375967e+03
7129.2900 2.223021e+03 2.385917e+03
7130.5166 2.306155e+03 2.475976e+03
7131.7432 2.379266e+03 2.555338e+03
7132.9699 2.329917e+03 2.503196e+03
7134.1965 2.298529e+03 2.470329e+03
7135.4231 2.281702e+03 2.453102e+03
7136.6497 2.246845e+03 2.416479e+03
7137.8763 2.183262e+03 2.348931e+03
7139.1029 2.145236e+03 2.308850e+03
7140.3295 2.196212e+03 2.364571e+03
7141.5561 2.243076e+03 2.415911e+03
7142.7827 2.264302e+03 2.439674e+03
7144.0093 2.251813e+03 2.427121e+03
7145.2359 2.157008e+03 2.325809e+03
7146.4625 2.138443e+03 2.306665e+03
7147.6891 2.113574e+03 2.280711e+03
7148.9158 2.104798e+03 2.272116e+03
7150.1424 2.163543e+03 2.336439e+03
7151.3690 2.163420e+03 2.337221e+03
7152.5956 2.171573e+03 2.346956e+03
7153.8222 2.214110e+03 2.393881e+03
7155.0488 2.209434e+03 2.389786e+03
7156.2754 2.212171e+03 2.393714e+03
7157.5020 2.174277e+03 2.353670e+03
7158.7286 2.125918e+03 2.302267e+03
7159.9552 2.134330e+03 2.312333e+03
7161.1818 2.193427e+03 2.377351e+03
7162.4084 2.158712e+03 2.340709e+03
7163.6350 2.094441e+03 2.271981e+03
7164.8616 2.022008e+03 2.194344e+03
7166.0883 1.942110e+03 2.108543e+03
7167.3149 1.945916e+03 2.113590e+03
7168.5415 1.994093e+03 2.166863e+03
7169.7681 1.984964e+03 2.157890e+03
7170.9947 1.913235e+03 2.080833e+03
7172.2213 1.877345e+03 2.042708e+03
7173.4479 1.810958e+03 1.971356e+03
7174.6745 1.824271e+03 1.986745e+03
7175.9011 1.958133e+03 2.133499e+03
7177.1277 1.936840e+03 2.111264e+03
7178.3543 1.870681e+03 2.040086e+03
7179.5809 1.855695e+03 2.024682e+03
7180.8075 1.806522e+03 1.971950e+03
7182.0342 1.829113e+03 1.997548e+03
7183.2608 1.794744e+03 1.960939e+03
7184.4874 1.771972e+03 1.936979e+03
7185.7140 1.795456e+03 1.963589e+03
7186.9406 1.786333e+03 1.954553e+03
7188.1672 1.736003e+03 1.900402e+03
7189.3938 1.769766e+03 1.938307e+03
7190.6204 1.710511e+03 1.874327e+03
7191.8470 1.703833e+03 1.867930e+03
7193.0736 1.806274e+03 1.981219e+03
7194.3002 1.805631e+03 1.981502e+03
7195.5268 1.827881e+03 2.006924e+03
7196.7534 1.803284e+03 1.980917e+03
7197.9801 1.681356e+03 1.847915e+03
7199.2067 1.724816e+03 1.896647e+03
7200.4333 1.817337e+03 1.999410e+03
7201.6599 1.837439e+03 2.022567e+03
7202.8865 1.794217e+03 1.976014e+03
7204.1131 1.779142e+03 1.960433e+03
7205.3397 1.804612e+03 1.989540e+03
7206.5663 1.795164e+03 1.980166e+03
7207.7929 1.890445e+03 2.086369e+03
7209.0195 1.978344e+03 2.184538e+03
7210.2461 1.932710e+03 2.135289e+03
7211.4727 1.920280e+03 2.122695e+03
7212.6993 1.951844e+03 2.158751e+03
7213.9259 2.067113e+03 2.287479e+03
7215.1526 1.997634e+03 2.211798e+03
7216.3792 2.006166e+03 2.222460e+03
7217.6058 1.971430e+03 2.185179e+03
7218.8324 1.944755e+03 2.156804e+03
7220.0590 1.913368e+03 2.123172e+03
7221.2856 1.954717e+03 2.170264e+03
7222.5122 2.002260e+03 2.224294e+03
7223.7388 1.971269e+03 2.191099e+03
7224.9654 2.014625e+03 2.240554e+03
7226.1920 1.976805e+03 2.199740e+03
7227.4186 1.933587e+03 2.152873e+03
7228.6452 1.889845e+03 2.105374e+03
7229.8718 1.858411e+03 2.071544e+03
7231.0985 1.773351e+03 1.977869e+03
7232.3251 1.764170e+03 1.968768e+03
7233.5517 1.774425e+03 1.981363e+03
7234.7783 1.741527e+03 1.945764e+03
7236.0049 1.773507e+03 1.982655e+03
7237.2315 1.731769e+03 1.937133e+03
7238.4581 1.661762e+03 1.859921e+03
7239.6847 1.608518e+03 1.801395e+03
7240.9113 1.547978e+03 1.734626e+03
7242.1379 1.567158e+03 1.757166e+03
7243.3645 1.456398e+03 1.633955e+03
7244.5911 1.563116e+03 1.754737e+03
7245.8177 1.680602e+03 1.887763e+03
7247.0444 1.728005e+03 1.942184e+03
7248.2710 1.615731e+03 1.817096e+03
7249.4976 1.662276e+03 1.870580e+03
7250.7242 1.708225e+03 1.923462e+03
7251.9508 1.764662e+03 1.988227e+03
7253.1774 1.768949e+03 1.994283e+03
7254.4040 1.718376e+03 1.938462e+03
7255.6306 1.766868e+03 1.994398e+03
7256.8572 1.732997e+03 1.957379e+03
7258.0838 1.736767e+03 1.962858e+03
7259.3104 1.827869e+03 2.067109e+03
7260.5370 1.679816e+03 1.900867e+03
7261.7636 1.685051e+03 1.907987e+03
7262.9902 1.724510e+03 1.953896e+03
7264.2169 1.728536e+03 1.959694e+03
7265.4435 1.745580e+03 1.980269e+03
7266.6701 1.756003e+03 1.993357e+03
7267.8967 1.817813e+03 2.064834e+03
7269.1233 1.847197e+03 2.099549e+03
7270.3499 1.811418e+03 2.060198e+03
7271.5765 1.713880e+03 1.950514e+03
7272.8031 1.720737e+03 1.959574e+03
7274.0297 1.663180e+03 1.895248e+03
7275.2563 1.629648e+03 1.858235e+03
7276.4829 1.603239e+03 1.829304e+03
7277.7095 1.570746e+03 1.793391e+03
7278.9361 1.641195e+03 1.875043e+03
7280.1628 1.686970e+03 1.928594e+03
7281.3894 1.445876e+03 1.654046e+03
7282.6160 1.583581e+03 1.812761e+03
7283.8426 1.706993e+03 1.955313e+03
7285.0692 1.813894e+03 2.079128e+03
7286.2958 1.719601e+03 1.972343e+03
7287.5224 1.659512e+03 1.904675e+03
7288.7490 1.748014e+03 2.007575e+03
7289.9756 1.680315e+03 1.931098e+03
7291.2022 1.760964e+03 2.025123e+03
7292.4288 1.803544e+03 2.075465e+03
7293.6554 1.800955e+03 2.073862e+03
7294.8820 1.810661e+03 2.086425e+03
7296.1087 1.807486e+03 2.084154e+03
7297.3353 1.786660e+03 2.061513e+03
7298.5619 1.874753e+03 2.164604e+03
7299.7885 1.754247e+03 2.026821e+03
7301.0151 1.745099e+03 2.017602e+03
7302.2417 1.788995e+03 2.069738e+03
7303.4683 1.768036e+03 2.046864e+03
7304.6949 1.872327e+03 2.169058e+03
7305.9215 1.849444e+03 2.143990e+03
7307.1481 1.911810e+03 2.217781e+03
7308.3747 1.820748e+03 2.113569e+03
7309.6013 1.822247e+03 2.116738e+03
7310.8279 1.869719e+03 2.173348e+03
7312.0545 1.792499e+03 2.084997e+03
7313.2812 1.846732e+03 2.149533e+03
7314.5078 1.650708e+03 1.922670e+03
7315.7344 1.615127e+03 1.882502e+03
7316.9610 1.606000e+03 1.873133e+03
7318.1876 1.572720e+03 1.835562e+03
7319.4142 1.603193e+03 1.872399e+03
7320.6408 1.577885e+03 1.844094e+03
7321.8674 1.711621e+03 2.001754e+03
7323.0940 1.831519e+03 2.143432e+03
7324.3206 1.872878e+03 2.193326e+03
7325.5472 1.892172e+03 2.217431e+03
7326.7738 1.862834e+03 2.184536e+03
7328.0004 1.874708e+03 2.199959e+03
7329.2271 1.946977e+03 2.286323e+03
7330.4537 1.933430e+03 2.271964e+03
7331.6803 1.837201e+03 2.160357e+03
7332.9069 1.853877e+03 2.181453e+03
7334.1335 1.876955e+03 2.210116e+03
7335.3601 1.902086e+03 2.241235e+03
7336.5867 1.843202e+03 2.173333e+03
7337.8133 1.925377e+03 2.271774e+03
7339.0399 1.839190e+03 2.171562e+03
7340.2665 1.817398e+03 2.147295e+03
7341.4931 1.745031e+03 2.063197e+03
7342.7197 1.759556e+03 2.081789e+03
7343.9463 1.756681e+03 2.079805e+03
7345.1730 1.692297e+03 2.004942e+03
7346.3996 1.671640e+03 1.981818e+03
7347.6262 1.715359e+03 2.035034e+03
7348.8528 1.798541e+03 2.135171e+03
7350.0794 1.889686e+03 2.244901e+03
7351.3060 1.931817e+03 2.296512e+03
7352.5326 1.848008e+03 2.198375e+03
7353.7592 1.746092e+03 2.078546e+03
7354.9858 1.832492e+03 2.182878e+03
7356.2124 1.863846e+03 2.221733e+03
7357.4390 1.841557e+03 2.196652e+03
7358.6656 1.727772e+03 2.062323e+03
7359.8922 1.792100e+03 2.140555e+03
7361.1188 1.788329e+03 2.137495e+03
7362.3455 1.761684e+03 2.107070e+03
7363.5721 1.765839e+03 2.113465e+03
7364.7987 1.804553e+03 2.161257e+03
7366.0253 1.768714e+03 2.119761e+03
7367.2519 1.861212e+03 2.232118e+03
7368.4785 1.775722e+03 2.131023e+03
7369.7051 1.888496e+03 2.267885e+03
7370.9317 1.874991e+03 2.253177e+03
7372.1583 1.799380e+03 2.163764e+03
7373.3849 1.785279e+03 2.148243e+03
7374.6115 1.856241e+03 2.235124e+03
7375.8381 1.867532e+03 2.250221e+03
7377.0647 1.876149e+03 2.262110e+03
7378.2914 2.017677e+03 2.434371e+03
7379.5180 2.093266e+03 2.527250e+03
7380.7446 2.117523e+03 2.558232e+03
7381.9712 2.040571e+03 2.466897e+03
7383.1978 2.069815e+03 2.503906e+03
7384.4244 1.999953e+03 2.420990e+03
7385.6510 1.960126e+03 2.374342e+03
7386.8776 1.900000e+03 2.303025e+03
7388.1042 1.928432e+03 2.339025e+03
7389.3308 1.883237e+03 2.285705e+03
7390.5574 1.818476e+03 2.208548e+03
7391.7840 1.828440e+03 2.222101e+03
7393.0106 1.771679e+03 2.154523e+03
7394.2373 1.793828e+03 2.182878e+03
7395.4639 1.788421e+03 2.177713e+03
7396.6905 1.807755e+03 2.202683e+03
7397.9171 1.806305e+03 2.202340e+03
7399.1437 1.844015e+03 2.249771e+03
7400.3703 1.813234e+03 2.213643e+03
7401.5969 1.771117e+03 2.163615e+03
7402.8235 1.782661e+03 2.179114e+03
7404.0501 1.725915e+03 2.111100e+03
7405.2767 1.786155e+03 2.186179e+03
7406.5033 1.845772e+03 2.260588e+03
7407.7299 1.827355e+03 2.239455e+03
7408.9565 1.908060e+03 2.339843e+03
7410.1831 1.817566e+03 2.230282e+03
7411.4098 1.848742e+03 2.269970e+03
7412.6364 1.909987e+03 2.346646e+03
7413.8630 1.784309e+03 2.193614e+03
7415.0896 1.798054e+03 2.211897e+03
7416.3162 1.815901e+03 2.235248e+03
7417.5428 1.726706e+03 2.126781e+03
7418.7694 1.786240e+03 2.201478e+03
7419.9960 1.869674e+03 2.305737e+03
7421.2226 1.824533e+03 2.251460e+03
7422.4492 1.798074e+03 2.220179e+03
7423.6758 1.780028e+03 2.199249e+03
7424.9024 1.805405e+03 2.231971e+03
7426.1290 1.802159e+03 2.229323e+03
7427.3557 1.813409e+03 2.244608e+03
7428.5823 1.823870e+03 2.258931e+03
7429.8089 1.812202e+03 2.245843e+03
7431.0355 1.863845e+03 2.311242e+03
7432.2621 1.946337e+03 2.414992e+03
7433.4887 1.955539e+03 2.427871e+03
7434.7153 1.720552e+03 2.137408e+03
7435.9419 1.611776e+03 2.003476e+03
7437.1685 1.630908e+03 2.028467e+03
7438.3951 1.695208e+03 2.109695e+03
7439.6217 1.604263e+03 1.997698e+03
7440.8483 1.694126e+03 2.110848e+03
7442.0749 1.710335e+03 2.132300e+03
7443.3016 1.767195e+03 2.204484e+03
7444.5282 1.748612e+03 2.182582e+03
7445.7548 1.703290e+03 2.127254e+03
7446.9814 1.752777e+03 2.190334e+03
7448.2080 1.699017e+03 2.124388e+03
7449.4346 1.722976e+03 2.155592e+03
7450.6612 1.683746e+03 2.107729e+03
7451.8878 1.742472e+03 2.182499e+03
7453.1144 1.719614e+03 2.155104e+03
7454.3410 1.780497e+03 2.232683e+03
7455.5676 1.820849e+03 2.284585e+03
7456.7942 1.714535e+03 2.152419e+03
7458.0208 1.712585e+03 2.151190e+03
7459.2474 1.702676e+03 2.139953e+03
7460.4741 1.743269e+03 2.192206e+03
7461.7007 1.680614e+03 2.114603e+03
7462.9273 1.692672e+03 2.130968e+03
7464.1539 1.777177e+03 2.238604e+03
7465.3805 1.743909e+03 2.197923e+03
7466.6071 1.737074e+03 2.190524e+03
7467.8337 1.642956e+03 2.072985e+03
7469.0603 2.264848e+03 2.859230e+03
7470.2869 5.379753e+02 6.795343e+02
7471.5135 0.000000e+00 0.000000e+00
7472.7401 0.000000e+00 0.000000e+00
7473.9667 0.000000e+00 0.000000e+00
7475.1933 0.000000e+00 0.000000e+00
