# Submitted by bp.schmidt@anu.edu.au
# Reduced by C. Lidman
# Spliced by C. Lidman
# Processed on 29/07/2026, 06:32:53
# Spliced on 29/07/2026, 06:34:03
# Using DEbass pipeline: v05
# Using Splice pipeline: v05
# Using metadata: m01
# Frame: Observer
# Heliocetric velocity correction (km/s):   4.17
# Barycetric velocity correction (km/s):   4.17
# Wavelengths: AIR
#
# Wavelength Flux Error
3403.87	6.7663e+00	3.0514e+01
3404.64	3.5131e+01	2.9401e+01
3405.42	-5.6516e+00	2.9745e+01
3406.19	-1.8649e+01	3.0416e+01
3406.97	2.5127e+01	3.0933e+01
3407.74	3.9645e+01	2.9866e+01
3408.51	4.3922e+01	2.9402e+01
3409.29	2.0827e+01	3.0679e+01
3410.06	2.0313e+01	3.1330e+01
3410.84	4.9884e+01	3.0895e+01
3411.61	1.8335e+01	3.0078e+01
3412.38	-8.4540e+00	3.0497e+01
3413.16	3.4278e+01	3.1052e+01
3413.93	5.3005e+01	2.9484e+01
3414.71	-5.7463e+00	2.6939e+01
3415.48	1.0727e+00	2.7941e+01
3416.25	1.8173e+01	2.8924e+01
3417.03	2.4071e+01	2.7938e+01
3417.80	2.6161e+01	2.8281e+01
3418.58	-1.8497e+00	2.7793e+01
3419.35	2.4314e+01	2.7576e+01
3420.12	1.0027e+02	2.9299e+01
3420.90	4.0899e+01	3.0066e+01
3421.67	-3.8213e+01	2.8517e+01
3422.45	3.5028e+01	2.7878e+01
3423.22	3.0843e+01	2.8749e+01
3423.99	-1.0405e+01	2.7321e+01
3424.77	1.7612e+01	2.6006e+01
3425.54	-1.3068e+00	2.7026e+01
3426.32	-2.0437e+00	2.7263e+01
3427.09	3.9533e+01	2.4491e+01
3427.86	8.6772e+00	2.2774e+01
3428.64	6.1493e+00	2.4253e+01
3429.41	2.7627e+01	2.4601e+01
3430.19	-2.8452e+01	2.5406e+01
3430.96	-4.5927e+01	2.6879e+01
3431.73	3.0538e+01	2.6803e+01
3432.51	3.0564e+01	2.5435e+01
3433.28	-1.3739e+01	2.4010e+01
3434.06	9.5595e+00	2.4682e+01
3434.83	1.5260e+01	2.5630e+01
3435.60	-4.5671e+00	2.4679e+01
3436.38	1.3824e+01	2.4205e+01
3437.15	5.7531e-02	2.3665e+01
3437.93	6.9878e+00	2.4479e+01
3438.70	3.0964e+01	2.4773e+01
3439.47	-1.0319e+01	2.2657e+01
3440.25	-2.3884e+00	2.1798e+01
3441.02	3.1415e+01	2.1454e+01
3441.80	-2.0338e+00	2.0453e+01
3442.57	-2.3638e+01	2.1961e+01
3443.34	2.3196e+01	2.3040e+01
3444.12	2.6000e+01	2.2327e+01
3444.89	-1.2339e+01	2.1732e+01
3445.67	-2.3913e+01	2.1696e+01
3446.44	-5.8085e+00	2.2892e+01
3447.21	8.8252e+00	2.2238e+01
3447.99	2.2636e+01	2.1489e+01
3448.76	-8.4478e+00	2.1787e+01
3449.54	-4.6241e+00	2.2145e+01
3450.31	3.6251e+01	2.2230e+01
3451.08	1.1154e+01	2.1041e+01
3451.86	-1.5026e+01	2.0354e+01
3452.63	4.7463e+00	2.0832e+01
3453.41	1.8709e+01	2.2126e+01
3454.18	-1.0953e+01	2.2792e+01
3454.95	-3.2275e+01	2.1934e+01
3455.73	-5.2684e+00	2.1879e+01
3456.50	2.2071e+01	2.1630e+01
3457.28	2.3840e+00	2.0785e+01
3458.05	-1.6517e+01	1.9942e+01
3458.82	-4.9510e+00	1.9781e+01
3459.60	2.2965e+01	2.0779e+01
3460.37	-9.6067e+00	2.0020e+01
3461.15	-1.5551e+01	1.9109e+01
3461.92	2.2298e+01	1.9871e+01
3462.69	1.3022e+01	2.1026e+01
3463.47	-5.5843e-01	2.0971e+01
3464.24	8.0211e+00	2.3479e+01
3465.02	6.9753e+00	2.1755e+01
3465.79	1.4484e+01	1.7631e+01
3466.56	4.7064e+00	1.8097e+01
3467.34	-5.0036e+00	1.8874e+01
3468.11	2.1929e+01	2.0546e+01
3468.89	6.7961e+00	2.0069e+01
3469.66	-2.0018e+01	1.9140e+01
3470.43	-4.2056e+00	1.9600e+01
3471.21	2.9354e+00	1.8937e+01
3471.98	5.3855e+00	1.8332e+01
3472.76	-3.1966e+00	1.8257e+01
3473.53	-3.2811e+00	1.7985e+01
3474.30	2.7669e+01	1.7669e+01
3475.08	3.3430e+01	1.6626e+01
3475.85	-1.4315e+00	1.5782e+01
3476.63	1.6053e+00	1.6236e+01
3477.40	3.2080e+01	1.6703e+01
3478.17	5.2402e+00	1.6653e+01
3478.95	-7.5538e+00	1.6446e+01
3479.72	2.4711e+01	1.6571e+01
3480.50	3.5770e+01	1.6339e+01
3481.27	1.1955e+01	1.6925e+01
3482.04	9.5257e+00	1.6463e+01
3482.82	1.4976e+01	1.5557e+01
3483.59	8.9486e+00	1.5328e+01
3484.37	1.4827e+01	1.4911e+01
3485.14	8.3734e+00	1.5118e+01
3485.91	-1.1124e+00	1.5912e+01
3486.69	1.2612e+01	1.6173e+01
3487.46	1.0509e+01	1.5622e+01
3488.24	-8.1451e-01	1.4659e+01
3489.01	9.8229e+00	1.4746e+01
3489.78	-5.8426e+00	1.6397e+01
3490.56	-3.3599e+00	1.8805e+01
3491.33	4.1659e+00	1.7804e+01
3492.11	-6.1432e+00	1.5010e+01
3492.88	-1.0589e+00	1.5003e+01
3493.65	-8.1425e+00	1.5473e+01
3494.43	-3.6045e+00	1.4581e+01
3495.20	1.7365e+01	1.4532e+01
3495.98	4.9255e-01	1.5037e+01
3496.75	-1.6026e+01	1.4873e+01
3497.52	1.3566e+01	1.4341e+01
3498.30	1.6683e+01	1.4255e+01
3499.07	-1.1526e+01	1.4552e+01
3499.85	-3.8118e+00	1.4763e+01
3500.62	1.8444e+01	1.4639e+01
3501.39	5.6533e+00	1.4937e+01
3502.17	3.3169e+00	1.4697e+01
3502.94	1.0361e+01	1.4799e+01
3503.72	1.2292e+01	1.4536e+01
3504.49	2.4081e+01	1.3796e+01
3505.26	3.5186e+00	1.4224e+01
3506.04	-1.2466e+01	1.4757e+01
3506.81	2.6304e+00	1.4947e+01
3507.59	4.6954e+00	1.4905e+01
3508.36	-2.6959e+00	1.4912e+01
3509.13	1.4419e+01	1.4525e+01
3509.91	2.3341e+01	1.3976e+01
3510.68	3.0087e+01	1.3925e+01
3511.46	4.3359e+00	1.4399e+01
3512.23	-8.1243e+00	1.4977e+01
3513.00	1.3162e+01	1.4841e+01
3513.78	4.7253e-01	1.4102e+01
3514.55	-1.1719e+01	1.4014e+01
3515.33	1.1482e+01	1.4359e+01
3516.10	1.9907e+01	1.5234e+01
3516.87	8.9668e+00	1.5022e+01
3517.65	8.8299e+00	1.5036e+01
3518.42	2.1787e+01	1.5768e+01
3519.20	9.4292e+00	1.5400e+01
3519.97	2.4224e+00	1.4044e+01
3520.74	1.1725e+01	1.4194e+01
3521.52	2.5823e+01	1.4597e+01
3522.29	2.5827e+01	1.4035e+01
3523.07	-1.1890e+01	1.3724e+01
3523.84	-9.8588e+00	1.4246e+01
3524.61	2.1537e+01	1.3916e+01
3525.39	1.0327e+01	1.3331e+01
3526.16	-1.5346e+01	1.3569e+01
3526.94	1.1143e+01	1.3632e+01
3527.71	2.4178e+01	1.4295e+01
3528.48	2.1263e+01	1.4784e+01
3529.26	-7.4188e+00	1.4502e+01
3530.03	-2.1402e+01	1.4035e+01
3530.81	7.7958e+00	1.4209e+01
3531.58	2.9734e+01	1.3536e+01
3532.35	8.1938e+00	1.3474e+01
3533.13	5.6761e+00	1.3975e+01
3533.90	2.2868e+01	1.4455e+01
3534.68	5.0012e+00	1.4479e+01
3535.45	5.3336e+00	1.4552e+01
3536.22	2.0923e+01	1.4518e+01
3537.00	5.8640e+00	1.4098e+01
3537.77	2.0352e+00	1.4560e+01
3538.55	8.4394e+00	1.5018e+01
3539.32	2.9743e+00	1.5279e+01
3540.09	1.7793e+01	1.4892e+01
3540.87	1.1123e+01	1.4400e+01
3541.64	9.2319e+00	1.4225e+01
3542.42	3.2138e+01	1.4475e+01
3543.19	1.5264e+01	1.4597e+01
3543.96	1.4323e+00	1.4360e+01
3544.74	8.5285e+00	1.4270e+01
3545.51	6.5939e+00	1.4226e+01
3546.29	9.3383e+00	1.4455e+01
3547.06	3.8266e+00	1.4489e+01
3547.83	-2.5832e+01	1.4735e+01
3548.61	7.5110e+00	1.5659e+01
3549.38	1.5080e+01	1.5267e+01
3550.16	-7.4911e+00	1.5034e+01
3550.93	-1.8904e-02	1.4640e+01
3551.70	8.2179e+00	1.3968e+01
3552.48	7.3185e+00	1.4842e+01
3553.25	9.9539e+00	1.5579e+01
3554.03	3.8046e+01	1.4609e+01
3554.80	3.1134e+01	1.3757e+01
3555.57	1.9191e+00	1.4432e+01
3556.35	5.9221e+00	1.4257e+01
3557.12	1.8242e+01	1.4097e+01
3557.90	1.5760e+01	1.4211e+01
3558.67	-8.1761e-01	1.3434e+01
3559.44	3.1504e+00	1.3086e+01
3560.22	2.6760e+01	1.3342e+01
3560.99	5.7484e+00	1.4316e+01
3561.77	2.6440e+00	1.4525e+01
3562.54	2.7207e+01	1.4160e+01
3563.31	1.0406e+01	1.3599e+01
3564.09	4.3710e+00	1.3339e+01
3564.86	4.5253e+00	1.2993e+01
3565.64	2.5197e+00	1.2706e+01
3566.41	9.3630e+00	1.2571e+01
3567.18	6.3181e+00	1.2423e+01
3567.96	3.5041e+00	1.2828e+01
3568.73	1.6031e+01	1.1939e+01
3569.51	4.0905e+00	1.1315e+01
3570.28	-8.7807e+00	1.1458e+01
3571.05	7.9615e+00	1.1848e+01
3571.83	1.8186e+00	1.2460e+01
3572.60	2.6809e+00	1.1776e+01
3573.38	-1.7786e+01	1.2476e+01
3574.15	-5.7471e+00	1.2677e+01
3574.92	1.0965e+01	1.2830e+01
3575.70	1.9100e+01	1.3264e+01
3576.47	5.3458e-01	1.3512e+01
3577.25	-9.6513e+00	1.3156e+01
3578.02	1.3484e+01	1.2587e+01
3578.79	1.2759e+00	1.2501e+01
3579.57	2.1940e+00	1.1867e+01
3580.34	1.5301e+01	1.1616e+01
3581.12	3.9894e+00	1.0900e+01
3581.89	8.1640e+00	1.1181e+01
3582.66	1.3000e+01	1.1285e+01
3583.44	8.8074e+00	1.0953e+01
3584.21	1.6464e+01	1.1760e+01
3584.99	5.3391e+00	1.2357e+01
3585.76	1.0627e+01	1.2016e+01
3586.53	3.3093e+01	1.0936e+01
3587.31	1.6712e+01	1.1322e+01
3588.08	3.0228e+00	1.1214e+01
3588.86	1.2504e+01	1.0457e+01
3589.63	6.5905e-01	1.1123e+01
3590.40	-2.4204e+00	1.1683e+01
3591.18	7.8809e+00	1.1723e+01
3591.95	1.2475e+01	1.2238e+01
3592.73	2.1066e+01	1.2175e+01
3593.50	1.0048e+01	1.1481e+01
3594.27	1.7599e+00	1.1617e+01
3595.05	2.7003e+01	1.2107e+01
3595.82	2.7574e+01	1.2628e+01
3596.60	-7.4311e+00	1.2488e+01
3597.37	3.1821e+00	1.2527e+01
3598.14	1.1749e+01	1.2373e+01
3598.92	-8.0211e+00	1.2723e+01
3599.69	-3.2585e+00	1.2872e+01
3600.47	6.9431e+00	1.2648e+01
3601.24	7.1238e+00	1.2159e+01
3602.01	4.1672e+00	1.1124e+01
3602.79	-1.0720e+01	1.1640e+01
3603.56	-1.6274e+01	1.1354e+01
3604.34	4.8299e+00	1.1507e+01
3605.11	1.7443e+01	1.1937e+01
3605.88	1.6773e+01	1.1579e+01
3606.66	1.5096e+01	1.1626e+01
3607.43	5.1905e-01	1.1958e+01
3608.21	3.4915e+00	1.1218e+01
3608.98	1.0961e+01	1.0486e+01
3609.75	2.0143e+01	1.0649e+01
3610.53	1.8590e+01	1.1230e+01
3611.30	-9.3630e+00	1.1410e+01
3612.08	5.8015e+00	1.1001e+01
3612.85	2.8236e+01	1.1188e+01
3613.62	1.3953e+01	1.1163e+01
3614.40	1.6265e+00	1.0838e+01
3615.17	2.0451e+01	1.1494e+01
3615.95	9.0121e-02	1.1648e+01
3616.72	-5.7278e+00	1.2046e+01
3617.49	1.2611e+01	1.2293e+01
3618.27	-3.1535e+00	1.1072e+01
3619.04	1.6281e+00	1.0141e+01
3619.82	8.5960e+00	1.0455e+01
3620.59	1.0460e+01	1.1133e+01
3621.36	1.4574e+01	1.1059e+01
3622.14	7.3263e-01	1.1980e+01
3622.91	-1.8854e+01	1.1499e+01
3623.69	2.0441e+01	1.1022e+01
3624.46	2.8479e+01	1.1110e+01
3625.23	5.7549e-01	1.1163e+01
3626.01	-9.9895e+00	1.1397e+01
3626.78	7.5272e+00	1.1654e+01
3627.56	1.3017e+01	1.1270e+01
3628.33	1.6551e+00	1.1514e+01
3629.10	2.6674e+00	1.1342e+01
3629.88	8.3111e+00	1.1274e+01
3630.65	-2.1980e+00	1.0324e+01
3631.43	-8.8374e+00	1.0120e+01
3632.20	9.9153e+00	1.0088e+01
3632.97	8.5056e+00	1.0172e+01
3633.75	-4.7688e+00	1.0173e+01
3634.52	5.5396e+00	1.0140e+01
3635.30	1.3273e+01	1.0423e+01
3636.07	-2.3366e+00	1.0821e+01
3636.84	-1.7203e+00	1.0362e+01
3637.62	1.2375e+01	1.0765e+01
3638.39	3.5210e+01	1.0474e+01
3639.17	2.0252e+01	1.0037e+01
3639.94	-1.5947e+01	1.0890e+01
3640.71	2.6013e+00	1.0709e+01
3641.49	1.6015e+01	9.8359e+00
3642.26	-6.1312e+00	9.6588e+00
3643.04	4.0840e+00	1.0394e+01
3643.81	1.8180e+01	1.0758e+01
3644.58	5.6630e+00	1.0033e+01
3645.36	3.7982e+00	9.5464e+00
3646.13	-4.1586e+00	1.0225e+01
3646.91	5.9096e+00	1.0038e+01
3647.68	1.9632e+01	9.7058e+00
3648.45	-7.4296e+00	9.6932e+00
3649.23	-3.7241e+00	8.9818e+00
3650.00	9.6884e+00	1.1941e+01
3650.78	7.0424e+00	1.6331e+01
3651.55	1.0803e+00	1.5369e+01
3652.32	1.1133e+00	1.2526e+01
3653.10	5.1070e+00	1.0843e+01
3653.87	4.3088e+00	9.8183e+00
3654.65	-3.1077e+00	9.7532e+00
3655.42	2.9367e+00	1.0195e+01
3656.19	1.7581e+01	1.0126e+01
3656.97	4.7890e+00	9.7455e+00
3657.74	-5.7436e+00	9.6588e+00
3658.52	1.1911e+01	1.0269e+01
3659.29	2.1295e+01	1.0346e+01
3660.06	-8.9182e+00	1.0084e+01
3660.84	5.6472e+00	9.7651e+00
3661.61	1.3864e+01	9.2418e+00
3662.39	4.9799e+00	9.6934e+00
3663.16	1.1260e+00	9.8539e+00
3663.93	-1.0918e-01	9.4427e+00
3664.71	7.7062e+00	9.3370e+00
3665.48	5.4844e+00	9.2699e+00
3666.26	8.2870e+00	9.5189e+00
3667.03	1.1553e+01	9.2006e+00
3667.80	3.2006e+00	9.2374e+00
3668.58	-1.2325e+00	9.5225e+00
3669.35	2.1169e+01	9.6914e+00
3670.13	1.4772e+01	9.2447e+00
3670.90	-4.0065e+00	9.1074e+00
3671.67	-1.4128e+01	9.6107e+00
3672.45	7.0477e+00	9.6585e+00
3673.22	3.0770e+01	9.5493e+00
3674.00	1.0779e+01	9.2299e+00
3674.77	-4.4677e+00	9.6703e+00
3675.54	1.9408e+01	9.5439e+00
3676.32	4.5884e+00	8.9116e+00
3677.09	-3.0073e+00	9.0754e+00
3677.87	1.4072e+01	9.3807e+00
3678.64	1.2376e+00	8.9222e+00
3679.41	-5.4467e+00	8.1202e+00
3680.19	4.2385e+00	8.1991e+00
3680.96	1.1287e+01	8.6224e+00
3681.74	1.6607e+01	8.2762e+00
3682.51	5.3860e+00	8.6913e+00
3683.28	5.2589e-01	9.0262e+00
3684.06	2.0454e+01	9.2925e+00
3684.83	1.4800e+01	8.9226e+00
3685.61	2.7393e+00	8.2934e+00
3686.38	2.2198e+01	8.4350e+00
3687.15	1.7461e+01	8.4310e+00
3687.93	1.2163e+01	7.7214e+00
3688.70	1.6672e+01	8.2716e+00
3689.48	9.2718e+00	9.1057e+00
3690.25	8.6719e+00	9.2646e+00
3691.02	6.8702e+00	9.6603e+00
3691.80	9.3748e+00	9.2954e+00
3692.57	2.0397e+01	9.2553e+00
3693.35	1.4261e+01	8.5437e+00
3694.12	4.1692e+00	8.6640e+00
3694.89	1.9227e+01	8.6551e+00
3695.67	1.9576e+01	8.7070e+00
3696.44	1.2402e+01	8.9141e+00
3697.22	1.1209e+01	8.8367e+00
3697.99	1.4001e+01	8.6357e+00
3698.76	1.1054e+01	8.5071e+00
3699.54	-3.9581e+00	8.6457e+00
3700.31	-6.0329e+00	9.1008e+00
3701.09	1.8785e+01	8.5260e+00
3701.86	7.7792e+00	8.6672e+00
3702.63	-8.1069e+00	9.0210e+00
3703.41	6.9659e+00	8.6472e+00
3704.18	3.3267e+00	8.2789e+00
3704.96	-5.7133e+00	7.8458e+00
3705.73	-2.5543e+00	7.5858e+00
3706.50	3.4601e+00	7.8327e+00
3707.28	4.3244e+00	7.9782e+00
3708.05	-6.3345e+00	7.8920e+00
3708.83	-4.8963e-01	7.7839e+00
3709.60	1.4489e+01	7.5875e+00
3710.37	-4.8248e-01	8.0032e+00
3711.15	-3.6777e-01	8.1835e+00
3711.92	1.5377e+01	8.0158e+00
3712.70	1.4482e+01	8.1852e+00
3713.47	7.8946e+00	8.2691e+00
3714.24	9.1212e+00	8.4667e+00
3715.02	1.5435e+01	8.3064e+00
3715.79	1.7155e+01	8.0724e+00
3716.57	9.6768e+00	8.1666e+00
3717.34	1.4325e+00	8.0810e+00
3718.11	6.5782e+00	8.0268e+00
3718.89	1.0341e+01	7.5896e+00
3719.66	5.7514e+00	7.1558e+00
3720.44	1.9654e+01	6.7064e+00
3721.21	9.7860e+00	6.5164e+00
3721.98	-5.8816e-01	6.6208e+00
3722.76	5.1838e+00	6.7695e+00
3723.53	1.6059e+01	7.4169e+00
3724.31	2.9056e+00	7.6540e+00
3725.08	-8.8682e+00	7.4783e+00
3725.85	4.7700e+00	7.5195e+00
3726.63	2.3541e+01	7.4196e+00
3727.40	1.5077e+00	6.6952e+00
3728.18	-7.0745e+00	6.6253e+00
3728.95	-1.2529e+00	7.2299e+00
3729.72	-8.4660e-01	7.0709e+00
3730.50	1.4994e+00	7.0392e+00
3731.27	8.4019e+00	6.9364e+00
3732.05	5.1007e+00	6.7483e+00
3732.82	4.9162e+00	6.5666e+00
3733.59	3.4870e-01	6.1175e+00
3734.37	-3.2539e+00	5.8841e+00
3735.14	6.7807e+00	6.0071e+00
3735.92	8.3095e+00	6.2815e+00
3736.69	-3.0407e+00	5.8713e+00
3737.46	1.2487e+01	6.1944e+00
3738.24	1.1460e+01	6.2637e+00
3739.01	4.1199e+00	6.2562e+00
3739.79	1.6169e+01	6.7205e+00
3740.56	1.4857e+01	7.0361e+00
3741.33	8.8516e+00	6.7428e+00
3742.11	-4.5385e+00	6.4548e+00
3742.88	1.2285e+00	6.3045e+00
3743.66	9.1938e+00	6.1120e+00
3744.43	2.2023e+00	6.2839e+00
3745.20	-7.2628e+00	6.1584e+00
3745.98	9.0077e+00	5.8663e+00
3746.75	4.9528e+00	5.7743e+00
3747.53	5.3664e-01	5.7557e+00
3748.30	1.1473e+01	5.7804e+00
3749.07	1.2764e+01	5.6309e+00
3749.85	1.3026e+01	5.7315e+00
3750.62	5.8024e+00	6.0553e+00
3751.40	-4.3980e-01	6.4342e+00
3752.17	8.9591e+00	6.7070e+00
3752.94	1.1032e+00	6.6580e+00
3753.72	3.0444e+00	6.7111e+00
3754.49	1.4210e+01	7.0370e+00
3755.27	1.2859e+01	6.6306e+00
3756.04	5.8470e+00	6.8524e+00
3756.81	7.1805e+00	6.7331e+00
3757.59	5.1135e+00	6.0467e+00
3758.36	2.0619e+00	5.7048e+00
3759.14	8.3556e+00	5.7695e+00
3759.91	1.2254e+01	6.0603e+00
3760.68	1.6216e+01	6.1985e+00
3761.46	2.1194e+00	6.1027e+00
3762.23	-5.6144e-01	6.1842e+00
3763.01	1.1173e+01	6.3843e+00
3763.78	8.6494e+00	5.9363e+00
3764.55	2.3483e+00	6.1634e+00
3765.33	6.9504e+00	6.1069e+00
3766.10	1.2883e+01	5.9001e+00
3766.88	4.1187e-01	5.7778e+00
3767.65	-3.1001e+00	5.9954e+00
3768.42	8.5718e+00	6.3283e+00
3769.20	5.4628e+00	6.3493e+00
3769.97	-8.4405e-01	6.3207e+00
3770.75	8.3255e+00	6.1117e+00
3771.52	7.0262e+00	6.0817e+00
3772.29	2.7322e+00	6.1349e+00
3773.07	6.1766e+00	6.2513e+00
3773.84	9.7622e+00	6.3347e+00
3774.62	2.1292e+01	6.1540e+00
3775.39	2.9790e+00	6.3942e+00
3776.16	1.8065e+00	6.4469e+00
3776.94	1.2970e+01	6.3918e+00
3777.71	7.7155e+00	6.3946e+00
3778.49	3.1794e+00	6.2415e+00
3779.26	1.3023e+01	6.3300e+00
3780.03	1.6517e+01	6.3976e+00
3780.81	1.1489e+01	6.3220e+00
3781.58	1.1627e+01	6.6445e+00
3782.36	1.1096e+01	6.6456e+00
3783.13	8.0575e+00	6.3493e+00
3783.90	4.9776e+00	6.3574e+00
3784.68	1.9057e+00	6.3439e+00
3785.45	5.0616e+00	6.7093e+00
3786.23	9.4003e-01	6.8771e+00
3787.00	7.0215e+00	6.6305e+00
3787.77	1.3812e+01	5.5727e+00
3788.55	1.0643e+01	5.5473e+00
3789.32	4.5136e+00	5.7789e+00
3790.10	1.4527e+01	5.6628e+00
3790.87	1.4554e+01	5.7185e+00
3791.64	1.2310e+01	6.0652e+00
3792.42	7.4905e+00	6.1167e+00
3793.19	3.9948e+00	5.9013e+00
3793.97	1.4721e+01	5.7284e+00
3794.74	1.3059e+01	5.5286e+00
3795.51	8.6455e+00	5.5375e+00
3796.29	1.9373e+01	5.3829e+00
3797.06	1.2834e+01	5.3427e+00
3797.84	3.9507e+00	5.2904e+00
3798.61	9.9813e+00	5.2554e+00
3799.38	8.2570e+00	5.2334e+00
3800.16	9.2179e+00	5.3390e+00
3800.93	1.0472e+01	5.6999e+00
3801.71	1.4501e+01	5.6741e+00
3802.48	2.1467e+01	5.6918e+00
3803.25	1.5212e+01	5.8103e+00
3804.03	1.3878e+01	5.8880e+00
3804.80	1.8083e+01	5.7500e+00
3805.58	7.2846e+00	5.5435e+00
3806.35	2.6301e+00	5.4358e+00
3807.12	1.2813e+01	5.3475e+00
3807.90	5.6829e+00	5.1324e+00
3808.67	8.7354e+00	5.4370e+00
3809.45	7.4122e+00	5.5526e+00
3810.22	1.7898e+01	5.6718e+00
3810.99	1.3059e+01	5.5975e+00
3811.77	3.3691e+00	5.5037e+00
3812.54	1.4704e+01	5.5398e+00
3813.32	1.0437e+01	5.8995e+00
3814.09	2.7177e+00	5.3330e+00
3814.86	3.9072e+00	4.8269e+00
3815.64	1.3404e+01	4.6320e+00
3816.41	1.8153e+01	4.5691e+00
3817.19	1.3396e+01	4.9433e+00
3817.96	6.7198e+00	5.2278e+00
3818.73	8.9553e+00	5.0148e+00
3819.51	5.9970e+00	4.7511e+00
3820.28	7.6859e+00	4.3558e+00
3821.06	1.0587e+01	4.3890e+00
3821.83	9.9497e+00	4.5836e+00
3822.60	6.3344e+00	4.8716e+00
3823.38	1.4310e+01	5.0679e+00
3824.15	8.2215e+00	4.7124e+00
3824.93	7.2455e+00	4.4136e+00
3825.70	4.4886e+00	4.2028e+00
3826.47	6.8247e+00	4.1984e+00
3827.25	1.6678e+01	4.3793e+00
3828.02	1.2015e+01	4.4214e+00
3828.80	1.2356e+01	4.5668e+00
3829.57	8.4451e+00	4.7161e+00
3830.34	6.0840e+00	4.6556e+00
3831.12	2.2397e+00	4.6768e+00
3831.89	1.3722e+01	4.3723e+00
3832.67	-1.4891e+00	4.0692e+00
3833.44	3.7190e+00	4.1495e+00
3834.21	1.4050e+01	4.2475e+00
3834.99	1.0771e+01	4.4093e+00
3835.76	1.0668e+01	4.5236e+00
3836.54	7.4441e+00	4.6448e+00
3837.31	1.0620e+01	4.4188e+00
3838.08	8.1751e+00	4.1106e+00
3838.86	5.7105e+00	4.0658e+00
3839.63	1.1333e+01	4.1868e+00
3840.41	1.3436e+01	4.2703e+00
3841.18	7.5779e+00	4.1087e+00
3841.95	5.6735e+00	4.3922e+00
3842.73	6.8148e+00	4.6388e+00
3843.50	9.8089e+00	4.7476e+00
3844.28	9.8469e+00	4.5821e+00
3845.05	6.4083e-01	4.9042e+00
3845.82	5.1800e+00	4.8063e+00
3846.60	8.3578e+00	4.6518e+00
3847.37	7.3008e+00	4.8718e+00
3848.15	1.7910e+01	4.9388e+00
3848.92	1.1892e+01	4.8572e+00
3849.69	4.3383e+00	4.6919e+00
3850.47	9.5707e+00	4.4660e+00
3851.24	1.2161e+01	4.6804e+00
3852.02	1.4921e+01	4.9391e+00
3852.79	7.6984e+00	4.8962e+00
3853.56	6.4878e+00	4.6725e+00
3854.34	9.7249e+00	4.6472e+00
3855.11	7.8408e+00	4.7582e+00
3855.89	6.3534e+00	4.6205e+00
3856.66	7.2147e+00	4.5833e+00
3857.43	1.3710e+01	4.5525e+00
3858.21	8.5717e+00	4.8429e+00
3858.98	1.0609e+01	4.4341e+00
3859.76	6.1058e+00	3.9987e+00
3860.53	6.6295e+00	3.9778e+00
3861.30	9.8594e+00	4.3036e+00
3862.08	1.5841e+01	4.6422e+00
3862.85	1.1821e+01	4.9593e+00
3863.63	7.1034e+00	4.8240e+00
3864.40	9.8840e+00	4.7271e+00
3865.17	1.2780e+01	4.7256e+00
3865.95	7.0089e+00	4.5816e+00
3866.72	9.1395e+00	4.6599e+00
3867.50	1.4127e+01	4.6663e+00
3868.27	9.3334e+00	4.6305e+00
3869.04	6.8094e+00	4.5234e+00
3869.82	8.3510e+00	4.4106e+00
3870.59	1.1900e+01	4.1799e+00
3871.37	6.4090e+00	4.0994e+00
3872.14	3.4778e+00	4.0951e+00
3872.91	1.0957e+01	4.2596e+00
3873.69	1.5006e+01	4.1959e+00
3874.46	4.1127e+00	4.7603e+00
3875.24	6.6050e+00	4.8958e+00
3876.01	8.2974e+00	4.7487e+00
3876.78	1.0470e+01	4.6724e+00
3877.56	6.4630e+00	4.5134e+00
3878.33	4.9501e+00	4.1440e+00
3879.11	8.6818e+00	4.2198e+00
3879.88	1.1426e+00	4.4288e+00
3880.65	6.7235e+00	4.5965e+00
3881.43	1.3685e+01	4.5591e+00
3882.20	1.1367e+01	4.1833e+00
3882.98	-8.3414e-01	4.1226e+00
3883.75	8.8892e+00	4.5404e+00
3884.52	1.5909e+01	4.6996e+00
3885.30	1.1873e+01	4.4239e+00
3886.07	5.7889e+00	3.9609e+00
3886.85	1.3314e+01	3.9905e+00
3887.62	9.0022e+00	4.2829e+00
3888.39	7.5599e-01	4.3849e+00
3889.17	1.1887e+01	4.1441e+00
3889.94	6.6290e+00	4.2697e+00
3890.72	6.4874e+00	4.4139e+00
3891.49	1.2545e+01	4.5179e+00
3892.26	1.2991e+01	4.5357e+00
3893.04	7.3317e+00	4.4426e+00
3893.81	4.5860e+00	4.3479e+00
3894.59	8.7590e+00	4.2929e+00
3895.36	8.7496e+00	4.3349e+00
3896.13	6.6892e+00	4.4267e+00
3896.91	1.0877e+01	4.6142e+00
3897.68	1.4085e+01	4.5428e+00
3898.46	7.2174e+00	4.3997e+00
3899.23	4.0667e+00	4.2910e+00
3900.00	7.7901e+00	4.3438e+00
3900.78	9.8543e+00	4.3268e+00
3901.55	3.9009e+00	4.5412e+00
3902.33	7.9087e+00	4.4630e+00
3903.10	9.1681e+00	4.1679e+00
3903.87	1.1962e+01	4.1206e+00
3904.65	5.7996e+00	4.3250e+00
3905.42	1.2508e+01	4.2184e+00
3906.20	9.2743e+00	4.1023e+00
3906.97	3.4148e+00	4.1988e+00
3907.74	1.1405e+01	4.3503e+00
3908.52	5.7547e+00	4.4824e+00
3909.29	5.6197e+00	4.4479e+00
3910.07	6.3965e+00	4.2923e+00
3910.84	8.2512e+00	4.4154e+00
3911.61	1.3148e+01	4.4755e+00
3912.39	7.8316e+00	4.4570e+00
3913.16	1.1233e+01	4.5175e+00
3913.94	1.3971e+01	4.3939e+00
3914.71	1.1619e+01	4.4374e+00
3915.48	1.0857e+01	4.3834e+00
3916.26	1.3254e+01	4.4628e+00
3917.03	7.4835e+00	4.2903e+00
3917.81	3.7981e+00	4.4218e+00
3918.58	1.2166e+01	4.3430e+00
3919.35	1.4074e+01	4.2049e+00
3920.13	1.0202e+01	4.0891e+00
3920.90	9.7492e+00	3.9841e+00
3921.68	1.2267e+01	3.9543e+00
3922.45	1.4720e+01	4.0293e+00
3923.22	6.4150e+00	4.1214e+00
3924.00	9.5486e+00	4.0997e+00
3924.77	5.9765e+00	4.1299e+00
3925.55	5.5949e+00	4.0647e+00
3926.32	9.6451e+00	3.9377e+00
3927.09	7.1641e+00	3.7875e+00
3927.87	8.3353e+00	3.5302e+00
3928.64	4.2242e+00	3.5086e+00
3929.42	6.4263e+00	3.3026e+00
3930.19	1.1000e+01	3.3347e+00
3930.96	5.8076e+00	3.1976e+00
3931.74	1.9630e+00	3.2442e+00
3932.51	5.1942e+00	3.1598e+00
3933.29	5.8690e+00	2.8456e+00
3934.06	4.9315e+00	2.8247e+00
3934.83	6.1723e+00	3.0709e+00
3935.61	6.8626e+00	3.0612e+00
3936.38	7.5840e+00	3.0515e+00
3937.16	7.0481e+00	3.2409e+00
3937.93	9.2189e+00	3.4623e+00
3938.70	9.3907e+00	3.4921e+00
3939.48	7.2441e+00	3.5808e+00
3940.25	8.1612e+00	3.8102e+00
3941.03	1.0950e+01	3.6848e+00
3941.80	7.9136e+00	3.7193e+00
3942.57	7.1205e+00	3.7905e+00
3943.35	9.5911e+00	3.6861e+00
3944.12	1.0672e+01	3.6178e+00
3944.90	6.7456e+00	3.6055e+00
3945.67	1.0707e+01	3.9074e+00
3946.44	1.2238e+01	4.1167e+00
3947.22	6.0500e+00	3.9855e+00
3947.99	1.5990e+00	4.0314e+00
3948.77	1.2848e+01	3.9155e+00
3949.54	4.6002e+00	3.9713e+00
3950.31	1.5539e+00	4.1179e+00
3951.09	1.1646e+01	4.1999e+00
3951.86	9.0723e+00	4.1164e+00
3952.64	5.3245e+00	3.9497e+00
3953.41	9.4616e+00	3.8159e+00
3954.18	1.6287e+01	4.1246e+00
3954.96	2.3423e+00	4.0490e+00
3955.73	3.5042e+00	3.9406e+00
3956.51	1.2328e+01	3.8644e+00
3957.28	1.3093e+01	3.8139e+00
3958.05	5.9172e+00	3.8213e+00
3958.83	7.4666e+00	3.9480e+00
3959.60	7.3579e+00	4.1221e+00
3960.38	1.1670e+01	3.9850e+00
3961.15	7.8001e+00	3.6487e+00
3961.92	8.0734e+00	3.4476e+00
3962.70	1.0117e+01	3.4758e+00
3963.47	5.4473e+00	3.4563e+00
3964.25	9.3374e+00	3.4317e+00
3965.02	1.4426e+01	3.4556e+00
3965.79	7.8603e+00	3.3277e+00
3966.57	8.7959e+00	3.0397e+00
3967.34	1.1834e+01	2.8980e+00
3968.12	7.1314e+00	2.7285e+00
3968.89	4.0022e+00	2.7789e+00
3969.66	4.8754e+00	2.9466e+00
3970.44	9.3639e+00	2.8886e+00
3971.21	7.8977e+00	3.0751e+00
3971.99	1.9902e+00	3.2327e+00
3972.76	1.3414e+01	3.3413e+00
3973.53	1.1400e+01	3.3598e+00
3974.31	8.7928e+00	3.4757e+00
3975.08	7.1757e+00	3.7176e+00
3975.86	1.1719e+01	3.7393e+00
3976.63	6.6630e+00	3.6711e+00
3977.40	2.9591e-01	3.6673e+00
3978.18	9.9761e+00	3.7919e+00
3978.95	1.0879e+01	3.9185e+00
3979.73	5.4341e+00	3.9640e+00
3980.50	8.3339e+00	3.9655e+00
3981.27	1.0905e+01	3.9606e+00
3982.05	2.5804e+00	3.9319e+00
3982.82	6.2577e+00	3.9246e+00
3983.60	1.3418e+01	4.0084e+00
3984.37	9.3097e+00	4.0223e+00
3985.14	6.1887e+00	3.9893e+00
3985.92	8.2649e+00	3.9306e+00
3986.69	1.1540e+01	3.9530e+00
3987.47	6.3290e+00	3.8260e+00
3988.24	4.2056e+00	4.1321e+00
3989.01	1.3573e+01	4.1296e+00
3989.79	7.8157e+00	4.0287e+00
3990.56	1.2086e+01	4.0351e+00
3991.34	1.1234e+01	3.9744e+00
3992.11	8.8595e+00	3.8577e+00
3992.88	7.2295e+00	4.0249e+00
3993.66	9.2330e+00	4.1486e+00
3994.43	1.1820e+01	3.8874e+00
3995.21	9.4823e+00	3.9209e+00
3995.98	3.2058e+00	4.0227e+00
3996.75	1.5881e+01	3.9996e+00
3997.53	9.3551e+00	4.3276e+00
3998.30	5.9652e+00	4.3102e+00
3999.08	1.1892e+01	4.0529e+00
3999.85	9.8178e+00	3.9831e+00
4000.62	9.7972e+00	3.9785e+00
4001.40	8.9658e+00	3.9043e+00
4002.17	1.0652e+01	3.9772e+00
4002.95	1.1656e+01	4.0691e+00
4003.72	1.0860e+01	4.0599e+00
4004.49	1.4884e+01	3.9209e+00
4005.27	1.4158e+01	3.6367e+00
4006.04	6.3755e+00	3.5863e+00
4006.82	9.1095e+00	3.7162e+00
4007.59	5.9609e+00	3.8280e+00
4008.36	7.3153e+00	3.9197e+00
4009.14	3.0813e+00	3.8494e+00
4009.91	4.5178e+00	3.8194e+00
4010.69	2.8265e+00	3.9774e+00
4011.46	2.0194e+00	4.6319e+00
4012.23	3.1796e+00	4.6266e+00
4013.01	1.0260e+01	4.5872e+00
4013.78	-6.0937e-01	4.5495e+00
4014.56	3.5340e+00	4.0905e+00
4015.33	9.9605e+00	3.9160e+00
4016.10	7.8156e+00	3.9050e+00
4016.88	7.7937e+00	3.7703e+00
4017.65	1.0147e+01	3.7577e+00
4018.43	9.5491e+00	3.8734e+00
4019.20	1.4361e+01	3.9737e+00
4019.97	8.0539e+00	3.9452e+00
4020.75	1.4415e+01	3.8898e+00
4021.52	1.0660e+01	3.7964e+00
4022.30	7.9913e+00	3.8776e+00
4023.07	9.4968e+00	3.9396e+00
4023.84	8.1141e+00	3.8610e+00
4024.62	9.1067e+00	3.7088e+00
4025.39	1.2566e+01	3.7922e+00
4026.17	8.7684e+00	3.8343e+00
4026.94	8.4909e+00	3.8423e+00
4027.71	1.0928e+01	3.9314e+00
4028.49	1.5285e+01	3.9171e+00
4029.26	8.1513e+00	3.8862e+00
4030.04	1.8787e+00	3.7705e+00
4030.81	7.1923e+00	3.5331e+00
4031.58	1.1669e+01	3.5228e+00
4032.36	8.5381e+00	3.5783e+00
4033.13	7.4312e+00	3.5581e+00
4033.91	1.0169e+01	3.5822e+00
4034.68	1.3385e+01	3.6807e+00
4035.45	8.1325e+00	3.6890e+00
4036.23	5.0976e+00	3.8152e+00
4037.00	1.1982e+01	3.7748e+00
4037.78	9.6611e+00	3.7875e+00
4038.55	6.5688e+00	3.8291e+00
4039.32	9.7276e+00	3.7862e+00
4040.10	8.2905e+00	3.6770e+00
4040.87	9.0291e+00	3.5579e+00
4041.65	8.9533e+00	3.6810e+00
4042.42	1.4413e+01	3.7927e+00
4043.19	1.3479e+01	3.7708e+00
4043.97	6.4668e+00	3.5893e+00
4044.74	9.4746e+00	3.3194e+00
4045.52	6.6884e+00	3.0749e+00
4046.29	3.6995e+00	3.1283e+00
4047.06	9.8017e+00	3.3470e+00
4047.84	7.5650e+00	3.5810e+00
4048.61	5.8782e+00	3.5877e+00
4049.39	1.3421e+01	3.6068e+00
4050.16	1.2724e+01	3.6122e+00
4050.93	4.4168e+00	3.6326e+00
4051.71	5.4686e+00	3.6243e+00
4052.48	1.0659e+01	3.5691e+00
4053.26	6.2176e+00	3.5507e+00
4054.03	5.1518e+00	3.5446e+00
4054.80	9.8436e+00	3.4569e+00
4055.58	1.0446e+01	3.3975e+00
4056.35	7.6776e+00	3.4469e+00
4057.13	8.3009e+00	3.4274e+00
4057.90	7.4867e+00	3.3820e+00
4058.67	5.5592e+00	3.4095e+00
4059.45	7.1373e+00	3.4914e+00
4060.22	6.5283e+00	3.5851e+00
4061.00	7.6441e+00	3.6801e+00
4061.77	2.9748e+00	3.5761e+00
4062.54	7.5583e+00	3.3516e+00
4063.32	1.1226e+01	3.2167e+00
4064.09	3.9759e+00	3.1795e+00
4064.87	5.8191e+00	3.4050e+00
4065.64	9.1613e+00	3.5436e+00
4066.41	6.5011e+00	3.4144e+00
4067.19	8.6504e+00	3.3319e+00
4067.96	9.7904e+00	3.4684e+00
4068.74	1.4274e+01	3.5447e+00
4069.51	1.2495e+01	3.5643e+00
4070.28	1.4259e+01	3.5891e+00
4071.06	1.2785e+01	3.4096e+00
4071.83	9.0134e+00	3.2600e+00
4072.61	4.4427e+00	3.2643e+00
4073.38	6.2707e+00	3.5449e+00
4074.15	6.6190e+00	3.4720e+00
4074.93	5.7669e+00	3.5047e+00
4075.70	6.0422e+00	3.4331e+00
4076.48	8.2099e+00	3.2714e+00
4077.25	1.0643e+01	3.2005e+00
4078.02	7.1319e+00	3.2443e+00
4078.80	1.3108e+01	3.3308e+00
4079.57	1.1536e+01	3.3612e+00
4080.35	8.0061e+00	3.5006e+00
4081.12	5.3426e+00	3.5237e+00
4081.89	6.7441e+00	3.5795e+00
4082.67	7.0490e+00	3.4697e+00
4083.44	1.0334e+01	3.3572e+00
4084.22	8.2162e+00	3.3200e+00
4084.99	1.4200e+01	3.2954e+00
4085.76	7.5557e+00	3.4264e+00
4086.54	7.2423e+00	3.4268e+00
4087.31	5.4496e+00	3.4733e+00
4088.09	4.2970e+00	3.5163e+00
4088.86	1.1240e+01	3.5170e+00
4089.63	1.2797e+01	3.4942e+00
4090.41	5.2435e+00	3.4541e+00
4091.18	8.2738e+00	3.4128e+00
4091.96	1.2450e+01	3.3267e+00
4092.73	9.9396e+00	3.3655e+00
4093.50	7.3352e+00	3.4165e+00
4094.28	1.3178e+01	3.4281e+00
4095.05	1.2989e+01	3.3436e+00
4095.83	9.5864e+00	3.2390e+00
4096.60	1.1190e+01	3.2423e+00
4097.37	9.2435e+00	3.2375e+00
4098.15	9.5677e+00	3.2202e+00
4098.92	7.7028e+00	3.2476e+00
4099.70	9.1984e+00	3.1638e+00
4100.47	8.0196e+00	2.9724e+00
4101.24	6.3576e+00	2.8616e+00
4102.02	7.4929e+00	2.7879e+00
4102.79	1.4497e+01	2.9481e+00
4103.57	1.2332e+01	3.0925e+00
4104.34	9.8959e+00	3.2001e+00
4105.11	1.1308e+01	3.2184e+00
4105.89	5.8446e+00	3.2595e+00
4106.66	2.9981e+00	3.2705e+00
4107.44	7.6919e+00	3.2624e+00
4108.21	1.0679e+01	3.2233e+00
4108.98	1.1292e+01	3.2356e+00
4109.76	1.2244e+01	3.2608e+00
4110.53	1.1682e+01	3.1855e+00
4111.31	7.2693e+00	3.2065e+00
4112.08	7.7499e+00	3.1784e+00
4112.85	8.9092e+00	3.2677e+00
4113.63	8.1290e+00	3.3230e+00
4114.40	8.5402e+00	3.2694e+00
4115.18	6.2691e+00	3.2975e+00
4115.95	8.6158e+00	3.3755e+00
4116.72	1.0041e+01	3.2986e+00
4117.50	1.2278e+01	3.3497e+00
4118.27	1.7837e+01	3.3248e+00
4119.05	9.4422e+00	3.2236e+00
4119.82	1.1230e+01	3.1669e+00
4120.59	8.1686e+00	3.2434e+00
4121.37	7.7504e+00	3.2448e+00
4122.14	4.5266e+00	3.1887e+00
4122.92	5.6566e+00	3.2499e+00
4123.69	1.1113e+01	3.2600e+00
4124.46	7.0073e+00	3.2635e+00
4125.24	7.1947e+00	3.2904e+00
4126.01	1.4204e+01	3.1840e+00
4126.79	9.7612e+00	3.1796e+00
4127.56	8.5045e+00	3.1736e+00
4128.33	1.4121e+01	3.2391e+00
4129.11	1.1373e+01	3.2296e+00
4129.88	4.2347e+00	3.2165e+00
4130.66	8.6382e+00	3.2394e+00
4131.43	7.4365e+00	3.1390e+00
4132.20	9.8309e+00	2.9850e+00
4132.98	7.1652e+00	2.9831e+00
4133.75	1.0171e+01	3.0964e+00
4134.53	7.2490e+00	3.0530e+00
4135.30	8.9398e+00	3.1367e+00
4136.07	1.0336e+01	3.2730e+00
4136.85	1.0570e+01	3.2427e+00
4137.62	5.0310e+00	3.2067e+00
4138.40	6.2093e+00	3.2232e+00
4139.17	3.4242e+00	3.2696e+00
4139.94	1.0465e+01	3.2403e+00
4140.72	7.6497e+00	3.2571e+00
4141.49	7.3251e+00	3.2364e+00
4142.27	1.2150e+01	3.0615e+00
4143.04	9.4837e+00	2.9407e+00
4143.81	6.8474e+00	2.8767e+00
4144.59	6.6634e+00	2.9726e+00
4145.36	9.1828e+00	3.1993e+00
4146.14	5.0461e+00	3.1857e+00
4146.91	9.0235e+00	3.1158e+00
4147.68	1.0552e+01	3.1082e+00
4148.46	8.4310e+00	3.1666e+00
4149.23	9.8618e+00	3.1029e+00
4150.01	9.4276e+00	3.0499e+00
4150.78	9.3825e+00	3.1080e+00
4151.55	1.3285e+01	3.1486e+00
4152.33	1.0330e+01	3.0599e+00
4153.10	8.8516e+00	2.9969e+00
4153.88	1.1530e+01	2.9581e+00
4154.65	1.0154e+01	2.9819e+00
4155.42	8.7489e+00	3.0315e+00
4156.20	4.7523e+00	2.9890e+00
4156.97	1.0448e+01	2.9561e+00
4157.75	1.0628e+01	3.0056e+00
4158.52	7.7740e+00	3.0253e+00
4159.29	9.1378e+00	3.1627e+00
4160.07	1.2910e+01	3.0963e+00
4160.84	1.2965e+01	3.0987e+00
4161.62	7.1219e+00	3.0879e+00
4162.39	7.1728e+00	3.0495e+00
4163.16	7.9424e+00	3.0816e+00
4163.94	7.2588e+00	3.0575e+00
4164.71	8.9828e+00	3.0673e+00
4165.49	8.0424e+00	3.0612e+00
4166.26	3.1159e+00	3.0669e+00
4167.03	8.4620e+00	3.0061e+00
4167.81	1.1142e+01	2.9057e+00
4168.58	1.2545e+01	2.9708e+00
4169.36	1.1667e+01	3.0719e+00
4170.13	8.2030e+00	3.1172e+00
4170.90	1.0848e+01	3.0102e+00
4171.68	9.1168e+00	2.9109e+00
4172.45	9.5455e+00	2.8036e+00
4173.23	1.1671e+01	2.8039e+00
4174.00	6.2676e+00	2.8399e+00
4174.77	4.8639e+00	2.8546e+00
4175.55	9.8087e+00	2.9149e+00
4176.32	9.4604e+00	2.8971e+00
4177.10	6.6163e+00	2.8542e+00
4177.87	1.1457e+01	2.8454e+00
4178.64	1.1886e+01	2.8320e+00
4179.42	6.6802e+00	2.9184e+00
4180.19	9.3289e+00	2.9359e+00
4180.97	1.0266e+01	2.8906e+00
4181.74	1.0465e+01	2.8005e+00
4182.51	1.1461e+01	2.8063e+00
4183.29	1.1565e+01	2.7887e+00
4184.06	7.2223e+00	2.7553e+00
4184.84	7.6959e+00	2.8350e+00
4185.61	8.8505e+00	2.8979e+00
4186.38	9.7845e+00	2.7991e+00
4187.16	9.1110e+00	2.6488e+00
4187.93	9.1639e+00	2.6270e+00
4188.71	1.1959e+01	2.7842e+00
4189.48	8.9258e+00	2.8346e+00
4190.25	8.6246e+00	2.8883e+00
4191.03	1.1671e+01	2.8256e+00
4191.80	6.2901e+00	2.7532e+00
4192.58	9.2812e+00	2.8590e+00
4193.35	1.2087e+01	2.9861e+00
4194.12	7.3540e+00	2.8681e+00
4194.90	9.1697e+00	2.7804e+00
4195.67	9.7106e+00	2.7306e+00
4196.45	1.1527e+01	2.7710e+00
4197.22	8.5944e+00	2.7822e+00
4197.99	7.7970e+00	2.7014e+00
4198.77	1.1554e+01	2.5881e+00
4199.54	7.7724e+00	2.6748e+00
4200.32	1.0724e+01	2.7739e+00
4201.09	8.5894e+00	2.6768e+00
4201.86	4.9387e+00	2.6133e+00
4202.64	7.0158e+00	2.6865e+00
4203.41	6.3298e+00	2.7394e+00
4204.19	1.0269e+01	2.7782e+00
4204.96	1.0914e+01	2.8245e+00
4205.73	7.3414e+00	2.8272e+00
4206.51	9.3441e+00	2.8041e+00
4207.28	4.7280e+00	2.8282e+00
4208.06	6.4863e+00	2.8643e+00
4208.83	7.1354e+00	2.8406e+00
4209.60	7.2580e+00	2.7393e+00
4210.38	1.0926e+01	2.7528e+00
4211.15	9.1584e+00	2.8006e+00
4211.93	9.9659e+00	2.8315e+00
4212.70	7.9949e+00	2.8298e+00
4213.47	8.8118e+00	2.8065e+00
4214.25	1.1656e+01	2.8035e+00
4215.02	9.0584e+00	2.7457e+00
4215.80	4.7062e+00	2.5904e+00
4216.57	7.0047e+00	2.6444e+00
4217.34	7.5932e+00	2.7240e+00
4218.12	6.3604e+00	2.7304e+00
4218.89	8.2327e+00	2.7741e+00
4219.67	9.4916e+00	2.7414e+00
4220.44	9.3023e+00	2.7706e+00
4221.21	7.0558e+00	2.7900e+00
4221.99	8.9657e+00	2.7464e+00
4222.76	8.5784e+00	2.6841e+00
4223.54	8.4608e+00	2.7232e+00
4224.31	1.1332e+01	2.6323e+00
4225.08	5.0692e+00	2.5232e+00
4225.86	6.7003e+00	2.3761e+00
4226.63	8.4444e+00	2.1973e+00
4227.41	8.4618e+00	2.1970e+00
4228.18	6.7807e+00	2.5055e+00
4228.95	1.0863e+01	2.7261e+00
4229.73	1.1810e+01	2.6960e+00
4230.50	7.6884e+00	2.7001e+00
4231.28	8.3194e+00	2.7586e+00
4232.05	1.0512e+01	2.7254e+00
4232.82	7.3700e+00	2.6031e+00
4233.60	8.9597e+00	2.5593e+00
4234.37	9.5644e+00	2.6223e+00
4235.15	1.0555e+01	2.6286e+00
4235.92	7.8970e+00	2.4969e+00
4236.69	6.2009e+00	2.4454e+00
4237.47	8.2357e+00	2.5219e+00
4238.24	1.0129e+01	2.6251e+00
4239.02	1.0670e+01	2.8567e+00
4239.79	8.3664e+00	2.9483e+00
4240.56	8.4538e+00	2.6305e+00
4241.34	6.6553e+00	2.6529e+00
4242.11	8.2409e+00	2.6610e+00
4242.89	5.4574e+00	2.5247e+00
4243.66	7.8786e+00	2.5949e+00
4244.43	1.1987e+01	2.6856e+00
4245.21	1.0975e+01	2.6332e+00
4245.98	8.8287e+00	2.6601e+00
4246.76	1.0054e+01	2.6200e+00
4247.53	8.8190e+00	2.5068e+00
4248.30	7.7467e+00	2.4516e+00
4249.08	9.1807e+00	2.4918e+00
4249.85	1.0208e+01	2.4073e+00
4250.63	8.7665e+00	2.3464e+00
4251.40	8.2901e+00	2.5005e+00
4252.17	1.0572e+01	2.6296e+00
4252.95	9.3143e+00	2.6250e+00
4253.72	9.7613e+00	2.5282e+00
4254.50	9.1132e+00	2.4456e+00
4255.27	6.0603e+00	2.4150e+00
4256.04	8.1983e+00	2.5181e+00
4256.82	7.4600e+00	2.6484e+00
4257.59	5.3812e+00	2.6513e+00
4258.37	5.6723e+00	2.4925e+00
4259.14	6.6343e+00	2.4231e+00
4259.91	9.3581e+00	2.3732e+00
4260.69	9.3603e+00	2.2975e+00
4261.46	5.1640e+00	2.3587e+00
4262.24	7.6268e+00	2.4989e+00
4263.01	1.0052e+01	2.5959e+00
4263.78	9.4162e+00	2.6172e+00
4264.56	1.1639e+01	2.5298e+00
4265.33	1.1569e+01	2.5344e+00
4266.11	8.4007e+00	2.6128e+00
4266.88	9.1154e+00	2.5611e+00
4267.65	1.1219e+01	2.4621e+00
4268.43	9.8152e+00	2.4456e+00
4269.20	8.0415e+00	2.4667e+00
4269.98	1.0976e+01	2.4406e+00
4270.75	8.3001e+00	2.2958e+00
4271.52	7.4782e+00	2.1700e+00
4272.30	8.9388e+00	2.2505e+00
4273.07	1.0171e+01	2.3802e+00
4273.85	9.9503e+00	2.3573e+00
4274.62	5.3498e+00	2.2632e+00
4275.39	7.7723e+00	2.2884e+00
4276.17	7.2459e+00	2.4066e+00
4276.94	5.9036e+00	2.5222e+00
4277.72	9.4959e+00	2.5176e+00
4278.49	7.6220e+00	2.5137e+00
4279.26	7.5804e+00	2.4683e+00
4280.04	9.4573e+00	2.3695e+00
4280.81	9.6521e+00	2.3682e+00
4281.59	1.0112e+01	2.4174e+00
4282.36	7.7507e+00	2.4264e+00
4283.13	9.7419e+00	2.4569e+00
4283.91	7.9394e+00	2.5246e+00
4284.68	6.4162e+00	2.4116e+00
4285.46	9.8450e+00	2.3398e+00
4286.23	4.9209e+00	2.3185e+00
4287.00	5.3126e+00	2.3563e+00
4287.78	9.9325e+00	2.3872e+00
4288.55	8.8475e+00	2.3742e+00
4289.33	6.3214e+00	2.2291e+00
4290.10	1.1143e+01	2.1929e+00
4290.87	5.9595e+00	2.2417e+00
4291.65	3.1831e+00	2.2901e+00
4292.42	6.0601e+00	2.3671e+00
4293.20	7.8337e+00	2.4602e+00
4293.97	6.8704e+00	2.3588e+00
4294.74	8.1918e+00	2.3295e+00
4295.52	9.2722e+00	2.3313e+00
4296.29	9.0421e+00	2.3641e+00
4297.07	7.6513e+00	2.2721e+00
4297.84	5.5479e+00	2.2111e+00
4298.61	8.3372e+00	2.1432e+00
4299.39	1.0509e+01	2.0062e+00
4300.16	7.9569e+00	2.0157e+00
4300.94	1.0190e+01	2.0875e+00
4301.71	5.7567e+00	2.1642e+00
4302.48	7.6717e+00	2.0988e+00
4303.26	5.7817e+00	2.0753e+00
4304.03	5.5544e+00	2.1094e+00
4304.81	8.2661e+00	2.1465e+00
4305.58	1.0012e+01	2.1276e+00
4306.35	1.1638e+01	2.1545e+00
4307.13	8.1013e+00	2.1120e+00
4307.90	7.0616e+00	1.9599e+00
4308.68	1.0707e+01	1.9276e+00
4309.45	6.8160e+00	2.0111e+00
4310.22	7.2895e+00	2.0528e+00
4311.00	9.5376e+00	2.0668e+00
4311.77	8.1421e+00	2.1289e+00
4312.55	6.7614e+00	2.1465e+00
4313.32	1.0473e+01	2.1964e+00
4314.09	1.1569e+01	2.2558e+00
4314.87	1.1007e+01	2.3117e+00
4315.64	1.1053e+01	2.3979e+00
4316.42	6.4288e+00	2.4843e+00
4317.19	5.9927e+00	2.5033e+00
4317.96	7.0390e+00	2.5134e+00
4318.74	7.4432e+00	2.4493e+00
4319.51	7.3013e+00	2.4668e+00
4320.29	6.4922e+00	2.4789e+00
4321.06	5.7264e+00	2.4101e+00
4321.83	9.5007e+00	2.4366e+00
4322.61	7.3756e+00	2.4343e+00
4323.38	8.2348e+00	2.2614e+00
4324.16	8.1163e+00	2.1358e+00
4324.93	7.3670e+00	2.0870e+00
4325.70	1.0906e+01	2.0725e+00
4326.48	1.0199e+01	2.1687e+00
4327.25	9.4611e+00	2.3338e+00
4328.03	1.0308e+01	2.4130e+00
4328.80	1.0354e+01	2.4505e+00
4329.57	8.2830e+00	2.4334e+00
4330.35	8.6166e+00	2.4033e+00
4331.12	1.0675e+01	2.3915e+00
4331.90	9.9877e+00	2.4424e+00
4332.67	7.9838e+00	2.4546e+00
4333.44	9.1565e+00	2.4136e+00
4334.22	7.5211e+00	2.4052e+00
4334.99	8.0986e+00	2.3970e+00
4335.77	7.0684e+00	2.4260e+00
4336.54	9.5606e+00	2.3805e+00
4337.31	8.2467e+00	2.2441e+00
4338.09	8.6666e+00	2.1723e+00
4338.86	1.1814e+01	2.1397e+00
4339.64	1.0231e+01	2.0656e+00
4340.41	7.5352e+00	1.9579e+00
4341.18	9.9030e+00	2.0389e+00
4341.96	9.8834e+00	2.1967e+00
4342.73	8.8899e+00	2.3429e+00
4343.51	7.9649e+00	2.2639e+00
4344.28	4.5416e+00	2.2356e+00
4345.05	1.7778e+00	2.2933e+00
4345.83	3.9237e+00	2.3682e+00
4346.60	9.6687e+00	2.3231e+00
4347.38	1.0491e+01	2.3008e+00
4348.15	1.2481e+01	2.3649e+00
4348.92	1.5235e+01	2.4167e+00
4349.70	9.1079e+00	2.4075e+00
4350.47	6.9788e+00	2.3732e+00
4351.25	8.9838e+00	2.2384e+00
4352.02	1.1503e+01	2.0970e+00
4352.79	8.4669e+00	2.1565e+00
4353.57	8.0014e+00	2.2701e+00
4354.34	9.4039e+00	2.3363e+00
4355.12	5.9164e+00	2.2494e+00
4355.89	6.1588e+00	2.2814e+00
4356.66	6.3997e+00	2.6730e+00
4357.44	8.0922e+00	2.9681e+00
4358.21	6.1700e+00	2.8958e+00
4358.99	7.8005e+00	2.5683e+00
4359.76	9.5669e+00	2.2317e+00
4360.53	8.7743e+00	2.3230e+00
4361.31	8.5758e+00	2.4043e+00
4362.08	8.6245e+00	2.4196e+00
4362.86	7.6998e+00	2.3259e+00
4363.63	8.1851e+00	2.3029e+00
4364.40	8.6124e+00	2.3510e+00
4365.18	7.7540e+00	2.3893e+00
4365.95	7.0612e+00	2.3414e+00
4366.73	7.3626e+00	2.2699e+00
4367.50	8.2215e+00	2.2328e+00
4368.27	7.8708e+00	2.2839e+00
4369.05	1.0253e+01	2.3390e+00
4369.82	8.2250e+00	2.2809e+00
4370.60	5.8052e+00	2.2522e+00
4371.37	1.0237e+01	2.2438e+00
4372.14	9.2492e+00	2.2643e+00
4372.92	8.1069e+00	2.2630e+00
4373.69	9.8858e+00	2.2216e+00
4374.47	8.9946e+00	2.1255e+00
4375.24	7.0259e+00	2.1262e+00
4376.01	1.0051e+01	2.1757e+00
4376.79	1.1440e+01	2.2485e+00
4377.56	1.0314e+01	2.2580e+00
4378.34	7.2526e+00	2.2761e+00
4379.11	7.8125e+00	2.2594e+00
4379.88	5.7259e+00	2.2230e+00
4380.66	5.0472e+00	2.2407e+00
4381.43	9.4636e+00	2.2573e+00
4382.21	1.0257e+01	2.2360e+00
4382.98	7.2826e+00	1.9699e+00
4383.75	8.9072e+00	1.7888e+00
4384.53	9.3368e+00	1.9103e+00
4385.30	6.4162e+00	2.0683e+00
4386.08	6.7097e+00	2.1964e+00
4386.85	7.8455e+00	2.2264e+00
4387.62	8.1301e+00	2.1417e+00
4388.40	1.0038e+01	2.1830e+00
4389.17	8.5448e+00	2.1784e+00
4389.95	7.8311e+00	2.1127e+00
4390.72	7.7404e+00	2.1171e+00
4391.49	1.0555e+01	2.1700e+00
4392.27	9.3840e+00	2.1980e+00
4393.04	6.1322e+00	2.2415e+00
4393.82	6.5745e+00	2.2162e+00
4394.59	8.5164e+00	2.1416e+00
4395.36	7.6002e+00	2.1059e+00
4396.14	7.9184e+00	2.1638e+00
4396.91	9.2224e+00	2.2241e+00
4397.69	7.4783e+00	2.2420e+00
4398.46	8.2815e+00	2.2460e+00
4399.23	9.3649e+00	2.2172e+00
4400.01	8.6139e+00	2.1488e+00
4400.78	9.7027e+00	2.1445e+00
4401.56	7.0841e+00	2.1689e+00
4402.33	6.9270e+00	2.2310e+00
4403.10	8.7703e+00	2.2486e+00
4403.88	7.5252e+00	2.1151e+00
4404.65	7.9608e+00	1.9908e+00
4405.43	8.5086e+00	2.0531e+00
4406.20	6.6911e+00	2.1980e+00
4406.97	7.3497e+00	2.2076e+00
4407.75	7.4144e+00	2.1587e+00
4408.52	6.0962e+00	2.1144e+00
4409.30	7.4221e+00	2.1880e+00
4410.07	9.5000e+00	2.2185e+00
4410.84	9.1709e+00	2.2395e+00
4411.62	1.2029e+01	2.2642e+00
4412.39	8.2491e+00	2.2465e+00
4413.17	8.4914e+00	2.2671e+00
4413.94	9.1266e+00	2.2143e+00
4414.71	1.0552e+01	2.1086e+00
4415.49	8.5085e+00	2.0350e+00
4416.26	8.4987e+00	2.1492e+00
4417.04	9.3929e+00	2.1820e+00
4417.81	8.7543e+00	2.1764e+00
4418.58	7.9043e+00	2.2019e+00
4419.36	1.1082e+01	2.2521e+00
4420.13	9.3245e+00	2.3769e+00
4420.91	5.4188e+00	2.6985e+00
4421.68	7.3194e+00	2.7226e+00
4422.45	9.2248e+00	2.3925e+00
4423.23	7.1259e+00	2.1529e+00
4424.00	7.9323e+00	2.1593e+00
4424.78	7.6065e+00	2.2065e+00
4425.55	7.6067e+00	2.1896e+00
4426.32	9.2524e+00	2.1746e+00
4427.10	9.7279e+00	2.1699e+00
4427.87	6.7285e+00	2.1922e+00
4428.65	6.7351e+00	2.2455e+00
4429.42	8.7563e+00	2.1990e+00
4430.19	8.4041e+00	2.1177e+00
4430.97	9.8227e+00	2.1205e+00
4431.74	1.1212e+01	2.1837e+00
4432.52	9.1730e+00	2.1947e+00
4433.29	7.0475e+00	2.1424e+00
4434.06	1.0238e+01	2.1020e+00
4434.84	6.8737e+00	2.0631e+00
4435.61	6.8337e+00	2.0122e+00
4436.39	7.6325e+00	2.0974e+00
4437.16	7.4975e+00	2.1719e+00
4437.93	4.0608e+00	2.1650e+00
4438.71	7.2633e+00	2.2174e+00
4439.48	5.9942e+00	2.1665e+00
4440.26	7.2861e+00	2.1482e+00
4441.03	1.1110e+01	2.1061e+00
4441.80	1.1634e+01	2.0872e+00
4442.58	7.7089e+00	2.0104e+00
4443.35	8.6104e+00	2.0194e+00
4444.13	9.7447e+00	2.0673e+00
4444.90	7.0333e+00	2.1640e+00
4445.67	7.1558e+00	2.2022e+00
4446.45	9.3017e+00	2.1545e+00
4447.22	7.4392e+00	2.0787e+00
4448.00	5.5109e+00	2.0642e+00
4448.77	6.4184e+00	2.1165e+00
4449.54	9.1895e+00	2.1094e+00
4450.32	8.4526e+00	2.0772e+00
4451.09	6.9109e+00	2.0787e+00
4451.87	8.7649e+00	2.1184e+00
4452.64	6.6196e+00	2.1086e+00
4453.41	6.9445e+00	2.0705e+00
4454.19	1.1136e+01	2.0012e+00
4454.96	7.0694e+00	1.9182e+00
4455.74	6.1002e+00	1.9414e+00
4456.51	8.8284e+00	2.0036e+00
4457.28	8.7396e+00	2.0345e+00
4458.06	1.2776e+01	1.9951e+00
4458.83	8.6800e+00	1.9206e+00
4459.61	7.8652e+00	1.9574e+00
4460.38	6.0804e+00	2.0262e+00
4461.15	5.4212e+00	1.9656e+00
4461.93	8.6972e+00	1.9072e+00
4462.70	9.2745e+00	1.9813e+00
4463.48	1.0793e+01	2.0609e+00
4464.25	1.0054e+01	2.0484e+00
4465.02	5.5012e+00	2.0261e+00
4465.80	7.4651e+00	2.0227e+00
4466.57	9.7401e+00	2.0425e+00
4467.35	9.0476e+00	2.0646e+00
4468.12	8.2398e+00	2.0903e+00
4468.89	8.6455e+00	2.0100e+00
4469.67	7.1505e+00	1.9605e+00
4470.44	6.8743e+00	1.9774e+00
4471.22	7.7721e+00	2.0324e+00
4471.99	7.1410e+00	2.0437e+00
4472.76	6.0637e+00	2.0224e+00
4473.54	5.2881e+00	2.0471e+00
4474.31	5.3585e+00	2.0757e+00
4475.09	7.6124e+00	2.0633e+00
4475.86	8.5459e+00	2.0193e+00
4476.63	7.4758e+00	2.0345e+00
4477.41	5.9241e+00	2.0776e+00
4478.18	7.9164e+00	2.0702e+00
4478.96	9.6458e+00	2.0603e+00
4479.73	6.4944e+00	1.9861e+00
4480.50	7.4089e+00	1.9461e+00
4481.28	9.9149e+00	1.8982e+00
4482.05	7.5198e+00	1.8898e+00
4482.83	6.4550e+00	1.9404e+00
4483.60	7.2067e+00	2.0154e+00
4484.37	8.4091e+00	2.0185e+00
4485.15	7.9609e+00	2.0108e+00
4485.92	8.3243e+00	2.0347e+00
4486.70	9.1009e+00	2.0453e+00
4487.47	8.4947e+00	2.0502e+00
4488.24	7.4710e+00	1.9828e+00
4489.02	8.9262e+00	1.9547e+00
4489.79	7.1358e+00	1.9216e+00
4490.57	5.6315e+00	1.9483e+00
4491.34	7.2749e+00	1.9856e+00
4492.11	8.6019e+00	2.0053e+00
4492.89	7.7691e+00	2.0147e+00
4493.66	7.5842e+00	1.9801e+00
4494.44	7.1168e+00	1.9251e+00
4495.21	7.0051e+00	1.9246e+00
4495.98	8.6589e+00	1.9494e+00
4496.76	8.4430e+00	1.9680e+00
4497.53	9.3256e+00	1.9955e+00
4498.31	9.4146e+00	2.0003e+00
4499.08	8.0780e+00	1.9698e+00
4499.85	6.8115e+00	2.0069e+00
4500.63	1.0015e+01	2.0065e+00
4501.40	1.0280e+01	1.9384e+00
4502.18	6.3825e+00	1.9613e+00
4502.95	1.0005e+01	2.0241e+00
4503.72	1.1246e+01	2.0398e+00
4504.50	8.5712e+00	2.0038e+00
4505.27	7.7197e+00	2.0184e+00
4506.05	9.3203e+00	2.0098e+00
4506.82	4.9091e+00	2.0159e+00
4507.59	5.3252e+00	2.0072e+00
4508.37	6.9565e+00	1.9855e+00
4509.14	8.1951e+00	2.0091e+00
4509.92	9.1722e+00	2.0300e+00
4510.69	1.1030e+01	2.0392e+00
4511.46	9.1964e+00	2.0130e+00
4512.24	6.1984e+00	1.9766e+00
4513.01	6.8785e+00	1.9704e+00
4513.79	8.6233e+00	1.9625e+00
4514.56	8.1342e+00	1.9495e+00
4515.33	7.6830e+00	1.9673e+00
4516.11	8.5331e+00	1.9703e+00
4516.88	6.9269e+00	1.9693e+00
4517.66	5.6208e+00	1.9600e+00
4518.43	9.1055e+00	1.9482e+00
4519.20	9.2315e+00	1.9480e+00
4519.98	8.2203e+00	1.9579e+00
4520.75	8.0881e+00	1.9863e+00
4521.53	9.2132e+00	2.0163e+00
4522.30	5.9084e+00	1.9450e+00
4523.07	8.4583e+00	1.9299e+00
4523.85	5.6807e+00	1.9660e+00
4524.62	6.9359e+00	1.9511e+00
4525.40	9.1225e+00	1.8959e+00
4526.17	1.0291e+01	1.8667e+00
4526.94	1.0160e+01	1.8515e+00
4527.72	1.0754e+01	1.8415e+00
4528.49	1.0589e+01	1.8190e+00
4529.27	8.4491e+00	1.8407e+00
4530.04	7.3284e+00	1.8691e+00
4530.81	8.2508e+00	1.8422e+00
4531.59	7.2626e+00	1.8648e+00
4532.36	6.5843e+00	1.9149e+00
4533.14	8.3970e+00	1.8729e+00
4533.91	8.2109e+00	1.8476e+00
4534.68	4.8953e+00	1.8352e+00
4535.46	4.6781e+00	1.8135e+00
4536.23	6.8240e+00	1.8560e+00
4537.01	9.9994e+00	1.9353e+00
4537.78	8.0558e+00	1.9501e+00
4538.55	9.1834e+00	1.9380e+00
4539.33	6.2899e+00	1.9261e+00
4540.10	8.1496e+00	1.8870e+00
4540.88	9.9143e+00	1.8500e+00
4541.65	5.8426e+00	1.8518e+00
4542.42	5.7174e+00	1.8907e+00
4543.20	6.0640e+00	1.9050e+00
4543.97	7.1577e+00	1.8933e+00
4544.75	7.3181e+00	1.8537e+00
4545.52	7.2292e+00	1.8444e+00
4546.29	6.9849e+00	1.8637e+00
4547.07	6.2819e+00	1.8668e+00
4547.84	7.6321e+00	1.8857e+00
4548.62	7.1969e+00	1.8473e+00
4549.39	8.3431e+00	1.7988e+00
4550.16	8.0377e+00	1.8054e+00
4550.94	5.8654e+00	1.8412e+00
4551.71	6.6758e+00	1.8474e+00
4552.49	8.9537e+00	1.8416e+00
4553.26	8.5041e+00	1.8308e+00
4554.03	4.7175e+00	1.8070e+00
4554.81	7.3490e+00	1.8278e+00
4555.58	8.5172e+00	1.8259e+00
4556.36	6.5322e+00	1.7997e+00
4557.13	4.6472e+00	1.8505e+00
4557.90	6.5952e+00	1.8694e+00
4558.68	7.6751e+00	1.8557e+00
4559.45	6.9375e+00	1.8646e+00
4560.23	7.6111e+00	1.8552e+00
4561.00	7.4179e+00	1.8643e+00
4561.77	6.1280e+00	1.8786e+00
4562.55	6.3807e+00	1.8920e+00
4563.32	8.3308e+00	1.8400e+00
4564.10	9.7491e+00	1.7926e+00
4564.87	7.7966e+00	1.7861e+00
4565.64	9.0808e+00	1.7641e+00
4566.42	9.1581e+00	1.8052e+00
4567.19	8.7194e+00	1.8785e+00
4567.97	1.3309e+01	1.8655e+00
4568.74	9.0873e+00	1.8292e+00
4569.51	8.1085e+00	1.8676e+00
4570.29	9.3192e+00	1.8479e+00
4571.06	6.6243e+00	1.7757e+00
4571.84	7.0330e+00	1.7695e+00
4572.61	9.1345e+00	1.8042e+00
4573.38	9.0145e+00	1.8589e+00
4574.16	7.3733e+00	1.8542e+00
4574.93	8.1672e+00	1.8304e+00
4575.71	9.6118e+00	1.8464e+00
4576.48	8.0376e+00	1.8401e+00
4577.25	8.5783e+00	1.8310e+00
4578.03	8.6699e+00	1.8274e+00
4578.80	7.3771e+00	1.8201e+00
4579.58	8.6019e+00	1.7940e+00
4580.35	9.0526e+00	1.7580e+00
4581.12	8.6033e+00	1.7501e+00
4581.90	7.8993e+00	1.7826e+00
4582.67	7.5988e+00	1.7915e+00
4583.45	8.2618e+00	1.7844e+00
4584.22	1.0061e+01	1.7812e+00
4584.99	7.1173e+00	1.7630e+00
4585.77	3.8218e+00	1.7472e+00
4586.54	5.4479e+00	1.7640e+00
4587.32	8.8125e+00	1.7925e+00
4588.09	7.3738e+00	1.7816e+00
4588.86	6.8679e+00	1.8136e+00
4589.64	9.0447e+00	1.8363e+00
4590.41	9.3826e+00	1.8044e+00
4591.19	6.8386e+00	1.7712e+00
4591.96	8.4405e+00	1.7672e+00
4592.73	9.9901e+00	1.7168e+00
4593.51	5.9603e+00	1.9152e+00
4594.28	6.3088e+00	2.1132e+00
4595.06	9.2154e+00	1.8006e+00
4595.83	8.5706e+00	1.7330e+00
4596.60	8.1226e+00	1.7624e+00
4597.38	9.0002e+00	1.7479e+00
4598.15	9.4429e+00	1.7442e+00
4598.93	6.7860e+00	1.7817e+00
4599.70	8.9408e+00	1.7549e+00
4600.47	8.4344e+00	1.7039e+00
4601.25	7.6694e+00	1.7408e+00
4602.02	8.0964e+00	1.7530e+00
4602.80	9.5424e+00	1.7479e+00
4603.57	1.1020e+01	1.7674e+00
4604.34	8.7419e+00	1.7697e+00
4605.12	8.9474e+00	1.7289e+00
4605.89	8.3611e+00	1.7325e+00
4606.67	9.0846e+00	1.7588e+00
4607.44	7.2050e+00	1.7488e+00
4608.21	7.0210e+00	1.7552e+00
4608.99	8.8169e+00	1.7851e+00
4609.76	9.2095e+00	1.7881e+00
4610.54	6.9733e+00	1.7688e+00
4611.31	8.3271e+00	1.7285e+00
4612.08	1.1264e+01	1.7564e+00
4612.86	8.1055e+00	1.7337e+00
4613.63	6.9271e+00	1.7083e+00
4614.41	8.8373e+00	1.7585e+00
4615.18	7.6929e+00	1.7640e+00
4615.95	7.6124e+00	1.7280e+00
4616.73	8.5514e+00	1.7237e+00
4617.50	6.7243e+00	1.7382e+00
4618.28	7.4842e+00	1.7263e+00
4619.05	8.4988e+00	1.7135e+00
4619.82	9.0023e+00	1.7325e+00
4620.60	7.3658e+00	1.7578e+00
4621.37	6.2840e+00	1.7581e+00
4622.15	7.2847e+00	1.7312e+00
4622.92	8.3807e+00	1.7405e+00
4623.69	8.5953e+00	1.7444e+00
4624.47	9.4234e+00	1.7313e+00
4625.24	9.3506e+00	1.7287e+00
4626.02	7.5837e+00	1.7289e+00
4626.79	7.8365e+00	1.7296e+00
4627.56	7.5128e+00	1.7381e+00
4628.34	8.8917e+00	1.7613e+00
4629.11	8.3888e+00	1.7151e+00
4629.89	5.5686e+00	1.7045e+00
4630.66	7.5406e+00	1.7278e+00
4631.43	9.2538e+00	1.7314e+00
4632.21	7.8333e+00	1.7194e+00
4632.98	6.7331e+00	1.7243e+00
4633.76	7.8406e+00	1.7092e+00
4634.53	7.0110e+00	1.7117e+00
4635.30	7.2137e+00	1.7236e+00
4636.08	7.6916e+00	1.7241e+00
4636.85	7.8376e+00	1.7105e+00
4637.63	7.7322e+00	1.6871e+00
4638.40	8.2320e+00	1.6783e+00
4639.17	9.3858e+00	1.6741e+00
4639.95	8.4119e+00	1.6653e+00
4640.72	8.9748e+00	1.6733e+00
4641.50	7.8650e+00	1.6892e+00
4642.27	6.5533e+00	1.7078e+00
4643.04	7.7971e+00	1.7078e+00
4643.82	8.0698e+00	1.6990e+00
4644.59	8.1692e+00	1.6958e+00
4645.37	8.6415e+00	1.6846e+00
4646.14	9.5177e+00	1.6316e+00
4646.91	6.9952e+00	1.6256e+00
4647.69	8.2048e+00	1.6321e+00
4648.46	8.7207e+00	1.6293e+00
4649.24	8.8949e+00	1.6434e+00
4650.01	8.9316e+00	1.6789e+00
4650.78	6.4993e+00	1.6723e+00
4651.56	5.6492e+00	1.6606e+00
4652.33	7.7661e+00	1.6786e+00
4653.11	1.0383e+01	1.7026e+00
4653.88	9.0327e+00	1.6899e+00
4654.65	7.7081e+00	1.6449e+00
4655.43	7.6343e+00	1.6461e+00
4656.20	7.5556e+00	1.6581e+00
4656.98	8.6046e+00	1.6417e+00
4657.75	9.7667e+00	1.6766e+00
4658.52	1.0891e+01	1.7120e+00
4659.30	9.2692e+00	1.7180e+00
4660.07	8.6005e+00	1.7177e+00
4660.85	8.7527e+00	1.6966e+00
4661.62	8.8950e+00	1.6840e+00
4662.39	9.1106e+00	1.6736e+00
4663.17	1.0034e+01	1.6531e+00
4663.94	9.2757e+00	1.6618e+00
4664.72	8.2095e+00	1.6690e+00
4665.49	8.1370e+00	1.6602e+00
4666.26	9.0854e+00	1.6520e+00
4667.04	1.0045e+01	1.5803e+00
4667.81	6.7452e+00	1.5218e+00
4668.59	5.4679e+00	1.5731e+00
4669.36	8.5455e+00	1.6494e+00
4670.13	9.9902e+00	1.6644e+00
4670.91	8.8706e+00	1.6838e+00
4671.68	9.3013e+00	1.6718e+00
4672.46	8.8871e+00	1.6408e+00
4673.23	7.7494e+00	1.6412e+00
4674.00	6.0874e+00	1.6532e+00
4674.78	6.9739e+00	1.6697e+00
4675.55	7.0703e+00	1.6648e+00
4676.33	6.4507e+00	1.6740e+00
4677.10	8.2378e+00	1.6797e+00
4677.87	9.0154e+00	1.6424e+00
4678.65	8.5257e+00	1.6107e+00
4679.42	8.9033e+00	1.6197e+00
4680.20	9.5636e+00	1.6305e+00
4680.97	1.0225e+01	1.6334e+00
4681.74	8.8918e+00	1.6324e+00
4682.52	7.8086e+00	1.6374e+00
4683.29	7.2443e+00	1.6547e+00
4684.07	8.5437e+00	1.6404e+00
4684.84	6.6166e+00	1.6350e+00
4685.61	7.4431e+00	1.6572e+00
4686.39	8.1290e+00	1.6612e+00
4687.16	7.9489e+00	1.6403e+00
4687.94	8.8668e+00	1.6224e+00
4688.71	8.9409e+00	1.6222e+00
4689.48	8.7642e+00	1.6184e+00
4690.26	9.0602e+00	1.6215e+00
4691.03	8.9725e+00	1.6264e+00
4691.81	7.6011e+00	1.6009e+00
4692.58	7.7582e+00	1.6145e+00
4693.35	7.9678e+00	1.6344e+00
4694.13	7.2043e+00	1.6100e+00
4694.90	1.0778e+01	1.6216e+00
4695.68	9.3481e+00	1.6500e+00
4696.45	8.7572e+00	1.6528e+00
4697.22	7.9632e+00	1.6302e+00
4698.00	6.3725e+00	1.6052e+00
4698.77	7.2657e+00	1.5829e+00
4699.55	8.0999e+00	1.5992e+00
4700.32	8.8941e+00	1.5922e+00
4701.09	8.7518e+00	1.5808e+00
4701.87	7.0808e+00	1.5472e+00
4702.64	7.1150e+00	1.6519e+00
4703.42	8.2541e+00	1.9084e+00
4704.19	7.1331e+00	1.8059e+00
4704.96	7.8271e+00	1.5727e+00
4705.74	6.6208e+00	1.6094e+00
4706.51	6.4826e+00	1.5902e+00
4707.29	1.0884e+01	1.5569e+00
4708.06	1.0253e+01	1.5499e+00
4708.83	9.2274e+00	1.5354e+00
4709.61	7.7673e+00	1.5384e+00
4710.38	6.6563e+00	1.5733e+00
4711.16	8.2503e+00	1.5802e+00
4711.93	9.1043e+00	1.5941e+00
4712.70	9.1293e+00	1.6012e+00
4713.48	9.0025e+00	1.5852e+00
4714.25	9.0262e+00	1.5471e+00
4715.03	8.2484e+00	1.5602e+00
4715.80	7.1419e+00	1.5940e+00
4716.57	8.2268e+00	1.5974e+00
4717.35	8.4195e+00	1.6148e+00
4718.12	8.7666e+00	1.6154e+00
4718.90	8.5448e+00	1.5921e+00
4719.67	7.4303e+00	1.5911e+00
4720.44	9.4227e+00	1.6303e+00
4721.22	9.2872e+00	1.6270e+00
4721.99	5.7342e+00	1.5985e+00
4722.77	7.1421e+00	1.5936e+00
4723.54	9.0721e+00	1.6050e+00
4724.31	8.8761e+00	1.5966e+00
4725.09	6.9275e+00	1.5882e+00
4725.86	6.3940e+00	1.6153e+00
4726.64	7.7125e+00	1.5941e+00
4727.41	8.0569e+00	1.5376e+00
4728.18	7.5619e+00	1.5544e+00
4728.96	6.4919e+00	1.6013e+00
4729.73	7.8896e+00	1.5853e+00
4730.51	8.2363e+00	1.5581e+00
4731.28	6.7640e+00	1.5531e+00
4732.05	7.0070e+00	1.5667e+00
4732.83	9.2372e+00	1.5784e+00
4733.60	8.7773e+00	1.5662e+00
4734.38	8.7550e+00	1.5868e+00
4735.15	8.6587e+00	1.6045e+00
4735.92	6.6213e+00	1.5522e+00
4736.70	5.1780e+00	1.4902e+00
4737.47	5.8074e+00	1.5213e+00
4738.25	8.9584e+00	1.5799e+00
4739.02	8.3078e+00	1.5793e+00
4739.79	8.5310e+00	1.5669e+00
4740.57	8.7743e+00	1.5452e+00
4741.34	5.7159e+00	1.5484e+00
4742.12	8.3450e+00	1.5997e+00
4742.89	8.0702e+00	1.6252e+00
4743.66	8.7070e+00	1.6183e+00
4744.44	1.0092e+01	1.6290e+00
4745.21	8.7656e+00	1.6107e+00
4745.99	8.0213e+00	1.5765e+00
4746.76	5.8706e+00	1.5800e+00
4747.53	7.3963e+00	1.5769e+00
4748.31	1.0610e+01	1.5610e+00
4749.08	8.9931e+00	1.5641e+00
4749.86	8.9164e+00	1.5556e+00
4750.63	9.5135e+00	1.5644e+00
4751.40	8.5804e+00	1.5566e+00
4752.18	8.8826e+00	1.5325e+00
4752.95	7.0515e+00	1.5563e+00
4753.73	7.2438e+00	1.5489e+00
4754.50	7.9264e+00	1.5249e+00
4755.27	6.7546e+00	1.5374e+00
4756.05	7.0321e+00	1.5200e+00
4756.82	8.8171e+00	1.5194e+00
4757.60	7.8962e+00	1.5508e+00
4758.37	6.1283e+00	1.5839e+00
4759.14	8.3654e+00	1.5768e+00
4759.92	1.0349e+01	1.5558e+00
4760.69	8.1637e+00	1.5686e+00
4761.47	7.0307e+00	1.5312e+00
4762.24	7.6770e+00	1.4892e+00
4763.01	8.2078e+00	1.5178e+00
4763.79	8.4083e+00	1.5252e+00
4764.56	7.0826e+00	1.4986e+00
4765.34	6.6943e+00	1.4978e+00
4766.11	6.8826e+00	1.4848e+00
4766.88	7.8558e+00	1.4909e+00
4767.66	8.4179e+00	1.5079e+00
4768.43	7.8288e+00	1.5121e+00
4769.21	7.1082e+00	1.5313e+00
4769.98	4.7718e+00	1.5477e+00
4770.75	6.4952e+00	1.5307e+00
4771.53	8.8729e+00	1.4936e+00
4772.30	6.5923e+00	1.4893e+00
4773.08	7.3307e+00	1.5057e+00
4773.85	8.5866e+00	1.5411e+00
4774.62	7.8376e+00	1.5627e+00
4775.40	7.5473e+00	1.5498e+00
4776.17	8.5376e+00	1.5282e+00
4776.95	7.9983e+00	1.5400e+00
4777.72	6.0837e+00	1.5674e+00
4778.49	7.0025e+00	1.5626e+00
4779.27	7.2386e+00	1.5303e+00
4780.04	5.4303e+00	1.5078e+00
4780.82	7.6569e+00	1.5304e+00
4781.59	8.6712e+00	1.5359e+00
4782.36	7.0054e+00	1.5166e+00
4783.14	6.9132e+00	1.4860e+00
4783.91	7.8881e+00	1.4782e+00
4784.69	8.1410e+00	1.5287e+00
4785.46	8.6650e+00	1.5096e+00
4786.23	8.4088e+00	1.4517e+00
4787.01	7.3125e+00	1.4704e+00
4787.78	7.7001e+00	1.5004e+00
4788.56	6.1660e+00	1.5030e+00
4789.33	6.3563e+00	1.4854e+00
4790.10	8.0561e+00	1.4936e+00
4790.88	8.2105e+00	1.5023e+00
4791.65	6.9546e+00	1.4998e+00
4792.43	6.5358e+00	1.4964e+00
4793.20	7.1476e+00	1.5016e+00
4793.97	6.0783e+00	1.5207e+00
4794.75	7.8003e+00	1.5693e+00
4795.52	8.7407e+00	1.5889e+00
4796.30	7.5305e+00	1.5379e+00
4797.07	7.5002e+00	1.5176e+00
4797.84	7.8000e+00	1.5086e+00
4798.62	7.5042e+00	1.5025e+00
4799.39	7.0052e+00	1.4729e+00
4800.17	8.7096e+00	1.4603e+00
4800.94	7.0659e+00	1.4954e+00
4801.71	7.5593e+00	1.5257e+00
4802.49	8.1075e+00	1.5110e+00
4803.26	5.1499e+00	1.5152e+00
4804.04	5.9724e+00	1.5294e+00
4804.81	7.6392e+00	1.5014e+00
4805.58	6.6731e+00	1.4889e+00
4806.36	4.2365e+00	1.4818e+00
4807.13	5.4810e+00	1.4709e+00
4807.91	5.6633e+00	1.4665e+00
4808.68	7.0741e+00	1.4712e+00
4809.45	7.0000e+00	1.4927e+00
4810.23	7.1234e+00	1.4962e+00
4811.00	8.2276e+00	1.4914e+00
4811.78	8.1103e+00	1.5012e+00
4812.55	9.0149e+00	1.4955e+00
4813.32	7.7240e+00	1.4929e+00
4814.10	7.9186e+00	1.4897e+00
4814.87	7.6593e+00	1.4911e+00
4815.65	6.1225e+00	1.5030e+00
4816.42	7.2076e+00	1.5130e+00
4817.19	6.7358e+00	1.5180e+00
4817.97	6.8805e+00	1.5062e+00
4818.74	7.4665e+00	1.5002e+00
4819.52	7.4906e+00	1.5131e+00
4820.29	5.7296e+00	1.5034e+00
4821.06	5.2078e+00	1.4977e+00
4821.84	8.0948e+00	1.5180e+00
4822.61	7.5497e+00	1.4969e+00
4823.39	7.0468e+00	1.4429e+00
4824.16	6.3317e+00	1.4368e+00
4824.93	5.3992e+00	1.4724e+00
4825.71	6.6571e+00	1.4934e+00
4826.48	7.6292e+00	1.4903e+00
4827.26	7.0041e+00	1.4878e+00
4828.03	6.6981e+00	1.4885e+00
4828.80	5.9309e+00	1.4505e+00
4829.58	7.1720e+00	1.4521e+00
4830.35	8.3022e+00	1.4846e+00
4831.13	7.5808e+00	1.4547e+00
4831.90	7.2688e+00	1.4440e+00
4832.67	6.5639e+00	1.4639e+00
4833.45	6.8856e+00	1.4625e+00
4834.22	7.4427e+00	1.4723e+00
4835.00	7.3648e+00	1.4772e+00
4835.77	7.5270e+00	1.4688e+00
4836.54	7.0380e+00	1.4747e+00
4837.32	7.7302e+00	1.4833e+00
4838.09	8.3710e+00	1.4826e+00
4838.87	7.2166e+00	1.4500e+00
4839.64	5.7837e+00	1.4284e+00
4840.41	6.7919e+00	1.4177e+00
4841.19	6.7546e+00	1.4355e+00
4841.96	5.4393e+00	1.4574e+00
4842.74	8.1916e+00	1.4341e+00
4843.51	9.1177e+00	1.4181e+00
4844.28	7.4029e+00	1.4508e+00
4845.06	7.3215e+00	1.4651e+00
4845.83	6.5615e+00	1.4440e+00
4846.61	6.0385e+00	1.4693e+00
4847.38	8.0052e+00	1.4738e+00
4848.15	8.0708e+00	1.4276e+00
4848.93	6.6734e+00	1.4079e+00
4849.70	7.7074e+00	1.4396e+00
4850.48	7.9315e+00	1.4559e+00
4851.25	6.5343e+00	1.4529e+00
4852.02	7.2479e+00	1.4468e+00
4852.80	8.0615e+00	1.4351e+00
4853.57	5.9395e+00	1.4328e+00
4854.35	5.5324e+00	1.4203e+00
4855.12	6.6887e+00	1.3741e+00
4855.89	6.8298e+00	1.3511e+00
4856.67	7.9930e+00	1.3915e+00
4857.44	8.1972e+00	1.3861e+00
4858.22	7.3653e+00	1.3766e+00
4858.99	8.2986e+00	1.3607e+00
4859.76	7.8375e+00	1.3085e+00
4860.54	7.6742e+00	1.2629e+00
4861.31	8.4952e+00	1.2012e+00
4862.09	7.4040e+00	1.2269e+00
4862.86	6.6637e+00	1.3100e+00
4863.63	7.4718e+00	1.3327e+00
4864.41	7.7238e+00	1.3378e+00
4865.18	7.7541e+00	1.3730e+00
4865.96	8.7244e+00	1.3858e+00
4866.73	8.5977e+00	1.4120e+00
4867.50	8.4463e+00	1.4363e+00
4868.28	8.6306e+00	1.4013e+00
4869.05	7.7736e+00	1.4070e+00
4869.83	7.6923e+00	1.4051e+00
4870.60	7.1708e+00	1.3612e+00
4871.37	7.4417e+00	1.3123e+00
4872.15	8.8013e+00	1.3075e+00
4872.92	9.0624e+00	1.3675e+00
4873.70	9.2230e+00	1.4020e+00
4874.47	6.6109e+00	1.4088e+00
4875.24	7.0192e+00	1.4036e+00
4876.02	9.2331e+00	1.3985e+00
4876.79	9.1670e+00	1.4135e+00
4877.57	8.0108e+00	1.3980e+00
4878.34	7.2190e+00	1.3656e+00
4879.11	8.3610e+00	1.4046e+00
4879.89	8.5797e+00	1.4524e+00
4880.66	8.6165e+00	1.4459e+00
4881.44	7.9886e+00	1.4092e+00
4882.21	7.2131e+00	1.3962e+00
4882.98	7.9178e+00	1.4125e+00
4883.76	8.9382e+00	1.4026e+00
4884.53	8.2641e+00	1.3987e+00
4885.31	9.3631e+00	1.3773e+00
4886.08	9.2006e+00	1.3673e+00
4886.85	8.3727e+00	1.3718e+00
4887.63	8.7798e+00	1.3819e+00
4888.40	9.4588e+00	1.3768e+00
4889.18	8.8495e+00	1.3839e+00
4889.95	7.4278e+00	1.3820e+00
4890.72	8.0192e+00	1.3090e+00
4891.50	7.3774e+00	1.2836e+00
4892.27	5.8715e+00	1.3537e+00
4893.05	8.6313e+00	1.3994e+00
4893.82	8.3739e+00	1.4157e+00
4894.59	7.7711e+00	1.4297e+00
4895.37	8.8008e+00	1.4317e+00
4896.14	7.2556e+00	1.4350e+00
4896.92	6.8570e+00	1.4406e+00
4897.69	7.4904e+00	1.4317e+00
4898.46	5.8998e+00	1.4217e+00
4899.24	6.0481e+00	1.4028e+00
4900.01	7.8943e+00	1.3986e+00
4900.79	8.5130e+00	1.4129e+00
4901.56	9.4286e+00	1.4231e+00
4902.33	8.9060e+00	1.4239e+00
4903.11	1.0971e+01	1.3804e+00
4903.88	9.1668e+00	1.3497e+00
4904.66	7.8949e+00	1.3723e+00
4905.43	8.7419e+00	1.4013e+00
4906.20	7.6215e+00	1.4148e+00
4906.98	8.8434e+00	1.4055e+00
4907.75	8.5580e+00	1.3884e+00
4908.53	8.9617e+00	1.3863e+00
4909.30	9.2978e+00	1.3815e+00
4910.07	8.1275e+00	1.3458e+00
4910.85	8.0324e+00	1.3439e+00
4911.62	8.3105e+00	1.3559e+00
4912.40	6.9977e+00	1.3975e+00
4913.17	8.2117e+00	1.3991e+00
4913.94	9.6075e+00	1.3929e+00
4914.72	6.9182e+00	1.4055e+00
4915.49	6.1342e+00	1.4060e+00
4916.27	7.7309e+00	1.3913e+00
4917.04	7.0818e+00	1.3704e+00
4917.81	8.0793e+00	1.3494e+00
4918.59	8.8797e+00	1.2968e+00
4919.36	7.2799e+00	1.2835e+00
4920.14	8.5480e+00	1.2849e+00
4920.91	7.2893e+00	1.2745e+00
4921.68	8.1763e+00	1.3200e+00
4922.46	8.7492e+00	1.3594e+00
4923.23	8.4470e+00	1.3560e+00
4924.01	8.4076e+00	1.3417e+00
4924.78	7.8791e+00	1.3415e+00
4925.55	8.8178e+00	1.3784e+00
4926.33	8.4775e+00	1.4713e+00
4927.10	7.8382e+00	1.4654e+00
4927.88	7.4363e+00	1.3949e+00
4928.65	8.0999e+00	1.4027e+00
4929.42	8.2915e+00	1.4226e+00
4930.20	8.8058e+00	1.3888e+00
4930.97	8.7450e+00	1.3679e+00
4931.75	7.5424e+00	1.4029e+00
4932.52	7.0306e+00	1.3766e+00
4933.29	7.0692e+00	1.3172e+00
4934.07	8.5924e+00	1.3158e+00
4934.84	9.2581e+00	1.3596e+00
4935.62	8.2610e+00	1.3724e+00
4936.39	8.0084e+00	1.3658e+00
4937.16	7.0156e+00	1.3595e+00
4937.94	7.6951e+00	1.3207e+00
4938.71	6.1539e+00	1.2793e+00
4939.49	6.0163e+00	1.2964e+00
4940.26	7.8372e+00	1.3472e+00
4941.03	7.9930e+00	1.3915e+00
4941.81	8.1668e+00	1.3826e+00
4942.58	7.7180e+00	1.3468e+00
4943.36	8.2147e+00	1.3685e+00
4944.13	8.9038e+00	1.3775e+00
4944.90	7.7708e+00	1.3626e+00
4945.68	8.6996e+00	1.3272e+00
4946.45	8.9386e+00	1.3252e+00
4947.23	8.9435e+00	1.3564e+00
4948.00	7.7480e+00	1.3611e+00
4948.77	7.5836e+00	1.3663e+00
4949.55	8.0346e+00	1.3545e+00
4950.32	7.3445e+00	1.3415e+00
4951.10	7.7812e+00	1.3577e+00
4951.87	7.0761e+00	1.3481e+00
4952.64	7.0804e+00	1.3607e+00
4953.42	7.3218e+00	1.3651e+00
4954.19	8.7845e+00	1.3471e+00
4954.97	7.2388e+00	1.3456e+00
4955.74	7.3575e+00	1.3599e+00
4956.51	1.0949e+01	1.3360e+00
4957.29	1.1465e+01	1.2453e+00
4958.06	9.5822e+00	1.2430e+00
4958.84	7.1309e+00	1.3092e+00
4959.61	6.7619e+00	1.3459e+00
4960.38	7.2810e+00	1.3524e+00
4961.16	6.5399e+00	1.3533e+00
4961.93	7.8661e+00	1.3482e+00
4962.71	7.8915e+00	1.3499e+00
4963.48	9.2048e+00	1.3564e+00
4964.25	8.5875e+00	1.3490e+00
4965.03	6.6375e+00	1.3321e+00
4965.80	8.3096e+00	1.3137e+00
4966.58	7.1358e+00	1.3263e+00
4967.35	7.0678e+00	1.3348e+00
4968.12	6.9514e+00	1.3175e+00
4968.90	5.5566e+00	1.3307e+00
4969.67	7.3276e+00	1.3428e+00
4970.45	8.6433e+00	1.3040e+00
4971.22	7.8609e+00	1.3172e+00
4971.99	7.3489e+00	1.3482e+00
4972.77	7.9816e+00	1.3328e+00
4973.54	7.4095e+00	1.3192e+00
4974.32	6.2660e+00	1.3413e+00
4975.09	6.4173e+00	1.3460e+00
4975.86	7.4308e+00	1.3252e+00
4976.64	7.6026e+00	1.3351e+00
4977.41	8.1853e+00	1.3208e+00
4978.19	9.3482e+00	1.2977e+00
4978.96	7.8146e+00	1.3007e+00
4979.73	7.9248e+00	1.2977e+00
4980.51	7.0215e+00	1.2985e+00
4981.28	8.0692e+00	1.3044e+00
4982.06	8.9564e+00	1.2592e+00
4982.83	6.7356e+00	1.2224e+00
4983.60	6.2996e+00	1.2248e+00
4984.38	8.2088e+00	1.2512e+00
4985.15	9.4786e+00	1.2701e+00
4985.93	8.5722e+00	1.2956e+00
4986.70	8.0979e+00	1.3257e+00
4987.47	6.3198e+00	1.3362e+00
4988.25	6.5694e+00	1.3234e+00
4989.02	7.8548e+00	1.3156e+00
4989.80	7.4556e+00	1.3216e+00
4990.57	7.7511e+00	1.3004e+00
4991.34	8.6885e+00	1.2816e+00
4992.12	7.2143e+00	1.3105e+00
4992.89	7.6328e+00	1.3257e+00
4993.67	9.2905e+00	1.3020e+00
4994.44	7.1152e+00	1.3058e+00
4995.21	6.9664e+00	1.3347e+00
4995.99	8.4076e+00	1.3176e+00
4996.76	7.7288e+00	1.3081e+00
4997.54	8.1423e+00	1.3145e+00
4998.31	8.6042e+00	1.3092e+00
4999.08	7.4261e+00	1.2931e+00
4999.86	7.6105e+00	1.2764e+00
5000.63	7.4233e+00	1.2817e+00
5001.41	6.2576e+00	1.2771e+00
5002.18	7.5995e+00	1.2658e+00
5002.95	7.2630e+00	1.2972e+00
5003.73	7.3442e+00	1.4488e+00
5004.50	7.4771e+00	1.7292e+00
5005.28	5.7060e+00	1.4742e+00
5006.05	6.4406e+00	1.1752e+00
5006.82	6.2960e+00	1.2313e+00
5007.60	7.8780e+00	1.2675e+00
5008.37	8.4252e+00	1.3009e+00
5009.15	7.9435e+00	1.3265e+00
5009.92	8.5521e+00	1.3018e+00
5010.69	8.6528e+00	1.2950e+00
5011.47	7.2786e+00	1.2858e+00
5012.24	7.2168e+00	1.2480e+00
5013.02	7.7182e+00	1.2465e+00
5013.79	7.2108e+00	1.2240e+00
5014.56	7.0753e+00	1.2202e+00
5015.34	7.8397e+00	1.2447e+00
5016.11	7.8282e+00	1.2666e+00
5016.89	6.7282e+00	1.2494e+00
5017.66	6.1136e+00	1.2147e+00
5018.43	6.4985e+00	1.2254e+00
5019.21	6.5890e+00	1.2623e+00
5019.98	7.5666e+00	1.2754e+00
5020.76	7.1059e+00	1.2835e+00
5021.53	6.7671e+00	1.2572e+00
5022.30	7.4755e+00	1.2429e+00
5023.08	7.6014e+00	1.2238e+00
5023.85	7.1732e+00	1.3052e+00
5024.63	6.5643e+00	1.3337e+00
5025.40	5.6574e+00	1.3422e+00
5026.17	7.9775e+00	1.2842e+00
5026.95	5.7077e+00	1.5574e+00
5027.72	4.7955e+00	8.0639e+02
5028.50	7.4054e+00	1.7620e+25
5029.27	8.6732e+00	2.0393e+00
5030.04	2.2617e+00	8.2741e+25
5030.82	-3.0069e-01	1.0256e+26
5031.59	-1.2197e+00	1.0497e+26
5032.37	7.5410e+00	5.5943e+25
5033.14	7.3452e+00	2.0393e+00
5033.91	6.1221e+00	1.1556e+25
5034.69	6.7008e+00	2.6390e+00
5035.46	7.0095e+00	9.9525e-01
5036.24	7.5545e+00	1.2208e+00
5037.01	7.2646e+00	1.2539e+00
5037.78	9.2384e+00	1.2751e+00
5038.56	6.7095e+00	1.2298e+00
5039.33	6.4623e+00	1.2195e+00
5040.11	9.0200e+00	1.2298e+00
5040.88	7.2598e+00	1.1984e+00
5041.65	7.1789e+00	1.1712e+00
5042.43	8.5816e+00	1.2016e+00
5043.20	7.2243e+00	1.2545e+00
5043.98	6.4736e+00	1.2590e+00
5044.75	8.5210e+00	1.2537e+00
5045.52	6.9529e+00	1.2788e+00
5046.30	7.5434e+00	1.2845e+00
5047.07	7.1671e+00	1.2716e+00
5047.85	7.6868e+00	1.2311e+00
5048.62	7.6258e+00	1.2118e+00
5049.39	6.3216e+00	1.2158e+00
5050.17	6.8796e+00	1.2202e+00
5050.94	7.1911e+00	1.2356e+00
5051.72	7.5593e+00	1.2283e+00
5052.49	7.4175e+00	1.2203e+00
5053.26	8.0396e+00	1.2482e+00
5054.04	7.2193e+00	1.2521e+00
5054.81	7.0164e+00	1.2614e+00
5055.59	6.9586e+00	1.2597e+00
5056.36	7.9594e+00	1.2554e+00
5057.13	8.2820e+00	1.2405e+00
5057.91	7.3240e+00	1.2409e+00
5058.68	7.8758e+00	1.2472e+00
5059.46	8.1698e+00	1.2338e+00
5060.23	7.5866e+00	1.2555e+00
5061.00	6.6871e+00	1.2565e+00
5061.78	7.6406e+00	1.2413e+00
5062.55	7.2008e+00	1.2533e+00
5063.33	7.2209e+00	1.2598e+00
5064.10	8.0047e+00	1.2420e+00
5064.87	8.0585e+00	1.1962e+00
5065.65	8.6793e+00	1.2081e+00
5066.42	8.0940e+00	1.2328e+00
5067.20	8.5019e+00	1.2405e+00
5067.97	6.5941e+00	1.2351e+00
5068.74	8.1112e+00	1.2216e+00
5069.52	7.8634e+00	1.2343e+00
5070.29	5.9219e+00	1.2579e+00
5071.07	6.3383e+00	1.2451e+00
5071.84	6.4870e+00	1.2116e+00
5072.61	6.8079e+00	1.2080e+00
5073.39	7.8327e+00	1.2157e+00
5074.16	6.3833e+00	1.2546e+00
5074.94	7.2117e+00	1.2343e+00
5075.71	8.4697e+00	1.2311e+00
5076.48	6.5800e+00	1.2413e+00
5077.26	6.4055e+00	1.2392e+00
5078.03	8.5089e+00	1.2338e+00
5078.81	8.2438e+00	1.1979e+00
5079.58	7.3043e+00	1.1511e+00
5080.35	7.2771e+00	1.1537e+00
5081.13	6.6759e+00	1.1905e+00
5081.90	6.6676e+00	1.2153e+00
5082.68	7.3192e+00	1.2114e+00
5083.45	7.2619e+00	1.1902e+00
5084.22	6.9891e+00	1.2067e+00
5085.00	7.0192e+00	1.2347e+00
5085.77	8.1279e+00	1.2571e+00
5086.55	7.9584e+00	1.2438e+00
5087.32	6.9655e+00	1.2292e+00
5088.09	5.7653e+00	1.2219e+00
5088.87	7.6378e+00	1.2279e+00
5089.64	7.6104e+00	1.2246e+00
5090.42	5.9707e+00	1.2248e+00
5091.19	7.2013e+00	1.2223e+00
5091.96	7.8275e+00	1.2286e+00
5092.74	6.7301e+00	1.2317e+00
5093.51	7.4305e+00	1.2430e+00
5094.29	7.0022e+00	1.2277e+00
5095.06	7.3913e+00	1.2464e+00
5095.83	7.9493e+00	1.2376e+00
5096.61	8.6560e+00	1.1907e+00
5097.38	8.4959e+00	1.1944e+00
5098.16	6.2385e+00	1.1640e+00
5098.93	6.5232e+00	1.1435e+00
5099.70	6.5035e+00	1.1685e+00
5100.48	9.0013e+00	1.2010e+00
5101.25	8.2608e+00	1.2304e+00
5102.03	7.4488e+00	1.2476e+00
5102.80	5.9257e+00	1.2158e+00
5103.57	7.3498e+00	1.1932e+00
5104.35	6.9922e+00	1.1996e+00
5105.12	6.8596e+00	1.2138e+00
5105.90	8.0247e+00	1.2195e+00
5106.67	8.4787e+00	1.2054e+00
5107.44	6.3879e+00	1.1754e+00
5108.22	7.5404e+00	1.1895e+00
5108.99	7.2165e+00	1.1970e+00
5109.77	6.6941e+00	1.1794e+00
5110.54	8.1653e+00	1.1688e+00
5111.31	6.8207e+00	1.1960e+00
5112.09	7.1336e+00	1.2176e+00
5112.86	8.1201e+00	1.2163e+00
5113.64	7.1792e+00	1.2085e+00
5114.41	7.5176e+00	1.2129e+00
5115.18	8.2906e+00	1.2115e+00
5115.96	6.5057e+00	1.2322e+00
5116.73	7.3065e+00	1.2496e+00
5117.51	6.7349e+00	1.2170e+00
5118.28	6.1703e+00	1.2105e+00
5119.05	5.8814e+00	1.2182e+00
5119.83	5.6748e+00	1.2218e+00
5120.60	5.3343e+00	1.2075e+00
5121.38	6.6491e+00	1.1831e+00
5122.15	5.7998e+00	1.1959e+00
5122.92	7.8466e+00	1.1878e+00
5123.70	4.7125e+00	1.1623e+00
5124.47	5.7245e+00	1.1692e+00
5125.25	6.2528e+00	1.1658e+00
5126.02	5.6857e+00	1.1599e+00
5126.79	5.4286e+00	1.1769e+00
5127.57	5.4370e+00	1.1833e+00
5128.34	7.3135e+00	1.1942e+00
5129.12	8.8435e+00	1.1609e+00
5129.89	7.1507e+00	1.1577e+00
5130.66	7.2970e+00	1.1891e+00
5131.44	6.9160e+00	1.1844e+00
5132.21	7.8416e+00	1.1845e+00
5132.99	6.7117e+00	1.1700e+00
5133.76	6.5113e+00	1.1676e+00
5134.53	6.3654e+00	1.1925e+00
5135.31	5.8937e+00	1.1983e+00
5136.08	7.5074e+00	1.1822e+00
5136.86	5.7861e+00	1.1558e+00
5137.63	6.2169e+00	1.1817e+00
5138.40	6.0786e+00	1.2019e+00
5139.18	6.6753e+00	1.1486e+00
5139.95	6.9843e+00	1.1580e+00
5140.73	6.9274e+00	1.2161e+00
5141.50	6.4372e+00	1.2043e+00
5142.27	7.2190e+00	1.1678e+00
5143.05	6.8383e+00	1.1534e+00
5143.82	7.4110e+00	1.2011e+00
5144.60	6.8647e+00	1.1753e+00
5145.37	5.4539e+00	1.1563e+00
5146.14	6.7402e+00	1.1434e+00
5146.92	6.9625e+00	1.1528e+00
5147.69	5.6726e+00	1.1456e+00
5148.47	5.4808e+00	1.1350e+00
5149.24	6.4135e+00	1.1622e+00
5150.01	7.3646e+00	1.1854e+00
5150.79	5.9289e+00	1.1612e+00
5151.56	7.6558e+00	1.1512e+00
5152.34	6.2670e+00	1.1631e+00
5153.11	6.7664e+00	1.1705e+00
5153.88	7.2223e+00	1.1557e+00
5154.66	6.8704e+00	1.1759e+00
5155.43	7.2098e+00	1.1557e+00
5156.21	6.8161e+00	1.1623e+00
5156.98	5.5809e+00	1.1849e+00
5157.75	5.9876e+00	1.1769e+00
5158.53	7.4017e+00	1.1698e+00
5159.30	5.9996e+00	1.1543e+00
5160.08	7.4659e+00	1.1655e+00
5160.85	8.0850e+00	1.1615e+00
5161.62	6.5067e+00	1.1620e+00
5162.40	6.6185e+00	1.1407e+00
5163.17	6.9169e+00	1.1498e+00
5163.95	4.8587e+00	1.1525e+00
5164.72	5.9938e+00	1.1390e+00
5165.49	7.3032e+00	1.1250e+00
5166.27	5.9021e+00	1.0893e+00
5167.04	6.1571e+00	1.0211e+00
5167.82	7.4149e+00	1.0199e+00
5168.59	5.6983e+00	1.0505e+00
5169.36	6.8008e+00	1.0833e+00
5170.14	5.6949e+00	1.1566e+00
5170.91	6.9067e+00	1.1223e+00
5171.69	6.4970e+00	1.0527e+00
5172.46	7.0675e+00	9.7805e-01
5173.23	7.6258e+00	1.0029e+00
5174.01	8.9508e+00	1.0920e+00
5174.78	8.2069e+00	1.1504e+00
5175.56	8.0023e+00	1.1600e+00
5176.33	6.7846e+00	1.1580e+00
5177.10	7.8216e+00	1.1436e+00
5177.88	6.7961e+00	1.1515e+00
5178.65	7.4689e+00	1.1724e+00
5179.43	7.3432e+00	1.1576e+00
5180.20	5.1204e+00	1.1432e+00
5180.97	5.8475e+00	1.1346e+00
5181.75	7.5363e+00	1.1213e+00
5182.52	7.3393e+00	1.0758e+00
5183.30	6.7111e+00	9.5058e-01
5184.07	7.3197e+00	9.3513e-01
5184.84	6.1901e+00	1.0375e+00
5185.62	6.2908e+00	1.1020e+00
5186.39	6.3666e+00	1.1188e+00
5187.17	8.5785e+00	1.1539e+00
5187.94	8.1133e+00	1.1743e+00
5188.71	5.2582e+00	1.1874e+00
5189.49	5.3241e+00	1.1832e+00
5190.26	7.2166e+00	1.1766e+00
5191.04	7.6872e+00	1.1180e+00
5191.81	7.2694e+00	1.0907e+00
5192.58	7.2742e+00	1.1138e+00
5193.36	7.9194e+00	1.1300e+00
5194.13	7.0884e+00	1.1406e+00
5194.91	8.2930e+00	1.1263e+00
5195.68	7.0534e+00	1.1001e+00
5196.45	7.4610e+00	1.1216e+00
5197.23	6.6231e+00	1.1455e+00
5198.00	6.2943e+00	1.1579e+00
5198.78	5.9434e+00	1.1591e+00
5199.55	7.4288e+00	1.1616e+00
5200.32	6.5065e+00	1.1597e+00
5201.10	6.5180e+00	1.1715e+00
5201.87	6.4187e+00	1.1371e+00
5202.65	7.6728e+00	1.1489e+00
5203.42	6.8191e+00	1.1845e+00
5204.19	5.5634e+00	1.1269e+00
5204.97	6.8580e+00	1.0939e+00
5205.74	7.6817e+00	1.0887e+00
5206.52	7.6180e+00	1.1062e+00
5207.29	7.0741e+00	1.1203e+00
5208.06	6.5855e+00	1.0948e+00
5208.84	8.0336e+00	1.0717e+00
5209.61	8.8534e+00	1.1218e+00
5210.39	6.6605e+00	1.1302e+00
5211.16	7.8939e+00	1.1235e+00
5211.93	7.5189e+00	1.1395e+00
5212.71	6.5493e+00	1.1531e+00
5213.48	7.0471e+00	1.1542e+00
5214.26	5.6975e+00	1.1400e+00
5215.03	6.0837e+00	1.1065e+00
5215.80	6.4849e+00	1.0929e+00
5216.58	6.7772e+00	1.1107e+00
5217.35	7.7531e+00	1.1137e+00
5218.13	7.1338e+00	1.1154e+00
5218.90	7.0962e+00	1.1402e+00
5219.67	8.0471e+00	1.1360e+00
5220.45	8.6190e+00	1.1343e+00
5221.22	6.0952e+00	1.1324e+00
5222.00	7.1305e+00	1.1445e+00
5222.77	8.3194e+00	1.1316e+00
5223.54	8.0841e+00	1.1474e+00
5224.32	6.8402e+00	1.1479e+00
5225.09	5.9034e+00	1.1108e+00
5225.87	5.4085e+00	1.0931e+00
5226.64	5.6320e+00	1.0326e+00
5227.41	7.3276e+00	1.0151e+00
5228.19	6.1983e+00	1.1496e+00
5228.96	6.3424e+00	1.1786e+00
5229.74	7.4320e+00	1.1036e+00
5230.51	7.2008e+00	1.1112e+00
5231.28	6.8685e+00	1.1326e+00
5232.06	7.4107e+00	1.1171e+00
5232.83	6.4518e+00	1.0522e+00
5233.61	6.1110e+00	1.0667e+00
5234.38	7.4688e+00	1.1010e+00
5235.15	6.8151e+00	1.0991e+00
5235.93	7.3766e+00	1.1060e+00
5236.70	8.1889e+00	1.1204e+00
5237.48	6.5179e+00	1.1285e+00
5238.25	5.8029e+00	1.1442e+00
5239.02	6.7825e+00	1.1483e+00
5239.80	5.8507e+00	1.1418e+00
5240.57	6.7340e+00	1.1383e+00
5241.35	7.1967e+00	1.1398e+00
5242.12	7.5152e+00	1.1264e+00
5242.89	8.5930e+00	1.1001e+00
5243.67	6.9670e+00	1.1014e+00
5244.44	6.7036e+00	1.1350e+00
5245.22	7.6849e+00	1.1323e+00
5245.99	7.6845e+00	1.1151e+00
5246.76	5.7933e+00	1.0955e+00
5247.54	5.4845e+00	1.0944e+00
5248.31	5.9195e+00	1.1094e+00
5249.09	7.4753e+00	1.1325e+00
5249.86	7.4494e+00	1.1092e+00
5250.63	6.3752e+00	1.0813e+00
5251.41	6.8542e+00	1.0979e+00
5252.18	6.8076e+00	1.1068e+00
5252.96	6.1488e+00	1.0955e+00
5253.73	7.1297e+00	1.1018e+00
5254.50	6.1427e+00	1.0955e+00
5255.28	6.7419e+00	1.0988e+00
5256.05	7.1437e+00	1.1262e+00
5256.83	6.8471e+00	1.1077e+00
5257.60	7.2902e+00	1.1124e+00
5258.37	5.2948e+00	1.1216e+00
5259.15	6.1586e+00	1.1105e+00
5259.92	6.8652e+00	1.1249e+00
5260.70	6.9483e+00	1.1091e+00
5261.47	6.4059e+00	1.0848e+00
5262.24	7.6630e+00	1.0649e+00
5263.02	6.1159e+00	1.1032e+00
5263.79	6.7303e+00	1.1733e+00
5264.57	6.3040e+00	1.1342e+00
5265.34	5.9339e+00	1.0462e+00
5266.11	6.9267e+00	1.0156e+00
5266.89	7.0781e+00	1.0475e+00
5267.66	7.0248e+00	1.0774e+00
5268.44	5.6059e+00	1.0771e+00
5269.21	4.7164e+00	1.0064e+00
5269.98	4.8426e+00	9.6780e-01
5270.76	6.1051e+00	1.0278e+00
5271.53	6.0227e+00	1.0907e+00
5272.31	5.7894e+00	1.0864e+00
5273.08	6.2634e+00	1.0562e+00
5273.85	6.2944e+00	1.0794e+00
5274.63	6.5993e+00	1.0946e+00
5275.40	7.9415e+00	1.0477e+00
5276.18	6.7999e+00	1.0692e+00
5276.95	6.3509e+00	1.1083e+00
5277.72	6.6409e+00	1.1184e+00
5278.50	7.4736e+00	1.1131e+00
5279.27	6.7588e+00	1.1170e+00
5280.05	6.7368e+00	1.1090e+00
5280.82	5.9458e+00	1.1009e+00
5281.59	7.4247e+00	1.0757e+00
5282.37	7.4817e+00	1.0838e+00
5283.14	6.9199e+00	1.0816e+00
5283.92	5.3965e+00	1.0479e+00
5284.69	7.3765e+00	1.0726e+00
5285.46	7.4554e+00	1.1071e+00
5286.24	6.7508e+00	1.1160e+00
5287.01	7.2180e+00	1.1238e+00
5287.79	6.1411e+00	1.1092e+00
5288.56	7.4095e+00	1.0981e+00
5289.33	5.6814e+00	1.1023e+00
5290.11	5.8748e+00	1.1016e+00
5290.88	6.7130e+00	1.1207e+00
5291.66	7.9321e+00	1.1156e+00
5292.43	7.0713e+00	1.1084e+00
5293.20	7.6606e+00	1.1118e+00
5293.98	7.4274e+00	1.1010e+00
5294.75	7.6840e+00	1.1057e+00
5295.53	7.1539e+00	1.1007e+00
5296.30	7.0533e+00	1.0859e+00
5297.07	8.5469e+00	1.0705e+00
5297.85	7.6816e+00	1.0353e+00
5298.62	5.7831e+00	1.0483e+00
5299.40	6.5504e+00	1.0902e+00
5300.17	7.0948e+00	1.0775e+00
5300.94	6.2380e+00	1.0659e+00
5301.72	7.0948e+00	1.0802e+00
5302.49	7.7539e+00	1.0704e+00
5303.27	6.3597e+00	1.1055e+00
5304.04	8.0725e+00	1.1061e+00
5304.81	7.4887e+00	1.1124e+00
5305.59	6.4146e+00	1.1048e+00
5306.36	6.6615e+00	1.1035e+00
5307.14	7.6585e+00	1.0811e+00
5307.91	6.9062e+00	1.0951e+00
5308.68	6.2079e+00	1.0871e+00
5309.46	6.3207e+00	1.0987e+00
5310.23	6.5455e+00	1.0897e+00
5311.01	6.1510e+00	1.0954e+00
5311.78	7.2940e+00	1.1055e+00
5312.55	6.7330e+00	1.1090e+00
5313.33	6.6195e+00	1.1049e+00
5314.10	7.2087e+00	1.1076e+00
5314.88	6.7147e+00	1.1005e+00
5315.65	5.0600e+00	1.0804e+00
5316.42	7.2288e+00	1.0715e+00
5317.20	7.4409e+00	1.0786e+00
5317.97	6.9702e+00	1.0973e+00
5318.75	7.2628e+00	1.0810e+00
5319.52	7.6263e+00	1.0869e+00
5320.29	7.9199e+00	1.0915e+00
5321.07	6.4995e+00	1.1013e+00
5321.84	5.3625e+00	1.0784e+00
5322.62	6.3410e+00	1.0885e+00
5323.39	6.2275e+00	1.0749e+00
5324.16	6.3688e+00	1.0479e+00
5324.94	6.4055e+00	1.0561e+00
5325.71	6.2594e+00	1.0740e+00
5326.49	7.0100e+00	1.0854e+00
5327.26	8.5037e+00	1.0610e+00
5328.03	6.1636e+00	9.9027e-01
5328.81	6.3420e+00	1.0040e+00
5329.58	5.3520e+00	1.0561e+00
5330.36	5.8506e+00	1.0710e+00
5331.13	5.7053e+00	1.0968e+00
5331.90	6.5831e+00	1.0886e+00
5332.68	6.3019e+00	1.0687e+00
5333.45	5.9744e+00	1.0739e+00
5334.23	6.2338e+00	1.0874e+00
5335.00	7.4712e+00	1.0892e+00
5335.77	7.3220e+00	1.0874e+00
5336.55	6.8503e+00	1.0727e+00
5337.32	6.5981e+00	1.0766e+00
5338.10	7.4154e+00	1.0857e+00
5338.87	6.6887e+00	1.0815e+00
5339.64	7.1693e+00	1.0655e+00
5340.42	7.0621e+00	1.0450e+00
5341.19	7.4969e+00	1.0469e+00
5341.97	5.5701e+00	1.0671e+00
5342.74	6.8449e+00	1.0622e+00
5343.51	5.2130e+00	1.0791e+00
5344.29	5.6547e+00	1.0927e+00
5345.06	6.4881e+00	1.0726e+00
5345.84	7.0365e+00	1.0672e+00
5346.61	7.3778e+00	1.0824e+00
5347.38	6.7223e+00	1.0981e+00
5348.16	7.0393e+00	1.0767e+00
5348.93	6.7845e+00	1.0673e+00
5349.71	7.2178e+00	1.0621e+00
5350.48	8.4510e+00	1.0905e+00
5351.25	6.2670e+00	1.1003e+00
5352.03	6.4204e+00	1.0972e+00
5352.80	6.8559e+00	1.0803e+00
5353.58	6.9640e+00	1.0678e+00
5354.35	8.2964e+00	1.0870e+00
5355.12	6.8855e+00	1.0840e+00
5355.90	6.7526e+00	1.0955e+00
5356.67	8.4991e+00	1.0943e+00
5357.45	5.9398e+00	1.1040e+00
5358.22	5.9750e+00	1.1031e+00
5358.99	6.7995e+00	1.0974e+00
5359.77	6.8901e+00	1.0892e+00
5360.54	6.7187e+00	1.0934e+00
5361.32	5.6450e+00	1.0846e+00
5362.09	6.9459e+00	1.0817e+00
5362.86	7.2773e+00	1.0634e+00
5363.64	7.0648e+00	1.0663e+00
5364.41	7.2663e+00	1.0679e+00
5365.19	7.7770e+00	1.0413e+00
5365.96	6.3993e+00	1.0603e+00
5366.73	7.1106e+00	1.0674e+00
5367.51	6.7971e+00	1.0500e+00
5368.28	6.8919e+00	1.0467e+00
5369.06	5.6547e+00	1.0552e+00
5369.83	6.7372e+00	1.0480e+00
5370.60	6.9438e+00	1.0400e+00
5371.38	6.2971e+00	1.0094e+00
5372.15	5.1050e+00	1.0383e+00
5372.93	6.0463e+00	1.0703e+00
5373.70	6.5651e+00	1.0707e+00
5374.47	5.4629e+00	1.0595e+00
5375.25	5.4188e+00	1.0800e+00
5376.02	5.9813e+00	1.1056e+00
5376.80	6.8416e+00	1.0841e+00
5377.57	6.8073e+00	1.0718e+00
5378.34	7.3182e+00	1.0837e+00
5379.12	6.7882e+00	1.0815e+00
5379.89	5.6563e+00	1.0767e+00
5380.67	6.7216e+00	1.0660e+00
5381.44	6.8655e+00	1.1043e+00
5382.21	7.7827e+00	1.0772e+00
5382.99	6.6626e+00	1.0571e+00
5383.76	8.1677e+00	1.0535e+00
5384.54	7.4232e+00	1.0911e+00
5385.31	5.5695e+00	1.0846e+00
5386.08	5.6202e+00	1.0693e+00
5386.86	6.7753e+00	1.0858e+00
5387.63	6.7360e+00	1.0919e+00
5388.41	6.4048e+00	1.0816e+00
5389.18	7.0465e+00	1.0751e+00
5389.95	8.8634e+00	1.0664e+00
5390.73	8.0028e+00	1.0628e+00
5391.50	6.7739e+00	1.0590e+00
5392.28	6.4712e+00	1.0732e+00
5393.05	6.7711e+00	1.0438e+00
5393.82	7.5080e+00	1.0485e+00
5394.60	7.3815e+00	1.0752e+00
5395.37	7.5659e+00	1.0787e+00
5396.15	5.7393e+00	1.0692e+00
5396.92	6.3539e+00	1.0311e+00
5397.69	7.1461e+00	1.0293e+00
5398.47	6.8897e+00	1.0729e+00
5399.24	5.8121e+00	1.0712e+00
5400.02	5.9301e+00	1.0610e+00
5400.79	5.6782e+00	1.0518e+00
5401.56	7.0337e+00	1.0640e+00
5402.34	6.4555e+00	1.0670e+00
5403.11	6.8577e+00	1.0694e+00
5403.89	6.0798e+00	1.0255e+00
5404.66	7.6739e+00	1.0206e+00
5405.43	5.8848e+00	1.0107e+00
5406.21	7.8675e+00	1.0162e+00
5406.98	6.3723e+00	1.0444e+00
5407.76	5.6241e+00	1.0626e+00
5408.53	7.7948e+00	1.0618e+00
5409.30	6.3422e+00	1.0436e+00
5410.08	6.3861e+00	1.0338e+00
5410.85	7.4288e+00	9.9724e-01
5411.63	6.0613e+00	1.0192e+00
5412.40	6.7180e+00	1.0310e+00
5413.17	7.3301e+00	1.0246e+00
5413.95	6.5383e+00	1.0383e+00
5414.72	8.0772e+00	1.0231e+00
5415.50	6.6057e+00	1.0111e+00
5416.27	5.9141e+00	1.0444e+00
5417.04	6.6582e+00	1.0409e+00
5417.82	6.6815e+00	1.0306e+00
5418.59	5.9083e+00	1.0332e+00
5419.37	5.6218e+00	1.0479e+00
5420.14	6.8279e+00	1.0199e+00
5420.91	6.3814e+00	1.0162e+00
5421.69	6.5007e+00	1.0196e+00
5422.46	6.6151e+00	1.0403e+00
5423.24	6.1399e+00	1.0198e+00
5424.01	6.8689e+00	9.9244e-01
5424.78	6.5391e+00	9.9133e-01
5425.56	5.3428e+00	1.0331e+00
5426.33	6.1584e+00	1.0447e+00
5427.11	6.2661e+00	1.0364e+00
5427.88	6.7054e+00	1.0452e+00
5428.65	6.2429e+00	1.0290e+00
5429.43	5.8552e+00	9.8260e-01
5430.20	7.5261e+00	9.7585e-01
5430.98	6.5413e+00	1.0181e+00
5431.75	5.7684e+00	1.0345e+00
5432.52	5.9859e+00	1.0255e+00
5433.30	6.7377e+00	1.0076e+00
5434.07	5.9090e+00	9.9447e-01
5434.85	7.1998e+00	9.8545e-01
5435.62	6.5948e+00	1.0105e+00
5436.39	5.7719e+00	1.0151e+00
5437.17	6.4746e+00	1.0203e+00
5437.94	6.8599e+00	1.0331e+00
5438.72	5.5755e+00	1.0348e+00
5439.49	6.1617e+00	1.0262e+00
5440.26	7.3341e+00	1.0268e+00
5441.04	7.7454e+00	1.0450e+00
5441.81	6.0230e+00	1.0284e+00
5442.59	5.9586e+00	1.0336e+00
5443.36	7.1686e+00	1.0337e+00
5444.13	7.5196e+00	1.0114e+00
5444.91	6.0109e+00	1.0002e+00
5445.68	5.3811e+00	1.0075e+00
5446.46	6.8594e+00	9.8645e-01
5447.23	7.0917e+00	9.7147e-01
5448.00	6.3503e+00	1.0079e+00
5448.78	6.9773e+00	1.0348e+00
5449.55	6.6375e+00	1.0305e+00
5450.33	5.6454e+00	1.0265e+00
5451.10	7.8171e+00	1.0238e+00
5451.87	5.4859e+00	1.0196e+00
5452.65	6.1213e+00	1.0196e+00
5453.42	6.8549e+00	1.0253e+00
5454.20	6.3950e+00	1.0206e+00
5454.97	5.9805e+00	9.8861e-01
5455.74	6.1730e+00	9.6532e-01
5456.52	6.6578e+00	9.9030e-01
5457.29	6.1232e+00	1.0236e+00
5458.07	6.2412e+00	1.0274e+00
5458.84	6.7562e+00	1.0364e+00
5459.61	7.3969e+00	1.0282e+00
5460.39	6.8232e+00	1.0284e+00
5461.16	6.2434e+00	1.0280e+00
5461.94	6.0193e+00	1.0095e+00
5462.71	5.8239e+00	9.8047e-01
5463.48	6.7441e+00	9.7964e-01
5464.26	6.9318e+00	9.9812e-01
5465.03	6.9613e+00	1.0151e+00
5465.81	6.8137e+00	1.0171e+00
5466.58	7.5602e+00	9.9140e-01
5467.35	6.6868e+00	1.0029e+00
5468.13	6.7358e+00	1.0172e+00
5468.90	7.3511e+00	1.0125e+00
5469.68	7.8334e+00	1.0077e+00
5470.45	5.1452e+00	9.9975e-01
5471.22	5.2290e+00	1.0044e+00
5472.00	6.8444e+00	1.0118e+00
5472.77	6.1167e+00	1.0068e+00
5473.55	6.8880e+00	9.9870e-01
5474.32	7.7796e+00	1.0096e+00
5475.09	6.3001e+00	1.0044e+00
5475.87	6.6181e+00	9.8773e-01
5476.64	6.6397e+00	9.5542e-01
5477.42	4.7856e+00	9.7308e-01
5478.19	6.5477e+00	9.9308e-01
5478.96	7.4830e+00	1.0104e+00
5479.74	6.3602e+00	1.0067e+00
5480.51	6.6413e+00	9.8815e-01
5481.29	6.1007e+00	9.7968e-01
5482.06	7.4266e+00	9.8876e-01
5482.83	7.0287e+00	1.0035e+00
5483.61	6.6199e+00	9.8757e-01
5484.38	6.5359e+00	9.9831e-01
5485.16	5.4427e+00	1.0109e+00
5485.93	6.3765e+00	9.9795e-01
5486.70	7.4006e+00	9.9603e-01
5487.48	7.3038e+00	9.8810e-01
5488.25	7.0005e+00	9.9362e-01
5489.03	7.2247e+00	9.9955e-01
5489.80	6.7581e+00	1.0034e+00
5490.57	6.2530e+00	1.0038e+00
5491.35	7.6828e+00	1.0128e+00
5492.12	7.5988e+00	1.0110e+00
5492.90	5.4959e+00	9.9578e-01
5493.67	7.5686e+00	9.9723e-01
5494.44	7.4170e+00	9.9770e-01
5495.22	5.5068e+00	9.9171e-01
5495.99	7.7307e+00	9.8784e-01
5496.77	6.9413e+00	9.9234e-01
5497.54	6.5335e+00	9.7724e-01
5498.31	7.5385e+00	9.9929e-01
5499.09	6.1745e+00	1.0111e+00
5499.86	5.6274e+00	9.8429e-01
5500.64	7.0554e+00	9.9117e-01
5501.41	6.3756e+00	9.8690e-01
5502.18	6.6811e+00	9.7633e-01
5502.96	6.5819e+00	9.8413e-01
5503.73	6.8053e+00	9.8863e-01
5504.51	6.9241e+00	9.9587e-01
5505.28	7.2093e+00	9.9483e-01
5506.05	6.2727e+00	9.6766e-01
5506.83	6.3710e+00	9.4987e-01
5507.60	6.7792e+00	9.8463e-01
5508.38	5.4099e+00	9.9244e-01
5509.15	5.9622e+00	9.8189e-01
5509.92	6.5054e+00	9.8505e-01
5510.70	5.6858e+00	9.8041e-01
5511.47	6.4189e+00	9.8105e-01
5512.25	6.1868e+00	9.6348e-01
5513.02	4.3623e+00	9.7234e-01
5513.79	6.9176e+00	9.7661e-01
5514.57	7.4420e+00	9.8354e-01
5515.34	6.1498e+00	9.8566e-01
5516.12	4.9983e+00	9.8984e-01
5516.89	6.1273e+00	9.9545e-01
5517.66	5.8464e+00	9.9257e-01
5518.44	7.3137e+00	9.9808e-01
5519.21	6.4981e+00	9.9212e-01
5519.99	7.4032e+00	9.8619e-01
5520.76	7.0277e+00	9.8719e-01
5521.53	5.9641e+00	9.8743e-01
5522.31	7.1624e+00	9.8788e-01
5523.08	7.1964e+00	9.9373e-01
5523.86	7.4793e+00	9.9357e-01
5524.63	5.9867e+00	9.8508e-01
5525.40	6.6302e+00	9.8073e-01
5526.18	4.9799e+00	9.6985e-01
5526.95	8.1531e+00	9.7079e-01
5527.73	5.7303e+00	9.6809e-01
5528.50	6.3918e+00	9.4236e-01
5529.27	6.6281e+00	9.6377e-01
5530.05	6.9831e+00	9.8321e-01
5530.82	6.1606e+00	9.7930e-01
5531.60	6.5346e+00	9.7470e-01
5532.37	6.1476e+00	9.7582e-01
5533.14	5.6529e+00	9.8105e-01
5533.92	5.8919e+00	9.7335e-01
5534.69	5.9167e+00	9.6851e-01
5535.47	6.4509e+00	9.5593e-01
5536.24	6.0892e+00	9.7206e-01
5537.01	6.4493e+00	9.8131e-01
5537.79	6.6282e+00	9.8391e-01
5538.56	6.0288e+00	9.8681e-01
5539.34	6.3740e+00	9.8013e-01
5540.11	5.9449e+00	9.7793e-01
5540.88	5.7893e+00	9.8426e-01
5541.66	6.4207e+00	9.9514e-01
5542.43	6.5973e+00	9.9460e-01
5543.21	5.5498e+00	9.8077e-01
5543.98	5.8530e+00	9.8816e-01
5544.75	5.7235e+00	1.0012e+00
5545.53	7.5571e+00	9.9397e-01
5546.30	6.8311e+00	9.7423e-01
5547.08	6.0047e+00	9.7201e-01
5547.85	5.1717e+00	9.8215e-01
5548.62	5.0911e+00	9.8228e-01
5549.40	5.6327e+00	9.8102e-01
5550.17	5.6509e+00	9.8645e-01
5550.95	6.5133e+00	9.8995e-01
5551.72	5.8999e+00	9.7744e-01
5552.49	6.1358e+00	9.6573e-01
5553.27	6.8058e+00	9.6963e-01
5554.04	6.1409e+00	9.6195e-01
5554.82	6.0250e+00	9.5888e-01
5555.59	6.6329e+00	9.5663e-01
5556.36	6.2432e+00	9.7676e-01
5557.14	6.4491e+00	9.7385e-01
5557.91	5.3309e+00	1.0519e+00
5558.69	6.4027e+00	1.0618e+00
5559.46	6.8652e+00	9.8472e-01
5560.23	7.3385e+00	9.5912e-01
5561.01	5.6385e+00	9.6195e-01
5561.78	6.5158e+00	9.6281e-01
5562.56	7.1678e+00	9.6733e-01
5563.33	6.6418e+00	9.6406e-01
5564.10	6.4257e+00	9.9835e-01
5564.88	7.1644e+00	9.7909e-01
5565.65	6.1955e+00	9.6627e-01
5566.43	6.1691e+00	9.5697e-01
5567.20	5.6731e+00	9.7254e-01
5567.97	5.2592e+00	9.6206e-01
5568.75	5.9383e+00	9.6734e-01
5569.52	6.5802e+00	9.4556e-01
5570.30	6.0376e+00	9.6370e-01
5571.07	5.9635e+00	9.6044e-01
5571.84	5.7141e+00	9.6222e-01
5572.62	6.1157e+00	9.3497e-01
5573.39	6.1031e+00	9.3163e-01
5574.17	5.1868e+00	9.7419e-01
5574.94	5.3061e+00	1.0077e+00
5575.71	6.6153e+00	1.0633e+00
5576.49	5.6998e+00	1.6865e+00
5577.26	6.3652e+00	2.2805e+00
5578.04	6.8633e+00	2.0845e+00
5578.81	5.5150e+00	1.1271e+00
5579.58	8.1308e+00	1.0404e+00
5580.36	7.2241e+00	9.8145e-01
5581.13	5.6294e+00	9.5833e-01
5581.91	4.9659e+00	9.5758e-01
5582.68	5.8320e+00	9.5530e-01
5583.45	5.6857e+00	9.6273e-01
5584.23	5.9424e+00	9.5599e-01
5585.00	6.5410e+00	9.5400e-01
5585.78	6.2781e+00	9.4646e-01
5586.55	5.5012e+00	9.1834e-01
5587.32	6.4274e+00	9.1705e-01
5588.10	6.3667e+00	9.3492e-01
5588.87	6.1552e+00	9.3977e-01
5589.65	5.9598e+00	9.4202e-01
5590.42	5.8745e+00	9.3862e-01
5591.19	5.5182e+00	9.4874e-01
5591.97	4.6431e+00	9.5159e-01
5592.74	7.1176e+00	9.5253e-01
5593.52	5.7366e+00	9.3426e-01
5594.29	6.5083e+00	9.3288e-01
5595.06	6.6605e+00	9.4085e-01
5595.84	6.6563e+00	9.5520e-01
5596.61	6.3665e+00	9.5602e-01
5597.39	6.2060e+00	9.4596e-01
5598.16	7.2491e+00	9.3956e-01
5598.93	7.0654e+00	9.4386e-01
5599.71	6.6361e+00	9.4147e-01
5600.48	5.5290e+00	9.3801e-01
5601.26	6.0200e+00	9.3115e-01
5602.03	6.7787e+00	9.2981e-01
5602.80	7.4596e+00	9.0889e-01
5603.58	6.8590e+00	9.2810e-01
5604.35	7.3874e+00	9.5839e-01
5605.13	6.1913e+00	9.7710e-01
5605.90	6.4449e+00	9.6771e-01
5606.67	6.8177e+00	9.5469e-01
5607.45	5.4815e+00	9.6140e-01
5608.22	6.4744e+00	9.5003e-01
5609.00	6.1194e+00	9.5147e-01
5609.77	5.3548e+00	9.4376e-01
5610.54	7.1203e+00	9.4028e-01
5611.32	6.6805e+00	9.4469e-01
5612.09	6.0934e+00	9.4250e-01
5612.87	7.5788e+00	9.4130e-01
5613.64	7.0398e+00	9.4591e-01
5614.41	5.9968e+00	9.3333e-01
5615.19	6.4288e+00	8.9881e-01
5615.96	6.9315e+00	8.8643e-01
5616.74	5.5900e+00	9.1406e-01
5617.51	5.7368e+00	9.3655e-01
5618.28	4.9778e+00	9.4295e-01
5619.06	5.0140e+00	9.2549e-01
5619.83	5.6371e+00	9.2128e-01
5620.61	5.5523e+00	9.3448e-01
5621.38	6.5091e+00	9.4219e-01
5622.15	6.8216e+00	9.2976e-01
5622.93	5.1310e+00	9.2924e-01
5623.70	4.6832e+00	9.3542e-01
5624.48	5.9040e+00	9.2507e-01
5625.25	5.8848e+00	9.2296e-01
5626.02	5.6530e+00	9.2310e-01
5626.80	6.7055e+00	9.2628e-01
5627.57	6.2458e+00	9.2155e-01
5628.35	7.0398e+00	9.2425e-01
5629.12	6.2922e+00	9.1799e-01
5629.89	4.9817e+00	9.3141e-01
5630.67	6.5332e+00	9.3354e-01
5631.44	6.1601e+00	9.3745e-01
5632.22	5.9654e+00	9.2655e-01
5632.99	5.8702e+00	9.2012e-01
5633.76	6.2103e+00	9.1025e-01
5634.54	6.0799e+00	9.1447e-01
5635.31	7.6104e+00	9.1857e-01
5636.09	6.8392e+00	9.1788e-01
5636.86	5.7944e+00	9.1825e-01
5637.63	6.1937e+00	9.0861e-01
5638.41	5.4674e+00	9.1472e-01
5639.18	4.6779e+00	9.1629e-01
5639.96	5.8918e+00	1.2746e+00
5640.73	6.3419e+00	1.2794e+00
5641.50	6.1013e+00	1.2447e+00
5642.28	5.6230e+00	1.2287e+00
5643.05	5.1410e+00	1.2326e+00
5643.83	4.8173e+00	1.2251e+00
5644.60	4.9044e+00	1.2203e+00
5645.37	5.2290e+00	1.2218e+00
5646.15	5.4661e+00	1.2250e+00
5646.92	5.3550e+00	1.2191e+00
5647.70	5.0716e+00	1.2018e+00
5648.47	5.1008e+00	1.1829e+00
5649.24	5.5902e+00	1.1763e+00
5650.02	6.1875e+00	1.1883e+00
5650.79	6.1639e+00	1.1913e+00
5651.57	5.4298e+00	1.1726e+00
5652.34	4.9252e+00	1.1652e+00
5653.11	4.6672e+00	1.1613e+00
5653.89	4.2877e+00	1.1435e+00
5654.66	4.3699e+00	1.1313e+00
5655.44	4.8689e+00	1.1320e+00
5656.21	5.1152e+00	1.1385e+00
5656.98	5.5191e+00	1.1365e+00
5657.76	6.2385e+00	1.1201e+00
5658.53	6.1970e+00	1.1004e+00
5659.31	5.6335e+00	1.0899e+00
5660.08	5.4920e+00	1.0928e+00
5660.85	5.5494e+00	1.1038e+00
5661.63	5.6707e+00	1.1101e+00
5662.40	6.0899e+00	1.1060e+00
5663.18	6.5242e+00	1.0972e+00
5663.95	6.6816e+00	1.0941e+00
5664.72	6.7657e+00	1.0966e+00
5665.50	6.8477e+00	1.0994e+00
5666.27	6.8720e+00	1.0985e+00
5667.05	6.3682e+00	1.0885e+00
5667.82	5.4668e+00	1.0747e+00
5668.59	5.3356e+00	1.0772e+00
5669.37	5.6692e+00	1.0863e+00
5670.14	5.4640e+00	1.0812e+00
5670.92	6.0022e+00	1.0796e+00
5671.69	6.9536e+00	1.0846e+00
5672.46	6.2823e+00	1.0791e+00
5673.24	5.3062e+00	1.0692e+00
5674.01	5.5716e+00	1.0643e+00
5674.79	5.8257e+00	1.0550e+00
5675.56	5.4944e+00	1.0445e+00
5676.33	4.9116e+00	1.0438e+00
5677.11	4.8383e+00	1.0466e+00
5677.88	5.3813e+00	1.0439e+00
5678.66	5.5089e+00	1.0377e+00
5679.43	5.1998e+00	1.0294e+00
5680.20	5.0503e+00	1.0224e+00
5680.98	5.2035e+00	1.0190e+00
5681.75	5.6094e+00	1.0172e+00
5682.53	6.0419e+00	1.0151e+00
5683.30	5.9838e+00	1.0135e+00
5684.07	5.4132e+00	1.0118e+00
5684.85	4.7633e+00	1.0025e+00
5685.62	4.7750e+00	9.9269e-01
5686.40	5.6708e+00	9.9510e-01
5687.17	6.0542e+00	9.9430e-01
5687.94	5.5128e+00	9.8527e-01
5688.72	5.4589e+00	9.8676e-01
5689.49	5.8821e+00	9.9266e-01
5690.27	6.1313e+00	9.9171e-01
5691.04	6.2346e+00	9.9299e-01
5691.81	6.0894e+00	9.9565e-01
5692.59	5.6715e+00	9.9212e-01
5693.36	5.3909e+00	9.8634e-01
5694.14	5.5044e+00	9.8451e-01
5694.91	5.7646e+00	9.8874e-01
5695.68	6.0169e+00	9.9486e-01
5696.46	6.2117e+00	9.9628e-01
5697.23	6.0057e+00	9.9119e-01
5698.01	5.4992e+00	9.8069e-01
5698.78	5.1216e+00	9.6890e-01
5699.55	5.1484e+00	9.5950e-01
5700.33	5.4464e+00	9.5503e-01
5701.10	5.9580e+00	9.6515e-01
5701.88	5.9936e+00	9.7762e-01
5702.65	4.9923e+00	9.7602e-01
5703.42	4.8569e+00	9.6167e-01
5704.20	6.0956e+00	9.4743e-01
5704.97	6.4257e+00	9.4659e-01
5705.75	5.6825e+00	9.5161e-01
5706.52	5.0511e+00	9.4710e-01
5707.29	4.8688e+00	9.4120e-01
5708.07	5.1795e+00	9.3707e-01
5708.84	5.5753e+00	9.3280e-01
5709.62	5.7190e+00	9.2655e-01
5710.39	5.6280e+00	9.2033e-01
5711.16	5.6399e+00	9.2421e-01
5711.94	5.9310e+00	9.3382e-01
5712.71	6.2913e+00	9.3762e-01
5713.49	6.4492e+00	9.4025e-01
5714.26	6.2246e+00	9.4554e-01
5715.03	5.6460e+00	9.4987e-01
5715.81	5.2655e+00	9.5082e-01
5716.58	5.4228e+00	9.4824e-01
5717.36	5.5526e+00	9.4468e-01
5718.13	5.4123e+00	9.4409e-01
5718.90	5.3888e+00	9.4856e-01
5719.68	5.2482e+00	9.4766e-01
5720.45	5.0736e+00	9.3880e-01
5721.23	5.6461e+00	9.3896e-01
5722.00	6.3573e+00	9.4514e-01
5722.77	6.2179e+00	9.4433e-01
5723.55	5.8609e+00	9.4714e-01
5724.32	5.7735e+00	9.5334e-01
5725.10	5.6618e+00	9.4869e-01
5725.87	5.6209e+00	9.4243e-01
5726.64	5.6418e+00	9.4679e-01
5727.42	5.5356e+00	9.5696e-01
5728.19	5.2724e+00	9.6761e-01
5728.97	5.1177e+00	9.7540e-01
5729.74	4.7291e+00	9.7244e-01
5730.51	4.3774e+00	9.6114e-01
5731.29	5.3510e+00	9.5461e-01
5732.06	6.4356e+00	9.5125e-01
5732.84	6.0374e+00	9.4639e-01
5733.61	5.8634e+00	9.6042e-01
5734.38	6.2978e+00	9.9831e-01
5735.16	5.7597e+00	1.0519e+00
5735.93	5.4243e+00	7.5293e+01
5736.71	6.1113e+00	2.5858e+02
5737.48	6.3573e+00	2.0393e+00
5738.25	6.0611e+00	1.6212e+01
5739.03	6.1040e+00	7.4821e+02
5739.80	5.8731e+00	1.9737e+03
5740.58	5.3181e+00	2.9767e+03
5741.35	5.3795e+00	3.3555e+03
5742.12	5.5292e+00	3.0576e+03
5742.90	5.0747e+00	2.2523e+03
5743.67	4.4905e+00	1.1838e+03
5744.45	4.2768e+00	1.8861e+02
5745.22	4.5254e+00	2.0393e+00
5745.99	5.1797e+00	2.7922e+02
5746.77	5.8214e+00	1.2532e+02
5747.54	6.1207e+00	9.6290e-01
5748.32	5.9286e+00	9.2498e-01
5749.09	5.4842e+00	9.2576e-01
5749.86	5.1986e+00	9.2338e-01
5750.64	5.2645e+00	9.1742e-01
5751.41	5.3257e+00	9.1249e-01
5752.19	5.5795e+00	9.1158e-01
5752.96	6.0377e+00	9.1275e-01
5753.73	6.4162e+00	8.9869e-01
5754.51	6.0844e+00	8.8380e-01
5755.28	4.6477e+00	8.9656e-01
5756.06	4.4333e+00	9.1793e-01
5756.83	5.8299e+00	9.2553e-01
5757.60	5.6331e+00	9.2006e-01
5758.38	4.3497e+00	9.1276e-01
5759.15	4.1656e+00	9.1563e-01
5759.93	4.6011e+00	9.1844e-01
5760.70	5.1819e+00	9.1422e-01
5761.47	5.7020e+00	9.0730e-01
5762.25	6.0495e+00	9.0159e-01
5763.02	6.2571e+00	9.0059e-01
5763.80	6.1251e+00	9.0232e-01
5764.57	5.8107e+00	9.0649e-01
5765.34	5.5439e+00	9.1281e-01
5766.12	5.5952e+00	9.2071e-01
5766.89	5.7670e+00	9.2726e-01
5767.67	5.5700e+00	9.2542e-01
5768.44	5.0828e+00	9.2408e-01
5769.21	4.7938e+00	9.3064e-01
5769.99	5.2477e+00	9.2702e-01
5770.76	6.1344e+00	9.1417e-01
5771.54	6.4997e+00	9.1021e-01
5772.31	6.5242e+00	9.1356e-01
5773.08	6.4401e+00	9.1515e-01
5773.86	5.4914e+00	9.0884e-01
5774.63	4.5434e+00	9.0090e-01
5775.41	4.7361e+00	9.0294e-01
5776.18	4.8954e+00	9.0461e-01
5776.95	4.6604e+00	9.0223e-01
5777.73	5.2328e+00	9.0631e-01
5778.50	6.0107e+00	9.0967e-01
5779.28	6.1971e+00	9.0547e-01
5780.05	6.0868e+00	9.0241e-01
5780.82	6.0188e+00	9.0160e-01
5781.60	6.0637e+00	8.9741e-01
5782.37	6.2819e+00	8.9715e-01
5783.15	6.4531e+00	9.0114e-01
5783.92	6.3216e+00	8.9927e-01
5784.69	5.8960e+00	8.9154e-01
5785.47	5.4631e+00	8.8519e-01
5786.24	5.4898e+00	8.8913e-01
5787.02	5.8058e+00	8.9843e-01
5787.79	5.7543e+00	8.9703e-01
5788.56	5.5317e+00	8.9442e-01
5789.34	5.4628e+00	8.9926e-01
5790.11	5.3100e+00	8.9624e-01
5790.89	5.0560e+00	8.8625e-01
5791.66	4.9061e+00	8.8044e-01
5792.43	4.5430e+00	8.8362e-01
5793.21	4.2245e+00	8.9127e-01
5793.98	4.9150e+00	8.9207e-01
5794.76	5.7549e+00	8.8967e-01
5795.53	5.6812e+00	8.9268e-01
5796.30	5.4127e+00	8.9680e-01
5797.08	5.4989e+00	8.9938e-01
5797.85	5.8309e+00	9.0138e-01
5798.63	5.9676e+00	8.9685e-01
5799.40	5.7025e+00	8.8732e-01
5800.17	5.6611e+00	8.8501e-01
5800.95	5.7814e+00	8.9069e-01
5801.72	5.6452e+00	8.9557e-01
5802.50	5.4821e+00	8.9400e-01
5803.27	5.3479e+00	8.8613e-01
5804.04	4.9334e+00	8.8024e-01
5804.82	4.9040e+00	8.7640e-01
5805.59	5.5360e+00	8.7343e-01
5806.37	5.7227e+00	8.7936e-01
5807.14	5.1902e+00	8.9056e-01
5807.91	4.6043e+00	8.9692e-01
5808.69	4.7096e+00	8.9743e-01
5809.46	5.4797e+00	8.9491e-01
5810.24	5.8395e+00	8.9044e-01
5811.01	5.7051e+00	8.8661e-01
5811.78	5.6379e+00	8.8437e-01
5812.56	5.3431e+00	8.8216e-01
5813.33	4.9464e+00	8.8034e-01
5814.11	4.6854e+00	8.8168e-01
5814.88	5.1396e+00	8.8543e-01
5815.65	6.1035e+00	8.9083e-01
5816.43	6.3351e+00	9.0684e-01
5817.20	5.6130e+00	9.1880e-01
5817.98	4.8082e+00	9.0910e-01
5818.75	4.6153e+00	8.9020e-01
5819.52	5.0730e+00	8.7900e-01
5820.30	5.3410e+00	8.7797e-01
5821.07	5.4238e+00	8.8036e-01
5821.85	5.6392e+00	8.7690e-01
5822.62	6.0420e+00	8.7800e-01
5823.39	6.0872e+00	8.8146e-01
5824.17	4.9571e+00	8.7580e-01
5824.94	4.5823e+00	8.7269e-01
5825.72	5.7806e+00	8.8200e-01
5826.49	6.0181e+00	8.9642e-01
5827.26	5.3729e+00	9.0763e-01
5828.04	5.4141e+00	9.1072e-01
5828.81	5.6596e+00	9.0573e-01
5829.59	5.6565e+00	8.9808e-01
5830.36	5.3906e+00	8.9489e-01
5831.13	5.1375e+00	8.8741e-01
5831.91	5.0963e+00	8.6935e-01
5832.68	4.8144e+00	8.6053e-01
5833.46	4.2272e+00	8.6144e-01
5834.23	3.6941e+00	8.5820e-01
5835.00	3.8812e+00	8.5592e-01
5835.78	4.7710e+00	8.5863e-01
5836.55	5.4451e+00	8.6212e-01
5837.33	5.6626e+00	8.6551e-01
5838.10	5.7329e+00	8.6902e-01
5838.87	5.5015e+00	8.6546e-01
5839.65	5.0791e+00	8.5829e-01
5840.42	4.5770e+00	8.5888e-01
5841.20	4.5194e+00	8.6289e-01
5841.97	4.9665e+00	8.6208e-01
5842.74	5.2344e+00	8.5905e-01
5843.52	5.1092e+00	8.5360e-01
5844.29	5.0056e+00	8.4584e-01
5845.07	4.7087e+00	8.4484e-01
5845.84	4.4800e+00	8.4908e-01
5846.61	5.2345e+00	8.4404e-01
5847.39	5.7448e+00	8.3726e-01
5848.16	4.9128e+00	8.4089e-01
5848.94	4.4027e+00	8.4198e-01
5849.71	4.9162e+00	8.3941e-01
5850.48	5.5406e+00	8.4412e-01
5851.26	5.9463e+00	8.4740e-01
5852.03	5.9950e+00	8.4265e-01
5852.81	5.9415e+00	8.3782e-01
5853.58	5.7489e+00	8.3381e-01
5854.35	5.3184e+00	8.2837e-01
5855.13	4.9141e+00	8.2497e-01
5855.90	4.8925e+00	8.2419e-01
5856.68	5.5206e+00	8.2443e-01
5857.45	5.9997e+00	8.2436e-01
5858.22	5.7234e+00	8.2337e-01
5859.00	5.8387e+00	8.2203e-01
5859.77	6.1551e+00	8.1933e-01
5860.55	5.4687e+00	8.1306e-01
5861.32	5.3600e+00	8.1667e-01
5862.09	6.3595e+00	8.2916e-01
5862.87	6.5834e+00	8.2260e-01
5863.64	5.9303e+00	8.1268e-01
5864.42	5.4192e+00	8.2582e-01
5865.19	5.1853e+00	8.4944e-01
5865.96	5.3187e+00	8.6678e-01
5866.74	5.6976e+00	8.6960e-01
5867.51	6.0252e+00	8.6490e-01
5868.29	6.0691e+00	8.6175e-01
5869.06	5.7601e+00	8.4874e-01
5869.83	5.4149e+00	8.3014e-01
5870.61	5.4093e+00	8.1897e-01
5871.38	5.3786e+00	8.1847e-01
5872.16	5.1847e+00	8.2241e-01
5872.93	5.2828e+00	8.2631e-01
5873.70	5.5995e+00	8.2312e-01
5874.48	5.8264e+00	8.1371e-01
5875.25	5.8694e+00	8.0919e-01
5876.03	5.7115e+00	8.0995e-01
5876.80	5.3200e+00	8.0599e-01
5877.57	5.5474e+00	8.0055e-01
5878.35	6.4303e+00	7.9821e-01
5879.12	6.5592e+00	7.9805e-01
5879.90	5.8467e+00	7.9893e-01
5880.67	5.2345e+00	8.0004e-01
5881.44	5.4902e+00	7.9566e-01
5882.22	6.3268e+00	7.8760e-01
5882.99	6.6686e+00	7.8678e-01
5883.77	5.9584e+00	7.8793e-01
5884.54	4.7584e+00	7.8578e-01
5885.31	4.3069e+00	7.8306e-01
5886.09	4.9021e+00	7.9280e-01
5886.86	5.5220e+00	8.1799e-01
5887.64	6.2943e+00	8.6291e-01
5888.41	6.9378e+00	9.2038e-01
5889.18	6.6061e+00	9.8167e-01
5889.96	5.5805e+00	1.0125e+00
5890.73	4.7755e+00	9.9317e-01
5891.51	4.5389e+00	9.2858e-01
5892.28	4.7632e+00	8.5388e-01
5893.05	5.1256e+00	8.0323e-01
5893.83	5.1011e+00	8.1155e-01
5894.60	4.6800e+00	8.7027e-01
5895.38	4.6321e+00	1.0023e+00
5896.15	4.9309e+00	1.0963e+00
5896.92	4.8965e+00	1.0700e+00
5897.70	5.1838e+00	9.5757e-01
5898.47	5.8425e+00	8.4070e-01
5899.25	5.8977e+00	7.7025e-01
5900.02	5.5452e+00	7.6139e-01
5900.79	5.4359e+00	7.6001e-01
5901.57	5.3920e+00	7.6766e-01
5902.34	5.4487e+00	7.6929e-01
5903.12	5.7271e+00	7.6675e-01
5903.89	5.9645e+00	7.6404e-01
5904.66	5.9722e+00	7.6851e-01
5905.44	5.7890e+00	7.5774e-01
5906.21	5.7379e+00	7.7188e-01
5906.99	6.0237e+00	8.4005e-01
5907.76	6.2354e+00	1.1269e+02
5908.53	6.1268e+00	1.8693e+02
5909.31	5.8607e+00	1.9608e+25
5910.08	5.9340e+00	2.0393e+00
5910.86	6.2640e+00	2.0393e+00
5911.63	3.3192e+00	7.9875e+25
5912.40	2.4591e-02	1.2709e+26
5913.18	2.3398e+00	9.0582e+25
5913.95	5.2514e+00	2.0393e+00
5914.73	4.5406e+00	2.0393e+00
5915.50	3.6027e+00	2.1452e+25
5916.27	3.7499e+00	2.5869e+03
5917.05	4.7320e+00	1.3749e+03
5917.82	5.4589e+00	2.0393e+00
5918.60	5.4537e+00	2.0393e+00
5919.37	5.4844e+00	4.0361e+02
5920.14	5.6590e+00	7.5701e-01
5920.92	5.8414e+00	7.4279e-01
5921.69	5.7753e+00	7.3865e-01
5922.47	5.5673e+00	7.4231e-01
5923.24	5.5418e+00	7.4485e-01
5924.01	5.4743e+00	7.4908e-01
5924.79	5.3031e+00	7.5448e-01
5925.56	5.2996e+00	7.5662e-01
5926.34	5.5121e+00	7.5135e-01
5927.11	5.7795e+00	7.3989e-01
5927.88	5.8741e+00	7.3478e-01
5928.66	5.7409e+00	7.3470e-01
5929.43	5.5433e+00	7.2632e-01
5930.21	5.4793e+00	7.2032e-01
5930.98	5.5813e+00	7.2821e-01
5931.75	5.5740e+00	7.4808e-01
5932.53	5.5314e+00	7.6631e-01
5933.30	5.6833e+00	7.7044e-01
5934.08	5.7851e+00	7.5914e-01
5934.85	5.7550e+00	7.4120e-01
5935.62	5.7856e+00	7.2543e-01
5936.40	5.8572e+00	7.2017e-01
5937.17	5.8622e+00	7.2282e-01
5937.95	5.8329e+00	7.2825e-01
5938.72	5.6624e+00	7.2810e-01
5939.49	5.2363e+00	7.2247e-01
5940.27	5.1843e+00	7.1457e-01
5941.04	5.6797e+00	7.0998e-01
5941.82	6.1146e+00	7.1074e-01
5942.59	6.0573e+00	7.1334e-01
5943.36	5.6142e+00	7.1316e-01
5944.14	5.1765e+00	7.1476e-01
5944.91	5.1586e+00	7.1917e-01
5945.69	5.5639e+00	7.2318e-01
5946.46	5.9052e+00	7.2131e-01
5947.23	5.7727e+00	7.1266e-01
5948.01	5.1962e+00	7.0263e-01
5948.78	4.8496e+00	6.9725e-01
5949.56	5.3201e+00	6.9828e-01
5950.33	5.7885e+00	7.0361e-01
5951.10	5.7290e+00	7.1154e-01
5951.88	5.8050e+00	7.2311e-01
5952.65	5.9442e+00	7.3614e-01
5953.43	5.8895e+00	7.4565e-01
5954.20	6.0288e+00	7.4448e-01
5954.97	6.1988e+00	7.3238e-01
5955.75	5.8591e+00	7.1193e-01
5956.52	5.5136e+00	7.1336e-01
5957.30	5.6329e+00	7.4456e-01
5958.07	6.0553e+00	7.1319e+01
5958.84	6.2743e+00	2.0393e+00
5959.62	5.9883e+00	2.1718e+02
5960.39	5.3022e+00	2.0393e+00
5961.17	4.8510e+00	1.5132e+02
5961.94	5.3382e+00	1.3898e+03
5962.71	5.8998e+00	1.6946e+03
5963.49	5.5930e+00	9.4241e+02
5964.26	5.3508e+00	2.0393e+00
5965.04	5.3926e+00	2.0393e+00
5965.81	5.1567e+00	2.3906e+02
5966.58	5.2552e+00	7.5750e-01
5967.36	5.7526e+00	7.1534e-01
5968.13	5.5482e+00	6.9441e-01
5968.91	5.1715e+00	7.1249e-01
5969.68	5.5739e+00	7.8847e-01
5970.45	5.6431e+00	8.1150e-01
5971.23	5.0787e+00	7.5954e-01
5972.00	4.7351e+00	7.1446e-01
5972.78	4.8945e+00	6.9725e-01
5973.55	5.3177e+00	6.9490e-01
5974.32	5.4429e+00	7.0017e-01
5975.10	5.1659e+00	7.0386e-01
5975.87	4.9164e+00	7.0986e-01
5976.65	4.9187e+00	7.1791e-01
5977.42	5.1336e+00	7.2287e-01
5978.19	5.2909e+00	7.1402e-01
5978.97	5.1904e+00	6.9931e-01
5979.74	4.9267e+00	6.9285e-01
5980.52	5.0598e+00	6.9426e-01
5981.29	5.5071e+00	6.9757e-01
5982.06	5.5012e+00	6.9898e-01
5982.84	5.5549e+00	6.9439e-01
5983.61	5.9477e+00	6.8641e-01
5984.39	5.9025e+00	6.8433e-01
5985.16	5.3048e+00	6.8591e-01
5985.93	4.6104e+00	6.8276e-01
5986.71	4.7270e+00	6.8417e-01
5987.48	5.4966e+00	6.9083e-01
5988.26	5.5592e+00	6.9228e-01
5989.03	5.2868e+00	6.8823e-01
5989.80	5.4766e+00	6.8441e-01
5990.58	5.5976e+00	6.8547e-01
5991.35	5.4339e+00	6.9036e-01
5992.13	5.0995e+00	6.9296e-01
5992.90	5.0776e+00	6.9202e-01
5993.67	5.4143e+00	6.9012e-01
5994.45	5.3138e+00	6.9159e-01
5995.22	4.9998e+00	6.9424e-01
5996.00	5.0924e+00	6.9300e-01
5996.77	5.4640e+00	6.9567e-01
5997.54	5.7420e+00	6.9997e-01
5998.32	5.6400e+00	6.9516e-01
5999.09	5.3025e+00	6.8559e-01
5999.87	5.0925e+00	6.8073e-01
6000.64	5.1827e+00	6.8482e-01
6001.41	5.3447e+00	6.9187e-01
6002.19	5.2120e+00	6.9147e-01
6002.96	5.0013e+00	6.9271e-01
6003.74	4.9459e+00	6.9738e-01
6004.51	5.1226e+00	6.9132e-01
6005.28	5.0719e+00	6.8040e-01
6006.06	4.5262e+00	6.7637e-01
6006.83	4.1851e+00	6.7699e-01
6007.61	4.3903e+00	6.7629e-01
6008.38	4.8474e+00	6.7007e-01
6009.15	5.0285e+00	6.6854e-01
6009.93	4.7259e+00	6.7657e-01
6010.70	4.4439e+00	6.8150e-01
6011.48	4.3854e+00	6.7847e-01
6012.25	4.3712e+00	6.7197e-01
6013.02	4.7034e+00	6.7225e-01
6013.80	5.1470e+00	6.8056e-01
6014.57	4.9322e+00	6.8504e-01
6015.35	4.7119e+00	6.8353e-01
6016.12	5.1803e+00	6.8018e-01
6016.89	5.5502e+00	6.7736e-01
6017.67	5.4824e+00	6.7685e-01
6018.44	5.2756e+00	6.7732e-01
6019.22	5.0657e+00	6.7729e-01
6019.99	5.0196e+00	6.7599e-01
6020.76	5.1608e+00	6.7505e-01
6021.54	5.3858e+00	6.7473e-01
6022.31	5.5240e+00	6.7463e-01
6023.09	5.6412e+00	6.7386e-01
6023.86	5.6597e+00	6.7345e-01
6024.63	5.3465e+00	6.7561e-01
6025.41	5.1010e+00	6.7866e-01
6026.18	5.2453e+00	6.8070e-01
6026.96	5.5883e+00	6.8230e-01
6027.73	5.7570e+00	6.8499e-01
6028.50	5.5557e+00	6.8922e-01
6029.28	5.3068e+00	6.9048e-01
6030.05	5.3164e+00	6.8838e-01
6030.83	5.4564e+00	6.8937e-01
6031.60	5.5675e+00	6.9045e-01
6032.37	5.5483e+00	6.8688e-01
6033.15	5.2508e+00	6.8789e-01
6033.92	5.0455e+00	6.9187e-01
6034.70	5.4642e+00	6.8836e-01
6035.47	5.9091e+00	6.8300e-01
6036.24	5.7948e+00	6.8239e-01
6037.02	5.4318e+00	6.8358e-01
6037.79	5.1947e+00	6.8336e-01
6038.57	5.2645e+00	6.8028e-01
6039.34	5.4893e+00	6.7933e-01
6040.11	5.6090e+00	6.8074e-01
6040.89	5.6732e+00	6.7826e-01
6041.66	5.4666e+00	6.7363e-01
6042.44	5.0254e+00	6.7154e-01
6043.21	4.9383e+00	6.7369e-01
6043.98	5.1887e+00	6.7738e-01
6044.76	5.2578e+00	6.7846e-01
6045.53	5.1164e+00	6.7662e-01
6046.31	4.9709e+00	6.7500e-01
6047.08	5.1680e+00	6.7765e-01
6047.85	5.3426e+00	6.8135e-01
6048.63	5.0338e+00	6.8061e-01
6049.40	4.8592e+00	6.7912e-01
6050.18	5.1294e+00	6.7952e-01
6050.95	5.5161e+00	6.8039e-01
6051.72	5.6370e+00	6.8079e-01
6052.50	5.3787e+00	6.8007e-01
6053.27	5.1754e+00	6.7772e-01
6054.05	5.1641e+00	6.7650e-01
6054.82	5.1504e+00	6.7977e-01
6055.59	5.0209e+00	6.7822e-01
6056.37	4.9003e+00	6.7072e-01
6057.14	5.2624e+00	6.7065e-01
6057.92	5.6477e+00	6.7635e-01
6058.69	5.4726e+00	6.7912e-01
6059.46	5.2167e+00	6.8070e-01
6060.24	5.0822e+00	6.8064e-01
6061.01	4.8576e+00	6.7722e-01
6061.79	4.5900e+00	6.7469e-01
6062.56	4.4489e+00	6.7566e-01
6063.33	4.7834e+00	6.7808e-01
6064.11	5.2898e+00	6.7751e-01
6064.88	5.4326e+00	6.7239e-01
6065.66	5.2816e+00	6.6811e-01
6066.43	5.1166e+00	6.6961e-01
6067.20	5.1522e+00	6.7576e-01
6067.98	5.1197e+00	6.8151e-01
6068.75	4.7916e+00	6.8258e-01
6069.53	4.7289e+00	6.7863e-01
6070.30	5.0217e+00	6.7524e-01
6071.07	5.3350e+00	6.7821e-01
6071.85	5.1773e+00	6.8050e-01
6072.62	4.6769e+00	6.7683e-01
6073.40	4.8092e+00	6.7261e-01
6074.17	5.3347e+00	6.7206e-01
6074.94	5.4135e+00	6.7539e-01
6075.72	5.5008e+00	6.7972e-01
6076.49	5.7108e+00	6.8067e-01
6077.27	5.6696e+00	6.7695e-01
6078.04	5.3753e+00	6.7280e-01
6078.81	5.0228e+00	6.7229e-01
6079.59	4.7737e+00	6.7052e-01
6080.36	4.7072e+00	6.6863e-01
6081.14	4.7200e+00	6.7089e-01
6081.91	5.0170e+00	6.7488e-01
6082.68	5.4113e+00	6.7669e-01
6083.46	5.2804e+00	6.7493e-01
6084.23	4.9412e+00	6.7117e-01
6085.01	4.9913e+00	6.6881e-01
6085.78	5.2123e+00	6.6767e-01
6086.55	5.3827e+00	6.6805e-01
6087.33	5.5186e+00	6.7043e-01
6088.10	5.2928e+00	6.7304e-01
6088.88	4.8366e+00	6.7373e-01
6089.65	4.9463e+00	6.7086e-01
6090.42	5.5202e+00	6.6726e-01
6091.20	5.8684e+00	6.6704e-01
6091.97	5.4301e+00	6.6764e-01
6092.75	4.5902e+00	6.6780e-01
6093.52	4.5616e+00	6.7115e-01
6094.29	4.9614e+00	6.7288e-01
6095.07	4.9264e+00	6.6981e-01
6095.84	4.8457e+00	6.7076e-01
6096.62	4.9556e+00	6.7549e-01
6097.39	5.2376e+00	6.7604e-01
6098.16	5.4126e+00	6.7308e-01
6098.94	5.3388e+00	6.7157e-01
6099.71	5.1871e+00	6.7067e-01
6100.49	5.2439e+00	6.7989e-01
6101.26	5.5905e+00	7.0006e-01
6102.03	5.5354e+00	7.1319e-01
6102.81	5.1067e+00	7.0629e-01
6103.58	5.2367e+00	6.8034e-01
6104.36	5.4170e+00	6.6137e-01
6105.13	5.1207e+00	6.6757e-01
6105.90	5.2204e+00	6.7662e-01
6106.68	5.6056e+00	6.7509e-01
6107.45	5.5783e+00	6.6899e-01
6108.23	5.2456e+00	6.6386e-01
6109.00	4.9203e+00	6.6420e-01
6109.77	4.6935e+00	6.6537e-01
6110.55	4.7826e+00	6.6648e-01
6111.32	5.1407e+00	6.6807e-01
6112.10	5.1175e+00	6.6827e-01
6112.87	4.7752e+00	6.6766e-01
6113.64	4.8622e+00	6.6875e-01
6114.42	5.1669e+00	6.6864e-01
6115.19	5.2796e+00	6.6586e-01
6115.97	5.4109e+00	6.6440e-01
6116.74	5.2970e+00	6.6503e-01
6117.51	4.7352e+00	6.6546e-01
6118.29	4.4269e+00	6.6760e-01
6119.06	4.7214e+00	6.6980e-01
6119.84	5.1601e+00	6.6847e-01
6120.61	5.4619e+00	6.6321e-01
6121.38	5.5272e+00	6.5737e-01
6122.16	5.2293e+00	6.5192e-01
6122.93	4.9072e+00	6.5155e-01
6123.71	4.9599e+00	6.5970e-01
6124.48	5.1694e+00	6.6652e-01
6125.25	5.1679e+00	6.6564e-01
6126.03	5.0259e+00	6.6425e-01
6126.80	4.7564e+00	6.6402e-01
6127.58	4.4820e+00	6.6325e-01
6128.35	4.2981e+00	6.5900e-01
6129.12	4.3179e+00	6.5406e-01
6129.90	4.5398e+00	6.5673e-01
6130.67	4.9790e+00	6.6075e-01
6131.45	5.4381e+00	6.5929e-01
6132.22	5.2346e+00	6.6004e-01
6132.99	4.7633e+00	6.6266e-01
6133.77	4.9101e+00	6.6138e-01
6134.54	5.2507e+00	6.6085e-01
6135.32	5.3029e+00	6.6280e-01
6136.09	5.1797e+00	6.6153e-01
6136.86	5.1090e+00	6.5876e-01
6137.64	5.2811e+00	6.5870e-01
6138.41	5.5841e+00	6.6269e-01
6139.19	5.8176e+00	6.6789e-01
6139.96	5.8728e+00	6.7018e-01
6140.73	5.7439e+00	6.6723e-01
6141.51	5.5300e+00	6.6168e-01
6142.28	5.0638e+00	6.5855e-01
6143.06	4.8086e+00	6.5975e-01
6143.83	5.2497e+00	6.6213e-01
6144.60	5.3639e+00	6.6571e-01
6145.38	4.9657e+00	6.6853e-01
6146.15	5.3952e+00	6.6969e-01
6146.93	5.9282e+00	6.6536e-01
6147.70	5.6104e+00	6.5626e-01
6148.47	5.2084e+00	6.5363e-01
6149.25	5.1900e+00	6.5751e-01
6150.02	5.3646e+00	6.5668e-01
6150.80	5.6257e+00	6.5901e-01
6151.57	5.7106e+00	6.6660e-01
6152.34	5.2174e+00	6.6536e-01
6153.12	4.8820e+00	6.5850e-01
6153.89	5.4766e+00	6.5698e-01
6154.67	5.7049e+00	6.5609e-01
6155.44	5.1561e+00	6.5295e-01
6156.21	4.9581e+00	6.5103e-01
6156.99	5.0448e+00	6.4888e-01
6157.76	5.0615e+00	6.4581e-01
6158.54	4.8459e+00	6.4890e-01
6159.31	4.8361e+00	6.5223e-01
6160.08	5.5713e+00	6.4594e-01
6160.86	6.0781e+00	6.3854e-01
6161.63	5.7518e+00	6.3699e-01
6162.41	5.2658e+00	6.3528e-01
6163.18	4.9298e+00	6.3479e-01
6163.95	4.7804e+00	6.3788e-01
6164.73	4.8979e+00	6.4310e-01
6165.50	5.1217e+00	6.4722e-01
6166.28	5.3072e+00	6.4775e-01
6167.05	5.2771e+00	6.4605e-01
6167.82	5.1018e+00	6.4590e-01
6168.60	5.0525e+00	6.4693e-01
6169.37	5.1766e+00	6.5169e-01
6170.15	5.2840e+00	6.5976e-01
6170.92	5.2780e+00	6.6609e-01
6171.69	5.2032e+00	6.6582e-01
6172.47	5.2037e+00	6.5831e-01
6173.24	5.3369e+00	6.4884e-01
6174.02	5.5169e+00	6.4409e-01
6174.79	5.5769e+00	6.4628e-01
6175.56	5.5239e+00	6.5137e-01
6176.34	5.5861e+00	6.5365e-01
6177.11	5.3467e+00	6.5349e-01
6177.89	4.7746e+00	6.5305e-01
6178.66	4.6148e+00	6.5055e-01
6179.43	4.8475e+00	6.4861e-01
6180.21	4.9783e+00	6.4953e-01
6180.98	5.2076e+00	6.5132e-01
6181.76	5.4652e+00	6.5134e-01
6182.53	5.4409e+00	6.4914e-01
6183.30	5.2463e+00	6.4719e-01
6184.08	5.1159e+00	6.4729e-01
6184.85	4.8886e+00	6.4629e-01
6185.63	4.7640e+00	6.4361e-01
6186.40	5.0237e+00	6.4183e-01
6187.17	5.1811e+00	6.3962e-01
6187.95	4.9901e+00	6.3637e-01
6188.72	4.9404e+00	6.3303e-01
6189.50	4.9873e+00	6.3275e-01
6190.27	4.9103e+00	6.3682e-01
6191.04	4.6682e+00	6.3978e-01
6191.82	4.4810e+00	6.4005e-01
6192.59	4.5918e+00	6.4101e-01
6193.37	5.0689e+00	6.4351e-01
6194.14	5.5969e+00	6.4637e-01
6194.91	5.6892e+00	6.4770e-01
6195.69	5.3328e+00	6.4596e-01
6196.46	4.9751e+00	6.4183e-01
6197.24	4.7150e+00	6.3799e-01
6198.01	4.6503e+00	6.3619e-01
6198.78	4.8268e+00	6.3543e-01
6199.56	5.1369e+00	6.3558e-01
6200.33	5.4000e+00	6.3737e-01
6201.11	5.2949e+00	6.4244e-01
6201.88	5.0962e+00	6.5083e-01
6202.65	5.3690e+00	6.6006e-01
6203.43	5.5559e+00	6.6235e-01
6204.20	5.2148e+00	6.5515e-01
6204.98	4.9850e+00	6.4325e-01
6205.75	4.6817e+00	6.3492e-01
6206.52	3.9788e+00	6.3440e-01
6207.30	3.9554e+00	6.3462e-01
6208.07	4.6409e+00	6.3186e-01
6208.85	4.8945e+00	6.3385e-01
6209.62	4.6831e+00	6.3573e-01
6210.39	4.5031e+00	6.3348e-01
6211.17	4.5312e+00	6.3256e-01
6211.94	4.7157e+00	6.3471e-01
6212.72	4.7568e+00	6.3734e-01
6213.49	4.7271e+00	6.3719e-01
6214.26	4.8359e+00	6.3337e-01
6215.04	5.2294e+00	6.2850e-01
6215.81	5.6338e+00	6.2666e-01
6216.59	5.6951e+00	6.2903e-01
6217.36	5.4565e+00	6.3048e-01
6218.13	5.2063e+00	6.2922e-01
6218.91	5.2109e+00	6.2879e-01
6219.68	5.2301e+00	6.3123e-01
6220.46	5.0430e+00	6.3614e-01
6221.23	5.0853e+00	6.4147e-01
6222.00	5.2291e+00	6.4360e-01
6222.78	5.1208e+00	6.4104e-01
6223.55	4.9006e+00	6.3546e-01
6224.33	4.7416e+00	6.2975e-01
6225.10	4.7709e+00	6.2526e-01
6225.87	4.6569e+00	6.2227e-01
6226.65	4.2201e+00	6.2017e-01
6227.42	3.9315e+00	6.2196e-01
6228.20	4.1401e+00	6.2501e-01
6228.97	4.8112e+00	6.2532e-01
6229.74	5.0923e+00	6.2209e-01
6230.52	4.7564e+00	6.1941e-01
6231.29	5.1479e+00	6.2066e-01
6232.07	5.7186e+00	6.2776e-01
6232.84	5.2516e+00	6.3815e-01
6233.61	4.8339e+00	6.5902e-01
6234.39	4.8907e+00	6.8821e-01
6235.16	4.6159e+00	7.1204e-01
6235.94	4.2500e+00	7.2176e-01
6236.71	4.2392e+00	7.1583e-01
6237.48	4.9815e+00	6.9203e-01
6238.26	5.7623e+00	6.6376e-01
6239.03	5.5629e+00	6.4786e-01
6239.81	4.8683e+00	6.4549e-01
6240.58	4.4377e+00	6.4570e-01
6241.35	4.0952e+00	6.4483e-01
6242.13	4.2173e+00	6.4343e-01
6242.90	4.8513e+00	6.4615e-01
6243.68	5.0703e+00	6.4494e-01
6244.45	4.6802e+00	6.3695e-01
6245.22	4.4295e+00	6.2812e-01
6246.00	4.5534e+00	6.2274e-01
6246.77	4.9416e+00	6.2183e-01
6247.55	5.5408e+00	6.2395e-01
6248.32	5.7956e+00	6.2471e-01
6249.09	5.3338e+00	6.2258e-01
6249.87	4.9269e+00	6.1927e-01
6250.64	5.0090e+00	6.1728e-01
6251.42	4.9606e+00	6.1777e-01
6252.19	4.8532e+00	6.1727e-01
6252.96	4.9163e+00	6.1403e-01
6253.74	5.1866e+00	6.1303e-01
6254.51	5.4217e+00	6.1810e-01
6255.29	5.2912e+00	6.2491e-01
6256.06	5.1463e+00	6.4169e-01
6256.83	5.2873e+00	6.6780e-01
6257.61	5.5444e+00	6.9316e-01
6258.38	5.5493e+00	7.0254e-01
6259.16	5.1315e+00	6.9036e-01
6259.93	4.7916e+00	6.6048e-01
6260.70	4.8248e+00	6.3080e-01
6261.48	4.9755e+00	6.1838e-01
6262.25	5.0911e+00	6.2255e-01
6263.03	5.0522e+00	6.2837e-01
6263.80	4.5751e+00	6.3357e-01
6264.57	4.1059e+00	6.3794e-01
6265.35	4.2906e+00	6.4590e-01
6266.12	4.7669e+00	6.4873e-01
6266.90	5.0424e+00	6.4302e-01
6267.67	5.2894e+00	6.3689e-01
6268.44	5.2696e+00	6.3189e-01
6269.22	4.9013e+00	6.2603e-01
6269.99	4.4920e+00	6.1573e-01
6270.77	4.3453e+00	6.0509e-01
6271.54	4.4258e+00	6.0514e-01
6272.31	4.7368e+00	6.1276e-01
6273.09	5.0576e+00	6.1923e-01
6273.86	4.9707e+00	6.2431e-01
6274.64	4.6869e+00	6.2480e-01
6275.41	4.7355e+00	6.2041e-01
6276.18	4.7440e+00	6.1828e-01
6276.96	4.5590e+00	6.2463e-01
6277.73	4.4414e+00	6.3729e-01
6278.51	4.7415e+00	6.4741e-01
6279.28	5.3993e+00	6.4785e-01
6280.05	5.4759e+00	6.4099e-01
6280.83	4.9063e+00	6.3248e-01
6281.60	4.5374e+00	6.2714e-01
6282.38	4.4846e+00	6.2057e-01
6283.15	4.5554e+00	6.1117e-01
6283.92	4.5791e+00	6.0832e-01
6284.70	4.5149e+00	6.1435e-01
6285.47	4.5019e+00	6.2415e-01
6286.25	4.6608e+00	6.4401e-01
6287.02	4.8989e+00	6.6697e-01
6287.79	4.9733e+00	6.7976e-01
6288.57	4.8102e+00	6.7156e-01
6289.34	4.5320e+00	6.4642e-01
6290.12	4.2771e+00	6.2076e-01
6290.89	4.1139e+00	6.0845e-01
6291.66	3.9389e+00	6.0794e-01
6292.44	4.2472e+00	6.1097e-01
6293.21	4.9073e+00	6.1016e-01
6293.99	5.0564e+00	6.1386e-01
6294.76	4.5946e+00	6.1807e-01
6295.53	4.0979e+00	6.2508e-01
6296.31	4.0211e+00	6.2780e-01
6297.08	4.4379e+00	6.6633e-01
6297.86	4.8462e+00	7.3715e-01
6298.63	5.1505e+00	8.7992e-01
6299.40	5.2928e+00	1.0467e+00
6300.18	4.9854e+00	1.1933e+00
6300.95	4.3979e+00	1.2226e+00
6301.73	3.9400e+00	1.0825e+00
6302.50	3.8736e+00	8.4687e-01
6303.27	4.1175e+00	6.6009e-01
6304.05	4.4739e+00	5.9254e-01
6304.82	4.5120e+00	6.3034e-01
6305.60	4.1798e+00	6.5443e-01
6306.37	4.0227e+00	6.8429e-01
6307.14	4.3076e+00	7.0094e-01
6307.92	4.7492e+00	6.9219e-01
6308.69	4.8747e+00	6.6244e-01
6309.47	4.5731e+00	6.3064e-01
6310.24	4.3924e+00	6.1072e-01
6311.01	4.4737e+00	6.0608e-01
6311.79	4.5710e+00	6.0600e-01
6312.56	4.5438e+00	6.0794e-01
6313.34	4.4298e+00	6.0654e-01
6314.11	4.4749e+00	6.0285e-01
6314.88	4.6233e+00	5.9700e-01
6315.66	4.7277e+00	5.9208e-01
6316.43	4.9106e+00	5.9235e-01
6317.21	5.0661e+00	5.9703e-01
6317.98	5.0188e+00	6.0113e-01
6318.75	4.8102e+00	6.0662e-01
6319.53	4.6502e+00	6.1656e-01
6320.30	4.8211e+00	6.3093e-01
6321.08	4.9942e+00	6.4224e-01
6321.85	4.7673e+00	6.4336e-01
6322.62	4.4199e+00	6.3295e-01
6323.40	4.2660e+00	6.1932e-01
6324.17	4.3807e+00	6.1300e-01
6324.95	4.5434e+00	6.1346e-01
6325.72	4.5339e+00	6.1487e-01
6326.49	4.6467e+00	6.1621e-01
6327.27	4.7290e+00	6.2148e-01
6328.04	4.4608e+00	6.3294e-01
6328.82	4.4764e+00	6.5455e-01
6329.59	4.8484e+00	6.7597e-01
6330.36	4.6836e+00	6.8138e-01
6331.14	4.3692e+00	6.6521e-01
6331.91	4.5488e+00	6.3728e-01
6332.69	4.5788e+00	6.1485e-01
6333.46	4.4628e+00	6.0561e-01
6334.23	4.7267e+00	5.9984e-01
6335.01	5.0743e+00	6.0160e-01
6335.78	5.0641e+00	6.0903e-01
6336.56	4.3266e+00	5.9778e-01
6337.33	3.7279e+00	5.9860e-01
6338.10	4.2465e+00	6.4268e-01
6338.88	4.5218e+00	6.6894e-01
6339.65	4.1593e+00	6.5264e-01
6340.43	4.5572e+00	6.2587e-01
6341.20	5.0728e+00	6.0899e-01
6341.97	4.8785e+00	6.0843e-01
6342.75	4.5831e+00	6.0960e-01
6343.52	4.4687e+00	6.0495e-01
6344.30	4.3912e+00	6.0357e-01
6345.07	4.4092e+00	6.0440e-01
6345.84	4.5358e+00	6.0808e-01
6346.62	4.7550e+00	6.1546e-01
6347.39	5.0321e+00	6.2543e-01
6348.17	5.2708e+00	6.3423e-01
6348.94	5.3865e+00	6.3632e-01
6349.71	5.2513e+00	6.3127e-01
6350.49	4.7448e+00	6.2350e-01
6351.26	4.4220e+00	6.1705e-01
6352.04	4.5792e+00	6.1417e-01
6352.81	4.6206e+00	6.1356e-01
6353.58	4.4385e+00	6.1578e-01
6354.36	4.3921e+00	6.2090e-01
6355.13	4.3780e+00	6.3518e-01
6355.91	4.3595e+00	6.5333e-01
6356.68	4.5022e+00	6.6230e-01
6357.45	4.5702e+00	6.5472e-01
6358.23	4.3755e+00	6.3662e-01
6359.00	3.9799e+00	6.1843e-01
6359.78	3.7586e+00	6.1423e-01
6360.55	3.9962e+00	6.2174e-01
6361.32	4.5306e+00	6.5268e-01
6362.10	4.9203e+00	7.0866e-01
6362.87	4.6654e+00	7.8444e-01
6363.65	4.4157e+00	8.4290e-01
6364.42	4.9935e+00	8.5547e-01
6365.19	5.2466e+00	8.0059e-01
6365.97	4.7063e+00	7.0277e-01
6366.74	4.1828e+00	6.3121e-01
6367.52	4.2135e+00	6.1076e-01
6368.29	4.7402e+00	6.0353e-01
6369.06	4.8244e+00	6.0659e-01
6369.84	4.4796e+00	6.0504e-01
6370.61	4.6090e+00	6.0728e-01
6371.39	4.6348e+00	6.0772e-01
6372.16	4.2979e+00	6.0536e-01
6372.93	4.5030e+00	6.0225e-01
6373.71	4.6729e+00	6.0233e-01
6374.48	4.0379e+00	6.0680e-01
6375.26	4.1228e+00	6.1243e-01
6376.03	4.8894e+00	6.1555e-01
6376.80	4.6282e+00	6.1481e-01
6377.58	4.0208e+00	6.1421e-01
6378.35	4.0352e+00	6.1707e-01
6379.13	4.0741e+00	6.1964e-01
6379.90	4.0543e+00	6.2006e-01
6380.67	4.2083e+00	6.1860e-01
6381.45	4.1856e+00	6.2148e-01
6382.22	4.0568e+00	6.3016e-01
6383.00	4.4656e+00	6.2042e-01
6383.77	4.9070e+00	6.3795e-01
6384.54	4.7396e+00	7.0463e-01
6385.32	4.4138e+00	7.4184e-01
6386.09	4.3170e+00	7.4103e-01
6386.87	4.4346e+00	7.5389e-01
6387.64	4.5622e+00	7.3989e-01
6388.41	4.5041e+00	6.7940e-01
6389.19	4.3908e+00	6.2812e-01
6389.96	4.3633e+00	6.1053e-01
6390.74	4.4804e+00	6.0723e-01
6391.51	4.4959e+00	6.0841e-01
6392.28	4.3955e+00	6.0244e-01
6393.06	4.4766e+00	6.0007e-01
6393.83	4.6683e+00	6.0021e-01
6394.61	4.7721e+00	6.0105e-01
6395.38	4.7179e+00	6.0310e-01
6396.15	4.6116e+00	6.0550e-01
6396.93	4.6447e+00	6.0726e-01
6397.70	4.6501e+00	6.0722e-01
6398.48	4.5795e+00	6.0482e-01
6399.25	4.8512e+00	6.0015e-01
6400.02	5.0201e+00	5.9516e-01
6400.80	4.6058e+00	5.9219e-01
6401.57	4.3388e+00	5.9444e-01
6402.35	4.4798e+00	5.9961e-01
6403.12	4.5519e+00	6.0235e-01
6403.89	4.4491e+00	6.0258e-01
6404.67	4.2861e+00	6.0271e-01
6405.44	4.1803e+00	6.0480e-01
6406.22	4.3692e+00	6.0511e-01
6406.99	4.9108e+00	5.9898e-01
6407.76	5.0266e+00	5.9298e-01
6408.54	4.6058e+00	5.9255e-01
6409.31	4.5922e+00	5.9563e-01
6410.09	4.8778e+00	5.9859e-01
6410.86	4.9612e+00	5.9904e-01
6411.63	5.0113e+00	6.0047e-01
6412.41	5.2274e+00	6.0390e-01
6413.18	5.7306e+00	6.0586e-01
6413.96	5.7965e+00	6.0783e-01
6414.73	5.1999e+00	6.0965e-01
6415.50	4.9044e+00	6.0504e-01
6416.28	5.0499e+00	5.9942e-01
6417.05	5.1255e+00	6.0127e-01
6417.83	5.0927e+00	6.0458e-01
6418.60	4.9663e+00	6.0510e-01
6419.37	4.8655e+00	6.0665e-01
6420.15	4.8409e+00	6.0707e-01
6420.92	4.8752e+00	6.0492e-01
6421.70	5.1367e+00	6.0201e-01
6422.47	5.3205e+00	6.0064e-01
6423.24	4.9678e+00	6.0148e-01
6424.02	4.8623e+00	6.0358e-01
6424.79	5.2743e+00	6.0500e-01
6425.57	5.1950e+00	6.0555e-01
6426.34	4.7003e+00	6.0452e-01
6427.11	4.4377e+00	6.0226e-01
6427.89	4.6165e+00	6.0246e-01
6428.66	5.0115e+00	6.0450e-01
6429.44	5.1139e+00	6.0395e-01
6430.21	5.0076e+00	6.0126e-01
6430.98	4.9681e+00	5.9881e-01
6431.76	4.9196e+00	5.9634e-01
6432.53	4.8238e+00	5.9542e-01
6433.31	4.6642e+00	5.9724e-01
6434.08	4.5930e+00	5.9867e-01
6434.85	4.6351e+00	5.9793e-01
6435.63	4.6016e+00	5.9803e-01
6436.40	4.5822e+00	5.9760e-01
6437.18	4.7059e+00	5.9507e-01
6437.95	4.8378e+00	5.9401e-01
6438.72	4.8970e+00	5.9414e-01
6439.50	5.0098e+00	5.9268e-01
6440.27	4.6816e+00	5.8926e-01
6441.05	3.9798e+00	5.8723e-01
6441.82	3.9726e+00	5.9434e-01
6442.59	4.5448e+00	6.0348e-01
6443.37	4.8485e+00	6.0336e-01
6444.14	4.7519e+00	6.0060e-01
6444.92	4.5575e+00	6.0093e-01
6445.69	4.7943e+00	6.0083e-01
6446.46	5.0688e+00	6.0152e-01
6447.24	4.8976e+00	6.0271e-01
6448.01	4.9208e+00	5.9812e-01
6448.79	5.1168e+00	5.9130e-01
6449.56	4.9840e+00	5.9166e-01
6450.33	4.6959e+00	5.9571e-01
6451.11	4.5499e+00	5.9837e-01
6451.88	4.6305e+00	6.0248e-01
6452.66	4.8482e+00	6.0390e-01
6453.43	5.0047e+00	5.9965e-01
6454.20	4.8124e+00	5.9688e-01
6454.98	4.5183e+00	5.9743e-01
6455.75	4.7324e+00	5.9430e-01
6456.53	5.0417e+00	5.9340e-01
6457.30	4.9404e+00	5.9841e-01
6458.07	4.6753e+00	6.0186e-01
6458.85	4.5447e+00	6.0077e-01
6459.62	4.6930e+00	5.9852e-01
6460.40	4.8549e+00	5.9432e-01
6461.17	4.8508e+00	5.9259e-01
6461.94	4.9522e+00	5.9816e-01
6462.72	4.9786e+00	6.1056e-01
6463.49	4.7697e+00	6.2381e-01
6464.27	4.7325e+00	6.3385e-01
6465.04	4.9143e+00	6.4048e-01
6465.81	4.9941e+00	6.4603e-01
6466.59	4.8729e+00	6.4393e-01
6467.36	4.6553e+00	6.3328e-01
6468.14	4.5049e+00	6.2099e-01
6468.91	4.5875e+00	6.1772e-01
6469.68	4.8682e+00	6.2559e-01
6470.46	4.8934e+00	6.3358e-01
6471.23	4.5871e+00	6.3107e-01
6472.01	4.4233e+00	6.2219e-01
6472.78	4.4896e+00	6.0905e-01
6473.55	4.6323e+00	5.9654e-01
6474.33	4.8141e+00	5.9007e-01
6475.10	4.9046e+00	5.8853e-01
6475.88	4.8051e+00	5.8722e-01
6476.65	4.8829e+00	5.9035e-01
6477.42	5.1940e+00	5.9807e-01
6478.20	5.1776e+00	6.0542e-01
6478.97	4.8523e+00	6.0498e-01
6479.75	4.6147e+00	5.9525e-01
6480.52	4.5355e+00	5.8842e-01
6481.29	4.6800e+00	5.8791e-01
6482.07	5.1123e+00	5.8367e-01
6482.84	5.2454e+00	5.7796e-01
6483.62	4.7978e+00	5.7583e-01
6484.39	4.2841e+00	5.7734e-01
6485.16	4.1346e+00	5.8164e-01
6485.94	4.3594e+00	5.8679e-01
6486.71	4.5940e+00	5.8907e-01
6487.49	4.6449e+00	5.8785e-01
6488.26	4.8238e+00	5.8569e-01
6489.03	5.1771e+00	5.8492e-01
6489.81	5.5058e+00	5.8545e-01
6490.58	5.2873e+00	5.8591e-01
6491.36	4.6729e+00	5.8416e-01
6492.13	4.3858e+00	5.8060e-01
6492.90	4.3130e+00	5.7591e-01
6493.68	4.1849e+00	5.7214e-01
6494.45	4.1246e+00	5.6976e-01
6495.23	4.2278e+00	5.7082e-01
6496.00	4.5055e+00	5.7672e-01
6496.77	4.8493e+00	5.9586e-01
6497.55	4.9964e+00	6.2876e-01
6498.32	4.6544e+00	6.6754e-01
6499.10	4.3487e+00	6.8298e-01
6499.87	4.5515e+00	6.6255e-01
6500.64	4.7693e+00	6.2503e-01
6501.42	4.7495e+00	5.9603e-01
6502.19	4.6571e+00	5.8499e-01
6502.97	4.5826e+00	5.9036e-01
6503.74	4.6234e+00	5.9777e-01
6504.51	4.8239e+00	6.0932e-01
6505.29	4.9249e+00	6.1427e-01
6506.06	4.7116e+00	6.0803e-01
6506.84	4.5702e+00	5.9614e-01
6507.61	4.5959e+00	5.8586e-01
6508.38	4.4082e+00	5.7839e-01
6509.16	4.3296e+00	5.7684e-01
6509.93	4.5868e+00	5.7922e-01
6510.71	4.7855e+00	5.8064e-01
6511.48	4.8035e+00	5.8009e-01
6512.25	4.8169e+00	5.8108e-01
6513.03	4.6940e+00	5.8418e-01
6513.80	4.5012e+00	5.8659e-01
6514.58	4.4629e+00	5.8372e-01
6515.35	4.6301e+00	5.7764e-01
6516.12	4.8538e+00	5.7357e-01
6516.90	4.7897e+00	5.7064e-01
6517.67	4.5732e+00	5.6858e-01
6518.45	4.7369e+00	5.6854e-01
6519.22	4.8484e+00	5.6967e-01
6519.99	4.6181e+00	5.7255e-01
6520.77	4.6679e+00	5.7973e-01
6521.54	4.9057e+00	5.8967e-01
6522.32	4.8775e+00	5.9763e-01
6523.09	4.8843e+00	5.9768e-01
6523.86	5.0292e+00	5.9107e-01
6524.64	5.0941e+00	5.8565e-01
6525.41	4.9034e+00	5.8217e-01
6526.19	4.5423e+00	5.7778e-01
6526.96	4.3931e+00	5.7285e-01
6527.73	4.6327e+00	5.6923e-01
6528.51	5.0737e+00	5.7079e-01
6529.28	5.2373e+00	5.7281e-01
6530.06	4.9979e+00	5.7711e-01
6530.83	4.9411e+00	5.8875e-01
6531.60	4.9858e+00	6.1389e-01
6532.38	4.7857e+00	6.4443e-01
6533.15	4.6793e+00	6.6546e-01
6533.93	4.8209e+00	6.6295e-01
6534.70	5.0505e+00	6.3372e-01
6535.47	5.1749e+00	5.9563e-01
6536.25	5.0864e+00	5.7262e-01
6537.02	4.7814e+00	5.6409e-01
6537.80	4.5232e+00	5.6550e-01
6538.57	4.5513e+00	5.7409e-01
6539.34	4.7967e+00	5.8152e-01
6540.12	5.0760e+00	5.8624e-01
6540.89	5.4672e+00	5.9305e-01
6541.67	5.5276e+00	6.0197e-01
6542.44	5.0348e+00	6.1132e-01
6543.21	4.7073e+00	6.2510e-01
6543.99	4.6577e+00	6.4511e-01
6544.76	4.1958e+00	6.6712e-01
6545.54	4.2023e+00	6.6973e-01
6546.31	4.9799e+00	6.4481e-01
6547.08	5.1051e+00	6.0964e-01
6547.86	4.7138e+00	5.8187e-01
6548.63	4.8318e+00	5.6874e-01
6549.41	5.0708e+00	5.6743e-01
6550.18	5.1296e+00	5.7046e-01
6550.95	5.1544e+00	5.7922e-01
6551.73	5.0934e+00	5.9769e-01
6552.50	4.9593e+00	6.2288e-01
6553.28	4.7523e+00	6.4672e-01
6554.05	4.6917e+00	6.5260e-01
6554.82	4.9849e+00	6.3129e-01
6555.60	5.2209e+00	5.9697e-01
6556.37	5.1469e+00	5.7124e-01
6557.15	5.1521e+00	5.5863e-01
6557.92	5.2227e+00	5.5604e-01
6558.69	5.1650e+00	5.5546e-01
6559.47	5.0741e+00	5.5413e-01
6560.24	4.9950e+00	5.5444e-01
6561.02	4.8520e+00	5.6186e-01
6561.79	4.8735e+00	5.7570e-01
6562.56	5.1446e+00	5.8789e-01
6563.34	5.4216e+00	5.8817e-01
6564.11	5.4943e+00	5.7600e-01
6564.89	5.3513e+00	5.6104e-01
6565.66	5.2504e+00	5.5433e-01
6566.43	5.2958e+00	5.5973e-01
6567.21	5.2152e+00	5.6981e-01
6567.98	5.0247e+00	5.7813e-01
6568.76	4.8977e+00	5.8206e-01
6569.53	5.0272e+00	5.8268e-01
6570.30	5.3082e+00	5.7996e-01
6571.08	5.4402e+00	5.7166e-01
6571.85	5.3516e+00	5.6424e-01
6572.63	5.2338e+00	5.6282e-01
6573.40	5.4699e+00	5.6192e-01
6574.17	5.7778e+00	5.6388e-01
6574.95	5.6146e+00	5.7270e-01
6575.72	5.4810e+00	5.9055e-01
6576.50	5.6068e+00	6.1340e-01
6577.27	5.4232e+00	6.3458e-01
6578.04	5.4648e+00	6.3899e-01
6578.82	6.0788e+00	6.2200e-01
6579.59	6.2022e+00	5.9513e-01
6580.37	5.7838e+00	5.7259e-01
6581.14	5.7309e+00	5.5937e-01
6581.91	5.6350e+00	5.5754e-01
6582.69	5.2435e+00	5.5993e-01
6583.46	5.0114e+00	5.6662e-01
6584.24	5.1376e+00	5.6896e-01
6585.01	5.4920e+00	5.6399e-01
6585.78	5.6628e+00	5.6050e-01
6586.56	5.4930e+00	5.6310e-01
6587.33	5.2526e+00	5.6692e-01
6588.11	5.2408e+00	5.6536e-01
6588.88	5.4543e+00	5.5773e-01
6589.65	5.3063e+00	5.5564e-01
6590.43	4.8999e+00	5.6016e-01
6591.20	4.8344e+00	5.6309e-01
6591.98	5.0028e+00	5.6081e-01
6592.75	5.2201e+00	5.5617e-01
6593.52	5.5871e+00	5.5751e-01
6594.30	5.7531e+00	5.6298e-01
6595.07	5.5187e+00	5.6604e-01
6595.85	5.3337e+00	5.7326e-01
6596.62	5.4058e+00	5.8193e-01
6597.39	5.4699e+00	5.8360e-01
6598.17	5.4797e+00	5.7619e-01
6598.94	5.4649e+00	5.6550e-01
6599.72	5.5244e+00	5.5945e-01
6600.49	5.6496e+00	5.6173e-01
6601.26	5.7469e+00	5.6774e-01
6602.04	5.6684e+00	5.7731e-01
6602.81	5.4988e+00	5.8862e-01
6603.59	5.4570e+00	5.9964e-01
6604.36	5.6724e+00	6.0456e-01
6605.13	6.0112e+00	6.0042e-01
6605.91	6.1108e+00	5.8860e-01
6606.68	5.9503e+00	5.7480e-01
6607.46	5.8661e+00	5.6520e-01
6608.23	5.7941e+00	5.5942e-01
6609.00	5.7216e+00	5.5483e-01
6609.78	5.9321e+00	5.5547e-01
6610.55	6.1395e+00	5.5902e-01
6611.33	5.9779e+00	5.6211e-01
6612.10	5.8158e+00	5.6352e-01
6612.87	5.8176e+00	5.6361e-01
6613.65	5.7386e+00	5.6342e-01
6614.42	5.6243e+00	5.6348e-01
6615.20	5.5937e+00	5.6372e-01
6615.97	5.8347e+00	5.6482e-01
6616.74	6.1143e+00	5.6535e-01
6617.52	6.0825e+00	5.6369e-01
6618.29	5.7331e+00	5.6197e-01
6619.07	5.3489e+00	5.6203e-01
6619.84	5.1329e+00	5.6345e-01
6620.61	5.3216e+00	5.6414e-01
6621.39	5.7890e+00	5.6255e-01
6622.16	6.0133e+00	5.6105e-01
6622.94	5.8107e+00	5.5970e-01
6623.71	5.5432e+00	5.5591e-01
6624.48	5.4057e+00	5.5478e-01
6625.26	5.4290e+00	5.5908e-01
6626.03	5.4653e+00	5.6279e-01
6626.81	5.4373e+00	5.6550e-01
6627.58	5.4193e+00	5.6965e-01
6628.35	5.3058e+00	5.7097e-01
6629.13	5.2069e+00	5.6768e-01
6629.90	5.3716e+00	5.6164e-01
6630.68	5.6855e+00	5.5742e-01
6631.45	5.8932e+00	5.5815e-01
6632.22	5.8989e+00	5.6205e-01
6633.00	5.8634e+00	5.6711e-01
6633.77	6.0187e+00	5.7260e-01
6634.55	6.1194e+00	5.7474e-01
6635.32	5.9367e+00	5.7173e-01
6636.09	5.6845e+00	5.6431e-01
6636.87	5.3551e+00	5.5698e-01
6637.64	4.9442e+00	5.5383e-01
6638.42	4.8583e+00	5.5336e-01
6639.19	5.0872e+00	5.5305e-01
6639.96	5.2703e+00	5.5409e-01
6640.74	5.2000e+00	5.5423e-01
6641.51	4.9978e+00	5.5293e-01
6642.29	5.2171e+00	5.5380e-01
6643.06	5.6003e+00	5.5603e-01
6643.83	5.4271e+00	5.5614e-01
6644.61	5.2356e+00	5.5441e-01
6645.38	5.4070e+00	5.5309e-01
6646.16	5.5267e+00	5.5467e-01
6646.93	5.5070e+00	5.5681e-01
6647.70	5.4397e+00	5.5615e-01
6648.48	5.6744e+00	5.5638e-01
6649.25	6.0466e+00	5.5787e-01
6650.03	5.9715e+00	5.5709e-01
6650.80	5.7168e+00	5.5618e-01
6651.57	5.6645e+00	5.5728e-01
6652.35	5.5282e+00	5.5885e-01
6653.12	5.4970e+00	5.5987e-01
6653.90	5.8457e+00	5.6010e-01
6654.67	5.8928e+00	5.5842e-01
6655.44	5.6022e+00	5.5552e-01
6656.22	5.9539e+00	5.5305e-01
6656.99	6.3142e+00	5.5315e-01
6657.77	5.9365e+00	5.5561e-01
6658.54	5.7866e+00	5.5788e-01
6659.31	5.9918e+00	5.5785e-01
6660.09	5.8643e+00	5.5542e-01
6660.86	5.6929e+00	5.5613e-01
6661.64	5.7079e+00	5.6083e-01
6662.41	5.6166e+00	5.6193e-01
6663.18	5.5242e+00	5.5771e-01
6663.96	5.6338e+00	5.5237e-01
6664.73	5.6290e+00	5.5112e-01
6665.51	5.4585e+00	5.5464e-01
6666.28	5.3994e+00	5.5663e-01
6667.05	5.5615e+00	5.5933e-01
6667.83	5.8201e+00	5.6435e-01
6668.60	5.8973e+00	5.6668e-01
6669.38	5.7202e+00	5.6372e-01
6670.15	5.4688e+00	5.5707e-01
6670.92	5.4791e+00	5.5204e-01
6671.70	5.7380e+00	5.5100e-01
6672.47	5.7334e+00	5.5002e-01
6673.25	5.5610e+00	5.4845e-01
6674.02	5.5995e+00	5.4810e-01
6674.79	5.9395e+00	5.4904e-01
6675.57	6.4313e+00	5.5229e-01
6676.34	6.7070e+00	5.5870e-01
6677.12	6.8215e+00	5.6161e-01
6677.89	6.9017e+00	5.5803e-01
6678.66	6.8271e+00	5.5422e-01
6679.44	6.5477e+00	5.5327e-01
6680.21	6.1280e+00	5.5364e-01
6680.99	5.8246e+00	5.5241e-01
6681.76	5.7562e+00	5.4929e-01
6682.53	5.8758e+00	5.4860e-01
6683.31	5.9179e+00	5.5076e-01
6684.08	5.7346e+00	5.5322e-01
6684.86	5.5330e+00	5.5237e-01
6685.63	5.4463e+00	5.4917e-01
6686.40	5.4317e+00	5.4797e-01
6687.18	5.5469e+00	5.5083e-01
6687.95	5.8897e+00	5.5664e-01
6688.73	6.1149e+00	5.5748e-01
6689.50	6.8717e+00	5.6117e-01
6690.27	8.5300e+00	5.7566e-01
6691.05	1.1145e+01	6.0002e-01
6691.82	1.3559e+01	6.2174e-01
6692.60	1.4252e+01	6.2769e-01
6693.37	1.2800e+01	6.1498e-01
6694.14	1.0259e+01	5.9255e-01
6694.92	7.7441e+00	5.6813e-01
6695.69	6.1079e+00	5.5132e-01
6696.47	5.2868e+00	5.4527e-01
6697.24	5.4062e+00	5.4586e-01
6698.01	5.7273e+00	5.4621e-01
6698.79	5.5537e+00	5.5066e-01
6699.56	5.1108e+00	5.5469e-01
6700.34	5.1783e+00	5.5489e-01
6701.11	5.4013e+00	5.5318e-01
6701.88	5.5953e+00	5.5210e-01
6702.66	5.9293e+00	5.5185e-01
6703.43	5.9189e+00	5.5227e-01
6704.21	5.4559e+00	5.5177e-01
6704.98	5.2440e+00	5.4769e-01
6705.75	5.3503e+00	5.4361e-01
6706.53	5.3307e+00	5.4526e-01
6707.30	5.3662e+00	5.4562e-01
6708.08	5.4676e+00	5.4270e-01
6708.85	5.3233e+00	5.4428e-01
6709.62	5.2910e+00	5.4883e-01
6710.40	5.7652e+00	5.5228e-01
6711.17	6.3824e+00	5.5401e-01
6711.95	7.1442e+00	5.5751e-01
6712.72	8.1490e+00	5.6587e-01
6713.49	8.8015e+00	5.7127e-01
6714.27	8.6480e+00	5.6865e-01
6715.04	7.6913e+00	5.6094e-01
6715.82	6.6329e+00	5.5545e-01
6716.59	6.1751e+00	5.5489e-01
6717.36	5.7098e+00	5.7904e-01
6718.14	5.0886e+00	6.0242e-01
6718.91	5.2293e+00	5.7524e-01
6719.69	5.5646e+00	5.3458e-01
6720.46	5.4559e+00	5.3517e-01
6721.23	5.2084e+00	5.3980e-01
6722.01	5.2183e+00	5.3658e-01
6722.78	5.7042e+00	5.4071e-01
6723.56	5.7857e+00	5.4355e-01
6724.33	5.2326e+00	5.4206e-01
6725.10	5.1789e+00	5.4401e-01
6725.88	5.4896e+00	5.4541e-01
6726.65	5.4897e+00	5.4095e-01
6727.43	5.5069e+00	5.3860e-01
6728.20	5.5539e+00	5.4127e-01
6728.97	5.3275e+00	5.4384e-01
6729.75	5.2232e+00	5.4489e-01
6730.52	5.4401e+00	5.4474e-01
6731.30	5.5015e+00	5.4519e-01
6732.07	5.2707e+00	5.4562e-01
6732.84	5.0072e+00	5.4617e-01
6733.62	4.8956e+00	5.4325e-01
6734.39	5.0747e+00	5.5177e-01
6735.17	5.7017e+00	6.0808e-01
6735.94	5.8517e+00	6.3305e-01
6736.71	5.0220e+00	5.7607e-01
6737.49	4.7173e+00	5.3147e-01
6738.26	5.0991e+00	5.4129e-01
6739.04	4.9085e+00	5.4001e-01
6739.81	4.7813e+00	5.3758e-01
6740.58	5.1344e+00	5.4186e-01
6741.36	5.2487e+00	5.4251e-01
6742.13	5.0579e+00	5.3917e-01
6742.91	4.9034e+00	5.3741e-01
6743.68	5.0002e+00	5.3730e-01
6744.45	5.2695e+00	5.3919e-01
6745.23	5.3086e+00	5.4375e-01
6746.00	5.2542e+00	5.4604e-01
6746.78	5.3398e+00	5.4328e-01
6747.55	5.2570e+00	5.4024e-01
6748.32	5.1526e+00	5.3877e-01
6749.10	5.3317e+00	5.3705e-01
6749.87	5.6066e+00	5.3606e-01
6750.65	5.6945e+00	5.3649e-01
6751.42	5.4927e+00	5.3956e-01
6752.19	5.2475e+00	5.4134e-01
6752.97	5.2560e+00	5.3878e-01
6753.74	5.1803e+00	5.3756e-01
6754.52	5.0151e+00	5.3915e-01
6755.29	5.1805e+00	5.3888e-01
6756.06	5.2768e+00	5.3786e-01
6756.84	5.0365e+00	5.3749e-01
6757.61	4.9351e+00	5.3592e-01
6758.39	5.0511e+00	5.3412e-01
6759.16	5.1172e+00	5.3424e-01
6759.93	5.2965e+00	5.3411e-01
6760.71	5.4679e+00	5.3308e-01
6761.48	5.1645e+00	5.3331e-01
6762.26	4.8658e+00	5.3535e-01
6763.03	5.0716e+00	5.3786e-01
6763.80	5.1386e+00	5.3707e-01
6764.58	4.9291e+00	5.3389e-01
6765.35	4.9406e+00	5.3302e-01
6766.13	4.8320e+00	5.3355e-01
6766.90	4.5122e+00	5.3340e-01
6767.67	4.4940e+00	5.3260e-01
6768.45	4.8424e+00	5.3220e-01
6769.22	5.2349e+00	5.3335e-01
6770.00	5.2748e+00	5.3275e-01
6770.77	4.9793e+00	5.2985e-01
6771.54	4.8132e+00	5.2799e-01
6772.32	4.8456e+00	5.2839e-01
6773.09	4.9179e+00	5.3026e-01
6773.87	4.8377e+00	5.3272e-01
6774.64	4.7933e+00	5.3393e-01
6775.41	5.1304e+00	5.3298e-01
6776.19	5.3974e+00	5.3302e-01
6776.96	5.3066e+00	5.3556e-01
6777.74	5.2395e+00	5.3824e-01
6778.51	5.1457e+00	5.3799e-01
6779.28	4.8958e+00	5.3427e-01
6780.06	4.8191e+00	5.3188e-01
6780.83	4.9557e+00	5.3272e-01
6781.61	5.0246e+00	5.3344e-01
6782.38	5.0629e+00	5.3388e-01
6783.15	5.1549e+00	5.3436e-01
6783.93	5.3984e+00	5.3501e-01
6784.70	5.4597e+00	5.3503e-01
6785.48	4.9980e+00	5.3360e-01
6786.25	4.7617e+00	5.3272e-01
6787.02	5.0139e+00	5.3283e-01
6787.80	5.0650e+00	5.3158e-01
6788.57	4.8785e+00	5.3014e-01
6789.35	4.7249e+00	5.3029e-01
6790.12	4.4727e+00	5.2930e-01
6790.89	4.3195e+00	5.2837e-01
6791.67	4.5551e+00	5.3101e-01
6792.44	4.8314e+00	5.3426e-01
6793.22	4.8182e+00	5.3463e-01
6793.99	4.7725e+00	5.3153e-01
6794.76	4.6453e+00	5.2855e-01
6795.54	4.3468e+00	5.2942e-01
6796.31	4.3426e+00	5.3013e-01
6797.09	4.6488e+00	5.2825e-01
6797.86	4.7417e+00	5.2585e-01
6798.63	4.6777e+00	5.2609e-01
6799.41	4.7141e+00	5.2986e-01
6800.18	4.9236e+00	5.3490e-01
6800.96	5.1199e+00	5.3679e-01
6801.73	4.9871e+00	5.3305e-01
6802.50	4.9405e+00	5.3080e-01
6803.28	5.1632e+00	5.3302e-01
6804.05	5.1952e+00	5.3079e-01
6804.83	5.0030e+00	5.2680e-01
6805.60	4.8067e+00	5.2719e-01
6806.37	4.8003e+00	5.2964e-01
6807.15	4.8885e+00	5.3039e-01
6807.92	4.7594e+00	5.2691e-01
6808.70	4.5788e+00	5.2588e-01
6809.47	4.5800e+00	5.3070e-01
6810.24	4.7567e+00	5.3078e-01
6811.02	4.9030e+00	5.2679e-01
6811.79	4.8501e+00	5.2649e-01
6812.57	4.4656e+00	5.2879e-01
6813.34	4.0368e+00	5.3074e-01
6814.11	4.0421e+00	5.3124e-01
6814.89	4.4443e+00	5.2893e-01
6815.66	4.8040e+00	5.2505e-01
6816.44	4.5554e+00	5.2352e-01
6817.21	4.0320e+00	5.2454e-01
6817.98	4.1979e+00	5.2454e-01
6818.76	4.4077e+00	5.2455e-01
6819.53	4.1853e+00	5.2597e-01
6820.31	4.3856e+00	5.2820e-01
6821.08	4.8447e+00	5.3034e-01
6821.85	4.9416e+00	5.3171e-01
6822.63	4.9950e+00	5.2943e-01
6823.40	5.0919e+00	5.2620e-01
6824.18	4.8100e+00	5.2560e-01
6824.95	4.6734e+00	5.3366e-01
6825.72	5.0284e+00	5.5359e-01
6826.50	4.9501e+00	5.7702e-01
6827.27	4.6093e+00	6.0939e-01
6828.05	4.8678e+00	6.4950e-01
6828.82	5.2691e+00	6.7850e-01
6829.59	5.2572e+00	6.8223e-01
6830.37	4.8062e+00	6.5729e-01
6831.14	4.3736e+00	6.1892e-01
6831.92	4.4547e+00	5.9303e-01
6832.69	4.5262e+00	5.9865e-01
6833.46	4.5697e+00	6.3009e-01
6834.24	5.2632e+00	6.6327e-01
6835.01	5.5701e+00	6.8716e-01
6835.79	4.8830e+00	6.8952e-01
6836.56	4.2410e+00	6.2467e-01
6837.33	4.1780e+00	5.3052e-01
6838.11	4.4587e+00	5.1326e-01
6838.88	4.6546e+00	5.3248e-01
6839.66	4.6075e+00	5.3249e-01
6840.43	4.9622e+00	5.4825e-01
6841.20	5.1389e+00	5.6380e-01
6841.98	4.6145e+00	5.6532e-01
6842.75	4.1494e+00	5.5552e-01
6843.53	4.1799e+00	5.4111e-01
6844.30	4.4557e+00	5.2761e-01
6845.07	4.7316e+00	5.2241e-01
6845.85	4.9453e+00	5.2470e-01
6846.62	5.4490e+00	5.2679e-01
6847.40	6.1274e+00	5.2943e-01
6848.17	6.5427e+00	5.3767e-01
6848.94	6.5391e+00	5.4223e-01
6849.72	6.2086e+00	5.4011e-01
6850.49	5.7862e+00	5.3778e-01
6851.27	5.3913e+00	5.3526e-01
6852.04	5.0265e+00	5.3089e-01
6852.81	4.8182e+00	5.2350e-01
6853.59	4.6652e+00	5.1690e-01
6854.36	4.4311e+00	5.1669e-01
6855.14	4.5688e+00	5.2176e-01
6855.91	5.0201e+00	5.2555e-01
6856.68	4.9287e+00	5.2222e-01
6857.46	4.5138e+00	5.1584e-01
6858.23	4.4684e+00	5.1576e-01
6859.01	4.5826e+00	5.1672e-01
6859.78	4.7331e+00	5.2135e-01
6860.55	4.9584e+00	5.2960e-01
6861.33	5.1473e+00	5.5881e-01
6862.10	5.3072e+00	6.1245e-01
6862.88	5.8463e+00	6.8328e-01
6863.65	6.3069e+00	7.3362e-01
6864.42	5.9800e+00	7.3638e-01
6865.20	5.3486e+00	6.8509e-01
6865.97	4.8816e+00	6.0881e-01
6866.75	4.4443e+00	5.5124e-01
6867.52	4.1124e+00	5.5121e-01
6868.29	3.9346e+00	5.8725e-01
6869.07	4.0655e+00	6.3845e-01
6869.84	4.2825e+00	6.7488e-01
6870.62	4.2978e+00	6.9060e-01
6871.39	4.1437e+00	6.8061e-01
6872.16	4.0858e+00	6.5600e-01
6872.94	4.4219e+00	6.3088e-01
6873.71	4.8070e+00	6.1229e-01
6874.49	4.7422e+00	5.9546e-01
6875.26	4.3345e+00	5.8306e-01
6876.03	4.0838e+00	5.7457e-01
6876.81	4.4206e+00	5.7628e-01
6877.58	4.8921e+00	5.7896e-01
6878.36	4.9259e+00	5.7529e-01
6879.13	4.9947e+00	5.7325e-01
6879.90	5.1456e+00	5.7397e-01
6880.68	5.0632e+00	5.7462e-01
6881.45	4.8922e+00	5.6461e-01
6882.23	4.7095e+00	5.4500e-01
6883.00	4.3924e+00	5.2096e-01
6883.77	4.0239e+00	5.3129e-01
6884.55	3.7812e+00	5.8711e-01
6885.32	3.9082e+00	6.2155e-01
6886.10	4.2164e+00	6.2782e-01
6886.87	4.2646e+00	6.5205e-01
6887.64	4.1977e+00	6.7194e-01
6888.42	4.3124e+00	6.7111e-01
6889.19	4.6692e+00	6.9016e-01
6889.97	4.9256e+00	7.0918e-01
6890.74	4.7138e+00	6.8792e-01
6891.51	4.2107e+00	6.3807e-01
6892.29	3.8425e+00	5.8856e-01
6893.06	3.8849e+00	5.6554e-01
6893.84	4.0952e+00	5.6361e-01
6894.61	4.0980e+00	5.5647e-01
6895.38	4.2146e+00	5.4756e-01
6896.16	4.4972e+00	5.4208e-01
6896.93	4.7234e+00	5.5026e-01
6897.71	4.6618e+00	5.5811e-01
6898.48	4.3672e+00	5.5749e-01
6899.25	4.2135e+00	5.5853e-01
6900.03	4.2932e+00	5.6998e-01
6900.80	4.3803e+00	5.8874e-01
6901.58	4.5453e+00	5.9204e-01
6902.35	4.6286e+00	5.7234e-01
6903.12	4.3394e+00	5.3705e-01
6903.90	4.0373e+00	5.3426e-01
6904.67	4.0745e+00	5.7830e-01
6905.45	4.2793e+00	6.3024e-01
6906.22	4.2562e+00	6.3597e-01
6906.99	3.8378e+00	5.7272e-01
6907.77	3.3512e+00	5.0547e-01
6908.54	3.2540e+00	5.0952e-01
6909.32	3.6721e+00	5.3350e-01
6910.09	4.2265e+00	5.5461e-01
6910.86	4.4436e+00	5.7127e-01
6911.64	4.3798e+00	5.8021e-01
6912.41	4.3719e+00	5.8691e-01
6913.19	4.6684e+00	5.9719e-01
6913.96	4.8775e+00	5.9303e-01
6914.73	4.6401e+00	5.6450e-01
6915.51	4.2206e+00	5.3168e-01
6916.28	3.9680e+00	5.1008e-01
6917.06	4.0111e+00	5.0113e-01
6917.83	4.3620e+00	5.0699e-01
6918.60	4.6555e+00	5.1799e-01
6919.38	4.4887e+00	5.2714e-01
6920.15	4.0810e+00	5.3204e-01
6920.93	3.9491e+00	5.4027e-01
6921.70	4.0825e+00	5.6488e-01
6922.47	4.4441e+00	6.0394e-01
6923.25	5.0191e+00	6.3957e-01
6924.02	5.0210e+00	6.4291e-01
6924.80	4.2951e+00	6.0742e-01
6925.57	3.8455e+00	5.5536e-01
6926.34	3.8812e+00	5.1681e-01
6927.12	3.9216e+00	5.0591e-01
6927.89	4.0244e+00	5.0746e-01
6928.67	4.1463e+00	5.0289e-01
6929.44	4.3124e+00	5.0921e-01
6930.21	4.2491e+00	5.1394e-01
6930.99	3.8988e+00	5.0858e-01
6931.76	3.7776e+00	5.0499e-01
6932.54	3.9351e+00	5.0495e-01
6933.31	3.9677e+00	5.0112e-01
6934.08	3.9691e+00	4.9773e-01
6934.86	4.0058e+00	4.9908e-01
6935.63	3.9609e+00	5.0184e-01
6936.41	3.8538e+00	5.0885e-01
6937.18	3.7780e+00	5.2192e-01
6937.95	3.7500e+00	5.4092e-01
6938.73	3.8078e+00	5.6250e-01
6939.50	3.9441e+00	5.8047e-01
6940.28	4.1598e+00	5.8386e-01
6941.05	4.3878e+00	5.6968e-01
6941.82	4.4855e+00	5.4373e-01
6942.60	4.4598e+00	5.1886e-01
6943.37	4.4237e+00	5.0564e-01
6944.15	4.2591e+00	5.0453e-01
6944.92	3.9653e+00	5.0985e-01
6945.69	3.6413e+00	5.1925e-01
6946.47	3.6211e+00	5.3514e-01
6947.24	4.0042e+00	5.6007e-01
6948.02	4.3845e+00	6.1157e-01
6948.79	4.4823e+00	6.6135e-01
6949.56	4.3804e+00	6.7084e-01
6950.34	4.3535e+00	6.3530e-01
6951.11	4.5268e+00	5.7769e-01
6951.89	4.5361e+00	5.3015e-01
6952.66	4.3885e+00	5.1226e-01
6953.43	4.3121e+00	5.0783e-01
6954.21	4.2670e+00	5.0754e-01
6954.98	4.1887e+00	5.0160e-01
6955.76	4.1169e+00	5.0120e-01
6956.53	3.9511e+00	5.0440e-01
6957.30	3.7046e+00	5.0710e-01
6958.08	3.6154e+00	5.0645e-01
6958.85	3.7425e+00	5.0370e-01
6959.63	3.9202e+00	5.0318e-01
6960.40	4.1243e+00	5.0392e-01
6961.17	4.2912e+00	5.0403e-01
6961.95	4.2393e+00	5.0286e-01
6962.72	4.1790e+00	5.0260e-01
6963.50	4.3527e+00	5.0535e-01
6964.27	4.3104e+00	5.0799e-01
6965.04	4.0866e+00	5.0932e-01
6965.82	4.1935e+00	5.1012e-01
6966.59	4.4931e+00	5.1306e-01
6967.37	4.6549e+00	5.2085e-01
6968.14	4.6724e+00	5.3297e-01
6968.91	4.5565e+00	5.4718e-01
6969.69	4.4068e+00	5.5854e-01
6970.46	4.2027e+00	5.5898e-01
6971.24	4.0429e+00	5.4698e-01
6972.01	4.1912e+00	5.2796e-01
6972.78	4.3735e+00	5.1247e-01
6973.56	4.2823e+00	5.0773e-01
6974.33	4.2416e+00	5.0888e-01
6975.11	4.3816e+00	5.1387e-01
6975.88	4.5624e+00	5.2364e-01
6976.65	4.4776e+00	5.4602e-01
6977.43	4.1363e+00	5.7717e-01
6978.20	4.2456e+00	6.0548e-01
6978.98	4.4834e+00	6.1139e-01
6979.75	4.1616e+00	5.9066e-01
6980.52	3.7959e+00	5.4029e-01
6981.30	3.7470e+00	5.0320e-01
6982.07	3.8045e+00	5.5429e-01
6982.85	3.8876e+00	5.9888e-01
6983.62	3.9325e+00	5.6697e-01
6984.39	4.0837e+00	5.4958e-01
6985.17	4.1689e+00	5.8255e-01
6985.94	3.8792e+00	6.2098e-01
6986.72	3.7833e+00	6.1177e-01
6987.49	4.0935e+00	5.4799e-01
6988.26	4.1180e+00	5.1643e-01
6989.04	3.8880e+00	5.2167e-01
6989.81	3.8073e+00	5.0624e-01
6990.59	3.7766e+00	4.9595e-01
6991.36	3.7567e+00	4.9687e-01
6992.13	3.7839e+00	4.9658e-01
6992.91	3.8614e+00	4.9507e-01
6993.68	3.9687e+00	4.9545e-01
6994.46	4.1752e+00	4.9590e-01
6995.23	4.2675e+00	4.9759e-01
6996.00	4.0474e+00	5.0178e-01
6996.78	3.7189e+00	5.0383e-01
6997.55	3.6239e+00	5.0125e-01
6998.33	3.9770e+00	4.9634e-01
6999.10	4.3141e+00	4.9256e-01
6999.87	4.1594e+00	4.9298e-01
7000.65	3.9560e+00	4.9763e-01
7001.42	3.9520e+00	5.0679e-01
7002.20	3.9420e+00	5.1867e-01
7002.97	4.0409e+00	5.2906e-01
7003.74	4.2348e+00	5.3300e-01
7004.52	4.2580e+00	5.2653e-01
7005.29	4.2165e+00	5.1290e-01
7006.07	4.3748e+00	5.0048e-01
7006.84	4.2099e+00	4.9432e-01
7007.61	3.7917e+00	4.9604e-01
7008.39	3.9307e+00	5.0268e-01
7009.16	4.2411e+00	5.1328e-01
7009.94	4.1443e+00	5.2594e-01
7010.71	4.0459e+00	5.4240e-01
7011.48	4.1000e+00	5.5266e-01
7012.26	4.1450e+00	5.4605e-01
7013.03	4.2463e+00	5.2670e-01
7013.81	4.3255e+00	5.0649e-01
7014.58	4.2042e+00	4.9477e-01
7015.35	3.8739e+00	4.8914e-01
7016.13	3.5251e+00	4.8105e-01
7016.90	3.6212e+00	4.8232e-01
7017.68	4.0386e+00	4.9146e-01
7018.45	4.1418e+00	4.9579e-01
7019.22	4.0135e+00	4.9635e-01
7020.00	3.9716e+00	4.9773e-01
7020.77	3.9141e+00	4.9691e-01
7021.55	3.8916e+00	4.9414e-01
7022.32	3.9344e+00	4.9131e-01
7023.09	4.1171e+00	4.8879e-01
7023.87	4.3222e+00	4.8761e-01
7024.64	4.2863e+00	4.9041e-01
7025.42	4.0908e+00	4.9280e-01
7026.19	3.9689e+00	4.9099e-01
7026.96	3.9172e+00	4.9194e-01
7027.74	3.8556e+00	4.9628e-01
7028.51	3.6245e+00	4.9706e-01
7029.29	3.7775e+00	4.9720e-01
7030.06	4.4207e+00	4.9935e-01
7030.83	4.6668e+00	5.0052e-01
7031.61	4.4109e+00	4.9945e-01
7032.38	4.1840e+00	4.9692e-01
7033.16	4.0413e+00	4.9374e-01
7033.93	4.0041e+00	4.9180e-01
7034.70	4.0660e+00	4.9312e-01
7035.48	4.0463e+00	4.9445e-01
7036.25	3.8816e+00	4.9280e-01
7037.03	4.0428e+00	4.9144e-01
7037.80	4.3165e+00	4.9141e-01
7038.57	4.1038e+00	4.9042e-01
7039.35	3.7948e+00	4.9405e-01
7040.12	3.8172e+00	5.0261e-01
7040.90	3.9712e+00	5.0818e-01
7041.67	4.2168e+00	5.0828e-01
7042.44	4.4960e+00	5.0573e-01
7043.22	4.5200e+00	5.0278e-01
7043.99	4.3519e+00	5.0161e-01
7044.77	4.3062e+00	4.9952e-01
7045.54	4.4487e+00	5.0326e-01
7046.31	4.6239e+00	5.1544e-01
7047.09	4.7003e+00	5.2947e-01
7047.86	4.5914e+00	5.3879e-01
7048.64	4.3743e+00	5.4125e-01
7049.41	4.2418e+00	5.3284e-01
7050.18	4.2615e+00	5.1769e-01
7050.96	4.3262e+00	5.0585e-01
7051.73	4.2621e+00	4.9978e-01
7052.51	4.0442e+00	4.9545e-01
7053.28	4.0265e+00	4.9645e-01
7054.05	4.1972e+00	4.9978e-01
7054.83	4.1714e+00	5.0164e-01
7055.60	4.1343e+00	5.0102e-01
7056.38	4.2584e+00	4.9929e-01
7057.15	4.4017e+00	4.9768e-01
7057.92	4.3836e+00	4.9583e-01
7058.70	4.1438e+00	4.9281e-01
7059.47	4.0302e+00	4.9201e-01
7060.25	4.1395e+00	4.9442e-01
7061.02	4.1117e+00	4.9709e-01
7061.79	4.0522e+00	4.9938e-01
7062.57	4.1479e+00	5.0138e-01
7063.34	4.2350e+00	5.0243e-01
7064.12	4.2950e+00	5.0191e-01
7064.89	4.4301e+00	4.9929e-01
7065.66	4.4198e+00	4.9801e-01
7066.44	4.2396e+00	4.9933e-01
7067.21	4.2291e+00	5.0012e-01
7067.99	4.3417e+00	4.9893e-01
7068.76	4.3487e+00	4.9672e-01
7069.53	4.1714e+00	4.9729e-01
7070.31	4.0010e+00	5.0013e-01
7071.08	4.2174e+00	4.9984e-01
7071.86	4.3790e+00	4.9871e-01
7072.63	4.1054e+00	4.9957e-01
7073.40	3.8052e+00	4.9887e-01
7074.18	3.7489e+00	4.9695e-01
7074.95	3.9211e+00	4.9659e-01
7075.73	4.0237e+00	4.9649e-01
7076.50	3.9675e+00	4.9580e-01
7077.27	4.1613e+00	4.9538e-01
7078.05	4.3939e+00	4.9625e-01
7078.82	4.3392e+00	4.9872e-01
7079.60	4.4589e+00	5.0022e-01
7080.37	4.6822e+00	5.0165e-01
7081.14	4.4471e+00	5.0597e-01
7081.92	4.1929e+00	5.0919e-01
7082.69	4.2894e+00	5.0780e-01
7083.47	4.3733e+00	5.0416e-01
7084.24	4.2909e+00	4.9934e-01
7085.01	4.1327e+00	4.9411e-01
7085.79	4.0006e+00	4.9310e-01
7086.56	3.9746e+00	4.9702e-01
7087.34	4.0637e+00	5.0157e-01
7088.11	4.0660e+00	5.0557e-01
7088.88	3.8933e+00	5.0850e-01
7089.66	3.7639e+00	5.0753e-01
7090.43	3.8801e+00	5.0212e-01
7091.21	4.2541e+00	4.9440e-01
7091.98	4.3596e+00	4.8988e-01
7092.75	4.0263e+00	4.9018e-01
7093.53	3.8442e+00	4.9119e-01
7094.30	3.9440e+00	4.9056e-01
7095.08	4.0719e+00	4.8939e-01
7095.85	4.0449e+00	4.8790e-01
7096.62	3.8634e+00	4.8750e-01
7097.40	3.7348e+00	4.8898e-01
7098.17	3.8586e+00	4.9143e-01
7098.95	4.1579e+00	4.9312e-01
7099.72	4.1978e+00	4.9322e-01
7100.49	3.9685e+00	4.9226e-01
7101.27	3.8236e+00	4.9120e-01
7102.04	3.8747e+00	4.9245e-01
7102.82	3.9922e+00	4.9458e-01
7103.59	3.9052e+00	4.9279e-01
7104.36	3.6673e+00	4.8800e-01
7105.14	3.5241e+00	4.8455e-01
7105.91	3.5770e+00	4.8430e-01
7106.69	3.7036e+00	4.8609e-01
7107.46	3.6350e+00	4.8673e-01
7108.23	3.6433e+00	4.8722e-01
7109.01	3.9070e+00	4.8887e-01
7109.78	4.0057e+00	4.8982e-01
7110.56	3.9827e+00	4.9010e-01
7111.33	4.0917e+00	4.9052e-01
7112.10	4.2757e+00	4.9014e-01
7112.88	4.3796e+00	4.8889e-01
7113.65	4.2160e+00	4.8786e-01
7114.43	4.0549e+00	4.8748e-01
7115.20	4.1494e+00	4.8753e-01
7115.97	4.3270e+00	4.8725e-01
7116.75	4.3019e+00	4.8698e-01
7117.52	3.9877e+00	4.8809e-01
7118.30	3.6036e+00	4.8814e-01
7119.07	3.4594e+00	4.8621e-01
7119.84	3.7185e+00	4.8543e-01
7120.62	3.9923e+00	4.8567e-01
7121.39	3.8434e+00	4.8519e-01
7122.17	3.8130e+00	4.8515e-01
7122.94	3.9972e+00	4.8581e-01
7123.71	3.7972e+00	4.8555e-01
7124.49	3.6056e+00	4.8715e-01
7125.26	3.8028e+00	4.9179e-01
7126.04	3.9956e+00	4.9530e-01
7126.81	4.0269e+00	4.9651e-01
7127.58	4.0177e+00	4.9699e-01
7128.36	3.9540e+00	4.9606e-01
7129.13	3.9170e+00	4.9376e-01
7129.91	4.0216e+00	4.9003e-01
7130.68	4.1525e+00	4.8813e-01
7131.45	4.1488e+00	4.9003e-01
7132.23	3.9751e+00	4.9397e-01
7133.00	3.8291e+00	4.9622e-01
7133.78	3.9484e+00	4.9476e-01
7134.55	4.1619e+00	4.9223e-01
7135.32	4.1985e+00	4.9151e-01
7136.10	3.9713e+00	4.9087e-01
7136.87	3.7553e+00	4.8899e-01
7137.65	3.8702e+00	4.8599e-01
7138.42	4.1114e+00	4.8609e-01
7139.19	4.2272e+00	4.8980e-01
7139.97	4.2411e+00	4.9226e-01
7140.74	4.1504e+00	4.9294e-01
7141.52	4.0332e+00	4.9404e-01
7142.29	3.8778e+00	4.9688e-01
7143.06	3.8037e+00	5.0163e-01
7143.84	3.9164e+00	5.0568e-01
7144.61	4.0966e+00	5.0729e-01
7145.39	4.1327e+00	5.0575e-01
7146.16	3.9070e+00	5.0175e-01
7146.93	3.6173e+00	4.9654e-01
7147.71	3.5631e+00	4.9163e-01
7148.48	3.6437e+00	4.8934e-01
7149.26	3.7926e+00	4.8922e-01
7150.03	4.0815e+00	4.8941e-01
7150.80	4.3014e+00	4.8996e-01
7151.58	4.3002e+00	4.9082e-01
7152.35	4.2162e+00	4.8966e-01
7153.13	4.0720e+00	4.8644e-01
7153.90	3.7991e+00	4.8319e-01
7154.67	3.7484e+00	4.8379e-01
7155.45	4.0279e+00	4.8742e-01
7156.22	4.3699e+00	4.8783e-01
7157.00	4.5086e+00	4.8615e-01
7157.77	4.3965e+00	4.8741e-01
7158.54	4.0032e+00	4.8605e-01
7159.32	3.7011e+00	4.8733e-01
7160.09	3.8917e+00	4.9562e-01
7160.87	4.1936e+00	5.2077e-01
7161.64	4.1570e+00	5.4924e-01
7162.41	4.0454e+00	5.4391e-01
7163.19	3.9227e+00	5.1212e-01
7163.96	3.7747e+00	4.9190e-01
7164.74	3.7371e+00	4.8469e-01
7165.51	3.8755e+00	4.8327e-01
7166.28	4.1631e+00	4.8458e-01
7167.06	4.3604e+00	4.8896e-01
7167.83	4.3086e+00	4.9814e-01
7168.61	3.9944e+00	5.0656e-01
7169.38	3.7601e+00	5.1085e-01
7170.15	3.9709e+00	5.1172e-01
7170.93	4.1007e+00	5.0729e-01
7171.70	3.8273e+00	5.0174e-01
7172.48	3.8111e+00	5.0335e-01
7173.25	3.9167e+00	5.1136e-01
7174.02	3.7523e+00	5.1804e-01
7174.80	3.5261e+00	5.1472e-01
7175.57	3.5112e+00	5.0618e-01
7176.35	3.8450e+00	5.0655e-01
7177.12	4.1040e+00	5.1659e-01
7177.89	3.9618e+00	5.2583e-01
7178.67	3.9010e+00	5.2283e-01
7179.44	3.9566e+00	5.1162e-01
7180.22	3.7956e+00	5.0785e-01
7180.99	3.8120e+00	5.0734e-01
7181.76	4.1409e+00	5.0544e-01
7182.54	4.4122e+00	5.0663e-01
7183.31	4.4519e+00	5.0957e-01
7184.09	4.3177e+00	5.1258e-01
7184.86	3.9517e+00	5.1700e-01
7185.63	3.6215e+00	5.2492e-01
7186.41	3.6800e+00	5.3513e-01
7187.18	3.8122e+00	5.4232e-01
7187.96	3.7041e+00	5.4072e-01
7188.73	3.5878e+00	5.2686e-01
7189.50	3.6810e+00	5.0688e-01
7190.28	4.0079e+00	4.9232e-01
7191.05	4.2511e+00	4.9453e-01
7191.83	4.1844e+00	5.0853e-01
7192.60	3.8638e+00	5.2086e-01
7193.37	3.7134e+00	5.2339e-01
7194.15	3.9718e+00	5.1805e-01
7194.92	4.0080e+00	5.0919e-01
7195.70	3.8262e+00	5.0102e-01
7196.47	3.9544e+00	4.9287e-01
7197.24	4.3369e+00	4.9050e-01
7198.02	4.6032e+00	4.9451e-01
7198.79	4.2937e+00	4.9845e-01
7199.57	3.7728e+00	5.0190e-01
7200.34	3.7016e+00	5.0707e-01
7201.11	3.7921e+00	5.1808e-01
7201.89	3.8054e+00	5.2718e-01
7202.66	3.8995e+00	5.1881e-01
7203.44	3.9007e+00	5.0530e-01
7204.21	3.7603e+00	5.0373e-01
7204.98	3.6038e+00	5.0756e-01
7205.76	3.6666e+00	5.1126e-01
7206.53	4.0191e+00	5.1317e-01
7207.31	4.3125e+00	5.1103e-01
7208.08	4.3075e+00	5.0515e-01
7208.85	4.1139e+00	4.9669e-01
7209.63	4.0770e+00	4.9070e-01
7210.40	4.3683e+00	4.8986e-01
7211.18	4.2270e+00	4.8890e-01
7211.95	3.7727e+00	4.8399e-01
7212.72	3.9459e+00	4.7856e-01
7213.50	4.3355e+00	4.7612e-01
7214.27	4.3238e+00	4.7726e-01
7215.05	3.8271e+00	4.7769e-01
7215.82	3.4764e+00	4.7530e-01
7216.59	3.9267e+00	4.7224e-01
7217.37	4.2694e+00	4.7245e-01
7218.14	3.9790e+00	4.7680e-01
7218.92	3.8117e+00	4.8155e-01
7219.69	3.6260e+00	4.8316e-01
7220.46	3.2259e+00	4.8135e-01
7221.24	3.1961e+00	4.8190e-01
7222.01	3.4574e+00	4.8410e-01
7222.79	3.4504e+00	4.8098e-01
7223.56	3.3961e+00	4.7918e-01
7224.33	3.5212e+00	4.8188e-01
7225.11	3.6690e+00	4.8086e-01
7225.88	3.6601e+00	4.7623e-01
7226.66	3.4309e+00	4.7306e-01
7227.43	3.4483e+00	4.7926e-01
7228.20	3.7171e+00	4.8967e-01
7228.98	3.6532e+00	4.9007e-01
7229.75	3.4749e+00	4.8260e-01
7230.53	3.5377e+00	4.7856e-01
7231.30	3.4793e+00	4.7986e-01
7232.07	3.5063e+00	4.9060e-01
7232.85	4.0196e+00	5.0697e-01
7233.62	4.2505e+00	5.2516e-01
7234.40	3.9490e+00	5.4012e-01
7235.17	3.9807e+00	5.3925e-01
7235.94	4.2350e+00	5.4124e-01
7236.72	4.2147e+00	5.6923e-01
7237.49	4.1552e+00	6.0299e-01
7238.27	4.1604e+00	6.5503e-01
7239.04	4.1846e+00	7.2897e-01
7239.81	4.0357e+00	7.9943e-01
7240.59	3.7186e+00	8.3698e-01
7241.36	3.6582e+00	8.1462e-01
7242.14	3.8391e+00	7.5627e-01
7242.91	3.9468e+00	7.1200e-01
7243.68	3.9102e+00	7.3763e-01
7244.46	3.8329e+00	8.0120e-01
7245.23	3.8830e+00	8.3539e-01
7246.01	4.0830e+00	8.0210e-01
7246.78	4.2743e+00	7.1372e-01
7247.55	4.3279e+00	6.1097e-01
7248.33	4.1689e+00	5.3999e-01
7249.10	3.8697e+00	5.0680e-01
7249.88	3.6735e+00	5.0359e-01
7250.65	3.6677e+00	5.0555e-01
7251.42	3.6534e+00	5.2167e-01
7252.20	3.5571e+00	5.5632e-01
7252.97	3.4663e+00	6.0287e-01
7253.75	3.5697e+00	6.2248e-01
7254.52	3.8332e+00	6.0369e-01
7255.29	3.9641e+00	5.6793e-01
7256.07	3.9887e+00	5.3428e-01
7256.84	4.0082e+00	5.1422e-01
7257.62	3.8975e+00	5.0596e-01
7258.39	3.6726e+00	4.9856e-01
7259.16	3.4282e+00	4.9081e-01
7259.94	3.4771e+00	4.8717e-01
7260.71	3.7832e+00	4.8934e-01
7261.49	3.8852e+00	4.9134e-01
7262.26	3.7790e+00	4.9150e-01
7263.03	3.7416e+00	4.9284e-01
7263.81	3.6780e+00	4.9626e-01
7264.58	3.6520e+00	5.0504e-01
7265.36	3.8131e+00	5.1924e-01
7266.13	3.9094e+00	5.2907e-01
7266.90	3.7668e+00	5.2745e-01
7267.68	3.5493e+00	5.1735e-01
7268.45	3.4928e+00	5.0494e-01
7269.23	3.6938e+00	4.9664e-01
7270.00	3.7696e+00	4.8833e-01
7270.77	3.6037e+00	4.8196e-01
7271.55	3.5070e+00	4.8586e-01
7272.32	3.7539e+00	5.0219e-01
7273.10	4.2804e+00	5.4213e-01
7273.87	4.1839e+00	6.1253e-01
7274.64	3.7877e+00	7.2463e-01
7275.42	4.2657e+00	8.4302e-01
7276.19	4.6654e+00	9.3363e-01
7276.97	4.2406e+00	9.6302e-01
7277.74	3.7775e+00	9.0219e-01
7278.51	3.6315e+00	7.7291e-01
7279.29	3.7179e+00	6.4208e-01
7280.06	3.8446e+00	5.5925e-01
7280.84	3.8059e+00	5.3140e-01
7281.61	3.6905e+00	5.3109e-01
7282.38	3.5903e+00	5.5769e-01
7283.16	3.6065e+00	6.0892e-01
7283.93	3.6981e+00	6.5472e-01
7284.71	3.8602e+00	6.6561e-01
7285.48	4.0828e+00	6.3591e-01
7286.25	4.2020e+00	5.8160e-01
7287.03	4.1582e+00	5.3390e-01
7287.80	4.0742e+00	5.0738e-01
7288.58	3.9868e+00	5.0226e-01
7289.35	3.8883e+00	5.0167e-01
7290.12	3.7162e+00	5.0995e-01
7290.90	3.5964e+00	5.1826e-01
7291.67	3.7872e+00	5.1906e-01
7292.45	3.9530e+00	5.1215e-01
7293.22	3.8599e+00	5.0855e-01
7293.99	3.8998e+00	5.1738e-01
7294.77	4.0992e+00	5.4068e-01
7295.54	4.1875e+00	5.6627e-01
7296.32	4.3243e+00	5.6805e-01
7297.09	4.4554e+00	5.3989e-01
7297.86	4.2706e+00	5.0554e-01
7298.64	3.9240e+00	4.7887e-01
7299.41	3.7297e+00	4.6550e-01
7300.19	3.7186e+00	4.7164e-01
7300.96	3.8136e+00	4.9538e-01
7301.73	3.8794e+00	5.2240e-01
7302.51	3.9883e+00	5.7332e-01
7303.28	4.0846e+00	6.3255e-01
7304.06	3.7176e+00	6.5521e-01
7304.83	3.3088e+00	6.2840e-01
7305.60	3.4473e+00	5.7054e-01
7306.38	3.7970e+00	5.1548e-01
7307.15	3.8708e+00	4.8977e-01
7307.93	3.4694e+00	4.7303e-01
7308.70	3.2254e+00	4.7528e-01
7309.47	3.6259e+00	4.9748e-01
7310.25	3.9468e+00	5.1661e-01
7311.02	3.9483e+00	5.1928e-01
7311.80	3.9524e+00	5.1569e-01
7312.57	3.9177e+00	5.0291e-01
7313.34	3.8738e+00	5.2418e-01
7314.12	3.9385e+00	6.1409e-01
7314.89	3.9890e+00	7.2847e-01
7315.67	3.8895e+00	8.0441e-01
7316.44	3.2554e+00	8.3727e-01
7317.21	2.6310e+00	8.1066e-01
7317.99	3.0278e+00	7.0352e-01
7318.76	3.8351e+00	5.7754e-01
7319.54	4.1269e+00	5.2107e-01
7320.31	4.0104e+00	5.0645e-01
7321.08	3.8316e+00	4.9373e-01
7321.86	3.9172e+00	4.8892e-01
7322.63	4.0830e+00	4.8353e-01
7323.41	4.0171e+00	4.7742e-01
7324.18	3.5554e+00	4.7790e-01
7324.95	3.2610e+00	4.7655e-01
7325.73	3.5838e+00	4.7496e-01
7326.50	3.6943e+00	4.9275e-01
7327.28	3.5065e+00	5.4602e-01
7328.05	3.7021e+00	6.1057e-01
7328.82	3.9705e+00	6.7241e-01
7329.60	3.9968e+00	7.0383e-01
7330.37	4.0235e+00	6.6474e-01
7331.15	3.9733e+00	5.7653e-01
7331.92	3.7306e+00	5.0785e-01
7332.69	3.5476e+00	4.8014e-01
7333.47	3.5559e+00	4.7552e-01
7334.24	3.6574e+00	4.7784e-01
7335.02	3.7033e+00	4.7595e-01
7335.79	3.6326e+00	4.7971e-01
7336.56	3.4347e+00	4.7940e-01
7337.34	3.4044e+00	4.9653e-01
7338.11	3.7935e+00	5.3780e-01
7338.89	4.1230e+00	6.2728e-01
7339.66	4.0993e+00	7.3984e-01
7340.43	4.3267e+00	8.4060e-01
7341.21	4.2560e+00	8.7408e-01
7341.98	3.4041e+00	8.1995e-01
7342.76	3.0523e+00	6.9435e-01
7343.53	3.5206e+00	5.5645e-01
7344.30	3.8404e+00	4.8762e-01
7345.08	3.8603e+00	4.9485e-01
7345.85	3.7426e+00	4.9124e-01
7346.63	3.6089e+00	4.9245e-01
7347.40	3.5322e+00	4.8642e-01
7348.17	3.4525e+00	4.8053e-01
7348.95	3.4740e+00	4.7848e-01
7349.72	3.6418e+00	4.8266e-01
7350.50	3.9254e+00	4.9044e-01
7351.27	4.1179e+00	4.9542e-01
7352.04	4.0820e+00	4.9414e-01
7352.82	3.9648e+00	4.9041e-01
7353.59	3.8649e+00	4.8710e-01
7354.37	3.7166e+00	4.8316e-01
7355.14	3.6975e+00	4.8446e-01
7355.91	3.8399e+00	5.0279e-01
7356.69	3.9778e+00	5.4031e-01
7357.46	3.9845e+00	5.8997e-01
7358.24	3.8853e+00	6.3169e-01
7359.01	3.6490e+00	6.4368e-01
7359.78	3.4121e+00	6.1854e-01
7360.56	3.3774e+00	5.6441e-01
7361.33	3.4659e+00	5.1006e-01
7362.11	3.5021e+00	4.8356e-01
7362.88	3.4144e+00	4.8111e-01
7363.65	3.3833e+00	4.8204e-01
7364.43	3.6600e+00	4.8341e-01
7365.20	3.8363e+00	4.8134e-01
7365.98	3.7548e+00	4.9838e-01
7366.75	3.8860e+00	5.3374e-01
7367.52	4.1397e+00	6.1283e-01
7368.30	4.2058e+00	7.1016e-01
7369.07	4.1451e+00	7.8003e-01
7369.85	4.1175e+00	7.8702e-01
7370.62	4.2429e+00	7.2215e-01
7371.39	4.3152e+00	6.1626e-01
7372.17	4.1586e+00	5.3033e-01
7372.94	3.9200e+00	4.9315e-01
7373.72	3.7851e+00	4.9259e-01
7374.49	3.8218e+00	4.9443e-01
7375.26	3.9522e+00	4.9463e-01
7376.04	3.9558e+00	4.9256e-01
7376.81	3.6569e+00	4.8899e-01
7377.59	3.4020e+00	4.8536e-01
7378.36	3.5374e+00	4.8342e-01
7379.13	3.7605e+00	4.8420e-01
7379.91	3.8319e+00	4.8442e-01
7380.68	3.7657e+00	4.8051e-01
7381.46	3.7780e+00	4.7721e-01
7382.23	3.9691e+00	4.7812e-01
7383.00	3.9903e+00	4.7989e-01
7383.78	3.9202e+00	4.7914e-01
7384.55	4.0124e+00	4.7534e-01
7385.33	4.0461e+00	4.7574e-01
7386.10	3.9793e+00	4.8090e-01
7386.87	4.0632e+00	4.8243e-01
7387.65	4.0966e+00	4.8006e-01
7388.42	3.9072e+00	4.8205e-01
7389.20	3.6896e+00	4.9069e-01
7389.97	3.6415e+00	5.1590e-01
7390.74	3.8373e+00	5.4820e-01
7391.52	3.8073e+00	6.0139e-01
7392.29	3.4210e+00	6.4816e-01
7393.07	3.1811e+00	6.3528e-01
7393.84	3.3750e+00	5.7172e-01
7394.61	3.8536e+00	5.0939e-01
7395.39	3.9109e+00	4.7963e-01
7396.16	3.4964e+00	4.8129e-01
7396.94	3.3177e+00	4.8284e-01
7397.71	3.4936e+00	4.7858e-01
7398.48	3.8185e+00	4.8923e-01
7399.26	4.0805e+00	5.1634e-01
7400.03	4.2514e+00	5.7861e-01
7400.81	4.4942e+00	6.5856e-01
7401.58	4.3164e+00	7.1782e-01
7402.35	3.7932e+00	7.2582e-01
7403.13	3.7438e+00	6.7122e-01
7403.90	3.8857e+00	5.7875e-01
7404.68	3.6770e+00	5.0239e-01
7405.45	3.5243e+00	4.7507e-01
7406.22	3.6578e+00	4.7953e-01
7407.00	4.0032e+00	4.8138e-01
7407.77	4.1647e+00	4.7772e-01
7408.55	3.9762e+00	4.7783e-01
7409.32	3.9711e+00	4.7581e-01
7410.09	3.9802e+00	4.7432e-01
7410.87	3.5894e+00	4.7734e-01
7411.64	3.6054e+00	4.8336e-01
7412.42	4.0840e+00	4.8839e-01
7413.19	4.0948e+00	4.8967e-01
7413.96	3.8619e+00	4.8704e-01
7414.74	3.8871e+00	4.8348e-01
7415.51	3.9660e+00	4.8046e-01
7416.29	3.9813e+00	4.7990e-01
7417.06	3.9232e+00	4.8190e-01
7417.83	3.8224e+00	4.8269e-01
7418.61	3.7242e+00	4.8035e-01
7419.38	3.5910e+00	4.7774e-01
7420.16	3.5294e+00	4.7728e-01
7420.93	3.6109e+00	4.7910e-01
7421.70	3.6133e+00	4.7923e-01
7422.48	3.4755e+00	4.7665e-01
7423.25	3.3537e+00	4.7500e-01
7424.03	3.4395e+00	4.7527e-01
7424.80	3.7303e+00	4.7751e-01
7425.57	3.9531e+00	4.7875e-01
7426.35	3.9870e+00	4.8241e-01
7427.12	3.9444e+00	4.9146e-01
7427.90	3.7726e+00	5.1104e-01
7428.67	3.5756e+00	5.3828e-01
7429.44	3.5136e+00	5.5596e-01
7430.22	3.6342e+00	5.7287e-01
7430.99	3.8151e+00	5.9347e-01
7431.77	3.8481e+00	5.9027e-01
7432.54	3.7376e+00	5.5921e-01
7433.31	3.7001e+00	5.2312e-01
7434.09	3.7356e+00	4.9593e-01
7434.86	3.7593e+00	4.8758e-01
7435.64	3.6582e+00	4.9592e-01
7436.41	3.5748e+00	5.2446e-01
7437.18	3.6835e+00	5.6623e-01
7437.96	3.9285e+00	6.0743e-01
7438.73	4.0603e+00	6.2535e-01
7439.51	3.8681e+00	6.0413e-01
7440.28	3.5289e+00	5.5401e-01
7441.05	3.3722e+00	5.0559e-01
7441.83	3.4027e+00	4.8149e-01
7442.60	3.5929e+00	4.8052e-01
7443.38	3.8984e+00	4.8175e-01
7444.15	3.8915e+00	4.8058e-01
7444.92	3.6018e+00	4.7733e-01
7445.70	3.7543e+00	4.7368e-01
7446.47	4.0836e+00	4.7310e-01
7447.25	3.9791e+00	4.7688e-01
7448.02	3.8785e+00	4.7940e-01
7448.79	3.9528e+00	4.7863e-01
7449.57	3.9413e+00	4.7808e-01
7450.34	3.8363e+00	4.7972e-01
7451.12	3.6794e+00	4.8268e-01
7451.89	3.4525e+00	4.8143e-01
7452.66	3.2465e+00	4.7798e-01
7453.44	3.1567e+00	4.7817e-01
7454.21	3.3542e+00	4.8213e-01
7454.99	3.6708e+00	4.8646e-01
7455.76	3.6971e+00	4.8665e-01
7456.53	3.4792e+00	4.8531e-01
7457.31	3.3544e+00	4.8712e-01
7458.08	3.6935e+00	4.8996e-01
7458.86	4.2055e+00	4.9244e-01
7459.63	4.1580e+00	4.9350e-01
7460.40	3.9108e+00	4.9637e-01
7461.18	3.9387e+00	5.0326e-01
7461.95	3.9568e+00	5.1351e-01
7462.73	3.9847e+00	5.1916e-01
7463.50	4.1009e+00	5.1473e-01
7464.27	4.2155e+00	5.0973e-01
7465.05	4.2593e+00	5.1503e-01
7465.82	4.2570e+00	5.3109e-01
7466.60	4.1795e+00	5.4127e-01
7467.37	4.0450e+00	5.3460e-01
7468.14	4.0262e+00	5.2001e-01
7468.92	4.0384e+00	5.1300e-01
7469.69	3.8339e+00	5.1858e-01
7470.47	3.8826e+00	5.4059e-01
7471.24	4.2632e+00	5.7061e-01
7472.01	4.2401e+00	5.8615e-01
7472.79	3.9848e+00	6.0636e-01
7473.56	4.0255e+00	6.4317e-01
7474.34	4.0387e+00	6.6494e-01
7475.11	3.9245e+00	6.4313e-01
7475.88	3.9441e+00	5.6414e-01
7476.66	3.9184e+00	4.9491e-01
7477.43	3.7363e+00	5.1156e-01
7478.21	3.6308e+00	5.5155e-01
7478.98	3.6937e+00	5.7507e-01
7479.75	3.8303e+00	5.8980e-01
7480.53	3.9338e+00	5.8572e-01
7481.30	3.8984e+00	5.7373e-01
7482.08	3.6622e+00	5.6904e-01
7482.85	3.5373e+00	5.7673e-01
7483.62	3.7414e+00	5.8389e-01
7484.40	3.9498e+00	5.7225e-01
7485.17	3.9367e+00	5.3942e-01
7485.95	3.7618e+00	5.0815e-01
7486.72	3.7294e+00	4.9215e-01
7487.49	3.9416e+00	4.8921e-01
7488.27	3.9049e+00	4.8921e-01
7489.04	3.7451e+00	4.8460e-01
7489.82	3.8515e+00	4.8155e-01
7490.59	4.0423e+00	4.8055e-01
7491.36	4.0987e+00	4.8585e-01
7492.14	3.9624e+00	4.9906e-01
7492.91	3.8257e+00	5.1447e-01
7493.69	3.8754e+00	5.2299e-01
7494.46	3.8074e+00	5.1595e-01
7495.23	3.7296e+00	4.9854e-01
7496.01	4.0028e+00	4.8560e-01
7496.78	4.1115e+00	4.8066e-01
7497.56	3.8248e+00	4.8027e-01
7498.33	3.7216e+00	4.8305e-01
7499.10	3.7865e+00	4.8603e-01
7499.88	3.7293e+00	4.8870e-01
7500.65	3.5934e+00	4.9022e-01
7501.43	3.4710e+00	4.9012e-01
7502.20	3.4852e+00	4.8841e-01
7502.97	3.5161e+00	4.8498e-01
7503.75	3.4446e+00	4.8078e-01
7504.52	3.4316e+00	4.8060e-01
7505.30	3.4486e+00	4.8043e-01
7506.07	3.3546e+00	4.7313e-01
7506.84	3.4447e+00	4.7472e-01
7507.62	3.6600e+00	4.8650e-01
7508.39	3.4455e+00	4.8729e-01
7509.17	3.1009e+00	4.7925e-01
7509.94	3.1452e+00	4.7490e-01
7510.71	3.2282e+00	4.7166e-01
7511.49	3.3365e+00	4.6995e-01
7512.26	3.7220e+00	4.7059e-01
7513.04	4.1166e+00	4.7701e-01
7513.81	4.2127e+00	4.8791e-01
7514.58	3.9437e+00	4.9440e-01
7515.36	3.5385e+00	4.9699e-01
7516.13	3.2914e+00	4.9979e-01
7516.91	3.4874e+00	5.1033e-01
7517.68	3.8604e+00	5.2106e-01
7518.45	3.7424e+00	5.1280e-01
7519.23	3.5532e+00	4.9440e-01
7520.00	3.8265e+00	4.9256e-01
7520.78	3.8171e+00	5.0118e-01
7521.55	3.6044e+00	5.4306e-01
7522.32	3.9166e+00	6.1233e-01
7523.10	3.7580e+00	6.9623e-01
7523.87	2.9088e+00	7.5407e-01
7524.65	2.9993e+00	7.4215e-01
7525.42	3.4935e+00	6.6794e-01
7526.19	3.1322e+00	5.8175e-01
7526.97	2.9021e+00	5.2338e-01
7527.74	3.0205e+00	5.0972e-01
7528.52	2.6173e+00	5.1218e-01
7529.29	2.4073e+00	5.2766e-01
7530.06	2.9425e+00	5.5163e-01
7530.84	3.3426e+00	5.6698e-01
7531.61	3.5090e+00	5.6028e-01
7532.39	3.8901e+00	5.3236e-01
7533.16	4.0059e+00	5.1862e-01
7533.93	3.7108e+00	5.2991e-01
7534.71	3.3339e+00	5.2827e-01
7535.48	3.2417e+00	5.0985e-01
7536.26	3.4981e+00	4.9284e-01
7537.03	3.7321e+00	4.8400e-01
7537.80	3.7716e+00	4.8656e-01
7538.58	3.8137e+00	4.9569e-01
7539.35	3.9071e+00	5.0380e-01
7540.13	4.0076e+00	5.0779e-01
7540.90	3.9226e+00	5.2066e-01
7541.67	3.7397e+00	5.2608e-01
7542.45	3.7029e+00	5.0540e-01
7543.22	3.5187e+00	4.8385e-01
7544.00	3.3071e+00	4.7949e-01
7544.77	3.7055e+00	4.7822e-01
7545.54	4.1232e+00	4.7797e-01
7546.32	3.9032e+00	4.7883e-01
7547.09	3.6146e+00	4.8046e-01
7547.87	3.4214e+00	4.8131e-01
7548.64	3.0172e+00	4.7940e-01
7549.41	3.1241e+00	4.8302e-01
7550.19	3.8097e+00	4.9269e-01
7550.96	4.0181e+00	4.9612e-01
7551.74	3.8125e+00	4.9148e-01
7552.51	3.8469e+00	4.8577e-01
7553.28	3.9042e+00	4.8104e-01
7554.06	3.8826e+00	4.8233e-01
7554.83	3.8728e+00	4.8966e-01
7555.61	3.7756e+00	5.0344e-01
7556.38	3.6122e+00	5.2006e-01
7557.15	3.7821e+00	5.4487e-01
7557.93	4.0691e+00	5.5720e-01
7558.70	3.9876e+00	5.3745e-01
7559.48	3.7461e+00	5.0575e-01
7560.25	3.6480e+00	4.8802e-01
7561.02	3.7551e+00	4.8494e-01
7561.80	3.8599e+00	4.8682e-01
7562.57	3.7330e+00	4.8195e-01
7563.35	3.6830e+00	4.8163e-01
7564.12	3.7123e+00	4.8688e-01
7564.89	3.5219e+00	4.8871e-01
7565.67	3.3976e+00	4.8917e-01
7566.44	3.5336e+00	4.9281e-01
7567.22	3.6028e+00	4.9936e-01
7567.99	3.6350e+00	5.0560e-01
7568.76	3.8174e+00	5.0935e-01
7569.54	3.8188e+00	5.3277e-01
7570.31	3.5765e+00	5.8498e-01
7571.09	3.4508e+00	6.4804e-01
7571.86	3.3679e+00	6.8222e-01
7572.63	3.2300e+00	6.6765e-01
7573.41	3.4854e+00	6.1173e-01
7574.18	3.9735e+00	5.4738e-01
7574.96	4.1618e+00	5.1461e-01
7575.73	4.0165e+00	5.0538e-01
7576.50	3.8126e+00	4.8872e-01
7577.28	3.8756e+00	4.8392e-01
7578.05	3.9927e+00	4.8473e-01
7578.83	3.7876e+00	4.8515e-01
7579.60	3.5059e+00	4.8344e-01
7580.37	3.4301e+00	4.7983e-01
7581.15	3.6493e+00	4.7766e-01
7581.92	3.8540e+00	4.7646e-01
7582.70	3.7740e+00	4.7890e-01
7583.47	3.6000e+00	4.8817e-01
7584.24	3.5540e+00	5.0992e-01
7585.02	3.7137e+00	5.3841e-01
7585.79	3.7558e+00	5.6111e-01
7586.57	3.5551e+00	5.6518e-01
7587.34	3.4214e+00	5.4356e-01
7588.11	3.5086e+00	5.1038e-01
7588.89	3.7196e+00	4.8849e-01
7589.66	3.5886e+00	4.8148e-01
7590.44	3.1612e+00	4.7916e-01
7591.21	2.9687e+00	4.7421e-01
7591.98	3.1222e+00	4.6826e-01
7592.76	3.3445e+00	4.7443e-01
7593.53	3.1403e+00	4.8310e-01
7594.31	2.7425e+00	5.1561e-01
7595.08	2.7233e+00	5.7955e-01
7595.85	3.0358e+00	6.9805e-01
7596.63	3.1879e+00	8.5004e-01
7597.40	2.5595e+00	9.7424e-01
7598.18	2.0502e+00	1.0555e+00
7598.95	2.5163e+00	1.0983e+00
7599.72	3.0939e+00	1.0867e+00
7600.50	3.1968e+00	1.0688e+00
7601.27	2.9438e+00	1.0863e+00
7602.05	2.7956e+00	1.1400e+00
7602.82	3.0489e+00	1.2087e+00
7603.59	3.0619e+00	1.2759e+00
7604.37	3.1911e+00	1.3327e+00
7605.14	3.8540e+00	1.3719e+00
7605.92	4.2092e+00	1.3685e+00
7606.69	3.8128e+00	1.3330e+00
7607.46	3.0837e+00	1.3091e+00
7608.24	2.5059e+00	1.2617e+00
7609.01	2.4255e+00	1.1615e+00
7609.79	2.8669e+00	1.1111e+00
7610.56	3.4008e+00	1.0897e+00
7611.33	3.5731e+00	1.0074e+00
7612.11	3.7050e+00	9.2802e-01
7612.88	4.0140e+00	8.8977e-01
7613.66	4.0240e+00	8.3619e-01
7614.43	3.9408e+00	7.7091e-01
7615.20	4.0577e+00	7.3397e-01
7615.98	3.8939e+00	7.3820e-01
7616.75	3.5702e+00	7.3728e-01
7617.53	3.7083e+00	6.9054e-01
7618.30	3.8734e+00	6.1675e-01
7619.07	3.6182e+00	5.6481e-01
7619.85	3.2222e+00	5.3287e-01
7620.62	2.9443e+00	5.3191e-01
7621.40	2.9344e+00	5.6587e-01
7622.17	3.0269e+00	6.0507e-01
7622.94	3.1637e+00	6.4015e-01
7623.72	3.5578e+00	6.8367e-01
7624.49	3.9898e+00	7.1797e-01
7625.27	4.1606e+00	7.3700e-01
7626.04	3.7981e+00	7.1034e-01
7626.81	3.2921e+00	7.2546e-01
7627.59	3.1375e+00	8.5576e-01
7628.36	3.8187e+00	9.6133e-01
7629.14	4.7053e+00	9.5584e-01
7629.91	4.1751e+00	8.4552e-01
7630.68	2.8650e+00	7.1912e-01
7631.46	2.4552e+00	7.0740e-01
7632.23	2.9601e+00	7.5386e-01
7633.01	3.5838e+00	7.5334e-01
7633.78	3.5112e+00	6.9001e-01
7634.55	2.9374e+00	6.2359e-01
7635.33	2.6460e+00	6.4076e-01
7636.10	2.9813e+00	7.1779e-01
7636.88	3.5719e+00	7.5524e-01
7637.65	3.7084e+00	6.9625e-01
7638.42	3.3135e+00	6.0065e-01
7639.20	2.9675e+00	5.8203e-01
7639.97	3.2938e+00	6.6415e-01
7640.75	4.1640e+00	7.3715e-01
7641.52	4.8228e+00	7.2211e-01
7642.29	4.4240e+00	6.4460e-01
7643.07	3.4231e+00	5.7054e-01
7643.84	3.1812e+00	5.5600e-01
7644.62	3.4756e+00	6.2219e-01
7645.39	3.6353e+00	6.8839e-01
7646.16	4.0457e+00	6.8193e-01
7646.94	4.1860e+00	6.0485e-01
7647.71	3.6325e+00	5.3120e-01
7648.49	2.9166e+00	5.3365e-01
7649.26	2.7407e+00	5.9139e-01
7650.03	3.3033e+00	6.1516e-01
7650.81	3.9671e+00	5.9374e-01
7651.58	3.9767e+00	5.7605e-01
7652.36	3.5151e+00	6.3039e-01
7653.13	2.9145e+00	7.3039e-01
7653.90	2.3089e+00	8.0120e-01
7654.68	2.6699e+00	7.7847e-01
7655.45	3.7876e+00	6.6353e-01
7656.23	3.9273e+00	5.6771e-01
7657.00	3.2627e+00	5.3307e-01
7657.77	3.1117e+00	4.9213e-01
7658.55	2.9455e+00	4.7573e-01
7659.32	2.8431e+00	5.0304e-01
7660.10	3.4214e+00	5.7346e-01
7660.87	4.1751e+00	6.3615e-01
7661.64	4.4322e+00	6.5802e-01
7662.42	4.1638e+00	6.3940e-01
7663.19	3.7653e+00	5.9563e-01
7663.97	3.7035e+00	5.5066e-01
7664.74	3.6338e+00	5.2794e-01
7665.51	3.3508e+00	5.2656e-01
7666.29	3.3462e+00	5.3655e-01
7667.06	3.4327e+00	5.3352e-01
7667.84	3.3087e+00	5.1228e-01
7668.61	3.3135e+00	4.9074e-01
7669.38	3.4785e+00	4.8667e-01
7670.16	3.5344e+00	4.9606e-01
7670.93	3.4380e+00	5.1396e-01
7671.71	3.3146e+00	5.2687e-01
7672.48	3.4049e+00	5.2705e-01
7673.25	3.5758e+00	5.1078e-01
7674.03	3.5280e+00	4.8585e-01
7674.80	3.4120e+00	4.6713e-01
7675.58	3.3867e+00	4.6468e-01
7676.35	3.3712e+00	4.7214e-01
7677.12	3.4913e+00	4.8464e-01
7677.90	3.7442e+00	4.9599e-01
7678.67	3.9077e+00	4.9890e-01
7679.45	3.8144e+00	4.9173e-01
7680.22	3.5094e+00	4.7911e-01
7680.99	3.2922e+00	4.7309e-01
7681.77	3.3166e+00	4.7907e-01
7682.54	3.3129e+00	4.8674e-01
7683.32	3.2887e+00	4.9351e-01
7684.09	3.3885e+00	5.0123e-01
7684.86	3.3890e+00	5.0288e-01
7685.64	3.3357e+00	4.9952e-01
7686.41	3.5595e+00	4.9825e-01
7687.19	3.7159e+00	4.9855e-01
7687.96	3.5112e+00	4.9743e-01
7688.73	3.0958e+00	4.9052e-01
7689.51	2.9499e+00	4.8791e-01
7690.28	3.4039e+00	5.0187e-01
7691.06	3.7285e+00	5.1151e-01
7691.83	3.5594e+00	5.0582e-01
7692.60	3.5861e+00	5.0434e-01
7693.38	3.8185e+00	4.9984e-01
7694.15	3.9285e+00	4.8264e-01
7694.93	3.4894e+00	4.7303e-01
7695.70	2.8304e+00	4.7737e-01
7696.47	2.8319e+00	4.8117e-01
7697.25	3.0721e+00	4.8734e-01
7698.02	3.0314e+00	4.9947e-01
7698.80	3.2135e+00	5.1831e-01
7699.57	3.5292e+00	5.3115e-01
7700.34	3.6402e+00	5.2661e-01
7701.12	3.5332e+00	5.0924e-01
7701.89	3.3703e+00	4.9086e-01
7702.67	3.3454e+00	4.7825e-01
7703.44	3.3547e+00	4.7577e-01
7704.21	3.2484e+00	4.7827e-01
7704.99	3.2837e+00	4.8108e-01
7705.76	3.4725e+00	4.7990e-01
7706.54	3.6165e+00	4.7865e-01
7707.31	3.5925e+00	4.7502e-01
7708.08	3.4382e+00	4.7955e-01
7708.86	3.2753e+00	4.8666e-01
7709.63	3.2842e+00	5.2964e-01
7710.41	3.4702e+00	6.0887e-01
7711.18	3.6439e+00	7.2820e-01
7711.95	3.6099e+00	8.3494e-01
7712.73	3.3416e+00	8.7304e-01
7713.50	3.1913e+00	8.4272e-01
7714.28	3.4095e+00	7.9400e-01
7715.05	3.7117e+00	7.9453e-01
7715.82	3.9297e+00	8.5225e-01
7716.60	4.1206e+00	8.9923e-01
7717.37	3.9034e+00	8.9114e-01
7718.15	3.3948e+00	8.1261e-01
7718.92	3.3133e+00	6.9277e-01
7719.69	3.4562e+00	5.7632e-01
7720.47	3.3011e+00	5.0871e-01
7721.24	3.3474e+00	5.0457e-01
7722.02	3.5811e+00	5.1955e-01
7722.79	3.5394e+00	5.4357e-01
7723.56	3.3493e+00	5.6749e-01
7724.34	3.2154e+00	5.9238e-01
7725.11	2.9291e+00	6.1018e-01
7725.89	2.7003e+00	6.1248e-01
7726.66	2.8055e+00	5.9736e-01
7727.43	3.1291e+00	5.5975e-01
7728.21	3.4107e+00	5.1191e-01
7728.98	3.4075e+00	4.8412e-01
7729.76	3.4891e+00	4.8254e-01
7730.53	3.9398e+00	4.8734e-01
7731.30	3.9587e+00	4.8781e-01
7732.08	3.5878e+00	4.8383e-01
7732.85	3.5593e+00	4.9020e-01
7733.63	3.6504e+00	5.0413e-01
7734.40	3.5790e+00	5.1715e-01
7735.17	3.4825e+00	5.2534e-01
7735.95	3.4690e+00	5.2433e-01
7736.72	3.5526e+00	5.1551e-01
7737.50	3.7592e+00	5.0117e-01
7738.27	3.7672e+00	4.8946e-01
7739.04	3.0862e+00	4.8763e-01
7739.82	2.6502e+00	4.9325e-01
7740.59	3.1550e+00	4.9718e-01
7741.37	3.5708e+00	4.9497e-01
7742.14	3.5920e+00	4.8834e-01
7742.91	3.6988e+00	4.8509e-01
7743.69	3.6748e+00	4.8519e-01
7744.46	3.5034e+00	4.8753e-01
7745.24	3.4902e+00	4.9361e-01
7746.01	3.4747e+00	4.9473e-01
7746.78	3.2237e+00	5.0405e-01
7747.56	3.0574e+00	5.4248e-01
7748.33	3.0505e+00	6.5567e-01
7749.11	2.9554e+00	8.0671e-01
7749.88	3.0268e+00	9.3928e-01
7750.65	3.3664e+00	1.0004e+00
7751.43	3.5347e+00	9.5183e-01
7752.20	3.5612e+00	8.0983e-01
7752.98	3.7306e+00	6.4572e-01
7753.75	3.7542e+00	5.2831e-01
7754.52	3.5434e+00	4.8729e-01
7755.30	3.3938e+00	4.9468e-01
7756.07	3.2438e+00	5.0156e-01
7756.85	3.0253e+00	5.1241e-01
7757.62	3.0894e+00	5.3854e-01
7758.39	3.4212e+00	5.9957e-01
7759.17	3.7146e+00	6.8177e-01
7759.94	3.7273e+00	7.2983e-01
7760.72	3.5359e+00	7.1367e-01
7761.49	3.6164e+00	6.3662e-01
7762.26	3.7412e+00	5.3902e-01
7763.04	3.4429e+00	4.8544e-01
7763.81	3.4351e+00	4.8126e-01
7764.59	3.7680e+00	4.8340e-01
7765.36	3.6859e+00	4.8548e-01
7766.13	3.3395e+00	4.8180e-01
7766.91	3.1507e+00	4.8274e-01
7767.68	2.9604e+00	4.8494e-01
7768.46	2.9473e+00	4.8809e-01
7769.23	3.3271e+00	4.9254e-01
7770.00	3.6068e+00	4.9792e-01
7770.78	3.5628e+00	5.1211e-01
7771.55	3.6123e+00	5.3929e-01
7772.33	3.8090e+00	5.7424e-01
7773.10	3.9547e+00	6.0078e-01
7773.87	4.0293e+00	6.0159e-01
7774.65	3.9187e+00	5.7421e-01
7775.42	3.5251e+00	5.3321e-01
7776.20	3.2559e+00	4.9865e-01
7776.97	3.3826e+00	4.8975e-01
7777.74	3.6345e+00	5.0019e-01
7778.52	3.7885e+00	5.3677e-01
7779.29	3.8006e+00	5.9334e-01
7780.07	3.8552e+00	6.3946e-01
7780.84	3.9780e+00	6.4946e-01
7781.61	3.8727e+00	6.1443e-01
7782.39	3.6537e+00	5.5412e-01
7783.16	3.5444e+00	5.0775e-01
7783.94	3.6005e+00	4.9352e-01
7784.71	3.6503e+00	4.9859e-01
7785.48	3.4823e+00	5.0082e-01
7786.26	3.2980e+00	4.9708e-01
7787.03	3.2930e+00	4.9413e-01
7787.81	3.2867e+00	4.9175e-01
7788.58	3.3454e+00	4.9546e-01
7789.35	3.5646e+00	5.1128e-01
7790.13	3.6423e+00	5.1724e-01
7790.90	3.5390e+00	5.3940e-01
7791.68	3.6375e+00	5.8609e-01
7792.45	3.5407e+00	7.0108e-01
7793.22	3.0793e+00	8.3529e-01
7794.00	3.3758e+00	9.1400e-01
7794.77	4.0527e+00	8.9131e-01
7795.55	3.8809e+00	7.6735e-01
7796.32	3.4376e+00	6.0170e-01
7797.09	3.3668e+00	4.9582e-01
7797.87	3.4808e+00	4.6842e-01
7798.64	3.5464e+00	4.8031e-01
7799.42	3.3803e+00	4.7899e-01
7800.19	3.3990e+00	4.7733e-01
7800.96	3.5897e+00	4.7913e-01
7801.74	3.5096e+00	4.7986e-01
7802.51	3.2909e+00	4.8267e-01
7803.29	3.1977e+00	4.8965e-01
7804.06	3.2054e+00	4.9081e-01
7804.83	3.3115e+00	4.9292e-01
7805.61	3.4504e+00	5.0535e-01
7806.38	3.6579e+00	5.5248e-01
7807.16	3.8329e+00	6.2550e-01
7807.93	3.7813e+00	6.9462e-01
7808.70	3.5489e+00	7.1854e-01
7809.48	3.3317e+00	6.8386e-01
7810.25	3.1557e+00	6.0634e-01
7811.03	3.1026e+00	5.2772e-01
7811.80	3.1991e+00	4.8987e-01
7812.57	3.4305e+00	4.9105e-01
7813.35	3.6124e+00	5.0264e-01
7814.12	3.4679e+00	5.5237e-01
7814.90	3.1396e+00	6.0520e-01
7815.67	2.9943e+00	6.3002e-01
7816.44	2.9335e+00	5.9975e-01
7817.22	2.9520e+00	5.3931e-01
7817.99	3.2609e+00	5.0088e-01
7818.77	3.4261e+00	5.4890e-01
7819.54	3.1956e+00	6.6431e-01
7820.31	3.4751e+00	8.3361e-01
7821.09	3.8337e+00	9.6251e-01
7821.86	3.1541e+00	9.9376e-01
7822.64	2.7320e+00	9.0058e-01
7823.41	3.2620e+00	7.1851e-01
7824.18	3.5516e+00	5.5381e-01
7824.96	3.4688e+00	4.9857e-01
7825.73	3.4362e+00	4.8758e-01
7826.51	3.5764e+00	5.0196e-01
7827.28	3.8236e+00	4.9748e-01
7828.05	3.8921e+00	5.0176e-01
7828.83	3.7550e+00	5.0481e-01
7829.60	3.5814e+00	5.0276e-01
7830.38	3.6232e+00	4.9763e-01
7831.15	3.7457e+00	4.9054e-01
7831.92	3.6631e+00	4.8238e-01
7832.70	3.3292e+00	4.8296e-01
7833.47	3.0676e+00	4.9071e-01
7834.25	3.4336e+00	4.9296e-01
7835.02	3.8547e+00	4.8911e-01
7835.79	3.6546e+00	4.8657e-01
7836.57	3.5950e+00	4.8318e-01
7837.34	3.7327e+00	4.8423e-01
7838.12	3.4423e+00	4.8907e-01
7838.89	3.2241e+00	5.2285e-01
7839.66	3.4160e+00	5.8702e-01
7840.44	3.6601e+00	6.6309e-01
7841.21	3.6646e+00	7.0622e-01
7841.99	3.4060e+00	6.9220e-01
7842.76	3.3373e+00	6.2732e-01
7843.53	3.5629e+00	5.4693e-01
7844.31	3.6127e+00	4.9499e-01
7845.08	3.5420e+00	4.8412e-01
7845.86	3.5333e+00	4.8299e-01
7846.63	3.3885e+00	4.9437e-01
7847.40	3.2586e+00	5.1620e-01
7848.18	3.3878e+00	5.5215e-01
7848.95	3.6583e+00	5.8184e-01
7849.73	3.8478e+00	6.1703e-01
7850.50	3.8957e+00	6.4397e-01
7851.27	3.7808e+00	7.3373e-01
7852.05	3.6143e+00	8.7481e-01
7852.82	3.9083e+00	1.0025e+00
7853.60	4.4510e+00	1.0438e+00
7854.37	4.4995e+00	9.6171e-01
7855.14	4.0317e+00	7.9003e-01
7855.92	3.5208e+00	6.2822e-01
7856.69	3.4518e+00	5.5967e-01
7857.47	3.6850e+00	5.8933e-01
7858.24	3.6606e+00	6.1901e-01
7859.01	3.5710e+00	6.6977e-01
7859.79	3.5284e+00	7.2986e-01
7860.56	3.3049e+00	7.6836e-01
7861.34	3.2021e+00	7.4793e-01
7862.11	3.4390e+00	6.6442e-01
7862.88	3.5586e+00	5.6076e-01
7863.66	3.4424e+00	4.9414e-01
7864.43	3.4166e+00	4.7840e-01
7865.21	3.3774e+00	5.0149e-01
7865.98	3.2749e+00	5.3256e-01
7866.75	3.2095e+00	5.8429e-01
7867.53	3.3197e+00	6.3421e-01
7868.30	3.6048e+00	6.6281e-01
7869.08	3.7927e+00	6.9558e-01
7869.85	3.7242e+00	7.3922e-01
7870.62	3.4448e+00	7.7463e-01
7871.40	3.4059e+00	7.6139e-01
7872.17	3.7502e+00	6.8489e-01
7872.95	3.7299e+00	5.8406e-01
7873.72	3.2794e+00	5.0781e-01
7874.49	2.9999e+00	4.8002e-01
7875.27	2.9636e+00	4.8475e-01
7876.04	3.0486e+00	4.9585e-01
7876.82	2.9411e+00	5.4030e-01
7877.59	3.0392e+00	6.0358e-01
7878.36	3.6951e+00	6.5875e-01
7879.14	4.1691e+00	6.8148e-01
7879.91	4.0815e+00	6.7486e-01
7880.69	3.8089e+00	6.5803e-01
7881.46	3.4016e+00	6.4495e-01
7882.23	3.0162e+00	6.3237e-01
7883.01	3.0571e+00	5.9619e-01
7883.78	3.2900e+00	5.4258e-01
7884.56	3.2031e+00	5.1125e-01
7885.33	3.2659e+00	5.1795e-01
7886.10	3.5636e+00	5.5052e-01
7886.88	3.3346e+00	5.7180e-01
7887.65	3.1697e+00	6.1560e-01
7888.43	3.6491e+00	6.9628e-01
7889.20	3.6237e+00	8.0217e-01
7889.97	3.0183e+00	8.6172e-01
7890.75	2.7748e+00	8.1817e-01
7891.52	3.0503e+00	6.9309e-01
7892.30	3.4971e+00	5.5976e-01
7893.07	3.6485e+00	4.9130e-01
7893.84	3.4161e+00	4.9779e-01
7894.62	3.1620e+00	4.9440e-01
7895.39	3.1079e+00	4.9192e-01
7896.17	3.2949e+00	4.9186e-01
7896.94	3.4945e+00	4.9250e-01
7897.71	3.5861e+00	4.9253e-01
7898.49	3.5755e+00	4.9204e-01
7899.26	3.4397e+00	4.8987e-01
7900.04	3.3632e+00	4.8651e-01
7900.81	3.4881e+00	4.8347e-01
7901.58	3.6646e+00	4.8466e-01
7902.36	3.6477e+00	4.8975e-01
7903.13	3.2597e+00	4.9415e-01
7903.91	2.9667e+00	4.9449e-01
7904.68	3.2214e+00	4.9157e-01
7905.45	3.4654e+00	4.9187e-01
7906.23	3.4433e+00	4.9577e-01
7907.00	3.4975e+00	4.9605e-01
7907.78	3.5627e+00	4.9406e-01
7908.55	3.5432e+00	5.0056e-01
7909.32	3.3628e+00	4.9711e-01
7910.10	3.2065e+00	5.2398e-01
7910.87	3.2579e+00	5.9696e-01
7911.65	3.7815e+00	7.5196e-01
7912.42	4.4746e+00	9.3015e-01
7913.19	4.7759e+00	1.0687e+00
7913.97	4.2730e+00	1.0950e+00
7914.74	3.2965e+00	9.9275e-01
7915.52	2.9704e+00	7.9543e-01
7916.29	3.4366e+00	5.9360e-01
7917.06	3.7438e+00	5.0655e-01
7917.84	3.7075e+00	5.3808e-01
7918.61	3.5189e+00	5.7035e-01
7919.39	3.5023e+00	6.5803e-01
7920.16	3.6179e+00	7.6490e-01
7920.93	3.5598e+00	8.4883e-01
7921.71	3.7008e+00	8.4360e-01
7922.48	3.9656e+00	7.4375e-01
7923.26	3.8176e+00	6.0853e-01
7924.03	3.4536e+00	5.0944e-01
7924.80	3.2819e+00	4.8365e-01
7925.58	3.1737e+00	4.9374e-01
7926.35	3.1916e+00	4.8868e-01
7927.13	3.4978e+00	4.9616e-01
7927.90	3.4299e+00	5.0503e-01
7928.67	2.8768e+00	5.3614e-01
7929.45	2.7448e+00	6.0214e-01
7930.22	2.9847e+00	6.8758e-01
7931.00	3.0725e+00	7.5380e-01
7931.77	3.1448e+00	7.5866e-01
7932.54	3.3000e+00	6.9861e-01
7933.32	3.4977e+00	6.0960e-01
7934.09	3.7101e+00	5.3491e-01
7934.87	3.8543e+00	5.0055e-01
7935.64	3.8401e+00	4.9423e-01
7936.41	3.6686e+00	4.8793e-01
7937.19	3.4362e+00	4.8555e-01
7937.96	3.2658e+00	4.8397e-01
7938.74	3.2021e+00	4.8383e-01
7939.51	3.1910e+00	4.8489e-01
7940.28	3.2083e+00	4.8620e-01
7941.06	3.2537e+00	4.8775e-01
7941.83	3.3041e+00	4.8885e-01
7942.61	3.3640e+00	4.9210e-01
7943.38	3.4336e+00	4.9916e-01
7944.15	3.5165e+00	5.0678e-01
7944.93	3.5565e+00	5.1440e-01
7945.70	3.2843e+00	5.1483e-01
7946.48	3.0850e+00	5.2690e-01
7947.25	3.3920e+00	5.5913e-01
7948.02	3.7211e+00	6.2819e-01
7948.80	3.6946e+00	6.9345e-01
7949.57	3.4787e+00	7.0533e-01
7950.35	3.2862e+00	6.5563e-01
7951.12	3.2962e+00	5.7481e-01
7951.89	3.4178e+00	5.1329e-01
7952.67	3.5572e+00	4.9878e-01
7953.44	3.7039e+00	4.9531e-01
7954.22	3.6599e+00	4.9363e-01
7954.99	3.5051e+00	4.8668e-01
7955.76	3.6253e+00	4.8178e-01
7956.54	3.9071e+00	4.8002e-01
7957.31	4.0023e+00	4.8080e-01
7958.09	3.7063e+00	4.8253e-01
7958.86	3.3200e+00	4.8279e-01
7959.63	3.4881e+00	4.8416e-01
7960.41	3.6235e+00	4.7746e-01
7961.18	3.2685e+00	4.9224e-01
7961.96	3.2924e+00	5.3792e-01
7962.73	3.7156e+00	6.6656e-01
7963.50	3.9668e+00	8.3234e-01
7964.28	3.8267e+00	9.5446e-01
7965.05	3.4758e+00	9.8080e-01
7965.83	3.4482e+00	8.9209e-01
7966.60	3.5428e+00	7.3504e-01
7967.37	3.3644e+00	6.1167e-01
7968.15	3.1434e+00	5.6192e-01
7968.92	3.1232e+00	5.4938e-01
7969.70	3.3947e+00	5.3212e-01
7970.47	3.6039e+00	5.0790e-01
7971.24	3.5348e+00	4.9707e-01
7972.02	3.5084e+00	4.9577e-01
7972.79	3.6384e+00	4.9608e-01
7973.57	3.8212e+00	4.9644e-01
7974.34	3.6480e+00	4.9547e-01
7975.11	3.2451e+00	5.1055e-01
7975.89	3.3334e+00	5.5078e-01
7976.66	3.5714e+00	6.0076e-01
7977.44	3.4481e+00	6.4480e-01
7978.21	3.4046e+00	6.9450e-01
7978.98	3.4592e+00	7.4340e-01
7979.76	3.2829e+00	7.7422e-01
7980.53	3.4310e+00	7.4533e-01
7981.31	3.9778e+00	6.5232e-01
7982.08	4.0345e+00	5.5048e-01
7982.85	3.8194e+00	4.9286e-01
7983.63	3.9569e+00	4.8159e-01
7984.40	3.7086e+00	4.8869e-01
7985.18	3.1675e+00	4.8075e-01
7985.95	3.2347e+00	4.8552e-01
7986.72	3.5705e+00	4.9307e-01
7987.50	3.6039e+00	4.9751e-01
7988.27	3.6137e+00	5.0220e-01
7989.05	3.5149e+00	5.0561e-01
7989.82	3.1729e+00	5.1034e-01
7990.59	3.0388e+00	5.5775e-01
7991.37	3.3161e+00	6.9105e-01
7992.14	3.5643e+00	8.8087e-01
7992.92	3.8916e+00	1.0257e+00
7993.69	4.3908e+00	1.0633e+00
7994.46	4.6003e+00	9.6091e-01
7995.24	4.3251e+00	7.5806e-01
7996.01	3.7025e+00	5.7881e-01
7996.79	3.5054e+00	5.1259e-01
7997.56	3.8917e+00	5.0055e-01
7998.33	3.7622e+00	5.1221e-01
7999.11	3.2262e+00	4.9738e-01
7999.88	3.1276e+00	4.8876e-01
8000.66	3.2826e+00	4.8667e-01
8001.43	3.4402e+00	4.9147e-01
8002.20	3.5355e+00	4.9495e-01
8002.98	3.5966e+00	4.9633e-01
8003.75	3.6883e+00	4.9749e-01
8004.53	3.8448e+00	4.9426e-01
8005.30	3.7983e+00	4.8892e-01
8006.07	3.2260e+00	4.8740e-01
8006.85	3.0790e+00	4.8606e-01
8007.62	3.6312e+00	4.8260e-01
8008.40	3.6795e+00	4.8228e-01
8009.17	3.2984e+00	4.8386e-01
8009.94	3.2109e+00	4.8838e-01
8010.72	3.3419e+00	4.9181e-01
8011.49	3.5133e+00	5.1671e-01
8012.27	3.6020e+00	5.6891e-01
8013.04	3.4477e+00	6.4043e-01
8013.81	3.1622e+00	6.9741e-01
8014.59	3.1737e+00	7.0538e-01
8015.36	3.3967e+00	6.5833e-01
8016.14	3.4045e+00	5.8237e-01
8016.91	3.3716e+00	5.1840e-01
8017.68	3.4556e+00	4.9952e-01
8018.46	3.5665e+00	5.0984e-01
8019.23	3.6268e+00	5.2773e-01
8020.01	3.5875e+00	5.4072e-01
8020.78	3.6164e+00	5.3492e-01
8021.55	3.6343e+00	5.1620e-01
8022.33	3.3644e+00	4.9717e-01
8023.10	3.2501e+00	5.2986e-01
8023.88	3.5497e+00	6.3922e-01
8024.65	3.8323e+00	8.1311e-01
8025.42	3.9403e+00	9.3866e-01
8026.20	4.0043e+00	9.4896e-01
8026.97	3.6332e+00	8.8175e-01
8027.75	3.1273e+00	7.9471e-01
8028.52	3.4530e+00	7.1511e-01
8029.29	3.7651e+00	6.4509e-01
8030.07	3.1993e+00	5.5541e-01
8030.84	2.8370e+00	5.0843e-01
8031.62	2.9778e+00	5.0284e-01
8032.39	3.0696e+00	5.0065e-01
8033.16	3.1808e+00	4.9556e-01
8033.94	3.3023e+00	4.9095e-01
8034.71	3.0945e+00	4.9265e-01
8035.49	3.0551e+00	4.9404e-01
8036.26	3.6454e+00	4.8823e-01
8037.03	3.8652e+00	4.8563e-01
8037.81	3.5482e+00	4.8872e-01
8038.58	3.6338e+00	4.8824e-01
8039.36	3.7874e+00	4.8760e-01
8040.13	3.5867e+00	4.8998e-01
8040.90	3.5559e+00	4.9027e-01
8041.68	3.5630e+00	4.8711e-01
8042.45	3.1970e+00	4.8323e-01
8043.23	3.0460e+00	4.7915e-01
8044.00	3.2827e+00	4.7494e-01
8044.77	3.2138e+00	4.6961e-01
8045.55	3.1066e+00	4.6788e-01
8046.32	3.3887e+00	4.7367e-01
8047.10	3.7012e+00	4.7965e-01
8047.87	3.7531e+00	4.8611e-01
8048.64	3.5470e+00	4.9483e-01
8049.42	3.3177e+00	5.1665e-01
8050.19	3.3110e+00	5.5727e-01
8050.97	3.5411e+00	6.1850e-01
8051.74	3.7096e+00	6.6232e-01
8052.51	3.5410e+00	6.5930e-01
8053.29	3.4245e+00	6.0650e-01
8054.06	3.5369e+00	5.3388e-01
8054.84	3.5239e+00	4.9306e-01
8055.61	3.4981e+00	4.9176e-01
8056.38	3.5996e+00	4.9024e-01
8057.16	3.5558e+00	4.8963e-01
8057.93	3.4306e+00	4.8622e-01
8058.71	3.5095e+00	4.8759e-01
8059.48	3.5687e+00	5.1003e-01
8060.25	3.4776e+00	5.7232e-01
8061.03	3.5821e+00	6.7504e-01
8061.80	3.6214e+00	7.5848e-01
8062.58	3.2889e+00	7.7878e-01
8063.35	3.1675e+00	7.2268e-01
8064.12	3.3725e+00	6.1706e-01
8064.90	3.3888e+00	5.2238e-01
8065.67	3.3137e+00	4.8636e-01
8066.45	3.3437e+00	4.8539e-01
8067.22	3.2977e+00	4.9397e-01
8067.99	3.2743e+00	4.8725e-01
8068.77	3.4536e+00	4.8693e-01
8069.54	3.5131e+00	4.8259e-01
8070.32	3.3594e+00	4.8002e-01
8071.09	3.3505e+00	4.9222e-01
8071.86	3.4503e+00	5.2007e-01
8072.64	3.4651e+00	5.4882e-01
8073.41	3.4729e+00	5.6045e-01
8074.19	3.4694e+00	5.5451e-01
8074.96	3.4572e+00	5.4566e-01
8075.73	3.2189e+00	5.3710e-01
8076.51	2.8377e+00	5.3021e-01
8077.28	2.9713e+00	5.4321e-01
8078.06	3.3532e+00	5.4673e-01
8078.83	3.2964e+00	5.1073e-01
8079.60	3.4001e+00	4.7280e-01
8080.38	3.7783e+00	4.6652e-01
8081.15	3.6851e+00	4.7417e-01
8081.93	3.4665e+00	4.8402e-01
8082.70	3.5676e+00	4.8891e-01
8083.47	3.3752e+00	4.9422e-01
8084.25	2.9803e+00	5.0084e-01
8085.02	2.9606e+00	5.0395e-01
8085.80	3.1715e+00	5.0404e-01
8086.57	3.3028e+00	5.0133e-01
8087.34	3.2281e+00	4.9318e-01
8088.12	3.1366e+00	4.8430e-01
8088.89	3.2983e+00	4.8140e-01
8089.67	3.6505e+00	4.8175e-01
8090.44	3.9886e+00	4.8575e-01
8091.21	4.1379e+00	4.9263e-01
8091.99	4.0280e+00	5.1290e-01
8092.76	3.8081e+00	5.4300e-01
8093.54	3.7632e+00	5.6861e-01
8094.31	3.8137e+00	5.6982e-01
8095.08	3.6686e+00	5.3982e-01
8095.86	3.3857e+00	5.0207e-01
8096.63	3.1313e+00	4.8247e-01
8097.41	3.1092e+00	4.7619e-01
8098.18	3.1095e+00	4.7466e-01
8098.95	2.9145e+00	4.7591e-01
8099.73	2.9195e+00	4.8229e-01
8100.50	3.1926e+00	5.1816e-01
8101.28	3.4480e+00	5.8837e-01
8102.05	3.4539e+00	6.4243e-01
8102.82	3.2399e+00	6.4799e-01
8103.60	3.0005e+00	6.1013e-01
8104.37	3.0670e+00	5.5183e-01
8105.15	3.4928e+00	5.0679e-01
8105.92	3.7379e+00	4.9090e-01
8106.69	3.5767e+00	4.8955e-01
8107.47	3.5220e+00	4.8994e-01
8108.24	3.3671e+00	4.8588e-01
8109.02	2.9604e+00	4.8379e-01
8109.79	2.9873e+00	4.8316e-01
8110.56	3.3843e+00	4.8230e-01
8111.34	3.5062e+00	4.7954e-01
8112.11	3.4908e+00	4.7727e-01
8112.89	3.5752e+00	4.7683e-01
8113.66	3.7304e+00	4.7765e-01
8114.43	3.8105e+00	4.7387e-01
8115.21	3.6781e+00	4.6457e-01
8115.98	3.5067e+00	4.9231e-01
8116.76	3.4165e+00	5.4452e-01
8117.53	3.3271e+00	5.7370e-01
8118.30	3.3444e+00	5.5997e-01
8119.08	3.4620e+00	5.1494e-01
8119.85	3.3904e+00	4.7821e-01
8120.63	3.2191e+00	4.7235e-01
8121.40	3.2335e+00	4.7452e-01
8122.17	3.4434e+00	4.7881e-01
8122.95	3.5646e+00	4.7776e-01
8123.72	3.1460e+00	4.7424e-01
8124.50	2.7108e+00	4.7172e-01
8125.27	2.8962e+00	4.7331e-01
8126.04	3.0672e+00	4.7528e-01
8126.82	3.0448e+00	4.7623e-01
8127.59	3.2871e+00	4.7821e-01
8128.37	3.4289e+00	4.8025e-01
8129.14	3.2428e+00	4.8192e-01
8129.91	3.0457e+00	4.8179e-01
8130.69	3.0059e+00	4.8417e-01
8131.46	3.0711e+00	4.9226e-01
8132.24	3.1629e+00	4.9617e-01
8133.01	3.2021e+00	4.9467e-01
8133.78	3.1867e+00	4.9664e-01
8134.56	3.2520e+00	5.0335e-01
8135.33	3.4432e+00	5.1047e-01
8136.11	3.4967e+00	5.1091e-01
8136.88	3.3661e+00	5.0845e-01
8137.65	3.2609e+00	5.1164e-01
8138.43	3.1174e+00	5.2000e-01
8139.20	2.9572e+00	5.2711e-01
8139.98	2.9556e+00	5.2791e-01
8140.75	3.1340e+00	5.2142e-01
8141.52	3.3681e+00	5.1244e-01
8142.30	3.2858e+00	5.0458e-01
8143.07	3.0070e+00	4.9998e-01
8143.85	3.0890e+00	4.9393e-01
8144.62	3.3244e+00	5.0172e-01
8145.39	3.3321e+00	5.2753e-01
8146.17	3.1630e+00	5.5685e-01
8146.94	2.9930e+00	5.7052e-01
8147.72	2.9919e+00	5.6125e-01
8148.49	3.1768e+00	5.3997e-01
8149.26	3.3874e+00	5.2341e-01
8150.04	3.4793e+00	5.1743e-01
8150.81	3.3821e+00	5.1033e-01
8151.59	3.2123e+00	4.9062e-01
8152.36	3.1485e+00	4.7565e-01
8153.13	3.2705e+00	4.7792e-01
8153.91	3.4515e+00	4.9280e-01
8154.68	3.5729e+00	5.0911e-01
8155.46	3.5832e+00	5.1477e-01
8156.23	3.6039e+00	5.0380e-01
8157.00	3.5704e+00	4.8702e-01
8157.78	3.3602e+00	4.8137e-01
8158.55	3.3301e+00	4.8623e-01
8159.33	3.4944e+00	4.9120e-01
8160.10	3.3832e+00	4.8574e-01
8160.87	3.2292e+00	4.8443e-01
8161.65	3.3578e+00	5.0180e-01
8162.42	3.5790e+00	5.2762e-01
8163.20	3.6641e+00	5.4551e-01
8163.97	3.5206e+00	5.4480e-01
8164.74	3.3876e+00	5.3598e-01
8165.52	3.4492e+00	5.2878e-01
8166.29	3.5826e+00	5.1102e-01
8167.07	3.5866e+00	4.8917e-01
8167.84	3.4067e+00	4.7847e-01
8168.61	2.9926e+00	4.8209e-01
8169.39	2.7552e+00	4.9806e-01
8170.16	3.1670e+00	5.2786e-01
8170.94	3.8936e+00	5.3690e-01
8171.71	4.2638e+00	5.1141e-01
8172.48	3.9062e+00	4.8395e-01
8173.26	3.2729e+00	4.7422e-01
8174.03	3.1549e+00	4.7072e-01
8174.81	3.3309e+00	4.8550e-01
8175.58	3.3991e+00	5.0808e-01
8176.35	3.3701e+00	5.0455e-01
8177.13	3.3291e+00	5.0618e-01
8177.90	3.4151e+00	5.4272e-01
8178.68	3.6073e+00	5.6427e-01
8179.45	3.7423e+00	5.5181e-01
8180.22	3.6630e+00	5.2554e-01
8181.00	3.4581e+00	5.0128e-01
8181.77	3.3133e+00	4.9068e-01
8182.55	3.3394e+00	4.9081e-01
8183.32	3.3722e+00	4.8893e-01
8184.09	3.2048e+00	4.7955e-01
8184.87	3.0304e+00	4.7250e-01
8185.64	3.0248e+00	4.7696e-01
8186.42	3.1847e+00	4.8649e-01
8187.19	3.2956e+00	5.0157e-01
8187.96	3.2188e+00	5.1918e-01
8188.74	2.9873e+00	5.3563e-01
8189.51	2.9889e+00	5.4253e-01
8190.29	3.5837e+00	5.3558e-01
8191.06	3.8295e+00	5.1225e-01
8191.83	3.3061e+00	4.8648e-01
8192.61	2.9909e+00	4.8259e-01
8193.38	3.1638e+00	5.0235e-01
8194.16	3.4617e+00	5.2308e-01
8194.93	3.5553e+00	5.2616e-01
8195.70	3.3478e+00	5.0888e-01
8196.48	3.0568e+00	4.8358e-01
8197.25	3.2181e+00	4.8335e-01
8198.03	3.8518e+00	5.1247e-01
8198.80	3.9274e+00	5.2456e-01
8199.57	3.4409e+00	5.1164e-01
8200.35	3.2226e+00	5.0090e-01
8201.12	3.3502e+00	4.9814e-01
8201.90	3.5698e+00	4.9827e-01
8202.67	3.5220e+00	4.8658e-01
8203.44	3.3331e+00	4.7204e-01
8204.22	3.3388e+00	4.7184e-01
8204.99	3.4417e+00	4.7495e-01
8205.77	3.4871e+00	4.7606e-01
8206.54	3.4345e+00	4.8214e-01
8207.31	3.1980e+00	4.8390e-01
8208.09	2.9101e+00	4.7731e-01
8208.86	3.0476e+00	4.7459e-01
8209.64	3.2850e+00	4.7370e-01
8210.41	3.0375e+00	4.6604e-01
8211.18	2.8567e+00	4.6115e-01
8211.96	3.0589e+00	4.6403e-01
8212.73	3.3145e+00	4.6783e-01
8213.51	3.3519e+00	4.7285e-01
8214.28	3.1308e+00	4.7901e-01
8215.05	3.1720e+00	4.7911e-01
8215.83	3.3887e+00	4.7339e-01
8216.60	3.2345e+00	4.6695e-01
8217.38	2.9050e+00	4.7068e-01
8218.15	2.7648e+00	4.8390e-01
8218.92	3.0029e+00	4.9651e-01
8219.70	3.2829e+00	4.9354e-01
8220.47	3.1774e+00	4.7250e-01
8221.25	3.0699e+00	4.6386e-01
8222.02	3.1769e+00	4.7741e-01
8222.79	3.2861e+00	4.8328e-01
8223.57	3.2686e+00	4.8687e-01
8224.34	3.1159e+00	4.9735e-01
8225.12	3.0233e+00	4.9743e-01
8225.89	3.0404e+00	4.9602e-01
8226.66	3.0599e+00	5.0724e-01
8227.44	3.0448e+00	5.3988e-01
8228.21	3.0290e+00	5.7925e-01
8228.99	3.1327e+00	6.0294e-01
8229.76	3.2607e+00	5.9754e-01
8230.53	3.2774e+00	5.6898e-01
8231.31	3.1767e+00	5.4998e-01
8232.08	3.1215e+00	5.4437e-01
8232.86	3.3152e+00	4.8276e-01
8233.63	3.4024e+00	5.4592e-01
8234.40	3.2094e+00	7.1953e-01
8235.18	3.4729e+00	7.8696e-01
8235.95	3.7680e+00	7.3225e-01
8236.73	3.2861e+00	6.3495e-01
8237.50	2.9922e+00	5.3197e-01
8238.27	3.2427e+00	4.7325e-01
8239.05	3.1394e+00	4.5692e-01
8239.82	2.8631e+00	4.6620e-01
8240.60	2.8833e+00	4.7813e-01
8241.37	3.2809e+00	4.8394e-01
8242.14	3.7098e+00	4.8372e-01
8242.92	3.6652e+00	4.8762e-01
8243.69	3.4945e+00	4.9704e-01
8244.47	3.5350e+00	5.0452e-01
8245.24	3.3772e+00	4.9267e-01
8246.01	3.2163e+00	4.7703e-01
8246.79	3.3563e+00	4.8255e-01
8247.56	3.4596e+00	4.9351e-01
8248.34	3.3916e+00	4.9602e-01
8249.11	3.4002e+00	4.9438e-01
8249.88	3.4617e+00	4.8846e-01
8250.66	3.4841e+00	4.8171e-01
8251.43	3.3340e+00	4.7567e-01
8252.21	3.2053e+00	4.7449e-01
8252.98	3.3945e+00	4.8017e-01
8253.75	3.5320e+00	4.8537e-01
8254.53	3.4443e+00	4.8647e-01
8255.30	3.6017e+00	4.8644e-01
8256.08	3.7116e+00	4.9259e-01
8256.85	3.4259e+00	5.0505e-01
8257.62	3.3501e+00	5.0983e-01
8258.40	3.6022e+00	5.0013e-01
8259.17	3.6623e+00	4.7976e-01
8259.95	3.6907e+00	4.7375e-01
8260.72	3.7558e+00	4.8799e-01
8261.49	3.1868e+00	4.8373e-01
8262.27	2.5629e+00	4.6279e-01
8263.04	2.7966e+00	4.5690e-01
8263.82	3.3746e+00	4.6018e-01
8264.59	3.6378e+00	4.6367e-01
8265.36	3.5224e+00	4.6701e-01
8266.14	3.3459e+00	4.7042e-01
8266.91	3.4813e+00	4.7565e-01
8267.69	3.5185e+00	4.8261e-01
8268.46	3.4450e+00	4.8740e-01
8269.23	3.6243e+00	4.8380e-01
8270.01	3.5761e+00	4.8435e-01
8270.78	3.1625e+00	4.9440e-01
8271.56	3.0694e+00	4.9830e-01
8272.33	3.2890e+00	4.9499e-01
8273.10	3.4094e+00	4.9351e-01
8273.88	3.3113e+00	4.9766e-01
8274.65	3.1566e+00	5.1271e-01
8275.43	3.2728e+00	5.1839e-01
8276.20	3.5469e+00	5.6631e-01
8276.97	3.7027e+00	6.6245e-01
8277.75	3.9507e+00	7.4250e-01
8278.52	3.9903e+00	7.8453e-01
8279.30	3.4749e+00	7.8659e-01
8280.07	2.9979e+00	8.2427e-01
8280.84	3.1098e+00	9.0890e-01
8281.62	3.7436e+00	9.7592e-01
8282.39	4.3017e+00	9.5108e-01
8283.17	4.2601e+00	8.1480e-01
8283.94	3.9128e+00	6.4567e-01
8284.71	3.6499e+00	5.7587e-01
8285.49	3.6052e+00	6.1573e-01
8286.26	3.4473e+00	7.1923e-01
8287.04	3.0642e+00	8.2809e-01
8287.81	3.1897e+00	1.0020e+00
8288.58	3.7489e+00	1.1132e+00
8289.36	4.1230e+00	1.0649e+00
8290.13	4.1221e+00	8.8744e-01
8290.91	3.8092e+00	6.7006e-01
8291.68	3.4552e+00	5.3154e-01
8292.45	3.1234e+00	5.1588e-01
8293.23	2.8458e+00	4.9809e-01
8294.00	3.4961e+00	5.5892e-01
8294.78	4.4159e+00	6.7520e-01
8295.55	4.0771e+00	7.9352e-01
8296.32	3.8141e+00	8.4926e-01
8297.10	4.4640e+00	8.6604e-01
8297.87	4.1644e+00	9.6145e-01
8298.65	3.4961e+00	1.0584e+00
8299.42	3.8479e+00	1.0472e+00
8300.19	3.7700e+00	9.0491e-01
8300.97	3.0016e+00	6.7692e-01
8301.74	3.0751e+00	5.3885e-01
8302.52	3.4088e+00	5.3398e-01
8303.29	3.1890e+00	4.9978e-01
8304.06	3.0521e+00	5.0202e-01
8304.84	3.1445e+00	5.1609e-01
8305.61	3.1868e+00	5.2533e-01
8306.39	3.3439e+00	5.1409e-01
8307.16	3.5290e+00	4.9697e-01
8307.93	3.3327e+00	4.8561e-01
8308.71	2.9784e+00	5.3020e-01
8309.48	2.8872e+00	6.1757e-01
8310.26	2.9027e+00	7.0356e-01
8311.03	2.8955e+00	7.3459e-01
8311.80	2.8970e+00	6.8415e-01
8312.58	2.9277e+00	5.8414e-01
8313.35	2.9816e+00	5.0520e-01
8314.13	2.9744e+00	4.7296e-01
8314.90	2.8734e+00	4.7416e-01
8315.67	2.7149e+00	4.7014e-01
8316.45	2.8676e+00	4.7888e-01
8317.22	3.2708e+00	5.0391e-01
8318.00	3.2428e+00	5.2713e-01
8318.77	3.2002e+00	5.3119e-01
8319.54	3.6303e+00	5.1618e-01
8320.32	3.4540e+00	4.9906e-01
8321.09	2.9614e+00	5.0124e-01
8321.87	3.3934e+00	5.2458e-01
8322.64	3.7938e+00	5.3183e-01
8323.41	3.4486e+00	5.0550e-01
8324.19	3.2870e+00	4.7997e-01
8324.96	3.4019e+00	4.7215e-01
8325.74	3.4094e+00	4.7439e-01
8326.51	3.4877e+00	4.7396e-01
8327.28	3.5619e+00	4.6394e-01
8328.06	3.3617e+00	4.5585e-01
8328.83	3.1432e+00	4.5937e-01
8329.61	3.1683e+00	4.7303e-01
8330.38	3.2708e+00	4.8291e-01
8331.15	3.2425e+00	4.8133e-01
8331.93	2.9899e+00	4.7182e-01
8332.70	3.0626e+00	4.6997e-01
8333.48	3.5398e+00	4.7880e-01
8334.25	3.5920e+00	4.7667e-01
8335.02	3.3921e+00	4.6766e-01
8335.80	3.4718e+00	4.6744e-01
8336.57	3.4963e+00	4.7508e-01
8337.35	3.3472e+00	4.8769e-01
8338.12	3.1706e+00	5.0104e-01
8338.89	3.2056e+00	5.0901e-01
8339.67	3.4604e+00	5.2421e-01
8340.44	3.2261e+00	5.1084e-01
8341.22	3.0465e+00	5.5407e-01
8341.99	3.7986e+00	6.8115e-01
8342.76	4.3365e+00	9.7112e-01
8343.54	4.0362e+00	1.2826e+00
8344.31	3.7840e+00	1.5070e+00
8345.09	3.4933e+00	1.5161e+00
8345.86	2.9813e+00	1.2803e+00
8346.63	2.7696e+00	9.0194e-01
8347.41	2.9488e+00	5.6378e-01
8348.18	3.2073e+00	4.5230e-01
8348.96	3.3309e+00	5.4739e-01
8349.73	3.2536e+00	5.5936e-01
8350.50	2.7199e+00	6.0947e-01
8351.28	2.6952e+00	7.3325e-01
8352.05	3.8722e+00	8.9041e-01
8352.83	4.7106e+00	9.7596e-01
8353.60	4.3775e+00	9.4109e-01
8354.37	3.7841e+00	7.8972e-01
8355.15	3.2508e+00	5.9466e-01
8355.92	2.9180e+00	4.9375e-01
8356.70	2.8013e+00	4.7363e-01
8357.47	2.8417e+00	4.6339e-01
8358.24	3.0416e+00	4.7352e-01
8359.02	3.0808e+00	4.8364e-01
8359.79	2.9018e+00	4.9561e-01
8360.57	2.8187e+00	5.1691e-01
8361.34	2.9623e+00	5.3298e-01
8362.11	3.2151e+00	5.3701e-01
8362.89	3.1823e+00	5.7055e-01
8363.66	2.9443e+00	6.3898e-01
8364.44	2.9796e+00	7.0634e-01
8365.21	3.2727e+00	7.1950e-01
8365.98	3.5020e+00	6.6305e-01
8366.76	3.2375e+00	5.7354e-01
8367.53	2.8160e+00	5.0296e-01
8368.31	2.8650e+00	4.8000e-01
8369.08	3.3263e+00	4.8891e-01
8369.85	3.7474e+00	4.8744e-01
8370.63	3.6997e+00	4.7022e-01
8371.40	3.4079e+00	4.8601e-01
8372.18	3.3240e+00	5.5813e-01
8372.95	3.1923e+00	6.6691e-01
8373.72	2.9432e+00	7.2471e-01
8374.50	2.7595e+00	6.6608e-01
8375.27	2.6274e+00	5.4910e-01
8376.05	2.5724e+00	4.8456e-01
8376.82	2.8162e+00	4.6878e-01
8377.59	3.0833e+00	4.8080e-01
8378.37	3.0038e+00	4.9681e-01
8379.14	3.2024e+00	5.1302e-01
8379.92	3.6194e+00	5.6753e-01
8380.69	3.4093e+00	6.5657e-01
8381.46	2.7905e+00	7.7806e-01
8382.24	2.4160e+00	8.7730e-01
8383.01	2.6706e+00	8.6355e-01
8383.79	3.2179e+00	7.3580e-01
8384.56	3.3453e+00	5.7612e-01
8385.33	3.1517e+00	4.6895e-01
8386.11	3.0132e+00	4.5815e-01
8386.88	3.0581e+00	4.7536e-01
8387.66	3.2231e+00	4.7346e-01
8388.43	3.2868e+00	4.7528e-01
8389.20	3.4085e+00	4.8222e-01
8389.98	3.5644e+00	4.9439e-01
8390.75	3.5890e+00	5.0317e-01
8391.53	3.3938e+00	5.0154e-01
8392.30	3.0999e+00	4.9162e-01
8393.07	3.0539e+00	4.8538e-01
8393.85	3.1809e+00	4.8585e-01
8394.62	3.2016e+00	5.0134e-01
8395.40	3.0176e+00	4.7380e-01
8396.17	3.0465e+00	5.0936e-01
8396.94	4.3278e+00	6.2263e-01
8397.72	5.0152e+00	9.3792e-01
8398.49	3.6446e+00	1.2755e+00
8399.27	2.9515e+00	1.4140e+00
8400.04	3.5930e+00	1.3015e+00
8400.81	3.6888e+00	9.9363e-01
8401.59	3.5052e+00	6.2311e-01
8402.36	3.4386e+00	4.7736e-01
8403.14	3.2081e+00	4.9045e-01
8403.91	3.0048e+00	4.8279e-01
8404.68	3.0493e+00	4.8111e-01
8405.46	3.3781e+00	4.7511e-01
8406.23	3.6196e+00	4.7404e-01
8407.01	3.2459e+00	4.7151e-01
8407.78	2.8775e+00	4.6881e-01
8408.55	3.1209e+00	4.6853e-01
8409.33	3.3851e+00	4.7219e-01
8410.10	3.3207e+00	4.7523e-01
8410.88	3.0715e+00	4.7900e-01
8411.65	2.8193e+00	4.6719e-01
8412.42	2.7928e+00	4.9496e-01
8413.20	2.9772e+00	5.8097e-01
8413.97	3.2871e+00	7.5542e-01
8414.75	3.5512e+00	9.3762e-01
8415.52	3.5418e+00	9.9177e-01
8416.29	3.3105e+00	8.8961e-01
8417.07	3.1394e+00	6.8898e-01
8417.84	3.0491e+00	4.9494e-01
8418.62	3.0083e+00	4.5690e-01
8419.39	3.1911e+00	4.8699e-01
8420.16	3.4754e+00	4.8433e-01
8420.94	3.6468e+00	4.8976e-01
8421.71	3.3772e+00	4.9054e-01
8422.49	2.8565e+00	4.9388e-01
8423.26	2.7616e+00	5.0469e-01
8424.03	2.9147e+00	5.1363e-01
8424.81	2.8384e+00	5.1597e-01
8425.58	2.8724e+00	5.1207e-01
8426.36	2.9692e+00	5.2336e-01
8427.13	2.8749e+00	5.1923e-01
8427.90	2.6250e+00	7.0158e-01
8428.68	2.5372e+00	1.0036e+00
8429.45	3.1254e+00	1.3132e+00
8430.23	3.8892e+00	1.4538e+00
8431.00	3.9978e+00	1.3453e+00
8431.77	3.5607e+00	1.0490e+00
8432.55	3.0559e+00	7.0529e-01
8433.32	2.7916e+00	4.8640e-01
8434.10	2.8540e+00	5.1428e-01
8434.87	2.9970e+00	4.9882e-01
8435.64	3.1259e+00	4.9493e-01
8436.42	3.1110e+00	4.7395e-01
8437.19	2.9886e+00	4.6431e-01
8437.97	2.9100e+00	4.6520e-01
8438.74	2.9687e+00	4.7450e-01
8439.51	3.0310e+00	4.8440e-01
8440.29	3.0982e+00	4.9849e-01
8441.06	3.2004e+00	5.1816e-01
8441.84	3.1412e+00	5.2807e-01
8442.61	2.9653e+00	5.2024e-01
8443.38	2.8671e+00	4.9180e-01
8444.16	3.0421e+00	4.8741e-01
8444.93	3.4042e+00	5.3020e-01
8445.71	3.7317e+00	5.8887e-01
8446.48	3.6546e+00	6.1832e-01
8447.25	3.1028e+00	6.0334e-01
8448.03	2.7636e+00	5.4714e-01
8448.80	3.0030e+00	5.0606e-01
8449.58	3.2566e+00	4.9584e-01
8450.35	3.5576e+00	6.1585e-01
8451.12	3.9579e+00	7.9359e-01
8451.90	3.7295e+00	9.3166e-01
8452.67	3.0296e+00	9.5338e-01
8453.45	2.7146e+00	8.2763e-01
8454.22	2.6924e+00	6.2589e-01
8454.99	2.6812e+00	4.9868e-01
8455.77	2.9590e+00	4.6392e-01
8456.54	3.1680e+00	4.7550e-01
8457.32	2.9489e+00	4.7821e-01
8458.09	2.8210e+00	4.7243e-01
8458.86	2.9615e+00	4.6844e-01
8459.64	2.8664e+00	4.7684e-01
8460.41	2.7408e+00	4.7959e-01
8461.19	2.8380e+00	4.8894e-01
8461.96	3.0208e+00	4.6194e-01
8462.73	3.0280e+00	5.5696e-01
8463.51	2.6685e+00	7.6697e-01
8464.28	2.7165e+00	1.0456e+00
8465.06	3.3757e+00	1.2519e+00
8465.83	3.5296e+00	1.2700e+00
8466.60	3.4478e+00	1.0925e+00
8467.38	3.8161e+00	8.0327e-01
8468.15	3.7016e+00	5.3195e-01
8468.93	3.0582e+00	4.6280e-01
8469.70	2.7877e+00	4.7246e-01
8470.47	2.8810e+00	4.8107e-01
8471.25	2.9986e+00	4.7720e-01
8472.02	3.0412e+00	4.7653e-01
8472.80	3.0621e+00	4.8484e-01
8473.57	3.2353e+00	4.9880e-01
8474.34	3.3830e+00	5.1039e-01
8475.12	3.3452e+00	5.1217e-01
8475.89	3.1915e+00	5.0484e-01
8476.67	2.9273e+00	4.9003e-01
8477.44	2.6397e+00	4.7368e-01
8478.21	2.5735e+00	4.6785e-01
8478.99	2.7286e+00	4.7042e-01
8479.76	2.8725e+00	4.6908e-01
8480.54	3.0186e+00	4.6786e-01
8481.31	3.1934e+00	4.7118e-01
8482.08	3.2167e+00	4.7565e-01
8482.86	3.2525e+00	4.7608e-01
8483.63	3.4780e+00	4.7052e-01
8484.41	3.5463e+00	4.6710e-01
8485.18	3.2978e+00	4.6946e-01
8485.95	2.9029e+00	4.7082e-01
8486.73	2.7797e+00	4.7169e-01
8487.50	3.0617e+00	4.7361e-01
8488.28	3.2702e+00	4.7377e-01
8489.05	3.1670e+00	4.7125e-01
8489.82	2.9668e+00	4.7104e-01
8490.60	2.8728e+00	4.7646e-01
8491.37	2.9850e+00	5.2984e-01
8492.15	2.8861e+00	6.6479e-01
8492.92	3.1151e+00	7.8764e-01
8493.69	4.0736e+00	8.2947e-01
8494.47	4.2109e+00	7.6716e-01
8495.24	3.3855e+00	6.3130e-01
8496.02	3.1438e+00	5.1355e-01
8496.79	3.1947e+00	4.7180e-01
8497.56	2.9470e+00	4.6307e-01
8498.34	2.8623e+00	4.6775e-01
8499.11	2.8832e+00	4.6139e-01
8499.89	2.7714e+00	4.7489e-01
8500.66	2.8140e+00	4.8016e-01
8501.43	3.1101e+00	5.0348e-01
8502.21	3.2137e+00	5.2535e-01
8502.98	3.4968e+00	6.7386e-01
8503.76	4.1766e+00	8.8931e-01
8504.53	4.2335e+00	1.0504e+00
8505.30	3.4999e+00	1.0716e+00
8506.08	2.7635e+00	9.1603e-01
8506.85	2.5083e+00	6.6731e-01
8507.63	2.7311e+00	5.1054e-01
8508.40	2.9947e+00	4.6985e-01
8509.17	3.0500e+00	4.8294e-01
8509.95	3.0110e+00	4.8357e-01
8510.72	3.1313e+00	4.7490e-01
8511.50	3.3250e+00	4.6964e-01
8512.27	3.0430e+00	4.7120e-01
8513.04	2.7353e+00	4.7448e-01
8513.82	2.8843e+00	4.7299e-01
8514.59	3.0868e+00	4.7005e-01
8515.37	3.0727e+00	4.6790e-01
8516.14	2.8790e+00	4.6711e-01
8516.91	2.8326e+00	4.6742e-01
8517.69	3.0338e+00	4.6993e-01
8518.46	2.9370e+00	4.7526e-01
8519.24	2.8484e+00	4.8567e-01
8520.01	3.2124e+00	4.9843e-01
8520.78	3.3232e+00	5.0458e-01
8521.56	3.0453e+00	4.9909e-01
8522.33	3.0156e+00	4.8431e-01
8523.11	3.0247e+00	4.7132e-01
8523.88	2.8427e+00	4.6876e-01
8524.65	2.9028e+00	4.7517e-01
8525.43	3.0547e+00	4.7904e-01
8526.20	2.8967e+00	4.7275e-01
8526.98	2.8245e+00	4.6521e-01
8527.75	3.0012e+00	4.6474e-01
8528.52	3.0310e+00	4.6705e-01
8529.30	2.9401e+00	4.6907e-01
8530.07	2.9151e+00	4.6902e-01
8530.85	2.9691e+00	4.6960e-01
8531.62	3.0456e+00	4.7113e-01
8532.39	3.0199e+00	4.7130e-01
8533.17	3.0562e+00	4.6965e-01
8533.94	3.1918e+00	4.6837e-01
8534.72	2.9918e+00	4.6510e-01
8535.49	2.7408e+00	4.6775e-01
8536.26	2.9037e+00	4.8081e-01
8537.04	3.4682e+00	5.4666e-01
8537.81	3.9909e+00	6.3314e-01
8538.59	3.9233e+00	6.8617e-01
8539.36	3.6046e+00	6.6858e-01
8540.13	3.5626e+00	5.8513e-01
8540.91	3.3722e+00	4.9457e-01
8541.68	3.0520e+00	4.5718e-01
8542.46	2.9347e+00	4.5671e-01
8543.23	3.0031e+00	4.6311e-01
8544.00	3.0492e+00	4.5443e-01
8544.78	2.7452e+00	4.6005e-01
8545.55	2.5570e+00	4.8380e-01
8546.33	2.9785e+00	5.1804e-01
8547.10	3.4034e+00	6.1870e-01
8547.87	3.3655e+00	7.3889e-01
8548.65	3.0407e+00	8.1046e-01
8549.42	2.6529e+00	7.9053e-01
8550.20	2.4970e+00	6.8649e-01
8550.97	2.8506e+00	5.6594e-01
8551.74	3.2390e+00	5.0115e-01
8552.52	2.9975e+00	4.8297e-01
8553.29	2.9106e+00	4.8844e-01
8554.07	3.2999e+00	4.7520e-01
8554.84	3.2122e+00	4.6709e-01
8555.61	3.0176e+00	4.6411e-01
8556.39	3.2806e+00	4.6633e-01
8557.16	3.3022e+00	4.6364e-01
8557.94	2.9673e+00	4.5799e-01
8558.71	2.8091e+00	4.6375e-01
8559.48	2.8097e+00	4.6781e-01
8560.26	2.8610e+00	4.6318e-01
8561.03	3.0879e+00	4.6752e-01
8561.81	3.2769e+00	4.7868e-01
8562.58	3.2129e+00	4.8378e-01
8563.35	3.0693e+00	4.8215e-01
8564.13	3.0389e+00	4.7843e-01
8564.90	3.0690e+00	4.7723e-01
8565.68	3.1780e+00	4.8052e-01
8566.45	3.2981e+00	4.8505e-01
8567.22	3.2810e+00	4.8946e-01
8568.00	3.1287e+00	4.8970e-01
8568.77	2.9843e+00	4.8510e-01
8569.55	2.9604e+00	4.7575e-01
8570.32	3.0411e+00	4.7101e-01
8571.09	3.0604e+00	4.8148e-01
8571.87	3.0632e+00	5.0503e-01
8572.64	3.1760e+00	5.2693e-01
8573.42	3.0654e+00	5.2408e-01
8574.19	2.8467e+00	5.0128e-01
8574.96	2.9960e+00	4.8878e-01
8575.74	3.3093e+00	4.9139e-01
8576.51	3.3779e+00	4.9503e-01
8577.29	2.9454e+00	4.9139e-01
8578.06	2.4867e+00	4.7953e-01
8578.83	2.6891e+00	4.7084e-01
8579.61	2.9371e+00	4.6666e-01
8580.38	2.8527e+00	4.6481e-01
8581.16	3.0169e+00	4.6368e-01
8581.93	3.2470e+00	4.6334e-01
8582.70	3.2244e+00	4.6528e-01
8583.48	3.1705e+00	4.6774e-01
8584.25	3.1905e+00	4.6949e-01
8585.03	3.1952e+00	4.6724e-01
8585.80	3.1432e+00	4.7896e-01
8586.57	3.0752e+00	5.1386e-01
8587.35	3.1287e+00	5.6564e-01
8588.12	3.3144e+00	5.9994e-01
8588.90	3.5069e+00	5.9424e-01
8589.67	3.4873e+00	5.4864e-01
8590.44	3.2730e+00	4.9256e-01
8591.22	3.2214e+00	4.7084e-01
8591.99	3.0866e+00	4.7598e-01
8592.77	2.6976e+00	4.7235e-01
8593.54	2.6946e+00	4.7531e-01
8594.31	3.0709e+00	4.9476e-01
8595.09	3.2733e+00	5.2041e-01
8595.86	3.3498e+00	5.7851e-01
8596.64	3.4279e+00	6.4248e-01
8597.41	3.5299e+00	6.5351e-01
8598.18	3.4699e+00	6.0774e-01
8598.96	3.1128e+00	5.4212e-01
8599.73	2.9225e+00	4.9361e-01
8600.51	2.9656e+00	4.8148e-01
8601.28	2.8346e+00	4.7831e-01
8602.05	2.6484e+00	4.7732e-01
8602.83	2.6344e+00	4.7832e-01
8603.60	2.7342e+00	4.7665e-01
8604.38	2.9428e+00	4.7369e-01
8605.15	3.2457e+00	4.7562e-01
8605.92	3.2820e+00	4.7605e-01
8606.70	3.0455e+00	4.7373e-01
8607.47	3.0724e+00	4.7697e-01
8608.25	3.1029e+00	4.8292e-01
8609.02	2.7698e+00	4.8582e-01
8609.79	2.6318e+00	4.8883e-01
8610.57	2.8182e+00	4.9352e-01
8611.34	2.9607e+00	4.9591e-01
8612.12	2.9874e+00	5.0313e-01
8612.89	2.9806e+00	5.1871e-01
8613.66	3.1521e+00	5.3279e-01
8614.44	3.3394e+00	5.4451e-01
8615.21	3.2616e+00	5.5609e-01
8615.99	3.0889e+00	5.6597e-01
8616.76	3.0886e+00	5.7899e-01
8617.53	3.3590e+00	5.9604e-01
8618.31	3.6180e+00	6.1185e-01
8619.08	3.5762e+00	6.2277e-01
8619.86	3.4668e+00	6.3972e-01
8620.63	3.3953e+00	6.5960e-01
8621.40	3.3087e+00	6.6649e-01
8622.18	3.1375e+00	6.6851e-01
8622.95	2.9686e+00	6.8076e-01
8623.73	3.0580e+00	7.0648e-01
8624.50	3.4167e+00	7.3334e-01
8625.27	3.7924e+00	7.4534e-01
8626.05	3.7060e+00	7.3524e-01
8626.82	3.1945e+00	7.2161e-01
8627.60	2.8075e+00	7.3200e-01
8628.37	2.7740e+00	7.4732e-01
8629.14	2.9486e+00	7.4266e-01
8629.92	3.1156e+00	7.2586e-01
8630.69	3.0514e+00	7.1608e-01
8631.47	2.8035e+00	7.2833e-01
8632.24	2.7765e+00	7.3154e-01
8633.01	3.1027e+00	7.0703e-01
8633.79	3.3866e+00	6.7500e-01
8634.56	3.4285e+00	6.6257e-01
8635.34	3.2811e+00	6.7632e-01
8636.11	3.1159e+00	6.7527e-01
8636.88	3.0249e+00	6.4146e-01
8637.66	2.8696e+00	6.0305e-01
8638.43	2.9074e+00	5.8776e-01
8639.21	3.1859e+00	5.9872e-01
8639.98	3.3203e+00	6.0441e-01
8640.75	3.2649e+00	5.9328e-01
8641.53	3.2371e+00	5.8073e-01
8642.30	3.2068e+00	5.6500e-01
8643.08	3.1371e+00	5.4279e-01
8643.85	2.9443e+00	5.0762e-01
8644.62	2.9253e+00	4.9131e-01
8645.40	3.2123e+00	5.1824e-01
8646.17	3.2272e+00	5.5853e-01
8646.95	2.9561e+00	5.8826e-01
8647.72	2.8731e+00	5.9973e-01
8648.49	3.0628e+00	6.2855e-01
8649.27	3.3134e+00	6.8712e-01
8650.04	3.2398e+00	7.4500e-01
8650.82	3.0042e+00	7.6230e-01
8651.59	2.9980e+00	7.2713e-01
8652.36	3.1162e+00	6.6669e-01
8653.14	3.1446e+00	6.4417e-01
8653.91	2.9368e+00	6.8478e-01
8654.69	2.7830e+00	7.5039e-01
8655.46	2.9208e+00	7.8118e-01
8656.23	3.1237e+00	7.5079e-01
8657.01	3.1622e+00	6.7831e-01
8657.78	2.9957e+00	6.1958e-01
8658.56	2.8136e+00	6.5220e-01
8659.33	2.7322e+00	7.3434e-01
8660.10	2.6671e+00	7.7287e-01
8660.88	2.4469e+00	7.3326e-01
8661.65	2.0842e+00	6.4995e-01
8662.43	2.4854e+00	5.8082e-01
8663.20	3.3031e+00	6.0319e-01
8663.97	3.2607e+00	6.9236e-01
8664.75	2.7900e+00	7.5925e-01
8665.52	2.6729e+00	7.5317e-01
8666.30	2.8458e+00	6.8251e-01
8667.07	3.0205e+00	5.9824e-01
8667.84	2.8685e+00	5.7124e-01
8668.62	2.8432e+00	6.2772e-01
8669.39	3.1925e+00	6.9896e-01
8670.17	3.6042e+00	7.3722e-01
8670.94	3.7902e+00	7.1165e-01
8671.71	3.6182e+00	6.4185e-01
8672.49	3.0514e+00	5.6097e-01
8673.26	2.4593e+00	5.4153e-01
8674.04	2.1711e+00	5.9782e-01
8674.81	2.6314e+00	6.6566e-01
8675.58	3.4416e+00	6.8412e-01
8676.36	3.3702e+00	6.5015e-01
8677.13	2.8785e+00	5.8478e-01
8677.91	3.1074e+00	5.3827e-01
8678.68	3.2360e+00	5.3082e-01
8679.45	2.9581e+00	5.5614e-01
8680.23	2.8911e+00	6.0081e-01
8681.00	2.8242e+00	6.2132e-01
8681.78	2.5560e+00	6.0114e-01
8682.55	2.4326e+00	5.5856e-01
8683.32	2.4874e+00	5.2116e-01
8684.10	2.5206e+00	5.0403e-01
8684.87	2.6291e+00	5.2091e-01
8685.65	2.8018e+00	5.5161e-01
8686.42	2.8461e+00	5.8074e-01
8687.19	2.8127e+00	5.8032e-01
8687.97	2.8584e+00	5.4680e-01
8688.74	2.8583e+00	5.0266e-01
8689.52	2.9594e+00	4.7953e-01
8690.29	3.4711e+00	4.8293e-01
8691.06	3.5909e+00	5.0290e-01
8691.84	2.9848e+00	5.1736e-01
8692.61	2.7378e+00	5.2757e-01
8693.39	2.8943e+00	5.2410e-01
8694.16	2.8235e+00	5.0518e-01
8694.93	2.6732e+00	4.8466e-01
8695.71	2.6901e+00	4.7714e-01
8696.48	3.0416e+00	4.7975e-01
8697.26	3.4216e+00	4.9064e-01
8698.03	3.4796e+00	5.0464e-01
8698.80	3.3264e+00	5.2065e-01
8699.58	3.1905e+00	5.3403e-01
8700.35	3.1929e+00	5.4031e-01
8701.13	3.2685e+00	5.3373e-01
8701.90	3.2892e+00	5.1764e-01
8702.67	3.2746e+00	5.0072e-01
8703.45	3.2672e+00	4.9420e-01
8704.22	3.3061e+00	5.0032e-01
8705.00	3.1483e+00	5.1099e-01
8705.77	2.8447e+00	5.2293e-01
8706.54	2.7918e+00	5.4369e-01
8707.32	2.8001e+00	5.5461e-01
8708.09	2.6337e+00	5.4343e-01
8708.87	2.4426e+00	5.1488e-01
8709.64	2.4254e+00	4.8828e-01
8710.41	2.6943e+00	4.8258e-01
8711.19	2.8086e+00	4.8724e-01
8711.96	2.6442e+00	4.8403e-01
8712.74	2.6646e+00	4.7601e-01
8713.51	2.9328e+00	4.6946e-01
8714.28	3.2041e+00	4.7184e-01
8715.06	3.3156e+00	4.7342e-01
8715.83	3.2002e+00	4.7091e-01
8716.61	2.9378e+00	4.7202e-01
8717.38	2.8455e+00	4.7183e-01
8718.15	3.0083e+00	4.6854e-01
8718.93	3.0269e+00	4.7151e-01
8719.70	2.8775e+00	4.7771e-01
8720.48	2.8175e+00	4.7845e-01
8721.25	2.9356e+00	4.7733e-01
8722.02	3.1245e+00	4.7808e-01
8722.80	3.0551e+00	4.7855e-01
8723.57	3.0395e+00	4.8080e-01
8724.35	3.3452e+00	4.8580e-01
8725.12	3.2691e+00	4.9129e-01
8725.89	2.8905e+00	4.9646e-01
8726.67	2.8767e+00	5.0177e-01
8727.44	3.0777e+00	5.0044e-01
8728.22	3.1402e+00	4.9195e-01
8728.99	2.9203e+00	4.8725e-01
8729.76	2.6389e+00	4.8492e-01
8730.54	2.6423e+00	4.7805e-01
8731.31	2.9811e+00	4.7899e-01
8732.09	3.3907e+00	4.8680e-01
8732.86	3.5500e+00	4.8806e-01
8733.63	3.3786e+00	4.8380e-01
8734.41	3.1134e+00	4.8064e-01
8735.18	3.1415e+00	4.7732e-01
8735.96	3.3002e+00	4.7675e-01
8736.73	3.1260e+00	4.8068e-01
8737.50	2.7957e+00	4.8643e-01
8738.28	2.6346e+00	4.9027e-01
8739.05	2.8209e+00	4.9117e-01
8739.83	3.0760e+00	4.9004e-01
8740.60	3.0546e+00	4.8925e-01
8741.37	3.0375e+00	4.8534e-01
8742.15	3.1705e+00	4.8240e-01
8742.92	3.2775e+00	4.8847e-01
8743.70	3.4009e+00	4.9443e-01
8744.47	3.5079e+00	4.9280e-01
8745.24	3.4144e+00	4.9167e-01
8746.02	3.1705e+00	4.9168e-01
8746.79	2.9763e+00	4.8908e-01
8747.57	2.9547e+00	4.9414e-01
8748.34	3.0700e+00	5.0780e-01
8749.11	3.1938e+00	5.1801e-01
8749.89	3.2054e+00	5.2196e-01
8750.66	3.1205e+00	5.2099e-01
8751.44	3.0380e+00	5.0503e-01
8752.21	3.0615e+00	4.8459e-01
8752.98	3.2178e+00	4.8165e-01
8753.76	3.1511e+00	4.8825e-01
8754.53	2.7957e+00	4.9493e-01
8755.31	2.6159e+00	4.9225e-01
8756.08	2.7450e+00	5.1209e-01
8756.85	2.9411e+00	5.8160e-01
8757.63	3.5330e+00	6.9749e-01
8758.40	4.0255e+00	8.4389e-01
8759.18	3.3067e+00	9.4349e-01
8759.95	2.6970e+00	1.0899e+00
8760.72	3.3512e+00	1.2600e+00
8761.50	4.2488e+00	1.3108e+00
8762.27	4.3381e+00	1.1829e+00
8763.05	3.4291e+00	8.9931e-01
8763.82	2.5904e+00	5.9497e-01
8764.59	2.6491e+00	6.0926e-01
8765.37	2.8553e+00	8.0150e-01
8766.14	3.2539e+00	1.0626e+00
8766.92	3.9143e+00	1.3042e+00
8767.69	4.5968e+00	1.4044e+00
8768.46	4.7559e+00	1.3221e+00
8769.24	3.9434e+00	1.0885e+00
8770.01	3.1521e+00	7.8954e-01
8770.79	3.1465e+00	5.7216e-01
8771.56	3.0373e+00	5.0119e-01
8772.33	2.8066e+00	4.9352e-01
8773.11	2.9791e+00	4.9112e-01
8773.88	2.9871e+00	5.4828e-01
8774.66	2.7070e+00	7.1544e-01
8775.43	2.6056e+00	8.9420e-01
8776.20	3.0281e+00	1.0842e+00
8776.98	3.7828e+00	1.2476e+00
8777.75	3.0356e+00	1.3825e+00
8778.53	1.8469e+00	1.4035e+00
8779.30	2.9838e+00	1.2280e+00
8780.07	4.1248e+00	9.1398e-01
8780.85	3.5023e+00	6.0573e-01
8781.62	3.2967e+00	4.6544e-01
8782.40	3.6183e+00	5.1408e-01
8783.17	3.5622e+00	5.1033e-01
8783.94	3.4127e+00	4.9636e-01
8784.72	3.2968e+00	4.9227e-01
8785.49	3.1377e+00	4.9132e-01
8786.27	3.0227e+00	4.9008e-01
8787.04	3.0142e+00	4.9766e-01
8787.81	3.1738e+00	4.7746e-01
8788.59	3.3051e+00	5.1543e-01
8789.36	3.1739e+00	6.4005e-01
8790.14	3.1392e+00	8.2101e-01
8790.91	3.3161e+00	9.5176e-01
8791.68	3.1323e+00	9.4581e-01
8792.46	2.9685e+00	8.0274e-01
8793.23	3.2820e+00	5.9530e-01
8794.01	3.5946e+00	4.5581e-01
8794.78	3.4986e+00	4.7896e-01
8795.55	3.0050e+00	4.9524e-01
8796.33	2.7158e+00	4.8556e-01
8797.10	2.9504e+00	4.8022e-01
8797.88	2.9557e+00	4.7732e-01
8798.65	2.7900e+00	4.7810e-01
8799.42	2.9894e+00	4.7960e-01
8800.20	3.1177e+00	4.8247e-01
8800.97	3.0209e+00	4.8558e-01
8801.75	3.0503e+00	4.8709e-01
8802.52	3.2404e+00	4.8612e-01
8803.29	3.4134e+00	4.8412e-01
8804.07	3.0444e+00	4.7996e-01
8804.84	2.5170e+00	4.7894e-01
8805.62	2.7174e+00	4.8630e-01
8806.39	3.1228e+00	4.9816e-01
8807.16	3.1523e+00	5.1959e-01
8807.94	3.1164e+00	5.5908e-01
8808.71	3.1440e+00	6.0807e-01
8809.49	3.2389e+00	6.4456e-01
8810.26	3.3031e+00	6.5134e-01
8811.03	3.2520e+00	6.2487e-01
8811.81	3.1032e+00	5.7481e-01
8812.58	3.0008e+00	5.2783e-01
8813.36	3.0410e+00	5.0468e-01
8814.13	3.1927e+00	4.9778e-01
8814.90	3.2706e+00	4.9068e-01
8815.68	3.1278e+00	4.8460e-01
8816.45	3.0294e+00	4.8078e-01
8817.23	3.0821e+00	4.7945e-01
8818.00	2.9811e+00	4.7613e-01
8818.77	2.7772e+00	4.7180e-01
8819.55	2.6779e+00	4.7094e-01
8820.32	2.8065e+00	4.7304e-01
8821.10	3.0239e+00	4.7735e-01
8821.87	3.0109e+00	4.9226e-01
8822.64	3.0152e+00	4.8364e-01
8823.42	3.2635e+00	5.6366e-01
8824.19	3.4379e+00	6.4528e-01
8824.97	3.4589e+00	9.9846e-01
8825.74	3.2992e+00	1.4596e+00
8826.51	4.4322e+00	1.8540e+00
8827.29	6.2106e+00	2.0126e+00
8828.06	5.7936e+00	1.8060e+00
8828.84	3.9323e+00	1.3142e+00
8829.61	2.8475e+00	8.1035e-01
8830.38	2.5612e+00	5.2824e-01
8831.16	2.7130e+00	5.9901e-01
8831.93	2.7305e+00	6.7708e-01
8832.71	2.9052e+00	6.7727e-01
8833.48	3.2917e+00	6.9833e-01
8834.25	2.8343e+00	7.2444e-01
8835.03	2.3711e+00	9.2478e-01
8835.80	3.0782e+00	1.2279e+00
8836.58	3.5460e+00	1.3494e+00
8837.35	3.1654e+00	1.2173e+00
8838.12	2.8860e+00	9.1231e-01
8838.90	2.9295e+00	5.6699e-01
8839.67	3.1429e+00	4.6625e-01
8840.45	3.2860e+00	5.0989e-01
8841.22	3.1826e+00	4.7930e-01
8841.99	2.9292e+00	4.7696e-01
8842.77	2.8478e+00	4.7926e-01
8843.54	3.0366e+00	4.9372e-01
8844.32	3.0397e+00	5.1554e-01
8845.09	3.1132e+00	5.3154e-01
8845.86	3.5686e+00	5.4262e-01
8846.64	3.3694e+00	5.1932e-01
8847.41	2.7277e+00	5.3707e-01
8848.19	2.8802e+00	6.4688e-01
8848.96	3.5077e+00	8.0308e-01
8849.73	3.7980e+00	9.1267e-01
8850.51	3.5651e+00	8.9650e-01
8851.28	3.0170e+00	7.6923e-01
8852.06	2.6416e+00	6.2893e-01
8852.83	2.8418e+00	5.6401e-01
8853.60	3.3374e+00	5.8422e-01
8854.38	3.2971e+00	6.0639e-01
8855.15	3.0462e+00	5.8766e-01
8855.93	3.1936e+00	5.4689e-01
8856.70	3.1971e+00	5.0800e-01
8857.47	2.9447e+00	4.9149e-01
8858.25	2.8085e+00	4.8869e-01
8859.02	2.6467e+00	4.9381e-01
8859.80	2.4533e+00	5.0045e-01
8860.57	2.5641e+00	5.1084e-01
8861.34	2.9176e+00	5.2734e-01
8862.12	3.2066e+00	5.4776e-01
8862.89	3.2275e+00	5.5308e-01
8863.67	3.0251e+00	5.4292e-01
8864.44	2.8690e+00	4.9833e-01
8865.21	2.7668e+00	5.4819e-01
8865.99	2.7075e+00	7.2477e-01
8866.76	3.1566e+00	9.9114e-01
8867.54	3.7521e+00	1.1559e+00
8868.31	3.7694e+00	1.1100e+00
8869.08	3.5199e+00	8.9639e-01
8869.86	3.4166e+00	6.3602e-01
8870.63	3.3124e+00	4.7587e-01
8871.41	3.2615e+00	5.0145e-01
8872.18	3.2734e+00	4.9729e-01
8872.95	3.1399e+00	4.9913e-01
8873.73	2.9235e+00	4.9881e-01
8874.50	2.9452e+00	4.9874e-01
8875.28	3.0724e+00	4.9735e-01
8876.05	3.1042e+00	4.9717e-01
8876.82	3.1351e+00	4.9870e-01
8877.60	3.1614e+00	5.0219e-01
8878.37	3.1401e+00	5.0643e-01
8879.15	3.1537e+00	5.0753e-01
8879.92	3.1667e+00	5.0634e-01
8880.69	2.9710e+00	5.1563e-01
8881.47	2.8221e+00	5.0380e-01
8882.24	3.0171e+00	5.3277e-01
8883.02	3.1841e+00	5.3232e-01
8883.79	3.4815e+00	8.1877e-01
8884.56	4.2939e+00	1.2797e+00
8885.34	4.9131e+00	1.6471e+00
8886.11	4.7351e+00	1.7771e+00
8886.89	3.7973e+00	1.5714e+00
8887.66	2.9881e+00	1.1113e+00
8888.43	3.0889e+00	7.0579e-01
8889.21	3.2439e+00	5.3947e-01
8889.98	3.0412e+00	5.1996e-01
8890.76	3.2680e+00	5.4137e-01
8891.53	3.5451e+00	5.0464e-01
8892.30	3.4364e+00	4.8906e-01
8893.08	3.1905e+00	4.8090e-01
8893.85	2.9889e+00	4.8602e-01
8894.63	2.8528e+00	5.0540e-01
8895.40	2.9251e+00	5.2148e-01
8896.17	3.1101e+00	5.2525e-01
8896.95	3.0980e+00	5.2749e-01
8897.72	3.0366e+00	5.2612e-01
8898.50	3.1904e+00	5.2874e-01
8899.27	3.1088e+00	4.9938e-01
8900.04	2.7980e+00	5.2248e-01
8900.82	2.6094e+00	5.9629e-01
8901.59	3.0116e+00	8.8622e-01
8902.37	3.8641e+00	1.2030e+00
8903.14	4.1594e+00	1.3496e+00
8903.91	3.9083e+00	1.2637e+00
8904.69	3.8985e+00	9.7213e-01
8905.46	3.6391e+00	6.2755e-01
8906.24	3.1374e+00	5.2404e-01
8907.01	3.2217e+00	5.3074e-01
8907.78	3.4172e+00	5.4617e-01
8908.56	3.0913e+00	5.6183e-01
8909.33	3.0213e+00	5.6338e-01
8910.11	3.2354e+00	5.4806e-01
8910.88	3.1404e+00	5.2771e-01
8911.65	2.8764e+00	5.0830e-01
8912.43	2.7602e+00	4.9425e-01
8913.20	2.9109e+00	4.9056e-01
8913.98	3.2058e+00	4.9194e-01
8914.75	3.3922e+00	5.0630e-01
8915.52	3.3370e+00	4.8761e-01
8916.30	3.2455e+00	5.2553e-01
8917.07	3.3570e+00	4.6413e-01
8917.85	3.8276e+00	9.4540e-01
8918.62	4.4148e+00	1.5284e+00
8919.39	4.8015e+00	1.8974e+00
8920.17	4.5941e+00	1.9109e+00
8920.94	3.7566e+00	1.5267e+00
8921.72	3.1681e+00	9.3448e-01
8922.49	3.2070e+00	5.9174e-01
8923.26	3.0154e+00	5.1453e-01
8924.04	2.7920e+00	5.4459e-01
8924.81	3.0364e+00	5.3693e-01
8925.59	3.1965e+00	5.3147e-01
8926.36	3.0676e+00	5.4771e-01
8927.13	3.0417e+00	5.6682e-01
8927.91	2.9249e+00	5.7374e-01
8928.68	2.6629e+00	5.6382e-01
8929.46	2.6722e+00	5.4454e-01
8930.23	2.9639e+00	5.2787e-01
8931.00	3.2486e+00	5.2087e-01
8931.78	3.1028e+00	5.1653e-01
8932.55	2.6654e+00	5.0884e-01
8933.33	2.6827e+00	5.0603e-01
8934.10	2.9471e+00	5.1152e-01
8934.87	2.9332e+00	5.2206e-01
8935.65	2.8903e+00	5.2686e-01
8936.42	2.9069e+00	5.2242e-01
8937.20	2.8801e+00	5.1589e-01
8937.97	2.9323e+00	5.1100e-01
8938.74	3.0818e+00	5.1363e-01
8939.52	3.1649e+00	5.0557e-01
8940.29	3.1145e+00	5.1333e-01
8941.07	2.9890e+00	5.5908e-01
8941.84	3.1446e+00	8.0405e-01
8942.61	3.5163e+00	1.0703e+00
8943.39	3.7019e+00	1.2095e+00
8944.16	3.3224e+00	1.1424e+00
8944.94	2.5574e+00	8.7665e-01
8945.71	2.3808e+00	5.8425e-01
8946.48	2.7239e+00	4.9552e-01
8947.26	2.6812e+00	4.7888e-01
8948.03	2.6311e+00	5.0081e-01
8948.81	2.8667e+00	4.9736e-01
8949.58	3.1011e+00	5.0112e-01
8950.35	3.1417e+00	5.0110e-01
8951.13	2.9862e+00	4.9587e-01
8951.90	2.8377e+00	5.0184e-01
8952.68	2.9028e+00	5.2136e-01
8953.45	3.1710e+00	5.5896e-01
8954.22	3.3286e+00	5.2038e-01
8955.00	3.2315e+00	5.5113e-01
8955.77	3.0264e+00	7.9573e-01
8956.55	3.2170e+00	1.2432e+00
8957.32	3.9932e+00	1.6821e+00
8958.09	4.5810e+00	1.8737e+00
8958.87	4.3961e+00	1.7395e+00
8959.64	3.6256e+00	1.3025e+00
8960.42	3.0920e+00	7.1220e-01
8961.19	3.2911e+00	4.5795e-01
8961.96	3.1018e+00	5.7167e-01
8962.74	2.4218e+00	5.5097e-01
8963.51	2.2839e+00	5.8163e-01
8964.29	2.6250e+00	5.7749e-01
8965.06	2.9965e+00	5.5411e-01
8965.83	3.0811e+00	5.4152e-01
8966.61	2.9638e+00	5.4073e-01
8967.38	3.0180e+00	5.3040e-01
8968.16	2.9668e+00	5.1015e-01
8968.93	2.8124e+00	4.9340e-01
8969.70	2.9680e+00	4.9670e-01
8970.48	3.0167e+00	5.2660e-01
8971.25	2.6643e+00	5.6374e-01
8972.03	2.7650e+00	5.9129e-01
8972.80	3.1555e+00	5.8961e-01
8973.57	2.9996e+00	5.5048e-01
8974.35	2.7797e+00	5.3474e-01
8975.12	2.8894e+00	5.6520e-01
8975.90	2.9881e+00	5.6842e-01
8976.67	2.9776e+00	5.4430e-01
8977.44	2.8938e+00	5.3260e-01
8978.22	2.7356e+00	5.2422e-01
8978.99	2.5661e+00	5.2818e-01
8979.77	2.4461e+00	5.5065e-01
8980.54	2.4521e+00	5.9847e-01
8981.31	2.6084e+00	6.4613e-01
8982.09	3.0055e+00	6.4480e-01
8982.86	3.3757e+00	5.9756e-01
8983.64	3.4432e+00	5.5698e-01
8984.41	2.9813e+00	5.2769e-01
8985.18	2.4060e+00	5.6180e-01
8985.96	2.6753e+00	4.4144e-01
8986.73	2.9184e+00	8.2205e-01
8987.51	2.2126e+00	1.3737e+00
8988.28	3.5577e+00	1.6263e+00
8989.05	5.6171e+00	1.5245e+00
8989.83	4.1934e+00	1.1566e+00
8990.60	2.1289e+00	7.2964e-01
8991.38	2.3416e+00	6.8139e-01
8992.15	2.9122e+00	7.6734e-01
8992.92	3.1706e+00	7.4474e-01
8993.70	3.2689e+00	6.5223e-01
8994.47	2.9791e+00	5.4097e-01
8995.25	2.6405e+00	5.0023e-01
8996.02	2.7644e+00	5.0071e-01
8996.79	3.1293e+00	5.1114e-01
8997.57	3.2529e+00	5.6961e-01
8998.34	2.9828e+00	3.8240e-01
8999.12	2.7124e+00	5.9558e-01
8999.89	2.8338e+00	1.1405e+00
9000.66	3.8511e+00	1.7348e+00
9001.44	5.0715e+00	2.0891e+00
9002.21	4.6013e+00	1.8720e+00
9002.99	3.4160e+00	1.2177e+00
9003.76	3.4274e+00	7.5224e-01
9004.53	3.7286e+00	6.3736e-01
9005.31	3.5784e+00	6.0709e-01
9006.08	3.1229e+00	6.1068e-01
9006.86	2.8573e+00	5.7639e-01
9007.63	3.0882e+00	5.8753e-01
9008.40	3.3198e+00	5.9058e-01
9009.18	3.2218e+00	5.6602e-01
9009.95	2.9256e+00	5.2890e-01
9010.73	2.5432e+00	5.0515e-01
9011.50	2.3699e+00	5.1213e-01
9012.27	2.7049e+00	5.4278e-01
9013.05	3.0533e+00	5.5373e-01
9013.82	2.8931e+00	5.2842e-01
9014.60	2.6860e+00	4.9580e-01
9015.37	2.6389e+00	5.1200e-01
9016.14	2.4316e+00	5.8388e-01
9016.92	2.7337e+00	6.4177e-01
9017.69	3.5431e+00	6.4548e-01
9018.47	3.4892e+00	6.1679e-01
9019.24	2.9407e+00	5.8210e-01
9020.01	3.0920e+00	5.6322e-01
9020.79	3.0642e+00	5.6509e-01
9021.56	2.6703e+00	5.7340e-01
9022.34	2.8245e+00	5.8114e-01
9023.11	3.2079e+00	5.7735e-01
9023.88	3.2568e+00	5.6669e-01
9024.66	3.3953e+00	5.5537e-01
9025.43	3.3845e+00	5.6578e-01
9026.21	2.6629e+00	6.0457e-01
9026.98	2.6026e+00	6.3290e-01
9027.75	3.4944e+00	6.2639e-01
9028.53	3.3267e+00	5.9765e-01
9029.30	2.6659e+00	5.6904e-01
9030.08	2.9648e+00	5.5967e-01
9030.85	3.4978e+00	5.6619e-01
9031.62	3.6651e+00	5.7122e-01
9032.40	3.4915e+00	5.7242e-01
9033.17	3.2620e+00	5.5444e-01
9033.95	3.2418e+00	5.2622e-01
9034.72	3.2099e+00	4.8873e-01
9035.49	2.9774e+00	5.1193e-01
9036.27	2.5560e+00	6.0199e-01
9037.04	2.4976e+00	7.7419e-01
9037.82	2.8707e+00	9.1360e-01
9038.59	2.8932e+00	9.0780e-01
9039.36	2.9281e+00	7.7239e-01
9040.14	3.4331e+00	6.0716e-01
9040.91	3.2692e+00	4.9620e-01
9041.69	2.5534e+00	4.9832e-01
9042.46	2.5039e+00	5.2746e-01
9043.23	2.6241e+00	5.4436e-01
9044.01	2.4081e+00	5.4234e-01
9044.78	2.4832e+00	5.3774e-01
9045.56	2.7471e+00	5.2593e-01
9046.33	2.7990e+00	5.1659e-01
9047.10	2.8367e+00	5.6857e-01
9047.88	2.9058e+00	7.4324e-01
9048.65	2.7555e+00	1.0010e+00
9049.43	2.6164e+00	1.1495e+00
9050.20	2.7102e+00	1.1102e+00
9050.97	2.6709e+00	9.0719e-01
9051.75	2.6225e+00	6.4101e-01
9052.52	2.9261e+00	5.2819e-01
9053.30	3.3121e+00	5.7581e-01
9054.07	3.4655e+00	5.7095e-01
9054.84	3.3696e+00	5.7132e-01
9055.62	3.1848e+00	5.6725e-01
9056.39	3.1123e+00	5.7547e-01
9057.17	3.1133e+00	5.7916e-01
9057.94	3.1138e+00	5.6824e-01
9058.71	3.1561e+00	5.4849e-01
9059.49	3.0109e+00	5.2998e-01
9060.26	2.6634e+00	5.2363e-01
9061.04	2.6756e+00	5.3099e-01
9061.81	2.8335e+00	5.4410e-01
9062.58	2.5430e+00	5.5145e-01
9063.36	2.5426e+00	5.7482e-01
9064.13	3.0439e+00	6.0557e-01
9064.91	3.2032e+00	6.0525e-01
9065.68	3.0791e+00	5.7463e-01
9066.45	3.0828e+00	5.4326e-01
9067.23	2.7758e+00	5.2709e-01
9068.00	2.4788e+00	5.4553e-01
9068.78	2.8955e+00	5.9137e-01
9069.55	3.3317e+00	6.2906e-01
9070.32	3.1810e+00	6.3644e-01
9071.10	2.9752e+00	6.1915e-01
9071.87	2.9158e+00	5.9593e-01
9072.65	2.9242e+00	5.8434e-01
9073.42	2.9311e+00	5.8469e-01
9074.19	2.8967e+00	5.8077e-01
9074.97	2.9119e+00	5.6281e-01
9075.74	2.9773e+00	5.3881e-01
9076.52	3.0084e+00	5.2532e-01
9077.29	2.7200e+00	5.1087e-01
9078.06	2.3182e+00	5.0014e-01
9078.84	2.3013e+00	5.0587e-01
9079.61	2.4099e+00	5.4168e-01
9080.39	2.4909e+00	5.9058e-01
9081.16	3.0054e+00	6.2392e-01
9081.93	3.5538e+00	6.2416e-01
9082.71	3.5733e+00	5.9710e-01
9083.48	3.3746e+00	5.6513e-01
9084.26	3.1718e+00	5.5059e-01
9085.03	2.8115e+00	5.4273e-01
9085.80	2.5534e+00	5.5746e-01
9086.58	2.6086e+00	5.9068e-01
9087.35	3.2196e+00	6.2999e-01
9088.13	3.7574e+00	6.3864e-01
9088.90	3.4834e+00	5.9991e-01
9089.67	3.1120e+00	5.5041e-01
9090.45	3.1895e+00	5.6229e-01
9091.22	3.1820e+00	6.3907e-01
9092.00	3.1737e+00	7.3785e-01
9092.77	3.3083e+00	8.0266e-01
9093.54	3.0560e+00	7.8544e-01
9094.32	2.6473e+00	6.9757e-01
9095.09	2.8756e+00	6.1167e-01
9095.87	3.0997e+00	5.5765e-01
9096.64	2.7913e+00	5.2504e-01
9097.41	2.5716e+00	5.1489e-01
9098.19	2.5863e+00	5.1072e-01
9098.96	2.6373e+00	5.2544e-01
9099.74	2.9130e+00	5.6534e-01
9100.51	3.3170e+00	6.6767e-01
9101.28	3.4923e+00	8.3716e-01
9102.06	3.5075e+00	9.4459e-01
9102.83	3.5054e+00	9.2725e-01
9103.61	2.8680e+00	8.3055e-01
9104.38	2.1120e+00	7.0941e-01
9105.15	2.3200e+00	6.0030e-01
9105.93	2.4974e+00	5.6361e-01
9106.70	2.0769e+00	5.7862e-01
9107.48	2.2068e+00	6.0879e-01
9108.25	2.8306e+00	6.1512e-01
9109.02	3.2504e+00	6.0500e-01
9109.80	3.3548e+00	5.7651e-01
9110.57	3.0830e+00	5.4531e-01
9111.35	2.4110e+00	5.2916e-01
9112.12	2.1169e+00	5.3068e-01
9112.89	2.5312e+00	5.3621e-01
9113.67	2.8736e+00	5.4275e-01
9114.44	2.7695e+00	5.4426e-01
9115.22	2.5095e+00	5.4346e-01
9115.99	2.3523e+00	5.3896e-01
9116.76	2.4474e+00	5.4304e-01
9117.54	2.5507e+00	5.6247e-01
9118.31	2.6585e+00	6.0301e-01
9119.09	2.8176e+00	6.4617e-01
9119.86	3.0102e+00	6.4823e-01
9120.63	3.0989e+00	6.0655e-01
9121.41	2.9188e+00	5.6292e-01
9122.18	2.7295e+00	5.2996e-01
9122.96	2.7698e+00	5.0780e-01
9123.73	2.9289e+00	5.0611e-01
9124.50	3.0424e+00	5.1439e-01
9125.28	3.0122e+00	5.2312e-01
9126.05	2.9290e+00	5.1809e-01
9126.83	2.8967e+00	5.0625e-01
9127.60	2.9936e+00	5.0987e-01
9128.37	2.8574e+00	5.2776e-01
9129.15	2.3758e+00	5.4868e-01
9129.92	2.2692e+00	5.8729e-01
9130.70	2.6815e+00	6.2660e-01
9131.47	3.0907e+00	6.4168e-01
9132.24	3.3079e+00	6.2411e-01
9133.02	3.2832e+00	5.9682e-01
9133.79	3.0930e+00	5.7714e-01
9134.57	2.8631e+00	6.1245e-01
9135.34	2.6976e+00	6.8740e-01
9136.11	2.5150e+00	8.1451e-01
9136.89	2.4674e+00	8.9129e-01
9137.66	2.8499e+00	8.0555e-01
9138.44	3.3263e+00	6.3502e-01
9139.21	3.4587e+00	5.5473e-01
9139.98	3.2040e+00	5.3187e-01
9140.76	2.8202e+00	5.2303e-01
9141.53	2.6540e+00	5.2387e-01
9142.31	2.5670e+00	5.1779e-01
9143.08	2.4339e+00	5.1121e-01
9143.85	2.4807e+00	5.2777e-01
9144.63	2.5594e+00	5.4894e-01
9145.40	2.5112e+00	5.5067e-01
9146.18	2.4260e+00	5.4033e-01
9146.95	2.4494e+00	5.3060e-01
9147.72	2.6126e+00	5.3150e-01
9148.50	2.8643e+00	5.2842e-01
9149.27	3.0190e+00	5.2753e-01
9150.05	2.8380e+00	5.4860e-01
9150.82	2.5094e+00	6.2137e-01
9151.59	2.4010e+00	7.1870e-01
9152.37	2.4604e+00	7.9461e-01
9153.14	2.5669e+00	8.1379e-01
9153.92	2.7196e+00	7.5656e-01
9154.69	2.7891e+00	6.8024e-01
9155.46	2.7544e+00	6.6273e-01
9156.24	2.8554e+00	6.9523e-01
9157.01	3.0342e+00	7.1050e-01
9157.79	3.0082e+00	6.6493e-01
9158.56	2.8791e+00	6.0780e-01
9159.33	2.8528e+00	6.2312e-01
9160.11	3.0132e+00	7.1668e-01
9160.88	3.2354e+00	7.9819e-01
9161.66	3.2978e+00	8.0272e-01
9162.43	3.0649e+00	7.2637e-01
9163.20	2.6738e+00	6.1278e-01
9163.98	2.3771e+00	5.4758e-01
9164.75	2.4654e+00	5.4139e-01
9165.53	2.8350e+00	5.2908e-01
9166.30	2.9320e+00	5.2766e-01
9167.07	2.7182e+00	5.2878e-01
9167.85	2.6219e+00	5.3265e-01
9168.62	2.7428e+00	5.4616e-01
9169.40	2.9332e+00	5.6150e-01
9170.17	2.9233e+00	5.5354e-01
9170.94	2.6831e+00	5.3667e-01
9171.72	2.4439e+00	5.4126e-01
9172.49	2.3284e+00	5.4245e-01
9173.27	2.4706e+00	5.6138e-01
9174.04	2.8504e+00	6.3376e-01
9174.81	3.1669e+00	6.7830e-01
9175.59	3.1787e+00	6.8643e-01
9176.36	2.7718e+00	6.8057e-01
9177.14	2.5179e+00	8.0385e-01
9177.91	2.9233e+00	1.0379e+00
9178.68	3.2812e+00	1.1593e+00
9179.46	3.1229e+00	1.1312e+00
9180.23	2.8380e+00	1.0941e+00
9181.01	2.6827e+00	1.0181e+00
9181.78	2.7140e+00	8.4966e-01
9182.55	2.7367e+00	6.7637e-01
9183.33	2.4970e+00	5.8332e-01
9184.10	1.9508e+00	5.7784e-01
9184.88	1.9101e+00	6.1986e-01
9185.65	2.5809e+00	6.3276e-01
9186.42	3.0296e+00	6.0663e-01
9187.20	2.9358e+00	5.5733e-01
9187.97	2.6382e+00	5.3485e-01
9188.75	2.2595e+00	5.3783e-01
9189.52	2.0694e+00	5.4393e-01
9190.29	2.1326e+00	5.4028e-01
9191.07	2.4234e+00	5.3299e-01
9191.84	2.7159e+00	5.3448e-01
9192.62	2.7560e+00	5.3666e-01
9193.39	2.5819e+00	5.3368e-01
9194.16	2.4552e+00	5.2567e-01
9194.94	2.4450e+00	5.2314e-01
9195.71	2.4345e+00	5.3120e-01
9196.49	2.1802e+00	5.3994e-01
9197.26	1.9256e+00	5.4708e-01
9198.03	2.0077e+00	5.5373e-01
9198.81	2.2833e+00	5.5274e-01
9199.58	2.5812e+00	5.5009e-01
9200.36	2.9083e+00	5.5871e-01
9201.13	2.7943e+00	5.6124e-01
9201.90	2.2981e+00	5.4961e-01
9202.68	2.3510e+00	5.5152e-01
9203.45	2.8124e+00	5.6275e-01
9204.23	2.8903e+00	5.6247e-01
9205.00	2.6987e+00	5.5650e-01
9205.77	2.5336e+00	5.5385e-01
9206.55	2.5647e+00	5.5864e-01
9207.32	2.7286e+00	5.6282e-01
9208.10	2.8086e+00	5.5911e-01
9208.87	2.8110e+00	5.5877e-01
9209.64	2.7478e+00	5.6472e-01
9210.42	2.6220e+00	5.6972e-01
9211.19	2.6892e+00	5.7064e-01
9211.97	2.8802e+00	5.6744e-01
9212.74	2.5483e+00	5.5928e-01
9213.51	2.1368e+00	5.5545e-01
9214.29	2.3343e+00	5.6365e-01
9215.06	2.8077e+00	6.0804e-01
9215.84	2.9732e+00	6.6488e-01
9216.61	2.5015e+00	6.9505e-01
9217.38	2.1034e+00	6.7479e-01
9218.16	2.3831e+00	6.1736e-01
9218.93	2.5119e+00	5.7415e-01
9219.71	2.4236e+00	5.7356e-01
9220.48	2.5716e+00	5.8724e-01
9221.25	3.0064e+00	5.9130e-01
9222.03	3.4098e+00	5.9231e-01
9222.80	3.1175e+00	6.2734e-01
9223.58	2.6988e+00	6.8570e-01
9224.35	2.8984e+00	7.2911e-01
9225.12	3.2823e+00	7.4011e-01
9225.90	3.2952e+00	7.1177e-01
9226.67	2.7361e+00	6.5424e-01
9227.45	2.3707e+00	5.9709e-01
9228.22	2.7050e+00	5.6749e-01
9228.99	3.0619e+00	5.6369e-01
9229.77	3.0732e+00	5.6783e-01
9230.54	2.8641e+00	5.7079e-01
9231.32	2.6907e+00	5.6721e-01
9232.09	2.7713e+00	5.6083e-01
9232.86	2.9324e+00	5.6062e-01
9233.64	3.1750e+00	5.6429e-01
9234.41	3.4148e+00	5.6437e-01
9235.19	3.1281e+00	5.5588e-01
9235.96	2.6253e+00	5.4493e-01
9236.73	2.7355e+00	5.4594e-01
9237.51	2.7448e+00	5.4450e-01
9238.28	2.2597e+00	5.3433e-01
9239.06	2.2389e+00	5.3855e-01
9239.83	2.5614e+00	5.5062e-01
9240.60	2.6660e+00	5.5311e-01
9241.38	2.4810e+00	5.5898e-01
9242.15	2.3931e+00	5.6951e-01
9242.93	3.0310e+00	5.7119e-01
9243.70	3.4553e+00	5.6545e-01
9244.47	2.9972e+00	5.6442e-01
9245.25	3.0023e+00	5.7805e-01
9246.02	3.4859e+00	6.0691e-01
9246.80	3.4077e+00	6.3466e-01
9247.57	3.4363e+00	6.5783e-01
9248.34	3.7711e+00	6.7124e-01
9249.12	3.6149e+00	6.6258e-01
9249.89	3.0726e+00	6.4728e-01
9250.67	2.6723e+00	6.4332e-01
9251.44	2.5042e+00	6.3260e-01
9252.21	2.5145e+00	6.1061e-01
9252.99	2.5844e+00	5.9676e-01
9253.76	2.6019e+00	5.8912e-01
9254.54	2.5726e+00	5.7945e-01
9255.31	2.6722e+00	5.6762e-01
9256.08	2.7869e+00	5.5663e-01
9256.86	2.6876e+00	5.5420e-01
9257.63	2.7055e+00	5.5353e-01
9258.41	2.8548e+00	5.4972e-01
9259.18	2.6965e+00	5.4690e-01
9259.95	2.3944e+00	5.4920e-01
9260.73	2.2932e+00	5.5978e-01
9261.50	2.3476e+00	5.8747e-01
9262.28	2.5143e+00	6.1638e-01
9263.05	2.7800e+00	6.2369e-01
9263.82	2.7741e+00	6.1313e-01
9264.60	2.4623e+00	6.0051e-01
9265.37	2.3447e+00	5.9047e-01
9266.15	2.4472e+00	5.9097e-01
9266.92	2.4891e+00	5.9957e-01
9267.69	2.5026e+00	6.0414e-01
9268.47	2.5624e+00	6.0240e-01
9269.24	2.7197e+00	6.0551e-01
9270.02	2.9082e+00	6.1241e-01
9270.79	3.0092e+00	6.1622e-01
9271.56	2.8655e+00	6.1384e-01
9272.34	2.6939e+00	6.0316e-01
9273.11	2.8155e+00	5.8721e-01
9273.89	2.8793e+00	5.7869e-01
9274.66	2.6635e+00	5.7966e-01
9275.43	2.4492e+00	5.8044e-01
9276.21	2.3913e+00	5.7121e-01
9276.98	2.5041e+00	5.5690e-01
9277.76	2.3235e+00	5.5331e-01
9278.53	2.1209e+00	5.7915e-01
9279.30	2.7722e+00	6.3232e-01
9280.08	3.1418e+00	6.6017e-01
9280.85	2.5440e+00	6.3775e-01
9281.63	2.3451e+00	5.9391e-01
9282.40	2.7114e+00	5.6009e-01
9283.17	2.9090e+00	5.5260e-01
9283.95	2.7918e+00	5.7357e-01
9284.72	2.5056e+00	6.2209e-01
9285.50	2.3774e+00	7.0319e-01
9286.27	2.5659e+00	7.6239e-01
9287.04	2.9156e+00	7.6670e-01
9287.82	3.3416e+00	7.3087e-01
9288.59	3.5170e+00	6.8226e-01
9289.37	3.2249e+00	6.4354e-01
9290.14	2.8570e+00	6.1752e-01
9290.91	2.7629e+00	6.0411e-01
9291.69	2.7796e+00	6.2793e-01
9292.46	2.6988e+00	6.7809e-01
9293.24	2.4588e+00	7.2468e-01
9294.01	2.3081e+00	7.5906e-01
9294.78	2.4392e+00	7.6923e-01
9295.56	2.8847e+00	7.4624e-01
9296.33	2.9921e+00	7.0094e-01
9297.11	2.4854e+00	6.6065e-01
9297.88	2.4706e+00	6.6683e-01
9298.65	2.7702e+00	6.8883e-01
9299.43	2.3134e+00	6.6744e-01
9300.20	2.3607e+00	6.6625e-01
9300.98	3.1819e+00	7.1696e-01
9301.75	2.9450e+00	7.7399e-01
9302.52	2.3759e+00	7.5573e-01
9303.30	2.7862e+00	6.9926e-01
9304.07	3.0410e+00	9.1293e-01
9304.85	2.6786e+00	1.3329e+00
9305.62	2.2955e+00	1.6825e+00
9306.39	2.1745e+00	1.9150e+00
9307.17	2.5893e+00	2.0604e+00
9307.94	3.8057e+00	2.2567e+00
9308.72	5.2255e+00	2.3754e+00
9309.49	5.9310e+00	2.2645e+00
9310.26	5.3192e+00	1.9365e+00
9311.04	3.6830e+00	1.7350e+00
9311.81	1.6107e+00	2.1022e+00
9312.59	8.0506e-01	2.5958e+00
9313.36	1.8037e+00	2.7675e+00
9314.13	3.5888e+00	2.5391e+00
9314.91	4.3924e+00	2.0241e+00
9315.68	3.6775e+00	1.4531e+00
9316.46	2.2286e+00	1.8731e+00
9317.23	1.5923e+00	2.6307e+00
9318.00	2.4609e+00	2.5172e+00
9318.78	3.7180e+00	1.6549e+00
9319.55	3.7458e+00	1.1622e+00
9320.33	3.0936e+00	9.5632e-01
9321.10	2.6861e+00	9.7496e-01
9321.87	2.6296e+00	1.1968e+00
9322.65	3.2519e+00	2.2352e+00
9323.42	4.4475e+00	3.3930e+00
9324.20	6.4478e+00	4.3781e+00
9324.97	8.1772e+00	4.5333e+00
9325.74	8.3793e+00	3.2953e+00
9326.52	7.0533e+00	1.2368e+00
9327.29	5.2675e+00	8.6723e-01
9328.07	3.8939e+00	1.0815e+00
9328.84	3.4316e+00	9.1503e-01
9329.61	3.4816e+00	9.0184e-01
9330.39	3.2622e+00	1.1646e+00
9331.16	2.7049e+00	1.4891e+00
9331.94	2.7688e+00	1.6242e+00
9332.71	3.4097e+00	1.5338e+00
9333.48	4.1034e+00	1.3514e+00
9334.26	4.5807e+00	1.3968e+00
9335.03	4.4745e+00	1.5938e+00
9335.81	3.7907e+00	1.6205e+00
9336.58	3.5505e+00	1.7645e+00
9337.35	3.8662e+00	2.0429e+00
9338.13	3.2955e+00	2.2250e+00
9338.90	2.8763e+00	2.1438e+00
9339.68	3.6238e+00	1.7766e+00
9340.45	3.8075e+00	1.3223e+00
9341.22	2.9705e+00	1.0273e+00
9342.00	2.3454e+00	8.2657e-01
9342.77	1.6056e+00	1.2381e+00
9343.55	4.2535e-01	2.0974e+00
9344.32	-2.4535e+00	3.5315e+00
9345.09	-2.9856e+00	4.1107e+00
9345.87	1.9460e+00	3.1243e+00
9346.64	6.1416e+00	1.4913e+00
9347.42	5.8225e+00	1.1346e+00
9348.19	3.7631e+00	1.0186e+00
9348.96	2.1919e+00	9.2493e-01
9349.74	2.3266e+00	8.4616e-01
9350.51	2.6297e+00	8.1464e-01
9351.29	2.3929e+00	7.8471e-01
9352.06	2.4435e+00	7.7558e-01
9352.83	1.7675e+00	8.3299e-01
9353.61	1.2183e+00	1.0897e+00
9354.38	4.3983e+00	1.6849e+00
9355.16	7.3251e+00	1.9266e+00
9355.93	5.4647e+00	1.5427e+00
9356.70	2.8627e+00	8.8191e-01
9357.48	2.8210e+00	1.0530e+00
9358.25	4.5656e+00	1.9194e+00
9359.03	6.2563e+00	2.1998e+00
9359.80	6.0349e+00	1.6205e+00
9360.57	4.3738e+00	9.6323e-01
9361.35	2.8961e+00	9.1876e-01
9362.12	2.9526e+00	8.4256e-01
9362.90	3.3338e+00	8.0464e-01
9363.67	3.0233e+00	7.6973e-01
9364.44	2.9224e+00	7.5843e-01
9365.22	2.9342e+00	9.0475e-01
9365.99	2.9123e+00	1.1598e+00
9366.77	4.2698e+00	1.3376e+00
9367.54	5.6487e+00	1.3495e+00
9368.31	4.5143e+00	1.2001e+00
9369.09	2.6484e+00	1.1094e+00
9369.86	2.7229e+00	1.5599e+00
9370.64	5.3867e+00	2.6544e+00
9371.41	8.3684e+00	3.3096e+00
9372.18	8.8530e+00	3.1336e+00
9372.96	6.9298e+00	2.6366e+00
9373.73	5.0688e+00	2.6128e+00
9374.51	6.1925e+00	3.0390e+00
9375.28	6.7602e+00	3.7222e+00
9376.05	3.6642e+00	4.2063e+00
9376.83	2.4242e+00	4.2275e+00
9377.60	3.0196e+00	3.6746e+00
9378.38	1.6974e+00	2.6705e+00
9379.15	6.1521e-01	1.6062e+00
9379.92	1.6375e+00	1.2978e+00
9380.70	4.3791e+00	1.6933e+00
9381.47	6.3176e+00	2.0542e+00
9382.25	5.5379e+00	2.1980e+00
9383.02	4.1574e+00	1.9271e+00
9383.79	3.6141e+00	1.2971e+00
9384.57	3.0986e+00	8.0523e-01
9385.34	2.5803e+00	7.6393e-01
9386.12	2.1154e+00	7.5122e-01
9386.89	2.2652e+00	1.0052e+00
9387.66	2.8680e+00	1.1617e+00
9388.44	3.3680e+00	1.0728e+00
9389.21	3.3255e+00	8.5165e-01
9389.99	2.8045e+00	6.9417e-01
9390.76	2.2088e+00	6.3787e-01
9391.53	2.1626e+00	6.7717e-01
9392.31	2.6826e+00	7.0265e-01
9393.08	2.7204e+00	7.1202e-01
9393.86	2.1118e+00	7.0039e-01
9394.63	1.7425e+00	6.8396e-01
9395.40	1.8638e+00	6.8713e-01
9396.18	2.2910e+00	7.1331e-01
9396.95	2.6707e+00	7.3789e-01
9397.73	2.6983e+00	7.3462e-01
9398.50	2.4310e+00	7.3738e-01
9399.27	2.4451e+00	7.5427e-01
9400.05	2.7231e+00	9.6877e-01
9400.82	2.1882e+00	1.3821e+00
9401.60	2.2820e+00	1.6795e+00
9402.37	3.7267e+00	1.7182e+00
9403.14	3.8436e+00	1.4953e+00
9403.92	2.5099e+00	1.1130e+00
9404.69	1.7688e+00	8.2238e-01
9405.47	1.9390e+00	7.5482e-01
9406.24	2.5667e+00	7.3986e-01
9407.01	2.8700e+00	7.5643e-01
9407.79	2.8986e+00	7.3659e-01
9408.56	3.2026e+00	7.4020e-01
9409.34	3.2606e+00	8.3713e-01
9410.11	3.2388e+00	9.9397e-01
9410.88	3.8697e+00	1.1291e+00
9411.66	3.9773e+00	1.1276e+00
9412.43	2.9658e+00	9.7295e-01
9413.21	2.4210e+00	8.2377e-01
9413.98	2.6019e+00	7.7684e-01
9414.75	2.6785e+00	7.6633e-01
9415.53	2.7130e+00	7.2673e-01
9416.30	2.7538e+00	7.6980e-01
9417.08	2.5633e+00	7.4591e-01
9417.85	2.9351e+00	1.3648e+00
9418.62	4.1707e+00	2.1439e+00
9419.40	4.5248e+00	2.3818e+00
9420.17	3.9035e+00	2.0975e+00
9420.95	3.7950e+00	1.6965e+00
9421.72	3.8699e+00	1.3698e+00
9422.49	3.6526e+00	1.2054e+00
9423.27	3.7282e+00	1.0724e+00
9424.04	3.5136e+00	8.6024e-01
9424.82	2.5308e+00	7.5283e-01
9425.59	1.5522e+00	6.0602e-01
9426.36	1.4534e+00	7.5580e-01
9427.14	2.4165e+00	1.3174e+00
9427.91	3.5603e+00	1.8410e+00
9428.69	3.8837e+00	2.1155e+00
9429.46	3.3053e+00	1.9209e+00
9430.23	2.6052e+00	1.3742e+00
9431.01	2.6259e+00	1.0758e+00
9431.78	2.9583e+00	1.0225e+00
9432.56	2.9922e+00	8.3354e-01
9433.33	2.8737e+00	7.3277e-01
9434.10	2.7459e+00	6.9786e-01
9434.88	2.7931e+00	7.7241e-01
9435.65	2.2650e+00	7.2304e-01
9436.43	1.6157e+00	8.9885e-01
9437.20	1.6175e+00	3.7867e-01
9437.97	3.8061e+00	2.5034e+00
9438.75	7.0117e+00	4.4495e+00
9439.52	5.7578e+00	5.5320e+00
9440.30	1.8173e+00	5.7378e+00
9441.07	1.1051e+00	5.3923e+00
9441.84	1.6958e+00	4.3325e+00
9442.62	1.9814e+00	2.7290e+00
9443.39	3.9254e+00	1.5522e+00
9444.17	5.0422e+00	1.5477e+00
9444.94	3.5284e+00	1.2058e+00
9445.71	2.3239e+00	1.0544e+00
9446.49	2.5948e+00	9.9373e-01
9447.26	2.7410e+00	9.7539e-01
9448.04	2.8642e+00	9.3749e-01
9448.81	3.0472e+00	8.9938e-01
9449.58	3.2755e+00	8.9887e-01
9450.36	3.2790e+00	8.9804e-01
9451.13	2.8643e+00	8.5407e-01
9451.91	2.7771e+00	7.9420e-01
9452.68	2.9694e+00	7.7294e-01
9453.45	2.5081e+00	7.6178e-01
9454.23	1.7912e+00	8.8861e-01
9455.00	1.6519e+00	1.2694e+00
9455.78	2.4585e+00	1.7466e+00
9456.55	3.6719e+00	2.3372e+00
9457.32	4.2930e+00	2.9339e+00
9458.10	4.1737e+00	3.1467e+00
9458.87	3.6722e+00	2.9746e+00
9459.65	3.2535e+00	2.9248e+00
9460.42	2.6150e+00	2.8808e+00
9461.19	1.4635e+00	2.4792e+00
9461.97	1.4320e+00	1.8896e+00
9462.74	2.5319e+00	1.2919e+00
9463.52	3.2572e+00	8.6857e-01
9464.29	3.0374e+00	8.0418e-01
9465.06	2.3129e+00	7.9394e-01
9465.84	2.2440e+00	8.5005e-01
9466.61	2.5880e+00	8.3806e-01
9467.39	2.2392e+00	8.0504e-01
9468.16	1.6781e+00	8.4094e-01
9468.93	1.5298e+00	9.6409e-01
9469.71	1.8401e+00	1.0910e+00
9470.48	2.4997e+00	1.1088e+00
9471.26	3.0876e+00	9.8450e-01
9472.03	3.1279e+00	8.5533e-01
9472.80	2.6910e+00	7.8059e-01
9473.58	2.2288e+00	4.8921e-01
9474.35	2.3454e+00	9.8436e-01
9475.13	3.0610e+00	2.0252e+00
9475.90	4.3866e+00	3.5650e+00
9476.67	4.4269e+00	4.2860e+00
9477.45	2.0024e+00	3.5875e+00
9478.22	1.3267e+00	2.2465e+00
9479.00	3.0819e+00	1.4791e+00
9479.77	2.4714e+00	9.4168e-01
9480.54	1.6867e+00	1.3575e+00
9481.32	3.2685e+00	1.9817e+00
9482.09	4.1268e+00	2.1957e+00
9482.87	3.2899e+00	1.9149e+00
9483.64	2.0810e+00	1.4293e+00
9484.41	1.8333e+00	9.3821e-01
9485.19	2.7122e+00	7.7380e-01
9485.96	2.9757e+00	8.2096e-01
9486.74	2.6007e+00	8.4084e-01
9487.51	2.5151e+00	8.2884e-01
9488.28	2.8674e+00	7.8914e-01
9489.06	3.1654e+00	7.6180e-01
9489.83	2.6671e+00	7.7228e-01
9490.61	1.7886e+00	7.8425e-01
9491.38	1.3202e+00	7.8148e-01
9492.15	1.3420e+00	6.9387e-01
9492.93	1.7036e+00	7.8964e-01
9493.70	1.9556e+00	1.1683e+00
9494.48	2.8704e+00	1.1776e+00
