# wavelength flux(cal) flux
3586.5418 1.427254e+03 1.240651e+04
3587.7687 1.415325e+03 1.223550e+04
3588.9956 1.712984e+03 1.472641e+04
3590.2225 1.622057e+03 1.386598e+04
3591.4494 1.660117e+03 1.410998e+04
3592.6762 1.686928e+03 1.425448e+04
3593.9031 1.621043e+03 1.361697e+04
3595.1300 1.638209e+03 1.367890e+04
3596.3569 1.717823e+03 1.425680e+04
3597.5838 1.720054e+03 1.418774e+04
3598.8107 1.546318e+03 1.267548e+04
3600.0376 1.606872e+03 1.308905e+04
3601.2644 1.464743e+03 1.185545e+04
3602.4913 1.519976e+03 1.222340e+04
3603.7182 1.627859e+03 1.300587e+04
3604.9451 1.657667e+03 1.315702e+04
3606.1720 1.587058e+03 1.251298e+04
3607.3989 1.499471e+03 1.174315e+04
3608.6258 1.482846e+03 1.153435e+04
3609.8527 1.494637e+03 1.154663e+04
3611.0795 1.485551e+03 1.139731e+04
3612.3064 1.511021e+03 1.151209e+04
3613.5333 1.554641e+03 1.176134e+04
3614.7602 1.565840e+03 1.176226e+04
3615.9871 1.529897e+03 1.141032e+04
3617.2140 1.494490e+03 1.106614e+04
3618.4409 1.551566e+03 1.140557e+04
3619.6677 1.543412e+03 1.126287e+04
3620.8946 1.423204e+03 1.030937e+04
3622.1215 1.478113e+03 1.062791e+04
3623.3484 1.541516e+03 1.100125e+04
3624.5753 1.502595e+03 1.064310e+04
3625.8022 1.527941e+03 1.074099e+04
3627.0291 1.621729e+03 1.131377e+04
3628.2559 1.564321e+03 1.082995e+04
3629.4828 1.630103e+03 1.119871e+04
3630.7097 1.651479e+03 1.125796e+04
3631.9366 1.485203e+03 1.004588e+04
3633.1635 1.611012e+03 1.081181e+04
3634.3904 1.497282e+03 9.969742e+03
3635.6173 1.572053e+03 1.038511e+04
3636.8442 1.765047e+03 1.156771e+04
3638.0710 1.418519e+03 9.222689e+03
3639.2979 1.503111e+03 9.694590e+03
3640.5248 1.544788e+03 9.883439e+03
3641.7517 1.576350e+03 1.000411e+04
3642.9786 1.538963e+03 9.687828e+03
3644.2055 1.563074e+03 9.759703e+03
3645.4324 1.630177e+03 1.009572e+04
3646.6592 1.658000e+03 1.018404e+04
3647.8861 1.758698e+03 1.071389e+04
3649.1130 1.728102e+03 1.044080e+04
3650.3399 1.538251e+03 9.216986e+03
3651.5668 1.551577e+03 9.219791e+03
3652.7937 1.587885e+03 9.357124e+03
3654.0206 1.544095e+03 9.023237e+03
3655.2474 1.620597e+03 9.391148e+03
3656.4743 1.626825e+03 9.348248e+03
3657.7012 1.567880e+03 8.933859e+03
3658.9281 1.611751e+03 9.106514e+03
3660.1550 1.621736e+03 9.085611e+03
3661.3819 1.611466e+03 8.951732e+03
3662.6088 1.584291e+03 8.726199e+03
3663.8357 1.538482e+03 8.401943e+03
3665.0625 1.615374e+03 8.746832e+03
3666.2894 1.543531e+03 8.286613e+03
3667.5163 1.509659e+03 8.035602e+03
3668.7432 1.617021e+03 8.533505e+03
3669.9701 1.591053e+03 8.324596e+03
3671.1970 1.471490e+03 7.633041e+03
3672.4239 1.534589e+03 7.892041e+03
3673.6507 1.638094e+03 8.351967e+03
3674.8776 1.468420e+03 7.422479e+03
3676.1045 1.651862e+03 8.277848e+03
3677.3314 1.596050e+03 7.929242e+03
3678.5583 1.605099e+03 7.905438e+03
3679.7852 1.491136e+03 7.280768e+03
3681.0121 1.511500e+03 7.316475e+03
3682.2389 1.569252e+03 7.530397e+03
3683.4658 1.516587e+03 7.214766e+03
3684.6927 1.578289e+03 7.443373e+03
3685.9196 1.495914e+03 6.993858e+03
3687.1465 1.614145e+03 7.481337e+03
3688.3734 1.553966e+03 7.140094e+03
3689.6003 1.627839e+03 7.414801e+03
3690.8272 1.632450e+03 7.371456e+03
3692.0540 1.512755e+03 6.771860e+03
3693.2809 1.461828e+03 6.487270e+03
3694.5078 1.507349e+03 6.631426e+03
3695.7347 1.539767e+03 6.715469e+03
3696.9616 1.609208e+03 6.957664e+03
3698.1885 1.539043e+03 6.596804e+03
3699.4154 1.500046e+03 6.374131e+03
3700.6422 1.578146e+03 6.648127e+03
3701.8691 1.627709e+03 6.797775e+03
3703.0960 1.566610e+03 6.486226e+03
3704.3229 1.560513e+03 6.405341e+03
3705.5498 1.604265e+03 6.528271e+03
3706.7767 1.567072e+03 6.322100e+03
3708.0036 1.609171e+03 6.436191e+03
3709.2304 1.606127e+03 6.368906e+03
3710.4573 1.587884e+03 6.242609e+03
3711.6842 1.559378e+03 6.078066e+03
3712.9111 1.589106e+03 6.140990e+03
3714.1380 1.599613e+03 6.128818e+03
3715.3649 1.674698e+03 6.361795e+03
3716.5918 1.714371e+03 6.457061e+03
3717.8187 1.516452e+03 5.663058e+03
3719.0455 1.744557e+03 6.459598e+03
3720.2724 1.546353e+03 5.677181e+03
3721.4993 1.571852e+03 5.721977e+03
3722.7262 1.522725e+03 5.496322e+03
3723.9531 1.661563e+03 5.946902e+03
3725.1800 1.589470e+03 5.640999e+03
3726.4069 1.686190e+03 5.933993e+03
3727.6337 1.574186e+03 5.493393e+03
3728.8606 1.661522e+03 5.749659e+03
3730.0875 1.657670e+03 5.688437e+03
3731.3144 1.532186e+03 5.214021e+03
3732.5413 1.617425e+03 5.458333e+03
3733.7682 1.671140e+03 5.592828e+03
3734.9951 1.653129e+03 5.486763e+03
3736.2219 1.566339e+03 5.155783e+03
3737.4488 1.760683e+03 5.747752e+03
3738.6757 1.789447e+03 5.793655e+03
3739.9026 1.695459e+03 5.444359e+03
3741.1295 1.726561e+03 5.498906e+03
3742.3564 1.774115e+03 5.604288e+03
3743.5833 1.710961e+03 5.360834e+03
3744.8102 1.788262e+03 5.557594e+03
3746.0370 1.916373e+03 5.907567e+03
3747.2639 1.865683e+03 5.704917e+03
3748.4908 1.733486e+03 5.258054e+03
3749.7177 1.869027e+03 5.623717e+03
3750.9446 1.985226e+03 5.925589e+03
3752.1715 1.948650e+03 5.770047e+03
3753.3984 1.861372e+03 5.467811e+03
3754.6252 1.853993e+03 5.402987e+03
3755.8521 1.977369e+03 5.717024e+03
3757.0790 1.936809e+03 5.555674e+03
3758.3059 1.998078e+03 5.686448e+03
3759.5328 2.001952e+03 5.652912e+03
3760.7597 1.923506e+03 5.389069e+03
3761.9866 1.947787e+03 5.414703e+03
3763.2134 1.999253e+03 5.514748e+03
3764.4403 1.896368e+03 5.190595e+03
3765.6672 1.992499e+03 5.411792e+03
3766.8941 1.978130e+03 5.331611e+03
3768.1210 2.142469e+03 5.730477e+03
3769.3479 1.878559e+03 4.986390e+03
3770.5748 1.944209e+03 5.121552e+03
3771.8017 2.064150e+03 5.396470e+03
3773.0285 2.052316e+03 5.325191e+03
3774.2554 1.935994e+03 4.985747e+03
3775.4823 2.092585e+03 5.348811e+03
3776.7092 2.026831e+03 5.142243e+03
3777.9361 2.168142e+03 5.460051e+03
3779.1630 2.065309e+03 5.162748e+03
3780.3899 1.855557e+03 4.604373e+03
3781.6167 1.900347e+03 4.681042e+03
3782.8436 2.013595e+03 4.923893e+03
3784.0705 2.061881e+03 5.005419e+03
3785.2974 1.990276e+03 4.796716e+03
3786.5243 1.953801e+03 4.674965e+03
3787.7512 2.003545e+03 4.759688e+03
3788.9781 2.057081e+03 4.852055e+03
3790.2049 2.092493e+03 4.900576e+03
3791.4318 2.166379e+03 5.037794e+03
3792.6587 2.226190e+03 5.140497e+03
3793.8856 2.128385e+03 4.880271e+03
3795.1125 2.039817e+03 4.644619e+03
3796.3394 2.117369e+03 4.787788e+03
3797.5663 2.128209e+03 4.779104e+03
3798.7932 2.176979e+03 4.855058e+03
3800.0200 2.035674e+03 4.508904e+03
3801.2469 2.068312e+03 4.550045e+03
3802.4738 2.068368e+03 4.519383e+03
3803.7007 2.265667e+03 4.917152e+03
3804.9276 2.101499e+03 4.530308e+03
3806.1545 2.205884e+03 4.723640e+03
3807.3814 2.312662e+03 4.919452e+03
3808.6082 2.199728e+03 4.648351e+03
3809.8351 2.266307e+03 4.757610e+03
3811.0620 2.239427e+03 4.670489e+03
3812.2889 2.267079e+03 4.697450e+03
3813.5158 2.221406e+03 4.573080e+03
3814.7427 2.255208e+03 4.612835e+03
3815.9696 2.297453e+03 4.669210e+03
3817.1964 2.305774e+03 4.656334e+03
3818.4233 2.299291e+03 4.613891e+03
3819.6502 2.228461e+03 4.443647e+03
3820.8771 2.386655e+03 4.729342e+03
3822.1040 2.548218e+03 5.018101e+03
3823.3309 2.511682e+03 4.915580e+03
3824.5578 2.310294e+03 4.493658e+03
3825.7847 2.291869e+03 4.430581e+03
3827.0115 2.427974e+03 4.665180e+03
3828.2384 2.445637e+03 4.670738e+03
3829.4653 2.410889e+03 4.576731e+03
3830.6922 2.287755e+03 4.317057e+03
3831.9191 2.370922e+03 4.447453e+03
3833.1460 2.473357e+03 4.612245e+03
3834.3729 2.393439e+03 4.437058e+03
3835.5997 2.423169e+03 4.466004e+03
3836.8266 2.316974e+03 4.245559e+03
3838.0535 2.264702e+03 4.125902e+03
3839.2804 2.416798e+03 4.377823e+03
3840.5073 2.490457e+03 4.485619e+03
3841.7342 2.556250e+03 4.578130e+03
3842.9611 2.490081e+03 4.434609e+03
3844.1879 2.613591e+03 4.628630e+03
3845.4148 2.388198e+03 4.206044e+03
3846.6417 2.456805e+03 4.303074e+03
3847.8686 2.712848e+03 4.725567e+03
3849.0955 2.700693e+03 4.678859e+03
3850.3224 3.027267e+03 5.216358e+03
3851.5493 3.822055e+03 6.550607e+03
3852.7762 4.380499e+03 7.467786e+03
3854.0030 5.066994e+03 8.592477e+03
3855.2299 5.515622e+03 9.304178e+03
3856.4568 5.272154e+03 8.847141e+03
3857.6837 5.166548e+03 8.625069e+03
3858.9106 4.671658e+03 7.758829e+03
3860.1375 4.381283e+03 7.239448e+03
3861.3644 3.813122e+03 6.268732e+03
3862.5912 3.216073e+03 5.260604e+03
3863.8181 2.726714e+03 4.437883e+03
3865.0450 2.755619e+03 4.462702e+03
3866.2719 2.694688e+03 4.342557e+03
3867.4988 2.670806e+03 4.283053e+03
3868.7257 2.724363e+03 4.347766e+03
3869.9526 2.624355e+03 4.168018e+03
3871.1795 2.530600e+03 3.999928e+03
3872.4063 2.533028e+03 3.984797e+03
3873.6332 2.558183e+03 4.005447e+03
3874.8601 2.556871e+03 3.984716e+03
3876.0870 2.484197e+03 3.853535e+03
3877.3139 2.500218e+03 3.860574e+03
3878.5408 2.565465e+03 3.943270e+03
3879.7677 2.543647e+03 3.892058e+03
3880.9945 2.621024e+03 3.992466e+03
3882.2214 2.631350e+03 3.990363e+03
3883.4483 2.616104e+03 3.949737e+03
3884.6752 2.589642e+03 3.892671e+03
3885.9021 2.650153e+03 3.966336e+03
3887.1290 2.677844e+03 3.990525e+03
3888.3559 2.566451e+03 3.808199e+03
3889.5827 2.582401e+03 3.815643e+03
3890.8096 2.738055e+03 4.028646e+03
3892.0365 2.598049e+03 3.806736e+03
3893.2634 2.487563e+03 3.629808e+03
3894.4903 2.484511e+03 3.610521e+03
3895.7172 2.731587e+03 3.953476e+03
3896.9441 2.633353e+03 3.795976e+03
3898.1710 2.631799e+03 3.778618e+03
3899.3978 2.821690e+03 4.035253e+03
3900.6247 2.720284e+03 3.875006e+03
3901.8516 2.921191e+03 4.145052e+03
3903.0785 2.770282e+03 3.915807e+03
3904.3054 2.704725e+03 3.808579e+03
3905.5323 2.835935e+03 3.978267e+03
3906.7592 2.724840e+03 3.808128e+03
3907.9860 2.724460e+03 3.793492e+03
3909.2129 2.670897e+03 3.705264e+03
3910.4398 2.712608e+03 3.749449e+03
3911.6667 2.711740e+03 3.734753e+03
3912.8936 2.715083e+03 3.726023e+03
3914.1205 2.745738e+03 3.754785e+03
3915.3474 2.714576e+03 3.699189e+03
3916.5742 2.688278e+03 3.650667e+03
3917.8011 2.703463e+03 3.658700e+03
3919.0280 2.871050e+03 3.872312e+03
3920.2549 2.834659e+03 3.810382e+03
3921.4818 2.807341e+03 3.761106e+03
3922.7087 2.636723e+03 3.520892e+03
3923.9356 2.691917e+03 3.582879e+03
3925.1625 2.756879e+03 3.657507e+03
3926.3893 2.854973e+03 3.775557e+03
3927.6162 2.813421e+03 3.708855e+03
3928.8431 2.788801e+03 3.664912e+03
3930.0700 2.836639e+03 3.716253e+03
3931.2969 2.819998e+03 3.683153e+03
3932.5238 2.750165e+03 3.581079e+03
3933.7507 2.606980e+03 3.384475e+03
3934.9775 2.740803e+03 3.547678e+03
3936.2044 2.680676e+03 3.459696e+03
3937.4313 2.782354e+03 3.580530e+03
3938.6582 2.793625e+03 3.584748e+03
3939.8851 2.829426e+03 3.620417e+03
3941.1120 2.880002e+03 3.674827e+03
3942.3389 2.958687e+03 3.764792e+03
3943.5657 2.979474e+03 3.780886e+03
3944.7926 2.938934e+03 3.719373e+03
3946.0195 2.885627e+03 3.642167e+03
3947.2464 2.888958e+03 3.636760e+03
3948.4733 2.826750e+03 3.549182e+03
3949.7002 2.883630e+03 3.611284e+03
3950.9271 2.792883e+03 3.488750e+03
3952.1540 2.834935e+03 3.532392e+03
3953.3808 2.968795e+03 3.690016e+03
3954.6077 3.041213e+03 3.770776e+03
3955.8346 3.062514e+03 3.788013e+03
3957.0615 2.968995e+03 3.663580e+03
3958.2884 2.829551e+03 3.483292e+03
3959.5153 2.658827e+03 3.265519e+03
3960.7422 2.657843e+03 3.256825e+03
3961.9690 2.758931e+03 3.373046e+03
3963.1959 2.764178e+03 3.371916e+03
3964.4228 3.036525e+03 3.695986e+03
3965.6497 3.070137e+03 3.728782e+03
3966.8766 3.013600e+03 3.652275e+03
3968.1035 2.795845e+03 3.381215e+03
3969.3304 2.817613e+03 3.400445e+03
3970.5572 3.042316e+03 3.664092e+03
3971.7841 2.996740e+03 3.601899e+03
3973.0110 2.890470e+03 3.467243e+03
3974.2379 2.856691e+03 3.419991e+03
3975.4648 2.742899e+03 3.277406e+03
3976.6917 2.908180e+03 3.468271e+03
3977.9186 2.782125e+03 3.311708e+03
3979.1455 2.788740e+03 3.313446e+03
3980.3723 2.779512e+03 3.296472e+03
3981.5992 2.784583e+03 3.296568e+03
3982.8261 2.933979e+03 3.467308e+03
3984.0530 2.953596e+03 3.484436e+03
3985.2799 2.971612e+03 3.499705e+03
3986.5068 2.890158e+03 3.398061e+03
3987.7337 2.743934e+03 3.220812e+03
3988.9605 2.655846e+03 3.112355e+03
3990.1874 2.817008e+03 3.295950e+03
3991.4143 2.921615e+03 3.412980e+03
3992.6412 3.010148e+03 3.510984e+03
3993.8681 3.021837e+03 3.519282e+03
3995.0950 2.966775e+03 3.450019e+03
3996.3219 3.197777e+03 3.713219e+03
3997.5487 3.724713e+03 4.318892e+03
3998.7756 4.323602e+03 5.006266e+03
4000.0025 4.556392e+03 5.268531e+03
4001.2294 4.488762e+03 5.183305e+03
4002.4563 4.249648e+03 4.900680e+03
4003.6832 4.125467e+03 4.751284e+03
4004.9101 4.023276e+03 4.627681e+03
4006.1370 3.607595e+03 4.144369e+03
4007.3638 3.040947e+03 3.489134e+03
4008.5907 3.040990e+03 3.485002e+03
4009.8176 2.736042e+03 3.131852e+03
4011.0445 2.844563e+03 3.252336e+03
4012.2714 2.777715e+03 3.172340e+03
4013.4983 2.752121e+03 3.139661e+03
4014.7252 2.672742e+03 3.045834e+03
4015.9520 2.693285e+03 3.066028e+03
4017.1789 2.830197e+03 3.218593e+03
4018.4058 2.999641e+03 3.407883e+03
4019.6327 3.200424e+03 3.632449e+03
4020.8596 3.324943e+03 3.770191e+03
4022.0865 3.203243e+03 3.628830e+03
4023.3134 3.311323e+03 3.747885e+03
4024.5402 3.054596e+03 3.454273e+03
4025.7671 2.936731e+03 3.318148e+03
4026.9940 2.910849e+03 3.286170e+03
4028.2209 2.889327e+03 3.259238e+03
4029.4478 2.977417e+03 3.355970e+03
4030.6747 2.943044e+03 3.314699e+03
4031.9016 2.823772e+03 3.178015e+03
4033.1285 2.837622e+03 3.191316e+03
4034.3553 2.797313e+03 3.143801e+03
4035.5822 2.655940e+03 2.982915e+03
4036.8091 2.662610e+03 2.988466e+03
4038.0360 2.732333e+03 3.064802e+03
4039.2629 2.769049e+03 3.104109e+03
4040.4898 2.805934e+03 3.143625e+03
4041.7167 2.786778e+03 3.120414e+03
4042.9435 2.747660e+03 3.074956e+03
4044.1704 2.578059e+03 2.883660e+03
4045.3973 2.658352e+03 2.971996e+03
4046.6242 2.584856e+03 2.888458e+03
4047.8511 2.649728e+03 2.959605e+03
4049.0780 2.547932e+03 2.844675e+03
4050.3049 2.656979e+03 2.965200e+03
4051.5317 2.753073e+03 3.071240e+03
4052.7586 2.811033e+03 3.134737e+03
4053.9855 2.764974e+03 3.082295e+03
4055.2124 2.623876e+03 2.924040e+03
4056.4393 2.739435e+03 3.051873e+03
4057.6662 2.611548e+03 2.908557e+03
4058.8931 2.677164e+03 2.980832e+03
4060.1200 2.596686e+03 2.890501e+03
4061.3468 2.646140e+03 2.944874e+03
4062.5737 2.613685e+03 2.908140e+03
4063.8006 2.448349e+03 2.723655e+03
4065.0275 2.492983e+03 2.772830e+03
4066.2544 2.360522e+03 2.625096e+03
4067.4813 2.358597e+03 2.622602e+03
4068.7082 2.335826e+03 2.596981e+03
4069.9350 2.404085e+03 2.672612e+03
4071.1619 2.519925e+03 2.801169e+03
4072.3888 2.508104e+03 2.787861e+03
4073.6157 2.421759e+03 2.691771e+03
4074.8426 2.497592e+03 2.775992e+03
4076.0695 2.582224e+03 2.870039e+03
4077.2964 2.486404e+03 2.763570e+03
4078.5232 2.450979e+03 2.724276e+03
4079.7501 2.494169e+03 2.772411e+03
4080.9770 2.453766e+03 2.727675e+03
4082.2039 2.414926e+03 2.684718e+03
4083.4308 2.592648e+03 2.882577e+03
4084.6577 2.598046e+03 2.888913e+03
4085.8846 2.444510e+03 2.718546e+03
4087.1115 2.522243e+03 2.805410e+03
4088.3383 2.604320e+03 2.897181e+03
4089.5652 2.540103e+03 2.826257e+03
4090.7921 2.654312e+03 2.953916e+03
4092.0190 2.446429e+03 2.723152e+03
4093.2459 2.625077e+03 2.922680e+03
4094.4728 2.650300e+03 2.951489e+03
4095.6997 2.537987e+03 2.827152e+03
4096.9265 2.614733e+03 2.913451e+03
4098.1534 2.667486e+03 2.973102e+03
4099.3803 2.631919e+03 2.934364e+03
4100.6072 2.978004e+03 3.321293e+03
4101.8341 3.096346e+03 3.454447e+03
4103.0610 3.223300e+03 3.597355e+03
4104.2879 3.276617e+03 3.658208e+03
4105.5147 3.252490e+03 3.632662e+03
4106.7416 2.978734e+03 3.328231e+03
4107.9685 2.986099e+03 3.337835e+03
4109.1954 2.817448e+03 3.150662e+03
4110.4223 2.524867e+03 2.824722e+03
4111.6492 2.307609e+03 2.582836e+03
4112.8761 2.353203e+03 2.635103e+03
4114.1030 2.327881e+03 2.608004e+03
4115.3298 2.247831e+03 2.519571e+03
4116.5567 2.417601e+03 2.711245e+03
4117.7836 2.442173e+03 2.740234e+03
4119.0105 2.336573e+03 2.623151e+03
4120.2374 2.382999e+03 2.676742e+03
4121.4643 2.539302e+03 2.853916e+03
4122.6912 2.476327e+03 2.784740e+03
4123.9180 2.410438e+03 2.712239e+03
4125.1449 2.421416e+03 2.726228e+03
4126.3718 2.508415e+03 2.825911e+03
4127.5987 2.469436e+03 2.783738e+03
4128.8256 2.500343e+03 2.820377e+03
4130.0525 2.599236e+03 2.933835e+03
4131.2794 2.522670e+03 2.849298e+03
4132.5062 2.566326e+03 2.900560e+03
4133.7331 2.480626e+03 2.805621e+03
4134.9600 2.489770e+03 2.817927e+03
4136.1869 2.411579e+03 2.731365e+03
4137.4138 2.455000e+03 2.782547e+03
4138.6407 2.455862e+03 2.785561e+03
4139.8676 2.395200e+03 2.718772e+03
4141.0945 2.284752e+03 2.595359e+03
4142.3213 2.231576e+03 2.536893e+03
4143.5482 2.282633e+03 2.596948e+03
4144.7751 2.407656e+03 2.741341e+03
4146.0020 2.529003e+03 2.881800e+03
4147.2289 2.421156e+03 2.761135e+03
4148.4558 2.439737e+03 2.784601e+03
4149.6827 2.410254e+03 2.753227e+03
4150.9095 2.377909e+03 2.718556e+03
4152.1364 2.488030e+03 2.846864e+03
4153.3633 2.622132e+03 3.002880e+03
4154.5902 2.709380e+03 3.105489e+03
4155.8171 2.734896e+03 3.137486e+03
4157.0440 2.621303e+03 3.009838e+03
4158.2709 2.497203e+03 2.869913e+03
4159.4977 2.532977e+03 2.913662e+03
4160.7246 2.527098e+03 2.909558e+03
4161.9515 2.317324e+03 2.670501e+03
4163.1784 2.461580e+03 2.839387e+03
4164.4053 2.433147e+03 2.809233e+03
4165.6322 2.331335e+03 2.694242e+03
4166.8591 2.307803e+03 2.669604e+03
4168.0860 2.272719e+03 2.631562e+03
4169.3128 2.209864e+03 2.561280e+03
4170.5397 2.259822e+03 2.621759e+03
4171.7666 2.418926e+03 2.809130e+03
4172.9935 2.275288e+03 2.644965e+03
4174.2204 2.231422e+03 2.596586e+03
4175.4473 2.329883e+03 2.713915e+03
4176.6742 2.292792e+03 2.673444e+03
4177.9010 2.289564e+03 2.672435e+03
4179.1279 2.195415e+03 2.565204e+03
4180.3548 2.292561e+03 2.681515e+03
4181.5817 2.300581e+03 2.693730e+03
4182.8086 2.320539e+03 2.719982e+03
4184.0355 2.283954e+03 2.679958e+03
4185.2624 2.305860e+03 2.708571e+03
4186.4892 2.301685e+03 2.706593e+03
4187.7161 2.259540e+03 2.659926e+03
4188.9430 2.401356e+03 2.829968e+03
4190.1699 2.333095e+03 2.752553e+03
4191.3968 2.255904e+03 2.664434e+03
4192.6237 2.244292e+03 2.653675e+03
4193.8506 2.248084e+03 2.661139e+03
4195.0775 2.267677e+03 2.687357e+03
4196.3043 2.291651e+03 2.718846e+03
4197.5312 2.259881e+03 2.684209e+03
4198.7581 2.222849e+03 2.643248e+03
4199.9850 2.247980e+03 2.676209e+03
4201.2119 2.282482e+03 2.720427e+03
4202.4388 2.269253e+03 2.707803e+03
4203.6657 2.280177e+03 2.724016e+03
4204.8925 2.295145e+03 2.745114e+03
4206.1194 2.244084e+03 2.687206e+03
4207.3463 2.197741e+03 2.634827e+03
4208.5732 2.327603e+03 2.793834e+03
4209.8001 2.265693e+03 2.722770e+03
4211.0270 2.340164e+03 2.815636e+03
4212.2539 2.138282e+03 2.575833e+03
4213.4808 2.199276e+03 2.652509e+03
4214.7076 2.205661e+03 2.663438e+03
4215.9345 2.275050e+03 2.750573e+03
4217.1614 2.211248e+03 2.676702e+03
4218.3883 2.063556e+03 2.500985e+03
4219.6152 2.070427e+03 2.512402e+03
4220.8421 2.198998e+03 2.671714e+03
4222.0690 2.224469e+03 2.706009e+03
4223.2958 2.138983e+03 2.605252e+03
4224.5227 2.114736e+03 2.578932e+03
4225.7496 2.033104e+03 2.482483e+03
4226.9765 2.124632e+03 2.597497e+03
4228.2034 2.165367e+03 2.650628e+03
4229.4303 2.113189e+03 2.590022e+03
4230.6572 2.116040e+03 2.596798e+03
4231.8840 2.111091e+03 2.594011e+03
4233.1109 2.154856e+03 2.651156e+03
4234.3378 2.148344e+03 2.646515e+03
4235.5647 2.112171e+03 2.605281e+03
4236.7916 2.233830e+03 2.758874e+03
4238.0185 2.556384e+03 3.161297e+03
4239.2454 2.768198e+03 3.427641e+03
4240.4723 2.646044e+03 3.280614e+03
4241.6991 2.546059e+03 3.160732e+03
4242.9260 2.642419e+03 3.284607e+03
4244.1529 2.460224e+03 3.062104e+03
4245.3798 2.328343e+03 2.901728e+03
4246.6067 2.143501e+03 2.674848e+03
4247.8336 2.044885e+03 2.555118e+03
4249.0605 1.835767e+03 2.296822e+03
4250.2873 1.658713e+03 2.078020e+03
4251.5142 1.878370e+03 2.356292e+03
4252.7411 2.100745e+03 2.638711e+03
4253.9680 1.925636e+03 2.421942e+03
4255.1949 2.019052e+03 2.542783e+03
4256.4218 2.163244e+03 2.727974e+03
4257.6487 2.052489e+03 2.591727e+03
4258.8755 2.065688e+03 2.611845e+03
4260.1024 2.046505e+03 2.591018e+03
4261.3293 2.121628e+03 2.689692e+03
4262.5562 2.108840e+03 2.677031e+03
4263.7831 2.076355e+03 2.639298e+03
4265.0100 2.225962e+03 2.833231e+03
4266.2369 2.084304e+03 2.656460e+03
4267.4638 2.203281e+03 2.811840e+03
4268.6906 2.097597e+03 2.680538e+03
4269.9175 2.008028e+03 2.569503e+03
4271.1444 2.055935e+03 2.634320e+03
4272.3713 2.209809e+03 2.835269e+03
4273.5982 2.267752e+03 2.913504e+03
4274.8251 2.079091e+03 2.674696e+03
4276.0520 2.039944e+03 2.627850e+03
4277.2788 2.046231e+03 2.639480e+03
4278.5057 1.934252e+03 2.498380e+03
4279.7326 1.976658e+03 2.556578e+03
4280.9595 2.014285e+03 2.608739e+03
4282.1864 1.893604e+03 2.455734e+03
4283.4133 1.975799e+03 2.565768e+03
4284.6402 1.993021e+03 2.591605e+03
4285.8670 2.013272e+03 2.621453e+03
4287.0939 1.985541e+03 2.588816e+03
4288.3208 2.014964e+03 2.630706e+03
4289.5477 2.043798e+03 2.671933e+03
4290.7746 2.024055e+03 2.649675e+03
4292.0015 2.068448e+03 2.711425e+03
4293.2284 2.054864e+03 2.697233e+03
4294.4553 1.981863e+03 2.604902e+03
4295.6821 1.952529e+03 2.569789e+03
4296.9090 1.895942e+03 2.498660e+03
4298.1359 2.069197e+03 2.730648e+03
4299.3628 2.002551e+03 2.646239e+03
4300.5897 2.025926e+03 2.680715e+03
4301.8166 1.970064e+03 2.610290e+03
4303.0435 1.925014e+03 2.554012e+03
4304.2703 1.953448e+03 2.595204e+03
4305.4972 2.066178e+03 2.748639e+03
4306.7241 2.079779e+03 2.770429e+03
4307.9510 2.065058e+03 2.754492e+03
4309.1779 2.004040e+03 2.676671e+03
4310.4048 1.996845e+03 2.670615e+03
4311.6317 2.054691e+03 2.751642e+03
4312.8585 1.977064e+03 2.651208e+03
4314.0854 1.922561e+03 2.581549e+03
4315.3123 2.004142e+03 2.694670e+03
4316.5392 2.011930e+03 2.708732e+03
4317.7661 1.961511e+03 2.644354e+03
4318.9930 2.014696e+03 2.719652e+03
4320.2199 1.970827e+03 2.663954e+03
4321.4468 1.904934e+03 2.578292e+03
4322.6736 1.968858e+03 2.668330e+03
4323.9005 1.961132e+03 2.661365e+03
4325.1274 1.874059e+03 2.546553e+03
4326.3543 1.929887e+03 2.625864e+03
4327.5812 1.930810e+03 2.630573e+03
4328.8081 1.977136e+03 2.697224e+03
4330.0350 1.842932e+03 2.517436e+03
4331.2618 1.989752e+03 2.721549e+03
4332.4887 1.927836e+03 2.640308e+03
4333.7156 1.907923e+03 2.616445e+03
4334.9425 1.985590e+03 2.726502e+03
4336.1694 1.955039e+03 2.688043e+03
4337.3963 1.986419e+03 2.734737e+03
4338.6232 2.011037e+03 2.772220e+03
4339.8500 1.957297e+03 2.701632e+03
4341.0769 1.938417e+03 2.679031e+03
4342.3038 1.997595e+03 2.764381e+03
4343.5307 1.951150e+03 2.703586e+03
4344.7576 1.929287e+03 2.676729e+03
4345.9845 1.984648e+03 2.757072e+03
4347.2114 2.001725e+03 2.784357e+03
4348.4383 1.984432e+03 2.763833e+03
4349.6651 1.923748e+03 2.682734e+03
4350.8920 1.835967e+03 2.563580e+03
4352.1189 1.906173e+03 2.664993e+03
4353.3458 1.912466e+03 2.677184e+03
4354.5727 1.896917e+03 2.658778e+03
4355.7996 1.951924e+03 2.739334e+03
4357.0265 1.908451e+03 2.681701e+03
4358.2533 1.975006e+03 2.778712e+03
4359.4802 2.019224e+03 2.844489e+03
4360.7071 1.989891e+03 2.806679e+03
4361.9340 2.020636e+03 2.853605e+03
4363.1609 1.954922e+03 2.764244e+03
4364.3878 1.936172e+03 2.741136e+03
4365.6147 2.037625e+03 2.888347e+03
4366.8415 2.021737e+03 2.869374e+03
4368.0684 1.994974e+03 2.834886e+03
4369.2953 1.909703e+03 2.717058e+03
4370.5222 1.949245e+03 2.776723e+03
4371.7491 1.923801e+03 2.743837e+03
4372.9760 1.891448e+03 2.700992e+03
4374.2029 1.907895e+03 2.727800e+03
4375.4298 1.917062e+03 2.744240e+03
4376.6566 1.936378e+03 2.775252e+03
4377.8835 1.919821e+03 2.754852e+03
4379.1104 1.841711e+03 2.645956e+03
4380.3373 1.828335e+03 2.629898e+03
4381.5642 1.917797e+03 2.761892e+03
4382.7911 1.826212e+03 2.633144e+03
4384.0180 1.877117e+03 2.709770e+03
4385.2448 1.891086e+03 2.733183e+03
4386.4717 1.928823e+03 2.791031e+03
4387.6986 1.891589e+03 2.740390e+03
4388.9255 1.878613e+03 2.724800e+03
4390.1524 1.934418e+03 2.809040e+03
4391.3793 1.912719e+03 2.780787e+03
4392.6062 1.862986e+03 2.711648e+03
4393.8330 1.944021e+03 2.832893e+03
4395.0599 2.006305e+03 2.927051e+03
4396.2868 1.983519e+03 2.897158e+03
4397.5137 1.803805e+03 2.637705e+03
4398.7406 1.842143e+03 2.696866e+03
4399.9675 1.945309e+03 2.851163e+03
4401.1944 1.873555e+03 2.749135e+03
4402.4213 1.894795e+03 2.783468e+03
4403.6481 1.943126e+03 2.857707e+03
4404.8750 1.888415e+03 2.780388e+03
4406.1019 1.938447e+03 2.857269e+03
4407.3288 1.994097e+03 2.942601e+03
4408.5557 1.861455e+03 2.749942e+03
4409.7826 1.793972e+03 2.653207e+03
4411.0095 1.890673e+03 2.799334e+03
4412.2363 1.963716e+03 2.910703e+03
4413.4632 1.853941e+03 2.751024e+03
4414.6901 1.822679e+03 2.707610e+03
4415.9170 1.873020e+03 2.785443e+03
4417.1439 1.921542e+03 2.860723e+03
4418.3708 1.856689e+03 2.767181e+03
4419.5977 1.953282e+03 2.914296e+03
4420.8245 1.909719e+03 2.852378e+03
4422.0514 1.910408e+03 2.856478e+03
4423.2783 1.882104e+03 2.817172e+03
4424.5052 1.867972e+03 2.799005e+03
4425.7321 1.908356e+03 2.862559e+03
4426.9590 2.064297e+03 3.099754e+03
4428.1859 1.878022e+03 2.823019e+03
4429.4128 1.880524e+03 2.829750e+03
4430.6396 1.900549e+03 2.862878e+03
4431.8665 1.943687e+03 2.930912e+03
4433.0934 1.949677e+03 2.942998e+03
4434.3203 1.955146e+03 2.954305e+03
4435.5472 1.925806e+03 2.912968e+03
4436.7741 1.947835e+03 2.949311e+03
4438.0010 1.902866e+03 2.884166e+03
4439.2278 1.871339e+03 2.839265e+03
4440.4547 1.872568e+03 2.844008e+03
4441.6816 1.862368e+03 2.831368e+03
4442.9085 1.898694e+03 2.889494e+03
4444.1354 1.914208e+03 2.916016e+03
4445.3623 1.939594e+03 2.957631e+03
4446.5892 1.954377e+03 2.983126e+03
4447.8160 1.902721e+03 2.907146e+03
4449.0429 1.889663e+03 2.890031e+03
4450.2698 1.892262e+03 2.896836e+03
4451.4967 1.797295e+03 2.754132e+03
4452.7236 1.861613e+03 2.855456e+03
4453.9505 1.777409e+03 2.728929e+03
4455.1774 1.838954e+03 2.826134e+03
4456.4043 1.873504e+03 2.881983e+03
4457.6311 1.910898e+03 2.942303e+03
4458.8580 1.908743e+03 2.941768e+03
4460.0849 1.823604e+03 2.813200e+03
4461.3118 1.838985e+03 2.839589e+03
4462.5387 1.814719e+03 2.804735e+03
4463.7656 1.973689e+03 3.053266e+03
4464.9925 1.895465e+03 2.934966e+03
4466.2193 2.029950e+03 3.146098e+03
4467.4462 1.923287e+03 2.983517e+03
4468.6731 1.930588e+03 2.997571e+03
4469.9000 1.893148e+03 2.942103e+03
4471.1269 1.921598e+03 2.989011e+03
4472.3538 1.832803e+03 2.853451e+03
4473.5807 1.857188e+03 2.893997e+03
4474.8075 1.933318e+03 3.015306e+03
4476.0344 1.880712e+03 2.935851e+03
4477.2613 1.830879e+03 2.860573e+03
4478.4882 1.909414e+03 2.985887e+03
4479.7151 1.958883e+03 3.065911e+03
4480.9420 1.911094e+03 2.993705e+03
4482.1689 1.887311e+03 2.958995e+03
4483.3958 2.077306e+03 3.259665e+03
4484.6226 2.509009e+03 3.940438e+03
4485.8495 2.813552e+03 4.422473e+03
4487.0764 2.958872e+03 4.654812e+03
4488.3033 2.952532e+03 4.648733e+03
4489.5302 2.822120e+03 4.447104e+03
4490.7571 2.753981e+03 4.343329e+03
4491.9840 2.604770e+03 4.111393e+03
4493.2108 2.322658e+03 3.669111e+03
4494.4377 1.965813e+03 3.107934e+03
4495.6646 1.771465e+03 2.802942e+03
4496.8915 1.876490e+03 2.971513e+03
4498.1184 1.838519e+03 2.913718e+03
4499.3453 1.787491e+03 2.835105e+03
4500.5722 1.879006e+03 2.982616e+03
4501.7990 1.825397e+03 2.899803e+03
4503.0259 1.872258e+03 2.976575e+03
4504.2528 1.965970e+03 3.127995e+03
4505.4797 1.777401e+03 2.830157e+03
4506.7066 1.856298e+03 2.958060e+03
4507.9335 1.942765e+03 3.098214e+03
4509.1604 2.095292e+03 3.343996e+03
4510.3873 2.099379e+03 3.353050e+03
4511.6141 2.193815e+03 3.506511e+03
4512.8410 2.176823e+03 3.481947e+03
4514.0679 2.144071e+03 3.432104e+03
4515.2948 2.019028e+03 3.234324e+03
4516.5217 1.886669e+03 3.024510e+03
4517.7486 1.916170e+03 3.074040e+03
4518.9755 1.862993e+03 2.990892e+03
4520.2023 1.818365e+03 2.921343e+03
4521.4292 1.864845e+03 2.998157e+03
4522.6561 1.828261e+03 2.941425e+03
4523.8830 1.709031e+03 2.751540e+03
4525.1099 1.645025e+03 2.650346e+03
4526.3368 1.416358e+03 2.283522e+03
4527.5637 1.371433e+03 2.212621e+03
4528.7905 1.764485e+03 2.848712e+03
4530.0174 1.907467e+03 3.081654e+03
4531.2443 1.921391e+03 3.106254e+03
4532.4712 1.943859e+03 3.144691e+03
4533.6981 1.923740e+03 3.114226e+03
4534.9250 1.910765e+03 3.095275e+03
4536.1519 1.834155e+03 2.973134e+03
4537.3788 1.816380e+03 2.946250e+03
4538.6056 1.908312e+03 3.097381e+03
4539.8325 1.860348e+03 3.021482e+03
4541.0594 1.840365e+03 2.990944e+03
4542.2863 1.779655e+03 2.894122e+03
4543.5132 1.775273e+03 2.888823e+03
4544.7401 1.855984e+03 3.022057e+03
4545.9670 1.839350e+03 2.996839e+03
4547.1938 1.851852e+03 3.019077e+03
4548.4207 1.973225e+03 3.218930e+03
4549.6476 1.758190e+03 2.869892e+03
4550.8745 1.803052e+03 2.944902e+03
4552.1014 1.771662e+03 2.895373e+03
4553.3283 1.875446e+03 3.066814e+03
4554.5552 1.832703e+03 2.998693e+03
4555.7821 1.806806e+03 2.958059e+03
4557.0089 1.909674e+03 3.128296e+03
4558.2358 1.879982e+03 3.081440e+03
4559.4627 1.729670e+03 2.836697e+03
4560.6896 1.850851e+03 3.037167e+03
4561.9165 1.883392e+03 3.092315e+03
4563.1434 1.845601e+03 3.031967e+03
4564.3703 1.889173e+03 3.105277e+03
4565.5971 1.854697e+03 3.050292e+03
4566.8240 1.818479e+03 2.992367e+03
4568.0509 1.835819e+03 3.022544e+03
4569.2778 1.867819e+03 3.076891e+03
4570.5047 1.872840e+03 3.086813e+03
4571.7316 1.794464e+03 2.959205e+03
4572.9585 1.785453e+03 2.945895e+03
4574.1853 1.851441e+03 3.056367e+03
4575.4122 1.780696e+03 2.941104e+03
4576.6391 1.721089e+03 2.844115e+03
4577.8660 1.718396e+03 2.841111e+03
4579.0929 1.753134e+03 2.900009e+03
4580.3198 1.736370e+03 2.873717e+03
4581.5467 1.845548e+03 3.055925e+03
4582.7736 1.758977e+03 2.914013e+03
4584.0004 1.709295e+03 2.833089e+03
4585.2273 1.816582e+03 3.012370e+03
4586.4542 1.806541e+03 2.997156e+03
4587.6811 1.838452e+03 3.051548e+03
4588.9080 1.775707e+03 2.948791e+03
4590.1349 1.789832e+03 2.973636e+03
4591.3618 1.779084e+03 2.957148e+03
4592.5886 1.737046e+03 2.888597e+03
4593.8155 1.844310e+03 3.068366e+03
4595.0424 1.933559e+03 3.218298e+03
4596.2693 1.824357e+03 3.037892e+03
4597.4962 1.747045e+03 2.910439e+03
4598.7231 1.776166e+03 2.960249e+03
4599.9500 1.843167e+03 3.073250e+03
4601.1768 1.760451e+03 2.936593e+03
4602.4037 1.716607e+03 2.864677e+03
4603.6306 1.796373e+03 2.999054e+03
4604.8575 1.810940e+03 3.024636e+03
4606.0844 1.819185e+03 3.039664e+03
4607.3113 1.800844e+03 3.010250e+03
4608.5382 1.776377e+03 2.970557e+03
4609.7651 1.724634e+03 2.885187e+03
4610.9919 1.736087e+03 2.905500e+03
4612.2188 1.820284e+03 3.047610e+03
4613.4457 1.844491e+03 3.089342e+03
4614.6726 1.776510e+03 2.976628e+03
4615.8995 1.791455e+03 3.002813e+03
4617.1264 1.808549e+03 3.032611e+03
4618.3533 1.806694e+03 3.030633e+03
4619.5801 1.781166e+03 2.988915e+03
4620.8070 1.825353e+03 3.064186e+03
4622.0339 1.819430e+03 3.055347e+03
4623.2608 1.817622e+03 3.053405e+03
4624.4877 1.862484e+03 3.129875e+03
4625.7146 1.787634e+03 3.005144e+03
4626.9415 1.805651e+03 3.036482e+03
4628.1683 1.758981e+03 2.959014e+03
4629.3952 1.700534e+03 2.861661e+03
4630.6221 1.711737e+03 2.881478e+03
4631.8490 1.693751e+03 2.852145e+03
4633.0759 1.710215e+03 2.880811e+03
4634.3028 1.717204e+03 2.893520e+03
4635.5297 1.726016e+03 2.909299e+03
4636.7566 1.713057e+03 2.888368e+03
4637.9834 1.792671e+03 3.023547e+03
4639.2103 1.853997e+03 3.127945e+03
4640.4372 1.771115e+03 2.989023e+03
4641.6641 1.725603e+03 2.913091e+03
4642.8910 1.703283e+03 2.876267e+03
4644.1179 1.699700e+03 2.871059e+03
4645.3448 1.715203e+03 2.898087e+03
4646.5716 1.693922e+03 2.862949e+03
4647.7985 1.755798e+03 2.968366e+03
4649.0254 1.761016e+03 2.978018e+03
4650.2523 1.731966e+03 2.929700e+03
4651.4792 1.752436e+03 2.965131e+03
4652.7061 1.733177e+03 2.933331e+03
4653.9330 1.734967e+03 2.937139e+03
4655.1598 1.753922e+03 2.970003e+03
4656.3867 1.736900e+03 2.941935e+03
4657.6136 1.742078e+03 2.951456e+03
4658.8405 1.760398e+03 2.983241e+03
4660.0674 1.723257e+03 2.921021e+03
4661.2943 1.711671e+03 2.902089e+03
4662.5212 1.701213e+03 2.885050e+03
4663.7481 1.707704e+03 2.896742e+03
4664.9749 1.721594e+03 2.920983e+03
4666.2018 1.800355e+03 3.055316e+03
4667.4287 1.758743e+03 2.985374e+03
4668.6556 1.743904e+03 2.960844e+03
4669.8825 1.757506e+03 2.984592e+03
4671.1094 1.741778e+03 2.958521e+03
4672.3363 1.739404e+03 2.955117e+03
4673.5631 1.674884e+03 2.846097e+03
4674.7900 1.698128e+03 2.886189e+03
4676.0169 1.719461e+03 2.923039e+03
4677.2438 1.770732e+03 3.010797e+03
4678.4707 1.753388e+03 2.981890e+03
4679.6976 1.701877e+03 2.894845e+03
4680.9245 1.684400e+03 2.865659e+03
4682.1513 1.794829e+03 3.054098e+03
4683.3782 1.617140e+03 2.752243e+03
4684.6051 1.766148e+03 3.006383e+03
4685.8320 1.761038e+03 2.998212e+03
4687.0589 1.726363e+03 2.939684e+03
4688.2858 1.673129e+03 2.849520e+03
4689.5127 1.807605e+03 3.079060e+03
4690.7396 1.773774e+03 3.021925e+03
4691.9664 1.696270e+03 2.890346e+03
4693.1933 1.620424e+03 2.761542e+03
4694.4202 1.690016e+03 2.880584e+03
4695.6471 1.616015e+03 2.754866e+03
4696.8740 1.689292e+03 2.880208e+03
4698.1009 1.691536e+03 2.884450e+03
4699.3278 1.712459e+03 2.920542e+03
4700.5546 1.786207e+03 3.046736e+03
4701.7815 1.752559e+03 2.989747e+03
4703.0084 1.729995e+03 2.951643e+03
4704.2353 1.666779e+03 2.844153e+03
4705.4622 1.603596e+03 2.736684e+03
4706.6891 1.680200e+03 2.867769e+03
4707.9160 1.718672e+03 2.933785e+03
4709.1428 1.660469e+03 2.834762e+03
4710.3697 1.639072e+03 2.798551e+03
4711.5966 1.717404e+03 2.932621e+03
4712.8235 1.743140e+03 2.976889e+03
4714.0504 1.705832e+03 2.913480e+03
4715.2773 1.634730e+03 2.792328e+03
4716.5042 1.740210e+03 2.972795e+03
4717.7311 1.790242e+03 3.058560e+03
4718.9579 1.735035e+03 2.964518e+03
4720.1848 1.762551e+03 3.011805e+03
4721.4117 1.722881e+03 2.944274e+03
4722.6386 1.768794e+03 3.022993e+03
4723.8655 1.786656e+03 3.053770e+03
4725.0924 1.677732e+03 2.867823e+03
4726.3193 1.795226e+03 3.068894e+03
4727.5461 1.738190e+03 2.971611e+03
4728.7730 1.711231e+03 2.925729e+03
4729.9999 1.696956e+03 2.901520e+03
4731.2268 1.690360e+03 2.890430e+03
4732.4537 1.689084e+03 2.888428e+03
4733.6806 1.697819e+03 2.903538e+03
4734.9075 1.689171e+03 2.888913e+03
4736.1343 1.808611e+03 3.093354e+03
4737.3612 1.677577e+03 2.869388e+03
4738.5881 1.723630e+03 2.948301e+03
4739.8150 1.701528e+03 2.910629e+03
4741.0419 1.658062e+03 2.836401e+03
4742.2688 1.717920e+03 2.938917e+03
4743.4957 1.782312e+03 3.049191e+03
4744.7226 1.717106e+03 2.937740e+03
4745.9494 1.707866e+03 2.922027e+03
4747.1763 1.671244e+03 2.859457e+03
4748.4032 1.756289e+03 3.005050e+03
4749.6301 1.794478e+03 3.070470e+03
4750.8570 1.763571e+03 3.017653e+03
4752.0839 1.675794e+03 2.867515e+03
4753.3108 1.706531e+03 2.920160e+03
4754.5376 1.762675e+03 3.016277e+03
4755.7645 1.748491e+03 2.992043e+03
4756.9914 1.722591e+03 2.947750e+03
4758.2183 1.766567e+03 3.023026e+03
4759.4452 1.749120e+03 2.993184e+03
4760.6721 1.664974e+03 2.849196e+03
4761.8990 1.721000e+03 2.945069e+03
4763.1258 1.678498e+03 2.872332e+03
4764.3527 1.625363e+03 2.781389e+03
4765.5796 1.614490e+03 2.762762e+03
4766.8065 1.694920e+03 2.900367e+03
4768.0334 1.652154e+03 2.827152e+03
4769.2603 1.713922e+03 2.932805e+03
4770.4872 1.736492e+03 2.971375e+03
4771.7141 1.647625e+03 2.819256e+03
4772.9409 1.735778e+03 2.970031e+03
4774.1678 1.813367e+03 3.102715e+03
4775.3947 1.841807e+03 3.151292e+03
4776.6216 1.798231e+03 3.076646e+03
4777.8485 1.795340e+03 3.071605e+03
4779.0754 1.681630e+03 2.876964e+03
4780.3023 1.701523e+03 2.910894e+03
4781.5291 1.685659e+03 2.883645e+03
4782.7560 1.765211e+03 3.019611e+03
4783.9829 1.697124e+03 2.903016e+03
4785.2098 1.743462e+03 2.982146e+03
4786.4367 1.754917e+03 3.001598e+03
4787.6636 1.823373e+03 3.118531e+03
4788.8905 1.808610e+03 3.093122e+03
4790.1173 1.693194e+03 2.895579e+03
4791.3442 1.853790e+03 3.170041e+03
4792.5711 1.870250e+03 3.198003e+03
4793.7980 1.838535e+03 3.143582e+03
4795.0249 1.769223e+03 3.024882e+03
4796.2518 1.769393e+03 3.024977e+03
4797.4787 1.743998e+03 2.981361e+03
4798.7056 1.740497e+03 2.975172e+03
4799.9324 1.730509e+03 2.957887e+03
4801.1593 1.727117e+03 2.951873e+03
4802.3862 1.704840e+03 2.913580e+03
4803.6131 1.688677e+03 2.885733e+03
4804.8400 1.744972e+03 2.981697e+03
4806.0669 1.755596e+03 2.999605e+03
4807.2938 1.748385e+03 2.987035e+03
4808.5206 1.758310e+03 3.003733e+03
4809.7475 1.764167e+03 3.013475e+03
4810.9744 1.679494e+03 2.868582e+03
4812.2013 1.805643e+03 3.083762e+03
4813.4282 1.833129e+03 3.130409e+03
4814.6551 1.799843e+03 3.073271e+03
4815.8820 1.777897e+03 3.035501e+03
4817.1088 1.779019e+03 3.037114e+03
4818.3357 1.675687e+03 2.860415e+03
4819.5626 1.684083e+03 2.874448e+03
4820.7895 1.784607e+03 3.045703e+03
4822.0164 1.847139e+03 3.152085e+03
4823.2433 1.849466e+03 3.155708e+03
4824.4702 1.731575e+03 2.954223e+03
4825.6971 1.695135e+03 2.891725e+03
4826.9239 1.685138e+03 2.874339e+03
4828.1508 1.781641e+03 3.038587e+03
4829.3777 1.731752e+03 2.953148e+03
4830.6046 1.763016e+03 3.006098e+03
4831.8315 1.854947e+03 3.162459e+03
4833.0584 1.775046e+03 3.025858e+03
4834.2853 1.744026e+03 2.972603e+03
4835.5121 1.778733e+03 3.031369e+03
4836.7390 1.798414e+03 3.064509e+03
4837.9659 1.774096e+03 3.022671e+03
4839.1928 1.693338e+03 2.884689e+03
4840.4197 1.710487e+03 2.913507e+03
4841.6466 1.797121e+03 3.060650e+03
4842.8735 1.749022e+03 2.978317e+03
4844.1003 1.813256e+03 3.087261e+03
4845.3272 1.743249e+03 2.967640e+03
4846.5541 1.752992e+03 2.983792e+03
4847.7810 1.730543e+03 2.945150e+03
4849.0079 1.736747e+03 2.955268e+03
4850.2348 1.743828e+03 2.966871e+03
4851.4617 1.814487e+03 3.086616e+03
4852.6886 1.842232e+03 3.133331e+03
4853.9154 1.747586e+03 2.971891e+03
4855.1423 1.783089e+03 3.031788e+03
4856.3692 1.785991e+03 3.036240e+03
4857.5961 1.774173e+03 3.015664e+03
4858.8230 1.803820e+03 3.065557e+03
4860.0499 1.725514e+03 2.931995e+03
4861.2768 1.714552e+03 2.912885e+03
4862.5036 1.760380e+03 2.990242e+03
4863.7305 1.795966e+03 3.050171e+03
4864.9574 1.802835e+03 3.061314e+03
4866.1843 1.753162e+03 2.976451e+03
4867.4112 1.796988e+03 3.050325e+03
4868.6381 1.788218e+03 3.034903e+03
4869.8650 1.769961e+03 3.003385e+03
4871.0918 1.757635e+03 2.981935e+03
4872.3187 1.756488e+03 2.979449e+03
4873.5456 1.755343e+03 2.976963e+03
4874.7725 1.754201e+03 2.974477e+03
4875.9994 1.753060e+03 2.971991e+03
4877.2263 1.751923e+03 2.969505e+03
4878.4532 1.750786e+03 2.967018e+03
4879.6801 1.749654e+03 2.964532e+03
4880.9069 1.748523e+03 2.962047e+03
4882.1338 1.747395e+03 2.959561e+03
4883.3607 1.746268e+03 2.957075e+03
4884.5876 1.745144e+03 2.954588e+03
4885.8145 1.744021e+03 2.952101e+03
4887.0414 1.742901e+03 2.949614e+03
4888.2683 1.741783e+03 2.947127e+03
4889.4951 1.740667e+03 2.944641e+03
4890.7220 1.739553e+03 2.942153e+03
4891.9489 1.738442e+03 2.939667e+03
4893.1758 1.737333e+03 2.937180e+03
4894.4027 1.736226e+03 2.934694e+03
4895.6296 1.735121e+03 2.932207e+03
4896.8565 1.734018e+03 2.929720e+03
4898.0834 1.732917e+03 2.927234e+03
4899.3102 1.731818e+03 2.924746e+03
4900.5371 1.730721e+03 2.922259e+03
4901.7640 1.729626e+03 2.919772e+03
4902.9909 1.728532e+03 2.917284e+03
4904.2178 1.727441e+03 2.914796e+03
4905.4447 1.726352e+03 2.912310e+03
4906.6716 1.725266e+03 2.909823e+03
4907.8984 1.724180e+03 2.907335e+03
4909.1253 1.723098e+03 2.904850e+03
4910.3522 1.722016e+03 2.902360e+03
4911.5791 1.720937e+03 2.899874e+03
4912.8060 1.719859e+03 2.897385e+03
4914.0329 1.718783e+03 2.894897e+03
4915.2598 1.717709e+03 2.892410e+03
4916.4866 1.716637e+03 2.889921e+03
4917.7135 1.715567e+03 2.887434e+03
4918.9404 1.714498e+03 2.884945e+03
4920.1673 1.713431e+03 2.882457e+03
4921.3942 1.712367e+03 2.879969e+03
4922.6211 1.711304e+03 2.877481e+03
4923.8480 1.710243e+03 2.874993e+03
4925.0749 1.709183e+03 2.872505e+03
4926.3017 1.708126e+03 2.870017e+03
4927.5286 1.707069e+03 2.867527e+03
4928.7555 1.706016e+03 2.865041e+03
4929.9824 1.704963e+03 2.862552e+03
4931.2093 1.703912e+03 2.860062e+03
4932.4362 1.702863e+03 2.857575e+03
4933.6631 1.701815e+03 2.855084e+03
4934.8899 1.700769e+03 2.852596e+03
4936.1168 1.699725e+03 2.850108e+03
4937.3437 1.698682e+03 2.847618e+03
4938.5706 1.697642e+03 2.845129e+03
4939.7975 1.696602e+03 2.842640e+03
4941.0244 1.695564e+03 2.840150e+03
4942.2513 1.694528e+03 2.837661e+03
4943.4781 1.693494e+03 2.835173e+03
4944.7050 1.692462e+03 2.832685e+03
4945.9319 1.691443e+03 2.830216e+03
4947.1588 1.691159e+03 2.828974e+03
4948.3857 1.728475e+03 2.890609e+03
4949.6126 1.703025e+03 2.847268e+03
4950.8395 1.670367e+03 2.791899e+03
4952.0664 1.754624e+03 2.931918e+03
4953.2932 1.724422e+03 2.880652e+03
4954.5201 1.724094e+03 2.879300e+03
4955.7470 1.654495e+03 2.762294e+03
4956.9739 1.765166e+03 2.946236e+03
4958.2008 1.832164e+03 3.057198e+03
4959.4277 1.774456e+03 2.960062e+03
4960.6546 1.741062e+03 2.903527e+03
4961.8814 1.743806e+03 2.907268e+03
4963.1083 1.714443e+03 2.857491e+03
4964.3352 1.749541e+03 2.915145e+03
4965.5621 1.749153e+03 2.913651e+03
4966.7890 1.680966e+03 2.799250e+03
4968.0159 1.728473e+03 2.877517e+03
4969.2428 1.753006e+03 2.917498e+03
4970.4696 1.736639e+03 2.889403e+03
4971.6965 1.708601e+03 2.841908e+03
4972.9234 1.739087e+03 2.891752e+03
4974.1503 1.773949e+03 2.948835e+03
4975.3772 1.781468e+03 2.960441e+03
4976.6041 1.729919e+03 2.873908e+03
4977.8310 1.730010e+03 2.873185e+03
4979.0579 1.766890e+03 2.933539e+03
4980.2847 1.755452e+03 2.913657e+03
4981.5116 1.744395e+03 2.894413e+03
4982.7385 1.736006e+03 2.879604e+03
4983.9654 1.787356e+03 2.963861e+03
4985.1923 1.656218e+03 2.745547e+03
4986.4192 1.601856e+03 2.654599e+03
4987.6461 1.661634e+03 2.752797e+03
4988.8729 1.674834e+03 2.773791e+03
4990.0998 1.707380e+03 2.826797e+03
4991.3267 1.699810e+03 2.813369e+03
4992.5536 1.587495e+03 2.626637e+03
4993.7805 1.665896e+03 2.755474e+03
4995.0074 1.695761e+03 2.803969e+03
4996.2343 1.733195e+03 2.864941e+03
4997.4611 1.674936e+03 2.767742e+03
4998.6880 1.692231e+03 2.795410e+03
4999.9149 1.692205e+03 2.794454e+03
5001.1418 1.658894e+03 2.738546e+03
5002.3687 1.610343e+03 2.657521e+03
5003.5956 1.683910e+03 2.778008e+03
5004.8225 1.719378e+03 2.835580e+03
5006.0494 1.663015e+03 2.741711e+03
5007.2762 1.729041e+03 2.849611e+03
5008.5031 1.610300e+03 2.653025e+03
5009.7300 1.692959e+03 2.788269e+03
5010.9569 1.681994e+03 2.769273e+03
5012.1838 1.629838e+03 2.682490e+03
5013.4107 1.665002e+03 2.739432e+03
5014.6376 1.720850e+03 2.830350e+03
5015.8644 1.697275e+03 2.790618e+03
5017.0913 1.593982e+03 2.619882e+03
5018.3182 1.621411e+03 2.664043e+03
5019.5451 1.724886e+03 2.833074e+03
5020.7720 1.716844e+03 2.818883e+03
5021.9989 1.882919e+03 3.090480e+03
5023.2258 2.605016e+03 4.274174e+03
5024.4526 3.650382e+03 5.987248e+03
5025.6795 4.340721e+03 7.117005e+03
5026.9064 4.423247e+03 7.249742e+03
5028.1333 4.185587e+03 6.857773e+03
5029.3602 3.878969e+03 6.353134e+03
5030.5871 3.509631e+03 5.746156e+03
5031.8140 2.875574e+03 4.706351e+03
5033.0409 2.231683e+03 3.651199e+03
5034.2677 1.793740e+03 2.933629e+03
5035.4946 1.611699e+03 2.634946e+03
5036.7215 1.626778e+03 2.658629e+03
5037.9484 1.601738e+03 2.616748e+03
5039.1753 1.596958e+03 2.607982e+03
5040.4022 1.592150e+03 2.599171e+03
5041.6291 1.664956e+03 2.717022e+03
5042.8559 1.525517e+03 2.488550e+03
5044.0828 1.520904e+03 2.480100e+03
5045.3097 1.606285e+03 2.618350e+03
5046.5366 1.751506e+03 2.854000e+03
5047.7635 1.616117e+03 2.632400e+03
5048.9904 1.663611e+03 2.708737e+03
5050.2173 1.628932e+03 2.651268e+03
5051.4441 1.732901e+03 2.819419e+03
5052.6710 1.618762e+03 2.632712e+03
5053.8979 1.557980e+03 2.532888e+03
5055.1248 1.564708e+03 2.542851e+03
5056.3517 1.473852e+03 2.394276e+03
5057.5786 1.559565e+03 2.532539e+03
5058.8055 1.525022e+03 2.475487e+03
5060.0324 1.560372e+03 2.531884e+03
5061.2592 1.569609e+03 2.545880e+03
5062.4861 1.525788e+03 2.473834e+03
5063.7130 1.661225e+03 2.692368e+03
5064.9399 1.611696e+03 2.611067e+03
5066.1668 1.574627e+03 2.550005e+03
5067.3937 1.551430e+03 2.511443e+03
5068.6206 1.536557e+03 2.486379e+03
5069.8474 1.629149e+03 2.635155e+03
5071.0743 1.523275e+03 2.462918e+03
5072.3012 1.543624e+03 2.494818e+03
5073.5281 1.574674e+03 2.543976e+03
5074.7550 1.477777e+03 2.386469e+03
5075.9819 1.548043e+03 2.498929e+03
5077.2088 1.580597e+03 2.550442e+03
5078.4356 1.557490e+03 2.512132e+03
5079.6625 1.635949e+03 2.637604e+03
5080.8894 1.700652e+03 2.740797e+03
5082.1163 1.709081e+03 2.753248e+03
5083.3432 1.566841e+03 2.523063e+03
5084.5701 1.519745e+03 2.446212e+03
5085.7970 1.595344e+03 2.566832e+03
5087.0239 1.575755e+03 2.534258e+03
5088.2507 1.580069e+03 2.540133e+03
5089.4776 1.605202e+03 2.579455e+03
5090.7045 1.632301e+03 2.621898e+03
5091.9314 1.615995e+03 2.594611e+03
5093.1583 1.605933e+03 2.577366e+03
5094.3852 1.652910e+03 2.651634e+03
5095.6121 1.634724e+03 2.621343e+03
5096.8389 1.614297e+03 2.587482e+03
5098.0658 1.550890e+03 2.484785e+03
5099.2927 1.532637e+03 2.454486e+03
5100.5196 1.544978e+03 2.473184e+03
5101.7465 1.666767e+03 2.666989e+03
5102.9734 1.630723e+03 2.608184e+03
5104.2003 1.589979e+03 2.541912e+03
5105.4271 1.554724e+03 2.484466e+03
5106.6540 1.542051e+03 2.463137e+03
5107.8809 1.584382e+03 2.529641e+03
5109.1078 1.573750e+03 2.511562e+03
5110.3347 1.553899e+03 2.478786e+03
5111.5616 1.542911e+03 2.460169e+03
5112.7885 1.575189e+03 2.510521e+03
5114.0154 1.494551e+03 2.380940e+03
5115.2422 1.625057e+03 2.587691e+03
5116.4691 1.589533e+03 2.529990e+03
5117.6960 1.631981e+03 2.596387e+03
5118.9229 1.627409e+03 2.587946e+03
5120.1498 1.698813e+03 2.700273e+03
5121.3767 1.762750e+03 2.800632e+03
5122.6036 1.923260e+03 3.054259e+03
5123.8304 2.883872e+03 4.577685e+03
5125.0573 5.603723e+03 8.890947e+03
5126.2842 7.875966e+03 1.249039e+04
5127.5111 8.415413e+03 1.333976e+04
5128.7380 8.010754e+03 1.269246e+04
5129.9649 7.368997e+03 1.167024e+04
5131.1918 6.366521e+03 1.007795e+04
5132.4186 5.254285e+03 8.313455e+03
5133.6455 3.785845e+03 5.987260e+03
5134.8724 2.320219e+03 3.667678e+03
5136.0993 1.819958e+03 2.875542e+03
5137.3262 1.724786e+03 2.723887e+03
5138.5531 1.713343e+03 2.704540e+03
5139.7800 1.666240e+03 2.628942e+03
5141.0069 1.681375e+03 2.651563e+03
5142.2337 1.643969e+03 2.591341e+03
5143.4606 1.656073e+03 2.609173e+03
5144.6875 1.689986e+03 2.661331e+03
5145.9144 1.690697e+03 2.661172e+03
5147.1413 1.615837e+03 2.542119e+03
5148.3682 1.623062e+03 2.552253e+03
5149.5951 1.643580e+03 2.583267e+03
5150.8219 1.568610e+03 2.464239e+03
5152.0488 1.554406e+03 2.440737e+03
5153.2757 1.529638e+03 2.400673e+03
5154.5026 1.509462e+03 2.367849e+03
5155.7295 1.524665e+03 2.390524e+03
5156.9564 1.548657e+03 2.426946e+03
5158.1833 1.593367e+03 2.495782e+03
5159.4101 1.641346e+03 2.569662e+03
5160.6370 1.649891e+03 2.581757e+03
5161.8639 1.658113e+03 2.593334e+03
5163.0908 1.745659e+03 2.728896e+03
5164.3177 1.715848e+03 2.680952e+03
5165.5446 1.664742e+03 2.599796e+03
5166.7715 1.701023e+03 2.655119e+03
5167.9984 1.839549e+03 2.869896e+03
5169.2252 1.866947e+03 2.911167e+03
5170.4521 1.990291e+03 3.101927e+03
5171.6790 2.379324e+03 3.706361e+03
5172.9059 3.974742e+03 6.188447e+03
5174.1328 9.551836e+03 1.486406e+04
5175.3597 1.809625e+04 2.814599e+04
5176.5866 2.193243e+04 3.409506e+04
5177.8134 2.159949e+04 3.356020e+04
5179.0403 2.009966e+04 3.121370e+04
5180.2672 1.738311e+04 2.698105e+04
5181.4941 1.435697e+04 2.227249e+04
5182.7210 9.965512e+03 1.545181e+04
5183.9479 5.249925e+03 8.135906e+03
5185.1748 2.477165e+03 3.836898e+03
5186.4016 1.952613e+03 3.022828e+03
5187.6285 1.872920e+03 2.897930e+03
5188.8554 1.700105e+03 2.629149e+03
5190.0823 1.687220e+03 2.607842e+03
5191.3092 1.671267e+03 2.581814e+03
5192.5361 1.620676e+03 2.502329e+03
5193.7630 1.659969e+03 2.561630e+03
5194.9899 1.516087e+03 2.338344e+03
5196.2167 1.578019e+03 2.432561e+03
5197.4436 1.516395e+03 2.336308e+03
5198.6705 1.518905e+03 2.338914e+03
5199.8974 1.546631e+03 2.380322e+03
5201.1243 1.478751e+03 2.274621e+03
5202.3512 1.504611e+03 2.313142e+03
5203.5781 1.507693e+03 2.316618e+03
5204.8049 1.509684e+03 2.318410e+03
5206.0318 1.560491e+03 2.395123e+03
5207.2587 1.542975e+03 2.366938e+03
5208.4856 1.517799e+03 2.327039e+03
5209.7125 1.602304e+03 2.455243e+03
5210.9394 1.512555e+03 2.316438e+03
5212.1663 1.471770e+03 2.252728e+03
5213.3931 1.578712e+03 2.415074e+03
5214.6200 1.564586e+03 2.392131e+03
5215.8469 1.566692e+03 2.394013e+03
5217.0738 1.561310e+03 2.384452e+03
5218.3007 1.482726e+03 2.263167e+03
5219.5276 1.464734e+03 2.234448e+03
5220.7545 1.521218e+03 2.319304e+03
5221.9814 1.530119e+03 2.331555e+03
5223.2082 1.497849e+03 2.281089e+03
5224.4351 1.490478e+03 2.268574e+03
5225.6620 1.492755e+03 2.270746e+03
5226.8889 1.448878e+03 2.202742e+03
5228.1158 1.422857e+03 2.161944e+03
5229.3427 1.403755e+03 2.131695e+03
5230.5696 1.412891e+03 2.144334e+03
5231.7964 1.456122e+03 2.208672e+03
5233.0233 1.451428e+03 2.200279e+03
5234.2502 1.480796e+03 2.243499e+03
5235.4771 1.551042e+03 2.348560e+03
5236.7040 1.494925e+03 2.262270e+03
5237.9309 1.471638e+03 2.225730e+03
5239.1578 1.485057e+03 2.244710e+03
5240.3847 1.449753e+03 2.190062e+03
5241.6115 1.452928e+03 2.193568e+03
5242.8384 1.490110e+03 2.248378e+03
5244.0653 1.464105e+03 2.207834e+03
5245.2922 1.496905e+03 2.255958e+03
5246.5191 1.490408e+03 2.244833e+03
5247.7460 1.438881e+03 2.165935e+03
5248.9729 1.416755e+03 2.131357e+03
5250.1997 1.403457e+03 2.110089e+03
5251.4266 1.475478e+03 2.217042e+03
5252.6535 1.452401e+03 2.181056e+03
5253.8804 1.462743e+03 2.195265e+03
5255.1073 1.488452e+03 2.232500e+03
5256.3342 1.360457e+03 2.039289e+03
5257.5611 1.474017e+03 2.208172e+03
5258.7879 1.503491e+03 2.250958e+03
5260.0148 1.457657e+03 2.181008e+03
5261.2417 1.515970e+03 2.266873e+03
5262.4686 1.486357e+03 2.221231e+03
5263.6955 1.381379e+03 2.063086e+03
5264.9224 1.448704e+03 2.162304e+03
5266.1493 1.486314e+03 2.217075e+03
5267.3762 1.409982e+03 2.101914e+03
5268.6030 1.469203e+03 2.188841e+03
5269.8299 1.403801e+03 2.090106e+03
5271.0568 1.521778e+03 2.264353e+03
5272.2837 1.362383e+03 2.025917e+03
5273.5106 1.423962e+03 2.116164e+03
5274.7375 1.412255e+03 2.097451e+03
5275.9644 1.422656e+03 2.111574e+03
5277.1912 1.317245e+03 1.953889e+03
5278.4181 1.400085e+03 2.075458e+03
5279.6450 1.463977e+03 2.168800e+03
5280.8719 1.415551e+03 2.095732e+03
5282.0988 1.434051e+03 2.121775e+03
5283.3257 1.430003e+03 2.114440e+03
5284.5526 1.398530e+03 2.066586e+03
5285.7794 1.429900e+03 2.111593e+03
5287.0063 1.366306e+03 2.016390e+03
5288.2332 1.403848e+03 2.070466e+03
5289.4601 1.462603e+03 2.155734e+03
5290.6870 1.446697e+03 2.130917e+03
5291.9139 1.487540e+03 2.189664e+03
5293.1408 1.371912e+03 2.018152e+03
5294.3677 1.488520e+03 2.188270e+03
5295.5945 1.445158e+03 2.123144e+03
5296.8214 1.376328e+03 2.020707e+03
5298.0483 1.446606e+03 2.122502e+03
5299.2752 1.439175e+03 2.110220e+03
5300.5021 1.405867e+03 2.060031e+03
5301.7290 1.422445e+03 2.082955e+03
5302.9559 1.441620e+03 2.109645e+03
5304.1827 1.439090e+03 2.104555e+03
5305.4096 1.456546e+03 2.128676e+03
5306.6365 1.424626e+03 2.080649e+03
5307.8634 1.391516e+03 2.030945e+03
5309.0903 1.433912e+03 2.091432e+03
5310.3172 1.402322e+03 2.043994e+03
5311.5441 1.463141e+03 2.131221e+03
5312.7709 1.482896e+03 2.158551e+03
5313.9978 1.405519e+03 2.044548e+03
5315.2247 1.443568e+03 2.098488e+03
5316.4516 1.484941e+03 2.157178e+03
5317.6785 1.453888e+03 2.110645e+03
5318.9054 1.460126e+03 2.118269e+03
5320.1323 1.444635e+03 2.094377e+03
5321.3592 1.465451e+03 2.123117e+03
5322.5860 1.470866e+03 2.129514e+03
5323.8129 1.414053e+03 2.045867e+03
5325.0398 1.404810e+03 2.031108e+03
5326.2667 1.445926e+03 2.089126e+03
5327.4936 1.420177e+03 2.050520e+03
5328.7205 1.397547e+03 2.016461e+03
5329.9474 1.408134e+03 2.030341e+03
5331.1742 1.451913e+03 2.092022e+03
5332.4011 1.418197e+03 2.042034e+03
5333.6280 1.418443e+03 2.040976e+03
5334.8549 1.361813e+03 1.958135e+03
5336.0818 1.435839e+03 2.063145e+03
5337.3087 1.507217e+03 2.164201e+03
5338.5356 1.422716e+03 2.041445e+03
5339.7624 1.436247e+03 2.059424e+03
5340.9893 1.411236e+03 2.022146e+03
5342.2162 1.413165e+03 2.023493e+03
5343.4431 1.528593e+03 2.187238e+03
5344.6700 1.413774e+03 2.021523e+03
5345.8969 1.432982e+03 2.047547e+03
5347.1238 1.411103e+03 2.014863e+03
5348.3507 1.447589e+03 2.065500e+03
5349.5775 1.443416e+03 2.058087e+03
5350.8044 1.432224e+03 2.040683e+03
5352.0313 1.425676e+03 2.029909e+03
5353.2582 1.475503e+03 2.099360e+03
5354.4851 1.422989e+03 2.023199e+03
5355.7120 1.386744e+03 1.970259e+03
5356.9389 1.469820e+03 2.086799e+03
5358.1657 1.307643e+03 1.855215e+03
5359.3926 1.441950e+03 2.044294e+03
5360.6195 1.419824e+03 2.011479e+03
5361.8464 1.435202e+03 2.031801e+03
5363.0733 1.473886e+03 2.085061e+03
5364.3002 1.443350e+03 2.040387e+03
5365.5271 1.425523e+03 2.013728e+03
5366.7539 1.389415e+03 1.961298e+03
5367.9808 1.448361e+03 2.043022e+03
5369.2077 1.432188e+03 2.018739e+03
5370.4346 1.411164e+03 1.987656e+03
5371.6615 1.479851e+03 2.082882e+03
5372.8884 1.551285e+03 2.181828e+03
5374.1153 1.480296e+03 2.080461e+03
5375.3422 1.460918e+03 2.051721e+03
5376.5690 1.491420e+03 2.093021e+03
5377.7959 1.407892e+03 1.974345e+03
5379.0228 1.431003e+03 2.005277e+03
5380.2497 1.432893e+03 2.006443e+03
5381.4766 1.430601e+03 2.001754e+03
5382.7035 1.433527e+03 2.004363e+03
5383.9304 1.493295e+03 2.086383e+03
5385.1572 1.407907e+03 1.965622e+03
5386.3841 1.411174e+03 1.968718e+03
5387.6110 1.498313e+03 2.088728e+03
5388.8379 1.456084e+03 2.028344e+03
5390.0648 1.428889e+03 1.988974e+03
5391.2917 1.393331e+03 1.938028e+03
5392.5186 1.425746e+03 1.981629e+03
5393.7454 1.378886e+03 1.915060e+03
5394.9723 1.372113e+03 1.904222e+03
5396.1992 1.447750e+03 2.007679e+03
5397.4261 1.380419e+03 1.912865e+03
5398.6530 1.316983e+03 1.823583e+03
5399.8799 1.350884e+03 1.869112e+03
5401.1068 1.417615e+03 1.959958e+03
5402.3337 1.442581e+03 1.992964e+03
5403.5605 1.445956e+03 1.996110e+03
5404.7874 1.417621e+03 1.955507e+03
5406.0143 1.406937e+03 1.939293e+03
5407.2412 1.373901e+03 1.892313e+03
5408.4681 1.381907e+03 1.901887e+03
5409.6950 1.389085e+03 1.910306e+03
5410.9219 1.413587e+03 1.942514e+03
5412.1487 1.419718e+03 1.949444e+03
5413.3756 1.378034e+03 1.890755e+03
5414.6025 1.367157e+03 1.874391e+03
5415.8294 1.393877e+03 1.909554e+03
5417.0563 1.424379e+03 1.949837e+03
5418.2832 1.391769e+03 1.903729e+03
5419.5101 1.379105e+03 1.884949e+03
5420.7369 1.390961e+03 1.899684e+03
5421.9638 1.319733e+03 1.801010e+03
5423.1907 1.387901e+03 1.892569e+03
5424.4176 1.483042e+03 2.020737e+03
5425.6445 1.492477e+03 2.032012e+03
5426.8714 1.439496e+03 1.958354e+03
5428.0983 1.371081e+03 1.863826e+03
5429.3252 1.347715e+03 1.830634e+03
5430.5520 1.401794e+03 1.902604e+03
5431.7789 1.436585e+03 1.948301e+03
5433.0058 1.463142e+03 1.982765e+03
5434.2327 1.402530e+03 1.899138e+03
5435.4596 1.421254e+03 1.922983e+03
5436.6865 1.380112e+03 1.865850e+03
5437.9134 1.343500e+03 1.814925e+03
5439.1402 1.414346e+03 1.909126e+03
5440.3671 1.347396e+03 1.817323e+03
5441.5940 1.240492e+03 1.671814e+03
5442.8209 1.293154e+03 1.741411e+03
5444.0478 1.333846e+03 1.794789e+03
5445.2747 1.334826e+03 1.794685e+03
5446.5016 1.347578e+03 1.810395e+03
5447.7284 1.350692e+03 1.813141e+03
5448.9553 1.327614e+03 1.780746e+03
5450.1822 1.340872e+03 1.797100e+03
5451.4091 1.338976e+03 1.793133e+03
5452.6360 1.296214e+03 1.734485e+03
5453.8629 1.380741e+03 1.846118e+03
5455.0898 1.360291e+03 1.817325e+03
5456.3167 1.358945e+03 1.814077e+03
5457.5435 1.373167e+03 1.831598e+03
5458.7704 1.361750e+03 1.814916e+03
5459.9973 1.386585e+03 1.846535e+03
5461.2242 1.334597e+03 1.775877e+03
5462.4511 1.337453e+03 1.778250e+03
5463.6780 1.346554e+03 1.788913e+03
5464.9049 1.347885e+03 1.789243e+03
5466.1317 1.335179e+03 1.770950e+03
5467.3586 1.299827e+03 1.722671e+03
5468.5855 1.322853e+03 1.751775e+03
5469.8124 1.312272e+03 1.736362e+03
5471.0393 1.329774e+03 1.758100e+03
5472.2662 1.343350e+03 1.774615e+03
5473.4931 1.321972e+03 1.744961e+03
5474.7199 1.309864e+03 1.727580e+03
5475.9468 1.344089e+03 1.771284e+03
5477.1737 1.315682e+03 1.732443e+03
5478.4006 1.367324e+03 1.798982e+03
5479.6275 1.276332e+03 1.677902e+03
5480.8544 1.333162e+03 1.751189e+03
5482.0813 1.401381e+03 1.839302e+03
5483.3082 1.364069e+03 1.788874e+03
5484.5350 1.354741e+03 1.775194e+03
5485.7619 1.317288e+03 1.724711e+03
5486.9888 1.332665e+03 1.743422e+03
5488.2157 1.374620e+03 1.796842e+03
5489.4426 1.372316e+03 1.792365e+03
5490.6695 1.308563e+03 1.707702e+03
5491.8964 1.287258e+03 1.678526e+03
5493.1232 1.373867e+03 1.789995e+03
5494.3501 1.361458e+03 1.772375e+03
5495.5770 1.409100e+03 1.832893e+03
5496.8039 1.344930e+03 1.747991e+03
5498.0308 1.359105e+03 1.764965e+03
5499.2577 1.372373e+03 1.780733e+03
5500.4846 1.302294e+03 1.688414e+03
5501.7114 1.310361e+03 1.697477e+03
5502.9383 1.287724e+03 1.666781e+03
5504.1652 1.347839e+03 1.743157e+03
5505.3921 1.378422e+03 1.781244e+03
5506.6190 1.341914e+03 1.732639e+03
5507.8459 1.322994e+03 1.706804e+03
5509.0728 1.286652e+03 1.658552e+03
5510.2997 1.376499e+03 1.772905e+03
5511.5265 1.329694e+03 1.711209e+03
5512.7534 1.344730e+03 1.729131e+03
5513.9803 1.330234e+03 1.709078e+03
5515.2072 1.294335e+03 1.661583e+03
5516.4341 1.446090e+03 1.854862e+03
5517.6610 1.447980e+03 1.855751e+03
5518.8879 1.358746e+03 1.739948e+03
5520.1147 1.418309e+03 1.814718e+03
5521.3416 1.420900e+03 1.816529e+03
5522.5685 1.366194e+03 1.745145e+03
5523.7954 1.357630e+03 1.732769e+03
5525.0223 1.335587e+03 1.703224e+03
5526.2492 1.354350e+03 1.725719e+03
5527.4761 1.420280e+03 1.808227e+03
5528.7029 1.376213e+03 1.750671e+03
5529.9298 1.304471e+03 1.658032e+03
5531.1567 1.311442e+03 1.665509e+03
5532.3836 1.316964e+03 1.671133e+03
5533.6105 1.381018e+03 1.750959e+03
5534.8374 1.358978e+03 1.721584e+03
5536.0643 1.285619e+03 1.627299e+03
5537.2912 1.344824e+03 1.700825e+03
5538.5180 1.410687e+03 1.782641e+03
5539.7449 1.394675e+03 1.760942e+03
5540.9718 1.368536e+03 1.726502e+03
5542.1987 1.424498e+03 1.795608e+03
5543.4256 1.415337e+03 1.782577e+03
5544.6525 1.393903e+03 1.754121e+03
5545.8794 1.323975e+03 1.664736e+03
5547.1062 1.315954e+03 1.653274e+03
5548.3331 1.370039e+03 1.719791e+03
5549.5600 1.343909e+03 1.685587e+03
5550.7869 1.390669e+03 1.742784e+03
5552.0138 1.423286e+03 1.782175e+03
5553.2407 1.336074e+03 1.671580e+03
5554.4676 1.309396e+03 1.636840e+03
5555.6944 1.369833e+03 1.710966e+03
5556.9213 1.414513e+03 1.765302e+03
5558.1482 1.438961e+03 1.794317e+03
5559.3751 1.443729e+03 1.798765e+03
5560.6020 1.399123e+03 1.741739e+03
5561.8289 1.400312e+03 1.741769e+03
5563.0558 1.363557e+03 1.694639e+03
5564.2827 1.329334e+03 1.650732e+03
5565.5095 1.272332e+03 1.578634e+03
5566.7364 1.223056e+03 1.516233e+03
5567.9633 1.303917e+03 1.615131e+03
5569.1902 1.317411e+03 1.630488e+03
5570.4171 1.297355e+03 1.604331e+03
5571.6440 1.345623e+03 1.662636e+03
5572.8709 9.189335e+02 1.134479e+03
5574.0977 1.090013e+03 1.344568e+03
5575.3246 1.059288e+03 1.305582e+03
5576.5515 1.104010e+03 1.359572e+03
5577.7784 1.072895e+03 1.320156e+03
5579.0053 1.009262e+03 1.240826e+03
5580.2322 8.716080e+02 1.070699e+03
5581.4591 1.295994e+03 1.590701e+03
5582.6860 1.163093e+03 1.426394e+03
5583.9128 1.272862e+03 1.559716e+03
5585.1397 1.415282e+03 1.732793e+03
5586.3666 1.415434e+03 1.731542e+03
5587.5935 1.271458e+03 1.554122e+03
5588.8204 1.294024e+03 1.580394e+03
5590.0473 1.346906e+03 1.643616e+03
5591.2742 1.366902e+03 1.666634e+03
5592.5010 1.236253e+03 1.506090e+03
5593.7279 1.330957e+03 1.620122e+03
5594.9548 1.372182e+03 1.668921e+03
5596.1817 1.420859e+03 1.726695e+03
5597.4086 1.398055e+03 1.697579e+03
5598.6355 1.414564e+03 1.716205e+03
5599.8624 1.407394e+03 1.706096e+03
5601.0892 1.367218e+03 1.656025e+03
5602.3161 1.351598e+03 1.635753e+03
5603.5430 1.338984e+03 1.619152e+03
5604.7699 1.401433e+03 1.693270e+03
5605.9968 1.345757e+03 1.624661e+03
5607.2237 1.410970e+03 1.701985e+03
5608.4506 1.331947e+03 1.605341e+03
5609.6775 1.356972e+03 1.634157e+03
5610.9043 1.360500e+03 1.637060e+03
5612.1312 1.411473e+03 1.696999e+03
5613.3581 1.306449e+03 1.569439e+03
5614.5850 1.401498e+03 1.682239e+03
5615.8119 1.378640e+03 1.653445e+03
5617.0388 1.356091e+03 1.625068e+03
5618.2657 1.288226e+03 1.542478e+03
5619.4925 1.305869e+03 1.562323e+03
5620.7194 1.380752e+03 1.650561e+03
5621.9463 1.410328e+03 1.684538e+03
5623.1732 1.414036e+03 1.687588e+03
5624.4001 1.356088e+03 1.617109e+03
5625.6270 1.390054e+03 1.656260e+03
5626.8539 1.370376e+03 1.631483e+03
5628.0807 1.318286e+03 1.568189e+03
5629.3076 1.361148e+03 1.617859e+03
5630.5345 1.405594e+03 1.669329e+03
5631.7614 1.358908e+03 1.612573e+03
5632.9883 1.364020e+03 1.617325e+03
5634.2152 1.348502e+03 1.597628e+03
5635.4421 1.394476e+03 1.650757e+03
5636.6690 1.362308e+03 1.611371e+03
5637.8958 1.297505e+03 1.533480e+03
5639.1227 1.267234e+03 1.496493e+03
5640.3496 1.318731e+03 1.556049e+03
5641.5765 1.372177e+03 1.617807e+03
5642.8034 1.328321e+03 1.564839e+03
5644.0303 1.319472e+03 1.553162e+03
5645.2572 1.258991e+03 1.480778e+03
5646.4840 1.305786e+03 1.534583e+03
5647.7109 1.350612e+03 1.585988e+03
5648.9378 1.418521e+03 1.664397e+03
5650.1647 1.366876e+03 1.602515e+03
5651.3916 1.341401e+03 1.571390e+03
5652.6185 1.342739e+03 1.571700e+03
5653.8454 1.302670e+03 1.523582e+03
5655.0722 1.357758e+03 1.586745e+03
5656.2991 1.316698e+03 1.537535e+03
5657.5260 1.313605e+03 1.532703e+03
5658.7529 1.332654e+03 1.553693e+03
5659.9798 1.329514e+03 1.548802e+03
5661.2067 1.345153e+03 1.565778e+03
5662.4336 1.349817e+03 1.569963e+03
5663.6605 1.377451e+03 1.600837e+03
5664.8873 1.357762e+03 1.576708e+03
5666.1142 1.371025e+03 1.590854e+03
5667.3411 1.308024e+03 1.516556e+03
5668.5680 1.235052e+03 1.430823e+03
5669.7949 1.322959e+03 1.531461e+03
5671.0218 1.266452e+03 1.464897e+03
5672.2487 1.298622e+03 1.500931e+03
5673.4755 1.300238e+03 1.501622e+03
5674.7024 1.321230e+03 1.524672e+03
5675.9293 1.337731e+03 1.542510e+03
5677.1562 1.279143e+03 1.473803e+03
5678.3831 1.269629e+03 1.461703e+03
5679.6100 1.331842e+03 1.532136e+03
5680.8369 1.353440e+03 1.555774e+03
5682.0637 1.239381e+03 1.423560e+03
5683.2906 1.289853e+03 1.480386e+03
5684.5175 1.379552e+03 1.582111e+03
5685.7444 1.340959e+03 1.536666e+03
5686.9713 1.281015e+03 1.466843e+03
5688.1982 1.282938e+03 1.467915e+03
5689.4251 1.254720e+03 1.434526e+03
5690.6520 1.205269e+03 1.376932e+03
5691.8788 1.293983e+03 1.477151e+03
5693.1057 1.254718e+03 1.431233e+03
5694.3326 1.312439e+03 1.495932e+03
5695.5595 1.272185e+03 1.448946e+03
5696.7864 1.270449e+03 1.445869e+03
5698.0133 1.303199e+03 1.482016e+03
5699.2402 1.251229e+03 1.421837e+03
5700.4670 1.300677e+03 1.476909e+03
5701.6939 1.247949e+03 1.415967e+03
5702.9208 1.241571e+03 1.407669e+03
5704.1477 1.253155e+03 1.419734e+03
5705.3746 1.249286e+03 1.414288e+03
5706.6015 1.274202e+03 1.441414e+03
5707.8284 1.233454e+03 1.394275e+03
5709.0552 1.290427e+03 1.457586e+03
5710.2821 1.312717e+03 1.481659e+03
5711.5090 1.304486e+03 1.471273e+03
5712.7359 1.284494e+03 1.447650e+03
5713.9628 1.261576e+03 1.420768e+03
5715.1897 1.288551e+03 1.450073e+03
5716.4166 1.289364e+03 1.449917e+03
5717.6435 1.246598e+03 1.400793e+03
5718.8703 1.217891e+03 1.367530e+03
5720.0972 1.229012e+03 1.379005e+03
5721.3241 1.273493e+03 1.427869e+03
5722.5510 1.274440e+03 1.427886e+03
5723.7779 1.235491e+03 1.383240e+03
5725.0048 1.300370e+03 1.454817e+03
5726.2317 1.276212e+03 1.426754e+03
5727.4585 1.314134e+03 1.468085e+03
5728.6854 1.306258e+03 1.458232e+03
5729.9123 1.277169e+03 1.424730e+03
5731.1392 1.281103e+03 1.428091e+03
5732.3661 1.302784e+03 1.451217e+03
5733.5930 1.284706e+03 1.430055e+03
5734.8199 1.285455e+03 1.429866e+03
5736.0467 1.304978e+03 1.450547e+03
5737.2736 1.294295e+03 1.437649e+03
5738.5005 1.297227e+03 1.439883e+03
5739.7274 1.209717e+03 1.341799e+03
5740.9543 1.192263e+03 1.321506e+03
5742.1812 1.250988e+03 1.385619e+03
5743.4081 1.329885e+03 1.471972e+03
5744.6350 1.271646e+03 1.406524e+03
5745.8618 1.298334e+03 1.435038e+03
5747.0887 1.311345e+03 1.448409e+03
5748.3156 1.266933e+03 1.398380e+03
5749.5425 1.220769e+03 1.346492e+03
5750.7694 1.256742e+03 1.385209e+03
5751.9963 1.285657e+03 1.416102e+03
5753.2232 1.267403e+03 1.395035e+03
5754.4500 1.221876e+03 1.344000e+03
5755.6769 1.211098e+03 1.331232e+03
5756.9038 1.258918e+03 1.382849e+03
5758.1307 1.260964e+03 1.384153e+03
5759.3576 1.228271e+03 1.347349e+03
5760.5845 1.199448e+03 1.314841e+03
5761.8114 1.206820e+03 1.322028e+03
5763.0382 1.229676e+03 1.346158e+03
5764.2651 1.289103e+03 1.410266e+03
5765.4920 1.230809e+03 1.345591e+03
5766.7189 1.181349e+03 1.290656e+03
5767.9458 1.230110e+03 1.343032e+03
5769.1727 1.231109e+03 1.343230e+03
5770.3996 1.253019e+03 1.366230e+03
5771.6265 1.292896e+03 1.408779e+03
5772.8533 1.320931e+03 1.438379e+03
5774.0802 1.300578e+03 1.415286e+03
5775.3071 1.295244e+03 1.408560e+03
5776.5340 1.296474e+03 1.408977e+03
5777.7609 1.274906e+03 1.384636e+03
5778.9878 1.238617e+03 1.344352e+03
5780.2147 1.292902e+03 1.402363e+03
5781.4415 1.289947e+03 1.398257e+03
5782.6684 1.248840e+03 1.352829e+03
5783.8953 1.217905e+03 1.318473e+03
5785.1222 1.230651e+03 1.331421e+03
5786.3491 1.209994e+03 1.308240e+03
5787.5760 1.222657e+03 1.321093e+03
5788.8029 1.250888e+03 1.350742e+03
5790.0297 1.277378e+03 1.378478e+03
5791.2566 1.268472e+03 1.368007e+03
5792.4835 1.214468e+03 1.308946e+03
5793.7104 1.228189e+03 1.322910e+03
5794.9373 1.227962e+03 1.321843e+03
5796.1642 1.238352e+03 1.332202e+03
5797.3911 1.249548e+03 1.343417e+03
5798.6180 1.259081e+03 1.352834e+03
5799.8448 1.235630e+03 1.326823e+03
5801.0717 1.205980e+03 1.294194e+03
5802.2986 1.203589e+03 1.290842e+03
5803.5255 1.181166e+03 1.266026e+03
5804.7524 1.237507e+03 1.325613e+03
5805.9793 1.223353e+03 1.309663e+03
5807.2062 1.226799e+03 1.312565e+03
5808.4330 1.291736e+03 1.381216e+03
5809.6599 1.246771e+03 1.332343e+03
5810.8868 1.179688e+03 1.259908e+03
5812.1137 1.246263e+03 1.330225e+03
5813.3406 1.223303e+03 1.304950e+03
5814.5675 1.194026e+03 1.272972e+03
5815.7944 1.222337e+03 1.302395e+03
5817.0212 1.265204e+03 1.347285e+03
5818.2481 1.266533e+03 1.347919e+03
5819.4750 1.241427e+03 1.320438e+03
5820.7019 1.241386e+03 1.319637e+03
5821.9288 1.269022e+03 1.348242e+03
5823.1557 1.248267e+03 1.325436e+03
5824.3826 1.270116e+03 1.347871e+03
5825.6095 1.258905e+03 1.335219e+03
5826.8363 1.247556e+03 1.322437e+03
5828.0632 1.273827e+03 1.349529e+03
5829.2901 1.292599e+03 1.368652e+03
5830.5170 1.282855e+03 1.357581e+03
5831.7439 1.251231e+03 1.323382e+03
5832.9708 1.213775e+03 1.283059e+03
5834.1977 1.267348e+03 1.338956e+03
5835.4245 1.278445e+03 1.349942e+03
5836.6514 1.255647e+03 1.325149e+03
5837.8783 1.227805e+03 1.295064e+03
5839.1052 1.227493e+03 1.294038e+03
5840.3321 1.252946e+03 1.320163e+03
5841.5590 1.243769e+03 1.309794e+03
5842.7859 1.188333e+03 1.250751e+03
5844.0127 1.217830e+03 1.281119e+03
5845.2396 1.239838e+03 1.303584e+03
5846.4665 1.174682e+03 1.234432e+03
5847.6934 1.185106e+03 1.244737e+03
5848.9203 1.172483e+03 1.230840e+03
5850.1472 1.204019e+03 1.263293e+03
5851.3741 1.205961e+03 1.264680e+03
5852.6010 1.248872e+03 1.309011e+03
5853.8278 1.246925e+03 1.306306e+03
5855.0547 1.221101e+03 1.278605e+03
5856.2816 1.195163e+03 1.250815e+03
5857.5085 1.174892e+03 1.228984e+03
5858.7354 1.212719e+03 1.267921e+03
5859.9623 1.242158e+03 1.298056e+03
5861.1892 1.196150e+03 1.249360e+03
5862.4160 1.149194e+03 1.199726e+03
5863.6429 1.153531e+03 1.203667e+03
5864.8698 1.198392e+03 1.249870e+03
5866.0967 1.192733e+03 1.243367e+03
5867.3236 1.168222e+03 1.217230e+03
5868.5505 1.265855e+03 1.318329e+03
5869.7774 1.185195e+03 1.233739e+03
5871.0042 1.135663e+03 1.181619e+03
5872.2311 1.155733e+03 1.201937e+03
5873.4580 1.249984e+03 1.299348e+03
5874.6849 1.225712e+03 1.273526e+03
5875.9118 1.208250e+03 1.254802e+03
5877.1387 1.167270e+03 1.211686e+03
5878.3656 1.154853e+03 1.198249e+03
5879.5925 1.140808e+03 1.183139e+03
5880.8193 1.123072e+03 1.164220e+03
5882.0462 1.154261e+03 1.196014e+03
5883.2731 1.119283e+03 1.159254e+03
5884.5000 1.066235e+03 1.103822e+03
5885.7269 1.065909e+03 1.102998e+03
5886.9538 1.070543e+03 1.107309e+03
5888.1807 1.036985e+03 1.072131e+03
5889.4075 9.533467e+02 9.852319e+02
5890.6344 9.727410e+02 1.004843e+03
5891.8613 1.082928e+03 1.118188e+03
5893.0882 1.101772e+03 1.137164e+03
5894.3151 1.013374e+03 1.045484e+03
5895.5420 9.996366e+02 1.030880e+03
5896.7689 1.042314e+03 1.074443e+03
5897.9958 1.102857e+03 1.136383e+03
5899.2226 1.086291e+03 1.118854e+03
5900.4495 1.033190e+03 1.063727e+03
5901.6764 1.085620e+03 1.117254e+03
5902.9033 1.094706e+03 1.126151e+03
5904.1302 1.142173e+03 1.174512e+03
5905.3571 1.130766e+03 1.162321e+03
5906.5840 1.106078e+03 1.136496e+03
5907.8108 1.118559e+03 1.148869e+03
5909.0377 1.090967e+03 1.120094e+03
5910.2646 1.047505e+03 1.075058e+03
5911.4915 1.005646e+03 1.031702e+03
5912.7184 1.061446e+03 1.088534e+03
5913.9453 1.123867e+03 1.152112e+03
5915.1722 1.072333e+03 1.098871e+03
5916.3990 1.068513e+03 1.094550e+03
5917.6259 1.000781e+03 1.024789e+03
5918.8528 1.039820e+03 1.064375e+03
5920.0797 1.105196e+03 1.130884e+03
5921.3066 1.034342e+03 1.058001e+03
5922.5335 1.045699e+03 1.069235e+03
5923.7604 1.003139e+03 1.025353e+03
5924.9873 1.070121e+03 1.093433e+03
5926.2141 1.088811e+03 1.112142e+03
5927.4410 1.083811e+03 1.106650e+03
5928.6679 1.047116e+03 1.068815e+03
5929.8948 1.078369e+03 1.100341e+03
5931.1217 1.041153e+03 1.062008e+03
5932.3486 1.097422e+03 1.119028e+03
5933.5755 1.071481e+03 1.092213e+03
5934.8023 1.026556e+03 1.046075e+03
5936.0292 1.062944e+03 1.082800e+03
5937.2561 1.023555e+03 1.042338e+03
5938.4830 1.007128e+03 1.025281e+03
5939.7099 9.993574e+02 1.017046e+03
5940.9368 1.083138e+03 1.101963e+03
5942.1637 1.096215e+03 1.114918e+03
5943.3905 1.002395e+03 1.019182e+03
5944.6174 1.010252e+03 1.026855e+03
5945.8443 1.001958e+03 1.018116e+03
5947.0712 1.044295e+03 1.060817e+03
5948.2981 1.037704e+03 1.053807e+03
5949.5250 1.065014e+03 1.081221e+03
5950.7519 1.092661e+03 1.108965e+03
5951.9788 1.103601e+03 1.119744e+03
5953.2056 1.041956e+03 1.056895e+03
5954.4325 9.891978e+02 1.003096e+03
5955.6594 1.054135e+03 1.068645e+03
5956.8863 9.597411e+02 9.726816e+02
5958.1132 1.005095e+03 1.018367e+03
5959.3401 1.026459e+03 1.039730e+03
5960.5670 1.099968e+03 1.113889e+03
5961.7938 1.033563e+03 1.046365e+03
5963.0207 1.121143e+03 1.134731e+03
5964.2476 1.047719e+03 1.060141e+03
5965.4745 1.011442e+03 1.023170e+03
5966.7014 9.948732e+02 1.006153e+03
5967.9283 1.032582e+03 1.044026e+03
5969.1552 9.672460e+02 9.777222e+02
5970.3820 1.103852e+03 1.115533e+03
5971.6089 1.058082e+03 1.069019e+03
5972.8358 1.044144e+03 1.054683e+03
5974.0627 1.130894e+03 1.142037e+03
5975.2896 1.123577e+03 1.134382e+03
5976.5165 1.106522e+03 1.116904e+03
5977.7434 1.075488e+03 1.085331e+03
5978.9703 1.133717e+03 1.143834e+03
5980.1971 1.076035e+03 1.085395e+03
5981.4240 1.073942e+03 1.083045e+03
5982.6509 1.066898e+03 1.075708e+03
5983.8778 1.020566e+03 1.028773e+03
5985.1047 1.071115e+03 1.079500e+03
5986.3316 1.104400e+03 1.112813e+03
5987.5585 1.050894e+03 1.058681e+03
5988.7853 1.006482e+03 1.013734e+03
5990.0122 1.166273e+03 1.174443e+03
5991.2391 1.039481e+03 1.046556e+03
5992.4660 1.110924e+03 1.118268e+03
5993.6929 1.074104e+03 1.080997e+03
5994.9198 1.013017e+03 1.019326e+03
5996.1467 1.058592e+03 1.064988e+03
5997.3735 1.032096e+03 1.038142e+03
5998.6004 1.029854e+03 1.035700e+03
5999.8273 1.095217e+03 1.101240e+03
6001.0542 1.116681e+03 1.122626e+03
6002.2811 1.091066e+03 1.096687e+03
6003.5080 1.236913e+03 1.243076e+03
6004.7349 1.150362e+03 1.155903e+03
6005.9618 1.169853e+03 1.175296e+03
6007.1886 1.143680e+03 1.148818e+03
6008.4155 9.575203e+02 9.616709e+02
6009.6424 1.005542e+03 1.009745e+03
6010.8693 1.057575e+03 1.061835e+03
6012.0962 1.097866e+03 1.102125e+03
6013.3231 1.059222e+03 1.063176e+03
6014.5500 1.053066e+03 1.056846e+03
6015.7768 1.076950e+03 1.080665e+03
6017.0037 1.095603e+03 1.099232e+03
6018.2306 1.084598e+03 1.088044e+03
6019.4575 1.104249e+03 1.107612e+03
6020.6844 1.028520e+03 1.031520e+03
6021.9113 1.037314e+03 1.040209e+03
6023.1382 1.034016e+03 1.036774e+03
6024.3650 1.108397e+03 1.111221e+03
6025.5919 1.073778e+03 1.076387e+03
6026.8188 1.064965e+03 1.067431e+03
6028.0457 1.066440e+03 1.068790e+03
6029.2726 1.083223e+03 1.085492e+03
6030.4995 1.099650e+03 1.101837e+03
6031.7264 1.076800e+03 1.078830e+03
6032.9533 1.053255e+03 1.055135e+03
6034.1801 1.068512e+03 1.070315e+03
6035.4070 1.101879e+03 1.103633e+03
6036.6339 1.025789e+03 1.027328e+03
6037.8608 1.112986e+03 1.114556e+03
6039.0877 1.070264e+03 1.071681e+03
6040.3146 1.111200e+03 1.112579e+03
6041.5415 1.054580e+03 1.055803e+03
6042.7683 1.109352e+03 1.110552e+03
6043.9952 1.106513e+03 1.107627e+03
6045.2221 1.121367e+03 1.122414e+03
6046.4490 1.176521e+03 1.177537e+03
6047.6759 1.132329e+03 1.133232e+03
6048.9028 1.119467e+03 1.120287e+03
6050.1297 1.122022e+03 1.122774e+03
6051.3565 1.125447e+03 1.126136e+03
6052.5834 1.143438e+03 1.144074e+03
6053.8103 1.109979e+03 1.110537e+03
6055.0372 1.098396e+03 1.098892e+03
6056.2641 1.098013e+03 1.098457e+03
6057.4910 1.147829e+03 1.148241e+03
6058.7179 1.060236e+03 1.060571e+03
6059.9448 1.076585e+03 1.076883e+03
6061.1716 1.104243e+03 1.104508e+03
6062.3985 1.178533e+03 1.178775e+03
6063.6254 1.122803e+03 1.122998e+03
6064.8523 1.097114e+03 1.097272e+03
6066.0792 1.127790e+03 1.127923e+03
6067.3061 1.085958e+03 1.086060e+03
6068.5330 1.112216e+03 1.112297e+03
6069.7598 1.179996e+03 1.180061e+03
6070.9867 1.162068e+03 1.162113e+03
6072.2136 1.161800e+03 1.161830e+03
6073.4405 1.285999e+03 1.286020e+03
6074.6674 1.387540e+03 1.387551e+03
6075.8943 1.416243e+03 1.416247e+03
6077.1212 1.461096e+03 1.461096e+03
6078.3480 1.478412e+03 1.478412e+03
6079.5749 1.409886e+03 1.409890e+03
6080.8018 1.256080e+03 1.256090e+03
6082.0287 1.185745e+03 1.185764e+03
6083.2556 1.157247e+03 1.157277e+03
6084.4825 1.124130e+03 1.124174e+03
6085.7094 1.131388e+03 1.131450e+03
6086.9363 1.135468e+03 1.135551e+03
6088.1631 1.115494e+03 1.115599e+03
6089.3900 1.136534e+03 1.136667e+03
6090.6169 1.107066e+03 1.107224e+03
6091.8438 1.073485e+03 1.073668e+03
6093.0707 1.027350e+03 1.027557e+03
6094.2976 1.074278e+03 1.074530e+03
6095.5245 1.109597e+03 1.109897e+03
6096.7513 1.053105e+03 1.053431e+03
6097.9782 1.001332e+03 1.001682e+03
6099.2051 1.066965e+03 1.067385e+03
6100.4320 1.085754e+03 1.086231e+03
6101.6589 1.066052e+03 1.066572e+03
6102.8858 1.084308e+03 1.084891e+03
6104.1127 1.079810e+03 1.080449e+03
6105.3395 1.080499e+03 1.081198e+03
6106.5664 1.113265e+03 1.114050e+03
6107.7933 1.083540e+03 1.084370e+03
6109.0202 1.101783e+03 1.102696e+03
6110.2471 1.081268e+03 1.082235e+03
6111.4740 1.007438e+03 1.008407e+03
6112.7009 1.083119e+03 1.084237e+03
6113.9278 1.089283e+03 1.090487e+03
6115.1546 1.166765e+03 1.168141e+03
6116.3815 1.165461e+03 1.166927e+03
6117.6084 1.121436e+03 1.122936e+03
6118.8353 1.063639e+03 1.065149e+03
6120.0622 1.095587e+03 1.097235e+03
6121.2891 1.198118e+03 1.200024e+03
6122.5160 1.135946e+03 1.137854e+03
6123.7428 1.098064e+03 1.100010e+03
6124.9697 1.057037e+03 1.059009e+03
6126.1966 1.067689e+03 1.069783e+03
6127.4235 1.066571e+03 1.068768e+03
6128.6504 1.042419e+03 1.044671e+03
6129.8773 1.080188e+03 1.082634e+03
6131.1042 1.109276e+03 1.111904e+03
6132.3310 1.151642e+03 1.154494e+03
6133.5579 1.142119e+03 1.145073e+03
6134.7848 1.115999e+03 1.119010e+03
6136.0117 1.075861e+03 1.078888e+03
6137.2386 1.038334e+03 1.041376e+03
6138.4655 1.140520e+03 1.143997e+03
6139.6924 1.090320e+03 1.093776e+03
6140.9193 1.053944e+03 1.057414e+03
6142.1461 9.481014e+02 9.513420e+02
6143.3730 1.073836e+03 1.077644e+03
6144.5999 1.051484e+03 1.055349e+03
6145.8268 1.047495e+03 1.051483e+03
6147.0537 1.119321e+03 1.123733e+03
6148.2806 1.056492e+03 1.060800e+03
6149.5075 1.048770e+03 1.053192e+03
6150.7343 1.044679e+03 1.049230e+03
6151.9612 1.044855e+03 1.049556e+03
6153.1881 1.081156e+03 1.086177e+03
6154.4150 1.118824e+03 1.124184e+03
6155.6419 1.051912e+03 1.057108e+03
6156.8688 1.106659e+03 1.112293e+03
6158.0957 1.071021e+03 1.076637e+03
6159.3225 1.135143e+03 1.141272e+03
6160.5494 1.075671e+03 1.081648e+03
6161.7763 1.110709e+03 1.117057e+03
6163.0032 1.102934e+03 1.109416e+03
6164.2301 1.057493e+03 1.063880e+03
6165.4570 1.005993e+03 1.012236e+03
6166.6839 1.076444e+03 1.083304e+03
6167.9108 1.118561e+03 1.125878e+03
6169.1376 9.895757e+02 9.962188e+02
6170.3645 1.031382e+03 1.038484e+03
6171.5914 1.099949e+03 1.107717e+03
6172.8183 1.127088e+03 1.135247e+03
6174.0452 1.062068e+03 1.069946e+03
6175.2721 1.119112e+03 1.127615e+03
6176.4990 9.995751e+02 1.007353e+03
6177.7258 1.038125e+03 1.046395e+03
6178.9527 1.070580e+03 1.079308e+03
6180.1796 1.056759e+03 1.065573e+03
6181.4065 1.096915e+03 1.106273e+03
6182.6334 1.038363e+03 1.047421e+03
6183.8603 1.082935e+03 1.092593e+03
6185.0872 1.033650e+03 1.043070e+03
6186.3140 1.005370e+03 1.014731e+03
6187.5409 1.004306e+03 1.013858e+03
6188.7678 1.012259e+03 1.022090e+03
6189.9947 1.054398e+03 1.064853e+03
6191.2216 1.078347e+03 1.089260e+03
6192.4485 1.134914e+03 1.146634e+03
6193.6754 1.075289e+03 1.086618e+03
6194.9023 1.069089e+03 1.080577e+03
6196.1291 1.143802e+03 1.156335e+03
6197.3560 1.117167e+03 1.129647e+03
6198.5829 1.043901e+03 1.055788e+03
6199.8098 1.056178e+03 1.068434e+03
6201.0367 1.055847e+03 1.068330e+03
6202.2636 1.055515e+03 1.068226e+03
6203.4905 1.055181e+03 1.068123e+03
6204.7173 1.054845e+03 1.068019e+03
6205.9442 1.054508e+03 1.067916e+03
6207.1711 1.054169e+03 1.067811e+03
6208.3980 1.053829e+03 1.067708e+03
6209.6249 1.053487e+03 1.067604e+03
6210.8518 1.053144e+03 1.067500e+03
6212.0787 1.052799e+03 1.067396e+03
6213.3055 1.052453e+03 1.067292e+03
6214.5324 1.052105e+03 1.067188e+03
6215.7593 1.051756e+03 1.067084e+03
6216.9862 1.051405e+03 1.066980e+03
6218.2131 1.051054e+03 1.066877e+03
6219.4400 1.050700e+03 1.066773e+03
6220.6669 1.050345e+03 1.066669e+03
6221.8938 1.049990e+03 1.066566e+03
6223.1206 1.049632e+03 1.066461e+03
6224.3475 1.049273e+03 1.066358e+03
6225.5744 1.048914e+03 1.066254e+03
6226.8013 1.048552e+03 1.066150e+03
6228.0282 1.048189e+03 1.066046e+03
6229.2551 1.047825e+03 1.065942e+03
6230.4820 1.047461e+03 1.065839e+03
6231.7088 1.047094e+03 1.065734e+03
6232.9357 1.046726e+03 1.065630e+03
6234.1626 1.046357e+03 1.065526e+03
6235.3895 1.045987e+03 1.065422e+03
6236.6164 1.045617e+03 1.065319e+03
6237.8433 1.045244e+03 1.065215e+03
6239.0702 1.044871e+03 1.065112e+03
6240.2971 1.044497e+03 1.065007e+03
6241.5239 1.044121e+03 1.064903e+03
6242.7508 1.043744e+03 1.064799e+03
6243.9777 1.043366e+03 1.064695e+03
6245.2046 1.042988e+03 1.064592e+03
6246.4315 1.042608e+03 1.064488e+03
6247.6584 1.042227e+03 1.064384e+03
6248.8853 1.041845e+03 1.064280e+03
6250.1121 1.041462e+03 1.064176e+03
6251.3390 1.041078e+03 1.064072e+03
6252.5659 1.040693e+03 1.063968e+03
6253.7928 1.040307e+03 1.063864e+03
6255.0197 1.039921e+03 1.063760e+03
6256.2466 1.039533e+03 1.063656e+03
6257.4735 1.039145e+03 1.063552e+03
6258.7003 1.038756e+03 1.063449e+03
6259.9272 1.038365e+03 1.063344e+03
6261.1541 1.037975e+03 1.063241e+03
6262.3810 1.037583e+03 1.063136e+03
6263.6079 1.037190e+03 1.063032e+03
6264.8348 1.036796e+03 1.062928e+03
6266.0617 1.036402e+03 1.062825e+03
6267.2886 1.036007e+03 1.062721e+03
6268.5154 1.035730e+03 1.062739e+03
6269.7423 1.030137e+03 1.057302e+03
6270.9692 1.041863e+03 1.069642e+03
6272.1961 1.147832e+03 1.178775e+03
6273.4230 1.052718e+03 1.081407e+03
6274.6499 1.006788e+03 1.034524e+03
6275.8768 1.029175e+03 1.057833e+03
6277.1036 1.000318e+03 1.028471e+03
6278.3305 9.782985e+02 1.006124e+03
6279.5574 1.007151e+03 1.036099e+03
6280.7843 9.970013e+02 1.025957e+03
6282.0112 1.019420e+03 1.049334e+03
6283.2381 1.000715e+03 1.030382e+03
6284.4650 1.083500e+03 1.115949e+03
6285.6918 1.120068e+03 1.153952e+03
6286.9187 1.084378e+03 1.117513e+03
6288.1456 1.041015e+03 1.073142e+03
6289.3725 1.026492e+03 1.058484e+03
6290.5994 1.018077e+03 1.050119e+03
6291.8263 1.078470e+03 1.112745e+03
6293.0532 1.082447e+03 1.117181e+03
6294.2801 1.034840e+03 1.068365e+03
6295.5069 9.821783e+02 1.014301e+03
6296.7338 1.040278e+03 1.074624e+03
6297.9607 1.079825e+03 1.115811e+03
6299.1876 9.615909e+02 9.939355e+02
6300.4145 1.024783e+03 1.059572e+03
6301.6414 1.023786e+03 1.058860e+03
6302.8683 9.343268e+02 9.666289e+02
6304.0951 9.438156e+02 9.767412e+02
6305.3220 1.100875e+03 1.139625e+03
6306.5489 1.080464e+03 1.118835e+03
6307.7758 1.082648e+03 1.121437e+03
6309.0027 1.106638e+03 1.146635e+03
6310.2296 1.048210e+03 1.086426e+03
6311.4565 1.031080e+03 1.068997e+03
6312.6833 1.108549e+03 1.149666e+03
6313.9102 1.047334e+03 1.086513e+03
6315.1371 1.052602e+03 1.092311e+03
6316.3640 1.108520e+03 1.150690e+03
6317.5909 9.929033e+02 1.030991e+03
6318.8178 9.460983e+02 9.826919e+02
6320.0447 9.671526e+02 1.004869e+03
6321.2716 8.787657e+02 9.133152e+02
6322.4984 1.070088e+03 1.112501e+03
6323.7253 1.040339e+03 1.081905e+03
6324.9522 1.127915e+03 1.173341e+03
6326.1791 1.070992e+03 1.114469e+03
6327.4060 1.102020e+03 1.147109e+03
6328.6329 1.150855e+03 1.198311e+03
6329.8598 1.104316e+03 1.150207e+03
6331.0866 1.092395e+03 1.138141e+03
6332.3135 1.068952e+03 1.114060e+03
6333.5404 1.040243e+03 1.084473e+03
6334.7673 1.042642e+03 1.087309e+03
6335.9942 1.083653e+03 1.130426e+03
6337.2211 1.112162e+03 1.160522e+03
6338.4480 1.074182e+03 1.121237e+03
6339.6748 1.038575e+03 1.084404e+03
6340.9017 1.062956e+03 1.110203e+03
6342.1286 1.018597e+03 1.064200e+03
6343.3555 1.034982e+03 1.081653e+03
6344.5824 1.045486e+03 1.092967e+03
6345.8093 1.109206e+03 1.159938e+03
6347.0362 1.035369e+03 1.083057e+03
6348.2631 1.024531e+03 1.072050e+03
6349.4899 1.058561e+03 1.108000e+03
6350.7168 1.081527e+03 1.132385e+03
6351.9437 1.017741e+03 1.065927e+03
6353.1706 9.948660e+02 1.042290e+03
6354.3975 1.045042e+03 1.095193e+03
6355.6244 1.117225e+03 1.171200e+03
6356.8513 1.071789e+03 1.123913e+03
6358.0781 1.026548e+03 1.076802e+03
6359.3050 1.055380e+03 1.107385e+03
6360.5319 1.062605e+03 1.115307e+03
6361.7588 1.048934e+03 1.101293e+03
6362.9857 1.007409e+03 1.058019e+03
6364.2126 9.943008e+02 1.044570e+03
6365.4395 1.067362e+03 1.121667e+03
6366.6663 1.087456e+03 1.143131e+03
6367.8932 1.034657e+03 1.087959e+03
6369.1201 9.980693e+02 1.049805e+03
6370.3470 1.020409e+03 1.073629e+03
6371.5739 1.031351e+03 1.085470e+03
6372.8008 1.053876e+03 1.109512e+03
6374.0277 1.059251e+03 1.115507e+03
6375.2546 1.058833e+03 1.115403e+03
6376.4814 1.038214e+03 1.094012e+03
6377.7083 1.040086e+03 1.096314e+03
6378.9352 1.056260e+03 1.113697e+03
6380.1621 1.060887e+03 1.118911e+03
6381.3890 1.095299e+03 1.155551e+03
6382.6159 1.101414e+03 1.162349e+03
6383.8428 1.095602e+03 1.156560e+03
6385.0696 1.091385e+03 1.152451e+03
6386.2965 1.085557e+03 1.146636e+03
6387.5234 1.078757e+03 1.139792e+03
6388.7503 1.065791e+03 1.126426e+03
6389.9772 1.082435e+03 1.144354e+03
6391.2041 1.062351e+03 1.123452e+03
6392.4310 1.100681e+03 1.164329e+03
6393.6578 1.105802e+03 1.170089e+03
6394.8847 1.056490e+03 1.118237e+03
6396.1116 1.074052e+03 1.137158e+03
6397.3385 9.472767e+02 1.003226e+03
6398.5654 1.019261e+03 1.079775e+03
6399.7923 1.081234e+03 1.145759e+03
6401.0192 1.148023e+03 1.216885e+03
6402.2461 1.134038e+03 1.202409e+03
6403.4729 1.114760e+03 1.182309e+03
6404.6998 1.119333e+03 1.187499e+03
6405.9267 1.013968e+03 1.076025e+03
6407.1536 9.714290e+02 1.031177e+03
6408.3805 1.002935e+03 1.064923e+03
6409.6074 1.002866e+03 1.065151e+03
6410.8343 1.108071e+03 1.177223e+03
6412.0611 1.061728e+03 1.128307e+03
6413.2880 9.958585e+02 1.058604e+03
6414.5149 1.021816e+03 1.086501e+03
6415.7418 1.054169e+03 1.121216e+03
6416.9687 1.061216e+03 1.129025e+03
6418.1956 1.060051e+03 1.128098e+03
6419.4225 1.061943e+03 1.130424e+03
6420.6493 1.056053e+03 1.124464e+03
6421.8762 1.051943e+03 1.120396e+03
6423.1031 1.022252e+03 1.089070e+03
6424.3300 1.013231e+03 1.079754e+03
6425.5569 1.059576e+03 1.129448e+03
6426.7838 1.086009e+03 1.157938e+03
6428.0107 1.078771e+03 1.150531e+03
6429.2376 1.058109e+03 1.128797e+03
6430.4644 1.062972e+03 1.134288e+03
6431.6913 1.076137e+03 1.148643e+03
6432.9182 1.096446e+03 1.170632e+03
6434.1451 1.094407e+03 1.168763e+03
6435.3720 1.104574e+03 1.179932e+03
6436.5989 1.085260e+03 1.159604e+03
6437.8258 1.048106e+03 1.120197e+03
6439.0526 1.043477e+03 1.115540e+03
6440.2795 1.025649e+03 1.096764e+03
6441.5064 1.068909e+03 1.143318e+03
6442.7333 1.075660e+03 1.150834e+03
6443.9602 1.064801e+03 1.139507e+03
6445.1871 1.063220e+03 1.138104e+03
6446.4140 1.091153e+03 1.168301e+03
6447.6408 1.040498e+03 1.114344e+03
6448.8677 1.017909e+03 1.090426e+03
6450.0946 1.099058e+03 1.177649e+03
6451.3215 1.078078e+03 1.155456e+03
6452.5484 1.062399e+03 1.138932e+03
6453.7753 1.099848e+03 1.179368e+03
6455.0022 1.159817e+03 1.243977e+03
6456.2291 1.069314e+03 1.147186e+03
6457.4559 1.046454e+03 1.122933e+03
6458.6828 1.060131e+03 1.137882e+03
6459.9097 1.052116e+03 1.129550e+03
6461.1366 1.046840e+03 1.124153e+03
6462.3635 9.922280e+02 1.065759e+03
6463.5904 1.114113e+03 1.196958e+03
6464.8173 1.053975e+03 1.132613e+03
6466.0441 9.694443e+02 1.042017e+03
6467.2710 1.006252e+03 1.081830e+03
6468.4979 1.012534e+03 1.088834e+03
6469.7248 1.016344e+03 1.093181e+03
6470.9517 9.869478e+02 1.061802e+03
6472.1786 1.027968e+03 1.106183e+03
6473.4055 1.005553e+03 1.082304e+03
6474.6323 1.022285e+03 1.100559e+03
6475.8592 9.591733e+02 1.032843e+03
6477.0861 9.832134e+02 1.058962e+03
6478.3130 9.504648e+02 1.023914e+03
6479.5399 9.429509e+02 1.016039e+03
6480.7668 9.795164e+02 1.055666e+03
6481.9937 9.928198e+02 1.070232e+03
6483.2206 9.393517e+02 1.012810e+03
6484.4474 9.502430e+02 1.024768e+03
6485.6743 9.869042e+02 1.064527e+03
6486.9012 9.837411e+02 1.061336e+03
6488.1281 9.483536e+02 1.023368e+03
6489.3550 9.873192e+02 1.065633e+03
6490.5819 9.935327e+02 1.072557e+03
6491.8088 9.303788e+02 1.004582e+03
6493.0356 9.258773e+02 9.999211e+02
6494.2625 9.547136e+02 1.031268e+03
6495.4894 9.791509e+02 1.057873e+03
6496.7163 9.628214e+02 1.040433e+03
6497.9432 9.870463e+02 1.066817e+03
6499.1701 1.053800e+03 1.139183e+03
6500.3970 1.007188e+03 1.089002e+03
6501.6238 1.006767e+03 1.088752e+03
6502.8507 1.021755e+03 1.105167e+03
6504.0776 9.952306e+02 1.076676e+03
6505.3045 9.890576e+02 1.070194e+03
6506.5314 1.019027e+03 1.102823e+03
6507.7583 9.934753e+02 1.075363e+03
6508.9852 1.053214e+03 1.140229e+03
6510.2121 1.059439e+03 1.147171e+03
6511.4389 9.858246e+02 1.067648e+03
6512.6658 1.002060e+03 1.085419e+03
6513.8927 9.198442e+02 9.965347e+02
6515.1196 1.043639e+03 1.130843e+03
6516.3465 1.103497e+03 1.195904e+03
6517.5734 1.144032e+03 1.240039e+03
6518.8003 1.070242e+03 1.160247e+03
6520.0271 1.038154e+03 1.125645e+03
6521.2540 1.068858e+03 1.159123e+03
6522.4809 1.075771e+03 1.166805e+03
6523.7078 1.073363e+03 1.164377e+03
6524.9347 1.013211e+03 1.099296e+03
6526.1616 9.778799e+02 1.061127e+03
6527.3885 1.056999e+03 1.147156e+03
6528.6153 1.117224e+03 1.212700e+03
6529.8422 1.080284e+03 1.172778e+03
6531.0691 1.090620e+03 1.184172e+03
6532.2960 1.086640e+03 1.180022e+03
6533.5229 1.021879e+03 1.109855e+03
6534.7498 1.058098e+03 1.149354e+03
6535.9767 1.006836e+03 1.093824e+03
6537.2036 9.989600e+02 1.085417e+03
6538.4304 1.062031e+03 1.154104e+03
6539.6573 9.848063e+02 1.070328e+03
6540.8842 9.589207e+02 1.042332e+03
6542.1111 1.042902e+03 1.133767e+03
6543.3380 1.032497e+03 1.122600e+03
6544.5649 1.041933e+03 1.133002e+03
6545.7918 1.044407e+03 1.135834e+03
6547.0186 1.044069e+03 1.135607e+03
6548.2455 1.075802e+03 1.170263e+03
6549.4724 9.902573e+02 1.077335e+03
6550.6993 9.452994e+02 1.028545e+03
6551.9262 9.961050e+02 1.083950e+03
6553.1531 1.026912e+03 1.117600e+03
6554.3800 9.905900e+02 1.078191e+03
6555.6068 9.891777e+02 1.076772e+03
6556.8337 9.652544e+02 1.050844e+03
6558.0606 9.756332e+02 1.062255e+03
6559.2875 9.439150e+02 1.027828e+03
6560.5144 1.004955e+03 1.094406e+03
6561.7413 1.043148e+03 1.136113e+03
6562.9682 1.031144e+03 1.123149e+03
6564.1951 1.025073e+03 1.116644e+03
6565.4219 9.896899e+02 1.078202e+03
6566.6488 1.015481e+03 1.106403e+03
6567.8757 9.514159e+02 1.036695e+03
6569.1026 9.345731e+02 1.018433e+03
6570.3295 1.017713e+03 1.109129e+03
6571.5564 1.015854e+03 1.107197e+03
6572.7833 9.674694e+02 1.054549e+03
6574.0101 9.554976e+02 1.041584e+03
6575.2370 9.941917e+02 1.083850e+03
6576.4639 9.743803e+02 1.062334e+03
6577.6908 9.973269e+02 1.087434e+03
6578.9177 9.512573e+02 1.037278e+03
6580.1446 9.976268e+02 1.087918e+03
6581.3715 9.981897e+02 1.088607e+03
6582.5984 9.722002e+02 1.060335e+03
6583.8252 9.728677e+02 1.061132e+03
6585.0521 9.888031e+02 1.078582e+03
6586.2790 9.898950e+02 1.079839e+03
6587.5059 1.021913e+03 1.114833e+03
6588.7328 1.030082e+03 1.123810e+03
6589.9597 1.007870e+03 1.099637e+03
6591.1866 9.997932e+02 1.090884e+03
6592.4134 9.789241e+02 1.068168e+03
6593.6403 9.637206e+02 1.051631e+03
6594.8672 1.001860e+03 1.093302e+03
6596.0941 9.573727e+02 1.044802e+03
6597.3210 9.464897e+02 1.032970e+03
6598.5479 9.676983e+02 1.056161e+03
6599.7748 9.761545e+02 1.065433e+03
6601.0016 9.778036e+02 1.067273e+03
6602.2285 9.809737e+02 1.070772e+03
6603.4554 9.034122e+02 9.861443e+02
6604.6823 9.139323e+02 9.976599e+02
6605.9092 9.819526e+02 1.071944e+03
6607.1361 9.640087e+02 1.052385e+03
6608.3630 9.713952e+02 1.060477e+03
6609.5899 9.423812e+02 1.028827e+03
6610.8167 9.691596e+02 1.058086e+03
6612.0436 1.037941e+03 1.133201e+03
6613.2705 1.030806e+03 1.125433e+03
6614.4974 9.707177e+02 1.059846e+03
6615.7243 1.002711e+03 1.094793e+03
6616.9512 9.747601e+02 1.064289e+03
6618.1781 1.062245e+03 1.159822e+03
6619.4049 1.015429e+03 1.108714e+03
6620.6318 9.640071e+02 1.052576e+03
6621.8587 9.716949e+02 1.060975e+03
6623.0856 9.855150e+02 1.076069e+03
6624.3125 8.993478e+02 9.819851e+02
6625.5394 9.181003e+02 1.002460e+03
6626.7663 9.683216e+02 1.057293e+03
6627.9931 9.567272e+02 1.044628e+03
6629.2200 9.822228e+02 1.072459e+03
6630.4469 1.004176e+03 1.096421e+03
6631.6738 1.050271e+03 1.146737e+03
6632.9007 1.043878e+03 1.139743e+03
6634.1276 1.029138e+03 1.123635e+03
6635.3545 9.743652e+02 1.063815e+03
6636.5814 9.663110e+02 1.055003e+03
6637.8082 1.026902e+03 1.121133e+03
6639.0351 1.003501e+03 1.095561e+03
6640.2620 9.507460e+02 1.037942e+03
6641.4889 1.019072e+03 1.112505e+03
6642.7158 1.051312e+03 1.147671e+03
6643.9427 1.026373e+03 1.120413e+03
6645.1696 1.000965e+03 1.092643e+03
6646.3964 9.552763e+02 1.042736e+03
6647.6233 9.497210e+02 1.036636e+03
6648.8502 9.577255e+02 1.045335e+03
6650.0771 9.776340e+02 1.067024e+03
6651.3040 9.479531e+02 1.034587e+03
6652.5309 9.394238e+02 1.025236e+03
6653.7578 1.030107e+03 1.124153e+03
6654.9846 1.093832e+03 1.193641e+03
6656.2115 1.027439e+03 1.121137e+03
6657.4384 9.497513e+02 1.036314e+03
6658.6653 9.423313e+02 1.028165e+03
6659.8922 9.741326e+02 1.062807e+03
6661.1191 9.457852e+02 1.031823e+03
6662.3460 8.912430e+02 9.722642e+02
6663.5729 9.551080e+02 1.041875e+03
6664.7997 9.250678e+02 1.009045e+03
6666.0266 9.174051e+02 1.000625e+03
6667.2535 9.386896e+02 1.023775e+03
6668.4804 9.581461e+02 1.044927e+03
6669.7073 9.212314e+02 1.004602e+03
6670.9342 9.214352e+02 1.004756e+03
6672.1611 1.021918e+03 1.114247e+03
6673.3879 1.019073e+03 1.111065e+03
6674.6148 9.776268e+02 1.065798e+03
6675.8417 9.750967e+02 1.062960e+03
6677.0686 9.573810e+02 1.043568e+03
6678.2955 9.406462e+02 1.025246e+03
6679.5224 9.692900e+02 1.056381e+03
6680.7493 1.009168e+03 1.099751e+03
6681.9761 9.678146e+02 1.054598e+03
6683.2030 9.271782e+02 1.010231e+03
6684.4299 9.427021e+02 1.027057e+03
6685.6568 9.604382e+02 1.046287e+03
6686.8837 9.659392e+02 1.052185e+03
6688.1106 9.436468e+02 1.027808e+03
6689.3375 9.561360e+02 1.041314e+03
6690.5644 1.004883e+03 1.094300e+03
6691.7912 9.638525e+02 1.049517e+03
6693.0181 9.482620e+02 1.032439e+03
6694.2450 9.621873e+02 1.047496e+03
6695.4719 9.917147e+02 1.079532e+03
6696.6988 9.523251e+02 1.036548e+03
6697.9257 9.657898e+02 1.051094e+03
6699.1526 1.039184e+03 1.130852e+03
6700.3794 9.233191e+02 1.004658e+03
6701.6063 9.874354e+02 1.074306e+03
6702.8332 8.545965e+02 9.296780e+02
6704.0601 9.707735e+02 1.055944e+03
6705.2870 9.437674e+02 1.026452e+03
6706.5139 9.630930e+02 1.047351e+03
6707.7408 9.628130e+02 1.046925e+03
6708.9676 9.742088e+02 1.059192e+03
6710.1945 9.760487e+02 1.061066e+03
6711.4214 9.690502e+02 1.053331e+03
6712.6483 8.981986e+02 9.761985e+02
6713.8752 9.135106e+02 9.927180e+02
6715.1021 9.653296e+02 1.048899e+03
6716.3290 8.908849e+02 9.678882e+02
6717.5559 8.857133e+02 9.621472e+02
6718.7827 9.171329e+02 9.961501e+02
6720.0096 9.131367e+02 9.916809e+02
6721.2365 9.072019e+02 9.851064e+02
6722.4634 9.135962e+02 9.919185e+02
6723.6903 9.396890e+02 1.020112e+03
6724.9172 8.937772e+02 9.701396e+02
6726.1441 8.897250e+02 9.656096e+02
6727.3709 9.011591e+02 9.778845e+02
6728.5978 9.811773e+02 1.064568e+03
6729.8247 9.847772e+02 1.068324e+03
6731.0516 9.954032e+02 1.079699e+03
6732.2785 8.759160e+02 9.499580e+02
6733.5054 8.429111e+02 9.140320e+02
6734.7323 8.749467e+02 9.486333e+02
6735.9591 9.189658e+02 9.962144e+02
6737.1860 8.982392e+02 9.736023e+02
6738.4129 9.355134e+02 1.013854e+03
6739.6398 9.281804e+02 1.005757e+03
6740.8667 9.463988e+02 1.025344e+03
6742.0936 9.568186e+02 1.036476e+03
6743.3205 8.958942e+02 9.703311e+02
6744.5474 9.013533e+02 9.760940e+02
6745.7742 9.165004e+02 9.923438e+02
6747.0011 9.166712e+02 9.923743e+02
6748.2280 9.504755e+02 1.028809e+03
6749.4549 9.120460e+02 9.870569e+02
6750.6818 9.414662e+02 1.018735e+03
6751.9087 9.015275e+02 9.753630e+02
6753.1356 9.080189e+02 9.822285e+02
6754.3624 9.412060e+02 1.017964e+03
6755.5893 9.671523e+02 1.045856e+03
6756.8162 9.171520e+02 9.916250e+02
6758.0431 9.043143e+02 9.775845e+02
6759.2700 9.338596e+02 1.009357e+03
6760.4969 9.635005e+02 1.041222e+03
6761.7238 9.759696e+02 1.054521e+03
6762.9506 9.248650e+02 9.991357e+02
6764.1775 9.258810e+02 1.000065e+03
6765.4044 8.887089e+02 9.597523e+02
6766.6313 9.023819e+02 9.743528e+02
6767.8582 9.358123e+02 1.010277e+03
6769.0851 9.774767e+02 1.055076e+03
6770.3120 1.014790e+03 1.095163e+03
6771.5389 1.055383e+03 1.138774e+03
6772.7657 1.003577e+03 1.082687e+03
6773.9926 9.536422e+02 1.028637e+03
6775.2195 9.791682e+02 1.055986e+03
6776.4464 9.522921e+02 1.026821e+03
6777.6733 9.080983e+02 9.789961e+02
6778.9002 1.101158e+03 1.186918e+03
6780.1271 1.158149e+03 1.248127e+03
6781.3539 1.213097e+03 1.307112e+03
6782.5808 2.026479e+03 2.183142e+03
6783.8077 4.695459e+03 5.057549e+03
6785.0346 8.502162e+03 9.156162e+03
6786.2615 1.069318e+04 1.151364e+04
6787.4884 1.098643e+04 1.182726e+04
6788.7153 1.032540e+04 1.111363e+04
6789.9421 9.160799e+03 9.858338e+03
6791.1690 7.632119e+03 8.211766e+03
6792.3959 5.721096e+03 6.154482e+03
6793.6228 3.624017e+03 3.897834e+03
6794.8497 2.080535e+03 2.237323e+03
6796.0766 1.304871e+03 1.402948e+03
6797.3035 1.056417e+03 1.135611e+03
6798.5304 9.959451e+02 1.070409e+03
6799.7572 9.695815e+02 1.041883e+03
6800.9841 9.655967e+02 1.037409e+03
6802.2110 1.010688e+03 1.085653e+03
6803.4379 1.017824e+03 1.093117e+03
6804.6648 1.015088e+03 1.089977e+03
6805.8917 1.090766e+03 1.171021e+03
6807.1186 1.140315e+03 1.223987e+03
6808.3454 1.173659e+03 1.259545e+03
6809.5723 1.145511e+03 1.229108e+03
6810.7992 1.093419e+03 1.172997e+03
6812.0261 1.074247e+03 1.152215e+03
6813.2530 9.848379e+02 1.056120e+03
6814.4799 1.010977e+03 1.083949e+03
6815.7068 9.927921e+02 1.064253e+03
6816.9336 9.002366e+02 9.648555e+02
6818.1605 8.941437e+02 9.581467e+02
6819.3874 9.377465e+02 1.004683e+03
6820.6143 9.481563e+02 1.015647e+03
6821.8412 8.836909e+02 9.464165e+02
6823.0681 9.734472e+02 1.042350e+03
6824.2950 9.674308e+02 1.035715e+03
6825.5219 9.094059e+02 9.734133e+02
6826.7487 8.391915e+02 8.980901e+02
6827.9756 8.741345e+02 9.353118e+02
6829.2025 9.237906e+02 9.882598e+02
6830.4294 9.086458e+02 9.718779e+02
6831.6563 9.228137e+02 9.868491e+02
6832.8832 8.473925e+02 9.060269e+02
6834.1101 8.387809e+02 8.966538e+02
6835.3369 8.327272e+02 8.900183e+02
6836.5638 8.723093e+02 9.321521e+02
6837.7907 8.770486e+02 9.370444e+02
6839.0176 9.018438e+02 9.633591e+02
6840.2445 8.820804e+02 9.420752e+02
6841.4714 8.902703e+02 9.506484e+02
6842.6983 8.406033e+02 8.974495e+02
6843.9251 9.245029e+02 9.868435e+02
6845.1520 8.910483e+02 9.509604e+02
6846.3789 8.425690e+02 8.990588e+02
6847.6058 8.237418e+02 8.788108e+02
6848.8327 8.221837e+02 8.769908e+02
6850.0596 8.947577e+02 9.542314e+02
6851.2865 8.455915e+02 9.016360e+02
6852.5134 8.537804e+02 9.102053e+02
6853.7402 8.735098e+02 9.310732e+02
6854.9671 8.791771e+02 9.369481e+02
6856.1940 8.914921e+02 9.499047e+02
6857.4209 8.573358e+02 9.133499e+02
6858.6478 8.695961e+02 9.262490e+02
6859.8747 9.143257e+02 9.737229e+02
6861.1016 8.872332e+02 9.447063e+02
6862.3284 8.685994e+02 9.247056e+02
6863.5553 7.682014e+02 8.176816e+02
6864.7822 7.475309e+02 7.955435e+02
6866.0091 7.211747e+02 7.673635e+02
6867.2360 7.243138e+02 7.705730e+02
6868.4629 6.980371e+02 7.424927e+02
6869.6898 6.497297e+02 6.909927e+02
6870.9166 6.380054e+02 6.784104e+02
6872.1435 6.316004e+02 6.714882e+02
6873.3704 6.427884e+02 6.832698e+02
6874.5973 6.912559e+02 7.346689e+02
6875.8242 7.281093e+02 7.737104e+02
6877.0511 7.382788e+02 7.843896e+02
6878.2780 7.336600e+02 7.793567e+02
6879.5049 7.612789e+02 8.085663e+02
6880.7317 8.070193e+02 8.570115e+02
6881.9586 8.425673e+02 8.946201e+02
6883.1855 8.483824e+02 9.006531e+02
6884.4124 8.232416e+02 8.738271e+02
6885.6393 7.655035e+02 8.124155e+02
6886.8662 7.657565e+02 8.125593e+02
6888.0931 7.722813e+02 8.193582e+02
6889.3199 7.327864e+02 7.773384e+02
6890.5468 6.901661e+02 7.320171e+02
6891.7737 7.061499e+02 7.488589e+02
6893.0006 7.833521e+02 8.306082e+02
6894.2275 8.057120e+02 8.541921e+02
6895.4544 8.319578e+02 8.818896e+02
6896.6813 8.002181e+02 8.481235e+02
6897.9081 7.597238e+02 8.050908e+02
6899.1350 7.319005e+02 7.754971e+02
6900.3619 7.913063e+02 8.383250e+02
6901.5888 8.191951e+02 8.677515e+02
6902.8157 8.567554e+02 9.074146e+02
6904.0426 8.715363e+02 9.229451e+02
6905.2695 9.053005e+02 9.585732e+02
6906.4964 9.215102e+02 9.756084e+02
6907.7232 9.085914e+02 9.618062e+02
6908.9501 8.581062e+02 9.082473e+02
6910.1770 8.649351e+02 9.153591e+02
6911.4039 8.156937e+02 8.631389e+02
6912.6308 8.248033e+02 8.726704e+02
6913.8577 8.621430e+02 9.120659e+02
6915.0846 8.545438e+02 9.039180e+02
6916.3114 8.375017e+02 8.857861e+02
6917.5383 8.026168e+02 8.487908e+02
6918.7652 8.453982e+02 8.939304e+02
6919.9921 7.874044e+02 8.325129e+02
6921.2190 7.750485e+02 8.193579e+02
6922.4459 8.064525e+02 8.524636e+02
6923.6728 7.631422e+02 8.065952e+02
6924.8997 7.907545e+02 8.356912e+02
6926.1265 7.976328e+02 8.428726e+02
6927.3534 7.850001e+02 8.294385e+02
6928.5803 7.765220e+02 8.203982e+02
6929.8072 7.731298e+02 8.167339e+02
6931.0341 8.166915e+02 8.626692e+02
6932.2610 8.325012e+02 8.792859e+02
6933.4879 8.062433e+02 8.514736e+02
6934.7147 7.899813e+02 8.342239e+02
6935.9416 7.858347e+02 8.297716e+02
6937.1685 7.366788e+02 7.778003e+02
6938.3954 7.348901e+02 7.758464e+02
6939.6223 7.402730e+02 7.814651e+02
6940.8492 7.558354e+02 7.978296e+02
6942.0761 8.419637e+02 8.886741e+02
6943.3029 1.041004e+03 1.098674e+03
6944.5298 1.174042e+03 1.238990e+03
6945.7567 1.148893e+03 1.212364e+03
6946.9836 1.075388e+03 1.134720e+03
6948.2105 1.109691e+03 1.170837e+03
6949.4374 1.010758e+03 1.066384e+03
6950.6643 9.463791e+02 9.983999e+02
6951.8912 8.392244e+02 8.853020e+02
6953.1180 8.085485e+02 8.528928e+02
6954.3449 7.864519e+02 8.295386e+02
6955.5718 8.124172e+02 8.568811e+02
6956.7987 8.488631e+02 8.952766e+02
6958.0256 9.448729e+02 9.964880e+02
6959.2525 1.054186e+03 1.111722e+03
6960.4794 1.135085e+03 1.196984e+03
6961.7062 1.127054e+03 1.188467e+03
6962.9331 1.036153e+03 1.092572e+03
6964.1600 1.014184e+03 1.069369e+03
6965.3869 1.053289e+03 1.110564e+03
6966.6138 9.853141e+02 1.038861e+03
6967.8407 9.207897e+02 9.708032e+02
6969.0676 8.734530e+02 9.208721e+02
6970.2944 8.573426e+02 9.038665e+02
6971.5213 8.533470e+02 8.996360e+02
6972.7482 7.940663e+02 8.371250e+02
6973.9751 8.620438e+02 9.087751e+02
6975.2020 8.706511e+02 9.178379e+02
6976.4289 8.375267e+02 8.829099e+02
6977.6558 8.105410e+02 8.544563e+02
6978.8827 8.531061e+02 8.993240e+02
6980.1095 8.294954e+02 8.744331e+02
6981.3364 8.325274e+02 8.776309e+02
6982.5633 8.990573e+02 9.477693e+02
6983.7902 7.987194e+02 8.420010e+02
6985.0171 7.312903e+02 7.709258e+02
6986.2440 8.306003e+02 8.756296e+02
6987.4709 8.136642e+02 8.577888e+02
6988.6977 7.509720e+02 7.917117e+02
6989.9246 7.492156e+02 7.898770e+02
6991.1515 7.529276e+02 7.938098e+02
6992.3784 7.674746e+02 8.091689e+02
6993.6053 7.627045e+02 8.041642e+02
6994.8322 7.566027e+02 7.977572e+02
6996.0591 7.646800e+02 8.063032e+02
6997.2859 7.759883e+02 8.182593e+02
6998.5128 7.685913e+02 8.104937e+02
6999.7397 8.378160e+02 8.835325e+02
7000.9666 8.562820e+02 9.030498e+02
7002.1935 7.705908e+02 8.127202e+02
7003.4204 7.961129e+02 8.396836e+02
7004.6473 8.296044e+02 8.750586e+02
7005.8742 7.936099e+02 8.371428e+02
7007.1010 7.847960e+02 8.278984e+02
7008.3279 7.346135e+02 7.750118e+02
7009.5548 7.346888e+02 7.751458e+02
7010.7817 7.704451e+02 8.129308e+02
7012.0086 7.784068e+02 8.213945e+02
7013.2355 7.691838e+02 8.117271e+02
7014.4624 7.119610e+02 7.514017e+02
7015.6892 7.104781e+02 7.499014e+02
7016.9161 7.975366e+02 8.418661e+02
7018.1430 7.841856e+02 8.278499e+02
7019.3699 7.204848e+02 7.606753e+02
7020.5968 6.869351e+02 7.253262e+02
7021.8237 7.260419e+02 7.666974e+02
7023.0506 7.597234e+02 8.023501e+02
7024.2774 7.385447e+02 7.800684e+02
7025.5043 7.717333e+02 8.152148e+02
7026.7312 8.228303e+02 8.692917e+02
7027.9581 7.855098e+02 8.299631e+02
7029.1850 7.951857e+02 8.402899e+02
7030.4119 7.416877e+02 7.838564e+02
7031.6388 8.224190e+02 8.692905e+02
7032.8657 7.809149e+02 8.255309e+02
7034.0925 7.913370e+02 8.366627e+02
7035.3194 7.470804e+02 7.899818e+02
7036.5463 7.583645e+02 8.020291e+02
7037.7732 7.607620e+02 8.046829e+02
7039.0001 7.017111e+02 7.423345e+02
7040.2270 7.990535e+02 8.454423e+02
7041.4539 8.261706e+02 8.742714e+02
7042.6807 8.334936e+02 8.821627e+02
7043.9076 8.611763e+02 9.116118e+02
7045.1345 8.309916e+02 8.798073e+02
7046.3614 8.781761e+02 9.299231e+02
7047.5883 7.971906e+02 8.443132e+02
7048.8152 7.472617e+02 7.915745e+02
7050.0421 7.158233e+02 7.584102e+02
7051.2689 7.579870e+02 8.032316e+02
7052.4958 7.695662e+02 8.156565e+02
7053.7227 7.289989e+02 7.728088e+02
7054.9496 7.885623e+02 8.361162e+02
7056.1765 7.845062e+02 8.319822e+02
7057.4034 8.013196e+02 8.499865e+02
7058.6303 7.694050e+02 8.163030e+02
7059.8572 7.249048e+02 7.692528e+02
7061.0840 7.393029e+02 7.847004e+02
7062.3109 8.850137e+02 9.395641e+02
7063.5378 8.772170e+02 9.314939e+02
7064.7647 8.456110e+02 8.981351e+02
7065.9916 8.801234e+02 9.350059e+02
7067.2185 7.725934e+02 8.209622e+02
7068.4454 8.060144e+02 8.566785e+02
7069.6722 7.973949e+02 8.477212e+02
7070.8991 7.920253e+02 8.422185e+02
7072.1260 8.007814e+02 8.517410e+02
7073.3529 8.158225e+02 8.679578e+02
7074.5798 8.221646e+02 8.749287e+02
7075.8067 8.158303e+02 8.684131e+02
7077.0336 8.230926e+02 8.763740e+02
7078.2604 8.106766e+02 8.633846e+02
7079.4873 8.116559e+02 8.646615e+02
7080.7142 8.304405e+02 8.849155e+02
7081.9411 8.174187e+02 8.712817e+02
7083.1680 7.719149e+02 8.230114e+02
7084.3949 7.943948e+02 8.472212e+02
7085.6218 7.812856e+02 8.334814e+02
7086.8487 8.001920e+02 8.539011e+02
7088.0755 7.636677e+02 8.151672e+02
7089.3024 7.662843e+02 8.182063e+02
7090.5293 8.408579e+02 8.981062e+02
7091.7562 8.141511e+02 8.698491e+02
7092.9831 8.055911e+02 8.609720e+02
7094.2100 8.059125e+02 8.615876e+02
7095.4369 7.687773e+02 8.221497e+02
7096.6637 7.592100e+02 8.121807e+02
7097.8906 7.516512e+02 8.043575e+02
7099.1175 7.292476e+02 7.806411e+02
7100.3444 7.047302e+02 7.546484e+02
7101.5713 7.469050e+02 8.000813e+02
7102.7982 8.172186e+02 8.757006e+02
7104.0251 8.150651e+02 8.736952e+02
7105.2519 7.628314e+02 8.179901e+02
7106.4788 7.431305e+02 7.971465e+02
7107.7057 7.536664e+02 8.087371e+02
7108.9326 7.580065e+02 8.136881e+02
7110.1595 7.312510e+02 7.852537e+02
7111.3864 7.590543e+02 8.154106e+02
7112.6133 8.215933e+02 8.829216e+02
7113.8402 8.013716e+02 8.615145e+02
7115.0670 7.854585e+02 8.447279e+02
7116.2939 7.914070e+02 8.514519e+02
7117.5208 7.804426e+02 8.399810e+02
7118.7477 7.523797e+02 8.100940e+02
7119.9746 7.942420e+02 8.555052e+02
7121.2015 7.712016e+02 8.310188e+02
7122.4284 7.695721e+02 8.295967e+02
7123.6552 8.177889e+02 8.819324e+02
7124.8821 8.686829e+02 9.372021e+02
7126.1090 8.197366e+02 8.847610e+02
7127.3359 7.737592e+02 8.354850e+02
7128.5628 7.880526e+02 8.512769e+02
7129.7897 7.526395e+02 8.133679e+02
7131.0166 7.753607e+02 8.382814e+02
7132.2434 8.031514e+02 8.687024e+02
7133.4703 7.626448e+02 8.252493e+02
7134.6972 7.307645e+02 7.910994e+02
7135.9241 7.465493e+02 8.085455e+02
7137.1510 8.014656e+02 8.684102e+02
7138.3779 7.704290e+02 8.351570e+02
7139.6048 7.849457e+02 8.512798e+02
7140.8317 7.729464e+02 8.386500e+02
7142.0585 8.028154e+02 8.714597e+02
7143.2854 8.179530e+02 8.883043e+02
7144.5123 7.679206e+02 8.343594e+02
7145.7392 7.453138e+02 8.101790e+02
7146.9661 7.277861e+02 7.915020e+02
7148.1930 7.073396e+02 7.696340e+02
7149.4199 6.312244e+02 6.871470e+02
7150.6467 6.860685e+02 7.472130e+02
7151.8736 7.492905e+02 8.164692e+02
7153.1005 7.505062e+02 8.181973e+02
7154.3274 7.068584e+02 7.709955e+02
7155.5543 7.044882e+02 7.687946e+02
7156.7812 7.221564e+02 7.884724e+02
7158.0081 7.046543e+02 7.697533e+02
7159.2349 7.419207e+02 8.108762e+02
7160.4618 7.391240e+02 8.082349e+02
7161.6887 7.084039e+02 7.750431e+02
7162.9156 6.489215e+02 7.103350e+02
7164.1425 6.313517e+02 6.914646e+02
7165.3694 6.242218e+02 6.840165e+02
7166.5963 6.765173e+02 7.417150e+02
7167.8232 6.220382e+02 6.823499e+02
7169.0500 6.138710e+02 6.737527e+02
7170.2769 5.500828e+02 6.040686e+02
7171.5038 5.446624e+02 5.984417e+02
7172.7307 5.336047e+02 5.866130e+02
7173.9576 5.798966e+02 6.378545e+02
7175.1845 5.309951e+02 5.843889e+02
7176.4114 5.519973e+02 6.078414e+02
7177.6382 5.481856e+02 6.039822e+02
7178.8651 5.615977e+02 6.191079e+02
7180.0920 5.541536e+02 6.112476e+02
7181.3189 5.375703e+02 5.932935e+02
7182.5458 5.138770e+02 5.674690e+02
7183.7727 5.081220e+02 5.614368e+02
7184.9996 5.366641e+02 5.933169e+02
7186.2264 5.397732e+02 5.971014e+02
7187.4533 5.466196e+02 6.050286e+02
7188.6802 5.999311e+02 6.644270e+02
7189.9071 5.969003e+02 6.614609e+02
7191.1340 5.382508e+02 5.968220e+02
7192.3609 4.888007e+02 5.423142e+02
7193.5878 4.847688e+02 5.381633e+02
7194.8147 5.301600e+02 5.889087e+02
7196.0415 5.549203e+02 6.167859e+02
7197.2684 5.859976e+02 6.517239e+02
7198.4953 6.180461e+02 6.877869e+02
7199.7222 5.521533e+02 6.148357e+02
7200.9491 5.677308e+02 6.325713e+02
7202.1760 5.978634e+02 6.665576e+02
7203.4029 6.064220e+02 6.765200e+02
7204.6297 6.101881e+02 6.811465e+02
7205.8566 6.085037e+02 6.796921e+02
7207.0835 6.257436e+02 6.993890e+02
7208.3104 6.548942e+02 7.324331e+02
7209.5373 6.085056e+02 6.809841e+02
7210.7642 6.124907e+02 6.858807e+02
7211.9911 6.826363e+02 7.649204e+02
7213.2179 6.561195e+02 7.356794e+02
7214.4448 6.788365e+02 7.616418e+02
7215.6717 6.917948e+02 7.766830e+02
7216.8986 6.286629e+02 7.062627e+02
7218.1255 6.524150e+02 7.334243e+02
7219.3524 7.105243e+02 7.992714e+02
7220.5793 6.808196e+02 7.663591e+02
7221.8062 6.247700e+02 7.037303e+02
7223.0330 6.472327e+02 7.295137e+02
7224.2599 6.933410e+02 7.820017e+02
7225.4868 6.332352e+02 7.146849e+02
7226.7137 5.843806e+02 6.599863e+02
7227.9406 6.108918e+02 6.903893e+02
7229.1675 6.417543e+02 7.257549e+02
7230.3944 6.050365e+02 6.846917e+02
7231.6212 5.543189e+02 6.277205e+02
7232.8481 5.470713e+02 6.199326e+02
7234.0750 5.295486e+02 6.004836e+02
7235.3019 5.543025e+02 6.289814e+02
7236.5288 5.365557e+02 6.092593e+02
7237.7557 5.164468e+02 5.868271e+02
7238.9826 5.771920e+02 6.563005e+02
7240.2094 6.010829e+02 6.839360e+02
7241.4363 5.626873e+02 6.406895e+02
7242.6632 5.585827e+02 6.364556e+02
7243.8901 5.534656e+02 6.310620e+02
7245.1170 5.509303e+02 6.286074e+02
7246.3439 5.012592e+02 5.723311e+02
7247.5708 4.799059e+02 5.483323e+02
7248.7977 4.554102e+02 5.207075e+02
7250.0245 4.713747e+02 5.393384e+02
7251.2514 4.678898e+02 5.357266e+02
7252.4783 5.389096e+02 6.174768e+02
7253.7052 5.525872e+02 6.335942e+02
7254.9321 5.082907e+02 5.832151e+02
7256.1590 5.174216e+02 5.941113e+02
7257.3859 5.452281e+02 6.264822e+02
7258.6127 5.518676e+02 6.345605e+02
7259.8396 5.695654e+02 6.553751e+02
7261.0665 5.178856e+02 5.963328e+02
7262.2934 5.137480e+02 5.919895e+02
7263.5203 5.727355e+02 6.604309e+02
7264.7472 5.495042e+02 6.340945e+02
7265.9741 6.498788e+02 7.504565e+02
7267.2010 5.760273e+02 6.656511e+02
7268.4278 5.534890e+02 6.400640e+02
7269.6547 6.076248e+02 7.031709e+02
7270.8816 5.580195e+02 6.462285e+02
7272.1085 5.451353e+02 6.317607e+02
7273.3354 5.251547e+02 6.090422e+02
7274.5623 4.831840e+02 5.607700e+02
7275.7892 5.270555e+02 6.121260e+02
7277.0160 5.425158e+02 6.305352e+02
7278.2429 4.844816e+02 5.634907e+02
7279.4698 5.262262e+02 6.124839e+02
7280.6967 5.351442e+02 6.233125e+02
7281.9236 5.635479e+02 6.568689e+02
7283.1505 5.484899e+02 6.397783e+02
7284.3774 5.573555e+02 6.505881e+02
7285.6042 5.717037e+02 6.678176e+02
7286.8311 5.593361e+02 6.538418e+02
7288.0580 5.896699e+02 6.897979e+02
7289.2849 5.524818e+02 6.467610e+02
7290.5118 4.831911e+02 5.660537e+02
7291.7387 4.707802e+02 5.519119e+02
7292.9656 5.319576e+02 6.240813e+02
7294.1925 5.505565e+02 6.463662e+02
7295.4193 5.675064e+02 6.667451e+02
7296.6462 5.701411e+02 6.703223e+02
7297.8731 5.668814e+02 6.669688e+02
7299.1000 5.384247e+02 6.339426e+02
7300.3269 4.993036e+02 5.883032e+02
7301.5538 5.136636e+02 6.056567e+02
7302.7807 5.652285e+02 6.669336e+02
7304.0075 6.274302e+02 7.408574e+02
7305.2344 5.976690e+02 7.062202e+02
7306.4613 6.262347e+02 7.405022e+02
7307.6882 5.907988e+02 6.990984e+02
7308.9151 5.923378e+02 7.014185e+02
7310.1420 5.217225e+02 6.182383e+02
7311.3689 5.668448e+02 6.721846e+02
7312.5957 5.555463e+02 6.592532e+02
7313.8226 5.102531e+02 6.059331e+02
7315.0495 5.902885e+02 7.014712e+02
7316.2764 6.303666e+02 7.496260e+02
7317.5033 6.013667e+02 7.156426e+02
7318.7302 6.232707e+02 7.422295e+02
7319.9571 6.338302e+02 7.553330e+02
7321.1840 6.513015e+02 7.766958e+02
7322.4108 6.107535e+02 7.288489e+02
7323.6377 5.760707e+02 6.879380e+02
7324.8646 6.152910e+02 7.352842e+02
7326.0915 5.976454e+02 7.146914e+02
7327.3184 5.724610e+02 6.850471e+02
7328.5453 6.487034e+02 7.768184e+02
7329.7722 5.835866e+02 6.993208e+02
7330.9990 6.028911e+02 7.229478e+02
7332.2259 6.726421e+02 8.071387e+02
7333.4528 5.724597e+02 6.873914e+02
7334.6797 5.163718e+02 6.204629e+02
7335.9066 5.150906e+02 6.193413e+02
7337.1335 5.549415e+02 6.677065e+02
7338.3604 6.224233e+02 7.494028e+02
7339.5872 5.991431e+02 7.218550e+02
7340.8141 5.154167e+02 6.213936e+02
7342.0410 5.632858e+02 6.795552e+02
7343.2679 6.402800e+02 7.729517e+02
7344.4948 6.256262e+02 7.557578e+02
7345.7217 5.440671e+02 6.576643e+02
7346.9486 5.711364e+02 6.908352e+02
7348.1755 6.032911e+02 7.302021e+02
7349.4023 6.278951e+02 7.604727e+02
7350.6292 5.857877e+02 7.099302e+02
7351.8561 6.099409e+02 7.396746e+02
7353.0830 5.871320e+02 7.124670e+02
7354.3099 6.373860e+02 7.739382e+02
7355.5368 6.490002e+02 7.885366e+02
7356.7637 5.925958e+02 7.204558e+02
7357.9905 5.524261e+02 6.720371e+02
7359.2174 5.537100e+02 6.740159e+02
7360.4443 5.858226e+02 7.135444e+02
7361.6712 5.771791e+02 7.034465e+02
7362.8981 5.962050e+02 7.270764e+02
7364.1250 5.860184e+02 7.150854e+02
7365.3519 5.962107e+02 7.279592e+02
7366.5787 6.313130e+02 7.712778e+02
7367.8056 5.801570e+02 7.092002e+02
7369.0325 5.156417e+02 6.307056e+02
7370.2594 5.365739e+02 6.566919e+02
7371.4863 6.210710e+02 7.605454e+02
7372.7132 5.602926e+02 6.865127e+02
7373.9401 5.958859e+02 7.305413e+02
7375.1670 6.416559e+02 7.870999e+02
7376.3938 7.683066e+02 9.429883e+02
7377.6207 8.173796e+02 1.003778e+03
7378.8476 8.523893e+02 1.047350e+03
7380.0745 8.670615e+02 1.065962e+03
7381.3014 8.349648e+02 1.027061e+03
7382.5283 8.448339e+02 1.039760e+03
7383.7552 8.228499e+02 1.013244e+03
7384.9820 7.947223e+02 9.791255e+02
7386.2089 7.338167e+02 9.045610e+02
7387.4358 6.678807e+02 8.237100e+02
7388.6627 6.424711e+02 7.927786e+02
7389.8896 6.139595e+02 7.579814e+02
7391.1165 5.389234e+02 6.656780e+02
7392.3434 6.187617e+02 7.646743e+02
7393.5702 6.466428e+02 7.995232e+02
7394.7971 6.708903e+02 8.299067e+02
7396.0240 6.236864e+02 7.718853e+02
7397.2509 5.694248e+02 7.050649e+02
7398.4778 6.818898e+02 8.447158e+02
7399.7047 6.356683e+02 7.878223e+02
7400.9316 5.868688e+02 7.276748e+02
7402.1585 6.443646e+02 7.993262e+02
7403.3853 6.653354e+02 8.257080e+02
7404.6122 7.099056e+02 8.814084e+02
7405.8391 6.715779e+02 8.341826e+02
7407.0660 6.375877e+02 7.923008e+02
7408.2929 6.551385e+02 8.144529e+02
7409.5198 6.190861e+02 7.699521e+02
7410.7467 6.214431e+02 7.731987e+02
7411.9735 6.043178e+02 7.521934e+02
7413.2004 6.536859e+02 8.139629e+02
7414.4273 6.498378e+02 8.094854e+02
7415.6542 6.786375e+02 8.456826e+02
7416.8811 6.953934e+02 8.668877e+02
7418.1080 6.471798e+02 8.070806e+02
7419.3349 6.527231e+02 8.142871e+02
7420.5617 6.343704e+02 7.916716e+02
7421.7886 6.057721e+02 7.562441e+02
7423.0155 6.669345e+02 8.328818e+02
7424.2424 6.002311e+02 7.498303e+02
7425.4693 6.119999e+02 7.647810e+02
7426.6962 6.994950e+02 8.743962e+02
7427.9231 7.171683e+02 8.967668e+02
7429.1500 6.409395e+02 8.016909e+02
7430.3768 6.668472e+02 8.343428e+02
7431.6037 7.104723e+02 8.891812e+02
7432.8306 6.421978e+02 8.039583e+02
7434.0575 5.888090e+02 7.373223e+02
7435.2844 6.313509e+02 7.908035e+02
7436.5113 5.991039e+02 7.506047e+02
7437.7382 6.181692e+02 7.746838e+02
7438.9650 5.850195e+02 7.333174e+02
7440.1919 6.794998e+02 8.519458e+02
7441.4188 5.984893e+02 7.505444e+02
7442.6457 6.291736e+02 7.891953e+02
7443.8726 6.434555e+02 8.072773e+02
7445.0995 6.188575e+02 7.765718e+02
7446.3264 6.404460e+02 8.038157e+02
7447.5532 6.654781e+02 8.353857e+02
7448.7801 6.751522e+02 8.476775e+02
7450.0070 6.817376e+02 8.560874e+02
7451.2339 6.373560e+02 8.004812e+02
7452.4608 6.637316e+02 8.337310e+02
7453.6877 5.829355e+02 7.323430e+02
7454.9146 6.146779e+02 7.723218e+02
7456.1415 6.738812e+02 8.468118e+02
7457.3683 6.940018e+02 8.721941e+02
7458.5952 6.398995e+02 8.042839e+02
7459.8221 6.393004e+02 8.036069e+02
7461.0490 5.779331e+02 7.265298e+02
7462.2759 6.086432e+02 7.651943e+02
7463.5028 6.140431e+02 7.720349e+02
7464.7297 6.076191e+02 7.640022e+02
7465.9565 6.090120e+02 7.657905e+02
7467.1834 5.992118e+02 7.534968e+02
7468.4103 6.340320e+02 7.973059e+02
7469.6372 6.886673e+02 8.660281e+02
7470.8641 6.756469e+02 8.496631e+02
7472.0910 3.012496e+02 3.788382e+02
7473.3179 0.000000e+00 0.000000e+00
7474.5447 0.000000e+00 0.000000e+00
7475.7716 0.000000e+00 0.000000e+00
7476.9985 0.000000e+00 0.000000e+00
