# wavelength flux(cal) flux
5241.0935 4.582386e+02 5.110771e+02
5242.2901 4.638415e+02 5.173391e+02
5243.4866 3.534887e+02 3.942788e+02
5244.6832 4.069497e+02 4.539436e+02
5245.8798 3.651443e+02 4.073521e+02
5247.0763 4.051546e+02 4.520442e+02
5248.2729 4.664814e+02 5.205469e+02
5249.4695 4.503861e+02 5.026736e+02
5250.6661 4.067110e+02 4.540176e+02
5251.8626 4.389442e+02 4.901079e+02
5253.0592 3.907864e+02 4.364426e+02
5254.2558 3.621583e+02 4.045769e+02
5255.4523 3.721671e+02 4.158770e+02
5256.6489 3.762480e+02 4.205664e+02
5257.8455 4.381357e+02 4.899045e+02
5259.0421 4.471979e+02 5.002117e+02
5260.2386 4.126939e+02 4.617874e+02
5261.4352 3.556523e+02 3.981145e+02
5262.6318 3.676492e+02 4.117112e+02
5263.8283 3.486446e+02 3.905952e+02
5265.0249 4.648377e+02 5.210005e+02
5266.2215 4.887307e+02 5.480334e+02
5267.4181 3.539400e+02 3.970776e+02
5268.6146 3.366025e+02 3.778147e+02
5269.8112 4.512201e+02 5.067258e+02
5271.0078 4.517733e+02 5.076162e+02
5272.2043 3.609626e+02 4.058022e+02
5273.4009 3.810938e+02 4.286750e+02
5274.5975 4.189546e+02 4.715352e+02
5275.7941 4.937547e+02 5.560525e+02
5276.9906 4.821010e+02 5.432583e+02
5278.1872 4.305480e+02 4.854673e+02
5279.3838 3.872383e+02 4.369109e+02
5280.5803 4.153396e+02 4.689214e+02
5281.7769 4.490170e+02 5.072795e+02
5282.9735 3.906866e+02 4.416790e+02
5284.1700 4.327904e+02 4.896152e+02
5285.3666 4.864502e+02 5.507065e+02
5286.5632 4.918759e+02 5.572463e+02
5287.7598 5.128862e+02 5.814705e+02
5288.9563 3.602784e+02 4.087566e+02
5290.1529 4.379821e+02 4.972876e+02
5291.3495 4.771660e+02 5.421885e+02
5292.5460 4.388943e+02 4.990854e+02
5293.7426 4.919154e+02 5.598142e+02
5294.9392 4.461310e+02 5.081113e+02
5296.1358 3.659428e+02 4.171160e+02
5297.3323 3.715696e+02 4.238723e+02
5298.5289 4.222135e+02 4.820391e+02
5299.7255 4.877314e+02 5.573010e+02
5300.9220 4.840206e+02 5.535232e+02
5302.1186 4.818076e+02 5.514575e+02
5303.3152 4.819431e+02 5.520828e+02
5304.5118 4.561146e+02 5.229446e+02
5305.7083 4.715855e+02 5.411514e+02
5306.9049 4.868956e+02 5.592087e+02
5308.1015 4.387378e+02 5.043430e+02
5309.2980 4.427795e+02 5.094414e+02
5310.4946 4.948463e+02 5.698567e+02
5311.6912 5.510645e+02 6.351687e+02
5312.8877 4.911892e+02 5.666689e+02
5314.0843 4.278912e+02 4.940950e+02
5315.2809 5.013728e+02 5.794778e+02
5316.4775 5.349346e+02 6.188394e+02
5317.6740 4.500553e+02 5.211306e+02
5318.8706 3.574111e+02 4.142422e+02
5320.0672 3.379694e+02 3.920769e+02
5321.2637 3.783974e+02 4.393914e+02
5322.4603 4.371982e+02 5.081514e+02
5323.6569 4.090545e+02 4.758926e+02
5324.8535 4.791985e+02 5.580305e+02
5326.0500 4.338835e+02 5.057454e+02
5327.2466 4.690571e+02 5.472708e+02
5328.4432 5.224951e+02 6.102080e+02
5329.6397 4.905680e+02 5.734761e+02
5330.8363 4.852999e+02 5.678687e+02
5332.0329 5.201297e+02 6.092170e+02
5333.2295 5.090553e+02 5.968279e+02
5334.4260 4.071163e+02 4.777793e+02
5335.6226 4.204517e+02 4.939131e+02
5336.8192 4.874104e+02 5.731333e+02
5338.0157 4.499841e+02 5.296453e+02
5339.2123 4.641819e+02 5.468948e+02
5340.4089 5.400283e+02 6.368840e+02
5341.6055 4.420330e+02 5.218279e+02
5342.8020 5.100309e+02 6.026958e+02
5343.9986 5.284701e+02 6.251030e+02
5345.1952 5.198925e+02 6.155657e+02
5346.3917 4.972809e+02 5.893762e+02
5347.5883 4.740044e+02 5.623455e+02
5348.7849 4.891210e+02 5.808542e+02
5349.9814 4.667736e+02 5.548647e+02
5351.1780 5.366888e+02 6.386064e+02
5352.3746 5.482904e+02 6.530571e+02
5353.5712 4.923093e+02 5.869595e+02
5354.7677 4.800236e+02 5.728777e+02
5355.9643 4.643802e+02 5.547559e+02
5357.1609 4.976286e+02 5.950618e+02
5358.3574 4.303076e+02 5.150669e+02
5359.5540 4.102752e+02 4.915723e+02
5360.7506 5.258363e+02 6.306516e+02
5361.9472 5.659412e+02 6.794170e+02
5363.1437 4.423218e+02 5.315315e+02
5364.3403 4.472990e+02 5.380383e+02
5365.5369 5.284902e+02 6.363208e+02
5366.7334 5.148265e+02 6.204731e+02
5367.9300 5.152833e+02 6.216274e+02
5369.1266 5.517353e+02 6.662480e+02
5370.3232 5.174064e+02 6.253987e+02
5371.5197 4.966161e+02 6.008484e+02
5372.7163 5.021282e+02 6.081021e+02
5373.9129 4.324422e+02 5.242114e+02
5375.1094 5.198675e+02 6.307922e+02
5376.3060 6.165877e+02 7.488633e+02
5377.5026 5.201077e+02 6.322861e+02
5378.6991 5.272597e+02 6.415879e+02
5379.8957 5.426385e+02 6.609248e+02
5381.0923 5.459653e+02 6.656023e+02
5382.2889 5.618811e+02 6.856477e+02
5383.4854 5.176893e+02 6.323115e+02
5384.6820 5.025016e+02 6.143318e+02
5385.8786 5.421459e+02 6.634126e+02
5387.0751 5.407833e+02 6.623555e+02
5388.2717 5.441845e+02 6.671333e+02
5389.4683 5.806577e+02 7.124976e+02
5390.6649 5.702128e+02 7.003179e+02
5391.8614 6.021711e+02 7.402378e+02
5393.0580 6.329842e+02 7.788171e+02
5394.2546 5.901512e+02 7.267671e+02
5395.4511 4.574921e+02 5.639011e+02
5396.6477 3.904847e+02 4.817356e+02
5397.8443 4.350775e+02 5.372231e+02
5399.0409 4.333014e+02 5.355000e+02
5400.2374 5.368039e+02 6.639941e+02
5401.4340 4.879220e+02 6.040544e+02
5402.6306 5.122034e+02 6.346628e+02
5403.8271 5.082366e+02 6.302883e+02
5405.0237 6.263499e+02 7.774292e+02
5406.2203 5.758250e+02 7.153237e+02
5407.4169 4.945708e+02 6.149031e+02
5408.6134 4.848611e+02 6.033359e+02
5409.8100 5.061270e+02 6.303225e+02
5411.0066 5.067485e+02 6.316184e+02
5412.2031 5.690036e+02 7.097966e+02
5413.3997 5.801526e+02 7.242949e+02
5414.5963 4.861204e+02 6.073916e+02
5415.7928 4.415027e+02 5.520872e+02
5416.9894 5.229180e+02 6.544172e+02
5418.1860 5.578438e+02 6.986797e+02
5419.3826 5.895587e+02 7.389829e+02
5420.5791 5.204756e+02 6.529006e+02
5421.7757 5.878776e+02 7.380237e+02
5422.9723 6.085668e+02 7.645850e+02
5424.1688 5.774767e+02 7.260784e+02
5425.3654 5.522650e+02 6.949050e+02
5426.5620 4.624423e+02 5.823201e+02
5427.7586 5.690832e+02 7.171394e+02
5428.9551 5.509841e+02 6.948447e+02
5430.1517 5.282536e+02 6.666677e+02
5431.3483 5.531710e+02 6.986213e+02
5432.5448 5.060332e+02 6.395496e+02
5433.7414 4.352392e+02 5.504695e+02
5434.9380 5.001263e+02 6.329832e+02
5436.1346 5.713140e+02 7.235889e+02
5437.3311 5.337070e+02 6.764280e+02
5438.5277 5.405112e+02 6.855234e+02
5439.7243 5.899020e+02 7.486753e+02
5440.9208 5.316137e+02 6.751543e+02
5442.1174 5.461282e+02 6.940518e+02
5443.3140 5.207706e+02 6.622642e+02
5444.5105 4.842643e+02 6.162429e+02
5445.7071 5.827381e+02 7.420356e+02
5446.9037 6.173015e+02 7.865522e+02
5448.1003 5.878036e+02 7.494429e+02
5449.2968 5.299038e+02 6.760464e+02
5450.4934 4.346088e+02 5.548149e+02
5451.6900 5.558883e+02 7.100754e+02
5452.8865 4.894749e+02 6.256216e+02
5454.0831 5.136805e+02 6.569553e+02
5455.2797 4.915421e+02 6.290164e+02
5456.4763 5.319282e+02 6.810984e+02
5457.6728 6.383471e+02 8.178362e+02
5458.8694 7.141007e+02 9.154160e+02
5460.0660 5.626467e+02 7.216748e+02
5461.2625 5.295753e+02 6.796372e+02
5462.4591 5.553206e+02 7.130730e+02
5463.6557 5.158142e+02 6.627065e+02
5464.8523 5.134007e+02 6.599624e+02
5466.0488 5.566777e+02 7.159758e+02
5467.2454 5.901620e+02 7.594419e+02
5468.4420 6.102740e+02 7.857312e+02
5469.6385 4.745981e+02 6.113613e+02
5470.8351 4.735816e+02 6.103608e+02
5472.0317 5.619714e+02 7.246409e+02
5473.2283 5.490026e+02 7.082668e+02
5474.4248 5.785496e+02 7.467478e+02
5475.6214 5.978711e+02 7.720559e+02
5476.8180 5.487939e+02 7.090149e+02
5478.0145 5.552414e+02 7.176782e+02
5479.2111 5.169774e+02 6.685261e+02
5480.4077 5.572506e+02 7.209302e+02
5481.6042 5.605029e+02 7.254600e+02
5482.8008 5.494205e+02 7.114270e+02
5483.9974 5.876467e+02 7.612524e+02
5485.1940 6.154639e+02 7.976252e+02
5486.3905 5.729706e+02 7.428645e+02
5487.5871 6.080087e+02 7.886150e+02
5488.7837 6.046285e+02 7.845469e+02
5489.9802 5.428519e+02 7.046665e+02
5491.1768 5.582996e+02 7.250010e+02
5492.3734 6.218870e+02 8.078838e+02
5493.5700 6.091390e+02 7.916204e+02
5494.7665 6.120320e+02 7.956733e+02
5495.9631 6.174181e+02 8.029663e+02
5497.1597 5.485228e+02 7.136199e+02
5498.3562 5.294626e+02 6.890630e+02
5499.5528 6.102079e+02 7.944194e+02
5500.7494 5.406384e+02 7.040840e+02
5501.9460 6.152228e+02 8.014797e+02
5503.1425 6.097887e+02 7.946560e+02
5504.3391 6.529260e+02 8.511392e+02
5505.5357 6.789215e+02 8.852991e+02
5506.7322 6.644583e+02 8.667007e+02
5507.9288 6.234299e+02 8.134243e+02
5509.1254 6.658235e+02 8.689883e+02
5510.3219 5.443220e+02 7.106128e+02
5511.5185 5.998680e+02 7.833438e+02
5512.7151 5.766563e+02 7.532349e+02
5513.9117 5.748104e+02 7.510205e+02
5515.1082 6.215622e+02 8.123118e+02
5516.3048 5.817155e+02 7.604260e+02
5517.5014 6.111243e+02 7.990635e+02
5518.6979 6.366972e+02 8.326975e+02
5519.8945 6.089972e+02 7.966533e+02
5521.0911 6.365172e+02 8.328394e+02
5522.2877 5.942844e+02 7.777493e+02
5523.4842 5.769124e+02 7.551733e+02
5524.6808 5.291929e+02 6.928506e+02
5525.8774 5.892639e+02 7.716519e+02
5527.0739 5.561625e+02 7.284446e+02
5528.2705 5.779576e+02 7.571316e+02
5529.4671 5.846057e+02 7.659780e+02
5530.6637 6.281042e+02 8.231143e+02
5531.8602 5.980407e+02 7.838477e+02
5533.0568 7.455067e+02 9.772874e+02
5534.2534 6.010612e+02 7.880552e+02
5535.4499 6.982150e+02 9.155701e+02
5536.6465 7.039769e+02 9.232573e+02
5537.8431 6.606201e+02 8.665137e+02
5539.0397 5.687057e+02 7.460500e+02
5540.2362 6.370985e+02 8.358745e+02
5541.4328 6.547258e+02 8.591035e+02
5542.6294 5.934235e+02 7.787529e+02
5543.8259 5.698326e+02 7.478745e+02
5545.0225 5.838926e+02 7.664050e+02
5546.2191 4.865789e+02 6.387339e+02
5547.4156 4.901803e+02 6.435190e+02
5548.6122 6.099271e+02 8.007922e+02
5549.8088 5.986814e+02 7.860889e+02
5551.0054 6.279854e+02 8.246257e+02
5552.2019 5.198871e+02 6.827244e+02
5553.3985 7.201146e+02 9.457241e+02
5554.5951 5.989026e+02 7.865806e+02
5555.7916 6.492407e+02 8.527358e+02
5556.9882 7.288378e+02 9.573242e+02
5558.1848 5.527982e+02 7.261255e+02
5559.3814 5.794111e+02 7.611084e+02
5560.5779 5.637730e+02 7.405874e+02
5561.7745 6.008327e+02 7.892881e+02
5562.9711 5.981593e+02 7.857900e+02
5564.1676 5.853556e+02 7.689795e+02
5565.3642 6.692122e+02 8.791479e+02
5566.5608 6.241439e+02 8.199429e+02
5567.7574 6.266711e+02 8.232603e+02
5568.9539 5.851111e+02 7.686562e+02
5570.1505 6.002216e+02 7.884961e+02
5571.3471 5.343069e+02 7.018926e+02
5572.5436 5.308181e+02 6.972930e+02
5573.7402 6.159282e+02 8.090723e+02
5574.9368 5.276898e+02 6.931406e+02
5576.1333 2.982993e+02 3.918125e+02
5577.3299 3.483096e+02 4.574805e+02
5578.5265 4.665369e+02 6.127344e+02
5579.7231 6.024224e+02 7.911602e+02
5580.9196 8.115920e+02 1.065801e+03
5582.1162 5.536138e+02 7.269727e+02
5583.3128 1.987765e+02 2.610039e+02
5584.5093 5.002803e+02 6.568472e+02
5585.7059 4.744048e+02 6.228262e+02
5586.9025 6.312289e+02 8.286470e+02
5588.0991 6.642186e+02 8.718799e+02
5589.2956 6.167363e+02 8.094800e+02
5590.4922 5.237295e+02 6.873418e+02
5591.6888 4.975411e+02 6.529077e+02
5592.8853 4.811279e+02 6.313042e+02
5594.0819 5.806004e+02 7.617437e+02
5595.2785 6.254825e+02 8.205371e+02
5596.4751 6.332138e+02 8.305833e+02
5597.6716 6.582763e+02 8.633540e+02
5598.8682 6.553923e+02 8.594648e+02
5600.0648 6.381341e+02 8.367256e+02
5601.2613 6.882935e+02 9.023755e+02
5602.4579 6.844814e+02 8.972554e+02
5603.6545 7.134182e+02 9.350562e+02
5604.8511 6.866606e+02 8.998560e+02
5606.0476 5.502558e+02 7.209932e+02
5607.2442 6.497103e+02 8.511777e+02
5608.4408 6.113915e+02 8.008521e+02
5609.6373 5.334971e+02 6.987078e+02
5610.8339 6.110045e+02 8.000867e+02
5612.0305 6.823435e+02 8.933530e+02
5613.2270 5.947765e+02 7.785737e+02
5614.4236 6.541858e+02 8.561924e+02
5615.6202 6.357960e+02 8.319761e+02
5616.8168 6.860380e+02 8.975579e+02
5618.0133 6.933782e+02 9.069934e+02
5619.2099 6.742944e+02 8.818643e+02
5620.4065 6.524387e+02 8.531172e+02
5621.6030 6.149628e+02 8.039575e+02
5622.7996 6.375270e+02 8.332910e+02
5623.9962 6.164800e+02 8.056187e+02
5625.1928 6.224610e+02 8.132681e+02
5626.3893 6.028238e+02 7.874475e+02
5627.5859 5.645368e+02 7.372788e+02
5628.7825 6.271958e+02 8.189353e+02
5629.9790 6.448773e+02 8.418391e+02
5631.1756 6.165735e+02 8.047134e+02
5632.3722 5.835813e+02 7.614839e+02
5633.5688 5.766221e+02 7.522329e+02
5634.7653 6.585441e+02 8.589075e+02
5635.9619 5.438582e+02 7.091636e+02
5637.1585 6.288457e+02 8.197905e+02
5638.3550 5.947643e+02 7.751763e+02
5639.5516 6.273870e+02 8.174980e+02
5640.7482 6.322158e+02 8.235898e+02
5641.9447 6.676420e+02 8.695261e+02
5643.1413 5.568398e+02 7.250391e+02
5644.3379 5.894801e+02 7.673462e+02
5645.5345 6.590386e+02 8.576755e+02
5646.7310 6.409540e+02 8.339268e+02
5647.9276 5.546205e+02 7.214146e+02
5649.1242 5.426396e+02 7.056465e+02
5650.3207 6.293100e+02 8.181372e+02
5651.5173 6.575115e+02 8.545740e+02
5652.7139 6.113420e+02 7.943545e+02
5653.9105 5.334143e+02 6.929111e+02
5655.1070 5.157330e+02 6.697607e+02
5656.3036 5.398759e+02 7.009219e+02
5657.5002 5.932410e+02 7.699932e+02
5658.6967 6.655639e+02 8.636238e+02
5659.8933 6.003802e+02 7.788242e+02
5661.0899 5.274837e+02 6.840684e+02
5662.2865 5.566597e+02 7.217002e+02
5663.4830 6.749391e+02 8.747971e+02
5664.6796 6.702820e+02 8.685107e+02
5665.8762 5.921301e+02 7.670239e+02
5667.0727 4.583555e+02 5.935640e+02
5668.2693 5.822394e+02 7.537708e+02
5669.4659 6.345594e+02 8.212622e+02
5670.6625 6.224977e+02 8.054126e+02
5671.8590 6.052852e+02 7.829087e+02
5673.0556 5.343717e+02 6.909780e+02
5674.2522 5.793609e+02 7.489263e+02
5675.4487 7.265444e+02 9.389023e+02
5676.6453 6.434244e+02 8.312346e+02
5677.8419 6.275393e+02 8.104648e+02
5679.0384 6.148426e+02 7.938230e+02
5680.2350 6.017190e+02 7.766394e+02
5681.4316 5.904852e+02 7.619038e+02
5682.6282 5.195788e+02 6.702046e+02
5683.8247 5.147027e+02 6.637075e+02
5685.0213 6.025392e+02 7.767288e+02
5686.2179 5.939738e+02 7.654463e+02
5687.4144 6.050126e+02 7.794255e+02
5688.6110 5.973833e+02 7.693530e+02
5689.8076 5.261885e+02 6.774478e+02
5691.0042 5.765090e+02 7.419968e+02
5692.2007 6.034584e+02 7.764336e+02
5693.3973 5.721597e+02 7.359272e+02
5694.5939 5.401846e+02 6.945764e+02
5695.7904 5.467773e+02 7.028267e+02
5696.9870 5.876633e+02 7.551372e+02
5698.1836 5.879364e+02 7.552432e+02
5699.3802 5.251065e+02 6.743149e+02
5700.5767 5.860771e+02 7.523652e+02
5701.7733 6.268236e+02 8.044102e+02
5702.9699 6.077720e+02 7.797061e+02
5704.1664 5.797591e+02 7.435249e+02
5705.3630 5.302171e+02 6.797656e+02
5706.5596 5.615929e+02 7.197544e+02
5707.7561 6.048638e+02 7.749565e+02
5708.9527 6.090960e+02 7.801218e+02
5710.1493 5.939432e+02 7.604634e+02
5711.3459 5.670928e+02 7.258452e+02
5712.5424 4.984533e+02 6.377798e+02
5713.7390 4.819428e+02 6.164502e+02
5714.9356 5.888552e+02 7.529517e+02
5716.1321 5.549025e+02 7.093022e+02
5717.3287 5.433244e+02 6.942722e+02
5718.5253 4.629843e+02 5.914155e+02
5719.7219 4.969166e+02 6.345498e+02
5720.9184 5.097574e+02 6.507310e+02
5722.1150 5.248328e+02 6.697529e+02
5723.3116 5.468399e+02 6.976050e+02
5724.5081 6.278679e+02 8.007065e+02
5725.7047 5.653986e+02 7.208013e+02
5726.9013 5.380270e+02 6.856787e+02
5728.0979 6.078091e+02 7.743540e+02
5729.2944 5.553736e+02 7.073159e+02
5730.4910 5.763736e+02 7.338176e+02
5731.6876 6.379092e+02 8.118933e+02
5732.8841 6.382026e+02 8.119976e+02
5734.0807 7.340151e+02 9.335925e+02
5735.2773 7.613484e+02 9.680374e+02
5736.4739 6.612198e+02 8.404482e+02
5737.6704 5.845447e+02 7.427446e+02
5738.8670 5.869519e+02 7.455574e+02
5740.0636 6.008483e+02 7.629575e+02
5741.2601 6.004424e+02 7.621914e+02
5742.4567 5.461946e+02 6.931025e+02
5743.6533 5.461306e+02 6.927939e+02
5744.8498 5.807571e+02 7.364783e+02
5746.0464 6.610030e+02 8.379670e+02
5747.2430 6.390419e+02 8.098623e+02
5748.4396 6.246122e+02 7.913176e+02
5749.6361 5.859089e+02 7.420435e+02
5750.8327 6.994091e+02 8.855024e+02
5752.0293 5.760818e+02 7.291252e+02
5753.2258 6.148673e+02 7.779634e+02
5754.4224 6.548908e+02 8.283364e+02
5755.6190 5.491578e+02 6.943774e+02
5756.8156 5.251909e+02 6.638599e+02
5758.0121 6.650622e+02 8.403936e+02
5759.2087 6.064811e+02 7.661245e+02
5760.4053 5.858230e+02 7.397935e+02
5761.6018 5.938170e+02 7.496509e+02
5762.7984 6.028197e+02 7.607759e+02
5763.9950 5.377492e+02 6.784414e+02
5765.1916 5.826766e+02 7.348926e+02
5766.3881 6.140401e+02 7.742070e+02
5767.5847 5.797219e+02 7.307095e+02
5768.7813 5.751337e+02 7.247012e+02
5769.9778 5.404817e+02 6.808269e+02
5771.1744 5.264472e+02 6.629436e+02
5772.3710 5.358405e+02 6.745652e+02
5773.5675 5.657328e+02 7.119785e+02
5774.7641 5.838075e+02 7.345017e+02
5775.9607 7.123823e+02 8.959927e+02
5777.1573 5.491655e+02 6.904995e+02
5778.3538 6.034597e+02 7.585386e+02
5779.5504 6.157433e+02 7.737471e+02
5780.7470 6.094693e+02 7.656348e+02
5781.9435 4.748598e+02 5.963569e+02
5783.1401 5.818945e+02 7.305615e+02
5784.3367 5.964136e+02 7.485698e+02
5785.5333 5.470790e+02 6.864482e+02
5786.7298 5.936226e+02 7.446321e+02
5787.9264 5.372217e+02 6.736885e+02
5789.1230 5.394802e+02 6.763257e+02
5790.3195 5.075159e+02 6.360710e+02
5791.5161 5.671823e+02 7.106484e+02
5792.7127 5.616736e+02 7.035469e+02
5793.9093 5.431197e+02 6.801147e+02
5795.1058 5.602338e+02 7.013491e+02
5796.3024 5.563351e+02 6.962744e+02
5797.4990 5.584356e+02 6.987097e+02
5798.6955 4.686552e+02 5.862158e+02
5799.8921 4.307827e+02 5.386958e+02
5801.0887 4.951602e+02 6.190320e+02
5802.2853 5.411482e+02 6.763418e+02
5803.4818 5.572860e+02 6.963245e+02
5804.6784 4.976949e+02 6.217002e+02
5805.8750 5.561935e+02 6.945903e+02
5807.0715 6.260862e+02 7.816689e+02
5808.2681 7.218577e+02 9.010044e+02
5809.4647 5.939112e+02 7.411128e+02
5810.6612 4.726542e+02 5.896504e+02
5811.8578 5.379539e+02 6.709424e+02
5813.0544 4.815753e+02 6.004741e+02
5814.2510 5.279518e+02 6.581353e+02
5815.4475 4.866047e+02 6.064414e+02
5816.6441 5.560263e+02 6.927881e+02
5817.8407 5.097626e+02 6.349893e+02
5819.0372 5.637393e+02 7.020547e+02
5820.2338 5.734469e+02 7.139717e+02
5821.4304 6.158579e+02 7.665920e+02
5822.6270 6.125333e+02 7.622727e+02
5823.8235 6.282352e+02 7.816292e+02
5825.0201 6.017899e+02 7.485522e+02
5826.2167 5.963107e+02 7.415654e+02
5827.4132 6.143212e+02 7.637881e+02
5828.6098 5.932036e+02 7.373652e+02
5829.8064 5.195161e+02 6.456250e+02
5831.0030 4.488394e+02 5.576680e+02
5832.1995 4.937494e+02 6.133320e+02
5833.3961 6.011890e+02 7.466299e+02
5834.5927 5.472653e+02 6.795142e+02
5835.7892 5.019065e+02 6.230610e+02
5836.9858 6.035472e+02 7.490784e+02
5838.1824 6.643030e+02 8.243115e+02
5839.3789 6.103890e+02 7.572549e+02
5840.5755 5.247259e+02 6.508472e+02
5841.7721 5.869790e+02 7.279160e+02
5842.9687 4.949231e+02 6.136343e+02
5844.1652 4.493289e+02 5.569939e+02
5845.3618 4.874155e+02 6.040886e+02
5846.5584 5.177664e+02 6.415808e+02
5847.7549 5.991890e+02 7.423328e+02
5848.9515 5.595236e+02 6.930610e+02
5850.1481 5.629442e+02 6.971685e+02
5851.3447 4.996006e+02 6.186084e+02
5852.5412 5.583598e+02 6.912393e+02
5853.7378 5.347111e+02 6.618445e+02
5854.9344 5.536891e+02 6.852141e+02
5856.1309 5.110684e+02 6.323594e+02
5857.3275 5.058228e+02 6.257617e+02
5858.5241 6.014772e+02 7.439719e+02
5859.7207 5.934603e+02 7.339338e+02
5860.9172 5.598510e+02 6.922559e+02
5862.1138 4.563000e+02 5.641240e+02
5863.3104 5.429263e+02 6.711138e+02
5864.5069 6.189639e+02 7.649849e+02
5865.7035 5.199780e+02 6.425483e+02
5866.9001 4.319428e+02 5.336807e+02
5868.0967 4.622650e+02 5.710601e+02
5869.2932 5.520135e+02 6.818315e+02
5870.4898 6.040211e+02 7.459629e+02
5871.6864 6.617264e+02 8.171138e+02
5872.8829 6.025037e+02 7.438813e+02
5874.0795 4.872283e+02 6.014751e+02
5875.2761 5.157101e+02 6.365508e+02
5876.4726 5.300089e+02 6.541147e+02
5877.6692 3.687310e+02 4.550142e+02
5878.8658 4.825370e+02 5.953765e+02
5880.0624 5.097440e+02 6.288687e+02
5881.2589 5.472610e+02 6.750723e+02
5882.4555 4.684525e+02 5.777905e+02
5883.6521 4.671888e+02 5.761660e+02
5884.8486 5.333532e+02 6.576904e+02
5886.0452 4.271790e+02 5.267070e+02
5887.2418 4.270193e+02 5.264541e+02
5888.4384 4.368940e+02 5.385723e+02
5889.6349 4.953297e+02 6.105459e+02
5890.8315 5.339431e+02 6.580762e+02
5892.0281 4.389059e+02 5.408926e+02
5893.2246 3.562475e+02 4.389863e+02
5894.4212 2.773622e+02 3.417490e+02
5895.6178 3.926821e+02 4.837969e+02
5896.8144 5.467083e+02 6.735049e+02
5898.0109 4.892531e+02 6.026748e+02
5899.2075 4.106313e+02 5.057861e+02
5900.4041 4.017061e+02 4.947549e+02
5901.6006 4.596972e+02 5.661367e+02
5902.7972 5.728912e+02 7.054897e+02
5903.9938 5.729181e+02 7.054746e+02
5905.1903 4.879799e+02 6.008447e+02
5906.3869 5.190848e+02 6.391035e+02
5907.5835 4.610270e+02 5.675879e+02
5908.7801 5.770867e+02 7.104326e+02
5909.9766 6.088665e+02 7.495146e+02
5911.1732 5.838013e+02 7.186221e+02
5912.3698 4.857453e+02 5.978921e+02
5913.5663 3.812583e+02 4.692598e+02
5914.7629 4.736567e+02 5.829600e+02
5915.9595 4.878117e+02 6.003569e+02
5917.1561 4.850875e+02 5.969814e+02
5918.3526 6.170951e+02 7.594121e+02
5919.5492 6.197685e+02 7.626772e+02
5920.7458 4.744363e+02 5.838164e+02
5921.9423 5.202986e+02 6.402349e+02
5923.1389 5.590154e+02 6.878599e+02
5924.3355 4.474249e+02 5.505376e+02
5925.5321 4.475280e+02 5.506543e+02
5926.7286 4.716481e+02 5.803232e+02
5927.9252 5.219083e+02 6.421558e+02
5929.1218 6.730856e+02 8.281558e+02
5930.3183 6.418344e+02 7.896987e+02
5931.5149 5.876498e+02 7.230278e+02
5932.7115 5.845026e+02 7.191543e+02
5933.9081 6.829755e+02 8.403130e+02
5935.1046 5.981899e+02 7.359980e+02
5936.3012 4.557357e+02 5.607295e+02
5937.4978 4.629014e+02 5.695513e+02
5938.6943 4.482273e+02 5.515029e+02
5939.8909 3.896965e+02 4.794932e+02
5941.0875 4.551201e+02 5.600020e+02
5942.2840 4.742596e+02 5.835640e+02
5943.4806 4.495227e+02 5.531387e+02
5944.6772 4.304724e+02 5.297109e+02
5945.8738 4.793446e+02 5.898667e+02
5947.0703 4.574253e+02 5.629111e+02
5948.2669 4.835454e+02 5.950752e+02
5949.4635 5.145822e+02 6.332939e+02
5950.6600 4.541705e+02 5.589678e+02
5951.8566 4.441476e+02 5.466553e+02
5953.0532 4.851893e+02 5.971963e+02
5954.2498 5.003570e+02 6.158950e+02
5955.4463 5.547969e+02 6.829404e+02
5956.6429 6.293724e+02 7.747822e+02
5957.8395 5.573407e+02 6.861470e+02
5959.0360 5.354891e+02 6.592842e+02
5960.2326 6.154378e+02 7.577622e+02
5961.4292 5.575941e+02 6.865859e+02
5962.6258 5.359872e+02 6.600249e+02
5963.8223 5.082516e+02 6.259146e+02
5965.0189 6.436031e+02 7.926582e+02
5966.2155 5.467553e+02 6.734316e+02
5967.4120 4.705670e+02 5.796367e+02
5968.6086 5.464624e+02 6.731777e+02
5969.8052 4.524652e+02 5.574307e+02
5971.0017 4.243719e+02 5.228652e+02
5972.1983 4.467384e+02 5.504717e+02
5973.3949 4.702432e+02 5.794873e+02
5974.5915 4.596970e+02 5.665444e+02
5975.7880 5.023421e+02 6.191616e+02
5976.9846 5.158654e+02 6.358931e+02
5978.1812 6.150724e+02 7.582603e+02
5979.3777 4.661129e+02 5.746836e+02
5980.5743 4.282809e+02 5.280962e+02
5981.7709 4.226659e+02 5.212300e+02
5982.9675 4.422950e+02 5.454980e+02
5984.1640 4.821135e+02 5.946763e+02
5985.3606 4.614451e+02 5.692495e+02
5986.5572 5.019475e+02 6.192891e+02
5987.7537 5.241663e+02 6.467817e+02
5988.9503 4.612866e+02 5.692646e+02
5990.1469 4.626748e+02 5.710513e+02
5991.3435 4.428116e+02 5.466069e+02
5992.5400 4.710146e+02 5.814985e+02
5993.7366 4.524423e+02 5.586460e+02
5994.9332 5.267185e+02 6.504478e+02
5996.1297 4.528551e+02 5.593125e+02
5997.3263 5.038683e+02 6.224077e+02
5998.5229 4.599110e+02 5.681924e+02
5999.7195 5.053921e+02 6.244746e+02
6000.9160 5.509609e+02 6.808838e+02
6002.1126 5.152871e+02 6.368960e+02
6003.3092 5.131986e+02 6.344141e+02
6004.5057 5.102086e+02 6.308184e+02
6005.7023 5.173086e+02 6.397002e+02
6006.8989 6.464792e+02 7.995630e+02
6008.0954 5.423570e+02 6.708970e+02
6009.2920 5.064484e+02 6.265840e+02
6010.4886 5.263351e+02 6.513000e+02
6011.6852 5.130535e+02 6.349756e+02
6012.8817 4.847866e+02 6.000974e+02
6014.0783 5.038082e+02 6.237551e+02
6015.2749 4.876170e+02 6.038188e+02
6016.4714 4.968259e+02 6.153354e+02
6017.6680 5.833741e+02 7.226631e+02
6018.8646 5.413423e+02 6.707222e+02
6020.0612 4.607066e+02 5.709238e+02
6021.2577 5.587242e+02 6.925249e+02
6022.4543 6.283557e+02 7.789841e+02
6023.6509 6.070479e+02 7.527178e+02
6024.8474 5.748180e+02 7.128970e+02
6026.0440 5.434222e+02 6.740964e+02
6027.2406 5.981422e+02 7.421272e+02
6028.4372 5.497667e+02 6.822485e+02
6029.6337 6.381807e+02 7.921348e+02
6030.8303 4.904857e+02 6.089395e+02
6032.0269 6.049586e+02 7.512192e+02
6033.2234 6.018939e+02 7.475757e+02
6034.4200 4.546358e+02 5.647993e+02
6035.6166 4.458340e+02 5.539875e+02
6036.8131 5.108124e+02 6.348711e+02
6038.0097 4.902224e+02 6.094182e+02
6039.2063 5.181961e+02 6.443408e+02
6040.4029 4.637355e+02 5.767559e+02
6041.5994 4.709615e+02 5.858794e+02
6042.7960 4.774734e+02 5.941199e+02
6043.9926 4.912920e+02 6.114595e+02
6045.1891 5.382963e+02 6.701213e+02
6046.3857 4.399921e+02 5.478755e+02
6047.5823 4.105032e+02 5.112808e+02
6048.7789 4.502430e+02 5.609146e+02
6049.9754 4.678416e+02 5.829836e+02
6051.1720 4.291465e+02 5.348989e+02
6052.3686 4.946987e+02 6.167605e+02
6053.5651 6.118228e+02 7.629780e+02
6054.7617 4.623208e+02 5.766885e+02
6055.9583 4.168221e+02 5.200688e+02
6057.1549 5.224702e+02 6.520562e+02
6058.3514 5.441161e+02 6.792493e+02
6059.5480 5.073246e+02 6.334883e+02
6060.7446 4.904831e+02 6.126221e+02
6061.9411 5.367406e+02 6.705789e+02
6063.1377 5.070178e+02 6.336162e+02
6064.3343 5.281180e+02 6.601653e+02
6065.5309 4.441309e+02 5.553313e+02
6066.7274 5.565761e+02 6.961230e+02
6067.9240 5.364146e+02 6.710938e+02
6069.1206 4.619240e+02 5.780630e+02
6070.3171 4.599366e+02 5.757388e+02
6071.5137 4.556672e+02 5.705569e+02
6072.7103 4.493768e+02 5.628418e+02
6073.9068 4.802626e+02 6.016997e+02
6075.1034 6.177506e+02 7.741772e+02
6076.3000 5.961358e+02 7.473076e+02
6077.4966 6.571729e+02 8.240654e+02
6078.6931 5.850167e+02 7.338020e+02
6079.8897 6.609248e+02 8.292627e+02
6081.0863 7.431509e+02 9.327114e+02
6082.2828 6.105544e+02 7.665239e+02
6083.4794 5.147532e+02 6.464458e+02
6084.6760 4.748712e+02 5.965427e+02
6085.8726 4.359991e+02 5.478789e+02
6087.0691 5.449183e+02 6.849590e+02
6088.2657 5.684022e+02 7.147000e+02
6089.4623 5.011255e+02 6.303042e+02
6090.6588 5.069046e+02 6.377732e+02
6091.8554 4.845807e+02 6.098784e+02
6093.0520 5.923936e+02 7.458052e+02
6094.2486 5.645815e+02 7.110176e+02
6095.4451 4.044638e+02 5.095334e+02
6096.6417 4.319547e+02 5.443413e+02
6097.8383 4.902081e+02 6.179514e+02
6099.0348 5.534186e+02 6.978613e+02
6100.2314 5.327842e+02 6.720613e+02
6101.4280 5.395758e+02 6.808523e+02
6102.6245 5.692267e+02 7.185042e+02
6103.8211 5.800141e+02 7.323638e+02
6105.0177 5.751965e+02 7.265232e+02
6106.2143 5.726627e+02 7.235654e+02
6107.4108 5.103387e+02 6.450356e+02
6108.6074 4.966275e+02 6.279180e+02
6109.8040 4.485403e+02 5.673110e+02
6111.0005 5.004962e+02 6.332407e+02
6112.1971 4.098452e+02 5.187246e+02
6113.3937 5.082822e+02 6.435339e+02
6114.5903 5.350930e+02 6.777134e+02
6115.7868 5.929963e+02 7.513108e+02
6116.9834 5.929695e+02 7.515388e+02
6118.1800 5.024150e+02 6.369917e+02
6119.3765 4.842399e+02 6.141641e+02
6120.5731 4.516530e+02 5.730361e+02
6121.7697 5.085172e+02 6.454114e+02
6122.9663 5.323786e+02 6.759368e+02
6124.1628 5.327331e+02 6.766284e+02
6125.3594 5.355334e+02 6.804290e+02
6126.5560 4.876865e+02 6.198594e+02
6127.7525 5.128455e+02 6.520723e+02
6128.9491 5.627551e+02 7.157905e+02
6130.1457 5.166523e+02 6.573896e+02
6131.3423 4.717567e+02 6.004834e+02
6132.5388 5.414559e+02 6.894536e+02
6133.7354 6.430477e+02 8.191145e+02
6134.9320 4.992485e+02 6.361775e+02
6136.1285 4.572751e+02 5.829075e+02
6137.3251 5.070655e+02 6.466172e+02
6138.5217 5.002732e+02 6.381931e+02
6139.7182 4.434859e+02 5.659614e+02
6140.9148 5.275793e+02 6.735308e+02
6142.1114 4.433713e+02 5.662397e+02
6143.3080 4.412467e+02 5.637388e+02
6144.5045 4.317227e+02 5.517793e+02
6145.7011 4.915466e+02 6.284775e+02
6146.8977 4.738730e+02 6.061108e+02
6148.0942 4.832280e+02 6.183120e+02
6149.2908 5.386638e+02 6.895081e+02
6150.4874 5.412758e+02 6.931172e+02
6151.6840 4.988678e+02 6.390581e+02
6152.8805 5.234282e+02 6.707788e+02
6154.0771 5.373340e+02 6.888652e+02
6155.2737 5.283432e+02 6.776013e+02
6156.4702 5.434839e+02 6.972900e+02
6157.6668 5.583166e+02 7.165991e+02
6158.8634 5.586232e+02 7.172725e+02
6160.0600 5.867637e+02 7.536995e+02
6161.2565 5.784634e+02 7.433291e+02
6162.4531 4.733929e+02 6.085518e+02
6163.6497 5.711990e+02 7.345718e+02
6164.8462 5.004986e+02 6.439038e+02
6166.0428 5.707233e+02 7.345400e+02
6167.2394 5.664890e+02 7.293794e+02
6168.4359 5.840026e+02 7.522275e+02
6169.6325 5.503123e+02 7.091147e+02
6170.8291 4.308428e+02 5.553916e+02
6172.0257 5.665117e+02 7.305718e+02
6173.2222 5.764169e+02 7.436431e+02
6174.4188 3.886685e+02 5.016274e+02
6175.6154 4.159675e+02 5.370762e+02
6176.8119 4.254837e+02 5.495842e+02
6178.0085 4.152848e+02 5.366270e+02
6179.2051 5.214150e+02 6.740396e+02
6180.4017 4.952124e+02 6.404263e+02
6181.5982 4.969675e+02 6.429565e+02
6182.7948 4.824837e+02 6.244714e+02
6183.9914 4.852009e+02 6.282437e+02
6185.1879 4.928441e+02 6.384001e+02
6186.3845 5.608021e+02 7.267251e+02
6187.5811 5.500137e+02 7.130359e+02
6188.7777 5.235844e+02 6.790508e+02
6189.9742 4.803826e+02 6.232764e+02
6191.1708 4.105301e+02 5.328643e+02
6192.3674 4.766109e+02 6.188906e+02
6193.5639 5.861017e+02 7.613801e+02
6194.7605 6.612273e+02 8.593264e+02
6195.9571 6.246296e+02 8.120991e+02
6197.1537 5.680450e+02 7.388367e+02
6198.3502 4.810424e+02 6.259341e+02
6199.5468 4.689225e+02 6.104160e+02
6200.7434 5.543743e+02 7.219512e+02
6201.9399 5.237905e+02 6.824053e+02
6203.1365 4.133174e+02 5.387021e+02
6204.3331 4.441258e+02 5.790972e+02
6205.5296 3.960662e+02 5.166470e+02
6206.7262 4.829348e+02 6.302246e+02
6207.9228 4.196615e+02 5.478818e+02
6209.1194 4.695900e+02 6.133208e+02
6210.3159 5.808646e+02 7.589707e+02
6211.5125 4.879402e+02 6.378198e+02
6212.7091 5.155408e+02 6.741802e+02
6213.9056 5.006413e+02 6.549697e+02
6215.1022 5.111875e+02 6.690469e+02
6216.2988 4.981921e+02 6.523115e+02
6217.4954 4.670655e+02 6.118120e+02
6218.6919 4.281755e+02 5.611050e+02
6219.8885 3.891101e+02 5.101255e+02
6221.0851 4.838105e+02 6.345444e+02
6222.2816 5.408432e+02 7.096440e+02
6223.4782 5.248144e+02 6.889019e+02
6224.6748 4.982814e+02 6.543481e+02
6225.8714 5.283230e+02 6.940908e+02
6227.0679 5.423642e+02 7.128374e+02
6228.2645 5.081917e+02 6.682051e+02
6229.4611 4.702545e+02 6.185830e+02
6230.6576 4.994990e+02 6.573286e+02
6231.8542 5.944467e+02 7.826069e+02
6233.0508 6.045304e+02 7.962178e+02
6234.2473 4.361629e+02 5.747056e+02
6235.4439 4.469990e+02 5.892319e+02
6236.6405 5.004951e+02 6.600283e+02
6237.8371 4.254499e+02 5.612988e+02
6239.0336 5.341760e+02 7.050391e+02
6240.2302 5.871989e+02 7.753486e+02
6241.4268 4.899558e+02 6.472197e+02
6242.6233 4.048396e+02 5.350088e+02
6243.8199 3.834657e+02 5.069761e+02
6245.0165 4.370527e+02 5.780664e+02
6246.2131 5.136545e+02 6.796699e+02
6247.4096 3.766852e+02 4.986416e+02
6248.6062 4.223436e+02 5.593179e+02
6249.8028 5.019351e+02 6.650024e+02
6250.9993 5.052865e+02 6.697246e+02
6252.1959 4.485004e+02 5.947085e+02
6253.3925 4.863409e+02 6.451562e+02
6254.5891 4.862615e+02 6.453223e+02
6255.7856 5.298354e+02 7.034453e+02
6256.9822 5.588514e+02 7.422808e+02
6258.1788 5.177130e+02 6.879287e+02
6259.3753 5.292592e+02 7.035664e+02
6260.5719 4.064964e+02 5.405996e+02
6261.7685 3.490768e+02 4.644321e+02
6262.9651 4.312733e+02 5.740317e+02
6264.1616 5.090739e+02 6.778696e+02
6265.3582 4.602464e+02 6.131089e+02
6266.5548 4.217860e+02 5.621099e+02
6267.7513 4.862566e+02 6.483003e+02
6268.9479 4.623852e+02 6.167314e+02
6270.1445 4.600949e+02 6.139331e+02
6271.3410 5.065693e+02 6.762290e+02
6272.5376 5.335152e+02 7.124966e+02
6273.7342 4.151923e+02 5.547104e+02
6274.9308 4.286667e+02 5.729512e+02
6276.1273 4.154257e+02 5.554844e+02
6277.3239 4.247901e+02 5.682422e+02
6278.5205 3.973081e+02 5.317002e+02
6279.7170 4.052417e+02 5.425425e+02
6280.9136 4.403833e+02 5.898350e+02
6282.1102 4.372776e+02 5.859180e+02
6283.3068 3.828815e+02 5.132437e+02
6284.5033 4.736486e+02 6.351772e+02
6285.6999 4.139932e+02 5.554067e+02
6286.8965 4.311846e+02 5.787090e+02
6288.0930 3.199827e+02 4.296377e+02
6289.2896 4.374496e+02 5.876011e+02
6290.4862 4.396633e+02 5.908174e+02
6291.6828 3.386091e+02 4.552080e+02
6292.8793 4.235415e+02 5.696201e+02
6294.0759 5.164892e+02 6.949097e+02
6295.2725 4.724006e+02 6.358506e+02
6296.4690 1.765872e+02 2.377832e+02
6297.6656 3.630316e+02 4.890391e+02
6298.8622 4.648295e+02 6.264258e+02
6300.0587 3.193855e+02 4.305938e+02
6301.2553 2.429057e+02 3.276172e+02
6302.4519 3.042835e+02 4.105664e+02
6303.6485 4.513832e+02 6.092930e+02
6304.8450 5.565038e+02 7.514922e+02
6306.0416 4.303645e+02 5.813906e+02
6307.2382 4.649016e+02 6.283008e+02
6308.4347 5.982245e+02 8.088081e+02
6309.6313 4.183842e+02 5.658887e+02
6310.8279 3.549200e+02 4.802422e+02
6312.0245 4.884721e+02 6.612163e+02
6313.2210 5.014732e+02 6.790864e+02
6314.4176 4.315792e+02 5.846704e+02
6315.6142 4.484860e+02 6.078164e+02
6316.8107 4.456031e+02 6.041494e+02
6318.0073 5.419424e+02 7.350581e+02
6319.2039 5.036709e+02 6.834194e+02
6320.4005 4.417484e+02 5.996353e+02
6321.5970 5.012344e+02 6.806509e+02
6322.7936 5.410640e+02 7.350269e+02
6323.9902 4.808518e+02 6.534863e+02
6325.1867 4.318125e+02 5.870713e+02
6326.3833 4.564629e+02 6.208276e+02
6327.5799 3.459980e+02 4.707700e+02
6328.7765 3.807172e+02 5.182114e+02
6329.9730 4.205729e+02 5.726836e+02
6331.1696 4.136321e+02 5.634512e+02
6332.3662 4.313236e+02 5.877783e+02
6333.5627 4.822026e+02 6.573667e+02
6334.7593 5.005313e+02 6.826167e+02
6335.9559 5.196011e+02 7.088965e+02
6337.1524 4.686944e+02 6.396895e+02
6338.3490 4.130956e+02 5.640225e+02
6339.5456 4.457127e+02 6.087891e+02
6340.7422 5.257234e+02 7.183477e+02
6341.9387 4.873131e+02 6.661172e+02
6343.1353 4.648755e+02 6.356880e+02
6344.3319 5.141897e+02 7.033882e+02
6345.5284 4.924091e+02 6.738477e+02
6346.7250 3.763911e+02 5.152744e+02
6347.9216 3.614547e+02 4.950127e+02
6349.1182 3.862471e+02 5.291641e+02
6350.3147 3.811776e+02 5.224141e+02
6351.5113 4.622373e+02 6.337446e+02
6352.7079 4.947747e+02 6.786069e+02
6353.9044 4.180616e+02 5.736040e+02
6355.1010 4.006716e+02 5.499473e+02
6356.2976 4.026881e+02 5.529189e+02
6357.4942 4.705992e+02 6.464033e+02
6358.6907 4.311717e+02 5.924639e+02
6359.8873 4.247671e+02 5.838770e+02
6361.0839 4.584113e+02 6.303535e+02
6362.2804 4.426148e+02 6.088535e+02
6363.4770 4.150739e+02 5.711758e+02
6364.6736 5.556932e+02 7.649561e+02
6365.8701 6.195107e+02 8.531133e+02
6367.0667 4.756184e+02 6.551982e+02
6368.2633 4.419907e+02 6.090918e+02
6369.4599 3.391807e+02 4.675801e+02
6370.6564 5.308770e+02 7.321050e+02
6371.8530 5.206191e+02 7.182139e+02
6373.0496 5.605888e+02 7.736274e+02
6374.2461 4.669267e+02 6.445986e+02
6375.4427 5.282651e+02 7.295337e+02
6376.6393 4.962877e+02 6.856133e+02
6377.8359 4.385805e+02 6.061035e+02
6379.0324 4.237328e+02 5.857886e+02
6380.2290 4.177494e+02 5.777173e+02
6381.4256 3.535381e+02 4.890869e+02
6382.6221 3.180799e+02 4.401855e+02
6383.8187 3.824514e+02 5.294502e+02
6385.0153 4.327671e+02 5.993105e+02
6386.2119 4.550454e+02 6.303774e+02
6387.4084 4.855502e+02 6.728647e+02
6388.6050 4.990995e+02 6.918755e+02
6389.8016 5.898701e+02 8.179824e+02
6390.9981 5.639756e+02 7.823374e+02
6392.1947 5.019255e+02 6.964961e+02
6393.3913 4.969947e+02 6.898843e+02
6394.5879 4.050061e+02 5.623811e+02
6395.7844 4.516656e+02 6.273794e+02
6396.9810 4.830761e+02 6.712314e+02
6398.1776 4.564980e+02 6.345103e+02
6399.3741 5.184725e+02 7.208882e+02
6400.5707 5.526095e+02 7.686035e+02
6401.7673 4.800986e+02 6.679683e+02
6402.9638 5.350210e+02 7.446240e+02
6404.1604 5.284503e+02 7.357168e+02
6405.3570 3.827097e+02 5.329858e+02
6406.5536 4.994890e+02 6.958430e+02
6407.7501 4.971023e+02 6.927393e+02
6408.9467 5.063376e+02 7.058335e+02
6410.1433 4.865605e+02 6.784790e+02
6411.3398 5.727036e+02 7.988521e+02
6412.5364 5.157826e+02 7.196802e+02
6413.7330 4.107140e+02 5.732554e+02
6414.9296 4.067472e+02 5.678955e+02
6416.1261 4.776187e+02 6.670522e+02
6417.3227 4.852856e+02 6.779692e+02
6418.5193 4.824908e+02 6.742720e+02
6419.7158 4.234280e+02 5.919141e+02
6420.9124 4.697283e+02 6.568379e+02
6422.1090 4.451777e+02 6.226968e+02
6423.3056 4.589890e+02 6.422095e+02
6424.5021 4.406051e+02 6.166724e+02
6425.6987 4.242802e+02 5.940020e+02
6426.8953 4.687377e+02 6.564390e+02
6428.0918 4.644467e+02 6.506228e+02
6429.2884 4.842973e+02 6.786309e+02
6430.4850 4.648031e+02 6.515059e+02
6431.6815 4.405126e+02 6.176389e+02
6432.8781 4.861736e+02 6.818584e+02
6434.0747 5.061868e+02 7.101328e+02
6435.2713 5.299370e+02 7.436665e+02
6436.4678 5.130261e+02 7.201421e+02
6437.6644 5.521995e+02 7.753518e+02
6438.8610 5.468481e+02 7.680562e+02
6440.0575 5.360020e+02 7.530356e+02
6441.2541 5.147241e+02 7.233457e+02
6442.4507 4.255549e+02 5.982031e+02
6443.6473 4.194714e+02 5.898159e+02
6444.8438 4.601753e+02 6.472288e+02
6446.0404 5.560004e+02 7.822209e+02
6447.2370 4.848741e+02 6.823428e+02
6448.4335 4.813385e+02 6.775522e+02
6449.6301 5.447897e+02 7.670771e+02
6450.8267 3.886229e+02 5.473384e+02
6452.0233 4.671254e+02 6.580786e+02
6453.2198 4.456218e+02 6.279526e+02
6454.4164 4.418532e+02 6.228076e+02
6455.6130 4.126359e+02 5.817788e+02
6456.8095 4.998117e+02 7.048740e+02
6458.0061 4.420424e+02 6.235664e+02
6459.2027 5.536948e+02 7.812720e+02
6460.3993 4.963474e+02 7.005352e+02
6461.5958 5.166181e+02 7.293325e+02
6462.7924 4.423080e+02 6.245854e+02
6463.9890 4.481621e+02 6.330132e+02
6465.1855 4.670696e+02 6.598862e+02
6466.3821 5.178192e+02 7.317705e+02
6467.5787 4.868263e+02 6.881440e+02
6468.7752 3.982979e+02 5.631465e+02
6469.9718 4.232227e+02 5.985352e+02
6471.1684 5.827827e+02 8.243926e+02
6472.3650 5.772531e+02 8.167700e+02
6473.5615 5.476360e+02 7.750522e+02
6474.7581 4.983311e+02 7.054429e+02
6475.9547 4.819409e+02 6.824043e+02
6477.1512 4.803759e+02 6.803506e+02
6478.3478 5.177667e+02 7.334805e+02
6479.5444 5.364833e+02 7.601738e+02
6480.7410 5.055454e+02 7.165039e+02
6481.9375 5.028787e+02 7.128901e+02
6483.1341 5.337449e+02 7.568215e+02
6484.3307 5.258990e+02 7.458677e+02
6485.5272 4.846598e+02 6.875361e+02
6486.7238 5.260059e+02 7.463586e+02
6487.9204 3.963364e+02 5.624951e+02
6489.1170 4.585665e+02 6.509600e+02
6490.3135 4.457190e+02 6.328628e+02
6491.5101 3.452141e+02 4.902671e+02
6492.7067 4.185922e+02 5.946079e+02
6493.9032 4.681931e+02 6.652104e+02
6495.0998 4.874010e+02 6.926509e+02
6496.2964 5.972321e+02 8.489155e+02
6497.4929 4.730871e+02 6.725972e+02
6498.6895 5.168653e+02 7.349932e+02
6499.8861 3.776524e+02 5.371426e+02
6501.0827 4.014350e+02 5.710884e+02
6502.2792 2.656266e+02 3.779634e+02
6503.4758 3.307572e+02 4.707354e+02
6504.6724 5.062178e+02 7.205991e+02
6505.8689 5.385081e+02 7.667197e+02
6507.0655 5.366231e+02 7.641899e+02
6508.2621 5.367603e+02 7.645381e+02
6509.4587 5.368978e+02 7.648857e+02
6510.6552 5.370363e+02 7.652339e+02
6511.8518 5.371749e+02 7.655811e+02
6513.0484 5.373143e+02 7.659282e+02
6514.2449 5.374546e+02 7.662759e+02
6515.4415 5.375947e+02 7.666221e+02
6516.6381 5.377379e+02 7.669717e+02
6517.8347 5.378801e+02 7.673188e+02
6519.0312 5.380234e+02 7.676665e+02
6520.2278 5.381681e+02 7.680151e+02
6521.4244 5.383129e+02 7.683628e+02
6522.6209 5.384579e+02 7.687100e+02
6523.8175 5.386038e+02 7.690571e+02
6525.0141 5.387511e+02 7.694053e+02
6526.2107 5.388994e+02 7.697539e+02
6527.4072 5.390478e+02 7.701016e+02
6528.6038 5.391965e+02 7.704487e+02
6529.8004 5.393467e+02 7.707969e+02
6530.9969 5.394969e+02 7.711440e+02
6532.1935 5.396482e+02 7.714917e+02
6533.3901 5.398009e+02 7.718403e+02
6534.5866 5.399526e+02 7.721865e+02
6535.7832 5.401071e+02 7.725356e+02
6536.9798 5.402613e+02 7.728833e+02
6538.1764 5.404162e+02 7.732310e+02
6539.3729 5.405718e+02 7.735786e+02
6540.5695 5.407286e+02 7.739268e+02
6541.7661 5.408864e+02 7.742754e+02
6542.9626 5.410442e+02 7.746230e+02
6544.1592 5.412024e+02 7.749702e+02
6545.3558 5.413624e+02 7.753188e+02
6546.5524 5.415223e+02 7.756665e+02
6547.7489 5.416827e+02 7.760137e+02
6548.9455 5.418449e+02 7.763623e+02
6550.1421 5.420074e+02 7.767104e+02
6551.3386 5.421700e+02 7.770576e+02
6552.5352 5.423347e+02 7.774067e+02
6553.7318 5.424987e+02 7.777539e+02
6554.9284 5.426648e+02 7.781030e+02
6556.1249 5.428300e+02 7.784497e+02
6557.3215 5.429978e+02 7.787993e+02
6558.5181 5.431647e+02 7.791465e+02
6559.7146 5.433327e+02 7.794941e+02
6560.9112 5.435018e+02 7.798423e+02
6562.1078 5.436719e+02 7.801909e+02
6563.3043 5.438427e+02 7.805396e+02
6564.5009 5.440129e+02 7.808862e+02
6565.6975 5.441845e+02 7.812339e+02
6566.8941 5.443578e+02 7.815830e+02
6568.0906 5.445316e+02 7.819316e+02
6569.2872 5.447060e+02 7.822803e+02
6570.4838 5.448808e+02 7.826284e+02
6571.6803 5.450553e+02 7.829751e+02
6572.8769 5.452322e+02 7.833242e+02
6574.0735 5.454089e+02 7.836719e+02
6575.2701 5.455865e+02 7.840200e+02
6576.4666 5.457653e+02 7.843687e+02
6577.6632 5.459447e+02 7.847173e+02
6578.8598 5.461245e+02 7.850654e+02
6580.0563 5.467316e+02 7.860269e+02
6581.2529 5.322078e+02 7.652314e+02
6582.4495 5.076041e+02 7.299355e+02
6583.6461 4.933872e+02 7.095688e+02
6584.8426 5.294833e+02 7.615625e+02
6586.0392 6.078709e+02 8.744009e+02
6587.2358 6.488453e+02 9.334387e+02
6588.4323 5.766047e+02 8.295979e+02
6589.6289 5.351248e+02 7.699966e+02
6590.8255 5.246231e+02 7.549614e+02
6592.0221 4.357619e+02 6.271475e+02
6593.2186 3.839099e+02 5.525762e+02
6594.4152 5.015148e+02 7.219189e+02
6595.6118 6.602418e+02 9.504932e+02
6596.8083 4.672610e+02 6.727383e+02
6598.0049 5.621196e+02 8.093857e+02
6599.2015 5.733524e+02 8.256348e+02
6600.3980 5.103549e+02 7.349834e+02
6601.5946 4.257339e+02 6.131714e+02
6602.7912 4.588912e+02 6.609844e+02
6603.9878 5.215189e+02 7.512573e+02
6605.1843 4.722444e+02 6.803340e+02
6606.3809 5.353830e+02 7.713579e+02
6607.5775 5.355547e+02 7.716685e+02
6608.7740 4.488774e+02 6.468291e+02
6609.9706 4.920483e+02 7.090942e+02
6611.1672 5.252381e+02 7.569832e+02
6612.3638 5.426198e+02 7.820938e+02
6613.5603 4.872739e+02 7.023750e+02
6614.7569 5.185895e+02 7.475698e+02
6615.9535 5.568469e+02 8.027778e+02
6617.1500 5.278232e+02 7.609902e+02
6618.3466 5.527053e+02 7.969199e+02
6619.5432 5.777970e+02 8.331558e+02
6620.7398 5.520894e+02 7.961404e+02
6621.9363 4.911243e+02 7.082727e+02
6623.1329 4.688598e+02 6.762080e+02
6624.3295 4.849256e+02 6.994233e+02
6625.5260 5.006091e+02 7.220894e+02
6626.7226 5.216578e+02 7.524966e+02
6627.9192 5.695950e+02 8.216958e+02
6629.1157 5.531296e+02 7.979897e+02
6630.3123 5.575698e+02 8.044419e+02
6631.5089 5.109352e+02 7.372007e+02
6632.7055 4.678911e+02 6.751318e+02
6633.9020 4.807506e+02 6.937246e+02
6635.0986 5.279774e+02 7.619131e+02
6636.2952 4.598589e+02 6.636470e+02
6637.4917 4.442637e+02 6.411729e+02
6638.6883 5.536973e+02 7.991494e+02
6639.8849 5.850853e+02 8.444922e+02
6641.0815 5.466388e+02 7.890366e+02
6642.2780 4.984498e+02 7.195117e+02
6643.4746 5.045444e+02 7.283416e+02
6644.6712 5.413297e+02 7.814771e+02
6645.8677 5.494509e+02 7.932344e+02
6647.0643 5.340222e+02 7.709917e+02
6648.2609 5.441384e+02 7.856279e+02
6649.4575 5.765328e+02 8.324312e+02
6650.6540 4.908634e+02 7.087632e+02
6651.8506 6.157685e+02 8.891472e+02
6653.0472 5.667054e+02 8.183306e+02
6654.2437 4.758398e+02 6.871426e+02
6655.4403 5.220660e+02 7.539209e+02
6656.6369 5.178015e+02 7.477861e+02
6657.8335 5.661564e+02 8.176431e+02
6659.0300 5.643583e+02 8.150703e+02
6660.2266 5.549969e+02 8.015728e+02
6661.4232 4.259722e+02 6.152412e+02
6662.6197 6.184656e+02 8.932871e+02
6663.8163 5.655718e+02 8.169097e+02
6665.0129 5.020536e+02 7.251816e+02
6666.2094 5.013668e+02 7.242061e+02
6667.4060 4.861790e+02 7.022832e+02
6668.6026 5.434252e+02 7.849912e+02
6669.7992 5.588015e+02 8.072183e+02
6670.9957 5.221593e+02 7.543008e+02
6672.1923 5.481437e+02 7.918511e+02
6673.3889 5.969301e+02 8.623423e+02
6674.5854 5.194487e+02 7.504219e+02
6675.7820 5.251765e+02 7.587075e+02
6676.9786 5.363217e+02 7.748188e+02
6678.1752 5.285173e+02 7.635532e+02
6679.3717 5.962051e+02 8.613521e+02
6680.5683 5.175675e+02 7.477500e+02
6681.7649 4.837787e+02 6.989404e+02
6682.9614 5.333635e+02 7.705845e+02
6684.1580 4.987526e+02 7.205850e+02
6685.3546 5.439860e+02 7.859419e+02
6686.5512 5.333848e+02 7.706294e+02
6687.7477 5.689161e+02 8.219683e+02
6688.9443 5.190853e+02 7.499751e+02
6690.1409 4.145008e+02 5.988726e+02
6691.3374 4.787068e+02 6.916387e+02
6692.5340 4.688147e+02 6.773467e+02
6693.7306 5.215082e+02 7.534780e+02
6694.9271 5.623653e+02 8.125073e+02
6696.1237 5.222181e+02 7.545005e+02
6697.3203 5.661742e+02 8.180054e+02
6698.5169 6.297153e+02 9.098052e+02
6699.7134 6.312497e+02 9.120171e+02
6700.9100 5.553161e+02 8.023047e+02
6702.1066 6.615009e+02 9.557104e+02
6703.3031 6.481443e+02 9.364058e+02
6704.4997 5.671479e+02 8.193789e+02
6705.6963 4.917494e+02 7.104409e+02
6706.8929 5.210815e+02 7.528096e+02
6708.0894 5.616633e+02 8.114287e+02
6709.2860 5.185391e+02 7.491182e+02
6710.4826 5.279433e+02 7.626938e+02
6711.6791 6.051309e+02 8.741904e+02
6712.8757 5.069619e+02 7.323613e+02
6714.0723 6.036443e+02 8.720156e+02
6715.2689 5.024580e+02 7.258311e+02
6716.4654 5.265948e+02 7.606846e+02
6717.6620 5.626909e+02 8.128115e+02
6718.8586 5.490684e+02 7.931182e+02
6720.0551 4.195803e+02 6.060630e+02
6721.2517 4.064709e+02 5.871147e+02
6722.4483 4.551494e+02 6.574126e+02
6723.6449 4.403544e+02 6.360283e+02
6724.8414 5.763837e+02 8.324834e+02
6726.0380 5.273232e+02 7.616057e+02
6727.2346 5.500719e+02 7.944414e+02
6728.4311 5.468107e+02 7.897109e+02
6729.6277 5.930428e+02 8.564570e+02
6730.8243 5.149539e+02 7.436626e+02
6732.0208 5.244924e+02 7.574160e+02
6733.2174 5.192831e+02 7.498716e+02
6734.4140 5.449771e+02 7.869517e+02
6735.6106 5.628763e+02 8.127734e+02
6736.8071 5.732163e+02 8.276782e+02
6738.0037 5.085338e+02 7.342583e+02
6739.2003 4.346930e+02 6.276211e+02
6740.3968 4.897666e+02 7.071143e+02
6741.5934 5.615529e+02 8.107300e+02
6742.7900 5.963947e+02 8.610020e+02
6743.9866 5.654304e+02 8.162705e+02
6745.1831 5.398506e+02 7.793145e+02
6746.3797 5.250976e+02 7.579895e+02
6747.5763 5.366949e+02 7.747012e+02
6748.7728 5.620884e+02 8.113247e+02
6749.9694 5.530069e+02 7.981853e+02
6751.1660 4.838190e+02 6.982949e+02
6752.3626 4.977497e+02 7.183721e+02
6753.5591 5.141595e+02 7.420249e+02
6754.7557 4.578663e+02 6.607561e+02
6755.9523 4.811565e+02 6.943374e+02
6757.1488 5.131263e+02 7.404399e+02
6758.3454 5.211382e+02 7.519683e+02
6759.5420 6.581891e+02 9.496819e+02
6760.7385 4.900049e+02 7.069822e+02
6761.9351 5.564916e+02 8.028730e+02
6763.1317 5.646993e+02 8.146772e+02
6764.3283 4.746134e+02 6.846807e+02
6765.5248 5.490082e+02 7.919658e+02
6766.7214 4.144319e+02 5.978057e+02
6767.9180 5.670160e+02 8.178640e+02
6769.1145 5.564721e+02 8.026162e+02
6770.3111 5.562853e+02 8.023071e+02
6771.5077 5.630074e+02 8.119614e+02
6772.7043 4.673955e+02 6.740371e+02
6773.9008 5.116086e+02 7.377598e+02
6775.0974 5.671168e+02 8.177625e+02
6776.2940 5.273307e+02 7.603525e+02
6777.4905 5.854814e+02 8.441548e+02
6778.6871 5.715669e+02 8.240488e+02
6779.8837 5.752603e+02 8.293291e+02
6781.0803 6.397861e+02 9.223032e+02
6782.2768 7.001298e+02 1.009238e+03
6783.4734 9.311594e+02 1.342193e+03
6784.6700 1.861589e+03 2.683185e+03
6785.8665 3.169010e+03 4.567368e+03
6787.0631 4.193579e+03 6.043694e+03
6788.2597 5.167048e+03 7.446211e+03
6789.4563 6.425069e+03 9.258604e+03
6790.6528 7.303209e+03 1.052340e+04
6791.8494 7.222708e+03 1.040680e+04
6793.0460 5.157704e+03 7.431009e+03
6794.2425 2.464540e+03 3.550598e+03
6795.4391 1.117379e+03 1.609682e+03
6796.6357 7.424665e+02 1.069523e+03
6797.8322 6.217382e+02 8.955593e+02
6799.0288 5.928670e+02 8.539207e+02
6800.2254 5.429139e+02 7.819238e+02
6801.4220 5.454264e+02 7.854937e+02
6802.6185 5.219653e+02 7.516594e+02
6803.8151 5.406218e+02 7.784768e+02
6805.0117 5.945342e+02 8.560547e+02
6806.2082 6.026322e+02 8.676597e+02
6807.4048 5.971042e+02 8.596455e+02
6808.6014 6.231771e+02 8.971248e+02
6809.7980 6.486504e+02 9.337356e+02
6810.9945 6.707989e+02 9.655557e+02
6812.1911 6.604411e+02 9.505845e+02
6813.3877 6.043836e+02 8.698428e+02
6814.5842 6.149912e+02 8.850510e+02
6815.7808 6.512954e+02 9.372351e+02
6816.9774 5.973807e+02 8.595928e+02
6818.1740 5.085367e+02 7.317029e+02
6819.3705 4.706766e+02 6.771826e+02
6820.5671 5.603532e+02 8.061497e+02
6821.7637 5.138273e+02 7.391650e+02
6822.9602 5.108745e+02 7.348672e+02
6824.1568 5.710084e+02 8.213105e+02
6825.3534 4.566330e+02 6.567534e+02
6826.5499 4.811232e+02 6.919287e+02
6827.7465 4.896024e+02 7.040742e+02
6828.9431 6.901032e+02 9.923359e+02
6830.1397 6.060186e+02 8.713652e+02
6831.3362 4.737187e+02 6.810898e+02
6832.5328 4.365725e+02 6.276387e+02
6833.7294 4.576386e+02 6.578779e+02
6834.9259 4.902150e+02 7.046582e+02
6836.1225 5.668356e+02 8.147383e+02
6837.3191 5.015674e+02 7.208740e+02
6838.5157 5.235724e+02 7.524468e+02
6839.7122 5.071736e+02 7.288271e+02
6840.9088 5.241359e+02 7.531484e+02
6842.1054 6.457042e+02 9.277671e+02
6843.3019 5.224233e+02 7.505791e+02
6844.4985 5.618136e+02 8.071138e+02
6845.6951 5.775030e+02 8.295933e+02
6846.8917 4.363044e+02 6.267134e+02
6848.0882 4.842394e+02 6.955171e+02
6849.2848 5.722932e+02 8.219292e+02
6850.4814 5.359239e+02 7.696392e+02
6851.6779 4.253306e+02 6.107715e+02
6852.8745 5.195692e+02 7.460425e+02
6854.0711 4.139655e+02 5.943638e+02
6855.2677 4.798235e+02 6.888706e+02
6856.4642 4.231031e+02 6.073936e+02
6857.6608 4.142043e+02 5.945747e+02
6858.8574 5.381444e+02 7.724287e+02
6860.0539 4.007587e+02 5.751885e+02
6861.2505 5.477421e+02 7.860879e+02
6862.4471 4.147580e+02 5.951924e+02
6863.6436 4.262068e+02 6.115762e+02
6864.8402 5.257413e+02 7.543447e+02
6866.0368 4.586546e+02 6.580381e+02
6867.2334 4.372661e+02 6.273047e+02
6868.4299 3.656962e+02 5.245908e+02
6869.6265 3.135871e+02 4.498066e+02
6870.8231 3.316605e+02 4.756953e+02
6872.0196 3.363266e+02 4.823516e+02
6873.2162 3.234192e+02 4.638052e+02
6874.4128 3.813946e+02 5.469048e+02
6875.6094 3.630233e+02 5.205220e+02
6876.8059 3.698602e+02 5.302852e+02
6878.0025 3.356346e+02 4.811782e+02
6879.1991 3.849217e+02 5.517964e+02
6880.3956 4.742768e+02 6.798384e+02
6881.5922 4.438819e+02 6.362217e+02
6882.7888 4.172531e+02 5.980093e+02
6883.9854 4.454308e+02 6.383457e+02
6885.1819 4.627601e+02 6.631304e+02
6886.3785 4.799128e+02 6.876582e+02
6887.5751 4.106463e+02 5.883633e+02
6888.7716 4.114560e+02 5.894790e+02
6889.9682 4.077550e+02 5.841328e+02
6891.1648 4.057180e+02 5.811709e+02
6892.3613 4.199645e+02 6.015332e+02
6893.5579 4.127715e+02 5.911860e+02
6894.7545 4.274766e+02 6.122012e+02
6895.9511 4.412690e+02 6.319062e+02
6897.1476 4.171900e+02 5.973799e+02
6898.3442 4.196994e+02 6.009282e+02
6899.5408 4.546046e+02 6.508569e+02
6900.7373 5.369547e+02 7.687002e+02
6901.9339 4.940897e+02 7.072822e+02
6903.1305 3.934894e+02 5.632324e+02
6904.3271 5.152857e+02 7.375142e+02
6905.5236 4.806297e+02 6.878608e+02
6906.7202 4.597947e+02 6.579937e+02
6907.9168 4.580052e+02 6.553843e+02
6909.1133 5.022164e+02 7.185952e+02
6910.3099 5.478729e+02 7.838647e+02
6911.5065 5.141788e+02 7.356030e+02
6912.7031 5.150209e+02 7.367534e+02
6913.8996 5.663205e+02 8.100796e+02
6915.0962 3.951640e+02 5.652114e+02
6916.2928 3.637138e+02 5.201895e+02
6917.4893 4.149335e+02 5.934014e+02
6918.6859 4.208989e+02 6.018887e+02
6919.8825 4.398293e+02 6.289136e+02
6921.0791 4.028461e+02 5.759893e+02
6922.2756 4.040453e+02 5.776621e+02
6923.4722 4.839548e+02 6.918584e+02
6924.6688 4.013410e+02 5.737129e+02
6925.8653 4.774712e+02 6.824912e+02
6927.0619 2.538413e+02 3.628115e+02
6928.2585 3.925164e+02 5.609775e+02
6929.4550 4.418328e+02 6.314146e+02
6930.6516 3.097307e+02 4.425986e+02
6931.8482 4.322594e+02 6.176458e+02
6933.0448 4.505973e+02 6.438027e+02
6934.2413 6.347532e+02 9.068564e+02
6935.4379 5.019817e+02 7.171187e+02
6936.6345 4.297158e+02 6.138384e+02
6937.8310 5.044913e+02 7.206030e+02
6939.0276 4.680177e+02 6.684585e+02
6940.2242 4.070256e+02 5.813047e+02
6941.4208 4.816640e+02 6.878540e+02
6942.6173 4.276840e+02 6.107241e+02
6943.8139 5.201979e+02 7.427812e+02
6945.0105 6.394359e+02 9.129766e+02
6946.2070 5.703626e+02 8.142993e+02
6947.4036 6.280067e+02 8.965361e+02
6948.6002 6.711446e+02 9.580547e+02
6949.7968 8.078417e+02 1.153111e+03
6950.9933 8.004682e+02 1.142510e+03
6952.1899 5.239194e+02 7.477412e+02
6953.3865 4.844541e+02 6.913701e+02
6954.5830 5.649205e+02 8.061514e+02
6955.7796 5.139048e+02 7.333027e+02
6956.9762 4.676240e+02 6.672197e+02
6958.1727 5.482454e+02 7.822017e+02
6959.3693 6.230200e+02 8.888276e+02
6960.5659 6.250411e+02 8.916533e+02
6961.7625 6.981432e+02 9.958730e+02
6962.9590 7.573321e+02 1.080234e+03
6964.1556 7.353103e+02 1.048756e+03
6965.3522 7.111868e+02 1.014285e+03
6966.5487 6.152946e+02 8.774697e+02
6967.7453 5.874850e+02 8.377578e+02
6968.9419 5.263806e+02 7.505757e+02
6970.1385 5.100402e+02 7.272305e+02
6971.3350 4.181113e+02 5.961187e+02
6972.5316 4.330681e+02 6.174053e+02
6973.7282 4.784695e+02 6.820903e+02
6974.9247 4.540780e+02 6.472793e+02
6976.1213 4.499998e+02 6.414272e+02
6977.3179 3.646341e+02 5.197163e+02
6978.5145 4.217737e+02 6.011221e+02
6979.7110 5.389611e+02 7.680947e+02
6980.9076 4.767327e+02 6.793706e+02
6982.1042 4.898297e+02 6.979937e+02
6983.3007 5.475092e+02 7.801401e+02
6984.4973 5.238558e+02 7.463936e+02
6985.6939 5.347939e+02 7.619346e+02
6986.8905 4.926032e+02 7.017844e+02
6988.0870 4.884657e+02 6.958506e+02
6989.2836 4.607741e+02 6.563652e+02
6990.4802 4.574819e+02 6.516392e+02
6991.6767 4.752318e+02 6.768848e+02
6992.8733 4.867817e+02 6.932974e+02
6994.0699 4.921931e+02 7.009663e+02
6995.2664 4.901978e+02 6.980869e+02
6996.4630 4.333667e+02 6.171211e+02
6997.6596 3.398399e+02 4.839116e+02
6998.8562 4.790320e+02 6.820767e+02
7000.0527 4.950476e+02 7.048438e+02
7001.2493 4.840399e+02 6.891353e+02
7002.4459 5.440871e+02 7.745854e+02
7003.6424 5.166614e+02 7.355034e+02
7004.8390 5.877580e+02 8.366719e+02
7006.0356 4.331619e+02 6.165737e+02
7007.2322 4.087237e+02 5.817588e+02
7008.4287 4.188180e+02 5.960972e+02
7009.6253 5.206214e+02 7.409561e+02
7010.8219 3.550988e+02 5.053574e+02
7012.0184 5.022319e+02 7.147148e+02
7013.2150 5.045085e+02 7.179204e+02
7014.4116 4.596813e+02 6.541001e+02
7015.6082 4.231063e+02 6.020278e+02
7016.8047 4.532969e+02 6.449556e+02
7018.0013 5.065857e+02 7.207424e+02
7019.1979 4.424285e+02 6.294346e+02
7020.3944 4.254944e+02 6.053157e+02
7021.5910 5.397607e+02 7.678389e+02
7022.7876 4.662915e+02 6.632959e+02
7023.9841 4.433485e+02 6.306323e+02
7025.1807 4.516060e+02 6.423506e+02
7026.3773 4.989054e+02 7.095977e+02
7027.5739 5.211605e+02 7.412202e+02
7028.7704 4.206446e+02 5.982368e+02
7029.9670 4.810815e+02 6.841616e+02
7031.1636 4.042889e+02 5.749292e+02
7032.3601 4.495091e+02 6.392102e+02
7033.5567 3.996324e+02 5.682622e+02
7034.7533 5.097364e+02 7.247979e+02
7035.9499 4.931156e+02 7.011377e+02
7037.1464 3.891970e+02 5.533599e+02
7038.3430 4.135493e+02 5.879619e+02
7039.5396 4.241101e+02 6.029546e+02
7040.7361 5.126727e+02 7.288369e+02
7041.9327 4.058647e+02 5.769736e+02
7043.1293 3.562163e+02 5.063760e+02
7044.3259 4.882276e+02 6.940112e+02
7045.5224 5.047627e+02 7.174912e+02
7046.7190 4.448450e+02 6.323003e+02
7047.9156 3.506562e+02 4.984043e+02
7049.1121 3.032278e+02 4.309780e+02
7050.3087 4.838946e+02 6.877378e+02
7051.5053 4.537515e+02 6.448765e+02
7052.7019 4.281982e+02 6.085410e+02
7053.8984 4.565034e+02 6.487476e+02
7055.0950 4.297865e+02 6.107612e+02
7056.2916 4.146663e+02 5.892568e+02
7057.4881 5.071371e+02 7.206406e+02
7058.6847 4.135309e+02 5.876099e+02
7059.8813 3.967478e+02 5.637461e+02
7061.0778 4.146760e+02 5.892046e+02
7062.2744 4.588414e+02 6.519409e+02
7063.4710 4.571454e+02 6.495142e+02
7064.6676 4.628459e+02 6.575967e+02
7065.8641 4.456112e+02 6.330942e+02
7067.0607 3.870200e+02 5.498384e+02
7068.2573 4.097708e+02 5.821465e+02
7069.4538 4.177870e+02 5.935210e+02
7070.6504 3.903942e+02 5.545933e+02
7071.8470 3.850329e+02 5.469648e+02
7073.0436 4.424053e+02 6.284526e+02
7074.2401 4.196668e+02 5.961392e+02
7075.4367 4.900355e+02 6.960840e+02
7076.6333 4.737785e+02 6.729780e+02
7077.8298 4.090464e+02 5.810181e+02
7079.0264 3.905241e+02 5.546982e+02
7080.2230 4.181003e+02 5.938564e+02
7081.4196 4.072021e+02 5.783667e+02
7082.6161 4.942328e+02 7.019683e+02
7083.8127 4.382076e+02 6.223843e+02
7085.0093 3.890431e+02 5.525474e+02
7086.2058 4.652102e+02 6.607153e+02
7087.4024 4.509052e+02 6.403892e+02
7088.5990 4.085010e+02 5.801572e+02
7089.7956 4.940997e+02 7.017158e+02
7090.9921 4.708203e+02 6.686460e+02
7092.1887 3.467420e+02 4.924272e+02
7093.3853 3.612827e+02 5.130713e+02
7094.5818 3.670198e+02 5.212129e+02
7095.7784 4.325004e+02 6.141968e+02
7096.9750 4.654087e+02 6.609233e+02
7098.1715 4.018426e+02 5.706482e+02
7099.3681 3.949928e+02 5.609160e+02
7100.5647 4.690617e+02 6.660933e+02
7101.7613 4.359680e+02 6.190935e+02
7102.9578 4.447112e+02 6.315049e+02
7104.1544 4.582132e+02 6.506738e+02
7105.3510 4.426827e+02 6.286165e+02
7106.5475 4.943847e+02 7.020303e+02
7107.7441 5.260534e+02 7.469966e+02
7108.9407 4.766281e+02 6.768098e+02
7110.1373 4.426457e+02 6.285527e+02
7111.3338 4.464016e+02 6.338843e+02
7112.5304 4.287044e+02 6.087529e+02
7113.7270 4.120122e+02 5.850493e+02
7114.9235 4.546869e+02 6.456458e+02
7116.1201 4.598396e+02 6.529622e+02
7117.3167 4.556597e+02 6.470269e+02
7118.5133 4.901904e+02 6.960601e+02
7119.7098 5.307768e+02 7.536929e+02
7120.9064 4.233448e+02 6.011426e+02
7122.1030 3.940865e+02 5.595977e+02
7123.2995 4.123144e+02 5.854829e+02
7124.4961 4.347612e+02 6.173594e+02
7125.6927 4.251461e+02 6.037085e+02
7126.8892 4.045675e+02 5.744897e+02
7128.0858 5.091739e+02 7.230356e+02
7129.2824 4.378682e+02 6.217842e+02
7130.4790 4.508705e+02 6.402520e+02
7131.6755 4.715752e+02 6.696582e+02
7132.8721 5.480036e+02 7.781963e+02
7134.0687 5.304227e+02 7.532368e+02
7135.2652 3.903457e+02 5.543228e+02
7136.4618 5.008741e+02 7.112891e+02
7137.6584 4.424492e+02 6.283267e+02
7138.8550 4.843961e+02 6.879033e+02
7140.0515 4.233529e+02 6.012212e+02
7141.2481 4.053209e+02 5.756201e+02
7142.4447 4.545328e+02 6.455171e+02
7143.6412 4.807933e+02 6.828208e+02
7144.8378 4.092457e+02 5.812173e+02
7146.0344 4.835088e+02 6.866968e+02
7147.2310 4.143641e+02 5.885039e+02
7148.4275 4.528417e+02 6.431621e+02
7149.6241 3.804940e+02 5.404170e+02
7150.8207 4.347156e+02 6.174385e+02
7152.0172 4.609751e+02 6.547471e+02
7153.2138 3.356407e+02 4.767368e+02
7154.4104 5.091109e+02 7.231436e+02
7155.6070 4.811005e+02 6.833706e+02
7156.8035 4.017434e+02 5.706606e+02
7158.0001 3.506727e+02 4.981270e+02
7159.1967 4.309533e+02 6.121777e+02
7160.3932 4.914488e+02 6.981279e+02
7161.5898 4.078392e+02 5.793691e+02
7162.7864 5.094030e+02 7.236655e+02
7163.9829 4.173033e+02 5.928413e+02
7165.1795 4.410800e+02 6.266348e+02
7166.3761 5.377354e+02 7.639702e+02
7167.5727 4.525749e+02 6.429976e+02
7168.7692 3.474373e+02 4.936357e+02
7169.9658 3.642681e+02 5.175625e+02
7171.1624 4.333259e+02 6.156985e+02
7172.3589 4.383099e+02 6.227974e+02
7173.5555 3.660234e+02 5.200996e+02
7174.7521 4.029404e+02 5.725732e+02
7175.9487 3.495904e+02 4.967783e+02
7177.1452 3.611730e+02 5.132529e+02
7178.3418 3.651029e+02 5.188535e+02
7179.5384 3.199685e+02 4.547266e+02
7180.7349 3.839600e+02 5.456860e+02
7181.9315 3.916039e+02 5.565676e+02
7183.1281 3.527060e+02 5.013005e+02
7184.3247 2.966834e+02 4.216899e+02
7185.5212 3.946396e+02 5.609387e+02
7186.7178 2.736892e+02 3.890339e+02
7187.9144 3.962932e+02 5.633286e+02
7189.1109 3.609522e+02 5.131101e+02
7190.3075 3.597577e+02 5.114307e+02
7191.5041 3.569698e+02 5.074863e+02
7192.7006 3.219615e+02 4.577339e+02
7193.8972 2.629362e+02 3.738318e+02
7195.0938 3.168818e+02 4.505469e+02
7196.2904 3.897404e+02 5.541602e+02
7197.4869 2.972138e+02 4.226162e+02
7198.6835 3.809113e+02 5.416499e+02
7199.8801 3.534809e+02 5.026650e+02
7201.0766 3.493084e+02 4.967522e+02
7202.2732 3.535337e+02 5.027822e+02
7203.4698 4.793407e+02 6.817295e+02
7204.6664 3.626866e+02 5.158438e+02
7205.8629 4.873438e+02 6.931724e+02
7207.0595 3.928324e+02 5.587690e+02
7208.2561 3.674280e+02 5.226572e+02
7209.4526 3.838689e+02 5.460688e+02
7210.6492 4.147500e+02 5.900259e+02
7211.8458 4.331825e+02 6.162769e+02
7213.0424 4.515832e+02 6.424854e+02
7214.2389 4.530996e+02 6.446738e+02
7215.4355 4.511640e+02 6.419509e+02
7216.6321 3.713011e+02 5.283418e+02
7217.8286 4.100318e+02 5.834824e+02
7219.0252 3.078591e+02 4.381108e+02
7220.2218 4.588512e+02 6.530190e+02
7221.4184 3.924639e+02 5.585679e+02
7222.6149 3.126785e+02 4.450376e+02
7223.8115 4.601281e+02 6.549380e+02
7225.0081 3.699777e+02 5.266475e+02
7226.2046 4.702109e+02 6.693608e+02
7227.4012 3.761444e+02 5.354829e+02
7228.5978 4.902836e+02 6.980107e+02
7229.7943 3.852891e+02 5.485615e+02
7230.9909 3.662456e+02 5.214771e+02
7232.1875 4.086018e+02 5.818184e+02
7233.3841 4.065056e+02 5.788662e+02
7234.5806 4.454406e+02 6.343462e+02
7235.7772 3.552811e+02 5.059805e+02
7236.9738 3.727518e+02 5.308926e+02
7238.1703 1.450484e+02 2.065977e+02
7239.3669 6.467269e+01 9.212109e+01
7240.5635 3.331118e+02 4.745195e+02
7241.7601 1.446056e+02 2.060039e+02
7242.9566 1.332319e+02 1.898125e+02
7244.1532 4.630696e+00 6.597656e+00
7245.3498 1.833234e+02 2.612090e+02
7246.5463 5.664627e+02 8.071768e+02
7247.7429 6.619628e+02 9.433184e+02
7248.9395 2.999112e+02 4.274102e+02
7250.1361 3.048824e+02 4.345225e+02
7251.3326 3.829271e+02 5.457881e+02
7252.5292 4.143158e+02 5.905649e+02
7253.7258 4.568984e+02 6.513047e+02
7254.9223 3.476944e+02 4.956680e+02
7256.1189 3.316116e+02 4.727720e+02
7257.3155 3.316997e+02 4.729292e+02
7258.5120 4.179236e+02 5.959053e+02
7259.7086 4.133222e+02 5.893843e+02
7260.9052 4.151847e+02 5.920806e+02
7262.1018 4.324822e+02 6.167905e+02
7263.2983 3.733530e+02 5.324995e+02
7264.4949 4.139097e+02 5.903853e+02
7265.6915 3.734030e+02 5.326455e+02
7266.8880 4.716528e+02 6.728428e+02
7268.0846 3.866907e+02 5.516782e+02
7269.2812 3.501280e+02 4.995513e+02
7270.4778 3.378689e+02 4.820952e+02
7271.6743 4.200218e+02 5.993604e+02
7272.8709 3.179463e+02 4.537344e+02
7274.0675 3.372203e+02 4.812754e+02
7275.2640 1.870760e+02 2.670117e+02
7276.4606 3.452036e+02 4.927422e+02
7277.6572 4.161112e+02 5.940000e+02
7278.8538 2.029314e+02 2.897070e+02
7280.0503 2.128326e+02 3.038652e+02
7281.2469 2.466897e+02 3.522305e+02
7282.4435 5.378597e+02 7.680303e+02
7283.6400 4.433423e+02 6.331143e+02
7284.8366 2.349342e+02 3.355234e+02
7286.0332 3.643043e+02 5.203252e+02
7287.2298 3.934580e+02 5.620088e+02
7288.4263 4.393053e+02 6.275459e+02
7289.6229 5.395977e+02 7.708745e+02
7290.8195 4.545557e+02 6.494346e+02
7292.0160 3.084977e+02 4.407935e+02
7293.2126 3.564472e+02 5.093467e+02
7294.4092 4.782534e+02 6.834575e+02
7295.6057 5.049071e+02 7.216064e+02
7296.8023 3.101409e+02 4.432856e+02
7297.9989 3.372362e+02 4.820527e+02
7299.1955 4.055346e+02 5.797280e+02
7300.3920 3.441164e+02 4.919692e+02
7301.5886 3.451603e+02 4.935029e+02
7302.7852 3.706975e+02 5.300601e+02
7303.9817 4.033399e+02 5.767842e+02
7305.1783 4.647046e+02 6.645933e+02
7306.3749 4.707550e+02 6.733037e+02
7307.5715 5.195832e+02 7.432046e+02
7308.7680 4.947266e+02 7.077109e+02
7309.9646 5.322303e+02 7.614263e+02
7311.1612 5.869181e+02 8.397373e+02
7312.3577 4.853499e+02 6.944785e+02
7313.5543 4.958604e+02 7.095801e+02
7314.7509 4.648631e+02 6.652812e+02
7315.9475 3.811559e+02 5.455332e+02
7317.1440 2.452678e+02 3.510732e+02
7318.3406 1.987118e+02 2.844590e+02
7319.5372 2.221756e+02 3.180762e+02
7320.7337 3.109142e+02 4.451582e+02
7321.9303 5.112695e+02 7.320874e+02
7323.1269 4.600382e+02 6.587891e+02
7324.3234 5.329551e+02 7.632778e+02
7325.5200 5.148222e+02 7.373760e+02
7326.7166 5.160145e+02 7.391514e+02
7327.9132 5.247710e+02 7.517637e+02
7329.1097 4.842548e+02 6.937861e+02
7330.3063 4.109177e+02 5.887715e+02
7331.5029 4.954798e+02 7.100000e+02
7332.6994 3.978575e+02 5.701650e+02
7333.8960 4.600205e+02 6.593120e+02
7335.0926 4.805818e+02 6.888457e+02
7336.2892 6.408923e+02 9.187148e+02
7337.4857 3.164778e+02 4.537119e+02
7338.6823 3.882585e+02 5.566719e+02
7339.8789 3.521680e+02 5.049746e+02
7341.0754 3.259530e+02 4.674297e+02
7342.2720 3.051426e+02 4.376289e+02
7343.4686 2.548947e+02 3.655996e+02
7344.6652 2.496327e+02 3.580869e+02
7345.8617 3.577877e+02 5.132803e+02
7347.0583 4.173471e+02 5.987822e+02
7348.2549 4.432668e+02 6.360322e+02
7349.4514 5.010778e+02 7.190542e+02
7350.6480 4.685163e+02 6.723940e+02
7351.8446 5.346244e+02 7.673452e+02
7353.0412 4.992975e+02 7.167114e+02
7354.2377 5.802105e+02 8.329399e+02
7355.4343 4.617379e+02 6.629287e+02
7356.6309 5.204311e+02 7.472705e+02
7357.8274 4.311548e+02 6.191436e+02
7359.0240 4.216143e+02 6.055039e+02
7360.2206 4.848889e+02 6.964463e+02
7361.4171 4.513739e+02 6.483740e+02
7362.6137 3.919068e+02 5.630098e+02
7363.8103 4.119201e+02 5.918208e+02
7365.0069 3.916063e+02 5.626924e+02
7366.2034 2.788820e+02 4.007617e+02
7367.4000 3.697110e+02 5.313398e+02
7368.5966 2.694128e+02 3.872334e+02
7369.7931 3.699951e+02 5.318574e+02
7370.9897 4.603938e+02 6.618711e+02
7372.1863 3.372523e+02 4.848906e+02
7373.3829 2.721487e+02 3.913271e+02
7374.5794 4.283282e+02 6.159644e+02
7375.7760 4.652320e+02 6.691040e+02
7376.9726 5.233964e+02 7.528354e+02
7378.1691 5.385538e+02 7.747183e+02
7379.3657 5.216052e+02 7.504160e+02
7380.5623 5.416699e+02 7.793643e+02
7381.7589 5.467985e+02 7.868262e+02
7382.9554 6.394156e+02 9.201963e+02
7384.1520 6.095374e+02 8.772905e+02
7385.3486 5.416625e+02 7.796826e+02
7386.5451 5.524674e+02 7.953198e+02
7387.7417 5.245528e+02 7.552148e+02
7388.9383 3.274474e+02 4.714863e+02
7390.1348 4.233545e+02 6.096465e+02
7391.3314 3.918112e+02 5.642832e+02
7392.5280 3.910532e+02 5.632520e+02
7393.7246 3.907977e+02 5.629443e+02
7394.9211 4.455678e+02 6.419097e+02
7396.1177 4.600946e+02 6.629092e+02
7397.3143 5.356371e+02 7.718350e+02
7398.5108 4.310681e+02 6.212217e+02
7399.7074 4.049107e+02 5.835889e+02
7400.9040 3.490515e+02 5.031348e+02
7402.1006 2.327771e+02 3.355693e+02
7403.2971 3.429594e+02 4.944609e+02
7404.4937 3.790044e+02 5.464883e+02
7405.6903 2.599467e+02 3.748594e+02
7406.8868 3.653947e+02 5.269795e+02
7408.0834 4.748713e+02 6.849438e+02
7409.2800 4.356335e+02 6.284170e+02
7410.4766 4.417851e+02 6.373608e+02
7411.6731 5.370355e+02 7.748633e+02
7412.8697 4.293114e+02 6.195015e+02
7414.0663 3.114764e+02 4.495137e+02
7415.2628 3.463466e+02 4.998926e+02
7416.4594 4.918029e+02 7.099126e+02
7417.6560 3.724965e+02 5.377544e+02
7418.8526 4.362675e+02 6.298872e+02
7420.0491 4.401389e+02 6.355474e+02
7421.2457 4.468473e+02 6.453057e+02
7422.4423 4.071502e+02 5.880435e+02
7423.6388 4.411275e+02 6.371875e+02
7424.8354 4.557882e+02 6.584375e+02
7426.0320 3.881226e+02 5.607495e+02
7427.2285 3.779857e+02 5.461650e+02
7428.4251 4.369546e+02 6.314419e+02
7429.6217 4.087462e+02 5.907441e+02
7430.8183 5.120589e+02 7.401406e+02
7432.0148 4.048124e+02 5.851899e+02
7433.2114 4.207520e+02 6.083003e+02
7434.4080 4.449279e+02 6.433247e+02
7435.6045 3.742308e+02 5.411641e+02
7436.8011 4.586808e+02 6.633594e+02
7437.9977 4.364937e+02 6.313428e+02
7439.1943 4.120482e+02 5.960522e+02
7440.3908 4.044814e+02 5.851724e+02
7441.5874 4.209677e+02 6.090923e+02
7442.7840 3.607573e+02 5.220337e+02
7443.9805 3.587630e+02 5.192065e+02
7445.1771 3.366313e+02 4.872324e+02
7446.3737 4.534088e+02 6.563276e+02
7447.5703 4.033887e+02 5.839878e+02
7448.7668 3.629944e+02 5.255684e+02
7449.9634 4.417499e+02 6.396685e+02
7451.1600 4.642480e+02 6.723228e+02
7452.3565 4.522411e+02 6.550088e+02
7453.5531 5.107325e+02 7.398096e+02
7454.7497 5.007227e+02 7.253926e+02
7455.9462 3.821327e+02 5.536553e+02
7457.1428 4.480471e+02 6.492295e+02
7458.3394 4.746523e+02 6.878594e+02
7459.5360 5.508804e+02 7.984189e+02
7460.7325 4.792370e+02 6.946616e+02
7461.9291 4.174174e+02 6.051221e+02
7463.1257 3.396788e+02 4.924819e+02
7464.3222 4.260517e+02 6.177798e+02
7465.5188 4.051295e+02 5.875093e+02
7466.7154 4.814152e+02 6.982168e+02
7467.9120 3.116830e+02 4.520986e+02
7469.1085 3.205395e+02 4.649980e+02
7470.3051 4.127610e+02 5.988496e+02
7471.5017 3.813408e+02 5.533271e+02
7472.6982 4.170316e+02 6.051836e+02
7473.8948 3.365852e+02 4.884980e+02
7475.0914 3.347477e+02 4.858867e+02
7476.2880 4.246956e+02 6.165166e+02
7477.4845 4.084184e+02 5.929551e+02
7478.6811 3.096628e+02 4.496299e+02
7479.8777 4.049815e+02 5.880996e+02
7481.0742 3.851093e+02 5.593057e+02
7482.2708 4.198694e+02 6.098584e+02
7483.4674 5.070663e+02 7.365957e+02
7484.6640 4.412524e+02 6.410635e+02
7485.8605 4.308550e+02 6.260293e+02
7487.0571 3.795729e+02 5.515796e+02
7488.2537 3.252974e+02 4.727627e+02
7489.4502 3.410816e+02 4.957588e+02
7490.6468 4.740651e+02 6.891274e+02
7491.8434 4.109757e+02 5.974854e+02
7493.0399 4.796791e+02 6.974473e+02
7494.2365 4.244350e+02 6.171934e+02
7495.4331 4.388261e+02 6.381929e+02
7496.6297 4.489696e+02 6.530190e+02
7497.8262 3.474302e+02 5.053892e+02
7499.0228 4.043749e+02 5.882905e+02
7500.2194 5.515898e+02 8.025522e+02
7501.4159 4.329084e+02 6.299448e+02
7502.6125 4.708401e+02 6.852188e+02
7503.8091 5.025616e+02 7.314663e+02
7505.0057 5.806160e+02 8.451685e+02
7506.2022 4.048733e+02 5.894170e+02
7507.3988 4.158508e+02 6.054668e+02
7508.5954 4.337302e+02 6.315703e+02
7509.7919 4.325495e+02 6.299224e+02
7510.9885 4.129729e+02 6.014810e+02
7512.1851 4.933076e+02 7.185669e+02
7513.3817 5.253338e+02 7.653037e+02
7514.5782 5.636547e+02 8.212222e+02
7515.7748 5.032518e+02 7.333003e+02
7516.9714 4.511433e+02 6.574458e+02
7518.1679 4.319589e+02 6.295596e+02
7519.3645 3.846411e+02 5.606592e+02
7520.5611 5.675413e+02 8.273506e+02
7521.7576 5.760572e+02 8.398594e+02
7522.9542 3.738685e+02 5.451406e+02
7524.1508 4.847770e+02 7.069365e+02
7525.3474 3.494475e+02 5.096465e+02
7526.5439 2.706345e+02 3.947471e+02
7527.7405 3.896606e+02 5.684219e+02
7528.9371 4.299439e+02 6.272559e+02
7530.1336 4.005500e+02 5.844375e+02
7531.3302 4.172204e+02 6.088291e+02
7532.5268 3.738704e+02 5.456313e+02
7533.7234 3.799354e+02 5.545444e+02
7534.9199 4.572448e+02 6.674575e+02
7536.1165 5.316171e+02 7.761079e+02
7537.3131 5.338623e+02 7.794722e+02
7538.5096 4.138904e+02 6.043726e+02
7539.7062 4.325645e+02 6.317109e+02
7540.9028 4.197031e+02 6.129961e+02
7542.0994 4.028720e+02 5.884785e+02
7543.2959 4.025231e+02 5.880337e+02
7544.4925 3.899598e+02 5.697432e+02
7545.6891 4.507623e+02 6.586499e+02
7546.8856 4.582657e+02 6.696875e+02
7548.0822 4.167798e+02 6.091289e+02
7549.2788 3.449755e+02 5.042412e+02
7550.4754 3.253167e+02 4.755586e+02
7551.6719 4.090141e+02 5.979756e+02
7552.8685 3.901462e+02 5.704531e+02
7554.0651 4.767422e+02 6.971455e+02
7555.2616 4.916525e+02 7.190273e+02
7556.4582 4.717904e+02 6.900547e+02
7557.6548 4.546463e+02 6.650513e+02
7558.8513 3.821428e+02 5.590547e+02
7560.0479 3.174648e+02 4.644844e+02
7561.2445 3.803173e+02 5.565044e+02
7562.4411 4.459294e+02 6.525825e+02
7563.6376 3.748720e+02 5.486548e+02
7564.8342 4.402612e+02 6.444263e+02
7566.0308 5.042555e+02 7.381763e+02
7567.2273 4.178170e+02 6.117051e+02
7568.4239 4.296394e+02 6.290811e+02
7569.6205 5.948123e+02 8.710215e+02
7570.8171 6.503433e+02 9.524404e+02
7572.0136 5.458393e+02 7.994775e+02
7573.2102 5.658735e+02 8.289092e+02
7574.4068 3.550447e+02 5.201357e+02
7575.6033 2.245050e+02 3.289316e+02
7576.7999 4.383061e+02 6.422485e+02
7577.9965 5.008679e+02 7.339976e+02
7579.1931 4.891153e+02 7.168501e+02
7580.3896 4.743390e+02 6.952671e+02
7581.5862 4.973161e+02 7.290225e+02
7582.7828 4.455156e+02 6.531558e+02
7583.9793 3.976260e+02 5.830073e+02
7585.1759 4.190484e+02 6.144814e+02
7586.3725 3.984377e+02 5.843193e+02
7587.5690 4.292701e+02 6.296011e+02
7588.7656 5.130186e+02 7.525112e+02
7589.9622 5.032956e+02 7.383257e+02
7591.1588 4.877155e+02 7.155439e+02
7592.3553 3.548257e+02 5.206304e+02
7593.5519 3.179407e+02 4.665576e+02
7594.7485 2.923120e+02 4.289932e+02
7595.9450 3.253804e+02 4.775728e+02
7597.1416 2.053581e+02 3.014424e+02
7598.3382 1.241627e+02 1.822754e+02
7599.5348 1.474899e+02 2.165425e+02
7600.7313 1.019803e+01 1.497412e+01
7601.9279 1.379243e+02 2.025396e+02
7603.1245 1.638092e+02 2.405754e+02
7604.3210 7.872729e+01 1.156331e+02
7605.5176 8.051505e+01 1.182708e+02
7606.7142 1.112010e+02 1.633625e+02
7607.9108 1.272645e+02 1.869797e+02
7609.1073 1.342629e+02 1.972817e+02
7610.3039 1.422010e+02 2.089666e+02
7611.5005 1.331250e+02 1.956487e+02
7612.6970 1.938830e+02 2.849705e+02
7613.8936 1.376360e+02 2.023184e+02
7615.0902 1.412757e+02 2.076890e+02
7616.2868 2.611477e+02 3.839502e+02
7617.4833 2.381762e+02 3.502109e+02
7618.6799 1.460876e+02 2.148262e+02
7619.8765 2.326013e+02 3.420806e+02
7621.0730 3.329995e+02 4.897812e+02
7622.2696 2.087996e+02 3.071357e+02
7623.4662 2.750555e+02 4.046348e+02
7624.6627 1.951875e+02 2.871685e+02
7625.8593 1.220137e+02 1.795293e+02
7627.0559 1.664240e+02 2.448975e+02
7628.2525 2.247383e+02 3.307402e+02
7629.4490 2.141401e+02 3.151733e+02
7630.6456 1.480618e+02 2.179395e+02
7631.8422 2.168312e+02 3.191948e+02
7633.0387 2.592511e+02 3.816768e+02
7634.2353 3.248178e+02 4.782512e+02
7635.4319 3.169778e+02 4.667517e+02
7636.6285 2.740829e+02 4.036267e+02
7637.8250 1.997303e+02 2.941592e+02
7639.0216 2.583621e+02 3.805466e+02
7640.2182 2.949631e+02 4.344976e+02
7641.4147 2.675414e+02 3.941404e+02
7642.6113 1.674151e+02 2.466577e+02
7643.8079 2.076951e+02 3.060317e+02
7645.0045 2.433966e+02 3.586697e+02
7646.2010 3.615033e+02 5.327607e+02
7647.3976 3.539723e+02 5.217097e+02
7648.5942 3.047930e+02 4.492666e+02
7649.7907 3.935747e+02 5.801841e+02
7650.9873 2.602769e+02 3.837192e+02
7652.1839 3.123655e+02 4.605537e+02
7653.3804 3.168413e+02 4.671948e+02
7654.5770 3.600568e+02 5.309653e+02
7655.7736 3.123249e+02 4.606177e+02
7656.9702 3.744562e+02 5.522983e+02
7658.1667 4.081628e+02 6.020669e+02
7659.3633 2.541545e+02 3.749277e+02
7660.5599 3.861464e+02 5.696919e+02
7661.7564 3.195510e+02 4.714834e+02
7662.9530 3.372775e+02 4.976816e+02
7664.1496 4.124308e+02 6.086299e+02
7665.3462 3.938138e+02 5.812070e+02
7666.5427 3.941223e+02 5.817129e+02
7667.7393 3.116718e+02 4.600581e+02
7668.9359 4.310867e+02 6.363809e+02
7670.1324 3.841012e+02 5.670684e+02
7671.3290 4.152010e+02 6.130352e+02
7672.5256 3.530887e+02 5.213721e+02
7673.7222 4.051845e+02 5.983477e+02
7674.9187 4.130273e+02 6.099810e+02
7676.1153 3.632155e+02 5.364614e+02
7677.3119 4.389179e+02 6.483267e+02
7678.5084 3.487888e+02 5.152397e+02
7679.7050 3.667491e+02 5.418164e+02
7680.9016 3.942028e+02 5.824233e+02
7682.0982 3.449205e+02 5.096523e+02
7683.2947 3.466864e+02 5.123037e+02
7684.4913 3.230678e+02 4.774414e+02
7685.6879 4.170049e+02 6.163154e+02
7686.8844 4.762055e+02 7.038687e+02
7688.0810 4.391734e+02 6.491851e+02
7689.2776 4.317469e+02 6.382588e+02
7690.4741 3.510507e+02 5.190059e+02
7691.6707 3.427556e+02 5.067827e+02
7692.8673 3.362820e+02 4.972510e+02
7694.0639 3.227298e+02 4.772495e+02
7695.2604 3.550672e+02 5.251113e+02
7696.4570 4.642758e+02 6.866748e+02
7697.6536 4.068531e+02 6.017925e+02
7698.8501 4.244812e+02 6.279160e+02
7700.0467 3.584364e+02 5.302603e+02
7701.2433 3.413997e+02 5.050957e+02
7702.4399 4.278509e+02 6.330479e+02
7703.6364 3.811873e+02 5.640479e+02
7704.8330 3.532080e+02 5.226865e+02
7706.0296 3.840985e+02 5.684424e+02
7707.2261 6.019227e+02 8.908765e+02
7708.4227 4.020975e+02 5.951699e+02
7709.6193 3.368015e+02 4.985586e+02
7710.8159 5.573863e+02 8.251465e+02
7712.0124 3.875642e+02 5.737871e+02
7713.2090 2.069281e+02 3.063789e+02
7714.4056 1.984419e+02 2.938359e+02
7715.6021 1.882266e+02 2.787305e+02
7716.7987 1.356291e+02 2.008574e+02
7717.9953 1.463261e+02 2.167148e+02
7719.1918 -1.012333e+01 -1.499414e+01
7720.3884 1.860121e+02 2.755312e+02
7721.5850 3.189760e+02 4.725186e+02
7722.7816 4.784961e+02 7.088760e+02
7723.9781 2.873617e+02 4.257471e+02
7725.1747 3.440919e+02 5.098330e+02
7726.3713 4.929171e+02 7.303955e+02
7727.5678 3.947885e+02 5.850312e+02
7728.7644 2.279856e+02 3.378721e+02
7729.9610 3.045771e+02 4.514111e+02
7731.1576 2.151562e+02 3.189033e+02
7732.3541 2.724319e+02 4.038247e+02
7733.5507 3.784084e+02 5.609517e+02
7734.7473 4.948944e+02 7.336802e+02
7735.9438 4.082652e+02 6.052935e+02
7737.1404 5.574743e+02 8.265664e+02
7738.3370 3.521810e+02 5.222134e+02
7739.5336 4.408083e+02 6.536733e+02
7740.7301 2.929710e+02 4.344746e+02
7741.9267 3.725592e+02 5.525400e+02
7743.1233 2.714172e+02 4.025635e+02
7744.3198 3.665702e+02 5.437290e+02
7745.5164 3.387170e+02 5.024473e+02
7746.7130 3.038175e+02 4.507070e+02
7747.9096 3.608550e+02 5.353555e+02
7749.1061 2.881816e+02 4.275664e+02
7750.3027 7.096869e+01 1.053008e+02
7751.4993 1.453849e+02 2.157305e+02
7752.6958 -4.839540e+01 -7.181641e+01
7753.8924 2.890645e+01 4.289844e+01
7755.0890 3.930383e+02 5.833223e+02
7756.2855 3.321553e+02 4.929941e+02
7757.4821 3.439828e+02 5.105801e+02
7758.6787 3.445768e+02 5.114932e+02
7759.8753 3.974232e+02 5.899746e+02
7761.0718 4.446891e+02 6.601807e+02
7762.2684 4.525515e+02 6.718936e+02
7763.4650 2.736277e+02 4.062734e+02
7764.6615 3.852349e+02 5.720181e+02
7765.8581 3.394346e+02 5.040410e+02
7767.0547 4.783985e+02 7.104360e+02
7768.2513 5.618629e+02 8.344316e+02
7769.4478 4.502238e+02 6.686733e+02
7770.6444 4.661292e+02 6.923359e+02
7771.8410 4.718730e+02 7.009072e+02
7773.0375 3.921023e+02 5.824512e+02
7774.2341 3.182198e+02 4.727285e+02
7775.4307 2.880885e+02 4.279912e+02
7776.6273 3.563414e+02 5.294189e+02
7777.8238 4.149723e+02 6.165615e+02
7779.0204 4.924556e+02 7.317256e+02
7780.2170 5.684452e+02 8.446826e+02
7781.4135 4.764763e+02 7.080596e+02
7782.6101 3.206002e+02 4.764482e+02
7783.8067 3.674144e+02 5.460488e+02
7785.0032 4.011254e+02 5.961816e+02
7786.1998 4.117351e+02 6.119829e+02
7787.3964 3.863745e+02 5.743184e+02
7788.5930 4.159051e+02 6.182456e+02
7789.7895 4.939847e+02 7.343496e+02
7790.9861 2.976838e+02 4.425547e+02
7792.1827 1.095455e+02 1.628652e+02
7793.3792 5.980578e+01 8.891992e+01
7794.5758 -2.147682e+00 -3.193359e+00
7795.7724 2.889388e+02 4.296406e+02
7796.9690 3.387943e+02 5.037988e+02
7798.1655 -4.386660e-01 -6.523438e-01
7799.3621 3.837230e+02 5.706655e+02
7800.5587 1.850458e+02 2.752100e+02
7801.7552 1.948010e+02 2.897324e+02
7802.9518 2.045570e+02 3.042573e+02
7804.1484 2.143112e+02 3.187808e+02
7805.3450 2.240645e+02 3.333042e+02
7806.5415 2.338179e+02 3.478291e+02
7807.7381 2.435709e+02 3.623545e+02
7808.9347 2.533234e+02 3.768804e+02
7810.1312 2.630757e+02 3.914072e+02
7811.3278 2.728289e+02 4.059365e+02
7812.5244 2.825799e+02 4.204639e+02
7813.7210 2.923322e+02 4.349941e+02
7814.9175 3.020831e+02 4.495234e+02
7816.1141 3.118325e+02 4.640518e+02
7817.3107 3.215838e+02 4.785840e+02
7818.5072 3.313344e+02 4.931162e+02
7819.7038 3.410836e+02 5.076475e+02
7820.9004 3.508348e+02 5.221826e+02
7822.0969 3.605846e+02 5.367168e+02
7823.2935 3.703324e+02 5.512490e+02
7824.4901 3.800821e+02 5.657852e+02
7825.6867 3.898311e+02 5.803213e+02
7826.8832 3.995802e+02 5.948584e+02
7828.0798 4.093286e+02 6.093955e+02
7829.2764 4.190758e+02 6.239316e+02
7830.4729 4.288249e+02 6.384717e+02
7831.6695 4.385734e+02 6.530117e+02
7832.8661 4.483213e+02 6.675518e+02
7834.0627 4.580667e+02 6.820889e+02
7835.2592 4.678160e+02 6.966328e+02
7836.4558 4.775622e+02 7.111729e+02
7837.6524 4.873104e+02 7.257168e+02
7838.8489 4.970581e+02 7.402607e+02
7840.0455 5.068039e+02 7.548027e+02
7841.2421 5.165505e+02 7.693467e+02
7842.4387 5.262999e+02 7.838955e+02
7843.6352 5.360447e+02 7.984385e+02
7844.8318 5.457918e+02 8.129854e+02
7846.0284 5.555383e+02 8.275322e+02
7847.2249 5.652858e+02 8.420811e+02
7848.4215 5.750320e+02 8.566289e+02
7849.6181 5.847805e+02 8.711807e+02
7850.8146 5.945258e+02 8.857285e+02
7852.0112 6.042728e+02 9.002793e+02
7853.2078 6.140212e+02 9.148330e+02
7854.4044 6.237673e+02 9.293838e+02
7855.6009 6.335142e+02 9.439365e+02
7856.7975 6.432621e+02 9.584912e+02
7857.9941 6.530096e+02 9.730459e+02
7859.1906 6.627561e+02 9.875996e+02
7860.3872 6.725016e+02 1.002152e+03
7861.5838 6.822513e+02 1.016712e+03
7862.7804 6.919993e+02 1.031270e+03
7863.9769 7.017477e+02 1.045828e+03
7865.1735 7.114945e+02 1.060385e+03
7866.3701 7.240178e+02 1.079080e+03
7867.5666 7.014355e+02 1.045453e+03
7868.7632 5.698526e+02 8.493594e+02
7869.9598 5.818187e+02 8.672188e+02
7871.1564 4.465372e+02 6.655957e+02
7872.3529 4.219056e+02 6.288975e+02
7873.5495 2.467363e+02 3.677979e+02
7874.7461 6.979155e+02 1.040376e+03
7875.9426 1.178901e+02 1.757422e+02
7877.1392 2.240300e+02 3.339766e+02
7878.3358 2.997634e+02 4.468887e+02
7879.5324 5.018394e+02 7.481631e+02
7880.7289 3.941470e+02 5.876250e+02
7881.9255 3.697875e+02 5.513213e+02
7883.1221 2.977701e+02 4.439600e+02
7884.3186 1.333320e+02 1.987959e+02
7885.5152 2.149525e+02 3.204980e+02
7886.7118 3.559384e+02 5.307227e+02
7887.9083 4.113484e+02 6.133555e+02
7889.1049 4.304343e+02 6.418281e+02
7890.3015 2.618758e+02 3.904961e+02
7891.4981 3.014696e+02 4.495459e+02
7892.6946 2.364903e+02 3.526572e+02
7893.8912 1.582625e+02 2.360078e+02
7895.0878 3.320641e+02 4.951982e+02
7896.2843 4.110243e+02 6.129614e+02
7897.4809 3.929781e+02 5.860605e+02
7898.6775 3.816270e+02 5.691431e+02
7899.8741 4.129531e+02 6.158730e+02
7901.0706 3.835475e+02 5.720283e+02
7902.2672 4.054593e+02 6.047188e+02
7903.4638 4.104654e+02 6.121958e+02
7904.6603 4.510417e+02 6.727256e+02
7905.8569 4.390342e+02 6.548276e+02
7907.0535 4.363629e+02 6.508540e+02
7908.2501 3.401493e+02 5.073555e+02
7909.4466 -4.722203e+02 -7.043594e+02
7910.6432 -4.640005e+02 -6.921094e+02
7911.8398 7.520974e+01 1.121855e+02
7913.0363 2.984803e+02 4.452305e+02
7914.2329 4.983268e+02 7.433438e+02
7915.4295 5.031958e+02 7.506172e+02
7916.6260 5.769765e+02 8.606875e+02
7917.8226 -1.889939e+02 -2.819297e+02
7919.0192 4.213592e+02 6.285664e+02
7920.2158 2.467379e+02 3.680781e+02
7921.4123 1.687655e+02 2.517637e+02
7922.6089 2.051745e+02 3.060820e+02
7923.8055 1.312670e+02 1.958281e+02
7925.0020 1.520773e+02 2.268760e+02
7926.1986 1.626048e+02 2.425840e+02
7927.3952 4.545910e+02 6.781943e+02
7928.5918 5.311807e+02 7.924648e+02
7929.7883 4.194151e+02 6.257285e+02
7930.9849 3.808684e+02 5.682256e+02
7932.1815 2.293301e+02 3.421455e+02
7933.3780 2.018388e+02 3.011328e+02
7934.5746 2.564404e+02 3.825986e+02
7935.7712 1.716983e+02 2.561689e+02
7936.9678 3.080617e+02 4.596226e+02
7938.1643 4.584703e+02 6.840342e+02
7939.3609 4.524641e+02 6.750776e+02
7940.5575 4.582430e+02 6.837041e+02
7941.7540 4.601990e+02 6.866265e+02
7942.9506 3.735236e+02 5.573081e+02
7944.1472 3.734850e+02 5.572534e+02
7945.3438 4.470279e+02 6.669854e+02
7946.5403 3.124619e+02 4.662090e+02
7947.7369 1.132658e+02 1.689990e+02
7948.9335 3.620918e+01 5.402637e+01
7950.1300 1.905297e+02 2.842832e+02
7951.3266 2.606726e+02 3.889424e+02
7952.5232 2.966412e+02 4.426113e+02
7953.7197 4.834152e+02 7.212939e+02
7954.9163 3.523255e+02 5.256987e+02
7956.1129 2.889122e+02 4.310815e+02
7957.3095 2.966473e+02 4.426235e+02
7958.5060 3.460045e+02 5.162690e+02
7959.7026 5.462581e+02 8.150654e+02
7960.8992 4.544660e+02 6.781035e+02
7962.0957 4.043410e+02 6.033125e+02
7963.2923 -1.750117e+01 -2.611328e+01
7964.4889 2.367413e+02 3.532383e+02
7965.6855 2.395428e+02 3.574180e+02
7966.8820 2.582108e+02 3.852715e+02
7968.0786 4.349534e+01 6.489844e+01
7969.2752 1.216715e+01 1.815430e+01
7970.4717 4.617373e+02 6.889443e+02
7971.6683 4.067085e+02 6.068354e+02
7972.8649 4.537101e+02 6.769624e+02
7974.0615 4.234896e+02 6.318691e+02
7975.2580 4.858180e+02 7.248633e+02
7976.4546 1.573781e+02 2.348145e+02
7977.6512 9.222555e+01 1.376035e+02
7978.8477 1.445276e+02 2.156387e+02
7980.0443 6.041730e+01 9.014355e+01
7981.2409 2.742689e+02 4.092109e+02
7982.4374 2.908867e+02 4.340020e+02
7983.6340 4.113023e+02 6.136572e+02
7984.8306 2.927485e+02 4.367734e+02
7986.0272 3.073806e+02 4.586006e+02
7987.2237 3.750846e+02 5.596079e+02
7988.4203 2.780352e+02 4.148115e+02
7989.6169 6.025588e+02 8.989727e+02
7990.8134 5.890972e+02 8.788809e+02
7992.0100 4.523589e+02 6.748730e+02
7993.2066 2.970307e+02 4.431348e+02
7994.4032 2.004004e+02 2.989707e+02
7995.5997 2.182142e+02 3.255430e+02
7996.7963 -3.800246e+01 -5.669336e+01
7997.9929 2.831083e+02 4.223457e+02
7999.1894 1.740722e+02 2.596807e+02
8000.3860 3.389160e+02 5.055884e+02
8001.5826 3.205741e+02 4.782202e+02
8002.7792 3.334146e+02 4.973687e+02
8003.9757 3.333726e+02 4.972993e+02
8005.1723 3.516338e+02 5.245327e+02
8006.3689 4.270021e+02 6.369507e+02
8007.5654 4.079837e+02 6.085723e+02
8008.7620 4.538097e+02 6.769189e+02
8009.9586 4.446944e+02 6.633120e+02
8011.1552 4.094363e+02 6.107109e+02
8012.3517 2.748227e+02 4.099160e+02
8013.5483 3.887385e+02 5.798193e+02
8014.7449 4.562428e+02 6.804932e+02
8015.9414 4.027630e+02 6.007168e+02
8017.1380 2.816288e+02 4.200391e+02
8018.3346 1.264806e+02 1.886377e+02
8019.5311 4.092634e+02 6.103789e+02
8020.7277 4.755878e+02 7.092822e+02
8021.9243 5.852729e+02 8.728477e+02
8023.1209 4.025305e+02 6.003027e+02
8024.3174 5.426581e+02 8.092617e+02
8025.5140 6.151893e+02 9.174082e+02
8026.7106 5.886276e+02 8.777793e+02
8027.9071 2.876252e+02 4.289062e+02
8029.1037 6.012361e+02 8.965430e+02
8030.3003 4.370070e+02 6.516357e+02
8031.4969 3.235873e+02 4.825010e+02
8032.6934 2.312819e+02 3.448564e+02
8033.8900 2.669370e+02 3.980112e+02
8035.0866 2.979736e+02 4.442773e+02
8036.2831 3.147394e+02 4.692637e+02
8037.4797 3.950946e+02 5.890557e+02
8038.6763 3.697328e+02 5.512295e+02
8039.8729 3.661755e+02 5.459121e+02
8041.0694 4.317642e+02 6.436782e+02
8042.2660 3.846525e+02 5.734287e+02
8043.4626 3.648296e+02 5.438628e+02
8044.6591 3.716057e+02 5.539492e+02
8045.8557 2.745355e+02 4.092363e+02
8047.0523 2.626195e+02 3.914629e+02
8048.2488 2.095211e+02 3.123052e+02
8049.4454 2.608327e+02 3.887773e+02
8050.6420 2.135007e+02 3.182188e+02
8051.8386 1.942954e+02 2.895850e+02
8053.0351 2.661448e+02 3.966602e+02
8054.2317 3.073529e+02 4.580625e+02
8055.4283 2.752799e+02 4.102500e+02
8056.6248 3.552451e+02 5.294058e+02
8057.8214 3.948969e+02 5.884785e+02
8059.0180 1.645396e+02 2.451904e+02
8060.2146 1.471287e+02 2.192383e+02
8061.4111 1.319870e+02 1.966689e+02
8062.6077 7.041280e+01 1.049160e+02
8063.8043 -1.155781e+01 -1.722070e+01
8065.0008 1.170148e+02 1.743418e+02
8066.1974 2.049990e+01 3.054199e+01
8067.3940 2.295875e+02 3.420415e+02
8068.5906 2.830384e+02 4.216582e+02
8069.7871 2.807948e+02 4.183008e+02
8070.9837 2.789720e+02 4.155703e+02
8072.1803 3.447261e+02 5.135020e+02
8073.3768 4.004203e+02 5.964414e+02
8074.5734 3.737865e+02 5.567485e+02
8075.7700 3.238356e+02 4.823291e+02
8076.9666 3.129003e+02 4.660239e+02
8078.1631 3.166094e+02 4.715298e+02
8079.3597 2.787574e+02 4.151401e+02
8080.5563 3.659465e+02 5.449648e+02
8081.7528 3.835145e+02 5.711040e+02
8082.9494 2.885779e+02 4.297134e+02
8084.1460 2.825930e+02 4.207842e+02
8085.3425 2.623951e+02 3.906929e+02
8086.5391 2.402927e+02 3.577686e+02
8087.7357 2.168656e+02 3.228745e+02
8088.9323 3.148182e+02 4.686885e+02
8090.1288 3.596757e+02 5.354473e+02
8091.3254 3.825713e+02 5.695068e+02
8092.5220 3.491628e+02 5.197510e+02
8093.7185 3.373071e+02 5.020806e+02
8094.9151 3.348931e+02 4.984648e+02
8096.1117 3.464958e+02 5.157109e+02
8097.3083 3.202055e+02 4.765596e+02
8098.5048 2.504087e+02 3.726641e+02
8099.7014 3.156341e+02 4.697119e+02
8100.8980 3.396126e+02 5.053716e+02
8102.0945 3.120330e+02 4.643086e+02
8103.2911 2.786717e+02 4.146465e+02
8104.4877 2.620239e+02 3.898564e+02
8105.6843 2.239564e+02 3.332007e+02
8106.8808 1.432021e+02 2.130444e+02
8108.0774 3.035930e+02 4.516382e+02
8109.2740 2.532395e+02 3.767109e+02
8110.4705 2.545367e+02 3.786211e+02
8111.6671 3.001187e+02 4.464009e+02
8112.8637 3.551894e+02 5.282861e+02
8114.0602 3.604362e+02 5.360615e+02
8115.2568 3.378770e+02 5.024834e+02
8116.4534 3.433345e+02 5.105723e+02
8117.6500 3.394643e+02 5.047896e+02
8118.8465 3.626567e+02 5.392476e+02
8120.0431 2.807682e+02 4.174614e+02
8121.2397 2.940696e+02 4.372144e+02
8122.4362 2.538074e+02 3.773325e+02
8123.6328 2.644923e+02 3.931953e+02
8124.8294 2.176643e+02 3.235620e+02
8126.0260 2.120048e+02 3.151309e+02
8127.2225 1.636419e+02 2.432285e+02
8128.4191 1.482546e+02 2.203447e+02
8129.6157 1.907610e+02 2.835034e+02
8130.8122 2.770521e+02 4.117222e+02
8132.0088 2.614075e+02 3.884497e+02
8133.2054 2.692959e+02 4.001475e+02
8134.4020 2.914173e+02 4.329912e+02
8135.5985 3.148355e+02 4.677573e+02
8136.7951 2.703082e+02 4.015771e+02
8137.9917 2.670797e+02 3.967559e+02
8139.1882 2.402461e+02 3.568711e+02
8140.3848 1.660570e+02 2.466519e+02
8141.5814 1.879100e+02 2.790933e+02
8142.7780 2.548030e+02 3.784214e+02
8143.9745 3.055480e+02 4.537559e+02
8145.1711 2.641732e+02 3.922861e+02
8146.3677 2.998805e+02 4.452803e+02
8147.5642 2.789961e+02 4.142422e+02
8148.7608 1.999962e+02 2.969263e+02
8149.9574 3.115128e+02 4.624590e+02
8151.1539 2.199432e+02 3.264961e+02
8152.3505 2.885015e+02 4.282383e+02
8153.5471 2.510326e+02 3.725952e+02
8154.7437 2.860828e+02 4.245886e+02
8155.9402 2.010893e+02 2.984248e+02
8157.1368 2.848794e+02 4.227427e+02
8158.3334 2.363363e+02 3.506826e+02
8159.5299 2.149318e+02 3.188989e+02
8160.7265 2.581348e+02 3.829722e+02
8161.9231 2.146579e+02 3.184458e+02
8163.1197 2.295096e+02 3.404531e+02
8164.3162 2.371270e+02 3.517266e+02
8165.5128 2.229481e+02 3.306704e+02
8166.7094 2.329545e+02 3.454854e+02
8167.9059 2.596342e+02 3.850237e+02
8169.1025 2.509519e+02 3.721196e+02
8170.2991 2.275452e+02 3.373853e+02
8171.4957 2.312463e+02 3.428462e+02
8172.6922 2.757257e+02 4.087593e+02
8173.8888 2.334446e+02 3.460508e+02
8175.0854 2.135749e+02 3.165713e+02
8176.2819 2.690265e+02 3.987324e+02
8177.4785 2.767243e+02 4.101084e+02
8178.6751 2.541663e+02 3.766465e+02
8179.8716 1.927444e+02 2.856025e+02
8181.0682 1.573538e+02 2.331426e+02
8182.2648 2.322856e+02 3.441365e+02
8183.4614 1.509408e+02 2.236035e+02
8184.6579 1.979260e+02 2.931826e+02
8185.8545 2.500005e+02 3.702876e+02
8187.0511 2.132562e+02 3.158369e+02
8188.2476 1.133277e+02 1.678262e+02
8189.4442 9.362969e+01 1.386436e+02
8190.6408 1.384152e+02 2.049424e+02
8191.8374 2.126623e+02 3.148477e+02
8193.0339 2.415296e+02 3.575542e+02
8194.2305 1.569083e+02 2.322622e+02
8195.4271 1.828225e+02 2.705972e+02
8196.6236 2.358276e+02 3.490190e+02
8197.8202 2.929169e+02 4.334702e+02
8199.0168 2.274492e+02 3.365576e+02
8200.2134 2.582577e+02 3.821099e+02
8201.4099 2.662150e+02 3.938467e+02
8202.6065 3.245339e+02 4.800806e+02
8203.8031 3.032028e+02 4.484834e+02
8204.9996 3.037284e+02 4.492183e+02
8206.1962 3.359117e+02 4.967705e+02
8207.3928 3.294875e+02 4.872231e+02
8208.5894 3.277113e+02 4.845498e+02
8209.7859 2.212935e+02 3.271699e+02
8210.9825 1.523417e+02 2.252065e+02
8212.1791 2.039460e+02 3.014634e+02
8213.3756 2.018132e+02 2.982812e+02
8214.5722 2.021005e+02 2.986760e+02
8215.7688 2.106607e+02 3.112954e+02
8216.9653 1.773444e+02 2.620371e+02
8218.1619 1.316037e+02 1.944326e+02
8219.3585 1.278659e+02 1.888911e+02
8220.5551 1.910387e+02 2.821846e+02
8221.7516 2.029717e+02 2.997798e+02
8222.9482 2.492907e+02 3.681523e+02
8224.1448 1.753716e+02 2.589614e+02
8225.3413 1.684074e+02 2.486516e+02
8226.5379 2.267611e+02 3.347744e+02
8227.7345 2.280330e+02 3.366162e+02
8228.9311 2.754444e+02 4.065598e+02
8230.1276 2.143214e+02 3.163071e+02
8231.3242 1.507329e+02 2.224355e+02
8232.5208 1.288564e+02 1.901316e+02
8233.7173 1.300185e+02 1.918252e+02
8234.9139 1.854692e+02 2.736050e+02
8236.1105 1.896083e+02 2.796797e+02
8237.3071 1.926065e+02 2.840703e+02
8238.5036 1.815370e+02 2.677139e+02
8239.7002 1.535904e+02 2.264751e+02
8240.8968 1.658067e+02 2.444604e+02
8242.0933 1.820008e+02 2.683057e+02
8243.2899 1.789257e+02 2.637417e+02
8244.4865 1.684067e+02 2.482075e+02
8245.6830 2.171915e+02 3.200718e+02
8246.8796 2.303296e+02 3.393931e+02
8248.0762 1.949737e+02 2.872617e+02
8249.2728 2.044486e+02 3.011855e+02
8250.4693 1.911436e+02 2.815513e+02
8251.6659 1.652582e+02 2.433931e+02
8252.8625 1.242963e+02 1.830420e+02
8254.0590 1.843844e+02 2.714961e+02
8255.2556 1.183544e+02 1.742490e+02
8256.4522 1.856190e+02 2.732466e+02
8257.6488 1.785825e+02 2.628555e+02
8258.8453 1.372090e+02 2.019326e+02
8260.0419 1.912775e+02 2.814707e+02
8261.2385 1.554346e+02 2.286978e+02
8262.4350 2.416755e+02 3.555425e+02
8263.6316 2.077799e+02 3.056377e+02
8264.8282 2.332629e+02 3.430781e+02
8266.0248 2.389363e+02 3.513770e+02
8267.2213 1.648324e+02 2.423691e+02
8268.4179 1.604694e+02 2.359229e+02
8269.6145 1.692473e+02 2.487954e+02
8270.8110 1.649833e+02 2.424951e+02
8272.0076 1.885365e+02 2.770771e+02
8273.2042 2.729633e+02 4.010986e+02
8274.4008 3.791482e+02 5.570542e+02
8275.5973 4.828399e+02 7.093047e+02
8276.7939 5.457880e+02 8.016680e+02
8277.9905 5.863948e+02 8.611943e+02
8279.1870 7.126346e+02 1.046449e+03
8280.3836 5.864072e+02 8.609746e+02
8281.5802 3.514311e+02 5.159062e+02
8282.7767 -1.400511e+02 -2.055684e+02
8283.9733 -4.018842e+02 -5.898066e+02
8285.1699 -6.923339e+02 -1.015928e+03
8286.3665 -8.861360e+02 -1.300127e+03
8287.5630 -7.049908e+02 -1.034205e+03
8288.7596 -6.250132e+02 -9.167480e+02
8289.9562 -6.665020e+02 -9.774609e+02
8291.1527 -5.976786e+02 -8.764004e+02
8292.3493 1.371772e+02 2.011191e+02
8293.5459 4.447907e+02 6.520234e+02
8294.7425 7.028813e+02 1.030209e+03
8295.9390 8.017671e+02 1.174971e+03
8297.1356 9.304532e+02 1.363354e+03
8298.3322 1.209028e+03 1.771271e+03
8299.5287 6.743992e+02 9.878711e+02
8300.7253 6.296259e+02 9.221465e+02
8301.9219 4.692301e+02 6.871270e+02
8303.1185 3.243557e+02 4.749043e+02
8304.3150 9.763885e+01 1.429355e+02
8305.5116 1.483748e+02 2.171753e+02
8306.7082 3.384583e+01 4.953223e+01
8307.9047 -2.501009e+01 -3.659570e+01
8309.1013 8.044753e+00 1.176953e+01
8310.2979 1.252168e+01 1.831641e+01
8311.4944 -6.006031e+01 -8.784082e+01
8312.6910 7.984011e+01 1.167510e+02
8313.8876 8.614683e+01 1.259531e+02
8315.0842 -4.883884e+01 -7.139453e+01
8316.2807 2.879085e+02 4.208076e+02
8317.4773 2.650697e+02 3.873633e+02
8318.6739 3.144658e+02 4.594736e+02
8319.8704 3.195953e+02 4.668916e+02
8321.0670 3.130088e+02 4.571938e+02
8322.2636 2.205368e+02 3.220718e+02
8323.4602 2.271390e+02 3.316582e+02
8324.6567 2.669340e+02 3.896997e+02
8325.8533 2.671808e+02 3.899941e+02
8327.0499 -1.639703e+03 -2.393008e+03
8328.2464 -2.433199e+03 -3.550444e+03
8329.4430 -1.684175e+03 -2.457072e+03
8330.6396 -1.949739e+02 -2.844019e+02
8331.8362 9.008909e+01 1.313872e+02
8333.0327 2.123485e+02 3.096382e+02
8334.2293 1.203125e+02 1.754043e+02
8335.4259 9.136433e+01 1.331772e+02
8336.6224 1.235199e+02 1.800171e+02
8337.8190 1.942187e+01 2.830029e+01
8339.0156 -1.559684e+01 -2.272266e+01
8340.2122 -1.425583e+03 -2.076525e+03
8341.4087 -2.404041e+03 -3.501133e+03
8342.6053 -1.853661e+03 -2.699098e+03
8343.8019 -1.963340e+03 -2.858281e+03
8344.9984 -2.328559e+03 -3.389359e+03
8346.1950 -2.489402e+03 -3.622812e+03
8347.3916 -2.362812e+03 -3.437953e+03
8348.5881 -8.739510e+02 -1.271387e+03
8349.7847 -7.679762e+01 -1.117012e+02
8350.9813 2.815064e+02 4.093711e+02
8352.1779 4.129207e+02 6.003633e+02
8353.3744 2.676873e+02 3.891289e+02
8354.5710 1.315106e+02 1.911367e+02
8355.7676 -3.428712e+02 -4.982324e+02
8356.9641 7.182184e+01 1.043457e+02
8358.1607 1.979402e+02 2.875205e+02
8359.3573 3.000171e+02 4.357095e+02
8360.5539 2.441734e+02 3.545400e+02
8361.7504 3.596127e+02 5.220566e+02
8362.9470 2.781971e+02 4.037852e+02
8364.1436 3.129009e+02 4.540664e+02
8365.3401 3.214664e+02 4.664043e+02
8366.5367 2.901659e+02 4.209082e+02
8367.7333 2.050897e+02 2.974395e+02
8368.9299 1.667289e+02 2.417568e+02
8370.1264 1.564744e+02 2.268423e+02
8371.3230 2.468241e+02 3.577510e+02
8372.5196 2.926257e+02 4.240508e+02
8373.7161 1.770854e+02 2.565664e+02
8374.9127 2.722969e+02 3.944312e+02
8376.1093 1.709909e+02 2.476353e+02
8377.3058 1.924555e+02 2.786636e+02
8378.5024 1.231707e+02 1.783066e+02
8379.6990 1.924040e+02 2.784736e+02
8380.8956 1.789346e+02 2.589248e+02
8382.0921 7.260229e+01 1.050361e+02
8383.2887 1.019415e+01 1.474512e+01
8384.4853 -1.066976e+02 -1.542979e+02
8385.6818 -8.686498e+01 -1.255908e+02
8386.8784 9.206185e+00 1.330762e+01
8388.0750 1.482664e+02 2.142744e+02
8389.2716 2.493589e+02 3.602959e+02
8390.4681 2.902271e+02 4.192554e+02
8391.6647 2.998915e+02 4.331226e+02
8392.8613 2.998726e+02 4.330010e+02
8394.0578 4.935704e+02 7.125352e+02
8395.2544 6.690694e+02 9.656797e+02
8396.4510 8.967728e+02 1.294043e+03
8397.6476 1.096914e+03 1.582496e+03
8398.8441 1.206814e+03 1.740660e+03
8400.0407 1.296101e+03 1.869027e+03
8401.2373 1.400634e+03 2.019316e+03
8402.4338 1.829474e+03 2.636988e+03
8403.6304 8.200849e+02 1.181797e+03
8404.8270 3.714651e+02 5.351846e+02
8406.0236 2.348781e+02 3.383213e+02
8407.2201 3.674986e+01 5.292285e+01
8408.4167 1.023959e+02 1.474248e+02
8409.6133 2.740935e+01 3.945361e+01
8410.8098 -1.395068e+02 -2.007627e+02
8412.0064 -1.228303e+02 -1.767227e+02
8413.2030 -2.141429e+02 -3.080273e+02
8414.3995 -2.250296e+02 -3.236113e+02
8415.5961 -4.715104e+02 -6.779121e+02
8416.7927 -3.543490e+02 -5.093438e+02
8417.9893 -3.820268e+02 -5.489980e+02
8419.1858 -2.923871e+02 -4.200801e+02
8420.3824 1.765448e+02 2.535859e+02
8421.5790 2.814844e+02 4.042227e+02
8422.7755 3.541347e+02 5.084292e+02
8423.9721 5.201996e+02 7.466675e+02
8425.1687 7.950338e+02 1.140874e+03
8426.3653 8.713214e+02 1.250043e+03
8427.5618 3.510663e+02 5.035352e+02
8428.7584 3.781401e+02 5.422344e+02
8429.9550 4.224890e+02 6.056797e+02
8431.1515 1.864377e+02 2.672109e+02
8432.3481 2.427267e+02 3.478008e+02
8433.5447 3.429128e+02 4.912344e+02
8434.7413 -1.550428e+02 -2.220488e+02
8435.9378 -7.084385e+01 -1.014355e+02
8437.1344 1.092009e+03 1.563166e+03
8438.3310 3.483970e+02 4.985903e+02
8439.5275 3.996420e+02 5.717822e+02
8440.7241 2.047376e+02 2.928511e+02
8441.9207 1.079573e+02 1.543799e+02
8443.1172 1.290174e+02 1.844487e+02
8444.3138 2.040321e+02 2.916182e+02
8445.5104 4.531940e+02 6.475723e+02
8446.7070 5.756363e+02 8.223184e+02
8447.9035 8.047223e+02 1.149278e+03
8449.1001 9.661041e+02 1.379399e+03
8450.2967 9.381171e+02 1.339090e+03
8451.4932 9.387436e+02 1.339633e+03
8452.6898 9.537348e+02 1.360668e+03
8453.8864 9.158552e+02 1.306281e+03
8455.0830 8.913235e+02 1.270955e+03
8456.2795 4.515216e+02 6.436621e+02
8457.4761 2.550149e+02 3.634370e+02
8458.6727 9.630984e+01 1.372202e+02
8459.8692 -2.357558e+02 -3.358096e+02
8461.0658 -6.792084e+02 -9.672012e+02
8462.2624 -6.225404e+02 -8.862656e+02
8463.4590 -5.684743e+02 -8.090762e+02
8464.6555 -4.454405e+02 -6.337969e+02
8465.8521 -5.864473e+02 -8.342012e+02
8467.0487 -8.155261e+02 -1.159740e+03
8468.2452 -7.655170e+02 -1.088324e+03
8469.4418 -2.972631e+02 -4.224980e+02
8470.6384 1.270892e+02 1.805811e+02
8471.8350 2.712773e+02 3.853511e+02
8473.0315 2.905807e+02 4.126567e+02
8474.2281 3.412917e+02 4.845366e+02
8475.4247 3.132017e+02 4.445322e+02
8476.6212 3.692954e+02 5.239995e+02
8477.8178 3.976620e+02 5.640903e+02
8479.0144 3.865715e+02 5.482031e+02
8480.2109 3.207699e+02 4.547598e+02
8481.4075 2.803820e+02 3.973882e+02
8482.6041 2.078932e+02 2.945649e+02
8483.8007 2.817921e+02 3.991582e+02
8484.9972 2.758251e+02 3.905938e+02
8486.1938 2.410858e+02 3.413013e+02
8487.3904 1.106286e+02 1.565698e+02
8488.5869 1.369476e+02 1.937622e+02
8489.7835 6.796606e+01 9.613477e+01
8490.9801 1.558374e+02 2.203604e+02
8492.1767 2.359015e+01 3.334766e+01
8493.3732 1.624611e+02 2.295918e+02
8494.5698 1.659436e+02 2.344443e+02
8495.7664 9.493216e+01 1.340801e+02
8496.9629 2.046911e+02 2.890156e+02
8498.1595 2.834275e+02 4.000693e+02
8499.3561 1.703455e+02 2.403779e+02
8500.5527 4.983820e+01 7.030664e+01
8501.7492 9.505569e+01 1.340547e+02
8502.9458 1.743660e+02 2.458301e+02
8504.1424 2.815723e+02 3.968555e+02
8505.3389 2.898290e+02 4.083691e+02
8506.5355 2.938853e+02 4.139590e+02
8507.7321 3.902394e+02 5.495137e+02
8508.9286 1.086597e+02 1.529619e+02
8510.1252 2.549408e+02 3.587744e+02
8511.3218 2.448511e+02 3.444697e+02
8512.5184 1.943316e+02 2.733120e+02
8513.7149 2.153687e+02 3.028057e+02
8514.9115 1.465588e+02 2.059961e+02
8516.1081 1.557918e+02 2.189058e+02
8517.3046 1.422254e+02 1.997812e+02
8518.5012 1.480916e+02 2.079565e+02
8519.6978 1.941813e+02 2.725923e+02
8520.8944 2.060967e+02 2.892285e+02
8522.0909 2.002635e+02 2.809541e+02
8523.2875 2.589853e+02 3.632217e+02
8524.4841 3.094501e+02 4.338604e+02
8525.6806 3.548450e+02 4.973481e+02
8526.8772 3.126731e+02 4.381011e+02
8528.0738 3.638162e+02 5.095977e+02
8529.2704 4.054389e+02 5.677173e+02
8530.4669 4.452334e+02 6.232400e+02
8531.6635 4.236949e+02 5.928999e+02
8532.8601 3.736089e+02 5.226436e+02
8534.0566 3.512277e+02 4.911758e+02
8535.2532 2.092706e+02 2.925605e+02
8536.4498 1.969032e+02 2.751816e+02
8537.6464 2.530155e+02 3.534863e+02
8538.8429 2.135408e+02 2.982393e+02
8540.0395 1.595930e+02 2.228208e+02
8541.2361 6.151356e+01 8.585596e+01
8542.4326 2.019280e+01 2.817432e+01
8543.6292 -9.541432e+01 -1.330845e+02
8544.8258 3.866761e+00 5.391602e+00
8546.0223 1.641392e+02 2.287910e+02
8547.2189 2.678027e+02 3.731621e+02
8548.4155 2.110988e+02 2.940518e+02
8549.6121 1.839333e+02 2.561260e+02
8550.8086 2.304128e+02 3.207412e+02
8552.0052 2.960757e+02 4.120078e+02
8553.2018 3.834224e+02 5.333770e+02
8554.3983 4.901322e+02 6.815908e+02
8555.5949 5.310044e+02 7.381797e+02
8556.7915 4.533524e+02 6.300181e+02
8557.9881 4.937047e+02 6.858625e+02
8559.1846 4.219299e+02 5.859526e+02
8560.3812 3.555237e+02 4.935632e+02
8561.5778 4.052813e+02 5.624482e+02
8562.7743 2.786624e+02 3.865945e+02
8563.9709 2.232036e+02 3.095491e+02
8565.1675 2.420754e+02 3.356060e+02
8566.3641 2.538725e+02 3.518398e+02
8567.5606 2.245792e+02 3.111350e+02
8568.7572 1.990746e+02 2.757051e+02
8569.9538 2.430044e+02 3.364282e+02
8571.1503 2.826183e+02 3.911357e+02
8572.3469 2.726969e+02 3.772734e+02
8573.5435 2.385258e+02 3.298828e+02
8574.7400 1.744384e+02 2.411650e+02
8575.9366 2.607354e+02 3.603462e+02
8577.1332 3.953205e+02 5.461558e+02
8578.3298 4.006716e+02 5.533535e+02
8579.5263 3.676833e+02 5.076152e+02
8580.7229 3.467650e+02 4.785664e+02
8581.9195 3.933936e+02 5.427256e+02
8583.1160 3.748485e+02 5.169570e+02
8584.3126 3.687234e+02 5.083286e+02
8585.5092 4.372003e+02 6.025171e+02
8586.7058 3.061903e+02 4.218179e+02
8587.9023 3.303181e+02 4.548940e+02
8589.0989 3.450280e+02 4.749810e+02
8590.2955 3.477261e+02 4.785229e+02
8591.4920 3.660858e+02 5.036069e+02
8592.6886 3.342989e+02 4.597129e+02
8593.8852 2.156187e+02 2.964019e+02
8595.0818 2.176545e+02 2.990918e+02
8596.2783 2.470105e+02 3.393081e+02
8597.4749 2.168174e+02 2.977246e+02
8598.6715 1.564463e+02 2.147471e+02
8599.8680 1.569548e+02 2.153662e+02
8601.0646 2.280878e+02 3.128569e+02
8602.2612 2.491252e+02 3.415874e+02
8603.4578 3.844720e+02 5.269736e+02
8604.6543 3.760819e+02 5.152837e+02
8605.8509 5.019260e+02 6.874531e+02
8607.0475 4.654588e+02 6.372705e+02
8608.2440 4.174469e+02 5.713242e+02
8609.4406 3.395839e+02 4.645869e+02
8610.6372 3.394788e+02 4.642700e+02
8611.8337 4.567775e+02 6.244541e+02
8613.0303 4.322230e+02 5.906650e+02
8614.2269 5.331347e+02 7.282954e+02
8615.4235 5.634729e+02 7.694502e+02
8616.6200 4.651556e+02 6.349541e+02
8617.8166 3.952393e+02 5.393125e+02
8619.0132 4.904105e+02 6.689229e+02
8620.2097 4.920164e+02 6.708594e+02
8621.4063 3.404309e+02 4.639980e+02
8622.6029 3.646508e+02 4.968203e+02
8623.7995 3.386277e+02 4.611895e+02
8624.9960 3.993878e+02 5.437334e+02
8626.1926 3.471551e+02 4.724424e+02
8627.3892 3.559160e+01 4.841797e+01
8628.5857 1.230026e+02 1.672656e+02
8629.7823 6.718604e+01 9.132812e+01
8630.9789 5.183481e+01 7.043359e+01
8632.1755 1.076438e+02 1.462109e+02
8633.3720 -1.227040e+02 -1.666025e+02
8634.5686 -9.707170e+01 -1.317490e+02
8635.7652 -3.316493e+01 -4.499512e+01
8636.9617 3.196664e+01 4.335254e+01
8638.1583 -4.654268e+01 -6.309570e+01
8639.3549 -1.506147e-01 -2.041016e-01
8640.5514 8.048492e+01 1.090244e+02
8641.7480 2.392984e+02 3.240254e+02
8642.9446 3.604240e+02 4.878457e+02
8644.1412 4.872617e+02 6.592656e+02
8645.3377 6.569369e+02 8.884863e+02
8646.5343 7.064152e+02 9.550273e+02
8647.7309 9.003224e+02 1.216696e+03
8648.9274 7.584749e+02 1.024598e+03
8650.1240 7.301985e+02 9.860088e+02
8651.3206 6.755947e+02 9.119131e+02
8652.5172 7.613716e+02 1.027285e+03
8653.7137 5.579055e+02 7.524570e+02
8654.9103 2.549482e+02 3.437158e+02
8656.1069 7.878578e+01 1.061748e+02
8657.3034 5.799210e+01 7.812109e+01
8658.5000 9.141148e+01 1.230908e+02
8659.6966 -3.628258e+01 -4.883691e+01
8660.8932 -2.118215e+01 -2.850000e+01
8662.0897 6.295348e-01 8.466797e-01
8663.2863 4.777758e+01 6.423145e+01
8664.4829 2.400131e+02 3.225391e+02
8665.6794 4.347008e+02 5.839307e+02
8666.8760 3.393988e+02 4.557266e+02
8668.0726 4.252430e+02 5.707607e+02
8669.2692 4.442879e+02 5.960791e+02
8670.4657 3.308673e+02 4.437266e+02
8671.6623 2.395193e+02 3.210879e+02
8672.8589 4.955201e+02 6.639971e+02
8674.0554 7.220168e+02 9.671045e+02
8675.2520 6.160997e+02 8.248936e+02
8676.4486 3.067240e+02 4.105020e+02
8677.6451 3.346977e+02 4.477549e+02
8678.8417 3.190194e+02 4.266035e+02
8680.0383 1.408167e+02 1.882266e+02
8681.2349 1.567094e+02 2.093828e+02
8682.4314 3.026372e+02 4.041914e+02
8683.6280 3.369448e+02 4.498232e+02
8684.8246 3.435497e+02 4.584487e+02
8686.0211 4.573619e+02 6.100688e+02
8687.2177 4.277628e+02 5.703472e+02
8688.4143 4.364070e+02 5.816274e+02
8689.6109 4.585951e+02 6.109409e+02
8690.8074 5.870745e+02 7.817705e+02
8692.0040 4.804889e+02 6.395659e+02
8693.2006 4.023042e+02 5.352690e+02
8694.3971 3.484597e+02 4.634312e+02
8695.5937 3.141621e+02 4.176392e+02
8696.7903 3.675653e+02 4.884233e+02
8697.9869 3.667758e+02 4.871655e+02
8699.1834 2.195726e+02 2.915195e+02
8700.3800 2.816248e+02 3.737437e+02
8701.5766 3.692306e+02 4.897939e+02
8702.7731 3.812333e+02 5.054976e+02
8703.9697 2.894008e+02 3.835659e+02
8705.1663 3.259420e+02 4.318096e+02
8706.3628 4.343036e+02 5.751177e+02
8707.5594 4.505556e+02 5.963794e+02
8708.7560 4.739389e+02 6.270571e+02
8709.9526 3.967011e+02 5.246362e+02
8711.1491 4.076958e+02 5.389404e+02
8712.3457 5.410522e+02 7.149126e+02
8713.5423 5.353146e+02 7.070200e+02
8714.7388 5.037520e+02 6.650400e+02
8715.9354 5.428018e+02 7.162759e+02
8717.1320 4.495515e+02 5.929609e+02
8718.3286 3.883215e+02 5.119707e+02
8719.5251 3.265530e+02 4.303423e+02
8720.7217 3.130342e+02 4.123428e+02
8721.9183 3.652259e+02 4.808770e+02
8723.1148 4.125576e+02 5.429531e+02
8724.3114 3.672791e+02 4.831465e+02
8725.5080 3.140786e+02 4.129766e+02
8726.7046 3.225004e+02 4.238589e+02
8727.9011 3.756610e+02 4.935039e+02
8729.0977 4.620231e+02 6.066821e+02
8730.2943 4.836617e+02 6.348071e+02
8731.4908 4.186410e+02 5.492168e+02
8732.6874 4.118304e+02 5.400352e+02
8733.8840 5.243674e+02 6.872905e+02
8735.0806 5.089357e+02 6.667578e+02
8736.2771 3.503803e+02 4.588228e+02
8737.4737 4.737622e+02 6.201050e+02
8738.6703 3.393047e+02 4.439087e+02
8739.8668 2.513299e+02 3.286597e+02
8741.0634 3.551598e+02 4.642202e+02
8742.2600 4.255439e+02 5.559580e+02
8743.4565 5.000534e+02 6.529966e+02
8744.6531 4.564009e+02 5.957134e+02
8745.8497 5.169668e+02 6.744492e+02
8747.0463 5.608901e+02 7.314077e+02
8748.2428 5.689880e+02 7.416167e+02
8749.4394 5.284496e+02 6.884526e+02
8750.6360 6.009927e+02 7.825879e+02
8751.8325 5.182736e+02 6.745527e+02
8753.0291 4.446400e+02 5.784390e+02
8754.2257 2.811622e+02 3.655928e+02
8755.4223 3.007684e+01 3.908984e+01
8756.6188 -8.731590e+01 -1.134268e+02
8757.8154 -3.537032e+02 -4.592520e+02
8759.0120 -2.945489e+02 -3.822598e+02
8760.2085 -2.239633e+02 -2.905137e+02
8761.4051 -3.763545e+02 -4.879492e+02
8762.6017 -6.568715e+02 -8.512266e+02
8763.7983 -8.700075e+02 -1.126871e+03
8764.9948 -8.116409e+02 -1.050754e+03
8766.1914 -1.808668e+02 -2.340352e+02
8767.3880 2.160165e+02 2.793789e+02
8768.5845 4.604660e+01 5.952344e+01
8769.7811 1.763845e+02 2.278945e+02
8770.9777 -1.256675e+01 -1.622852e+01
8772.1742 -1.145452e+02 -1.478477e+02
8773.3708 1.891818e+02 2.440605e+02
8774.5674 2.522960e+02 3.253184e+02
8775.7640 5.853724e+02 7.544141e+02
8776.9605 4.624778e+02 5.957266e+02
8778.1571 5.232140e+02 6.736172e+02
8779.3537 4.995377e+02 6.428047e+02
8780.5502 6.869900e+02 8.835625e+02
8781.7468 6.891293e+02 8.858555e+02
8782.9434 5.447104e+02 6.998457e+02
8784.1400 2.171340e+02 2.788291e+02
8785.3365 3.066006e+02 3.935103e+02
8786.5331 3.765567e+02 4.830425e+02
8787.7297 2.314769e+02 2.967793e+02
8788.9262 1.030896e+02 1.321025e+02
8790.1228 2.452132e+02 3.140576e+02
8791.3194 1.890621e+02 2.420127e+02
8792.5160 1.948652e+02 2.493076e+02
8793.7125 4.527230e+02 5.788955e+02
8794.9091 4.790289e+02 6.122021e+02
8796.1057 3.522346e+02 4.499141e+02
8797.3022 3.830389e+02 4.889946e+02
8798.4988 4.596699e+02 5.865024e+02
8799.6954 4.160164e+02 5.305127e+02
8800.8920 4.625153e+02 5.894839e+02
8802.0885 5.556108e+02 7.077437e+02
8803.2851 5.979922e+02 7.613062e+02
8804.4817 5.489432e+02 6.984712e+02
8805.6782 6.637825e+02 8.441182e+02
8806.8748 6.166780e+02 7.837744e+02
8808.0714 5.301337e+02 6.733984e+02
8809.2679 5.867401e+02 7.448784e+02
8810.4645 5.851224e+02 7.424004e+02
8811.6611 5.657111e+02 7.173594e+02
8812.8577 6.513477e+02 8.254761e+02
8814.0542 5.090094e+02 6.447119e+02
8815.2508 4.754875e+02 6.019023e+02
8816.4474 4.957614e+02 6.271992e+02
8817.6439 4.068059e+02 5.143569e+02
8818.8405 4.608464e+02 5.823403e+02
8820.0371 2.851473e+02 3.601074e+02
8821.2337 -2.395523e+02 -3.023457e+02
8822.4302 -1.049224e+03 -1.323461e+03
8823.6268 -2.335119e+03 -2.943676e+03
8824.8234 -2.026052e+03 -2.552516e+03
8826.0199 -1.322444e+03 -1.665062e+03
8827.2165 -1.121787e+03 -1.411555e+03
8828.4131 -1.067755e+03 -1.342738e+03
8829.6097 -6.467856e+02 -8.128516e+02
8830.8062 -4.348220e+02 -5.461250e+02
8832.0028 -7.637178e+02 -9.586094e+02
8833.1994 -6.016876e+02 -7.547559e+02
8834.3959 2.597930e+02 3.256777e+02
8835.5925 1.421448e+02 1.780801e+02
8836.7891 -3.274744e+01 -4.100000e+01
8837.9856 9.774205e+01 1.222949e+02
8839.1822 7.004527e+01 8.758398e+01
8840.3788 4.958239e+01 6.195703e+01
8841.5754 4.863271e+02 6.073057e+02
8842.7719 7.546021e+02 9.416963e+02
8843.9685 6.691093e+02 8.344536e+02
8845.1651 8.240895e+02 1.027046e+03
8846.3616 8.732399e+02 1.087572e+03
8847.5582 7.725004e+02 9.614580e+02
8848.7548 6.121500e+02 7.613682e+02
8849.9514 6.477811e+02 8.051348e+02
8851.1479 5.203953e+02 6.463613e+02
8852.3445 4.822922e+02 5.986211e+02
8853.5411 4.507911e+02 5.591328e+02
8854.7376 3.174196e+02 3.934316e+02
8855.9342 4.602932e+02 5.701172e+02
8857.1308 5.289423e+02 6.546812e+02
8858.3274 5.188866e+02 6.417769e+02
8859.5239 4.892491e+02 6.046855e+02
8860.7205 5.609886e+02 6.928506e+02
8861.9171 6.113475e+02 7.544971e+02
8863.1136 7.101732e+02 8.758213e+02
8864.3102 2.418162e+02 2.980000e+02
8865.5068 -1.577947e+02 -1.943125e+02
8866.7034 -1.824898e+02 -2.245547e+02
8867.8999 -3.169069e+02 -3.896621e+02
8869.0965 -1.197487e+02 -1.471289e+02
8870.2931 -1.369229e+02 -1.681016e+02
8871.4896 3.894416e+01 4.777539e+01
8872.6862 4.401097e+02 5.394941e+02
8873.8828 6.805427e+02 8.335708e+02
8875.0793 5.502778e+02 6.734854e+02
8876.2759 4.694891e+02 5.741538e+02
8877.4725 5.178040e+02 6.327354e+02
8878.6691 5.382506e+02 6.571929e+02
8879.8656 2.703341e+02 3.298057e+02
8881.0622 -3.659466e+02 -4.460889e+02
8882.2588 -1.229429e+03 -1.497445e+03
8883.4553 -3.868232e+02 -4.707617e+02
8884.6519 -2.560109e+02 -3.113047e+02
8885.8485 -2.445420e+01 -2.971094e+01
8887.0451 8.349647e+01 1.013594e+02
8888.2416 3.736098e+02 4.531523e+02
8889.4382 6.439694e+02 7.804023e+02
8890.6348 9.149055e+02 1.107781e+03
8891.8313 6.153829e+02 7.444658e+02
8893.0279 4.773880e+02 5.770181e+02
8894.2245 5.157373e+02 6.228193e+02
8895.4211 4.985708e+02 6.015518e+02
8896.6176 1.580222e+02 1.904907e+02
8897.8142 -5.847994e+02 -7.043184e+02
8899.0108 -1.245544e+03 -1.498733e+03
8900.2073 -1.556086e+03 -1.870678e+03
8901.4039 -1.090896e+03 -1.310225e+03
8902.6005 -9.368713e+02 -1.124180e+03
8903.7970 -9.748142e+02 -1.168605e+03
8904.9936 -7.560228e+02 -9.054570e+02
8906.1902 -4.226158e+02 -5.056641e+02
8907.3868 6.497815e+02 7.767188e+02
8908.5833 1.148181e+03 1.371145e+03
8909.7799 6.648267e+02 7.931484e+02
8910.9765 5.668752e+02 6.756206e+02
8912.1730 5.110495e+02 6.084771e+02
8913.3696 9.430299e+01 1.121680e+02
8914.5662 -9.561414e+02 -1.136119e+03
8915.7628 -3.025572e+03 -3.591400e+03
8916.9593 -3.910739e+03 -4.637309e+03
8918.1559 -3.439248e+03 -4.073969e+03
8919.3525 -3.144697e+03 -3.721141e+03
8920.5490 -3.096058e+03 -3.659699e+03
8921.7456 -2.810253e+03 -3.318309e+03
8922.9422 -1.677144e+03 -1.978211e+03
8924.1388 -2.049589e+02 -2.414883e+02
8925.3353 8.116282e+02 9.552324e+02
8926.5319 4.520426e+02 5.314346e+02
8927.7285 4.304828e+02 5.055225e+02
8928.9250 5.210523e+02 6.111895e+02
8930.1216 6.065556e+02 7.106743e+02
8931.3182 5.984453e+02 7.003667e+02
8932.5148 5.041267e+02 5.893013e+02
8933.7113 3.797600e+02 4.434033e+02
8934.9079 3.157336e+02 3.682119e+02
8936.1045 4.033133e+02 4.697886e+02
8937.3010 1.080446e+02 1.257017e+02
8938.4976 -6.035876e+01 -7.013770e+01
8939.6942 -5.537902e+01 -6.427246e+01
8940.8907 2.213248e+02 2.565508e+02
8942.0873 1.891724e+02 2.190078e+02
8943.2839 2.564134e+02 2.964805e+02
8944.4805 3.500934e+02 4.042852e+02
8945.6770 3.610353e+02 4.163867e+02
8946.8736 4.367944e+02 5.031094e+02
8948.0702 2.198057e+02 2.528467e+02
8949.2667 2.424168e+02 2.784893e+02
8950.4633 4.638317e+02 5.321431e+02
8951.6599 2.641344e+02 3.026284e+02
8952.8565 5.149088e+01 5.891504e+01
8954.0530 -3.233047e+01 -3.694141e+01
8955.2496 -6.499340e+01 -7.416016e+01
8956.4462 6.131620e+02 6.986680e+02
8957.6427 6.172222e+02 7.023047e+02
8958.8393 6.493543e+02 7.378164e+02
8960.0359 6.113210e+02 6.936055e+02
8961.2325 4.734254e+02 5.363711e+02
8962.4290 2.182998e+02 2.469629e+02
8963.6256 -1.457861e+02 -1.646846e+02
8964.8222 1.984747e+02 2.238691e+02
8966.0187 4.635171e+02 5.220361e+02
8967.2153 3.773592e+02 4.243550e+02
8968.4119 4.378525e+02 4.916265e+02
8969.6084 4.509917e+02 5.055947e+02
8970.8050 4.010944e+02 4.489526e+02
8972.0016 4.820714e+02 5.387393e+02
8973.1982 3.068349e+02 3.423564e+02
8974.3947 3.972901e+02 4.425693e+02
8975.5913 4.814504e+02 5.354487e+02
8976.7879 4.858361e+02 5.394385e+02
8977.9844 5.033999e+02 5.580127e+02
8979.1810 5.310542e+02 5.876807e+02
8980.3776 4.642130e+02 5.128428e+02
8981.5742 4.382076e+02 4.832856e+02
8982.7707 5.127195e+02 5.644863e+02
8983.9673 2.784309e+02 3.060083e+02
8985.1639 4.672608e+01 5.126367e+01
8986.3604 -2.372907e+02 -2.598711e+02
8987.5570 -2.258268e+02 -2.468721e+02
8988.7536 9.652783e+00 1.053320e+01
8989.9502 2.129107e+01 2.319043e+01
8991.1467 -5.885640e+01 -6.398828e+01
8992.3433 6.212088e+01 6.741113e+01
8993.5399 3.787379e+02 4.102153e+02
8994.7364 5.621384e+02 6.076973e+02
8995.9330 8.157134e+02 8.801245e+02
8997.1296 1.173030e+03 1.263192e+03
8998.3262 1.379691e+03 1.482817e+03
8999.5227 8.451368e+02 9.065039e+02
9000.7193 6.178124e+02 6.613438e+02
9001.9159 4.273983e+02 4.565859e+02
9003.1124 4.679821e+02 4.989180e+02
9004.3090 3.092853e+02 3.290488e+02
9005.5056 2.761492e+02 2.931816e+02
9006.7021 2.125168e+02 2.251484e+02
9007.8987 3.329996e+02 3.520405e+02
9009.0953 3.201756e+02 3.377544e+02
9010.2919 4.273656e+02 4.498489e+02
9011.4884 4.357029e+02 4.576169e+02
9012.6850 4.034927e+02 4.228459e+02
9013.8816 3.873066e+02 4.049731e+02
9015.0781 3.815940e+02 3.980959e+02
9016.2747 3.523388e+02 3.667344e+02
9017.4713 1.849553e+02 1.920669e+02
9018.6679 3.468257e+02 3.593198e+02
9019.8644 4.728307e+02 4.887080e+02
9021.0610 4.477439e+02 4.616753e+02
9022.2576 4.043142e+02 4.158901e+02
9023.4541 5.130486e+02 5.264534e+02
9024.6507 4.771606e+02 4.884238e+02
9025.8473 4.428437e+02 4.521709e+02
9027.0439 4.169381e+02 4.246514e+02
9028.2404 3.591199e+02 3.648362e+02
9029.4370 3.260435e+02 3.303848e+02
9030.6336 2.468211e+02 2.494603e+02
9031.8301 0.000000e+00 0.000000e+00
9033.0267 0.000000e+00 0.000000e+00
9034.2233 0.000000e+00 0.000000e+00
9035.4198 0.000000e+00 0.000000e+00
