# Wavelength in nm, Data in W / (nm m2)
wavelength data
328.68318561800163 -1.7611340294466452e-17
328.74527456781493 1.4852523172781378e-18
328.80736351762823 8.199373228011458e-18
328.86945246744153 1.6424810917124463e-17
328.9315414172549 6.13016975877179e-18
328.99363036706825 3.986794244775411e-18
329.05571931688155 8.615222564540854e-18
329.11780826669485 1.6577685474852838e-17
329.17989721650815 1.8857650014677648e-17
329.2419861663215 1.704398703848368e-17
329.3040751161348 1.69748777526661e-17
329.36616406594817 1.5889178383271875e-17
329.42825301576147 1.2662345986521902e-17
329.49034196557477 6.362729106449236e-18
329.5524309153881 4.381123236898321e-18
329.61451986520143 8.881618562355395e-18
329.6766088150148 1.746896762179505e-17
329.7386977648281 7.691351155825278e-18
329.8007867146414 7.40240869605438e-18
329.8628756644547 2.1878331631986544e-18
329.924964614268 -6.860126870847785e-18
329.98705356408135 2.0355602966478502e-17
330.0491425138947 2.776009202177345e-17
330.111231463708 2.4500614942149074e-17
330.1733204135213 1.7982188524131126e-17
330.2354093633346 2.804033419586152e-17
330.29749831314797 2.0284311578205007e-17
330.35958726296127 -2.15294020341933e-18
330.4216762127746 7.193168397025417e-18
330.48376516258793 1.547091285217321e-17
330.54585411240123 2.9222669767497864e-17
330.60794306221453 2.514441126726032e-17
330.6700320120279 1.9860409638412407e-17
330.73212096184125 2.404576983000209e-17
330.79420991165455 9.896158892374133e-18
330.85629886146785 7.493257115550467e-18
330.91838781128115 3.0982552355395778e-18
330.9804767610945 7.780551831541159e-18
331.0425657109078 2.9141109759100135e-17
331.10465466072117 2.267314135844792e-17
331.16674361053447 3.785139191963558e-18
331.22883256034777 7.50219728361094e-18
331.29092151016107 3.55829806114263e-17
331.3530104599744 3.9998321828724103e-17
331.4150994097878 2.6847705188682563e-17
331.4771883596011 -8.111896396692138e-18
331.5392773094144 1.87340411070214e-17
331.6013662592277 2.6554985822234748e-17
331.66345520904105 -8.856878417414546e-18
331.72554415885435 2.7466514041849808e-17
331.7876331086677 4.810100260621179e-17
331.849722058481 3.45923755796124e-17
331.9118110082943 1.3756154207460984e-17
331.9738999581076 4.123748470844284e-17
332.03598890792097 4.259397819496855e-17
332.0980778577343 1.5371909259017965e-17
332.1601668075476 3.3136339178172056e-17
332.2222557573609 3.676242105091871e-17
332.2843447071742 1.8809304616596374e-17
332.3464336569876 -5.069713873721152e-18
332.4085226068009 7.1722523080564e-18
332.47061155661424 3.192393724563063e-17
332.53270050642755 1.1297906603032007e-17
332.59478945624085 -2.1592778958365888e-17
332.65687840605415 -1.056612803924717e-17
332.7189673558675 3.681544332818336e-17
332.78105630568086 4.4989542879758873e-17
332.84314525549416 2.975372633820181e-17
332.90523420530747 4.1355781462205275e-17
332.96732315512077 1.2061769021235938e-17
333.02941210493407 -1.938905927451527e-19
333.0915010547474 5.1607781873571146e-17
333.1535900045608 4.681866420724023e-17
333.2156789543741 2.4095400666755272e-17
333.2777679041874 1.937273869083687e-17
333.3398568540007 1.799019563246064e-17
333.40194580381404 3.3244564180796043e-17
333.4640347536274 1.878639005926743e-17
333.5261237034407 -2.505774300498977e-18
333.588212653254 1.0018589894838107e-17
333.6503016030673 -2.9959269967073272e-18
333.7123905528806 -6.338775506873349e-19
333.77447950269396 1.679397831578443e-17
333.8365684525073 3.006312497452114e-17
333.8986574023206 3.942000677526378e-17
333.9607463521339 4.6100552321535996e-17
334.0228353019472 2.684299356791346e-17
334.0849242517606 2.5761124044755356e-17
334.1470132015739 4.885058705986244e-17
334.20910215138724 5.5183690279082785e-17
334.27119110120054 3.327261552972894e-17
334.33328005101384 2.6533555226924724e-17
334.39536900082715 2.2431837884515177e-17
334.4574579506405 2.39648186265352e-17
334.51954690045386 3.309540697274048e-17
334.58163585026716 1.1377664184874983e-17
334.64372480008046 -1.0988737922922962e-17
334.70581374989376 3.5983934906665455e-17
334.7679026997071 7.041350479811517e-17
334.8299916495204 5.75760521205413e-17
334.8920805993338 6.034860933258634e-17
334.9541695491471 5.5255112361893063e-17
335.0162584989604 2.836560808249697e-17
335.0783474487737 1.4590527982620773e-17
335.14043639858704 3.328642613723613e-17
335.2025253484004 3.31214499271461e-17
335.2646142982137 6.347858136114819e-17
335.326703248027 4.169031646297887e-17
335.3887921978403 2.737420730293379e-17
335.45088114765366 3.5394472767270367e-17
335.51297009746696 3.5452659960279797e-17
335.5750590472803 5.390137504116838e-17
335.6371479970936 4.742557985756019e-17
335.6992369469069 2.3031651362095754e-17
335.7613258967202 2.607080392248296e-17
335.8234148465336 2.929682154632957e-17
335.88550379634694 1.6319246127350445e-17
335.94759274616024 2.9006481151323455e-17
336.00968169597354 4.389689353885798e-17
336.07177064578684 1.5861026118304245e-17
336.1338595956002 2.818469375636427e-17
336.1959485454135 6.580172142022582e-17
336.25803749522686 3.47832797660029e-18
336.32012644504016 1.0273662617247409e-17
336.38221539485346 5.5403912227924e-17
336.44430434466676 4.776934950269233e-17
336.5063932944801 3.975833026324287e-17
336.5684822442935 2.211490859589916e-17
336.6305711941068 4.182072314090908e-17
336.6926601439201 5.21288626460877e-17
336.7547490937334 5.819362516587339e-17
336.8168380435467 6.765484422036102e-17
336.87892699336004 4.258391967871991e-17
336.9410159431734 4.5768095198461134e-17
337.0031048929867 4.288110912919796e-17
337.0651938428 3.400075615317977e-17
337.1272827926133 4.070017796103045e-17
337.18937174242666 4.8531457470817033e-17
337.25146069223996 5.4507923423296364e-17
337.3135496420533 4.4722806910712574e-17
337.3756385918666 3.791706592436923e-17
337.4377275416799 3.748273323705234e-17
337.4998164914932 5.4310902236276033e-17
337.5619054413066 6.374799077793426e-17
337.62399439111994 1.715474983122698e-17
337.68608334093324 4.3784121524406785e-18
337.74817229074654 1.900850459735017e-17
337.81026124055984 3.3637044837840204e-17
337.8723501903732 4.148895423210386e-17
337.9344391401865 2.946857071127518e-17
337.99652808999986 4.504203907015394e-17
338.05861703981316 5.2279614658364264e-17
338.12070598962646 1.474461518712715e-17
338.18279493943976 1.5592167603806135e-17
338.2448838892531 3.228437292574449e-17
338.3069728390665 2.1564080754193973e-17
338.3690617888798 1.5506991161770324e-17
338.4311507386931 2.3519747480506144e-17
338.4932396885064 4.878208327025325e-17
338.55532863831974 5.672758980518851e-17
338.61741758813304 4.905069859365127e-17
338.6795065379464 7.420556542385426e-17
338.7415954877597 2.491807810805356e-17
338.803684437573 -1.4469251103906464e-18
338.8657733873863 2.9396791286440276e-17
338.92786233719966 6.348316725046419e-17
338.989951287013 4.862624244284826e-17
339.0520402368263 3.3737818597506314e-17
339.1141291866396 2.301301994597861e-17
339.1762181364529 2.178226122128341e-17
339.2383070862663 3.3187310047517573e-17
339.3003960360796 2.5881793152514592e-17
339.36248498589293 1.9242881260833394e-17
339.42457393570623 4.444114198597092e-17
339.48666288551954 1.7670399335841513e-17
339.54875183533284 8.840252914282843e-18
339.6108407851462 3.021036312355558e-17
339.67292973495955 3.5324394025774874e-17
339.73501868477285 1.904759219001575e-17
339.79710763458615 5.9008806696460725e-18
339.85919658439946 1.2399013038515645e-17
339.92128553421276 1.930948088067249e-17
339.9833744840261 3.506332258956334e-17
340.0454634338395 4.032291080981236e-17
340.1075523836528 5.535240534554155e-17
340.1696413334661 2.0362854031728142e-17
340.2317302832794 1.6081410194545523e-17
340.29381923309273 1.5183659495213147e-17
340.3559081829061 2.9590801536030913e-17
340.4179971327194 2.7086808362185916e-17
340.4800860825327 5.237300252234089e-18
340.542175032346 3.3252551436790856e-17
340.6042639821593 4.441530748107966e-17
340.66635293197265 2.446840783781871e-17
340.728441881786 2.6711638941001265e-17
340.7905308315993 3.37048306346777e-17
340.8526197814126 3.496632739093537e-17
340.9147087312259 3.625357262530059e-17
340.9767976810393 2.8077848491002023e-17
341.0388866308526 4.628717419389531e-17
341.10097558066593 5.665400381789579e-17
341.16306453047923 4.2990690708026534e-17
341.22515348029253 2.240076732634646e-17
341.28724243010583 1.1199471282957584e-17
341.3493313799192 1.4929888755088003e-17
341.41142032973255 2.2294674795341634e-17
341.47350927954585 2.788345773832961e-17
341.53559822935915 3.0231608430408393e-17
341.59768717917245 2.784260494223684e-17
341.6597761289858 2.0269822682595528e-17
341.7218650787991 2.800433529560321e-17
341.78395402861247 4.905600247573896e-17
341.84604297842577 1.2158231515549422e-17
341.9081319282391 2.536225589902106e-17
341.9702208780524 3.373460251928471e-17
342.03230982786573 1.7770800864231974e-17
342.0943987776791 3.28562227355371e-17
342.1564877274924 4.3320636510761685e-17
342.2185766773057 1.73087079955578e-17
342.280665627119 3.748462251757141e-17
342.34275457693235 3.577871801413595e-17
342.40484352674565 2.5455398090355757e-17
342.466932476559 1.6626808422709912e-17
342.5290214263723 2.235886401087575e-17
342.5911103761856 7.541724936362399e-18
342.6531993259989 2.035877768566948e-17
342.71528827581227 2.5924765185336722e-17
342.7773772256256 2.746935954315699e-17
342.83946617543893 2.0678597143345758e-17
342.90155512525223 1.6217302734298185e-17
342.96364407506553 1.234068191607963e-17
343.0257330248789 1.6224715926947885e-17
343.0878219746922 2.1982543154278424e-17
343.14991092450555 2.47170682561195e-17
343.21199987431885 3.276080579751788e-17
343.27408882413215 2.3224344740151207e-17
343.33617777394545 4.159025242427833e-18
343.3982667237588 2.324976069165251e-17
343.46035567357217 3.6315889103927885e-17
343.52244462338547 9.862018666952232e-18
343.58453357319877 2.9613727673888433e-17
343.64662252301207 5.261024536664661e-17
343.70871147282537 4.800711760668702e-17
343.77080042263873 2.3862036472341812e-17
343.8328893724521 5.657915389862709e-18
343.8949783222654 1.3161691761263013e-17
343.9570672720787 2.6844669435834493e-17
344.019156221892 5.475983962448816e-17
344.08124517170535 3.019207581457326e-17
344.14333412151865 1.5311961825665022e-17
344.205423071332 2.6241439702324073e-17
344.2675120211453 2.788122104195327e-17
344.3296009709586 1.684680041534084e-17
344.3916899207719 1.720469995969661e-17
344.45377887058527 3.378537486528321e-17
344.5158678203986 3.467853140349347e-17
344.5779567702119 1.641157437296239e-17
344.6400457200252 1.9174792715891704e-17
344.70213466983853 3.781139856419926e-17
344.7642236196519 3.5656831296515036e-17
344.8263125694652 1.1587630748481768e-17
344.88840151927855 2.8662542761346356e-17
344.95049046909185 2.776115412167997e-17
345.01257941890515 1.803078703947984e-17
345.07466836871845 2.2109885955219738e-17
345.1367573185318 3.1233731125071486e-17
345.19884626834516 2.478952431469547e-17
345.26093521815847 2.8736026178243117e-17
345.32302416797177 3.1807162504195297e-17
345.38511311778507 1.0200893884399894e-17
345.4472020675984 1.1735243610333693e-17
345.5092910174117 3.6652035452534735e-17
345.5713799672251 3.513461563219806e-17
345.6334689170384 1.2527902667202433e-17
345.6955578668517 8.261663236859152e-18
345.757646816665 3.041124558967531e-17
345.81973576647835 1.0053781466818563e-17
345.8818247162917 3.4610293552451214e-18
345.943913666105 1.969048854262054e-17
346.0060026159183 1.5153947167610242e-17
346.0680915657316 2.145319057563634e-17
346.13018051554496 2.811226913065158e-17
346.19226946535827 3.123891920187342e-17
346.2543584151716 3.268963517761382e-17
346.3164473649849 2.570469378336699e-17
346.3785363147982 1.701965800230727e-17
346.4406252646115 2.0801943007567215e-17
346.5027142144249 2.4598462136807972e-17
346.56480316423824 1.3704360293405976e-17
346.62689211405154 1.1090059276154583e-17
346.68898106386484 1.8915655227952317e-17
346.75107001367815 2.3767370614318794e-17
346.81315896349145 3.7659098069815994e-17
346.8752479133048 3.007760725268572e-17
346.93733686311816 1.8744766330843762e-17
346.99942581293146 1.9533110813637425e-17
347.06151476274476 1.0685398384590579e-17
347.12360371255807 2.0560982399998374e-18
347.1856926623714 1.6994837620847005e-17
347.2477816121848 2.4419627342735232e-17
347.3098705619981 1.9659535444098805e-17
347.3719595118114 1.331390292014012e-17
347.4340484616247 2.5703879837644236e-17
347.496137411438 2.1815113526491566e-17
347.55822636125134 1.1684298383587165e-17
347.6203153110647 1.1904019888157788e-17
347.682404260878 1.9789674115510547e-17
347.7444932106913 4.061851372787554e-18
347.8065821605046 7.60738074312257e-18
347.86867111031796 8.061623667783615e-18
347.93076006013126 1.788996615763759e-17
347.9928490099446 1.438013459381791e-17
348.0549379597579 1.245786942064063e-17
348.1170269095712 8.343737751597888e-18
348.1791158593845 -3.396205278590872e-18
348.2412048091979 3.4853292333049386e-18
348.30329375901124 8.089415282004172e-18
348.36538270882454 1.8310039905555293e-17
348.42747165863784 2.1005252421604174e-17
348.48956060845114 2.3421542943822624e-17
348.5516495582645 1.522355441615658e-17
348.6137385080778 1.347287628052485e-17
348.67582745789116 2.1711727530451013e-17
348.73791640770446 1.8735776531946536e-17
348.80000535751776 8.149398284123455e-18
348.86209430733106 1.1970784944119393e-17
348.9241832571444 8.255814242747789e-18
348.9862722069578 4.282983633892886e-18
349.0483611567711 1.7599774655141735e-17
349.1104501065844 1.0333222930073677e-17
349.1725390563977 2.6622477142774175e-18
349.23462800621104 8.647067363762921e-18
349.29671695602434 1.5918520133960356e-17
349.3588059058377 4.2785348497634226e-19
349.420894855651 1.238898347358844e-17
349.4829838054643 1.7215582347835356e-17
349.5450727552776 1.2523038845200621e-17
349.60716170509096 1.258431638497855e-17
349.6692506549043 1.080268349646386e-17
349.7313396047176 7.659923255631939e-18
349.7934285545309 7.274518301547557e-18
349.8555175043442 8.712094513257552e-18
349.9176064541576 1.5560797606255674e-17
349.9796954039709 2.1653437767045627e-17
350.04178435378424 1.774991455376501e-17
350.10387330359754 1.7007108018053617e-17
350.16596225341084 1.1261854763214496e-17
350.22805120322414 -1.9284988062734794e-18
350.2901401530375 2.43390884888037e-18
350.35222910285086 1.599728592624888e-17
350.41431805266416 1.0905979329817644e-17
350.47640700247746 1.1554629550763352e-17
350.53849595229076 1.212794677896263e-17
350.60058490210406 3.6459482695183416e-18
350.6626738519174 6.401621070899948e-18
350.7247628017308 8.590427825679577e-18
350.7868517515441 4.696748061688342e-18
350.8489407013574 8.819675142184361e-18
350.9110296511707 1.4505083534066496e-17
350.97311860098404 1.0944239741870672e-17
351.03520755079734 7.409914532932686e-18
351.0972965006107 2.3021329802412317e-18
351.159385450424 3.465253973428583e-18
351.2214744002373 1.0817913545902186e-17
351.2835633500506 1.2764786515122306e-17
351.34565229986396 8.24484086474166e-18
351.4077412496773 5.260186834314716e-16
351.4698301994906 3.741039066765641e-16
351.5319191493039 6.496888289228293e-17
351.5940080991172 -1.0480535525363246e-17
351.6560970489306 6.129124202477523e-18
351.7181859987439 1.5152192097145558e-18
351.78027494855723 -4.246365588946082e-18
351.84236389837054 1.0049775431111969e-17
351.90445284818384 1.502356530509841e-17
351.96654179799714 -2.446305184335243e-18
352.0286307478105 5.935495696739579e-18
352.09071969762385 1.34994023084082e-17
352.15280864743715 9.95304906618308e-18
352.21489759725046 1.2757616927163003e-18
352.27698654706376 6.198018834926146e-19
352.3390754968771 8.408132107923916e-18
352.4011644466904 6.506042697067417e-18
352.4632533965038 9.16778665835179e-18
352.5253423463171 1.2478737533134119e-17
352.5874312961304 1.0005440204640352e-17
352.6495202459437 1.071147773494315e-17
352.71160919575703 1.6194733938465288e-17
352.7736981455704 1.2454224862861722e-17
352.8357870953837 6.166269575064829e-18
352.897876045197 4.0490821856715726e-18
352.9599649950103 8.17097198167945e-18
353.02205394482365 1.1148837076121376e-17
353.08414289463695 1.0482116267513835e-17
353.1462318444503 6.757172663086985e-18
353.2083207942636 3.9566877656106245e-18
353.2704097440769 1.5639768797830053e-19
353.3324986938902 7.993412700111267e-18
353.3945876437036 1.1245712333560524e-17
353.45667659351693 4.778640596692317e-18
353.51876554333023 7.179275071456976e-18
353.58085449314353 2.2335144193220485e-18
353.64294344295683 7.154741721669266e-18
353.70503239277014 1.1053849444840074e-17
353.7671213425835 6.323242812728405e-18
353.82921029239685 1.0767254523647601e-17
353.89129924221015 7.382209772676448e-18
353.95338819202345 3.476298488967391e-18
354.01547714183675 7.131186926546206e-18
354.0775660916501 1.1018566882992237e-17
354.13965504146347 9.71079102582345e-18
354.20174399127677 7.778349876750543e-18
354.2638329410901 9.58076981405869e-18
354.3259218909034 4.6796911838671925e-18
354.3880108407167 7.70081575639411e-18
354.45009979053003 1.3266976136809375e-17
354.5121887403434 7.588022235246992e-18
354.5742776901567 1.2568078002373521e-17
354.63636663997 1.1092092486100238e-17
354.6984555897833 5.393209322039615e-18
354.76054453959665 6.835390034629387e-18
354.82263348940995 9.184729798838714e-18
354.8847224392233 5.054107457104114e-18
354.9468113890366 3.494760333058962e-18
355.0089003388499 4.4780216553946204e-18
355.0709892886632 1.5595976563731788e-18
355.13307823847657 1.5745261984782296e-18
355.19516718828993 1.2320545858428252e-17
355.25725613810323 6.298685061112624e-18
355.31934508791653 3.1749050998211915e-18
355.38143403772983 5.4299828769415786e-18
355.4435229875432 6.469358891261916e-18
355.5056119373565 1.1371332117285889e-17
355.56770088716985 7.988596854584984e-18
355.62978983698315 2.297623605131899e-18
355.69187878679645 4.005184951334302e-18
355.75396773660975 9.00439367195419e-18
355.8160566864231 7.009197638529335e-18
355.87814563623647 5.355248349368331e-18
355.94023458604977 7.61392870485154e-18
356.00232353586307 4.2600488106389344e-18
356.06441248567637 3.290651655755124e-18
356.12650143548973 4.6704954169974405e-18
356.18859038530303 2.563783236086402e-18
356.2506793351164 3.428207862514783e-18
356.3127682849297 7.235870768967854e-18
356.374857234743 4.757973075497373e-18
356.4369461845563 8.509592427498445e-18
356.49903513436965 9.371195334062255e-18
356.561124084183 5.7436166779971846e-18
356.6232130339963 1.955488675685319e-18
356.6853019838096 5.706178793665764e-19
356.7473909336229 3.5722324148694534e-18
356.8094798834362 5.411153351067728e-18
356.87156883324957 7.662830795485062e-18
356.9336577830629 5.941215237085077e-18
356.9957467328762 3.966762411881214e-18
357.05783568268953 7.51511867195963e-18
357.11992463250283 7.096299757031169e-18
357.1820135823162 3.862976060424186e-18
357.24410253212955 5.1372874987315274e-18
357.30619148194285 6.355028468536674e-18
357.36828043175615 5.469321518923069e-18
357.43036938156945 6.495949025642739e-18
357.49245833138275 8.149682834254173e-18
357.5545472811961 3.596876606859246e-18
357.61663623100947 1.7395833688707093e-18
357.67872518082277 3.298682131936942e-18
357.74081413063607 1.4079829981152984e-18
357.80290308044937 7.122182238397953e-18
357.8649920302627 5.857267158258908e-18
357.927080980076 3.860720338893754e-18
357.9891699298894 5.6438363622467505e-18
358.0512588797027 2.289047189745796e-18
358.113347829516 2.9873491337551523e-18
358.1754367793293 5.2387250708392115e-18
358.23752572914265 2.9749931233551415e-18
358.299614678956 4.274926067546007e-18
358.3617036287693 5.8633783686244496e-18
358.4237925785826 3.2023875552878064e-18
358.4858815283959 3.2636270447575573e-18
358.54797047820927 3.591318780323502e-18
358.61005942802257 3.8912929343337135e-18
358.6721483778359 6.173634377648695e-18
358.7342373276492 4.872970205796333e-18
358.7963262774625 2.8991807794437377e-18
358.8584152272758 3.658663689894507e-18
358.9205041770892 3.520918265569726e-18
358.98259312690254 2.073226875739126e-18
359.04468207671584 4.939874641691153e-18
359.10677102652915 7.661259152321212e-18
359.16885997634245 5.26510799647659e-18
359.2309489261558 2.525279839728437e-18
359.2930378759691 2.9456379309817065e-18
359.35512682578246 3.842356102114464e-18
359.41721577559576 1.8067136250727565e-18
359.47930472540907 2.873107426150607e-18
359.54139367522237 4.76589208909165e-18
359.6034826250357 5.15686438228882e-18
359.6655715748491 6.354908113757547e-18
359.7276605246624 5.468777234080009e-18
359.7897494744757 3.015888932839763e-18
359.851838424289 3.630425811733478e-18
359.91392737410234 3.904068325304289e-18
359.97601632391564 2.587668283069024e-18
360.038105273729 3.1249115443694053e-18
360.1001942235423 2.936610288571456e-18
360.1622831733556 4.820211385556782e-18
360.2243721231689 4.5131520160097475e-18
360.28646107298226 3.816767269865136e-18
360.3485500227956 5.5038104009731614e-18
360.4106389726089 4.221465798147011e-18
360.4727279224222 3.0305624965209945e-18
360.5348168722355 3.774219580697246e-18
360.5969058220488 3.1613031486235227e-18
360.6589947718622 2.6666702354224322e-18
360.72108372167554 4.3818089696261275e-18
360.78317267148884 3.939622202393043e-18
360.84526162130214 3.1121024457888686e-18
360.90735057111544 3.567050128331809e-18
360.9694395209288 1.5999507319783892e-18
361.03152847074216 1.7677763724835073e-18
361.09361742055546 2.741208100805045e-18
361.15570637036876 2.7490284731112744e-18
361.21779532018206 1.3350113992225548e-18
361.27988426999536 2.909406179380965e-18
361.3419732198087 3.398043687502271e-18
361.4040621696221 2.5933106888224013e-18
361.4661511194354 3.152534206949848e-18
361.5282400692487 3.477222449711613e-18
361.590329019062 7.935924784912174e-19
361.65241796887534 1.386188029745445e-18
361.71450691868864 2.9835924930032427e-18
361.776595868502 2.4531219797632924e-18
361.8386848183153 2.338436489760112e-18
361.9007737681286 6.232256874455481e-19
361.9628627179419 6.171569508657564e-21
362.02495166775526 2.5799513083393636e-18
362.0870406175686 2.3824669001760035e-18
362.1491295673819 2.0651866801851107e-18
362.2112185171952 1.6436133572144242e-18
362.2733074670085 1.7064897337188409e-18
362.3353964168219 2.5435812107811727e-18
362.3974853666352 2.6957644523126067e-18
362.45957431644854 2.232044932963848e-18
362.52166326626184 1.1252842010055271e-18
362.58375221607514 1.3775521607528148e-18
362.64584116588844 1.0804998154612937e-18
362.7079301157018 1.7761137326725824e-18
362.77001906551516 1.9627897853620183e-18
362.83210801532846 3.1531403235436962e-18
362.89419696514176 3.7742026234946885e-18
362.95628591495506 2.211868963847914e-18
363.0183748647684 1.5701752284562007e-18
363.0804638145817 1.3568260131319564e-18
363.1425527643951 1.7142861177873063e-18
363.2046417142084 8.6191077284804395e-19
363.2667306640217 1.9582489773894084e-18
363.328819613835 2.7580091730217626e-18
363.39090856364834 3.408897744705039e-18
363.4529975134617 3.386900530675416e-18
363.515086463275 1.1697947897670055e-18
363.5771754130883 2.4343805486246784e-18
363.6392643629016 1.305689500868775e-18
363.7013533127149 5.691853576419994e-19
363.76344226252826 9.579180593306822e-19
363.8255312123416 8.496355676541219e-19
363.8876201621549 1.804473619973963e-18
363.9497091119682 1.92173143488703e-18
364.0117980617815 1.779429279362848e-18
364.0738870115949 1.3326381146475636e-18
364.13597596140823 1.7580309440967138e-18
364.19806491122154 1.905451900046527e-18
364.26015386103484 1.7005437526806566e-18
364.32224281084814 2.3684834119207946e-18
364.38433176066144 2.6390434369389268e-18
364.4464207104748 2.3133174960987144e-18
364.50850966028815 9.765513366042049e-19
364.57059861010146 2.3205377488705366e-18
364.63268755991476 2.865219018238995e-18
364.69477650972806 1.1229191882366614e-18
364.7568654595414 1.9013290250784095e-18
364.8189544093547 3.8125126663844694e-18
364.8810433591681 3.3541954636162946e-18
364.9431323089814 1.7208049213996836e-18
365.0052212587947 1.9524440306456644e-18
365.067310208608 2.3045193963084472e-18
365.12939915842134 1.4166955881097429e-18
365.1914881082347 1.7230659162065207e-18
365.253577058048 2.4621252203454727e-18
365.3156660078613 2.9669161182638674e-18
365.3777549576746 2.4178948390164966e-18
365.43984390748795 4.040778119502153e-18
365.50193285730126 2.9183391096110783e-18
365.5640218071146 1.2429165219409275e-18
365.6261107569279 1.343108411744895e-19
365.6881997067412 1.457687764135727e-18
365.7502886565545 1.7821056222347633e-18
365.8123776063679 2.659774651041037e-18
365.87446655618123 1.2529672833713296e-18
365.93655550599453 1.496284321710181e-18
365.99864445580783 4.451027443284565e-18
366.06073340562114 1.5893328348405054e-18
366.1228223554345 1.6213481366663343e-18
366.1849113052478 2.251836469890098e-18
366.24700025506115 1.5567318891409889e-18
366.30908920487445 2.2154808479926268e-18
366.37117815468775 1.7408911414191556e-18
366.43326710450106 1.6672840610208182e-18
366.4953560543144 1.4694751912621842e-18
366.55744500412777 1.5254713896241145e-18
366.6195339539411 1.1409657876607309e-18
366.6816229037544 2.2117186237715825e-18
366.7437118535677 3.1632191057173486e-18
366.80580080338103 2.295638992047231e-18
366.86788975319433 2.3343146487677604e-18
366.9299787030077 2.7889515181955337e-18
366.992067652821 2.2667259277112057e-18
367.0541566026343 1.7049392870581868e-18
367.1162455524476 8.412996550311187e-19
367.17833450226095 9.005771754854704e-19
367.2404234520743 2.2469114365229573e-18
367.3025124018876 1.8981191507113974e-18
367.3646013517009 1.3075045419278696e-18
367.4266903015142 9.635211740049633e-19
367.4887792513275 2.7632226856275312e-18
367.5508682011409 3.029073571418399e-18
367.61295715095423 2.6154985679832174e-18
367.67504610076753 1.8452391485121075e-18
367.73713505058083 2.2927002261259833e-18
367.79922400039413 1.7332040485891238e-18
367.8613129502075 9.429666663612097e-19
367.92340190002085 9.94919812684134e-19
367.98549084983415 9.690140668626217e-19
368.04757979964745 1.7346813931631435e-18
368.10966874946075 1.9442160650925994e-18
368.17175769927405 1.8353731585510344e-18
368.2338466490874 2.1606034114091744e-18
368.29593559890077 2.4721572668145158e-18
368.35802454871407 1.8724707614579657e-18
368.42011349852737 2.603864065872506e-18
368.4822024483407 3.103113474072255e-18
368.54429139815403 1.6470589780560138e-18
368.60638034796733 1.4750694137448803e-18
368.6684692977807 2.365473094876561e-18
368.730558247594 1.905375799430172e-18
368.7926471974073 1.080508604255302e-18
368.8547361472206 3.678029642395598e-19
368.91682509703395 8.256002452186539e-20
368.9789140468473 1.743809641415396e-18
369.0410029966606 2.928925160295379e-18
369.1030919464739 2.2424694766335476e-18
369.1651808962872 2.281443125169749e-18
369.22726984610057 1.5488675728647175e-18
369.28935879591387 1.4511869517016727e-18
369.3514477457272 1.5593710088853393e-18
369.41353669554053 1.3879262464051486e-18
369.47562564535383 1.0168618124078687e-18
369.53771459516713 1.377110549703288e-18
369.5998035449805 2.147265124031757e-18
369.66189249479385 1.9130886382567696e-18
369.72398144460715 2.3725849869881388e-18
369.78607039442045 1.7487559746833098e-18
369.84815934423375 1.4882146578468433e-18
369.9102482940471 9.767546162397398e-19
369.9723372438604 1.1694905940967392e-18
370.03442619367377 1.5966486269730775e-18
370.09651514348707 8.358104844862168e-19
370.15860409330037 5.451261374416469e-19
370.22069304311367 8.195073749982561e-19
370.282781992927 1.6083441336539647e-18
370.3448709427404 2.6921267187737516e-18
370.4069598925537 1.3879378269337243e-18
370.469048842367 6.835545027596664e-19
370.5311377921803 1.1714018982996195e-18
370.5932267419936 7.628307171849243e-19
370.65531569180695 7.979326951652832e-19
370.7174046416203 1.707610149858544e-18
370.7794935914336 2.6206173684088487e-18
370.8415825412469 2.340087542262768e-18
370.9036714910602 1.694147165003784e-18
370.96576044087357 1.672265239272036e-18
371.0278493906869 1.5783170638279835e-18
371.0899383405002 1.2250158164973971e-18
371.1520272903135 1.6141045160422074e-18
371.2141162401268 1.0361144411650404e-18
371.27620518994013 1.6855356978392241e-18
371.3382941397535 1.906032167246233e-18
371.40038308956684 1.3982652802790254e-18
371.46247203938015 2.1824473902303216e-18
371.52456098919345 1.3884164543156628e-18
371.58664993900675 1.989682874642189e-18
371.6487388888201 2.9591712261885334e-18
371.7108278386334 1.4376539666875755e-18
371.77291678844676 2.0297330987456285e-18
371.83500573826007 2.2522678445795444e-18
371.89709468807337 2.2543331077739362e-18
371.95918363788667 2.1584734213318504e-18
372.0212725877 1.4320506452181413e-18
372.0833615375134 1.228222588937112e-18
372.1454504873267 9.367283803740645e-19
372.20753943714 1.5501385358759052e-18
372.2696283869533 2.0787735353366004e-18
372.33171733676664 1.365410907119338e-18
372.39380628657995 1.2275128679715416e-18
372.4558952363933 1.0925869921622248e-18
372.5179841862066 1.0114180333990807e-18
372.5800731360199 1.0255406947923517e-18
372.6421620858332 1.6963844817655868e-18
372.70425103564656 1.7561981186544494e-18
372.7663399854599 1.1539333947261481e-18
372.8284289352732 1.4248557248525785e-18
372.8905178850865 2.6536667493979455e-18
372.9526068348998 1.817974448341747e-18
373.0146957847132 1.517132478471391e-18
373.0767847345265 2.2428419147043496e-18
373.13887368433984 1.4512775279787473e-18
373.20096263415314 1.0478082934847026e-18
373.26305158396644 2.019957891856783e-18
373.32514053377975 2.196782843836172e-18
373.3872294835931 1.3382074183143066e-18
373.44931843340646 1.4335985069393811e-18
373.51140738321976 1.4888795042641828e-18
373.57349633303306 1.1942800596816111e-18
373.63558528284636 1.3860031548785393e-18
373.6976742326597 2.075847177124541e-18
373.759763182473 1.3790163738346102e-18
373.8218521322864 9.73123293350632e-19
373.8839410820997 1.99648064491615e-18
373.946030031913 1.3621724950211929e-18
374.0081189817263 1.901297178624826e-18
374.07020793153964 1.744943499240053e-18
374.132296881353 1.2952249423369433e-18
374.1943858311663 1.490479374966437e-18
374.2564747809796 1.4170133288625398e-18
374.3185637307929 1.9950070226548867e-18
374.3806526806062 1.2372152829664823e-18
374.44274163041956 2.1448009529869614e-18
374.5048305802329 1.4895234643710554e-18
374.5669195300462 9.035487184384906e-19
374.6290084798595 1.5069753209346991e-18
374.6910974296728 2.355049585182627e-18
374.7531863794862 1.8126879370469208e-18
374.81527532929954 1.9500687815167184e-18
374.87736427911284 1.3416513847946711e-18
374.93945322892614 1.442732855648651e-18
375.00154217873944 1.3797117225370376e-18
375.06363112855274 1.3530740252709924e-18
375.1257200783661 1.8935740000405717e-18
375.18780902817946 1.6636871695247079e-18
375.24989797799276 2.007224480302295e-18
375.31198692780606 1.7173418263676538e-18
375.37407587761936 1.2063583441909573e-18
375.4361648274327 2.48178875107193e-18
375.498253777246 2.5911705657825734e-18
375.5603427270594 2.433213189985213e-18
375.6224316768727 3.061254205969162e-18
375.684520626686 3.12481827975534e-18
375.7466095764993 1.982380524194571e-18
375.80869852631264 1.6035346987774283e-18
375.870787476126 1.2661971066909262e-18
375.9328764259393 1.7103694175868677e-18
375.9949653757526 1.474122085148354e-18
376.0570543255659 1.1975767880129412e-18
376.11914327537926 1.1830346426515293e-18
376.18123222519256 1.855807001222932e-18
376.2433211750059 1.7039654886820587e-18
376.3054101248192 1.6958480551383462e-18
376.3674990746325 6.310854542284504e-19
376.4295880244458 1.0874939377331592e-18
376.4916769742592 8.6471579400399955e-19
376.55376592407254 1.0263894854984076e-18
376.61585487388584 1.8858677786588746e-18
376.67794382369914 1.0886022563564037e-18
376.74003277351244 1.448070135153573e-18
376.8021217233258 1.6775223856551167e-18
376.8642106731391 1.8162516379209523e-18
376.92629962295246 2.1688448186471934e-18
376.98838857276576 1.5952368364626026e-18
377.05047752257906 1.2359027541295138e-18
377.11256647239236 1.2916668249320465e-18
377.1746554222057 9.452964205564653e-19
377.2367443720191 1.4748821607337136e-18
377.2988333218324 1.557037118787021e-18
377.3609222716457 1.9067329960202184e-18
377.423011221459 2.028694366691415e-18
377.4851001712723 2.1196774098321945e-18
377.54718912108564 1.3214263018298667e-18
377.609278070899 1.2295931238145359e-18
377.6713670207123 1.4507116330421845e-18
377.7334559705256 1.254436562934377e-18
377.7955449203389 9.265235565545743e-19
377.85763387015226 1.5152483678311482e-18
377.9197228199656 2.0444850377898992e-18
377.9818117697789 1.531402688206426e-18
378.0439007195922 1.332725382202188e-18
378.1059896694055 1.164732444418181e-18
378.1680786192188 1.3393132553957134e-18
378.2301675690322 1.293849961363727e-18
378.29225651884553 1.1512032851144168e-18
378.35434546865883 1.235356297937346e-18
378.41643441847214 1.3897701353881058e-18
378.47852336828544 1.3856004213178026e-18
378.5406123180988 1.3843528261589195e-18
378.6027012679121 1.2828193011001793e-18
378.66479021772545 1.1732606765336027e-18
378.72687916753875 1.3641302247359528e-18
378.78896811735206 1.5374568231097016e-18
378.85105706716536 1.796011148717239e-18
378.9131460169787 9.907088429807797e-19
378.9752349667921 1.8316336817968353e-18
379.0373239166054 1.6600788008975984e-18
379.0994128664187 1.1101991149695507e-18
379.161501816232 1.4184111607001778e-18
379.22359076604533 9.990155974871903e-19
379.28567971585863 1.4376110566932993e-18
379.347768665672 1.2843359367532953e-18
379.4098576154853 2.445335935452484e-18
379.4719465652986 2.006479810955844e-18
379.5340355151119 1.0179638237789425e-18
379.59612446492525 1.0097790784128834e-18
379.6582134147386 1.0261197212211388e-18
379.7203023645519 1.4484577726681306e-18
379.7823913143652 2.1005854609090112e-18
379.8444802641785 1.703859609563652e-18
379.9065692139919 1.0522076535725659e-18
379.9686581638052 1.1458215446515703e-18
380.03074711361853 1.357601701751378e-18
380.09283606343183 1.8447711710805556e-18
380.15492501324513 1.3000103889757157e-18
380.21701396305843 1.5306035283371232e-18
380.2791029128718 1.5543731836242939e-18
380.34119186268515 1.830995925544557e-18
380.40328081249845 1.5305967040970697e-18
380.46536976231175 1.097904005742139e-18
380.52745871212505 1.4785611499056198e-18
380.5895476619384 8.093226620074086e-19
380.6516366117517 8.112390843903292e-19
380.71372556156507 1.5399134461314076e-18
380.77581451137837 1.691035208141783e-18
380.8379034611917 1.2503596998878328e-18
380.899992411005 1.3263255892004417e-18
380.96208136081833 1.022704602664637e-18
381.0241703106317 1.4272305603912182e-18
381.086259260445 1.6140652249631112e-18
381.1483482102583 7.872771096107399e-19
381.2104371600716 1.6329932887274324e-18
381.2725261098849 1.519548259450352e-18
381.33461505969825 1.1939931314066318e-18
381.3967040095116 1.0142787341500188e-18
381.4587929593249 1.5847171670224595e-18
381.5208819091382 1.8124048344822745e-18
381.5829708589515 9.87696147792285e-19
381.64505980876487 8.29278135791309e-19
381.7071487585782 1.4627653089283072e-18
381.76923770839153 1.9300009662658757e-18
381.83132665820483 1.8010060788461406e-18
381.89341560801813 1.537384961793986e-18
381.95550455783143 1.5133657047569776e-18
382.0175935076448 1.5452817449093001e-18
382.07968245745815 1.3810872204981367e-18
382.14177140727145 1.622882349907467e-18
382.20386035708475 1.5338215711126842e-18
382.26594930689805 1.5495417250639482e-18
382.3280382567114 1.6781562127994855e-18
382.3901272065247 1.1485509304802655e-18
382.45221615633807 1.0439168222929469e-18
382.51430510615137 1.4604542696944106e-18
382.57639405596467 1.4642144259639235e-18
382.63848300577797 1.4353486143203902e-18
382.70057195559133 1.303872908846032e-18
382.7626609054047 1.1441568436688073e-18
382.824749855218 8.457204184173318e-19
382.8868388050313 1.2927185850809076e-18
382.9489277548446 1.5249454061521074e-18
383.01101670465795 1.925358828668228e-18
383.07310565447125 1.872665562492222e-18
383.1351946042846 1.1673990679178988e-18
383.1972835540979 1.3981281750924948e-18
383.2593725039112 1.4959753697513924e-18
383.3214614537245 1.7047657859247038e-18
383.38355040353787 1.2164807601419219e-18
383.4456393533512 1.2477939924228464e-18
383.5077283031645 1.5195948917573847e-18
383.5698172529778 1.4965434360370632e-18
383.63190620279113 1.9394345475617367e-18
383.6939951526045 1.8400415591331305e-18
383.7560841024178 1.4646992572004562e-18
383.81817305223115 1.3644830172672066e-18
383.88026200204445 1.9353691616461917e-18
383.94235095185775 1.5602346888424212e-18
384.00443990167105 1.5589166799338945e-18
384.0665288514844 1.1169963682556286e-18
384.12861780129776 1.4352443895632085e-18
384.19070675111107 1.358852915825441e-18
384.25279570092437 1.6610042092078921e-18
384.31488465073767 1.6579337147740953e-18
384.37697360055097 1.2389217565701792e-18
384.4390625503643 2.0533908778549514e-18
384.5011515001777 1.6671569853992147e-18
384.563240449991 1.1432158223244517e-18
384.6253293998043 1.1411945031001018e-18
384.6874183496176 1.3319264291280383e-18
384.74950729943095 1.620543806918203e-18
384.8115962492443 1.9806730166151084e-18
384.8736851990576 1.9588104262301788e-18
384.9357741488709 1.749923126527622e-18
384.9978630986842 1.7327838408379468e-18
385.0599520484975 1.906570868620158e-18
385.12204099831087 2.681145689346957e-18
385.1841299481242 3.213967049887783e-18
385.2462188979375 3.515387735994197e-18
385.3083078477508 3.482203317770101e-18
385.3703967975641 3.778634243626441e-18
385.4324857473775 4.932264993645972e-18
385.4945746971908 5.3368121478757495e-18
385.55666364700414 5.6664547889164005e-18
385.61875259681744 5.580277044749095e-18
385.68084154663075 4.978892337594973e-18
385.74293049644405 4.9906895874912045e-18
385.8050194462574 4.138059522622064e-18
385.86710839607076 3.2568859363555564e-18
385.92919734588406 3.188136887694743e-18
385.99128629569736 3.4385575463390465e-18
386.05337524551067 2.7726912153042726e-18
386.115464195324 1.6696261195276855e-18
386.1775531451373 1.45795318571478e-18
386.2396420949507 1.7269946105258413e-18
386.301731044764 1.8436910799957145e-18
386.3638199945773 1.105734097420566e-18
386.4259089443906 6.870576643526168e-19
386.48799789420394 1.206944918642834e-18
386.5500868440173 2.021775000867409e-18
386.6121757938306 1.3989874089537842e-18
386.6742647436439 1.320655679691697e-18
386.7363536934572 1.5871641740695445e-18
386.79844264327056 1.1994604850628776e-18
386.86053159308386 1.3462818384661664e-18
386.9226205428972 1.4219546990467784e-18
386.9847094927105 1.5666333444708252e-18
387.0467984425238 1.395687578695157e-18
387.1088873923371 1.388640310068935e-18
387.1709763421505 1.549093496569521e-18
387.23306529196384 1.8422174577344513e-18
387.29515424177714 1.6612393352970103e-18
387.35724319159044 1.5305857439539533e-18
387.41933214140374 1.4867327637794546e-18
387.4814210912171 1.4470609748062582e-18
387.5435100410304 1.5515456734954345e-18
387.60559899084376 1.6203358743917225e-18
387.66768794065706 1.5743500090077558e-18
387.72977689047036 1.894730812127227e-18
387.79186584028366 2.0538216321589384e-18
387.853954790097 1.609696780750642e-18
387.9160437399104 1.2862134299486375e-18
387.9781326897237 1.534521159115751e-18
388.040221639537 1.5740395060853187e-18
388.1023105893503 1.2599494115243132e-18
388.1643995391636 1.4648683122381467e-18
388.22648848897694 1.8942032776915714e-18
388.2885774387903 1.3087245299338087e-18
388.3506663886036 1.6020309878213835e-18
388.4127553384169 1.4821483220295326e-18
388.4748442882302 1.2496288858166422e-18
388.53693323804356 1.6052134618306047e-18
388.59902218785686 1.792304345597236e-18
388.6611111376702 1.3785966830713161e-18
388.7232000874835 1.4903092859529807e-18
388.7852890372968 1.4532603833046135e-18
388.8473779871101 1.439270070809351e-18
388.9094669369235 1.2754881027286984e-18
388.97155588673684 1.2319056106145044e-18
389.03364483655014 1.611404701920411e-18
389.09573378636344 1.584210208704541e-18
389.15782273617674 1.5109072205788934e-18
389.2199116859901 1.4293941546809272e-18
389.2820006358034 1.323241653081691e-18
389.34408958561676 1.1874892170452805e-18
389.40617853543006 1.3079930954771587e-18
389.46826748524336 1.8085073662310777e-18
389.53035643505666 1.502101262572807e-18
389.59244538487 1.1914421063975183e-18
389.6545343346834 1.2726011389933117e-18
389.7166232844967 1.5482501859350233e-18
389.77871223431 1.4666461301696763e-18
389.8408011841233 1.2666549511599743e-18
389.90289013393664 1.258078845966601e-18
389.96497908374994 1.3067812758797685e-18
390.0270680335633 1.6009153279702026e-18
390.0891569833766 1.3875905144740286e-18
390.1512459331899 1.696553846996007e-18
390.2133348830032 1.5587007857940182e-18
390.27542383281656 1.752742364850356e-18
390.3375127826299 1.7356815579212966e-18
390.3996017324432 1.8085520339841556e-18
390.4616906822565 1.7845424963193446e-18
390.5237796320698 1.4454067169787288e-18
390.5858685818832 1.2124178557682145e-18
390.6479575316965 1.595324104017227e-18
390.71004648150983 1.4970648700157013e-18
390.77213543132314 1.0737691502145262e-18
390.83422438113644 1.0899466316469555e-18
390.89631333094974 1.1400614724560573e-18
390.9584022807631 1.4872790131764693e-18
391.02049123057645 1.5529544654761889e-18
391.08258018038975 1.616470976377145e-18
391.14466913020306 1.6367441392150541e-18
391.20675808001636 1.3326379078524105e-18
391.26884702982966 1.884188808810545e-18
391.330935979643 1.3248940497528422e-18
391.3930249294564 1.3647110089235416e-18
391.4551138792697 1.7612162098405023e-18
391.517202829083 1.636283192818709e-18
391.5792917788963 1.4205076499626935e-18
391.64138072870963 1.5069456458302238e-18
391.703469678523 1.471463423262032e-18
391.7655586283363 1.2645173096619841e-18
391.8276475781496 1.4630158412563342e-18
391.8897365279629 1.4735861755089962e-18
391.9518254777762 1.2309472184772852e-18
392.01391442758955 1.7452677540401737e-18
392.0760033774029 1.821736052177332e-18
392.1380923272162 1.7231670390364053e-18
392.2001812770295 1.898682253913393e-18
392.2622702268428 1.6943659542758043e-18
392.3243591766562 1.232959438714897e-18
392.3864481264695 1.0857784685403008e-18
392.44853707628283 1.363480577762369e-18
392.51062602609613 1.6354450520630396e-18
392.57271497590943 1.7077065163999064e-18
392.6348039257228 1.6153948144002136e-18
392.6968928755361 1.3565248159914105e-18
392.75898182534945 1.3603445292650273e-18
392.82107077516275 1.655697225192905e-18
392.88315972497605 1.6440907438254438e-18
392.94524867478935 1.5097403789273108e-18
393.0073376246027 1.5606528286420668e-18
393.069426574416 1.5168323153066107e-18
393.13151552422937 1.6776263002195687e-18
393.1936044740427 1.2687894907306674e-18
393.255693423856 1.6307981581768698e-18
393.31778237366933 1.4697547783092271e-18
393.37987132348263 1.5680729489293971e-18
393.44196027329593 1.46463163518538e-18
393.5040492231093 1.240275747835352e-18
393.5661381729226 1.4003093469702205e-18
393.6282271227359 1.1501516283631322e-18
393.69031607254925 1.2347546274392902e-18
393.75240502236255 1.215084789460662e-18
393.8144939721759 1.4116135972213702e-18
393.8765829219892 1.4282587458926216e-18
393.9386718718025 1.170074480211625e-18
394.0007608216158 1.7005731175924022e-18
394.06284977142917 9.424389251304009e-19
394.1249387212425 1.3037681671009675e-18
394.18702767105583 1.8210306739099774e-18
394.24911662086913 1.7186043107775628e-18
394.31120557068243 1.48443009974926e-18
394.3732945204958 1.4074934105902436e-18
394.4353834703091 1.361394221462357e-18
394.49747242012245 1.5556924333037394e-18
394.55956136993575 1.1734935278760364e-18
394.62165031974905 1.1643444967108936e-18
394.68373926956235 1.3605357113841036e-18
394.7458282193757 1.228787966885792e-18
394.807917169189 1.258660560732379e-18
394.87000611900237 1.583480221813963e-18
394.93209506881567 1.2818754880212563e-18
394.99418401862897 1.1993601894136056e-18
395.05627296844233 1.255208322445889e-18
395.11836191825563 1.503127380122679e-18
395.180450868069 1.4715440733717559e-18
395.2425398178823 1.5211026352189157e-18
395.3046287676956 1.4663037807936559e-18
395.3667177175089 1.5175598206553511e-18
395.42880666732225 1.2861352613807512e-18
395.49089561713555 1.6867462766656955e-18
395.5529845669489 2.0189971215753028e-18
395.6150735167622 1.7001133085693993e-18
395.6771624665755 1.282770911034345e-18
395.73925141638887 1.389650090801709e-18
395.80134036620217 1.5792510541371325e-18
395.8634293160155 1.2244074251568644e-18
395.9255182658288 1.3339476449548116e-18
395.98760721564213 1.5654847007927187e-18
396.04969616545543 1.1215240447360142e-18
396.1117851152688 1.2104493727054915e-18
396.1738740650821 9.902146025647792e-19
396.23596301489545 1.1643493563969924e-18
396.29805196470875 1.2847793055616237e-18
396.36014091452205 1.3397409077724033e-18
396.4222298643354 1.6255830946074527e-18
396.4843188141487 1.5441772519963887e-18
396.546407763962 1.7620297419729482e-18
396.60849671377537 1.902906251711395e-18
396.67058566358867 1.749869359787806e-18
396.73267461340197 1.62877322003734e-18
396.7947635632153 1.6721978240521129e-18
396.8568525130286 1.477097040221401e-18
396.918941462842 1.4419677135820395e-18
396.9810304126553 1.538084756592206e-18
397.0431193624686 1.6221587736666363e-18
397.1052083122819 1.5685317239766344e-18
397.16729726209525 1.4450038800204154e-18
397.22938621190855 1.1843265953707606e-18
397.2914751617219 1.2573358309813753e-18
397.3535641115352 1.5729962245377362e-18
397.4156530613485 1.2857075056064847e-18
397.47774201116187 1.3146248092431495e-18
397.53983096097517 1.2864639622766645e-18
397.6019199107885 1.1643386030490292e-18
397.6640088606018 1.1151492739477977e-18
397.7260978104151 1.3346423732717796e-18
397.7881867602284 1.5725908026400086e-18
397.8502757100418 1.392759669519449e-18
397.9123646598551 1.0838784346732665e-18
397.97445360966844 1.0957809433024451e-18
398.03654255948175 1.2067375031042363e-18
398.09863150929505 1.1307565177454482e-18
398.1607204591084 1.2264211963581247e-18
398.2228094089217 1.4336111214437226e-18
398.28489835873506 1.5345202285375618e-18
398.34698730854836 1.0638723477756355e-18
398.40907625836167 1.312897345931409e-18
398.47116520817497 1.3906814816279861e-18
398.5332541579883 1.1951200615936587e-18
398.5953431078016 1.3785811734348307e-18
398.657432057615 1.3994235399317528e-18
398.7195210074283 1.4176797262435278e-18
398.7816099572416 1.4708600984027511e-18
398.84369890705494 1.4503816913753524e-18
398.90578785686824 1.1755185694131428e-18
398.9678768066816 1.2426180131373724e-18
399.0299657564949 1.359736034526918e-18
399.0920547063082 1.2714044154421006e-18
399.1541436561215 1.1106345221644833e-18
399.21623260593486 1.3754421264077686e-18
399.27832155574816 1.6616520984226743e-18
399.3404105055615 1.3771969900772998e-18
399.4024994553748 1.3990202893831332e-18
399.4645884051881 1.4337024215038331e-18
399.5266773550015 1.1864366297158068e-18
399.5887663048148 1.5086996823191425e-18
399.65085525462814 1.6059987664246472e-18
399.71294420444144 1.3893305922901105e-18
399.77503315425474 1.5669022815674815e-18
399.83712210406804 2.1041475074218177e-18
399.8992110538814 3.2462874779620676e-18
399.9613000036947 3.8592260371171766e-18
400.02338895350806 4.021836097064995e-18
400.08547790332136 4.1137933521722085e-18
400.14756685313466 4.0502547141898665e-18
400.209655802948 3.910093508886125e-18
400.2717447527613 3.879882391373851e-18
400.3338337025746 3.78224323263901e-18
400.395922652388 3.6391620797729565e-18
400.4580116022013 3.3754794411627434e-18
400.5201005520146 2.9219844945705995e-18
400.58218950182794 1.844754007082845e-18
400.64427845164124 1.4651547235252432e-18
400.7063674014546 1.4000779431938588e-18
400.7684563512679 1.2583108701284222e-18
400.8305453010812 1.3759062781289874e-18
400.8926342508945 1.3200885439842154e-18
400.95472320070786 1.302612595785231e-18
401.01681215052116 1.5400020578545273e-18
401.0789011003345 1.3939297164959053e-18
401.1409900501478 1.338926755254498e-18
401.2030789999611 1.5163527573464831e-18
401.2651679497745 1.5312136774364577e-18
401.3272568995878 1.3282641903635363e-18
401.38934584940114 1.3272946312880476e-18
401.45143479921444 1.2935055440361753e-18
401.51352374902774 1.2579849609670763e-18
401.57561269884104 1.2183324039431218e-18
401.6377016486544 1.154180101343842e-18
401.6997905984677 1.267796563802874e-18
401.76187954828106 1.294811765620973e-18
401.82396849809436 1.4121963459629138e-18
401.88605744790766 1.412717779941552e-18
401.948146397721 1.7060713871240422e-18
402.0102353475343 1.761302443419361e-18
402.0723242973477 1.7997119547778014e-18
402.134413247161 2.1513902737465588e-18
402.1965021969743 2.1165196478437733e-18
402.2585911467876 2.1356895585396898e-18
402.32068009660094 2.0172858916830837e-18
402.38276904641424 1.846768398669565e-18
402.4448579962276 2.0889807373003517e-18
402.5069469460409 2.2042247810121583e-18
402.5690358958542 1.9184833034166873e-18
402.63112484566756 1.6431681272497175e-18
402.69321379548086 1.3015381915671012e-18
402.7553027452942 1.347655785463617e-18
402.8173916951075 1.3912775686569072e-18
402.8794806449208 1.4108529012505511e-18
402.9415695947341 1.5255724090564226e-18
403.0036585445475 1.29883279397617e-18
403.0657474943608 1.2244868344956695e-18
403.12783644417414 1.4412850827815302e-18
403.18992539398744 1.3211262420626631e-18
403.25201434380074 1.2731403573551197e-18
403.3141032936141 1.3924376894660128e-18
403.3761922434274 1.4340709304667255e-18
403.4382811932407 1.4146387001190532e-18
403.50037014305406 1.3089030975485436e-18
403.56245909286736 1.4251582661616198e-18
403.62454804268066 1.3984639070236147e-18
403.686636992494 1.286328718246512e-18
403.7487259423073 1.4212462188521268e-18
403.8108148921207 1.3886242834445668e-18
403.872903841934 1.3920458126508158e-18
403.9349927917473 1.346031409535716e-18
403.9970817415606 1.2265604728937633e-18
404.05917069137394 1.662194728904509e-18
404.12125964118724 1.2937457366065454e-18
404.1833485910006 1.4560957516492921e-18
404.2454375408139 1.5121457167510384e-18
404.3075264906272 1.4052847349571504e-18
404.36961544044055 1.6021697473691392e-18
404.43170439025386 1.4552133567308512e-18
404.4937933400672 1.2719241950595136e-18
404.5558822898805 1.2352803007185677e-18
404.6179712396938 1.3315945229072514e-18
404.6800601895071 1.4022694548292415e-18
404.7421491393205 1.3043124519440274e-18
404.8042380891338 1.315879021846933e-18
404.86632703894713 1.2374447221888892e-18
404.92841598876043 1.3485361124305265e-18
404.99050493857374 1.402968836037155e-18
405.0525938883871 1.1551842986074814e-18
405.1146828382004 1.384483727490856e-18
405.17677178801375 1.3425626276369748e-18
405.23886073782705 1.268643183159822e-18
405.30094968764035 1.2193817859477219e-18
405.36303863745366 1.1783397722898315e-18
405.425127587267 1.2080220111979546e-18
405.4872165370803 1.1508729298572785e-18
405.5493054868937 1.3439983029876372e-18
405.611394436707 1.218600410461589e-18
405.6734833865203 1.3303013294171013e-18
405.73557233633363 1.2022057941183645e-18
405.79766128614693 1.2711022877233656e-18
405.8597502359603 1.2866418061083634e-18
405.9218391857736 1.2863334745350342e-18
405.9839281355869 1.2538829723094258e-18
406.0460170854002 1.3476418267907801e-18
406.10810603521355 1.3774115400486808e-18
406.17019498502685 1.3088144858254239e-18
406.2322839348402 1.1900315566579622e-18
406.2943728846535 1.5027732434229298e-18
406.3564618344668 1.3362266309399718e-18
406.41855078428017 1.2961108527729876e-18
406.4806397340935 1.2379867322852646e-18
406.54272868390683 1.133571723562696e-18
406.60481763372013 1.1894191328119433e-18
406.66690658353343 1.1534368795634631e-18
406.72899553334673 1.2772841186337041e-18
406.7910844831601 1.063552849264037e-18
406.8531734329734 1.1300145367359882e-18
406.91526238278675 1.2463427040381221e-18
406.97735133260005 1.355020794842636e-18
407.03944028241335 1.1570488671057525e-18
407.1015292322267 1.1985505863890693e-18
407.16361818204 1.1245163706019248e-18
407.2257071318533 1.1714974376603694e-18
407.28779608166667 1.2323233368238437e-18
407.34988503147997 1.2573244572479527e-18
407.4119739812933 1.2801730469230456e-18
407.47406293110663 1.2711898654707197e-18
407.53615188091993 1.259264092386813e-18
407.5982408307333 1.4461208840400917e-18
407.6603297805466 1.1921052984536327e-18
407.7224187303599 1.0579473564454948e-18
407.7845076801732 1.1593915459980793e-18
407.84659662998655 1.3354743101728548e-18
407.90868557979985 1.2234636120779414e-18
407.9707745296132 1.1565045822626926e-18
408.0328634794265 1.2621312037874983e-18
408.0949524292398 1.2991802098334422e-18
408.15704137905317 1.4746947009273938e-18
408.21913032886647 1.3581517768587258e-18
408.2812192786798 1.272533620375812e-18
408.34330822849313 1.2359590024111674e-18
408.40539717830643 1.2249974117287678e-18
408.46748612811973 1.276366982129536e-18
408.5295750779331 1.2669254392202791e-18
408.5916640277464 1.1926616808131511e-18
408.65375297755975 1.142990415607531e-18
408.71584192737305 1.154877001009918e-18
408.77793087718635 1.3829832218596848e-18
408.8400198269997 1.3273479844375573e-18
408.902108776813 1.3238654506611325e-18
408.96419772662637 1.108033039138004e-18
409.02628667643967 1.2338235322622852e-18
409.08837562625297 1.1814860571472535e-18
409.15046457606627 1.168923561786834e-18
409.2125535258796 1.0996774809754528e-18
409.27464247569293 1.221414582303071e-18
409.3367314255063 1.1947409026803798e-18
409.3988203753196 1.223561839775682e-18
409.4609093251329 1.0640069714203285e-18
409.52299827494625 1.1556842258901932e-18
409.58508722475955 1.1392911605106172e-18
409.6471761745729 1.1331749870614002e-18
409.7092651243862 1.1423291881053714e-18
409.7713540741995 1.078448200747009e-18
409.8334430240128 1.0172449004290573e-18
409.89553197382617 1.2036883085712127e-18
409.95762092363947 1.3208162561281089e-18
410.0197098734528 1.3392361208035928e-18
410.0817988232661 1.6067439527589809e-18
410.1438877730794 1.8033941492745812e-18
410.2059767228928 1.910438971959609e-18
410.2680656727061 1.857314951479616e-18
410.3301546225194 2.1297605347040628e-18
410.39224357233275 2.2228301409400073e-18
410.45433252214605 2.571668335275564e-18
410.51642147195935 2.517345109702522e-18
410.5785104217727 2.467661333390137e-18
410.640599371586 2.314645327777015e-18
410.70268832139936 2.4589558778284757e-18
410.76477727121267 2.0955613726635173e-18
410.82686622102597 1.7006745506150165e-18
410.88895517083927 1.7331908136993229e-18
410.9510441206526 1.5792796952658421e-18
411.0131330704659 1.658633302777162e-18
411.0752220202793 1.27158525780352e-18
411.1373109700926 1.069111089390087e-18
411.1993999199059 1.1791987993559678e-18
411.26148886971924 1.056167677357587e-18
411.32357781953255 1.0869651625265847e-18
411.3856667693459 1.0993317194794056e-18
411.4477557191592 1.092134110776852e-18
411.5098446689725 1.044038934830875e-18
411.5719336187858 1.0178774868025073e-18
411.63402256859916 1.0751813543153074e-18
411.69611151841247 1.2567361250372744e-18
411.7582004682258 1.2400945952812028e-18
411.8202894180391 9.923817123720916e-19
411.8823783678524 1.048876080257932e-18
411.9444673176658 1.2795572109569998e-18
412.0065562674791 1.218224353475607e-18
412.06864521729244 1.01256357514989e-18
412.13073416710574 1.0337547016725798e-18
412.19282311691904 1.1325947198616942e-18
412.25491206673235 1.1586703479015096e-18
412.3170010165457 1.1907315582513352e-18
412.379089966359 1.2264380501631055e-18
412.44117891617236 1.1157789651891037e-18
412.50326786598566 1.2610130623944798e-18
412.56535681579896 1.2039337744179878e-18
412.6274457656123 1.2802894725942624e-18
412.6895347154256 1.345759990897222e-18
412.751623665239 1.222526623239072e-18
412.8137126150523 1.1980193296406571e-18
412.8758015648656 1.1251708772616074e-18
412.9378905146789 1.2546977452127906e-18
412.99997946449224 1.2199570900637525e-18
413.06206841430554 1.2892673807701833e-18
413.1241573641189 1.1061598886408777e-18
413.1862463139322 1.0507612248739403e-18
413.2483352637455 1.1352856417919058e-18
413.31042421355886 1.1294025264802755e-18
413.37251316337216 9.91455787073915e-19
413.4346021131855 1.1312561348354303e-18
413.4966910629988 1.0791224563438163e-18
413.5587800128121 1.1530965981389741e-18
413.6208689626254 1.2433161535743672e-18
413.6829579124388 1.044074710392368e-18
413.7450468622521 1.141339156309722e-18
413.80713581206544 1.206305611426907e-18
413.86922476187874 1.1844863446265599e-18
413.93131371169204 1.0394058962199655e-18
413.9934026615054 1.0641023039859253e-18
414.0554916113187 1.1708432411934165e-18
414.117580561132 1.1670280774131688e-18
414.17966951094536 1.0085059440525877e-18
414.24175846075866 1.1284316232362914e-18
414.30384741057196 1.2800059564393099e-18
414.3659363603853 1.1522427409516663e-18
414.4280253101986 1.0733897845060941e-18
414.490114260012 1.0706305167777703e-18
414.5522032098253 1.2157319548924082e-18
414.6142921596386 1.224495106301795e-18
414.6763811094519 1.3130754999558376e-18
414.73847005926524 1.1858286519655803e-18
414.80055900907854 1.0138113771039263e-18
414.8626479588919 1.1213127000895069e-18
414.9247369087052 1.2223252047599153e-18
414.9868258585185 1.1051295317903663e-18
415.04891480833186 9.93979825315544e-19
415.11100375814516 1.2436590199382704e-18
415.1730927079585 1.3389878632222504e-18
415.2351816577718 1.0821422859650943e-18
415.2972706075851 1.0946565980548324e-18
415.3593595573984 1.194265687418468e-18
415.4214485072118 1.0637914908707585e-18
415.4835374570251 1.170053387106005e-18
415.54562640683844 1.090210709057513e-18
415.60771535665174 1.1655407032742219e-18
415.66980430646504 1.1311834463391022e-18
415.7318932562784 9.931447864871717e-19
415.7939822060917 1.108863114882701e-18
415.85607115590506 1.336323514469217e-18
415.91816010571836 1.2639828475886983e-18
415.98024905553166 1.1344047978371134e-18
416.04233800534496 1.2391190391462731e-18
416.1044269551583 1.0963572813942415e-18
416.1665159049716 1.212721327655445e-18
416.228604854785 1.2374739837030583e-18
416.2906938045983 1.1044889838035206e-18
416.3527827544116 1.216869948620128e-18
416.41487170422494 1.1853946923367197e-18
416.47696065403824 1.200893265281396e-18
416.5390496038516 1.2234952517363715e-18
416.6011385536649 1.3687756710560506e-18
416.6632275034782 1.3566548901427345e-18
416.7253164532915 1.2276101650910931e-18
416.78740540310486 1.1337544270804936e-18
416.84949435291816 1.1191319418020874e-18
416.9115833027315 1.0985136378535906e-18
416.9736722525448 1.0738940544870217e-18
417.0357612023581 1.1882017297454184e-18
417.0978501521715 1.3079991959341763e-18
417.1599391019848 1.0277344811744189e-18
417.2220280517981 1.0244839715598152e-18
417.28411700161143 1.0734635069781879e-18
417.34620595142474 9.592499235144692e-19
417.40829490123804 1.0911915384688478e-18
417.4703838510514 1.2534826168929502e-18
417.5324728008647 1.0834795268228628e-18
417.59456175067805 9.766533900122786e-19
417.65665070049135 1.1819046105372053e-18
417.71873965030466 1.2966823311786852e-18
417.78082860011796 1.1425444618597883e-18
417.8429175499313 1.0294051792166228e-18
417.9050064997446 1.2682175987346635e-18
417.967095449558 1.0924312754119117e-18
418.0291843993713 1.1265347946941307e-18
418.0912733491846 1.1869258036505553e-18
418.15336229899793 1.0861671400306242e-18
418.21545124881123 1.0821194351006725e-18
418.2775401986246 1.0695346058637141e-18
418.3396291484379 1.1410306179412397e-18
418.4017180982512 1.1487216398791812e-18
418.4638070480645 1.2006860565379515e-18
418.52589599787785 1.0928701981244476e-18
418.58798494769115 1.1496432224791418e-18
418.6500738975045 1.190509873847171e-18
418.7121628473178 1.1101661311426251e-18
418.7742517971311 8.886875915533629e-19
418.8363407469445 9.84838548968644e-19
418.8984296967578 1.24188213258493e-18
418.96051864657113 1.2344076251723242e-18
419.02260759638443 1.1829567842763727e-18
419.08469654619773 1.208591111459391e-18
419.14678549601103 1.1770004634805315e-18
419.2088744458244 1.1375312303598341e-18
419.2709633956377 1.1472893766485456e-18
419.33305234545105 1.1352954645616798e-18
419.39514129526435 1.1375234755415914e-18
419.45723024507765 1.032271360039119e-18
419.519319194891 9.11341276796623e-19
419.5814081447043 1.0488754598724726e-18
419.64349709451767 1.0576738698554694e-18
419.70558604433097 1.0702926134975424e-18
419.7676749941443 1.2162533888710463e-18
419.8297639439576 1.1147986527656518e-18
419.89185289377093 1.2209903420464078e-18
419.95394184358423 1.0536717632567847e-18
420.0160307933976 1.2061729523361689e-18
420.0781197432109 1.1075241162661308e-18
420.1402086930242 1.033178260183207e-18
420.20229764283755 9.861468385049731e-19
420.26438659265085 1.0491737618808745e-18
420.3264755424642 1.0812399353143755e-18
420.3885644922775 1.0919506834760184e-18
420.4506534420908 1.1086539415853016e-18
420.5127423919041 1.2040263152490172e-18
420.57483134171747 1.1299167226285538e-18
420.63692029153077 1.2434031109362618e-18
420.69900924134413 1.1648542467633794e-18
420.76109819115743 9.69659991523449e-19
420.82318714097073 1.1927266144912366e-18
420.8852760907841 1.1692001503041565e-18
420.9473650405974 1.0742559460050137e-18
421.0094539904107 1.0885956389115033e-18
421.07154294022405 1.0327205191117354e-18
421.13363189003735 1.1166929997659748e-18
421.19572083985065 1.1675280046958805e-18
421.257809789664 1.263191235742485e-18
421.3198987394773 1.1361494251465643e-18
421.38198768929067 1.1576744224439957e-18
421.44407663910397 1.0862162538794945e-18
421.50616558891727 1.192392226728612e-18
421.56825453873057 9.952200792464907e-19
421.63034348854393 1.0840627925522892e-18
421.69243243835723 1.131260994521529e-18
421.7545213881706 1.1993172794193294e-18
421.8166103379839 1.2103456649361926e-18
421.8786992877972 1.0486177931116623e-18
421.94078823761055 1.0712644473197157e-18
422.00287718742385 1.0446564251581459e-18
422.0649661372372 1.1074603199613876e-18
422.1270550870505 9.09610814955162e-19
422.1891440368638 9.863865140874604e-19
422.2512329866771 1.0832303386633312e-18
422.31332193649047 1.124831423017731e-18
422.37541088630377 9.633687659771004e-19
422.4374998361171 8.186108663106135e-19
422.4995887859304 9.927294384220936e-19
422.56167773574373 1.1298707107069805e-18
422.6237666855571 1.1449840242813603e-18
422.6858556353704 1.048959108511917e-18
422.74794458518375 9.880149225208476e-19
422.81003353499705 9.753508907402373e-19
422.87212248481035 1.0375518742745045e-18
422.93421143462365 1.0272455140348235e-18
422.996300384437 1.1061534779911304e-18
423.0583893342503 1.1247359870545576e-18
423.12047828406367 1.0924719106595033e-18
423.18256723387697 1.1067860643645803e-18
423.24465618369027 9.750184675315675e-19
423.3067451335036 9.902339379115976e-19
423.3688340833169 1.0629840591953302e-18
423.4309230331303 1.0518059539875948e-18
423.4930119829436 9.396513264660972e-19
423.5551009327569 1.0744982065269152e-18
423.6171898825702 1.0906444618912206e-18
423.67927883238355 1.178897809010575e-18
423.74136778219685 1.145080804413029e-18
423.8034567320102 9.956552796462702e-19
423.8655456818235 1.004891164775731e-18
423.9276346316368 1.2457108414477082e-18
423.98972358145016 1.6840401552917283e-18
424.05181253126347 2.152292314204548e-18
424.11390148107677 2.0304566749864593e-18
424.1759904308901 2.1210203375566744e-18
424.2380793807034 2.093674573686284e-18
424.3001683305167 1.9083497205274533e-18
424.3622572803301 1.968791807886703e-18
424.4243462301434 1.8313673296395932e-18
424.48643517995674 1.889643651360026e-18
424.54852412977004 1.8110126895113477e-18
424.61061307958335 1.5977801066534734e-18
424.67270202939665 1.2668253503661602e-18
424.73479097921 9.69183638888195e-19
424.7968799290233 1.0462238290213573e-18
424.85896887883666 9.147372668014594e-19
424.92105782864996 1.0831466900238868e-18
424.98314677846327 1.141167102742311e-18
425.0452357282766 9.203444139812266e-19
425.1073246780899 8.962175200670096e-19
425.1694136279033 1.1016316951726093e-18
425.2315025777166 1.1779202883216905e-18
425.2935915275299 1.1385977763621447e-18
425.3556804773432 1.1172321147302062e-18
425.41776942715654 9.42732367452704e-19
425.47985837696984 1.0366921234253322e-18
425.5419473267832 1.013283739270694e-18
425.6040362765965 9.660110910463245e-19
425.6661252264098 9.672683021798285e-19
425.72821417622316 1.0119832045526075e-18
425.79030312603646 1.0207945392326755e-18
425.8523920758498 1.0124054802553159e-18
425.9144810256631 1.1123421331415225e-18
425.9765699754764 1.112666904929526e-18
426.0386589252897 9.486017308866506e-19
426.1007478751031 8.518071235572267e-19
426.1628368249164 1.0537115713237639e-18
426.22492577472974 1.1273950625311859e-18
426.28701472454304 1.103030560986013e-18
426.34910367435634 1.09307265057937e-18
426.4111926241697 1.0070902244342032e-18
426.473281573983 1.1733908540825033e-18
426.53537052379636 1.1046821304765517e-18
426.59745947360966 1.0332394715485358e-18
426.65954842342296 1.0246470295380647e-18
426.72163737323626 1.0305442069201084e-18
426.7837263230496 9.233611416752075e-19
426.8458152728629 9.614091751059623e-19
426.9079042226763 1.0263083184008009e-18
426.9699931724896 9.69432516854997e-19
427.0320821223029 1.095046200123345e-18
427.09417107211624 1.0689820492145287e-18
427.15626002192954 1.0257854368560908e-18
427.2183489717429 1.0246575760908747e-18
427.2804379215562 1.0348810114741473e-18
427.3425268713695 9.432234025438308e-19
427.4046158211828 8.344081031552098e-19
427.46670477099616 1.0819551363515041e-18
427.52879372080946 1.177667481246979e-18
427.5908826706228 9.77379447794947e-19
427.6529716204361 1.0052106632873296e-18
427.7150605702494 1.0874053260100395e-18
427.7771495200628 1.0489412207311705e-18
427.8392384698761 1.0040345158538558e-18
427.9013274196894 1.1478859806653495e-18
427.96341636950274 1.1395629927394175e-18
428.02550531931604 1.0502042221289624e-18
428.08759426912934 9.876570635083418e-19
428.1496832189427 1.0449098526183168e-18
428.211772168756 1.1833562091146593e-18
428.27386111856936 1.0105670713439168e-18
428.33595006838266 9.913116508521777e-19
428.39803901819596 1.2179245005035566e-18
428.46012796800926 1.0224351485800979e-18
428.5222169178226 1.1191366980906096e-18
428.5843058676359 1.073930450433974e-18
428.6463948174493 1.089740870469583e-18
428.7084837672626 1.1183400197631445e-18
428.7705727170759 1.0401118948727795e-18
428.83266166688924 1.1250062683197093e-18
428.89475061670254 1.1607803822465558e-18
428.9568395665159 9.68004906515307e-19
429.0189285163292 9.956715130657915e-19
429.0810174661425 1.0903207240789826e-18
429.1431064159558 1.0026648081570445e-18
429.20519536576916 1.1096914328685963e-18
429.26728431558246 1.007421923859837e-18
429.3293732653958 1.0703904276049768e-18
429.3914622152091 1.1025319778717967e-18
429.4535511650224 9.94176384108602e-19
429.5156401148358 1.0838182572837033e-18
429.5777290646491 1.1271419452637447e-18
429.63981801446243 1.1875436041705559e-18
429.70190696427574 1.0512756278173718e-18
429.76399591408904 9.656426854810087e-19
429.82608486390234 1.0944381189755419e-18
429.8881738137157 1.078189500010433e-18
429.950262763529 1.0764996734165638e-18
430.01235171334235 1.1328192993980024e-18
430.07444066315566 1.077428080256578e-18
430.13652961296896 1.0325378155939377e-18
430.1986185627823 1.018836706120339e-18
430.2607075125956 1.1148084755354259e-18
430.322796462409 1.0850211846895085e-18
430.3848854122223 1.205510587460667e-18
430.4469743620356 1.1479754195690818e-18
430.5090633118489 1.0609396823114053e-18
430.57115226166223 1.0523593378173928e-18
430.63324121147554 1.0514209014124514e-18
430.6953301612889 1.0463152324790444e-18
430.7574191111022 9.945196640628115e-19
430.8195080609155 1.0335716879620524e-18
430.88159701072885 1.1679580352168315e-18
430.94368596054215 1.0761301304779057e-18
431.00577491035546 9.833407316744636e-19
431.0678638601688 1.0261748321294501e-18
431.1299528099821 1.0938382062362878e-18
431.1920417597954 1.1321483525236453e-18
431.2541307096088 1.2555002138045436e-18
431.3162196594221 9.937317745293547e-19
431.37830860923543 1.0911048912996829e-18
431.44039755904873 1.1052222794165488e-18
431.50248650886203 9.906011027059946e-19
431.56457545867534 9.995223490099556e-19
431.6266644084887 9.768972014978286e-19
431.688753358302 9.880181278457212e-19
431.75084230811535 9.224365605455264e-19
431.81293125792865 1.058951346913981e-18
431.87502020774195 1.01390288395919e-18
431.9371091575553 8.729855321779984e-19
431.9991981073686 1.0429647374078983e-18
432.06128705718197 1.0802654131552114e-18
432.1233760069953 1.0517671798963814e-18
432.1854649568086 9.724945326875151e-19
432.2475539066219 9.054903181313057e-19
432.30964285643523 8.466552359070933e-19
432.37173180624853 9.797066170507884e-19
432.4338207560619 9.468304270024449e-19
432.4959097058752 1.003751516686786e-18
432.5579986556885 1.0633065562366493e-18
432.62008760550185 1.1492611684337189e-18
432.68217655531515 1.1387996084316076e-18
432.7442655051285 9.795381823985573e-19
432.8063544549418 9.173913791944123e-19
432.8684434047551 1.1332186208387123e-18
432.9305323545684 9.742947878931602e-19
432.99262130438177 1.0238402182480958e-18
433.0547102541951 1.0911616565692193e-18
433.11679920400843 1.078464020576224e-18
433.17888815382173 1.0450393063841813e-18
433.24097710363503 8.974515701433622e-19
433.3030660534484 1.1069244103220298e-18
433.3651550032617 1.10952134385514e-18
433.42724395307505 1.0592606090654993e-18
433.48933290288835 1.0615839526110076e-18
433.55142185270165 9.533841789957025e-19
433.61351080251495 1.0435030251915172e-18
433.6755997523283 1.067962342314404e-18
433.7376887021416 1.0232960368026125e-18
433.79977765195497 8.825407090239047e-19
433.86186660176827 9.40856011630704e-19
433.92395555158157 9.289071808872224e-19
433.98604450139493 1.050040440367677e-18
434.04813345120823 1.1011500692609503e-18
434.1102224010216 1.16151440164262e-18
434.1723113508349 1.1610809590016422e-18
434.2344003006482 1.1128809379130242e-18
434.2964892504615 1.0678109682623068e-18
434.35857820027485 9.849024486709637e-19
434.42066715008815 9.99596898662662e-19
434.4827560999015 1.1363265451952272e-18
434.5448450497148 1.2147002538734015e-18
434.6069339995281 1.0240594211104223e-18
434.66902294934147 9.244822815979466e-19
434.73111189915477 1.0826595840406696e-18
434.79320084896807 1.0651175647902575e-18
434.8552897987814 1.1217579300542136e-18
434.91737874859473 1.1655251936377365e-18
434.97946769840803 1.0055483597724044e-18
435.0415566482214 1.0740066544479055e-18
435.1036455980347 1.1634317029049414e-18
435.16573454784805 1.112471586907387e-18
435.22782349766135 8.767320399674042e-19
435.28991244747465 9.383719882512073e-19
435.35200139728795 1.102211548782009e-18
435.4140903471013 1.0058571049360398e-18
435.4761792969146 1.120505888799538e-18
435.53826824672797 1.1467957566180046e-18
435.60035719654127 1.1697980984894558e-18
435.66244614635457 1.0377244448297983e-18
435.7245350961679 9.728545630491288e-19
435.7866240459812 1.1254480861643892e-18
435.8487129957946 1.1582484857891075e-18
435.9108019456079 9.992706793085863e-19
435.9728908954212 1.0388662642678512e-18
436.0349798452345 1.0587127053072595e-18
436.09706879504785 9.904072322499275e-19
436.15915774486115 1.1165874308402977e-18
436.2212466946745 1.110613015468557e-18
436.2833356444878 1.0000350975921619e-18
436.3454245943011 1.0623017385875505e-18
436.40751354411447 1.0909749205459355e-18
436.46960249392777 1.0729485870468736e-18
436.5316914437411 9.649756677145612e-19
436.5937803935544 1.0117485954513722e-18
436.6558693433677 1.07709741480671e-18
436.717958293181 1.0222170830911136e-18
436.7800472429944 1.167136024483107e-18
436.8421361928077 1.1756562949851329e-18
436.90422514262104 1.0583419215976826e-18
436.96631409243435 1.0094526522636547e-18
437.02840304224765 1.0780758660737836e-18
437.090491992061 1.1853493008006058e-18
437.1525809418743 1.0755051955251219e-18
437.21466989168766 1.0348961075203264e-18
437.27675884150096 1.115629142100655e-18
437.33884779131427 1.0360290347667943e-18
437.40093674112757 1.045744167663653e-18
437.4630256909409 1.1334057704523025e-18
437.5251146407542 1.1252015863418484e-18
437.5872035905676 1.1155340163302114e-18
437.6492925403809 1.0391056296576088e-18
437.7113814901942 1.155650414882655e-18
437.77347044000754 1.0219504207411418e-18
437.83555938982084 1.0621371296456524e-18
437.89764833963415 1.092789237821994e-18
437.9597372894475 1.0786779501621456e-18
438.0218262392608 9.647131412676522e-19
438.0839151890741 1.1738672067177572e-18
438.14600413888746 1.1795705136437338e-18
438.20809308870076 1.0561408973852555e-18
438.2701820385141 9.920774133042486e-19
438.3322709883274 1.1426571652182487e-18
438.3943599381407 1.0901496010897607e-18
438.456448887954 1.1456594172515099e-18
438.5185378377674 1.073127051264032e-18
438.5806267875807 1.184149888912404e-18
438.64271573739404 1.1730491250919423e-18
438.70480468720734 1.051926618959451e-18
438.76689363702064 1.0503294365941877e-18
438.828982586834 1.047770760164408e-18
438.8910715366473 1.0996148220440519e-18
438.95316048646066 1.2016958372707256e-18
439.01524943627396 1.1672588608040711e-18
439.07733838608726 1.0565920210118266e-18
439.13942733590056 1.1343412083275234e-18
439.2015162857139 1.2515397764292162e-18
439.2636052355272 1.220715511287887e-18
439.3256941853406 1.1230937233459101e-18
439.3877831351539 1.1119862386829715e-18
439.4498720849672 1.1763845241169092e-18
439.51196103478054 1.2082271519898677e-18
439.57404998459384 1.0651079488156366e-18
439.6361389344072 1.126822239956993e-18
439.6982278842205 1.1904804055378488e-18
439.7603168340338 1.1212515921217545e-18
439.8224057838471 9.92731506373625e-19
439.88449473366046 1.1418525252773877e-18
439.94658368347376 1.1759688658591013e-18
440.0086726332871 1.1051939484805689e-18
440.0707615831004 1.0711267217477256e-18
440.1328505329137 1.1490117734790342e-18
440.1949394827271 1.1523885315346287e-18
440.2570284325404 1.018651210867974e-18
440.31911738235374 1.0864939797701592e-18
440.38120633216704 1.1565360151259696e-18
440.44329528198034 1.1502730171180244e-18
440.50538423179364 1.2523755390406245e-18
440.567473181607 1.1590355481419517e-18
440.6295621314203 1.1348600573667472e-18
440.69165108123366 1.230742077685372e-18
440.75374003104696 1.1818478452676688e-18
440.81582898086026 1.1572499753921795e-18
440.8779179306736 1.1021698795586516e-18
440.9400068804869 1.2050111771658381e-18
441.0020958303003 1.1574763126872893e-18
441.0641847801136 1.0443818011947783e-18
441.1262737299269 1.2861248182255177e-18
441.1883626797402 1.0147739051442083e-18
441.25045162955354 1.0241526857244877e-18
441.31254057936684 1.1438883201624573e-18
441.3746295291802 1.1743309448486698e-18
441.4367184789935 1.243383155203984e-18
441.4988074288068 1.2724440780745032e-18
441.56089637862016 1.1809980205858472e-18
441.62298532843346 1.2317822573056575e-18
441.68507427824676 1.1876550667580974e-18
441.7471632280601 1.1930935724904804e-18
441.8092521778734 1.0622753722055253e-18
441.8713411276867 1.071533384416372e-18
441.9334300775001 1.1306456755433661e-18
441.9955190273134 1.2509486524839705e-18
442.05760797712674 1.1335309849175277e-18
442.11969692694004 1.0872586048488879e-18
442.18178587675334 1.116887594005078e-18
442.24387482656664 1.2564278968615218e-18
442.30596377638 1.1910926225887146e-18
442.3680527261933 1.0945620926698483e-18
442.43014167600666 1.1503517026737935e-18
442.49223062581996 1.2390810922356722e-18
442.55431957563326 1.1695558379675543e-18
442.6164085254466 1.2336226307710114e-18
442.6784974752599 1.1908627697760014e-18
442.7405864250733 1.0947473811270601e-18
442.8026753748866 1.1674215051920143e-18
442.8647643246999 1.2846564692406595e-18
442.9268532745132 1.2033535072182819e-18
442.98894222432654 1.1608393188652002e-18
443.05103117413984 1.241286976134198e-18
443.1131201239532 1.2874494445789448e-18
443.1752090737665 1.215603638499886e-18
443.2372980235798 1.204672860295304e-18
443.29938697339315 1.1416862619742645e-18
443.36147592320646 1.1988342059415984e-18
443.4235648730198 1.3052646402266525e-18
443.4856538228331 1.3056598257642998e-18
443.5477427726464 1.276429124073054e-18
443.6098317224597 1.0842439451064384e-18
443.6719206722731 1.147230750222631e-18
443.7340096220864 1.1348237648173715e-18
443.79609857189973 1.152598221819911e-18
443.85818752171303 1.178197600622049e-18
443.92027647152634 1.138084407394479e-18
443.9823654213397 1.2237052522143834e-18
444.044454371153 1.2491874815622686e-18
444.10654332096635 1.1429609472982088e-18
444.16863227077965 1.168176307500969e-18
444.23072122059295 1.2213125288949972e-18
444.29281017040626 1.1470758606529304e-18
444.3548991202196 1.2309076172054592e-18
444.4169880700329 1.1977230955837866e-18
444.4790770198463 1.1665283569256102e-18
444.5411659696596 1.1110377727131029e-18
444.6032549194729 1.2509417248463404e-18
444.66534386928623 1.2741115707918336e-18
444.72743281909953 1.2877036992197283e-18
444.78952176891283 1.2298454139013646e-18
444.8516107187262 1.1428085392703459e-18
444.9136996685395 1.1905217645684765e-18
444.9757886183528 1.1845189148631791e-18
445.03787756816615 1.2149335188061414e-18
445.09996651797945 1.179442817636671e-18
445.1620554677928 1.12082528391356e-18
445.2241444176061 1.2131996448446537e-18
445.2862333674194 1.120348931278306e-18
445.3483223172327 1.1654068034125649e-18
445.4104112670461 1.1587821206817808e-18
445.4725002168594 1.0890966001699807e-18
445.53458916667273 1.293778720433471e-18
445.59667811648603 1.217801767580169e-18
445.65876706629933 1.1913387088209491e-18
445.7208560161127 1.1183300935957938e-18
445.782944965926 1.1930559357726092e-18
445.84503391573935 1.2569918272441298e-18
445.90712286555265 1.2287865193197201e-18
445.96921181536595 1.2247978544059894e-18
446.03130076517925 1.3188728986764921e-18
446.0933897149926 1.274996240456959e-18
446.1554786648059 1.1952772259100438e-18
446.21756761461927 1.3317243902634222e-18
446.27965656443257 1.3837507420705575e-18
446.3417455142459 1.39508022133039e-18
446.40383446405923 1.3383789548938348e-18
446.46592341387253 1.310099510907025e-18
446.5280123636859 1.2693598317630227e-18
446.5901013134992 1.2094863276773266e-18
446.6521902633125 1.242430449933476e-18
446.7142792131258 1.4610753789368613e-18
446.77636816293915 1.2946012481550783e-18
446.83845711275245 1.3268281014225677e-18
446.9005460625658 1.3400053987732672e-18
446.9626350123791 1.2470683482304843e-18
447.0247239621924 1.277178549708027e-18
447.08681291200577 1.234144891930262e-18
447.14890186181907 1.2307833333184231e-18
447.2109908116324 1.2077155407810037e-18
447.27307976144573 1.2886737752830999e-18
447.33516871125903 1.2725990710417803e-18
447.39725766107233 1.2521184926652737e-18
447.4593466108857 1.3069845555153034e-18
447.521435560699 1.2776835434719907e-18
447.58352451051235 1.3048395727893769e-18
447.64561346032565 1.3042366615204023e-18
447.70770241013895 1.1946654224494843e-18
447.7697913599523 1.2292411584638946e-18
447.8318803097656 1.2997540663834008e-18
447.89396925957897 1.213157355235837e-18
447.95605820939227 1.2238271579571584e-18
448.01814715920557 1.3210105401744823e-18
448.08023610901887 1.3781326347476739e-18
448.1423250588322 1.4837204821812662e-18
448.20441400864553 1.4299805223376508e-18
448.2665029584589 1.3427350947946921e-18
448.3285919082722 1.3876365263956019e-18
448.3906808580855 1.4039052044905651e-18
448.45276980789885 1.3427053162926402e-18
448.51485875771215 1.3274617217717833e-18
448.57694770752545 1.4529894816540024e-18
448.6390366573388 1.9215798540397796e-18
448.7011256071521 2.676954778773457e-18
448.7632145569654 3.0831074905722004e-18
448.82530350677877 3.3423696759889302e-18
448.88739245659207 3.477347353984108e-18
448.9494814064054 3.4628601127358544e-18
449.0115703562187 3.3405875153591847e-18
449.073659306032 3.1411670909721443e-18
449.13574825584533 3.098499667410587e-18
449.1978372056587 3.0754386991132213e-18
449.259926155472 2.817608776927127e-18
449.32201510528535 2.404272208303514e-18
449.38410405509865 1.8647734322678535e-18
449.44619300491195 1.3658072300303275e-18
449.5082819547253 1.3608344269828118e-18
449.5703709045386 1.5152898302593525e-18
449.63245985435196 1.429254567952559e-18
449.69454880416527 1.3635606074866334e-18
449.75663775397857 1.4997112275904116e-18
449.81872670379187 1.4974058752232263e-18
449.8808156536052 1.416923269573348e-18
449.9429046034185 1.4134277077022756e-18
450.0049935532319 1.4443769805136768e-18
450.0670825030452 1.3456167852536738e-18
450.1291714528585 1.429745292850956e-18
450.19126040267184 1.5431225967153836e-18
450.25334935248515 1.512545141589325e-18
450.3154383022985 1.4749275522698275e-18
450.3775272521118 1.4449414278841677e-18
450.4396162019251 1.3779012309713121e-18
450.5017051517384 1.485003439311336e-18
450.56379410155176 1.4808249364470243e-18
450.62588305136507 1.42737004372201e-18
450.6879720011784 1.3773941692558171e-18
450.7500609509917 1.4930890264014652e-18
450.812149900805 1.4584977807505695e-18
450.8742388506184 1.4703635832400662e-18
450.9363278004317 1.5496151373433123e-18
450.99841675024504 1.6919561703562842e-18
451.06050570005834 1.7548175542120984e-18
451.12259464987164 1.847466952696866e-18
451.18468359968494 1.971479731287194e-18
451.2467725494983 2.112461292963435e-18
451.3088614993116 1.9938098855133693e-18
451.37095044912496 1.9963724910510586e-18
451.43303939893826 1.9343492479509138e-18
451.49512834875156 1.883265675246936e-18
451.5572172985649 1.837798658902193e-18
451.6193062483782 1.8812787874155835e-18
451.6813951981915 1.6968211297314382e-18
451.7434841480049 1.5617642491926083e-18
451.8055730978182 1.553264968398626e-18
451.8676620476315 1.4950800501358803e-18
451.92975099744484 1.6561021301027498e-18
451.99183994725814 1.4949798578841848e-18
452.0539288970715 1.3208409681489089e-18
452.1160178468848 1.5471933593049102e-18
452.1781067966981 1.4856689061141348e-18
452.2401957465114 1.5250550075832707e-18
452.30228469632476 1.5103612813746084e-18
452.36437364613806 1.6146651377023653e-18
452.4264625959514 1.6166281406935302e-18
452.4885515457647 1.7119875896601746e-18
452.550640495578 1.6335979577552087e-18
452.6127294453914 1.6102821144315999e-18
452.6748183952047 1.5903450971151171e-18
452.73690734501804 1.7026640233857831e-18
452.79899629483134 1.7611442451272102e-18
452.86108524464464 1.5095619147101525e-18
452.92317419445794 1.6612226882871827e-18
452.9852631442713 1.6409507662201925e-18
453.0473520940846 1.613721634816172e-18
453.10944104389796 1.6062604656909437e-18
453.17152999371126 1.6392985763441944e-18
453.23361894352456 1.6130061235863136e-18
453.2957078933379 1.7067109011351222e-18
453.3577968431512 1.7473493540516634e-18
453.4198857929646 1.734410801705262e-18
453.4819747427779 1.6328044847526172e-18
453.5440636925912 1.6761532983437649e-18
453.6061526424045 1.6273602921535229e-18
453.66824159221784 1.7850282581340663e-18
453.73033054203114 1.8124807283034762e-18
453.7924194918445 1.6626310666776308e-18
453.8545084416578 1.7449164090749918e-18
453.9165973914711 1.7070951265296531e-18
453.97868634128446 1.612208618078236e-18
454.04077529109776 1.6598879289712518e-18
454.1028642409111 1.7521792616483605e-18
454.1649531907244 1.7317693038166505e-18
454.2270421405377 1.7624367148343243e-18
454.289131090351 1.787764778395545e-18
454.3512200401644 1.6827232837565439e-18
454.4133089899777 1.8245753496299203e-18
454.47539793979104 1.5691375303777529e-18
454.53748688960434 1.6687223213108947e-18
454.59957583941764 1.800266165788212e-18
454.661664789231 1.8079626677977116e-18
454.7237537390443 1.8862251206834975e-18
454.78584268885766 1.7225866684391228e-18
454.84793163867096 1.7009828821883457e-18
454.91002058848426 1.5900486562630934e-18
454.97210953829756 1.6562740802725842e-18
455.0341984881109 1.8391728126947967e-18
455.0962874379242 1.9574666713250864e-18
455.1583763877376 1.7801509944473005e-18
455.2204653375509 1.890434849615933e-18
455.2825542873642 1.762786198643128e-18
455.34464323717754 1.7003347861784104e-18
455.40673218699084 1.8011239520834294e-18
455.46882113680414 1.6388557245237488e-18
455.5309100866175 1.7257662473162e-18
455.5929990364308 1.7160531823708727e-18
455.6550879862441 1.8429069127750142e-18
455.71717693605746 1.815147145008041e-18
455.77926588587076 1.8254308611784533e-18
455.8413548356841 1.792096516468332e-18
455.9034437854974 1.7951231703296635e-18
455.9655327353107 1.7219080701440996e-18
456.0276216851241 1.708927124791305e-18
456.0897106349374 1.6373898570807283e-18
456.1517995847507 1.746746132589959e-18
456.21388853456403 1.8848457970120653e-18
456.27597748437734 1.7213532387482297e-18
456.33806643419064 1.713858568808193e-18
456.400155384004 1.810081284141613e-18
456.4622443338173 1.7706198058391583e-18
456.52433328363065 1.7201702670747023e-18
456.58642223344395 1.8331639659300584e-18
456.64851118325726 1.823840192860514e-18
456.71060013307056 1.770686807468775e-18
456.7726890828839 1.716755251915777e-18
456.8347780326972 1.6454179551182852e-18
456.8968669825106 1.6790166874316937e-18
456.9589559323239 1.6819929866732361e-18
457.0210448821372 1.610223281210532e-18
457.08313383195053 1.648673221021411e-18
457.14522278176383 1.7327563370825794e-18
457.2073117315772 1.6867624066876403e-18
457.2694006813905 1.6526560956708539e-18
457.3314896312038 1.7045391384368643e-18
457.3935785810171 1.7127006193481953e-18
457.45566753083045 1.7969626132168283e-18
457.51775648064375 1.6774818538051016e-18
457.5798454304571 1.6829528263765273e-18
457.6419343802704 1.6869000288620538e-18
457.7040233300837 1.558690032446055e-18
457.7661122798971 1.6908814559454247e-18
457.8282012297104 1.647282833809286e-18
457.8902901795237 1.7615290909072005e-18
457.95237912933703 1.6500181132998457e-18
458.01446807915033 1.5887431584613316e-18
458.07655702896363 1.7970244449676166e-18
458.138645978777 1.7598968567634802e-18
458.2007349285903 1.665932551297483e-18
458.26282387840365 1.7071171502134623e-18
458.32491282821695 1.7277017465519976e-18
458.38700177803025 1.743441959633116e-18
458.4490907278436 1.6026971784072183e-18
458.5111796776569 1.6828241997912753e-18
458.5732686274702 1.5993576434791886e-18
458.63535757728357 1.6450538922511853e-18
458.6974465270969 1.6760598269345464e-18
458.7595354769102 1.7224382929167461e-18
458.82162442672353 1.6288260561989668e-18
458.88371337653683 1.7303338352611413e-18
458.9458023263502 1.7260318756904062e-18
459.0078912761635 1.7167837896469102e-18
459.0699802259768 1.7457274596656e-18
459.13206917579015 1.6626039765125697e-18
459.19415812560345 1.7675625462951623e-18
459.25624707541675 1.6767529008902892e-18
459.3183360252301 1.5948620202475395e-18
459.3804249750434 1.5957503088278449e-18
459.4425139248567 1.7740348209980835e-18
459.50460287467007 1.6226526004923304e-18
459.56669182448337 1.760889473498544e-18
459.62878077429673 1.5583426165887827e-18
459.69086972411003 1.7281651744901804e-18
459.75295867392333 1.6493713614584058e-18
459.8150476237367 1.683874408976488e-18
459.87713657355 1.7722417002252216e-18
459.9392255233633 1.6639185733010696e-18
460.00131447317665 1.7095910406304553e-18
460.06340342298995 1.6596350184989637e-18
460.12549237280325 1.6875931028177967e-18
460.1875813226166 1.6920409563690709e-18
460.2496702724299 1.6463449143922274e-18
460.31175922224327 1.6395187097847101e-18
460.37384817205657 1.7542267404595824e-18
460.43593712186987 1.7291538621173344e-18
460.49802607168317 1.6530939844076241e-18
460.56011502149653 1.720578273911844e-18
460.62220397130983 1.6677724077749542e-18
460.6842929211232 1.6360856000498853e-18
460.7463818709365 1.7577286095828256e-18
460.8084708207498 1.752097577562871e-18
460.87055977056315 1.6786426983972432e-18
460.93264872037645 1.6625677873607705e-18
460.99473767018975 1.7174516345939702e-18
461.0568266200031 1.7024346875609528e-18
461.1189155698164 1.6613026146138707e-18
461.1810045196297 1.6088863505454932e-18
461.24309346944307 1.5551901278767666e-18
461.30518241925637 1.665630940566631e-18
461.3672713690697 1.6795504257219436e-18
461.429360318883 1.7286554857982712e-18
461.49144926869633 1.5608391510750443e-18
461.5535382185097 1.6129240259105177e-18
461.615627168323 1.6916744119601333e-18
461.6777161181363 1.7004669282812657e-18
461.73980506794965 1.6932323032463004e-18
461.80189401776295 1.678717144652373e-18
461.86398296757625 1.7706615784600922e-18
461.9260719173896 1.8013278521044237e-18
461.9881608672029 1.776367677120636e-18
462.05024981701627 1.6424239748911495e-18
462.11233876682957 1.6009489321825875e-18
462.17442771664287 1.7329677851266633e-18
462.2365166664562 1.866871162301288e-18
462.2986056162695 1.8265368016574367e-18
462.3606945660828 1.658743938184091e-18
462.4227835158962 1.654187827370149e-18
462.4848724657095 1.759700814958305e-18
462.5469614155228 1.6578208046204818e-18
462.60905036533615 1.5281471121105705e-18
462.67113931514945 1.5625888448657471e-18
462.7332282649628 1.7476461050964168e-18
462.7953172147761 1.886996466604703e-18
462.8574061645894 1.7395670320536113e-18
462.91949511440276 1.5292629787569045e-18
462.98158406421607 1.600186892043273e-18
463.04367301402937 1.6293938122919079e-18
463.1057619638427 1.4736671358114498e-18
463.167850913656 1.5734606864516847e-18
463.2299398634693 1.6224947123929094e-18
463.2920288132827 1.5974068414020589e-18
463.354117763096 1.6201081929281173e-18
463.41620671290934 1.5527376407581234e-18
463.47829566272264 1.6763244213329868e-18
463.54038461253595 1.6163274605408671e-18
463.60247356234925 1.49730661354972e-18
463.6645625121626 1.616147031769754e-18
463.7266514619759 1.5424298329523704e-18
463.78874041178926 1.485018535357515e-18
463.85082936160256 1.5132358374008067e-18
463.91291831141586 1.5140248643076057e-18
463.9750072612292 1.7042602751728573e-18
464.0370962110425 1.7497872621120103e-18
464.0991851608558 1.5920900346172977e-18
464.1612741106692 1.726404830749091e-18
464.2233630604825 1.7056113713058861e-18
464.2854520102958 1.5411304356076262e-18
464.34754096010914 1.6132194327867757e-18
464.40962990992244 1.4951157222997967e-18
464.4717188597358 1.3639060587899509e-18
464.5338078095491 1.3635027048437547e-18
464.5958967593624 1.532092143246989e-18
464.65798570917576 1.6098151709758137e-18
464.72007465898906 1.6409882995404871e-18
464.78216360880236 1.5012484393612648e-18
464.8442525586157 1.5764408114035601e-18
464.906341508429 1.6111750559028509e-18
464.9684304582423 1.5573307679044773e-18
465.0305194080557 1.492964535719276e-18
465.092608357869 1.5278593566549786e-18
465.15469730768234 1.5665760622134059e-18
465.21678625749564 1.4366834770338977e-18
465.27887520730894 1.5059441369035752e-18
465.3409641571223 1.4914625825220328e-18
465.4030531069356 1.6219048292185825e-18
465.4651420567489 1.5319691001308717e-18
465.52723100656226 1.5738136857780917e-18
465.58931995637556 1.6298368709075066e-18
465.65140890618886 1.4427131067115264e-18
465.7134978560022 1.7070101337217133e-18
465.7755868058155 1.5322995587855867e-18
465.8376757556289 1.5821453591004555e-18
465.8997647054422 1.5035020929401655e-18
465.9618536552555 1.5887628040008798e-18
466.02394260506884 1.5755651373275962e-18
466.08603155488214 1.6680809461434364e-18
466.14812050469544 1.271262967557354e-18
466.2102094545088 1.4276279172779734e-18
466.2722984043221 1.4813761489277143e-18
466.3343873541354 1.3877963790489777e-18
466.39647630394876 1.6292775934158442e-18
466.45856525376206 1.4477608730020547e-18
466.5206542035754 1.6168444484237128e-18
466.5827431533887 1.5365487855922716e-18
466.644832103202 1.3990070544933324e-18
466.7069210530154 1.3766504304875554e-18
466.7690100028287 1.5665674802145506e-18
466.831098952642 1.4947860908256943e-18
466.89318790245534 1.2087859124936473e-18
466.95527685226864 1.3766252014788725e-18
467.01736580208194 1.4510221359646215e-18
467.0794547518953 1.597538569914608e-18
467.1415437017086 1.6082350492106843e-18
467.20363265152196 1.484997649047048e-18
467.26572160133526 1.5352553853069683e-18
467.32781055114856 1.523986083436699e-18
467.38989950096186 1.5759563937573338e-18
467.4519884507752 1.6017840744085364e-18
467.5140774005885 1.702121703096678e-18
467.5761663504019 1.5163668194168965e-18
467.6382553002152 1.541549712780614e-18
467.7003442500285 1.5950471019095982e-18
467.76243319984184 1.556069524265487e-18
467.82452214965514 1.6316810700831936e-18
467.88661109946844 1.4702833467206485e-18
467.9487000492818 1.5960716684958217e-18
468.0107889990951 1.5290596991213696e-18
468.0728779489084 1.4879102553814238e-18
468.13496689872176 1.5356630819513804e-18
468.19705584853506 1.5907586874213936e-18
468.2591447983484 1.547140109552977e-18
468.3212337481617 1.5229235699398747e-18
468.383322697975 1.47768806076907e-18
468.4454116477884 1.4352334294200922e-18
468.5075005976017 1.5329426917118466e-18
468.569589547415 1.5718160445987762e-18
468.63167849722834 1.5963976810547442e-18
468.69376744704164 1.642447135948301e-18
468.75585639685494 1.6236045819798024e-18
468.8179453466683 1.5731775838870384e-18
468.8800342964816 1.551660961793309e-18
468.94212324629495 1.5688690068714029e-18
469.00421219610826 1.5131927206113774e-18
469.06630114592156 1.551899500002454e-18
469.1283900957349 1.5649663687413777e-18
469.1904790455482 1.4924007087342445e-18
469.2525679953615 1.4138521547540918e-18
469.3146569451749 1.536480026203853e-18
469.3767458949882 1.605178823642454e-18
469.4388348448015 1.516553141849874e-18
469.50092379461483 1.5648234732905591e-18
469.56301274442814 1.4947148498954382e-18
469.6251016942415 1.5495788447939366e-18
469.6871906440548 1.6204093900686632e-18
469.7492795938681 1.670890878684279e-18
469.81136854368145 1.5816624924178777e-18
469.87345749349475 1.5328498406880876e-18
469.93554644330806 1.5775132510677351e-18
469.9976353931214 1.5592892214022731e-18
470.0597243429347 1.5979530907990736e-18
470.121813292748 1.5522950991304076e-18
470.1839022425614 1.529352831250943e-18
470.2459911923747 1.6307483205449635e-18
470.30808014218803 1.5845532818635974e-18
470.37016909200133 1.5245902354765924e-18
470.43225804181463 1.569407708245328e-18
470.49434699162794 1.5942403940172059e-18
470.5564359414413 1.6234169153783294e-18
470.6185248912546 1.6354011080929977e-18
470.68061384106795 1.5363230686826211e-18
470.74270279088125 1.5200123077739943e-18
470.80479174069455 1.5585466200073536e-18
470.8668806905079 1.6097782580409785e-18
470.9289696403212 1.4597096003479597e-18
470.9910585901345 1.4939527063585471e-18
471.0531475399479 1.532050370626055e-18
471.1152364897612 1.4091439461050166e-18
471.1773254395745 1.4807912288370628e-18
471.23941438938783 1.5579772095531874e-18
471.30150333920113 1.6527445005988205e-18
471.3635922890145 1.6412429677715769e-18
471.4256812388278 1.4975029655476247e-18
471.4877701886411 1.5455303126833723e-18
471.54985913845445 1.5543407167852512e-18
471.61194808826775 1.508719017665961e-18
471.67403703808105 1.5541987519126218e-18
471.7361259878944 1.6221117277692973e-18
471.7982149377077 1.66725025001328e-18
471.860303887521 1.6111070202974684e-18
471.92239283733437 1.6427748028684485e-18
471.9844817871477 1.6613115068054556e-18
472.04657073696103 1.632146048985025e-18
472.10865968677433 1.6072769672661948e-18
472.17074863658763 1.5312883304867406e-18
472.232837586401 1.5848830167352763e-18
472.2949265362143 1.5627093030424502e-18
472.3570154860276 1.6268764948927559e-18
472.41910443584095 1.6404501151544448e-18
472.48119338565425 1.524855967248375e-18
472.54328233546755 1.6218801171977825e-18
472.6053712852809 1.5116213876402564e-18
472.6674602350942 1.5908050095356966e-18
472.72954918490757 1.6061193279989268e-18
472.79163813472087 1.5753849153516362e-18
472.85372708453417 1.5508235448206757e-18
472.91581603434753 1.6056928129955791e-18
472.97790498416083 1.6534476041194905e-18
473.03999393397413 1.5915495754845709e-18
473.1020828837875 1.5132132967291147e-18
473.1641718336008 1.5432404699526724e-18
473.2262607834141 1.5382125559968454e-18
473.28834973322745 1.4899527711089704e-18
473.35043868304075 1.5465789709049364e-18
473.4125276328541 1.6269868201069552e-18
473.4746165826674 1.5671291358504741e-18
473.5367055324807 1.3752755529119157e-18
473.59879448229407 1.5160291229318217e-18
473.66088343210737 1.5411441874853099e-18
473.72297238192067 1.4502432420203263e-18
473.785061331734 1.5631277530348254e-18
473.84715028154733 1.5798650289468e-18
473.90923923136063 1.5162192710751324e-18
473.971328181174 1.5382181394659801e-18
474.0334171309873 1.5844797661866567e-18
474.09550608080065 1.6535371464207994e-18
474.15759503061395 1.4423129580902039e-18
474.21968398042725 1.4386716056361689e-18
474.28177293024055 1.5622177509634405e-18
474.3438618800539 1.6352561446906478e-18
474.4059508298672 1.4817507583476243e-18
474.46803977968057 1.574642727547023e-18
474.53012872949387 1.6028930134172403e-18
474.59221767930717 1.6141501143734744e-18
474.6543066291205 1.5661653670392733e-18
474.7163955789338 1.4709670114969236e-18
474.77848452874713 1.6739975622698751e-18
474.8405734785605 1.642836117631354e-18
474.9026624283738 1.575747323857511e-18
474.9647513781871 1.6303180832288593e-18
475.02684032800045 1.625618042988333e-18
475.08892927781375 1.6279128488027083e-18
475.1510182276271 1.574063184130353e-18
475.2131071774404 1.6318127985957427e-18
475.2751961272537 1.5400979074080069e-18
475.33728507706707 1.6241821608425175e-18
475.39937402688037 1.4780238960977666e-18
475.46146297669367 1.469057465052845e-18
475.523551926507 1.5857077158059917e-18
475.5856408763203 1.4397444588906501e-18
475.6477298261336 1.6561100917161456e-18
475.709818775947 1.5012519548788682e-18
475.7719077257603 1.4643046920482684e-18
475.83399667557364 1.52434890553288e-18
475.89608562538695 1.5888221542098304e-18
475.95817457520025 1.6566790885800055e-18
476.0202635250136 1.4948810098009848e-18
476.0823524748269 1.500652559127497e-18
476.1444414246402 1.5617661103489866e-18
476.20653037445356 1.5028075714183507e-18
476.26861932426687 1.4852251237155001e-18
476.33070827408017 1.5795687948899294e-18
476.3927972238935 1.3226796872530377e-18
476.4548861737068 1.4373521491615702e-18
476.5169751235202 1.4755651017269527e-18
476.5790640733335 1.529423658590893e-18
476.6411530231468 1.5236856100791891e-18
476.70324197296014 1.5720443464478408e-18
476.76533092277344 1.4518545898535796e-18
476.82741987258674 1.483536951482856e-18
476.8895088224001 1.5361085187112402e-18
476.9515977722134 1.597581996896767e-18
477.0136867220267 1.413414886402781e-18
477.07577567184006 1.544386218498635e-18
477.13786462165336 1.5090799786057637e-18
477.1999535714667 1.6081266885504399e-18
477.26204252128 1.4859448742459978e-18
477.3241314710933 1.4761042166911842e-18
477.3862204209066 1.5507891134276782e-18
477.44830937072 1.5428623450151591e-18
477.5103983205333 1.4261500557160708e-18
477.57248727034664 1.3897596922328724e-18
477.63457622015994 1.4805043005620834e-18
477.69666516997324 1.596550812865643e-18
477.7587541197866 1.3470728299269202e-18
477.8208430695999 1.2547894588632074e-18
477.8829320194132 1.452135727864271e-18
477.94502096922656 1.371398453983303e-18
478.00710991903986 1.553886491231383e-18
478.06919886885316 1.4463334694575179e-18
478.1312878186665 1.379464188738731e-18
478.1933767684798 1.3948584335286492e-18
478.2554657182932 1.5048688021072563e-18
478.3175546681065 1.5038413403888889e-18
478.3796436179198 1.4092267675638484e-18
478.44173256773314 1.4564901100063268e-18
478.50382151754644 1.322455004319153e-18
478.56591046735974 1.4133446794482906e-18
478.6279994171731 1.4150793805903908e-18
478.6900883669864 1.369388198299646e-18
478.7521773167997 1.5794326202815879e-18
478.81426626661306 1.4161616430243399e-18
478.87635521642636 1.3685688759029123e-18
478.9384441662397 1.4366284695231629e-18
479.000533116053 1.407609939659037e-18
479.0626220658663 1.357597876041045e-18
479.1247110156797 1.4254317527516451e-18
479.186799965493 1.5112524650870577e-18
479.2488889153063 1.3874210458460318e-18
479.31097786511964 1.2710081959286877e-18
479.37306681493294 1.37197779060482e-18
479.43515576474624 1.3901637699621045e-18
479.4972447145596 1.3706138731722965e-18
479.5593336643729 1.3334991062676547e-18
479.62142261418626 1.4073118444457882e-18
479.68351156399956 1.4513353272240494e-18
479.74560051381286 1.3936086670206582e-18
479.8076894636262 1.365031024423023e-18
479.8697784134395 1.3958233397131923e-18
479.9318673632528 1.4071137346890817e-18
479.9939563130662 1.3843130180919404e-18
480.0560452628795 1.3444874769223857e-18
480.1181342126928 1.331365187082421e-18
480.18022316250614 1.3781727530073827e-18
480.24231211231944 1.3500966920536844e-18
480.3044010621328 1.5673777036245463e-18
480.3664900119461 1.4990660267126202e-18
480.4285789617594 1.3859079257105192e-18
480.49066791157276 1.3200201981861032e-18
480.55275686138606 1.3549315627340568e-18
480.61484581119936 1.4026079784949288e-18
480.6769347610127 1.3584135795225988e-18
480.739023710826 1.3963834443854673e-18
480.8011126606393 1.3971973901082195e-18
480.8632016104527 1.3237014621046938e-18
480.925290560266 1.3941959652555708e-18
480.98737951007934 1.40667739691596e-18
481.04946845989264 1.4308008787101502e-18
481.11155740970594 1.2019602248740129e-18
481.17364635951924 1.304183928756352e-18
481.2357353093326 1.4294750115858043e-18
481.2978242591459 1.3346726687617144e-18
481.35991320895926 1.4449594190624907e-18
481.42200215877256 1.354931045746174e-18
481.48409110858586 1.3026873522330904e-18
481.5461800583992 1.3455582622253356e-18
481.6082690082125 1.4649264216761785e-18
481.6703579580258 1.4734367660108538e-18
481.7324469078392 1.443304954439808e-18
481.7945358576525 1.4071125973157395e-18
481.8566248074658 1.4354337105259066e-18
481.91871375727914 1.3574022478261762e-18
481.98080270709244 1.3927099352851193e-18
482.0428916569058 1.4677422478788856e-18
482.1049806067191 1.4313817662953156e-18
482.1670695565324 1.3679142658456532e-18
482.22915850634575 1.2930576257344778e-18
482.29124745615906 1.4104927674913609e-18
482.35333640597236 1.4209103835234303e-18
482.4154253557857 1.4833388417261495e-18
482.477514305599 1.426485994442344e-18
482.5396032554123 1.2575943249227981e-18
482.6016922052257 1.3723092832353005e-18
482.663781155039 1.4605201339506851e-18
482.72587010485233 1.4520792727874643e-18
482.78795905466563 1.3984639070236147e-18
482.85004800447894 1.324802439500002e-18
482.9121369542923 1.3499074744885629e-18
482.9742259041056 1.4183543954306414e-18
483.0363148539189 1.4891007750780408e-18
483.09840380373225 1.3838759565357827e-18
483.16049275354555 1.3239419648677936e-18
483.22258170335886 1.4141140608155414e-18
483.2846706531722 1.3038321702008638e-18
483.3467596029855 1.3252483932477446e-18
483.4088485527989 1.458703335132789e-18
483.4709375026122 1.4537518319860465e-18
483.5330264524255 1.4483576838140117e-18
483.59511540223883 1.3986624303706275e-18
483.65720435205213 1.4457004694937616e-18
483.71929330186543 1.4216791445052217e-18
483.7813822516788 1.4425223381827563e-18
483.8434712014921 1.5035507931987296e-18
483.9055601513054 1.4339550217833915e-18
483.96764910111875 1.407198624099445e-18
484.02973805093205 1.3838477289973793e-18
484.0918270007454 1.2987839903200293e-18
484.1539159505587 1.4487689993736037e-18
484.216004900372 1.449348232597544e-18
484.2780938501853 1.4471842247175286e-18
484.3401827999987 1.4609119073683055e-18
484.402271749812 1.4764372602853133e-18
484.46436069962533 1.4411535610641342e-18
484.52644964943863 1.3039124067202815e-18
484.58853859925193 1.3966879502484634e-18
484.6506275490653 1.4428017184346461e-18
484.7127164988786 1.411856478128731e-18
484.7748054486919 1.381519112175466e-18
484.83689439850525 1.4057715307476379e-18
484.89898334831855 1.4031514361573762e-18
484.96107229813185 1.3684732331445859e-18
485.0231612479452 1.4392684164481259e-18
485.0852501977585 1.481779606271487e-18
485.14733914757187 1.3389804185967374e-18
485.20942809738517 1.3677417986879359e-18
485.2715170471985 1.438536465003593e-18
485.33360599701183 1.432542404092304e-18
485.39569494682513 1.3713242145233265e-18
485.45778389663843 1.3798144997281473e-18
485.5198728464518 1.3818313728567047e-18
485.5819617962651 1.4999655856287716e-18
485.6440507460784 1.5797104495698291e-18
485.70613969589175 1.5321672098875782e-18
485.76822864570505 1.5039331574368822e-18
485.8303175955184 1.5190886572225022e-18
485.8924065453317 1.4624281294311152e-18
485.954495495145 1.4778936151512895e-18
486.01658444495837 1.5219353993006035e-18
486.07867339477167 1.522117896023248e-18
486.14076234458497 1.5192950387853342e-18
486.20285129439833 1.4726491866701267e-18
486.26494024421163 1.4908893463575335e-18
486.32702919402493 1.4623698131979303e-18
486.3891181438383 1.409435630668518e-18
486.4512070936516 1.5068664432865718e-18
486.51329604346495 1.5316020387340513e-18
486.57538499327825 1.4312518989391448e-18
486.63747394309155 1.4421904319619694e-18
486.6995628929049 1.4707167893616263e-18
486.7616518427182 1.6137295964295678e-18
486.8237407925315 1.4937018638377904e-18
486.88582974234487 1.4275244163038277e-18
486.94791869215817 1.4649879432342372e-18
487.01000764197147 1.4966106444618331e-18
487.0720965917848 1.496252165063868e-18
487.13418554159813 1.4684446276165197e-18
487.1962744914115 1.525030192164894e-18
487.2583634412248 1.5362119162878093e-18
487.3204523910381 1.5947994647137152e-18
487.38254134085145 1.6086237207010077e-18
487.44463029066475 1.4691101978168952e-18
487.50671924047805 1.5945749885749836e-18
487.5688081902914 1.4953454717149333e-18
487.6308971401047 1.4687893551368012e-18
487.692986089918 1.5125275640013082e-18
487.75507503973137 1.5348866695489228e-18
487.81716398954467 1.5076605366746228e-18
487.879252939358 1.4552168722484545e-18
487.9413418891713 1.4020028958768463e-18
488.0034308389846 1.437852800227318e-18
488.065519788798 1.5388601350188979e-18
488.1276087386113 1.5517432662642581e-18
488.1896976884246 1.551733443494484e-18
488.25178663823795 1.6045749817952903e-18
488.31387558805125 1.5205124418518591e-18
488.37596453786455 1.555535579180084e-18
488.4380534876779 1.4646173663198134e-18
488.5001424374912 1.3552374127655483e-18
488.5622313873045 1.5261551577979662e-18
488.62432033711787 1.431457039731058e-18
488.68640928693117 1.5058052739582429e-18
488.74849823674447 1.4593229968091678e-18
488.8105871865578 1.4589654479893917e-18
488.8726761363711 1.5009658537845014e-18
488.9347650861845 1.491041857782973e-18
488.9968540359978 1.5365093911155987e-18
489.0589429858111 1.5621819754019476e-18
489.12103193562444 1.477707292718312e-18
489.18312088543775 1.5412562704583108e-18
489.24520983525105 1.489555724414945e-18
489.3072987850644 1.3492044743654694e-18
489.3693877348777 1.4442182652336432e-18
489.431476684691 1.5566405890808783e-18
489.49356563450436 1.5278640095459242e-18
489.55565458431767 1.4506360494137124e-18
489.617743534131 1.4547544782860374e-18
489.6798324839443 1.415408081486304e-18
489.7419214337576 1.4488916288994147e-18
489.804010383571 1.4471595126967286e-18
489.8660993333843 1.5765106047677443e-18
489.9281882831976 1.6123429315301992e-18
489.99027723301094 1.5725437567426697e-18
490.05236618282424 1.4852050645856457e-18
490.11445513263754 1.5630627159591635e-18
490.1765440824509 1.6515012481381533e-18
490.2386330322642 1.5594084388080573e-18
490.30072198207756 1.4662639727266768e-18
490.36281093189086 1.5292483996986082e-18
490.42489988170416 1.4555867253798423e-18
490.4869888315175 1.6404746203800917e-18
490.5490777813308 1.559164213732201e-18
490.6111667311441 1.3999421821758236e-18
490.6732556809575 1.5120274299234433e-18
490.7353446307708 1.4840791683743845e-18
490.7974335805841 1.5096242634488236e-18
490.85952253039744 1.602157546455104e-18
490.92161148021074 1.4117265073749837e-18
490.9837004300241 1.341107616939494e-18
491.0457893798374 1.3146641003222457e-18
491.1078783296507 1.3526491646288699e-18
491.16996727946406 1.6046488076649606e-18
491.23205622927736 1.4184613085248139e-18
491.29414517909066 1.4819988091338136e-18
491.356234128904 1.4580794341557708e-18
491.4183230787173 1.5151079539221674e-18
491.4804120285306 1.571435955107308e-18
491.542500978344 1.4124515311818864e-18
491.6045899281573 1.4357601366751353e-18
491.6666788779706 1.4743447001307073e-18
491.72876782778394 1.4138411946109755e-18
491.79085677759724 1.582069155086524e-18
491.85294572741054 1.434156233467395e-18
491.9150346772239 1.3586870661126241e-18
491.9771236270372 1.473752749004849e-18
492.03921257685056 1.4325200702157651e-18
492.10130152666386 1.3725729470555518e-18
492.16339047647716 1.3944554931727593e-18
492.2254794262905 1.4088628080943251e-18
492.2875683761038 1.4902963612559096e-18
492.3496573259171 1.538730991445763e-18
492.4117462757305 1.4777278688360492e-18
492.4738352255438 1.4410155252994144e-18
492.5359241753571 1.406382713822738e-18
492.59801312517044 1.4305541720924563e-18
492.66010207498374 1.4517206899919226e-18
492.7221910247971 1.4491884833417446e-18
492.7842799746104 1.550699157536063e-18
492.8463689244237 1.3542292863939993e-18
492.90845787423706 1.3913958554845022e-18
492.97054682405036 1.5245561142763246e-18
493.03263577386366 1.4265567183847172e-18
493.094724723677 1.3354479437908297e-18
493.1568136734903 1.3323239928099466e-18
493.2189026233036 1.4640539529250882e-18
493.280991573117 1.406649582967863e-18
493.3430805229303 1.38607667055548e-18
493.40516947274364 1.3819264986271483e-18
493.46725842255694 1.4279293212136724e-18
493.52934737237024 1.370922618335932e-18
493.5914363221836 1.4966803344284407e-18
493.6535252719969 1.4353235921068605e-18
493.7156142218102 1.4208892904178102e-18
493.77770317162356 1.4172828863446555e-18
493.83979212143686 1.368209465926758e-18
493.90188107125016 1.3530686485970108e-18
493.9639700210635 1.2748701988111212e-18
494.0260589708768 1.3636458070897264e-18
494.0881479206902 1.5273266523404944e-18
494.1502368705035 1.467101906687193e-18
494.2123258203168 1.5909746849588465e-18
494.27441477013014 1.493595881321807e-18
494.33650371994344 1.3143561823392229e-18
494.39859266975674 1.4811284083342547e-18
494.4606816195701 1.4940349074319196e-18
494.5227705693834 1.508976477631618e-18
494.5848595191967 1.333960983242189e-18
494.64694846901006 1.3577755130775907e-18
494.70903741882336 1.353495783985818e-18
494.77112636863666 1.3333758563563843e-18
494.83321531845 1.4368937877046393e-18
494.8953042682633 1.4284678157924444e-18
494.9573932180767 1.3816464979897991e-18
495.01948216789 1.4139260840213388e-18
495.0815711177033 1.4098114808593469e-18
495.14366006751663 1.3800364943250412e-18
495.20574901732994 1.4367886323692685e-18
495.26783796714324 1.3202079681851527e-18
495.3299269169566 1.3382186886501526e-18
495.3920158667699 1.3386561637966166e-18
495.4541048165832 1.3927850019257085e-18
495.51619376639655 1.484820322203232e-18
495.57828271620986 1.3744198345682296e-18
495.64037166602316 1.3166465420578056e-18
495.7024606158365 1.4112187218764527e-18
495.7645495656498 1.3282814577588234e-18
495.8266385154632 1.3113033688910194e-18
495.8887274652765 1.4755085432525694e-18
495.9508164150898 1.4331902933070862e-18
496.01290536490313 1.4132075742617599e-18
496.07499431471643 1.3729903630721614e-18
496.13708326452974 1.2817912189963524e-18
496.1991722143431 1.3913090015201842e-18
496.2612611641564 1.361632759671502e-18
496.3233501139697 1.3954408720774631e-18
496.38543906378305 1.4289867682292449e-18
496.44752801359635 1.391296076823113e-18
496.5096169634097 1.4414275646420424e-18
496.571705913223 1.4115440106523392e-18
496.6337948630363 1.239056897202755e-18
496.6958838128497 1.4012037360075435e-18
496.757972762663 1.4100564297182391e-18
496.8200617124763 1.3308807694361947e-18
496.88215066228963 1.3524775246517651e-18
496.94423961210293 1.3745940594847486e-18
497.00632856191623 1.4108993267624307e-18
497.0684175117296 1.44167747658461e-18
497.1305064615429 1.4223108003004825e-18
497.19259541135625 1.2846317572198595e-18
497.25468436116955 1.471759553921326e-18
497.31677331098285 1.4588712527971372e-18
497.3788622607962 1.4585214587956039e-18
497.4409512106095 1.5581637387813182e-18
497.5030401604228 1.3395874657687747e-18
497.56512911023617 1.366359993474666e-18
497.6272180600495 1.4447907776151065e-18
497.6893070098628 1.4951178936489046e-18
497.75139595967613 1.4834063603436492e-18
497.81348490948943 1.390792840817951e-18
497.87557385930273 1.423126607179613e-18
497.9376628091161 1.476544586969792e-18
497.9997517589294 1.4441392694851444e-18
498.06184070874275 1.2600037986495885e-18
498.12392965855605 1.3918840988410617e-18
498.18601860836935 1.4260359047915385e-18
498.2481075581827 1.4040432402552849e-18
498.310196507996 1.4687827376919007e-18
498.3722854578093 1.4192510592146489e-18
498.43437440762267 1.3304756577311969e-18
498.49646335743597 1.3929564351076601e-18
498.5585523072493 1.4535496897238539e-18
498.62064125706263 1.3697063526427493e-18
498.68273020687593 1.3316084815800882e-18
498.74481915668923 1.4427047315078243e-18
498.8069081065026 1.5062463680198868e-18
498.8689970563159 1.4664516393281497e-18
498.93108600612925 1.4718147682272139e-18
498.99317495594255 1.4045311734191146e-18
499.05526390575585 1.3760463818452386e-18
499.1173528555692 1.3683600127982427e-18
499.1794418053825 1.4328288153794006e-18
499.2415307551958 1.4409471795013022e-18
499.30361970500917 1.4195342651768717e-18
499.36570865482247 1.4135631585275811e-18
499.42779760463577 1.4800797501126906e-18
499.48988655444913 1.4305832268114722e-18
499.55197550426243 1.3998882086408545e-18
499.6140644540758 1.3318509488971428e-18
499.6761534038891 1.403807803973437e-18
499.7382423537024 1.4482922331480434e-18
499.80033130351575 1.4193976769782239e-18
499.86242025332905 1.4165145389531703e-18
499.92450920314235 1.4706405853476948e-18
499.9865981529557 1.42377284203317e-18
500.048687102769 1.420661608954205e-18
500.1107760525823 1.4630797409586539e-18
500.17286500239567 1.5146066824709602e-18
500.23495395220897 1.3507098396827393e-18
500.2970429020223 1.4512795959302787e-18
500.3591318518356 1.6039481856861282e-18
500.42122080164893 1.4233392959946156e-18
500.4833097514623 1.4800493512251793e-18
500.5453987012756 1.5226820332010092e-18
500.6074876510889 1.4337047996480942e-18
500.66957660090225 1.4585764663063386e-18
500.73166555071555 1.4952290460437164e-18
500.79375450052885 1.3945368670655192e-18
500.8558434503422 1.3977271992905597e-18
500.9179324001555 1.4224008595896742e-18
500.98002134996887 1.3942340155637482e-18
501.04211029978217 1.4209422299770135e-18
501.10419924959547 1.5560672495188025e-18
501.1662881994088 1.5225595070727747e-18
501.2283771492221 1.4805352164374776e-18
501.2904660990354 1.46938430479238e-18
501.3525550488488 1.4155887170525703e-18
501.4146439986621 1.3739353135244267e-18
501.4767329484754 1.4636876153113038e-18
501.53882189828875 1.5155724158361159e-18
501.60091084810205 1.4037220873824612e-18
501.66299979791535 1.4103071688414193e-18
501.7250887477287 1.5344466094630446e-18
501.787177697542 1.3922751484756461e-18
501.8492666473553 1.4266705591165198e-18
501.91135559716867 1.4804745220600315e-18
501.97344454698197 1.4435076136898836e-18
502.0355334967953 1.4691185730205973e-18
502.0976224466086 1.328957781307162e-18
502.1597113964219 1.410537848834745e-18
502.2218003462353 1.460911080187693e-18
502.2838892960486 1.4494525607523022e-18
502.3459782458619 1.5311198958345095e-18
502.40806719567524 1.7123033658590167e-18
502.47015614548855 2.3751194683850013e-18
502.53224509530185 3.875467314854349e-18
502.5943340451152 5.312129078397167e-18
502.6564229949285 5.720954410755069e-18
502.71851194474186 6.006698990277837e-18
502.78060089455516 6.2353155815655494e-18
502.84268984436846 6.174177421720836e-18
502.9047787941818 5.9756776493555674e-18
502.9668677439951 5.876055738692437e-18
503.0289566938084 5.500521117267344e-18
503.0910456436218 4.897361280518684e-18
503.1531345934351 4.123905221570363e-18
503.2152235432484 2.9301092693422485e-18
503.27731249306174 1.895559233510699e-18
503.33940144287504 1.4892146158098434e-18
503.4014903926884 1.5018798883613725e-18
503.4635793425017 1.474202218270195e-18
503.525668292315 1.5526288665075727e-18
503.58775724212836 1.449407479408918e-18
503.64984619194166 1.4468678281332271e-18
503.71193514175496 1.5650273733115535e-18
503.7740240915683 1.544544106598056e-18
503.8361130413816 1.4580275285723331e-18
503.8982019911949 1.4972869680101718e-18
503.9602909410083 1.5081202423000491e-18
504.0223798908216 1.4443351044951663e-18
504.08446884063494 1.358710847555235e-18
504.14655779044824 1.3838341839148487e-18
504.20864674026154 1.4388960817749004e-18
504.2707356900749 1.3786628575203203e-18
504.3328246398882 1.387671061186176e-18
504.3949135897015 1.4131330246090535e-18
504.45700253951486 1.3509088800176349e-18
504.51909148932816 1.3973478335821276e-18
504.58118043914146 1.4612534295637134e-18
504.6432693889548 1.402446678275481e-18
504.7053583387681 1.4094659261584528e-18
504.7674472885814 1.4727247702985988e-18
504.8295362383948 1.4296323826973425e-18
504.8916251882081 1.4914206031059457e-18
504.95371413802144 1.4378898165597297e-18
505.01580308783474 1.419749952521595e-18
505.07789203764804 1.50695329725089e-18
505.1399809874614 1.4857218456733382e-18
505.2020699372747 1.3289099082292105e-18
505.264158887088 1.435262277343955e-18
505.32624783690136 1.4942229876236988e-18
505.38833678671466 1.353437674547786e-18
505.45042573652796 1.3541426392248344e-18
505.5125146863413 1.4947294289537344e-18
505.5746036361546 1.5353606440399157e-18
505.6366925859679 1.46526753028128e-18
505.6987815357813 1.3868752100393234e-18
505.7608704855946 1.4562738022761442e-18
505.82295943540794 1.463534690295558e-18
505.88504838522124 1.3604326240002642e-18
505.94713733503454 1.4414959104401546e-18
506.0092262848479 1.4091795148713564e-18
506.0713152346612 1.4575726826330055e-18
506.1334041844745 1.5488272478098556e-18
506.19549313428786 1.4252709695200801e-18
506.25758208410116 1.4623306255164106e-18
506.31967103391446 1.4858802507606421e-18
506.3817599837278 1.4084974010587298e-18
506.4438489335411 1.4045321039973037e-18
506.5059378833545 1.4332285504104168e-18
506.5680268331678 1.3948053905718693e-18
506.6301157829811 1.4367595776502525e-18
506.69220473279444 1.4866139599639767e-18
506.75429368260774 1.3941294806138369e-18
506.81638263242104 1.50918647810963e-18
506.8784715822344 1.4586700411131337e-18
506.9405605320477 1.4964812940935452e-18
507.002649481861 1.563744105988754e-18
507.06473843167436 1.467783917102243e-18
507.12682738148766 1.4376564482294132e-18
507.188916331301 1.3995939391379387e-18
507.2510052811143 1.424970289367417e-18
507.3130942309276 1.5015328860944065e-18
507.375183180741 1.4560936836977607e-18
507.4372721305543 1.4399030707731072e-18
507.4993610803676 1.464644353087298e-18
507.56145003018094 1.4702449862197414e-18
507.62353897999424 1.5929943498219713e-18
507.68562792980754 1.5056479028467047e-18
507.7477168796209 1.457358029264048e-18
507.8098058294342 1.5291042634768709e-18
507.87189477924755 1.4555232392678288e-18
507.93398372906086 1.504549923981117e-18
507.99607267887416 1.42171626423521e-18
508.0581616286875 1.5022757976820557e-18
508.1202505785008 1.5426771599555238e-18
508.1823395283141 1.4303991791251792e-18
508.2444284781275 1.5237241773752494e-18
508.3065174279408 1.4671639452331345e-18
508.3686063777541 1.421326558769121e-18
508.43069532756743 1.3874918731859817e-18
508.49278427738074 1.473514004000551e-18
508.55487322719404 1.5857660320391767e-18
508.6169621770074 1.5359783411623397e-18
508.6790511268207 1.4665815066843206e-18
508.74114007663405 1.4800713749089885e-18
508.80322902644735 1.4598579758703364e-18
508.86531797626066 1.55667067777566e-18
508.927406926074 1.5492102324334676e-18
508.9894958758873 1.539113976069375e-18
509.0515848257006 1.5073099154924768e-18
509.113673775514 1.5071667098489286e-18
509.1757627253273 1.5567501905120416e-18
509.2378516751406 1.4837922400994051e-18
509.29994062495393 1.6018705147825482e-18
509.36202957476723 1.5337127968621335e-18
509.42411852458054 1.5398664002340686e-18
509.4862074743939 1.5950973531318108e-18
509.5482964242072 1.5901780066313814e-18
509.61038537402055 1.5520311251174266e-18
509.67247432383385 1.5311576359499572e-18
509.73456327364715 1.519344773019664e-18
509.7966522234605 1.5285459165633976e-18
509.8587411732738 1.5133131787880804e-18
509.9208301230871 1.4898180440667008e-18
509.9829190729005 1.6258986640111417e-18
510.0450080227138 1.5085310408717582e-18
510.1070969725271 1.500362425527644e-18
510.16918592234043 1.4638773498643082e-18
510.23127487215373 1.4984791420680139e-18
510.2933638219671 1.5467139047423591e-18
510.3554527717804 1.5097049135585476e-18
510.4175417215937 1.4870097658870833e-18
510.47963067140705 1.5668535813089174e-18
510.54171962122035 1.4250438050443577e-18
510.60380857103365 1.4059955932960632e-18
510.665897520847 1.4269933663505686e-18
510.7279864706603 1.4442594174691177e-18
510.7900754204736 1.5071095309890859e-18
510.85216437028697 1.5165045449888866e-18
510.9142533201003 1.6399624921833448e-18
510.97634226991363 1.5290585617480273e-18
511.03843121972693 1.4923320527434026e-18
511.10052016954023 1.5438876353844186e-18
511.1626091193536 1.5206302116915714e-18
511.2246980691669 1.5154366548180806e-18
511.2867870189802 1.5126949646777736e-18
511.34887596879355 1.6133382366022536e-18
511.41096491860685 1.573239829228133e-18
511.47305386842015 1.5407027832309363e-18
511.5351428182335 1.5897715507578882e-18
511.5972317680468 1.6666432028412427e-18
511.6593207178601 1.7154727083760136e-18
511.72140966767347 1.6024353757433453e-18
511.78349861748677 1.5798277024216585e-18
511.84558756730013 1.5957719189213478e-18
511.90767651711343 1.5948727735955027e-18
511.96976546692673 1.5037815765896319e-18
512.0318544167401 1.5689136746244807e-18
512.0939433665534 1.4915141779127408e-18
512.1560323163667 1.518621713766716e-18
512.21812126618 1.6301759115610768e-18
512.2802102159934 1.6303476549357581e-18
512.3422991658067 1.7223123546684849e-18
512.40438811562 1.6998457156412384e-18
512.4664770654333 1.8193765194800245e-18
512.5285660152466 2.5572009463620114e-18
512.5906549650599 5.34120737206055e-18
512.6527439148733 9.516241454473428e-18
512.7148328646866 1.2007952650583238e-17
512.7769218144999 1.2988629033504668e-17
512.8390107643132 1.3502926924998288e-17
512.9010997141265 1.3715920969647018e-17
512.96318866394 1.3187783519324773e-17
513.0252776137532 1.2717557810867978e-17
513.0873665635665 1.2214426857643824e-17
513.1494555133798 1.0929657374851975e-17
513.2115444631931 9.501709545472097e-18
513.2736334130065 6.987964739385712e-18
513.3357223628199 3.77767471411588e-18
513.3978113126332 2.051673030517832e-18
513.4599002624465 1.7412232544350956e-18
513.5219892122598 1.7267330146571214e-18
513.5840781620731 1.787354910402025e-18
513.6461671118864 1.7479207290597844e-18
513.7082560616998 1.6158331167272901e-18
513.7703450115131 1.566975590449269e-18
513.8324339613264 1.6392847210689342e-18
513.8945229111397 1.707239159353814e-18
513.956611860953 1.6818803867123523e-18
514.0187008107664 1.6776898897291587e-18
514.0807897605797 1.6488076378709509e-18
514.142878710393 1.6742904876042954e-18
514.2049676602063 1.6127541436922146e-18
514.2670566100196 1.6465563624363113e-18
514.3291455598329 1.7367610286206783e-18
514.3912345096463 1.696822370502357e-18
514.4533234594596 1.5699554052084147e-18
514.5154124092729 1.627452419394246e-18
514.5775013590862 1.7071723645193503e-18
514.6395903088995 1.6830253080777023e-18
514.7016792587129 1.7080085407210648e-18
514.7637682085262 1.745020013446714e-18
514.8258571583395 1.5877902463956705e-18
514.8879461081528 1.6517137301580028e-18
514.9500350579661 1.6801300725361901e-18
515.0121240077794 1.6540468964732852e-18
515.0742129575929 1.6676759378360152e-18
515.1363019074062 1.6108673447149812e-18
515.1983908572195 1.661458021171454e-18
515.2604798070328 1.635436573461761e-18
515.3225687568461 1.6923257132949422e-18
515.3846577066595 1.7144456602479525e-18
515.4467466564728 1.7079683190637794e-18
515.5088356062861 1.6955842879205183e-18
515.5709245560994 1.6780174532517297e-18
515.6330135059127 1.7821802752850463e-18
515.695102455726 1.6780647059442218e-18
515.7571914055394 1.7334629561208528e-18
515.8192803553527 1.8375091456877995e-18
515.881369305166 1.7142360733602468e-18
515.9434582549793 1.7895723748291264e-18
516.0055472047926 1.787219252781566e-18
516.067636154606 1.8168039877749846e-18
516.1297251044193 1.711362137719508e-18
516.1918140542326 1.7236255038909128e-18
516.2539030040459 1.783107337956565e-18
516.3159919538592 1.7504262591352075e-18
516.3780809036725 1.7168505844813738e-18
516.4401698534859 1.8682362171071536e-18
516.5022588032992 1.7560781774656292e-18
516.5643477531125 1.6792996865987634e-18
516.6264367029258 1.7535432824784604e-18
516.6885256527391 1.8446322047376467e-18
516.7506146025526 1.8474274548226165e-18
516.8127035523659 1.767249458433311e-18
516.8747925021792 1.7940639655552893e-18
516.9368814519925 1.895379735317775e-18
516.9989704018058 1.938772389481388e-18
517.0610593516191 1.883470816038849e-18
517.1231483014325 1.8533560650679372e-18
517.1852372512458 1.8453016006483552e-18
517.2473262010591 1.9017661900321437e-18
517.3094151508724 1.940079748439528e-18
517.3715041006857 2.029090586204828e-18
517.433593050499 2.416392265433794e-18
517.4956820003124 5.595287477734788e-18
517.5577709501257 1.5349944305032232e-17
517.619859899939 2.6769394345730943e-17
517.6819488497523 3.400993124053421e-17
517.7440377995656 3.6245979107277354e-17
517.806126749379 3.6687617453764316e-17
517.8682156991923 3.754778602914596e-17
517.9303046490056 3.6169382182554943e-17
517.9923935988189 3.5004308215941355e-17
518.0544825486322 3.2519259132485047e-17
518.1165714984455 2.954535623317725e-17
518.1786604482589 2.5101025644131915e-17
518.2407493980722 1.6781883280867678e-17
518.3028383478855 8.02874571997647e-18
518.3649272976988 2.9753345421529727e-18
518.4270162475121 2.10313090244899e-18
518.4891051973256 2.0808687838281973e-18
518.5511941471389 2.069991151977972e-18
518.6132830969522 2.0211159447143573e-18
518.6753720467655 2.0726799025590754e-18
518.7374609965788 2.099909240758249e-18
518.7995499463921 2.0667837591527975e-18
518.8616388962055 1.8916931981227793e-18
518.9237278460188 2.046517213759789e-18
518.9858167958321 2.0382081845066937e-18
519.0479057456454 2.0214321345035057e-18
519.1099946954587 1.983597720465943e-18
519.1720836452721 1.915587137296986e-18
519.2341725950854 1.8526568906551768e-18
519.2962615448987 1.889860579475668e-18
519.358350494712 1.9286429424952167e-18
519.4204394445253 1.9263454483438507e-18
519.4825283943386 1.9435427400739813e-18
519.544617344152 1.81570983461973e-18
519.6067062939653 1.7740391636962994e-18
519.6687952437786 1.922117314642786e-18
519.7308841935919 2.105658766400952e-18
519.7929731434052 1.9791201918101933e-18
519.8550620932186 1.959026113574902e-18
519.9171510430319 2.0176099396880513e-18
519.9792399928452 1.9514915321703096e-18
520.0413289426585 2.0048754941577975e-18
520.1034178924718 2.0359822414783135e-18
520.1655068422851 1.9647634383035698e-18
520.2275957920986 1.8212744853955275e-18
520.2896847419119 1.8498459241385684e-18
520.3517736917252 1.794378914573519e-18
520.4138626415385 1.8396902141679486e-18
520.4759515913518 1.937093006042752e-18
520.5380405411651 1.926369850171921e-18
520.6001294909785 1.9075562475248618e-18
520.6622184407918 1.861302582417581e-18
520.7243073906051 1.7971857451870645e-18
520.7863963404184 1.742640421619552e-18
520.8484852902317 1.784344386562638e-18
520.9105742400451 1.7328224081340071e-18
520.9726631898584 1.847007660661746e-18
521.0347521396717 1.89945566778613e-18
521.096841089485 1.8432721130154564e-18
521.1589300392983 1.8523601396104234e-18
521.2210189891116 1.960146322919452e-18
521.283107938925 1.877963447520471e-18
521.3451968887383 1.8343156081378853e-18
521.4072858385516 1.8964660302572102e-18
521.4693747883649 1.984668919359199e-18
521.5314637381782 1.9165830627545e-18
521.5935526879916 1.8515590151871658e-18
521.6556416378049 1.8231366757495375e-18
521.7177305876182 1.929176060400007e-18
521.7798195374315 1.8840965781722454e-18
521.8419084872448 2.0127672107918596e-18
521.9039974370581 1.9089376391478254e-18
521.9660863868716 1.871737052254631e-18
522.0281753366849 1.8821969578955174e-18
522.0902642864982 1.9845407063642533e-18
522.1523532363115 1.9353315249283205e-18
522.2144421861248 1.9097081578884185e-18
522.2765311359382 1.9864301936784775e-18
522.3386200857515 2.0043669848762305e-18
522.4007090355648 1.979444239815161e-18
522.4627979853781 1.9474503412876818e-18
522.5248869351914 1.847009521818124e-18
522.5869758850047 1.955434908945503e-18
522.6490648348181 2.004820900237369e-18
522.7111537846314 2.0246298079564826e-18
522.7732427344447 2.002092858577169e-18
522.835331684258 2.003554279924397e-18
522.8974206340713 1.8549738235509378e-18
522.9595095838847 1.830444402871137e-18
523.021598533698 1.8829416272419682e-18
523.0836874835113 2.0265503145436776e-18
523.1457764333246 1.9933954680264803e-18
523.2078653831379 1.9898251497075483e-18
523.2699543329512 1.9044952656681093e-18
523.3320432827646 1.9419636522846175e-18
523.3941322325779 1.9504776155344727e-18
523.4562211823912 2.04216955246021e-18
523.5183101322045 1.951726865054581e-18
523.5803990820178 1.9967176321616464e-18
523.6424880318312 2.0136438154460127e-18
523.7045769816445 2.0183072529444335e-18
523.7666659314579 2.001107272877312e-18
523.8287548812712 2.0585344936989592e-18
523.8908438310845 2.0016432859142465e-18
523.9529327808978 1.973622749459166e-18
524.0150217307112 1.9583536157368964e-18
524.0771106805245 1.9994700756499166e-18
524.1391996303378 2.0145719120932972e-18
524.2012885801511 2.0078820888892746e-18
524.2633775299644 2.051336781598829e-18
524.3254664797777 2.0261317611537258e-18
524.3875554295911 1.9308788116909476e-18
524.4496443794044 1.9659458929892143e-18
524.5117333292177 1.944251427063786e-18
524.573822279031 1.9575744115998714e-18
524.6359112288443 2.0261189398542312e-18
524.6980001786577 2.134874578841172e-18
524.760089128471 2.06321571558055e-18
524.8221780782843 2.036117485508466e-18
524.8842670280976 2.005242555554618e-18
524.9463559779109 1.954764685854182e-18
525.0084449277242 2.0403853238789333e-18
525.0705338775376 2.059573846138632e-18
525.1326228273509 2.012064520861496e-18
525.1947117771642 1.9895013084977338e-18
525.2568007269775 1.975708071783412e-18
525.3188896767908 1.961514893242921e-18
525.3809786266042 2.0731989583934525e-18
525.4430675764175 2.044803088735426e-18
525.5051565262308 2.0588320719243252e-18
525.5672454760441 2.0556482537466086e-18
525.6293344258575 2.0253341522480715e-18
525.6914233756708 2.08342435833068e-18
525.7535123254842 2.047286491729463e-18
525.8156012752975 1.9920616392887385e-18
525.8776902251108 2.1021970155374177e-18
525.9397791749241 2.10387288345845e-18
526.0018681247374 2.0420107337826e-18
526.0639570745508 2.049703099889037e-18
526.1260460243641 2.054389284854303e-18
526.1881349741774 2.0767426001376296e-18
526.2502239239907 2.0593256919548662e-18
526.312312873804 2.1002121956575967e-18
526.3744018236173 2.03668575858929e-18
526.4364907734307 2.0565738688520554e-18
526.498579723244 2.0231185489773482e-18
526.5606686730573 2.092919357787023e-18
526.6227576228706 2.1394360663290956e-18
526.6848465726839 2.080624351957188e-18
526.7469355224973 2.0821300274671875e-18
526.8090244723106 2.0486043972404133e-18
526.8711134221239 1.9965681192659274e-18
526.9332023719372 2.104318527013463e-18
526.9952913217505 2.142452173637617e-18
527.0573802715638 2.1315821932080577e-18
527.1194692213772 2.1326794482906093e-18
527.1815581711905 2.1182428718548744e-18
527.2436471210038 2.093526508356637e-18
527.3057360708171 2.0848580691273874e-18
527.3678250206304 2.1691833423128807e-18
527.4299139704437 2.0814746936268924e-18
527.4920029202572 2.1583402452532293e-18
527.5540918700705 2.1254405839550046e-18
527.6161808198838 2.112839728093678e-18
527.6782697696971 2.248044673962155e-18
527.7403587195104 2.175425660805512e-18
527.8024476693238 2.1373393702714268e-18
527.8645366191371 2.241985782770357e-18
527.9266255689504 2.198525506591668e-18
527.9887145187637 2.1478480795684536e-18
528.050803468577 2.1396285926166673e-18
528.1128924183903 2.2459039305368677e-18
528.1749813682037 2.1453055331606187e-18
528.237070318017 2.1333531868995337e-18
528.2991592678303 2.1718621667266337e-18
528.3612482176436 2.0481093296438003e-18
528.4233371674569 2.177679727974719e-18
528.4854261172703 2.1198587691814968e-18
528.5475150670836 2.0548295517353342e-18
528.6096040168969 2.1874739600176532e-18
528.6716929667102 2.138998487785055e-18
528.7337819165235 2.133990736356659e-18
528.7958708663368 2.182115897599841e-18
528.8579598161502 2.2011871670077105e-18
528.9200487659635 2.1296962214114368e-18
528.9821377157768 2.105450523681742e-18
529.0442266655901 2.196262547230876e-18
529.1063156154034 2.2597331496078355e-18
529.1684045652169 2.2026587213174423e-18
529.2304935150302 2.1484885241577228e-18
529.2925824648435 2.2025691790161334e-18
529.3546714146568 2.323116898020477e-18
529.4167603644701 2.1999476368597997e-18
529.4788493142834 2.223269373845273e-18
529.5409382640968 2.210597794041573e-18
529.6030272139101 2.254041319812858e-18
529.6651161637234 2.1746944331440152e-18
529.7272051135367 2.1516336716418025e-18
529.78929406335 1.98679146481101e-18
529.8513830131634 2.0450475206064353e-18
529.9134719629767 2.2057927018632526e-18
529.97556091279 2.1934036042387396e-18
530.0376498626033 2.077528628514708e-18
530.0997388124166 2.0319602825449275e-18
530.1618277622299 2.1152145636323178e-18
530.2239167120433 2.1149792307480465e-18
530.2860056618566 2.1173631652734243e-18
530.3480946116699 2.104870256482036e-18
530.4101835614832 2.206219733854483e-18
530.4722725112965 2.3051660447523106e-18
530.5343614611099 2.203385192690417e-18
530.5964504109232 2.2536436527333733e-18
530.6585393607365 2.291172423534598e-18
530.7206283105498 2.265515142089581e-18
530.7827172603631 2.2594144782768495e-18
530.8448062101764 2.3407540430413326e-18
530.9068951599899 2.3334858137939823e-18
530.9689841098032 2.3269246171752117e-18
531.0310730596165 2.2596928245529736e-18
531.0931620094298 2.2510231445528053e-18
531.1552509592431 2.294849034562243e-18
531.2173399090564 2.291616826318692e-18
531.2794288588698 2.261189194281082e-18
531.3415178086831 2.1201561406117096e-18
531.4036067584964 2.224820751084116e-18
531.4656957083097 2.1871753478165216e-18
531.527784658123 2.2433996412323634e-18
531.5898736079364 2.264635435508131e-18
531.6519625577497 2.362128803660009e-18
531.714051507563 2.3167529839778002e-18
531.7761404573763 2.368669527558619e-18
531.8382294071896 2.2981984956576233e-18
531.9003183570029 2.4493291498595836e-18
531.9624073068163 2.2839703687362518e-18
532.0244962566296 2.3532802458523762e-18
532.0865852064429 2.286536076201238e-18
532.1486741562562 2.2741891647879654e-18
532.2107631060695 2.410554231465548e-18
532.2728520558829 2.3734742061466333e-18
532.3349410056962 2.3544668364410836e-18
532.3970299555095 2.3145065682292593e-18
532.4591189053228 2.29192639866294e-18
532.5212078551361 2.400767857638433e-18
532.5832968049494 2.3687253622499664e-18
532.6453857547629 2.2910431765638864e-18
532.7074747045762 2.3528257101057784e-18
532.7695636543895 2.377218852779661e-18
532.8316526042028 2.3664894930542355e-18
532.8937415540161 2.4696459464748048e-18
532.9558305038295 2.407063115690268e-18
533.0179194536428 2.2849396176190108e-18
533.0800084034561 2.386353615079237e-18
533.1420973532694 2.3247208012282173e-18
533.2041863030827 2.3507000627266702e-18
533.266275252896 2.276885359994582e-18
533.3283642027094 2.4886938480303696e-18
533.3904531525227 2.5075732115361268e-18
533.452542102336 2.4547751002174796e-18
533.5146310521493 2.4120677651913668e-18
533.5767200019626 2.3675495250092222e-18
533.638808951776 2.447585866718628e-18
533.7008979015893 2.466740060982906e-18
533.7629868514026 2.4731862794965318e-18
533.8250758012159 2.4769704240038087e-18
533.8871647510292 2.419630677531939e-18
533.9492537008425 2.3359768682086857e-18
534.0113426506559 2.4732843003991193e-18
534.0734316004692 2.491905997144066e-18
534.1355205502825 2.3924511769646717e-18
534.1976095000958 2.40617038101417e-18
534.2596984499091 2.344546045764429e-18
534.3217873997226 2.3935471912763045e-18
534.3838763495359 2.449233817293987e-18
534.4459652993492 2.3937490233457674e-18
534.5080542491625 2.4143307245521587e-18
534.5701431989758 2.396425573012836e-18
534.6322321487891 2.548997796227323e-18
534.6943210986025 2.4829842338522224e-18
534.7564100484158 2.4924353927361e-18
534.8184989982291 2.453401360015182e-18
534.8805879480424 2.4809400637634507e-18
534.9426768978557 2.4933663845155286e-18
535.004765847669 2.4191540147039554e-18
535.0668547974824 2.5886096146061093e-18
535.1289437472957 2.4631734649767305e-18
535.191032697109 2.553806817513553e-18
535.2531216469223 2.5477104963990374e-18
535.3152105967356 2.4468072829670626e-18
535.377299546549 2.467903904104768e-18
535.4393884963623 2.5568587003835676e-18
535.5014774461756 2.520231970040332e-18
535.5635663959889 2.6071059934882544e-18
535.6256553458022 2.5651795169603916e-18
535.6877442956155 2.4106295049012902e-18
535.7498332454289 2.497409850144841e-18
535.8119221952422 2.4615265483771374e-18
535.8740111450555 2.501846433360269e-18
535.9361000948688 2.6285068102962263e-18
535.9981890446821 2.5430698063674617e-18
536.0602779944956 2.4874520431357744e-18
536.1223669443089 2.651699300310988e-18
536.1844558941222 2.575327161920039e-18
536.2465448439355 2.569496779372459e-18
536.3086337937488 2.4836155794547535e-18
536.370722743562 2.5932081184264447e-18
536.4328116933755 2.4973138971937847e-18
536.4949006431888 2.5358768505558538e-18
536.5569895930021 2.6197060221689684e-18
536.6190785428154 2.6058172460938968e-18
536.6811674926287 2.6190405553661695e-18
536.7432564424421 2.600346273522471e-18
536.8053453922554 2.529800174980886e-18
536.8674343420687 2.5898814047979095e-18
536.929523291882 2.5681950038834537e-18
536.9916122416953 2.657004423169597e-18
537.0537011915086 2.5575498097853556e-18
537.115790141322 2.662738852766121e-18
537.1778790911353 2.6351813306589167e-18
537.2399680409486 2.5844695756402814e-18
537.3020569907619 2.53873248482554e-18
537.3641459405752 2.667566072025827e-18
537.4262348903885 2.721603506697232e-18
537.4883238402019 2.7197866044817592e-18
537.5504127900152 2.645812049096295e-18
537.6125017398285 2.6000077498567837e-18
537.6745906896418 2.638526242260928e-18
537.7366796394551 2.6414321277528268e-18
537.7987685892685 2.7204450402493514e-18
537.8608575390818 2.677367335103968e-18
537.9229464888951 2.566426284938662e-18
537.9850354387085 2.640590471479554e-18
538.0471243885218 2.7090810261989448e-18
538.1092133383352 2.664321869663394e-18
538.1713022881485 2.653073660898745e-18
538.2333912379618 2.699876780727914e-18
538.2954801877751 2.550852335160667e-18
538.3575691375884 2.6496997979752943e-18
538.4196580874017 2.744126394006132e-18
538.4817470372151 2.714908720409534e-18
538.5438359870284 2.6743334434122766e-18
538.6059249368417 2.7360936430776296e-18
538.668013886655 2.6861687436166853e-18
538.7301028364683 2.6544637379181403e-18
538.7921917862816 2.6936510058475337e-18
538.854280736095 2.720356325128655e-18
538.9163696859083 2.720737448595889e-18
538.9784586357216 2.7095845723968364e-18
539.0405475855349 2.779910434100329e-18
539.1026365353482 2.7149722065215474e-18
539.1647254851616 2.6123894028557837e-18
539.2268144349749 2.55056985298148e-18
539.2889033847882 2.6605455833719365e-18
539.3509923346015 2.672111429491806e-18
539.4130812844148 2.7432671601448426e-18
539.4751702342281 2.7454310646272813e-18
539.5372591840415 2.70959863446725e-18
539.5993481338548 2.7210658392990725e-18
539.6614370836681 2.742240215414358e-18
539.7235260334814 2.7889372493299672e-18
539.7856149832947 2.812310478308572e-18
539.8477039331082 2.7567301449996025e-18
539.9097928829215 2.7253407087047465e-18
539.9718818327348 2.8010444851607527e-18
540.0339707825481 2.764946943614398e-18
540.0960597323614 2.6801379765657143e-18
540.1581486821747 2.7675961963212522e-18
540.2202376319881 2.818666120545123e-18
540.2823265818014 2.9036601692558654e-18
540.3444155316147 2.8629827354529578e-18
540.406504481428 2.7825615479635616e-18
540.4685934312413 2.726675364623101e-18
540.5306823810547 2.787444395119462e-18
540.592771330868 2.807597616768551e-18
540.6548602806813 2.6896991504710616e-18
540.7169492304946 2.7559639689572253e-18
540.7790381803079 2.7951212515894136e-18
540.8411271301212 2.7558729790898444e-18
540.9032160799346 2.8080064507863053e-18
540.9653050297479 2.824623682111883e-18
541.0273939795612 2.8029941498645402e-18
541.0894829293745 2.8119463120438954e-18
541.1515718791878 2.8452190317983815e-18
541.2136608290011 2.855701891701266e-18
541.2757497788145 2.8510913937620486e-18
541.3378387286278 2.8344367325137528e-18
541.3999276784411 2.8203777640276484e-18
541.4620166282544 2.8340746342006077e-18
541.5241055780677 2.8284938534028655e-18
541.5861945278812 2.8029931158887745e-18
541.6482834776945 2.8077566422413143e-18
541.7103724275078 2.879371871724624e-18
541.7724613773211 2.8348536315424795e-18
541.8345503271344 2.7732135798611e-18
541.8966392769477 2.8694825139112463e-18
541.9587282267611 2.925078356856701e-18
542.0208171765744 2.889737271980526e-18
542.0829061263877 2.9630777934264682e-18
542.144995076201 2.89798757141013e-18
542.2070840260143 2.9106978219074666e-18
542.2691729758277 2.8676376943501e-18
542.331261925641 2.865372046652317e-18
542.3933508754543 2.857873447604371e-18
542.4554398252676 2.8324481903211753e-18
542.5175287750809 2.90323148290341e-18
542.5796177248942 2.8139480891262737e-18
542.6417066747076 2.9540005201794645e-18
542.7037956245209 2.9114594484564748e-18
542.7658845743342 2.84140428160844e-18
542.8279735241475 2.9441481786984985e-18
542.8900624739608 2.962862106081745e-18
542.9521514237742 2.9070511961770266e-18
543.0142403735875 2.9559659013148905e-18
543.0763293234008 2.8997806921829917e-18
543.1384182732141 2.887187280947178e-18
543.2005072230274 2.964194487253415e-18
543.2625961728407 3.0362123468998848e-18
543.3246851226542 3.0625191719209087e-18
543.3867740724675 2.986345143286666e-18
543.4488630222808 2.9237823716319835e-18
543.5109519720941 2.964878565619996e-18
543.5730409219074 3.199758775301113e-18
543.6351298717208 3.089514624801883e-18
543.6972188215341 3.01878613293523e-18
543.7593077713474 3.0506131477741267e-18
543.8213967211607 3.1090389823902784e-18
543.883485670974 3.0898142709787804e-18
543.9455746207873 3.1136207358032097e-18
544.0076635706007 2.994594201945351e-18
544.069752520414 3.0604528747507512e-18
544.1318414702273 2.8941126438306253e-18
544.1939304200406 2.94940801341857e-18
544.2560193698539 2.930815888380522e-18
544.3181083196673 2.935188158303324e-18
544.3801972694806 2.99881468422575e-18
544.4422862192939 2.9782466314994657e-18
544.5043751691072 3.0151878972706245e-18
544.5664641189205 2.9885808056872438e-18
544.6285530687338 3.145722374605474e-18
544.6906420185472 3.0204005826957805e-18
544.7527309683605 3.0432193938688215e-18
544.8148199181738 2.9090579363430802e-18
544.8769088679871 3.0259172569960498e-18
544.9389978178004 2.9658031467496773e-18
545.0010867676137 3.0043735447372593e-18
545.0631757174272 2.980717833579468e-18
545.1252646672405 3.1714845011931316e-18
545.1873536170538 3.0134111133148606e-18
545.2494425668671 2.977319568827947e-18
545.3115315166804 2.953042851825281e-18
545.3736204664938 2.973133207747816e-18
545.4357094163071 2.9972792302136983e-18
545.4977983661204 3.053285147947826e-18
545.5598873159337 3.017552186256454e-18
545.621976265747 2.942647466272174e-18
545.6840652155603 2.942947732834531e-18
545.7461541653737 3.051117521152631e-18
545.808243115187 3.0416475439098176e-18
545.8703320650003 3.026532472576636e-18
545.9324210148136 3.0330316306494652e-18
545.9945099646269 2.9803797235040868e-18
546.0565989144403 3.089133087744343e-18
546.1186878642536 3.0623690386397303e-18
546.1807768140669 3.1162960446993593e-18
546.2428657638802 3.0868035403442405e-18
546.3049547136935 3.042378357981008e-18
546.3670436635068 3.0474630372063716e-18
546.4291326133202 3.00114671316769e-18
546.4912215631335 3.0208613222969725e-18
546.5533105129468 3.0319986888595397e-18
546.6153994627601 3.060542003461754e-18
546.6774884125734 3.063367859229388e-18
546.7395773623869 3.004540428425842e-18
546.8016663122002 3.144116196651049e-18
546.8637552620135 3.2382017874743617e-18
546.9258442118268 3.11290646534427e-18
546.9879331616401 3.164108324875843e-18
547.0500221114534 2.9947693574400593e-18
547.1121110612668 3.1518213840569804e-18
547.1742000110801 3.245124255225665e-18
547.2362889608934 3.2041109860940607e-18
547.2983779107067 3.122250090748516e-18
547.36046686052 3.137060759616278e-18
547.4225558103333 3.112141943663118e-18
547.4846447601467 3.2499789782407386e-18
547.54673370996 3.233317285957236e-18
547.6088226597733 3.1676106075893926e-18
547.6709116095866 3.1261605870943604e-18
547.7330005593999 3.0488791704150624e-18
547.7950895092133 3.139133674231336e-18
547.8571784590266 3.1145655828578984e-18
547.9192674088399 3.165037041908587e-18
547.9813563586532 3.1292825735212887e-18
548.0434453084665 3.1050933308684005e-18
548.1055342582799 3.169548071379145e-18
548.1676232080932 3.0514994718004773e-18
548.2297121579065 3.1253272026272132e-18
548.2918011077198 3.2824642220520743e-18
548.3538900575331 3.2861724727381495e-18
548.4159790073464 3.2309532037665596e-18
548.4780679571599 3.201244184886105e-18
548.5401569069732 3.1956909078437303e-18
548.6022458567865 3.1340928355784377e-18
548.6643348065998 3.189809033303019e-18
548.726423756413 3.2341210987174845e-18
548.7885127062264 3.1469902356893645e-18
548.8506016560398 3.171710941885818e-18
548.9126906058531 3.227884363693988e-18
548.9747795556664 3.236450646117587e-18
549.0368685054797 3.19763478228323e-18
549.098957455293 3.2046072944615925e-18
549.1610464051064 3.1694632853663583e-18
549.2231353549197 3.163688117124666e-18
549.285224304733 3.2675265809602854e-18
549.3473132545463 3.3063540253232182e-18
549.4094022043596 3.3009998920133156e-18
549.4714911541729 3.2336227223984213e-18
549.5335801039863 3.240474466207351e-18
549.5956690537996 3.2515040924951333e-18
549.6577580036129 3.181117846606924e-18
549.7198469534262 3.0958133983713212e-18
549.7819359032395 3.1947475083551135e-18
549.8440248530529 3.23398109839881e-18
549.9061138028662 3.174473518336592e-18
549.9682027526795 3.2567318739664684e-18
550.0302917024928 3.3325249859286303e-18
550.0923806523061 3.223213274774901e-18
550.1544696021194 3.222996553454412e-18
550.2165585519328 3.2221309089433752e-18
550.2786475017461 3.5581757211300335e-18
550.3407364515595 3.4391289213471675e-18
550.4028254013728 3.3810035600885256e-18
550.464914351186 3.445106542043782e-18
550.5270033009995 3.445188846514731e-18
550.5890922508128 3.532296134895393e-18
550.6511812006261 3.486054257111841e-18
550.7132701504394 3.3927437345224908e-18
550.7753591002527 3.487679253425202e-18
550.837448050066 3.4133663811692034e-18
550.8995369998794 3.3647174078031222e-18
550.9616259496927 3.3300723954124106e-18
551.023714899506 3.4003597932174196e-18
551.0858038493193 3.3568593987790216e-18
551.1478927991326 3.250565862885345e-18
551.2099817489459 3.35708004920742e-18
551.2720706987593 3.3616653181379547e-18
551.3341596485726 3.3694730759398427e-18
551.3962485983859 3.368351625824374e-18
551.4583375481992 3.274409344042186e-18
551.5204264980125 3.2427361847972243e-18
551.5825154478259 3.3670409581437837e-18
551.6446043976392 3.427385231395599e-18
551.7066933474525 3.37133443911324e-18
551.7687822972658 3.417226005907376e-18
551.8308712470791 3.4362406134432854e-18
551.8929601968925 3.448852015857422e-18
551.9550491467058 3.401239913389176e-18
552.0171380965191 3.285628601485396e-18
552.0792270463324 3.237523292576915e-18
552.1413159961457 3.4672398272841696e-18
552.203404945959 3.3791831423554496e-18
552.2654938957725 3.4387792307432107e-18
552.3275828455858 3.540284218070818e-18
552.3896717953991 3.3182724571791885e-18
552.4517607452124 3.2204893690177638e-18
552.5138496950257 3.3447945559546294e-18
552.575938644839 3.3648162558863223e-18
552.6380275946524 3.3319196965153947e-18
552.7001165444657 3.3317741127275853e-18
552.762205494279 3.3533581500412378e-18
552.8242944440923 3.349727033947283e-18
552.8863833939056 3.380353602922212e-18
552.948472343719 3.4235272610186517e-18
553.0105612935323 3.3912775568867405e-18
553.0726502433456 3.365785091178775e-18
553.1347391931589 3.3155692309373652e-18
553.1968281429722 3.4590788633607214e-18
553.2589170927855 3.500336771158488e-18
553.3210060425989 3.523640930555945e-18
553.3830949924122 3.521182136185131e-18
553.4451839422255 3.3728951221339746e-18
553.5072728920388 3.3991064077942487e-18
553.5693618418521 3.314877707945271e-18
553.6314507916655 3.386622184399292e-18
553.6935397414788 3.3741187290550937e-18
553.7556286912921 3.491249778539287e-18
553.8177176411054 3.355843000601347e-18
553.8798065909187 3.42476596398595e-18
553.941895540732 3.396453639569791e-18
554.0039844905455 3.375855808341455e-18
554.0660734403588 3.4613256926995686e-18
554.1281623901721 3.405441577310639e-18
554.1902513399854 3.423509890225788e-18
554.2523402897987 3.493124169807332e-18
554.3144292396121 3.412021178698039e-18
554.3765181894254 3.394401404470047e-18
554.4386071392387 3.46897090951109e-18
554.500696089052 3.459802439601552e-18
554.5627850388653 3.563965985417905e-18
554.6248739886786 3.515349685686019e-18
554.686962938492 3.4123572208218887e-18
554.7490518883053 3.529221504558534e-18
554.8111408381186 3.5030743253957324e-18
554.8732297879319 3.3683718917493815e-18
554.9353187377452 3.49477274076815e-18
554.9974076875585 3.522177234462032e-18
555.0594966373719 3.48357188809357e-18
555.1215855871852 3.4816883978387864e-18
555.1836745369985 3.4634749147261345e-18
555.2457634868118 3.468948368839398e-18
555.3078524366251 3.3008143967609506e-18
555.3699413864385 3.4516284475834563e-18
555.4320303362518 3.598382075574092e-18
555.4941192860651 3.508289699157879e-18
555.5562082358784 3.500632901817782e-18
555.6182971856917 3.55478717575071e-18
555.6803861355052 3.4626553855342476e-18
555.7424750853185 3.575921226811134e-18
555.8045640351318 3.545918972403529e-18
555.8666529849451 3.468729993157684e-18
555.9287419347584 3.4189903821539515e-18
555.9908308845717 3.4191372067126796e-18
556.0529198343851 3.484202613310641e-18
556.1150087841984 3.4615366237557696e-18
556.1770977340117 3.518430106287167e-18
556.239186683825 3.469530910785788e-18
556.3012756336383 3.524849027840578e-18
556.3633645834516 3.4661138276753318e-18
556.425453533265 3.393324415312503e-18
556.4875424830783 3.3178057205185555e-18
556.5496314328916 3.44447974593462e-18
556.6117203827049 3.4372768639556613e-18
556.6738093325182 3.533915754534772e-18
556.7358982823316 3.426858937730862e-18
556.7979872321449 3.3836972737533046e-18
556.8600761819582 3.452606175067494e-18
556.9221651317715 3.4645597620994978e-18
556.9842540815848 3.44525336660251e-18
557.0463430313981 3.483494960296602e-18
557.1084319812115 3.4038744836401574e-18
557.1705209310248 3.4507795534798237e-18
557.2326098808381 3.4997465777914316e-18
557.2946988306514 3.4019852031210863e-18
557.3567877804647 3.750756189031873e-18
557.418876730278 3.730431947791139e-18
557.4809656800915 3.5526489138672605e-18
557.5430546299048 3.499008319094728e-18
557.6051435797181 3.3829536383826194e-18
557.6672325295314 3.448386519967708e-18
557.7293214793447 3.600573277016745e-18
557.7914104291581 3.691291829156661e-18
557.8534993789714 3.485063708328309e-18
557.9155883287847 3.508798001644293e-18
557.977677278598 3.7278726509759e-18
558.0397662284113 3.7727517487002705e-18
558.1018551782247 3.597293092297666e-18
558.163944128038 3.399413498596659e-18
558.2260330778513 3.496937886021508e-18
558.2881220276646 3.525294464600438e-18
558.3502109774779 3.479277993533807e-18
558.4122999272912 3.4597263389851973e-18
558.4743888771046 3.5269686781602455e-18
558.5364778269179 3.533722194271435e-18
558.5985667767312 3.494515487597646e-18
558.6606557265445 3.5567666189565494e-18
558.7227446763578 3.4416129447266642e-18
558.7848336261711 3.3963872583256337e-18
558.8469225759845 3.4832530099674305e-18
558.9090115257978 3.4478726340121593e-18
558.9711004756111 3.473222204269306e-18
559.0331894254244 3.4491731687302458e-18
559.0952783752377 3.460991098141791e-18
559.1573673250512 3.529360884491749e-18
559.2194562748645 3.530644255212125e-18
559.2815452246778 3.5013633022986665e-18
559.3436341744911 3.4234534351489813e-18
559.4057231243044 3.4448364675737834e-18
559.4678120741177 3.472020310839267e-18
559.5299010239311 3.5634585101121034e-18
559.5919899737444 3.480768986587934e-18
559.6540789235577 3.49601682040943e-18
559.716167873371 3.4662987025422374e-18
559.7782568231843 3.3691752909193236e-18
559.8403457729977 3.4233531394997093e-18
559.902434722811 3.502199168307651e-18
559.9645236726243 3.587676290496125e-18
560.0266126224376 3.522982908378659e-18
560.0887015722509 3.4061118004019602e-18
560.1507905220642 3.40849718249341e-18
560.2128794718776 3.4071770022357754e-18
560.2749684216909 3.333233466123282e-18
560.3370573715042 3.3983673219169325e-18
560.3991463213175 3.2068371665978823e-18
560.4612352711308 3.141075273924151e-18
560.5233242209442 3.0816406925509908e-18
560.5854131707575 3.2179877680502503e-18
560.6475021205708 3.277145037123052e-18
560.7095910703841 3.1523507796490144e-18
560.7716800201974 3.47101694075624e-18
560.8337689700107 3.331936653717952e-18
560.8958579198242 3.455944882814911e-18
560.9579468696375 3.433656914799976e-18
561.0200358194508 3.489602034759081e-18
561.082124769264 3.587967458071743e-18
561.1442137190774 3.4567040278220817e-18
561.2063026688907 3.4511743254271647e-18
561.2683916187041 3.442855370006719e-18
561.3304805685174 3.4566500542871126e-18
561.3925695183307 3.454429487932714e-18
561.454658468144 3.445655376380211e-18
561.5167474179573 3.3994128782111995e-18
561.5788363677707 3.5038775177705214e-18
561.640925317584 3.4326901474590547e-18
561.7030142673973 3.476234382469918e-18
561.7651032172106 3.535499391817505e-18
561.8271921670239 3.49779732667795e-18
561.8892811168373 3.47258527519764e-18
561.9513700666506 3.516717428828876e-18
562.0134590164639 3.52140878367297e-18
562.0755479662772 3.479306117674634e-18
562.1376369160905 3.491420177745473e-18
562.1997258659038 3.5604670114268054e-18
562.2618148157172 3.48275876955143e-18
562.3239037655305 3.548427397611096e-18
562.3859927153438 3.565203447614284e-18
562.4480816651571 3.541937338525005e-18
562.5101706149704 3.4191957297410178e-18
562.5722595647837 3.4615988690968642e-18
562.6343485145971 3.4927672413730154e-18
562.6964374644105 3.44986469172234e-18
562.7585264142238 3.545091791790976e-18
562.820615364037 3.525206369865201e-18
562.8827043138504 3.3346218887814523e-18
562.9447932636638 3.4684485449542627e-18
563.0068822134771 3.4762993161480035e-18
563.0689711632904 3.509362138822054e-18
563.1310601131037 3.4736113927475124e-18
563.193149062917 3.521376937219387e-18
563.2552380127303 3.433075200034198e-18
563.3173269625437 3.3770936841281406e-18
563.379415912357 3.438559821085731e-18
563.4415048621703 3.2969196168467447e-18
563.5035938119836 3.322857726109723e-18
563.5656827617969 3.4522387000803673e-18
563.6277717116103 3.3187013503267973e-18
563.6898606614236 3.4324517126474863e-18
563.7519496112369 3.4430400380784713e-18
563.8140385610502 3.413516721245535e-18
563.8761275108635 3.384209298552475e-18
563.9382164606768 3.4590118617311046e-18
564.0003054104902 3.3921014287768433e-18
564.0623943603035 3.3282604562806132e-18
564.1244833101168 3.422766461650256e-18
564.1865722599301 3.503066053589607e-18
564.2486612097434 3.4574981212101326e-18
564.3107501595568 3.4372514281518252e-18
564.3728391093701 3.3973143209971525e-18
564.4349280591834 3.4242303645393218e-18
564.4970170089967 3.406371948704608e-18
564.55910595881 3.431957679026639e-18
564.6211949086234 3.3868879161710747e-18
564.6832838584368 3.352128752855831e-18
564.7453728082501 3.4277659412725265e-18
564.8074617580634 3.424495682720798e-18
564.8695507078767 3.3481808265872684e-18
564.93163965769 3.4540591178134434e-18
564.9937286075033 3.3906937741694312e-18
565.0558175573167 3.3534487263183123e-18
565.11790650713 3.3701817629296475e-18
565.1799954569433 3.3922873376195146e-18
565.2420844067566 3.4289326795265326e-18
565.3041733565699 3.416753685777608e-18
565.3662623063833 3.3549268980729446e-18
565.4283512561966 3.3465682379830962e-18
565.4904402060099 3.356707197546312e-18
565.5525291558232 3.313088929870625e-18
565.6146181056365 3.3004822837450106e-18
565.6767070554499 3.4003804727327335e-18
565.7387960052632 3.4328024372272088e-18
565.8008849550765 3.339853599360697e-18
565.8629739048898 3.3020528929330956e-18
565.9250628547031 3.3436309196279204e-18
565.9871518045164 3.321176274719556e-18
566.0492407543298 3.3293082873215648e-18
566.1113297041431 3.361061683085944e-18
566.1734186539564 3.342488996792291e-18
566.2355076037697 3.343277506711207e-18
566.297596553583 3.356611658185562e-18
566.3596855033963 3.3846441887595247e-18
566.4217744532098 3.344823714071222e-18
566.4838634030231 3.3775275403594247e-18
566.5459523528364 3.2978241388465714e-18
566.6080413026497 3.2413233603109837e-18
566.670130252463 3.2466301375308177e-18
566.7322192022764 3.2359470999196953e-18
566.7943081520897 3.2775149936520163e-18
566.856397101903 3.2748793894252693e-18
566.9184860517163 3.273033122298051e-18
566.9805750015296 3.2469599758000732e-18
567.0426639513429 3.2043243986920994e-18
567.1047529011563 3.3114246424781683e-18
567.1668418509696 3.2930914249718493e-18
567.2289308007829 3.21916463926676e-18
567.2910197505962 3.2601990015039844e-18
567.3531087004095 3.2389627936379105e-18
567.4151976502228 3.2624218426050675e-18
567.4772866000362 3.2986353962323328e-18
567.5393755498495 3.3469679730141125e-18
567.6014644996628 3.3487555103178396e-18
567.6635534494761 3.337703963743825e-18
567.7256423992894 3.3098914632128013e-18
567.7877313491028 3.2756188888928917e-18
567.8498202989161 3.320070747830879e-18
567.9119092487294 3.3043218493533286e-18
567.9739981985427 3.19645460234427e-18
568.036087148356 3.2455113757523397e-18
568.0981760981695 3.2271721611865797e-18
568.1602650479828 3.146712716593853e-18
568.2223539977961 3.2563176632747325e-18
568.2844429476094 3.246370402818476e-18
568.3465318974227 3.217421769716111e-18
568.408620847236 3.155241362299581e-18
568.4707097970494 3.2455903715008385e-18
568.5327987468627 3.086405046084143e-18
568.594887696676 3.2620405123426806e-18
568.6569766464893 3.258238790247387e-18
568.7190655963026 3.3114798567840562e-18
568.7811545461159 3.249561045236246e-18
568.8432434959293 3.201226193707782e-18
568.9053324457426 3.187004684231311e-18
568.9674213955559 3.176247407160212e-18
569.0295103453692 3.2172672937367166e-18
569.0915992951825 3.1647657266676696e-18
569.1536882449959 3.1976451220408868e-18
569.2157771948092 3.1950283361730753e-18
569.2778661446225 3.214731157978629e-18
569.3399550944358 3.1987109442601614e-18
569.4020440442491 3.1769480291390443e-18
569.4641329940625 3.1263241620604928e-18
569.5262219438758 3.115848539987968e-18
569.5883108936891 3.137226816124248e-18
569.6503998435024 3.1555083348422824e-18
569.7124887933157 3.1574809538080683e-18
569.774577743129 3.104365411929354e-18
569.8366666929425 3.163782002124191e-18
569.8987556427558 3.130051851490963e-18
569.9608445925691 3.092933569068718e-18
570.0229335423824 3.0823342834946165e-18
570.0850224921957 3.0781466816435668e-18
570.147111442009 3.061996186978622e-18
570.2092003918224 3.061825787772436e-18
570.2712893416357 3.20937330235597e-18
570.333378291449 3.1810423663760287e-18
570.3954672412623 3.137479519801383e-18
570.4575561910756 3.206461006214324e-18
570.519645140889 3.0948369116582024e-18
570.5817340907023 3.051575365621679e-18
570.6438230405156 3.058931482809113e-18
570.7059119903289 3.1826623996057138e-18
570.7680009401422 3.1102747902254327e-18
570.8300898899555 3.1794190244238934e-18
570.8921788397689 3.1639695653280873e-18
570.9542677895822 3.1298427815911402e-18
571.0163567393955 3.0157410743052693e-18
571.0784456892088 3.12158152201842e-18
571.1405346390221 3.074011398966261e-18
571.2026235888354 3.0988020019244753e-18
571.2647125386488 3.108152658363928e-18
571.3268014884621 3.1041970806746993e-18
571.3888904382754 3.0815089640384417e-18
571.4509793880887 3.0287232604289828e-18
571.513068337902 3.0477899803434832e-18
571.5751572877155 3.0638802976188647e-18
571.6372462375288 3.055930678341924e-18
571.6993351873421 3.0153163170607233e-18
571.7614241371554 3.056240457481325e-18
571.8235130869687 3.0600297718674304e-18
571.8856020367821 3.035291281287807e-18
571.9476909865954 3.01801582098979e-18
572.0097799364087 2.9947708050061312e-18
572.071868886222 3.050432615605437e-18
572.1339578360353 3.0867568046396313e-18
572.1960467858486 3.0561201027021985e-18
572.258135735662 2.963491590527898e-18
572.3202246854753 3.011990637407954e-18
572.3823136352886 3.101749866832461e-18
572.4444025851019 3.069578124473283e-18
572.5064915349152 3.017034164397843e-18
572.5685804847285 3.0366991426903722e-18
572.6306694345419 3.0313115085656612e-18
572.6927583843552 2.901586634255348e-18
572.7548473341685 2.9743934174110405e-18
572.8169362839818 3.059784099225502e-18
572.8790252337951 3.044621878597405e-18
572.9411141836085 2.9244031706817046e-18
573.0032031334218 2.998291285693157e-18
573.0652920832351 2.9837173972757383e-18
573.1273810330484 3.0508280079382374e-18
573.1894699828617 3.0639470924533284e-18
573.251558932675 2.9618262691596755e-18
573.3136478824885 3.0111421568946276e-18
573.3757368323018 2.9949399634413983e-18
573.437825782115 3.0455977449250646e-18
573.4999147319284 2.973928955497092e-18
573.5620036817417 3.014621692141332e-18
573.6240926315551 2.964139272947527e-18
573.6861815813684 3.0003859137992943e-18
573.7482705311817 2.930494321917392e-18
573.810359480995 2.923979033822618e-18
573.8724484308083 2.8751530438054504e-18
573.9345373806216 2.927100813454393e-18
573.996626330435 2.8333651200301903e-18
574.0587152802483 3.0107409742975394e-18
574.1208042300616 3.028632477356755e-18
574.1828931798749 2.9860754824069738e-18
574.2449821296882 2.916078424996971e-18
574.3070710795016 2.9970583729901466e-18
574.3691600293149 2.8786259616072543e-18
574.4312489791282 2.9375667161547203e-18
574.4933379289415 2.866366524543759e-18
574.5554268787548 2.9390996886249342e-18
574.6175158285681 2.926907459986209e-18
574.6796047783815 2.9160536095785943e-18
574.7416937281948 2.974506327564654e-18
574.8037826780081 3.0455913342753173e-18
574.8658716278214 2.728460213589837e-18
574.9279605776347 2.8857531565601644e-18
574.990049527448 2.8515312470527736e-18
575.0521384772615 2.8825004755964527e-18
575.1142274270748 2.9558482348727548e-18
575.176316376888 2.813197836310688e-18
575.2384053267014 2.9260649765323236e-18
575.3004942765147 2.873930470860097e-18
575.3625832263281 2.9353099606485225e-18
575.4246721761414 2.9420479671232263e-18
575.4867611259547 2.944332846770251e-18
575.548850075768 2.934715631378403e-18
575.6109390255813 2.8978833466529482e-18
575.6730279753947 2.8782942621816206e-18
575.735116925208 2.8042857923910418e-18
575.7972058750213 2.856149189617504e-18
575.8592948248346 2.922471083565934e-18
575.9213837746479 3.009192285395687e-18
575.9834727244612 2.948769016395373e-18
576.0455616742746 2.9236655323704604e-18
576.1076506240879 2.9133299106166103e-18
576.1697395739012 2.8912977482061073e-18
576.2318285237145 2.9479246717851093e-18
576.2939174735278 2.868608390798931e-18
576.3560064233411 2.8740787429848972e-18
576.4180953731545 3.015915816209671e-18
576.4801843229678 2.8544472655071762e-18
576.5422732727811 2.7996167714234862e-18
576.6043622225944 2.8297273864913352e-18
576.6664511724077 2.857416016725629e-18
576.7285401222211 2.985426766011579e-18
576.7906290720344 2.9460287738211378e-18
576.8527180218477 2.9786517432044635e-18
576.914806971661 2.9633164350331898e-18
576.9768959214744 2.925483468561699e-18
577.0389848712877 2.8437088067950128e-18
577.1010738211011 2.864667495565575e-18
577.1631627709144 2.939038270464452e-18
577.2252517207277 2.914093811912303e-18
577.287340670541 2.7815563167241565e-18
577.3494296203543 2.798327403643669e-18
577.4115185701677 2.819083639959309e-18
577.473607519981 2.885468606429446e-18
577.5356964697943 2.947026767230183e-18
577.5977854196076 2.860252005455767e-18
577.6598743694209 2.8094399547878597e-18
577.7219633192342 2.7391376677318247e-18
577.7840522690476 2.7807651184682496e-18
577.8461412188609 2.907211876011015e-18
577.9082301686742 2.8774441273070692e-18
577.9703191184875 2.877807052800827e-18
578.0324080683008 2.8010498618347343e-18
578.0944970181142 2.8616828211203307e-18
578.1565859679275 2.848746543520614e-18
578.2186749177408 2.833361397717434e-18
578.2807638675541 2.851825102965383e-18
578.3428528173674 2.7998581013671985e-18
578.4049417671807 2.764171875380436e-18
578.4670307169941 2.8238541973470556e-18
578.5291196668074 2.7588297361894152e-18
578.5912086166207 2.7575860701384418e-18
578.653297566434 2.8306480385131068e-18
578.7153865162473 2.8146267908188734e-18
578.7774754660607 2.893204606313195e-18
578.8395644158741 2.869534626289837e-18
578.9016533656874 2.823161019993736e-18
578.9637423155007 2.783627370182836e-18
579.025831265314 2.769098976699108e-18
579.0879202151273 2.8145643386826257e-18
579.1500091649407 2.7260558063442986e-18
579.212098114754 2.9018337544633484e-18
579.2741870645673 2.8243565027740284e-18
579.3362760143806 2.80366230500433e-18
579.3983649641939 2.864278513882522e-18
579.4604539140073 2.8327780285904308e-18
579.5225428638206 2.816494564642018e-18
579.5846318136339 2.7768488318581173e-18
579.6467207634472 2.7487716335310767e-18
579.7088097132605 2.8372555572461803e-18
579.7708986630738 2.7736050430859906e-18
579.8329876128872 2.7625514285604444e-18
579.8950765627005 2.705860812074276e-18
579.9571655125138 2.7781729412236615e-18
580.0192544623271 2.8576995328805816e-18
580.0813434121404 2.742807247724263e-18
580.1434323619537 2.7359677048293684e-18
580.2055213117671 2.822610117705776e-18
580.2676102615804 2.7527317607136743e-18
580.3296992113937 2.933937668012297e-18
580.391788161207 2.8133409385566598e-18
580.4538771110203 2.797558332469148e-18
580.5159660608338 2.8679406492494475e-18
580.5780550106471 2.8111015538433256e-18
580.6401439604604 2.7825772643952e-18
580.7022329102737 2.7852064579722e-18
580.764321860087 2.7429294636597678e-18
580.8264108099003 2.833615962550947e-18
580.8884997597137 2.7292505846651315e-18
580.950588709527 2.7917004461662006e-18
581.0126776593403 2.7670744521498844e-18
581.0747666091536 2.754288307831346e-18
581.1368555589669 2.7812448832235303e-18
581.1989445087802 2.764348478441216e-18
581.2610334585936 2.790200767715642e-18
581.3231224084069 2.8290290392591873e-18
581.3852113582202 2.8856218416379216e-18
581.4473003080335 2.762540468417328e-18
581.5093892578468 2.812104510336046e-18
581.5714782076602 2.7430502320292005e-18
581.6335671574735 2.819869875131541e-18
581.6956561072868 2.7658551879269812e-18
581.7577450571001 2.8056525015581325e-18
581.8198340069134 2.7284430495921266e-18
581.8819229567268 2.7470529590133446e-18
581.9440119065401 2.6798453614240237e-18
582.0061008563534 2.808546186135996e-18
582.0681898061667 2.8221133957479378e-18
582.13027875598 2.8798226851584654e-18
582.1923677057933 2.758826427466965e-18
582.2544566556068 2.6132682822566213e-18
582.3165456054201 2.8281301007284953e-18
582.3786345552334 2.788080083420209e-18
582.4407235050467 2.810735940012577e-18
582.50281245486 2.7215178935038327e-18
582.5649014046733 2.680619188887067e-18
582.6269903544867 2.766669754035193e-18
582.6890793043 2.7610463734359042e-18
582.7511682541133 2.78076118936034e-18
582.8132572039266 2.8230611379347704e-18
582.8753461537399 2.6881579061947222e-18
582.9374351035533 2.7074829132554923e-18
582.9995240533666 2.7990294731885736e-18
583.0616130031799 2.7176762599439833e-18
583.1237019529932 2.716029136549237e-18
583.1857909028065 2.7786818640955348e-18
583.2478798526199 2.7498014733937052e-18
583.3099688024332 2.6726968665703404e-18
583.3720577522465 2.8280124342863597e-18
583.4341467020598 2.968038602355102e-18
583.4962356518731 2.771339395388208e-18
583.5583246016864 2.78614282642561e-18
583.6204135514998 2.833479684545029e-18
583.6825025013131 2.9105228732079116e-18
583.7445914511264 2.87457050185906e-18
583.8066804009397 2.894671817924711e-18
583.868769350753 2.9517975314130826e-18
583.9308583005663 2.8654804073125616e-18
583.9929472503798 2.8706358104802984e-18
584.0550362001931 2.8625846547831666e-18
584.1171251500064 2.862926487171304e-18
584.1792140998197 2.906182656533846e-18
584.241303049633 2.8276999668099678e-18
584.3033919994464 2.908950196068295e-18
584.3654809492597 2.9063999982397942e-18
584.427569899073 2.880960472091032e-18
584.4896588488863 2.8744364985998264e-18
584.5517477986996 2.8320817493098143e-18
584.613836748513 2.935023342566273e-18
584.6759256983263 2.8796824780446377e-18
584.7380146481396 2.72246067260699e-18
584.8001035979529 2.848272775824774e-18
584.8621925477662 2.8915072316962364e-18
584.9242814975795 2.845073034420266e-18
584.9863704473928 2.8718532135468233e-18
585.0484593972062 2.8524370098235192e-18
585.1105483470195 2.8814594687955547e-18
585.1726372968328 2.841896247277756e-18
585.2347262466461 2.775087971129145e-18
585.2968151964594 2.8387186329546335e-18
585.3589041462728 2.9212857337481454e-18
585.4209930960861 2.9179160067277575e-18
585.4830820458994 2.880358904990553e-18
585.5451709957127 2.8964510834223127e-18
585.607259945526 2.914704064409214e-18
585.6693488953395 2.8224856270235866e-18
585.7314378451528 2.816895126853647e-18
585.793526794966 2.8885562648609534e-18
585.8556157447794 2.8304306968071585e-18
585.9177046945927 2.866679198815304e-18
585.979793644406 2.7646361304992312e-18
586.0418825942194 2.8358030280905372e-18
586.1039715440327 2.9241548097027855e-18
586.166060493846 2.8408347677566973e-18
586.2281494436593 2.9221844654836842e-18
586.2902383934726 2.8450159589579997e-18
586.3523273432859 2.9396162629174736e-18
586.4144162930993 2.815777812641241e-18
586.4765052429126 2.7451502368093195e-18
586.5385941927259 2.8113676992054145e-18
586.6006831425392 2.842956486027896e-18
586.6627720923525 2.6649819597922115e-18
586.7248610421659 2.8366080816217045e-18
586.7869499919792 2.9979544163886947e-18
586.8490389417925 2.815381386332675e-18
586.9111278916058 2.8074774687845776e-18
586.9732168414191 2.913480664283248e-18
587.0353057912325 2.6615255856026587e-18
587.0973947410458 2.6389216345937283e-18
587.1594836908591 2.933089394294124e-18
587.2215726406724 2.795901076111898e-18
587.2836615904857 2.9272116556564752e-18
587.345750540299 2.7415931533801884e-18
587.4078394901123 2.697377040916779e-18
587.4699284399258 2.788890720420511e-18
587.532017389739 2.9264673999003307e-18
587.5941063395524 2.810043383044717e-18
587.6561952893657 2.854049184837385e-18
587.718284239179 2.7654744780500537e-18
587.7803731889924 2.8269172471553395e-18
587.8424621388057 2.833593628674408e-18
587.904551088619 2.869272823625964e-18
587.9666400384323 2.8222701464740166e-18
588.0287289882456 2.87212184045075e-18
588.090817938059 2.6389665091419593e-18
588.1529068878723 2.7091540248880026e-18
588.2149958376856 2.8793695969779395e-18
588.2770847874989 2.9206221281017247e-18
588.3391737373122 2.7321062189348177e-18
588.4012626871255 2.7741414697132312e-18
588.4633516369389 2.7377655818907524e-18
588.5254405867522 2.7493818860279877e-18
588.5875295365655 2.8037301338145593e-18
588.6496184863788 2.814863984859523e-18
588.7117074361921 2.829589247329039e-18
588.7737963860054 2.6221637825640166e-18
588.8358853358188 2.5668646906633153e-18
588.8979742856321 2.4951166986916908e-18
588.9600632354454 2.594732819090533e-18
589.0221521852587 2.6604064102338744e-18
589.084241135072 2.641206721035906e-18
589.1463300848854 2.4811009503925923e-18
589.2084190346987 2.5355145454475555e-18
589.270507984512 2.5528051017917515e-18
589.3325969343254 2.5606205110143056e-18
589.3946858841387 2.5538002000686528e-18
589.4567748339521 2.502137807731041e-18
589.5188637837654 2.523388077667528e-18
589.5809527335787 2.57834388961402e-18
589.643041683392 2.5761336630172782e-18
589.7051306332053 2.576591300691173e-18
589.7672195830186 2.5766816701730946e-18
589.829308532832 2.6022715363981882e-18
589.8913974826453 2.585735782362947e-18
589.9534864324586 2.526736918377449e-18
590.0155753822719 2.5261911859683172e-18
590.0776643320852 2.568659052207096e-18
590.1397532818985 2.5566177840301615e-18
590.2018422317119 2.5331217187305928e-18
590.2639311815252 2.5816426858968814e-18
590.3260201313385 2.5931103043190103e-18
590.3881090811518 2.532411790969869e-18
590.4501980309651 2.5636759094019234e-18
590.5122869807785 2.6382917365572692e-18
590.5743759305918 2.627073513089825e-18
590.6364648804051 2.592989949539884e-18
590.6985538302184 2.6530746948745107e-18
590.7606427800317 2.6065571591518254e-18
590.8227317298451 2.535241782640566e-18
590.8848206796584 2.5660004937183505e-18
590.9469096294717 2.505555511226957e-18
591.008998579285 2.5323718795053134e-18
591.0710875290983 2.6393604539086877e-18
591.1331764789117 2.5976666219281055e-18
591.195265428725 2.552025070474114e-18
591.2573543785384 2.5412328450221346e-18
591.3194433283517 2.4897406450955555e-18
591.381532278165 2.488222975466674e-18
591.4436212279783 2.5228665402913135e-18
591.5057101777916 2.603910594781962e-18
591.567799127605 2.5605231104971775e-18
591.6298880774183 2.5263938452183927e-18
591.6919770272316 2.5011021776041245e-18
591.7540659770449 2.517411077356373e-18
591.8161549268582 2.5810820642367236e-18
591.8782438766716 2.517180500760624e-18
591.9403328264849 2.530609157619963e-18
592.0024217762982 2.5141929311832355e-18
592.0645107261115 2.5653397832040738e-18
592.1265996759248 2.5456865922352732e-18
592.1886886257381 2.5156495962419414e-18
592.2507775755515 2.466242098254149e-18
592.3128665253648 2.5237479012339887e-18
592.3749554751781 2.5838384368329034e-18
592.4370444249914 2.7085193705630213e-18
592.4991333748047 2.658249123196336e-18
592.561222324618 2.5551799373303912e-18
592.6233112744314 2.521935341716732e-18
592.6854002242447 2.498113160460664e-18
592.747489174058 2.495817320670523e-18
592.8095781238713 2.5330452045239316e-18
592.8716670736846 2.5369803094929995e-18
592.9337560234981 2.518657018154031e-18
592.9958449733114 2.5276095939236925e-18
593.0579339231247 2.529520587933843e-18
593.120022872938 2.520426150689129e-18
593.1821118227513 2.6327101285789145e-18
593.2442007725647 2.5748806911844135e-18
593.306289722378 2.536309466016219e-18
593.3683786721913 2.5186127639912595e-18
593.4304676220046 2.5592517338956835e-18
593.4925565718179 2.435718513265483e-18
593.5546455216312 2.4492706268312455e-18
593.6167344714446 2.4264534700194296e-18
593.6788234212579 2.4619680560290876e-18
593.7409123710712 2.4132382257581293e-18
593.8030013208845 2.3865070570828657e-18
593.8650902706978 2.4500539668713332e-18
593.9271792205111 2.4689558710487824e-18
593.9892681703245 2.403665264529053e-18
594.0513571201378 2.3105038412451152e-18
594.1134460699511 2.2795213778116353e-18
594.1755350197644 2.336733945264325e-18
594.2376239695777 2.3126898728089398e-18
594.2997129193911 2.351238143715136e-18
594.3618018692044 2.371949505482545e-18
594.4238908190177 2.3824265751211416e-18
594.485979768831 2.4269770753471757e-18
594.5480687186443 2.402812234522358e-18
594.6101576684578 2.4155551586538903e-18
594.6722466182711 2.3204285610296796e-18
594.7343355680844 2.3284437343701653e-18
594.7964245178977 2.3321604636575192e-18
594.858513467711 2.301991532356485e-18
594.9206024175243 2.3643516447610922e-18
594.9826913673376 2.2662548483523567e-18
595.044780317151 2.3476535565306374e-18
595.1068692669643 2.3973044524136735e-18
595.1689582167776 2.40973925176703e-18
595.2310471665909 2.360725905341119e-18
595.2931361164042 2.320176270942851e-18
595.3552250662176 2.2909759681391165e-18
595.4173140160309 2.282696303797767e-18
595.4794029658442 2.3430571206618334e-18
595.5414919156575 2.2626051206946196e-18
595.6035808654708 2.3469641014900745e-18
595.6656698152842 2.3895771379263562e-18
595.7277587650975 2.3484011210092322e-18
595.7898477149108 2.4237878804954775e-18
595.8519366647241 2.4508590204025004e-18
595.9140256145374 2.3360972229878122e-18
595.9761145643507 2.343606782178875e-18
596.0382035141641 2.4624823555749424e-18
596.1002924639774 2.3993058159057455e-18
596.1623814137907 2.3339899803773334e-18
596.224470363604 2.3571309783989637e-18
596.2865593134173 2.4050596842466644e-18
596.3486482632306 2.4805370200099842e-18
596.4107372130441 2.4435361972347216e-18
596.4728261628574 2.3312377436842163e-18
596.5349151126707 2.2862316737358186e-18
596.597004062484 2.3186248937040077e-18
596.6590930122973 2.383426429686565e-18
596.7211819621107 2.454082956839926e-18
596.783270911924 2.386079818296482e-18
596.8453598617373 2.2680789883981893e-18
596.9074488115506 2.2273147006309635e-18
596.9695377613639 2.2667869322813815e-18
597.0316267111773 2.3608417106268766e-18
597.0937156609906 2.340769759472971e-18
597.1558046108039 2.2887806307934008e-18
597.2178935606172 2.368123381559181e-18
597.2799825104305 2.4043716767721734e-18
597.3420714602438 2.3154830549423782e-18
597.4041604100571 2.2956400260229968e-18
597.4662493598705 2.325725412082163e-18
597.5283383096838 2.2786135470893584e-18
597.5904272594971 2.30542102317613e-18
597.6525162093104 2.3734928177104158e-18
597.7146051591237 2.3311577139599518e-18
597.7766941089371 2.225092893505646e-18
597.8387830587504 2.2271486441229935e-18
597.9008720085637 2.3382574051574944e-18
597.962960958377 2.335229303730091e-18
598.0250499081903 2.3051058673627473e-18
598.0871388580038 2.385267526934955e-18
598.149227807817 2.3990992275477604e-18
598.2113167576304 2.365070464713401e-18
598.2734057074437 2.2702108396318916e-18
598.335494657257 2.2147132243841776e-18
598.3975836070704 2.238808375242388e-18
598.4596725568837 2.237882553341788e-18
598.521761506697 2.22702518741657e-18
598.5838504565103 2.2897281661850803e-18
598.6459394063236 2.2704077086176792e-18
598.7080283561369 2.186049555002837e-18
598.7701173059502 2.2074696037600507e-18
598.8322062557636 2.2854584666582347e-18
598.8942952055769 2.411468266042419e-18
598.9563841553902 2.417348279426752e-18
599.0184731052035 2.4089025585774326e-18
599.0805620550168 2.430957882045087e-18
599.1426510048302 2.4241286789078493e-18
599.2047399546435 2.4128049899123047e-18
599.2668289044568 2.4287511709659488e-18
599.3289178542701 2.4406913163129986e-18
599.3910068040834 2.4189267468306565e-18
599.4530957538968 2.3889751572355708e-18
599.5151847037101 2.4210044177342366e-18
599.5772736535234 2.41898299511231e-18
599.6393626033367 2.3609118141837905e-18
599.70145155315 2.3971350871832533e-18
599.7635405029633 2.463980172869123e-18
599.8256294527768 2.4042968169267374e-18
599.88771840259 2.3306367969691965e-18
599.9498073524034 2.361603750766191e-18
600.0118963022167 2.377538971676719e-18
600.07398525203 2.4644146494858663e-18
600.1360742018433 2.4750470222844698e-18
600.1981631516567 2.3674972058354783e-18
600.26025210147 2.394312540138069e-18
600.3223410512833 2.40480305146162e-18
600.3844300010966 2.399954118710834e-18
600.4465189509099 2.4163724130990927e-18
600.5086079007233 2.3751213295413795e-18
600.5706968505366 2.3578022354660505e-18
600.6327858003499 2.3590709237305537e-18
600.6948747501632 2.3788308209983736e-18
600.7569636999765 2.3477064960898408e-18
600.8190526497899 2.335320913982931e-18
600.8811415996032 2.3712184846162012e-18
600.9432305494165 2.3668180905525722e-18
601.0053194992298 2.3742492743805955e-18
601.0674084490431 2.3705447460072768e-18
601.1294973988564 2.361072494017779e-18
601.1915863486697 2.348768595996359e-18
601.2536752984831 2.321836836022551e-18
601.3157642482964 2.360338164428985e-18
601.3778531981097 2.364451526820058e-18
601.439942147923 2.3458604357577756e-18
601.5020310977363 2.4271530580224963e-18
601.5641200475497 2.4146388493303347e-18
601.626208997363 2.2744180870224894e-18
601.6882979471764 2.2863466518409635e-18
601.7503868969897 2.3729646628893006e-18
601.812475846803 2.4136156269126066e-18
601.8745647966164 2.3537130681078946e-18
601.9366537464297 2.3226989650159845e-18
601.998742696243 2.3893200915510054e-18
602.0608316460563 2.3985371583215306e-18
602.1229205958696 2.3842496811912085e-18
602.1850095456829 2.4825629921252797e-18
602.2470984954963 2.469558265329874e-18
602.3091874453096 2.358686905131176e-18
602.3712763951229 2.384694911155915e-18
602.4333653449362 2.5085567292844524e-18
602.4954542947495 2.4617476123958422e-18
602.5575432445628 2.4391620661555412e-18
602.6196321943762 2.44970055395462e-18
602.6817211441895 2.425555151874197e-18
602.7438100940028 2.4300581163337826e-18
602.8058990438161 2.4649051675891103e-18
602.8679879936294 2.566638663560935e-18
602.9300769434428 2.600838032396634e-18
602.9921658932561 2.391335723908644e-18
603.0542548430694 2.288881133237826e-18
603.1163437928827 2.3118622786060805e-18
603.178432742696 2.3673199823892388e-18
603.2405216925094 2.3164318311049765e-18
603.3026106423227 2.3548762908442973e-18
603.364699592136 2.406727073566418e-18
603.4267885419493 2.315991564223945e-18
603.4888774917627 2.3241299874757013e-18
603.550966441576 2.351758853910738e-18
603.6130553913894 2.3762833115068634e-18
603.6751443412027 2.4149724099123467e-18
603.737233291016 2.3890223065304863e-18
603.7993222408293 2.3803530401206243e-18
603.8614111906426 2.339752740909837e-18
603.9235001404559 2.360597278755867e-18
603.9855890902693 2.388749543723497e-18
604.0476780400826 2.3717017648890853e-18
604.1097669898959 2.3720084421011893e-18
604.1718559397092 2.3568927503825485e-18
604.2339448895225 2.3738960682590354e-18
604.2960338393359 2.3384792963568118e-18
604.3581227891492 2.305848468757667e-18
604.4202117389625 2.301366183813395e-18
604.4823006887758 2.2996965197469568e-18
604.5443896385891 2.3272279856648655e-18
604.6064785884025 2.3260504940628963e-18
604.6685675382158 2.360254412391964e-18
604.7306564880291 2.420000013675444e-18
604.7927454378424 2.4258657581942107e-18
604.8548343876557 2.3417034395893903e-18
604.916923337469 2.2651592476310302e-18
604.9790122872823 2.337806591723653e-18
605.0411012370957 2.374175448510925e-18
605.103190186909 2.3268491369443162e-18
605.1652791367223 2.312115602668675e-18
605.2273680865356 2.3256182921928373e-18
605.289457036349 2.3223087425620126e-18
605.3515459861624 2.317747255074089e-18
605.4136349359757 2.387771402649153e-18
605.475723885789 2.4053975875268923e-18
605.5378128356023 2.3618330865910214e-18
605.5999017854156 2.3646138610152716e-18
605.661990735229 2.3826474323446932e-18
605.7240796850423 2.37568277838215e-18
605.7861686348556 2.3775923248262286e-18
605.8482575846689 2.385786375974179e-18
605.9103465344822 2.333140052297935e-18
605.9724354842955 2.284344461168279e-18
606.0345244341089 2.309115625382098e-18
606.0966133839222 2.3587117205495526e-18
606.1587023337355 2.3724704224733002e-18
606.2207912835488 2.3960659562415285e-18
606.2828802333621 2.436801292687315e-18
606.3449691831754 2.3353808845773413e-18
606.4070581329888 2.2324976075540677e-18
606.4691470828021 2.3142654450807e-18
606.5312360326154 2.32655879654931e-18
606.5933249824287 2.30503224828823e-18
606.655413932242 2.3062670221476186e-18
606.7175028820554 2.2788352314935226e-18
606.7795918318687 2.2481201541930504e-18
606.841680781682 2.269282536189454e-18
606.9037697314953 2.3056162378006925e-18
606.9658586813086 2.3377491026710806e-18
607.0279476311221 2.3515086317754408e-18
607.0900365809354 2.3212394048251347e-18
607.1521255307487 2.2880343070857248e-18
607.214214480562 2.308454087687209e-18
607.2763034303753 2.357535469718502e-18
607.3383923801886 2.3644792373705785e-18
607.400481330002 2.4026517614835225e-18
607.4625702798153 2.55867953170695e-18
607.5246592296286 2.7405316738591297e-18
607.5867481794419 2.8306780238103118e-18
607.6488371292552 2.8670175156858383e-18
607.7109260790685 2.8627494705202178e-18
607.7730150288819 2.842053618389294e-18
607.8351039786952 2.8347216962347773e-18
607.8971929285085 2.798379309227107e-18
607.9592818783218 2.756748549768232e-18
608.0213708281351 2.742093597650783e-18
608.0834597779485 2.5800021799470356e-18
608.1455487277618 2.423956418545285e-18
608.2076376775751 2.37084873488239e-18
608.2697266273884 2.313059622542751e-18
608.3318155772017 2.2642700284725357e-18
608.3939045270151 2.2725922926154317e-18
608.4559934768284 2.2808308047213068e-18
608.5180824266417 2.3459274373873924e-18
608.580171376455 2.39219144225233e-18
608.6422603262683 2.3012189456643607e-18
608.7043492760816 2.2788772109096096e-18
608.766438225895 2.2784251567048494e-18
608.8285271757084 2.2852624248530596e-18
608.8906161255217 2.2523708285658073e-18
608.952705075335 2.1925280335603522e-18
609.0147940251483 2.23282393030572e-18
609.0768829749616 2.2348439053615743e-18
609.138971924775 2.1972636425672183e-18
609.2010608745883 2.2159833602147527e-18
609.2631498244016 2.2611046150634484e-18
609.3252387742149 2.3149559340970288e-18
609.3873277240282 2.3173415229836317e-18
609.4494166738416 2.319299666288698e-18
609.5115056236549 2.3170429107825e-18
609.5735945734682 2.278614374269971e-18
609.6356835232815 2.283217013993369e-18
609.6977724730948 2.323733147576829e-18
609.7598614229081 2.33999014174564e-18
609.8219503727215 2.314151707746474e-18
609.8840393225348 2.344936681808707e-18
609.9461282723481 2.3623670316764244e-18
610.0082172221614 2.32988385581662e-18
610.0703061719747 2.273255484671546e-18
610.132395121788 2.32560857282064e-18
610.1944840716014 2.444212624180637e-18
610.2565730214147 2.4610610524874232e-18
610.318661971228 2.3849558866391756e-18
610.3807509210413 2.3639335049614467e-18
610.4428398708546 2.41444942497006e-18
610.504928820668 2.408713134217158e-18
610.5670177704814 2.3722164780252464e-18
610.6291067202947 2.3238580518493245e-18
610.691195670108 2.3183957646743305e-18
610.7532846199213 2.335359791471721e-18
610.8153735697347 2.3331102737958832e-18
610.877462519548 2.25901453645068e-18
610.9395514693613 2.2516966763665766e-18
611.0016404191746 2.2193946530609214e-18
611.0637293689879 2.2744168462515706e-18
611.1258183188012 2.2672846882149852e-18
611.1879072686145 2.261605266129196e-18
611.2499962184279 2.303878951719178e-18
611.3120851682412 2.2922829135069503e-18
611.3741741180545 2.25526906263704e-18
611.4362630678678 2.2110084892157057e-18
611.4983520176811 2.233071257308873e-18
611.5604409674945 2.2282045401749175e-18
611.6225299173078 2.224083112772872e-18
611.6846188671211 2.2463131781449283e-18
611.7467078169344 2.2290569497961533e-18
611.8087967667477 2.2609460031809914e-18
611.8708857165611 2.245479793677781e-18
611.9329746663744 2.242773672303814e-18
611.9950636161877 2.2486586487718224e-18
612.057152566001 2.2356206279567616e-18
612.1192415158143 2.2593232816143155e-18
612.1813304656278 2.1384051924907014e-18
612.243419415441 2.172276791008676e-18
612.3055083652544 2.2133547870232124e-18
612.3675973150677 2.076185080404769e-18
612.429686264881 2.0717793096671583e-18
612.4917752146943 2.235926064397947e-18
612.5538641645076 2.233800830609145e-18
612.615953114321 2.1297363396711456e-18
612.6780420641343 2.1531829809291143e-18
612.7401310139476 2.0927659157833943e-18
612.8022199637609 2.0196731349309117e-18
612.8643089135742 2.086926227453923e-18
612.9263978633876 2.1069363468570402e-18
612.9884868132009 2.2063907534461284e-18
613.0505757630142 2.220435246271513e-18
613.1126647128275 2.287125442387682e-18
613.1747536626408 2.3017065686354607e-18
613.2368426124542 2.185527604036316e-18
613.2989315622675 2.1438753378815145e-18
613.3610205120808 2.2304933489298517e-18
613.4231094618941 2.2657852165595797e-18
613.4851984117074 2.2477104929946835e-18
613.5472873615207 2.241445840625513e-18
613.6093763113341 2.2430944115863314e-18
613.6714652611474 2.2593410659974854e-18
613.7335542109607 2.2747115293447926e-18
613.795643160774 2.2227530063478867e-18
613.8577321105873 2.13780941565451e-18
613.9198210604006 2.1782275283353823e-18
613.981910010214 2.2278213487561523e-18
614.0439989600274 2.237291946384425e-18
614.1060879098407 2.2841314621605465e-18
614.168176859654 2.211792449641253e-18
614.2302658094673 2.1399104544103947e-18
614.2923547592807 2.2539625308595125e-18
614.354443709094 2.254030566464895e-18
614.4165326589073 2.220566767988909e-18
614.4786216087206 2.1766852500832772e-18
614.5407105585339 2.195218645297834e-18
614.6027995083473 2.2217486022890942e-18
614.6648884581606 2.1970276892974876e-18
614.7269774079739 2.2238715613312116e-18
614.7890663577872 2.1551039011066156e-18
614.8511553076005 2.1642490031638487e-18
614.9132442574138 2.2279204036345055e-18
614.9753332072271 2.2407429438999962e-18
615.0374221570405 2.2295553261152165e-18
615.0995111068538 2.157288278309215e-18
615.1616000566671 2.178799730524116e-18
615.2236890064804 2.2487070388376568e-18
615.2857779562937 2.2294761235715646e-18
615.3478669061071 2.1925272063797397e-18
615.4099558559204 2.2537933724242454e-18
615.4720448057337 2.218900205849768e-18
615.534133755547 2.1699582037516897e-18
615.5962227053603 2.1348998078498548e-18
615.6583116551737 2.1617014936723385e-18
615.720400604987 2.1617734583856307e-18
615.7824895548003 2.183940658031133e-18
615.8445785046137 2.1667977534262778e-18
615.906667454427 2.1269464662601574e-18
615.9687564042403 2.181914272325531e-18
616.0308453540537 2.1937669433228035e-18
616.092934303867 2.1723497896977337e-18
616.1550232536803 2.198881607845372e-18
616.2171122034936 2.219842984952925e-18
616.2792011533069 2.1915964213954644e-18
616.3412901031202 2.1358148764024915e-18
616.4033790529336 2.164089564100779e-18
616.4654680027469 2.2570822425397562e-18
616.5275569525602 2.255393139728923e-18
616.5896459023735 2.195949666164178e-18
616.6517348521868 2.1522333775859035e-18
616.7138238020002 2.1569106703595845e-18
616.7759127518135 2.1764242746000167e-18
616.8380017016268 2.1921127888928506e-18
616.9000906514401 2.1735370006719004e-18
616.9621796012534 2.1802346820917423e-18
617.0242685510668 2.223248487534806e-18
617.0863575008801 2.2257997193390727e-18
617.1484464506934 2.184962432882789e-18
617.2105354005067 2.1820017466753087e-18
617.27262435032 2.2251776795184328e-18
617.3347133001333 2.2019231509577295e-18
617.3968022499467 2.16691914218117e-18
617.45889119976 2.160517384625469e-18
617.5209801495733 2.127474000695813e-18
617.5830690993866 2.149024330399504e-18
617.6451580492 2.191812522330494e-18
617.7072469990133 2.2105239681719028e-18
617.7693359488267 2.1949802104862657e-18
617.83142489864 2.178188237256286e-18
617.8935138484533 2.2092922962398113e-18
617.9556027982666 2.187367460513787e-18
618.0176917480799 2.169638498444938e-18
618.0797806978933 2.1845130670150197e-18
618.1418696477066 2.167396632189766e-18
618.2039585975199 2.1683309326916448e-18
618.2660475473332 2.189705279720015e-18
618.3281364971465 2.1486074313707773e-18
618.3902254469599 2.0393852625183567e-18
618.4523143967732 2.04835707023726e-18
618.5144033465865 2.1969979107954357e-18
618.5764922963998 2.205842539495159e-18
618.6385812462131 2.1840488118962243e-18
618.7006701960264 2.1138143536504187e-18
618.7627591458397 2.1473137208927443e-18
618.8248480956531 2.2013412293967985e-18
618.8869370454664 2.187642498067461e-18
618.9490259952797 2.173642466200001e-18
619.011114945093 2.1205482242220597e-18
619.0732038949063 2.0725095033528895e-18
619.1352928447197 2.091030490858258e-18
619.197381794533 2.145817764754942e-18
619.2594707443463 2.1630105069917037e-18
619.3215596941596 2.178312521143322e-18
619.383648643973 2.1508736994540194e-18
619.4457375937864 2.1224881695536497e-18
619.5078265435997 2.0795436404868873e-18
619.569915493413 2.0081753244164246e-18
619.6320044432263 2.0510648459724523e-18
619.6940933930396 2.099267348602908e-18
619.7561823428529 2.1038431049563982e-18
619.8182712926663 2.0662527091995384e-18
619.8803602424796 2.0873545002160724e-18
619.9424491922929 2.1553218631980233e-18
620.0045381421062 2.1770459008303503e-18
620.0666270919195 2.126446021989563e-18
620.1287160417328 2.1230994560263264e-18
620.1908049915462 2.1162776975146016e-18
620.2528939413595 2.118553064584582e-18
620.3149828911728 2.117762279918981e-18
620.3770718409861 2.0643353045396405e-18
620.4391607907994 2.0450812282163968e-18
620.5012497406128 2.0798592098905763e-18
620.5633386904261 2.1315741281970853e-18
620.6254276402394 2.1189687228423897e-18
620.6875165900527 2.1054259150585184e-18
620.749605539866 2.1371356770455856e-18
620.8116944896794 2.1149138834796548e-18
620.8737834394927 2.1015253448800246e-18
620.935872389306 2.1108319539518587e-18
620.9979613391193 2.09671404884711e-18
621.0600502889326 2.078436252441832e-18
621.122139238746 2.088782213953339e-18
621.1842281885594 2.083470887240136e-18
621.2463171383727 2.145684381881168e-18
621.308406088186 2.2235870112004933e-18
621.3704950379993 2.1918193465705474e-18
621.4325839878126 2.1258903634130803e-18
621.4946729376259 2.1530533203680966e-18
621.5567618874393 2.1552970477796467e-18
621.6188508372526 2.162387433195298e-18
621.6809397870659 2.113189832287941e-18
621.7430287368792 2.064201714870713e-18
621.8051176866925 2.0207007000468557e-18
621.8672066365059 1.9844404107149812e-18
621.9292955863192 2.0212489139978252e-18
621.9913845361325 2.0536080127657465e-18
622.0534734859458 2.0521389399978524e-18
622.1155624357591 2.089953294905561e-18
622.1776513855725 2.1025644905245444e-18
622.2397403353858 2.1262365384994338e-18
622.3018292851991 2.1449556357615088e-18
622.3639182350124 2.0828959967144116e-18
622.4260071848257 2.012784167994417e-18
622.488096134639 2.042154456414031e-18
622.5501850844523 2.056599925041351e-18
622.6122740342657 2.0294832902006375e-18
622.674362984079 2.0265602407110282e-18
622.7364519338923 2.0176546074411292e-18
622.7985408837056 2.0579639458714508e-18
622.8606298335189 2.052595957286288e-18
622.9227187833324 2.0290341311280212e-18
622.9848077331457 2.0551337474056006e-18
623.046896682959 2.042441488086587e-18
623.1089856327723 1.9938919831891652e-18
623.1710745825856 2.00903890097593e-18
623.233163532399 2.062656541486464e-18
623.2952524822123 2.1018886839640885e-18
623.3573414320256 2.0898753331328278e-18
623.4194303818389 2.0697512696003314e-18
623.4815193316522 2.062090749947478e-18
623.5436082814655 2.035532668815391e-18
623.6056972312789 1.9711986966740792e-18
623.6677861810922 2.016788549339786e-18
623.7298751309055 2.049972553973576e-18
623.7919640807188 2.038075628813532e-18
623.8540530305321 2.0320620257602716e-18
623.9161419803454 2.0462277005453953e-18
623.9782309301588 2.017552450635479e-18
624.0403198799721 1.99457957707335e-18
624.1024088297854 2.065672028409526e-18
624.1644977795987 2.068543585906004e-18
624.226586729412 2.038392645783293e-18
624.2886756792254 2.036350750441206e-18
624.3507646290387 2.020974703624764e-18
624.412853578852 2.025723547521431e-18
624.4749425286653 2.0241448733223734e-18
624.5370314784786 2.009846642844088e-18
624.599120428292 1.998927651963235e-18
624.6612093781054 1.9853397628359795e-18
624.7232983279187 1.9959493881677378e-18
624.785387277732 2.025169129715867e-18
624.8474762275453 2.0170296724883454e-18
624.9095651773586 1.9747249676253928e-18
624.9716541271719 1.95292214103972e-18
625.0337430769853 1.9771122108732208e-18
625.0958320267986 2.028861663970304e-18
625.1579209766119 2.0064777430043127e-18
625.2200099264252 1.9597796751129378e-18
625.2820988762385 1.9788006932985947e-18
625.3441878260519 1.9937157937186914e-18
625.4062767758652 1.9957047495015752e-18
625.4683657256785 1.9726396453011466e-18
625.5304546754918 2.002014896804436e-18
625.5925436253051 2.040248839077862e-18
625.6546325751185 2.007951365265576e-18
625.7167215249318 1.9964130229010737e-18
625.7788104747451 2.008871603697041e-18
625.8408994245584 2.0050771194321073e-18
625.9029883743717 2.030218446970044e-18
625.965077324185 2.046079221625442e-18
626.0271662739984 2.00143462960473e-18
626.0892552238117 1.9914979157012836e-18
626.151344173625 2.0720351152715903e-18
626.2134331234383 1.9923263370847555e-18
626.2755220732516 1.97597152880851e-18
626.3376110230649 2.0194440059012345e-18
626.3996999728784 2.017617177518411e-18
626.4617889226917 2.0542643805818074e-18
626.523877872505 2.0235455809685787e-18
626.5859668223183 1.9748428408626816e-18
626.6480557721316 1.9753726500450218e-18
626.710144721945 1.985153647198155e-18
626.7722336717583 1.983924250012748e-18
626.8343226215716 1.9768504082093478e-18
626.8964115713849 1.98966446987356e-18
626.9585005211982 1.969427702982603e-18
627.0205894710116 1.9270167054109375e-18
627.0826784208249 1.937891648924172e-18
627.1447673706382 2.00448754645051e-18
627.2068563204515 1.9788712104458148e-18
627.2689452702648 1.9395602790148447e-18
627.3310342200781 1.9314036577896125e-18
627.3931231698915 1.908945910953951e-18
627.4552121197048 1.9260522128167006e-18
627.5173010695181 1.9000954919899398e-18
627.5793900193314 1.866319019242409e-18
627.6414789691447 1.863549411756428e-18
627.703567918958 1.8268809087922587e-18
627.7656568687714 1.86159705871565e-18
627.8277458185847 1.892196951115824e-18
627.889834768398 1.871547007508897e-18
627.9519237182113 1.8958071808993117e-18
628.0140126680246 1.888051949066321e-18
628.076101617838 1.8612998940805902e-18
628.1381905676513 1.9437569798526325e-18
628.2002795174647 1.9864171655838298e-18
628.262368467278 1.920274769828324e-18
628.3244574170913 1.899147543007954e-18
628.3865463669047 1.915112749215687e-18
628.448635316718 1.9296986317519875e-18
628.5107242665313 1.967282823654253e-18
628.5728132163446 2.0030612802793155e-18
628.6349021661579 1.989631589444211e-18
628.6969911159712 1.9513401581182124e-18
628.7590800657845 1.955125336601255e-18
628.8211690155979 1.8256554407147614e-18
628.8832579654112 1.8194269774973903e-18
628.9453469152245 1.8717722074306647e-18
629.0074358650378 1.8431658203067433e-18
629.0695248148511 1.8411867906912102e-18
629.1316137646645 1.9119423727229242e-18
629.1937027144778 1.9276027628749313e-18
629.2557916642911 1.883578763108787e-18
629.3178806141044 1.9405588928093494e-18
629.3799695639177 1.9665762046159797e-18
629.4420585137311 1.9495993565190945e-18
629.5041474635444 1.9185689166100865e-18
629.5662364133577 1.9425561203983586e-18
629.628325363171 2.084818571253138e-18
629.6904143129843 2.054561545216867e-18
629.7525032627976 2.125765872730891e-18
629.814592212611 2.0075352934174617e-18
629.8766811624243 1.89319432413941e-18
629.9387701122376 2.0075853378445212e-18
630.000859062051 2.0046440903814358e-18
630.0629480118643 1.9227019245407077e-18
630.1250369616776 1.9806657787847486e-18
630.187125911491 1.885666360179718e-18
630.2492148613043 2.0325484079604527e-18
630.3113038111176 1.99307783067126e-18
630.3733927609309 2.1644225042973317e-18
630.4354817107442 2.077191759210246e-18
630.4975706605576 1.9108629020235425e-18
630.5596596103709 1.9074753906199847e-18
630.6217485601842 2.0090517222754246e-18
630.6838375099975 1.984577515901512e-18
630.7459264598108 1.8984917955773526e-18
630.8080154096242 1.916394879165144e-18
630.8701043594375 2.0241452869126797e-18
630.9321933092508 2.0718165327947232e-18
630.9942822590641 1.977816968755116e-18
631.0563712088774 1.90299289888056e-18
631.1184601586907 1.979549291752955e-18
631.1805491085041 2.0303474871456023e-18
631.2426380583174 1.952871269432048e-18
631.3047270081307 1.9014377993289602e-18
631.366815957944 1.9636192407212558e-18
631.4289049077573 1.948361687527562e-18
631.4909938575706 1.861082552374642e-18
631.553082807384 1.8366100003619543e-18
631.6151717571973 1.9010808708946436e-18
631.6772607070106 1.9460081518896956e-18
631.739349656824 1.9267172660291933e-18
631.8014386066372 1.896997907391082e-18
631.8635275564507 1.9203171628347174e-18
631.925616506264 1.893916866404475e-18
631.9877054560773 1.850174314841752e-18
632.0497944058906 1.9474226307371612e-18
632.1118833557039 1.9738731783896163e-18
632.1739723055173 2.017271622817517e-18
632.2360612553306 2.0094450466566935e-18
632.2981502051439 1.924413568023233e-18
632.3602391549572 1.900896202822891e-18
632.4223281047705 1.9367733007360004e-18
632.4844170545838 1.9387432313647955e-18
632.5465060043971 1.960921184358261e-18
632.6085949542105 1.999246323294221e-18
632.6706839040238 1.950295635799711e-18
632.7327728538371 1.9314534954215188e-18
632.7948618036504 1.956205220890943e-18
632.8569507534637 1.9443937021291452e-18
632.9190397032771 1.9660987146073835e-18
632.9811286530904 2.0032312658951952e-18
633.0432176029037 2.017504474159951e-18
633.105306552717 2.0109120514730563e-18
633.1673955025303 1.9978289493146114e-18
633.2294844523437 1.9783546361532754e-18
633.291573402157 1.9592093340805825e-18
633.3536623519703 2.0246624815906785e-18
633.4157513017836 2.03360058169962e-18
633.477840251597 2.0262328839836104e-18
633.5399292014102 1.997843424975331e-18
633.6020181512237 2.0060620847465048e-18
633.664107101037 2.019758541329158e-18
633.7261960508503 1.97008841349688e-18
633.7882850006636 1.9989243432407847e-18
633.8503739504769 2.0165300553983634e-18
633.9124629002902 1.971387087058588e-18
633.9745518501036 1.940420960442206e-18
634.0366407999169 2.0096756232524427e-18
634.0987297497302 2.02124395091415e-18
634.1608186995435 1.9802149653509072e-18
634.2229076493568 1.9961011758101412e-18
634.2849965991702 2.0337937283726513e-18
634.3470855489835 2.0463997541128063e-18
634.4091744987968 2.0214002880499224e-18
634.4712634486101 2.0190790124559455e-18
634.5333523984234 2.0209364465214333e-18
634.5954413482368 1.9983451100168445e-18
634.6575302980501 2.0547925354029225e-18
634.7196192478634 2.043766631427897e-18
634.7817081976767 1.9905228765542368e-18
634.84379714749 2.029443792326388e-18
634.9058860973033 2.0704105325485362e-18
634.9679750471166 2.031361403781439e-18
635.03006399693 2.0429295246479932e-18
635.0921529467433 2.0887396141517925e-18
635.1542418965566 2.021517954492058e-18
635.2163308463699 1.9981219780466083e-18
635.2784197961832 2.0619540583512535e-18
635.3405087459967 2.0589983352274484e-18
635.40259769581 1.9981631302820828e-18
635.4646866456233 2.004031149547534e-18
635.5267755954366 2.022917544088498e-18
635.5888645452499 1.9676945528041514e-18
635.6509534950633 1.9797800751438574e-18
635.7130424448766 1.99968183388673e-18
635.7751313946899 2.0045119482785804e-18
635.8372203445032 2.024422392417885e-18
635.8993092943165 1.9644590358381503e-18
635.9613982441299 1.990005681876238e-18
636.0234871939432 2.1784833339398144e-18
636.0855761437565 2.0276752801767497e-18
636.1476650935698 1.988194569925053e-18
636.2097540433831 1.914462171663914e-18
636.2718429931964 2.0125999135129708e-18
636.3339319430097 2.0530052048943485e-18
636.3960208928231 2.0371440166486442e-18
636.4581098426364 1.998393500082679e-18
636.5201987924497 1.952042848048576e-18
636.582287742263 2.0214286189859024e-18
636.6443766920763 1.955917775628081e-18
636.7064656418897 1.8738463628166414e-18
636.768554591703 2.1695435794696475e-18
636.8306435415163 2.1126412047466653e-18
636.8927324913296 2.1086504718814033e-18
636.9548214411429 2.0403975247929684e-18
637.0169103909564 2.0539475704071996e-18
637.0789993407697 2.054335518114487e-18
637.141088290583 2.0884571319726056e-18
637.2031772403963 2.109228671129578e-18
637.2652661902096 2.1051496367339257e-18
637.3273551400229 2.074864486556828e-18
637.3894440898363 2.05899316534862e-18
637.4515330396496 2.007967702082674e-18
637.5136219894629 1.978446453201269e-18
637.5757109392762 2.058191834130209e-18
637.6377998890895 2.067497822816584e-18
637.6998888389028 2.080217999481271e-18
637.7619777887162 2.0875894195100375e-18
637.8240667385295 2.0439692906779724e-18
637.8861556883428 2.0636038700829905e-18
637.9482446381561 2.1197373804266046e-18
638.0103335879694 2.1091581539823577e-18
638.0724225377828 2.0159289018881904e-18
638.1345114875961 2.00171731857907e-18
638.1966004374094 2.086644779250502e-18
638.2586893872227 2.102128773136882e-18
638.320778337036 2.1125773050443456e-18
638.3828672868494 2.101741032224748e-18
638.4449562366627 2.0640108429443666e-18
638.507045186476 2.1272425969194514e-18
638.5691341362893 2.1465266585399e-18
638.6312230861026 2.0570424666690667e-18
638.6933120359159 2.032719220756945e-18
638.7554009857292 2.076291579908635e-18
638.8174899355427 2.1056492538239077e-18
638.879578885356 2.0911357495912054e-18
638.9416678351693 2.0518113764752814e-18
639.0037567849826 2.057759218669844e-18
639.0658457347959 2.1186382641876748e-18
639.1279346846093 2.168302601755665e-18
639.1900236344226 2.1145664676223825e-18
639.2521125842359 2.125563833866275e-18
639.3142015340492 2.1794496876904294e-18
639.3762904838625 2.108122110265135e-18
639.4383794336759 2.1323105257374106e-18
639.5004683834892 2.1284734416709303e-18
639.5625573333025 2.086842268621749e-18
639.6246462831158 2.1403871172383784e-18
639.6867352329291 2.1391821218810418e-18
639.7488241827424 2.1760958838968332e-18
639.8109131325558 2.16727234830273e-18
639.8730020823691 2.117168364239168e-18
639.9350910321824 2.128429394303312e-18
639.9971799819957 2.103825113778075e-18
640.059268931809 2.0726844520524445e-18
640.1213578816223 2.1347842093592505e-18
640.1834468314357 2.150708470126662e-18
640.245535781249 2.201058126832152e-18
640.3076247310623 2.1302012151754004e-18
640.3697136808756 2.0567401321551786e-18
640.4318026306889 2.150673935336088e-18
640.4938915805023 2.180322570031826e-18
640.5559805303157 2.195159915474343e-18
640.618069480129 2.204058310913882e-18
640.6801584299423 2.237889997967301e-18
640.7422473797556 2.1864784481504457e-18
640.804336329569 2.1553237243544016e-18
640.8664252793823 2.165073495439411e-18
640.9285142291956 2.1433171977631944e-18
640.9906031790089 2.113310807452527e-18
641.0526921288222 2.086125930211278e-18
641.1147810786355 2.0589884090600977e-18
641.1768700284489 2.081574368890705e-18
641.2389589782622 2.161779869035378e-18
641.3010479280755 2.1830144225402267e-18
641.3631368778888 2.170947098173997e-18
641.4252258277021 2.1965402731215407e-18
641.4873147775154 2.216864927952581e-18
641.5494037273288 2.190094261403068e-18
641.6114926771421 2.13234671488921e-18
641.6735816269554 2.136690447080879e-18
641.7356705767687 2.1472343115539392e-18
641.797759526582 2.1276148281951002e-18
641.8598484763954 2.1518636278520923e-18
641.9219374262087 2.1647934948020618e-18
641.984026376022 2.1687281861808234e-18
642.0461153258353 2.1810246395767304e-18
642.1082042756486 2.1395345008219894e-18
642.170293225462 2.1220077844129095e-18
642.2323821752753 2.1757399894382823e-18
642.2944711250886 2.177773612974244e-18
642.356560074902 2.1568589715713e-18
642.4186490247153 2.180899735304235e-18
642.4807379745286 2.1804948303943902e-18
642.5428269243419 2.1732241196052022e-18
642.6049158741553 2.182947627705763e-18
642.6670048239686 2.1569375537294925e-18
642.7290937737819 2.196038174489721e-18
642.7911827235952 2.2178405874850874e-18
642.8532716734085 2.1927211802333834e-18
642.9153606232219 2.2016491473798213e-18
642.9774495730352 2.1644715147486255e-18
643.0395385228485 2.1589107930807378e-18
643.1016274726618 2.247781216937057e-18
643.1637164224751 2.228694644687855e-18
643.2258053722885 2.2054632771843033e-18
643.2878943221018 2.2258741655942024e-18
643.3499832719151 2.1484146982880524e-18
643.4120722217284 2.202851040809861e-18
643.4741611715417 2.2126578873571364e-18
643.536250121355 2.233878792381878e-18
643.5983390711684 2.2381989499260894e-18
643.6604280209817 2.233202572231116e-18
643.722516970795 2.225708936266845e-18
643.7846059206083 2.218491992217473e-18
643.8466948704216 2.196617200918508e-18
643.9087838202349 2.189339045503807e-18
643.9708727700483 2.2804935218265383e-18
644.0329617198616 2.250385388300527e-18
644.095050669675 2.185408283232955e-18
644.1571396194882 2.2217202713531143e-18
644.2192285693015 2.225881196629409e-18
644.281317519115 2.2048993468016953e-18
644.3434064689283 2.27259415377181e-18
644.4054954187416 2.2989183495856975e-18
644.4675843685549 2.3048951431016994e-18
644.5296733183682 2.3145919746275054e-18
644.5917622681816 2.315079184008299e-18
644.6538512179949 2.2533324260279e-18
644.7159401678082 2.2293849269090306e-18
644.7780291176215 2.2723273880242616e-18
644.8401180674348 2.3204430366903993e-18
644.9022070172481 2.3128019557819407e-18
644.9642959670615 2.3424307381429776e-18
645.0263849168748 2.3334591372192275e-18
645.0884738666881 2.2842753915871307e-18
645.1505628165014 2.2887175582716936e-18
645.2126517663147 2.319780051429438e-18
645.274740716128 2.274907984740274e-18
645.3368296659414 2.258338109504765e-18
645.3989186157547 2.2864287495167594e-18
645.461007565568 2.284658996596202e-18
645.5230965153813 2.2829576928713337e-18
645.5851854651946 2.2887711182163564e-18
645.647274415008 2.318620551005792e-18
645.7093633648213 2.31414881261433e-18
645.7714523146346 2.2873727693908355e-18
645.833541264448 2.294182326988525e-18
645.8956302142612 2.3579124572826732e-18
645.9577191640747 2.39554483245562e-18
646.019808113888 2.2868117341403714e-18
646.0818970637013 2.2322568979958147e-18
646.1439860135146 2.301784737203347e-18
646.2060749633279 2.3105518177206433e-18
646.2681639131412 2.26304269923866e-18
646.3302528629545 2.3211912215544535e-18
646.3923418127679 2.3136092840597925e-18
646.4544307625812 2.31762607311435e-18
646.5165197123945 2.297076425156695e-18
646.5786086622078 2.2838245781532893e-18
646.6406976120211 2.3609659945139127e-18
646.7027865618345 2.345766964348557e-18
646.7648755116478 2.324394064886259e-18
646.8269644614611 2.2921139618668363e-18
646.8890534112744 2.2701492146762564e-18
646.9511423610877 2.3343921969501873e-18
647.0132313109011 2.348152760030313e-18
647.0753202607144 2.333786287151492e-18
647.1374092105277 2.401358671390949e-18
647.199498160341 2.380437826133411e-18
647.2615871101543 2.3349786680044874e-18
647.3236760599676 2.275972772983783e-18
647.385765009781 2.222697998837152e-18
647.4478539595943 2.2386433527101835e-18
647.5099429094076 2.2666123971721328e-18
647.5720318592209 2.3468456078673262e-18
647.6341208090342 2.346637158352963e-18
647.6962097588475 2.282295534790985e-18
647.758298708661 2.2716215961666008e-18
647.8203876584743 2.30829402823868e-18
647.8824766082876 2.319029178228393e-18
647.9445655581009 2.3230654060273455e-18
648.0066545079142 2.3484356557998063e-18
648.0687434577276 2.35468273058096e-18
648.1308324075409 2.3579230038354833e-18
648.1929213573542 2.3651058266845875e-18
648.2550103071675 2.335909866579069e-18
648.3170992569808 2.316791654671437e-18
648.3791882067942 2.3126892524234803e-18
648.4412771566075 2.310968509954217e-18
648.5033661064208 2.311338052892875e-18
648.5654550562341 2.3089262010218235e-18
648.6275440060474 2.3007164334422347e-18
648.6896329558608 2.325963433303425e-18
648.751721905674 2.3455132266956565e-18
648.8138108554874 2.352786212231529e-18
648.8758998053007 2.354552863224789e-18
648.937988755114 2.3910522077536914e-18
649.0000777049273 2.3776415420726755e-18
649.0621666547406 2.316421904937626e-18
649.124255604554 2.3383955443197908e-18
649.1863445543673 2.368585568726445e-18
649.2484335041806 2.391260864063208e-18
649.3105224539939 2.4567133911878445e-18
649.3726114038072 2.3820522758939613e-18
649.4347003536207 2.3364330583165087e-18
649.496789303434 2.3639812746418216e-18
649.5588782532473 2.3730990797388405e-18
649.6209672030606 2.3808915346993963e-18
649.6830561528739 2.3682952283314388e-18
649.7451451026873 2.454632204766661e-18
649.8072340525005 2.416726032810959e-18
649.8693230023139 2.3349867330154598e-18
649.9314119521272 2.3512079516227778e-18
649.9935009019405 2.3882253180102915e-18
650.0555898517538 2.4423109359523774e-18
650.1176788015671 2.4544500182367463e-18
650.1797677513805 2.411918252295648e-18
650.2418567011938 2.3954978899558577e-18
650.3039456510071 2.4115691820771504e-18
650.3660346008204 2.435915795841577e-18
650.4281235506337 2.4138056716583407e-18
650.4902125004471 2.4412682747902544e-18
650.5523014502604 2.4468895874380116e-18
650.6143904000737 2.4231900357077548e-18
650.676479349887 2.407197946130114e-18
650.7385682997003 2.4125804103759965e-18
650.8006572495137 2.4690321784602904e-18
650.862746199327 2.4894509250860088e-18
650.9248351491403 2.4161358394439026e-18
650.9869240989536 2.4389501011235745e-18
651.0490130487669 2.4361889722388725e-18
651.1111019985804 2.4063974420923158e-18
651.1731909483935 2.4003792895456862e-18
651.235279898207 2.4241663156257205e-18
651.2973688480203 2.412162063781198e-18
651.3594577978336 2.4029077738831077e-18
651.4215467476469 2.4739677583802412e-18
651.4836356974602 2.5406178362367014e-18
651.5457246472736 2.5566490100982854e-18
651.6078135970869 2.556714357366677e-18
651.6699025469002 2.5461690453275448e-18
651.7319914967135 2.5565853171911188e-18
651.7940804465268 2.5397395772213233e-18
651.8561693963402 2.554874707684359e-18
651.9182583461535 2.603064182220167e-18
651.9803472959668 2.572752975853774e-18
652.0424362457801 2.5217237902750714e-18
652.1045251955934 2.4495247780744524e-18
652.1666141454068 2.39023040381512e-18
652.2287030952201 2.4387031877107274e-18
652.2907920450334 2.4725983608761597e-18
652.3528809948467 2.4901194938161048e-18
652.41496994466 2.4573825803034e-18
652.4770588944733 2.4988336347741978e-18
652.5391478442866 2.5836186135851174e-18
652.6012367941 2.5869275428304827e-18
652.6633257439133 2.546570434719786e-18
652.7254146937266 2.682736978050356e-18
652.7875036435399 2.806788220539168e-18
652.8495925933532 2.8408571016332362e-18
652.9116815431667 2.7799052642215007e-18
652.97377049298 2.6988829232219316e-18
653.0358594427933 2.744678123474705e-18
653.0979483926066 2.7325564119831997e-18
653.1600373424199 2.6889927382279414e-18
653.2221262922333 2.7106479130742733e-18
653.2842152420466 2.492807624011749e-18
653.3463041918599 2.5143736701470784e-18
653.4083931416732 2.5237447993066916e-18
653.4704820914865 2.454319530495116e-18
653.5325710412999 2.4318814291990026e-18
653.5946599911131 2.4760940261448088e-18
653.6567489409265 2.474454760965882e-18
653.7188378907398 2.4895936137416742e-18
653.7809268405531 2.55635804931782e-18
653.8430157903664 2.5375192176620778e-18
653.9051047401797 2.441659738015145e-18
653.9671936899931 2.4565072164201656e-18
654.0292826398064 2.4721690541382447e-18
654.0913715896197 2.4322879884700724e-18
654.153460539433 2.449027435731155e-18
654.2155494892463 2.426815981922881e-18
654.2776384390597 2.4037812766099637e-18
654.339727388873 2.5361485793870774e-18
654.4018163386863 2.549343144133064e-18
654.4639052884996 2.5179872086530163e-18
654.5259942383129 2.463657572430227e-18
654.5880831881263 2.522306332221462e-18
654.6501721379396 2.5375099118801866e-18
654.712261087753 2.5700795281140026e-18
654.7743500375663 2.5847148346919033e-18
654.8364389873796 2.5259144940534182e-18
654.898527937193 2.5115496755358223e-18
654.9606168870062 2.5747142210861372e-18
655.0227058368196 2.5193489547364317e-18
655.0847947866329 2.4464493205569802e-18
655.1468837364462 2.525885749527132e-18
655.2089726862595 2.5623553155539824e-18
655.2710616360728 2.487559369820253e-18
655.3331505858862 2.5342727405529603e-18
655.3952395356995 2.5425478554009408e-18
655.4573284855128 2.4673350106384848e-18
655.5194174353261 2.5104716524025126e-18
655.5815063851394 2.598581070095283e-18
655.6435953349528 2.608378404065514e-18
655.7056842847661 2.5425664669647232e-18
655.7677732345794 2.5468101103022734e-18
655.8298621843927 2.535723408552225e-18
655.891951134206 2.554787646924888e-18
655.9540400840194 2.580466228270678e-18
656.0161290338327 2.6071258458229557e-18
656.078217983646 2.53905405128867e-18
656.1403069334593 2.54854884394986e-18
656.2023958832726 2.6148986552439633e-18
656.2644848330859 2.5932995218841318e-18
656.3265737828992 2.708326017094837e-18
656.3886627327126 2.658762181971272e-18
656.450751682526 2.5984321775850233e-18
656.5128406323392 2.7352906574979937e-18
656.5749295821525 2.7523369887663334e-18
656.6370185319659 2.728931499743839e-18
656.6991074817793 2.6964297123202525e-18
656.7611964315926 2.7039260366215143e-18
656.8232853814059 2.7379986400283392e-18
656.8853743312192 2.7564410453755152e-18
656.9474632810325 2.7035775867884763e-18
657.0095522308459 2.7215774505079365e-18
657.0716411806592 2.751352230247089e-18
657.1337301304725 2.6498230478865647e-18
657.1958190802858 2.6144486689907345e-18
657.2579080300991 2.6608735604848137e-18
657.3199969799125 2.671018103517164e-18
657.3820859297257 2.6176153231707406e-18
657.4441748795391 2.598648692110359e-18
657.5062638293524 2.5758331896597683e-18
657.5683527791657 2.534882579459565e-18
657.630441728979 2.516702183571415e-18
657.6925306787923 2.5511722472625718e-18
657.7546196286057 2.598228484359182e-18
657.816708578419 2.605210095524283e-18
657.8787975282323 2.5463820443352772e-18
657.9408864780456 2.515587350900847e-18
658.0029754278589 2.5248435019553152e-18
658.0650643776723 2.5227590068116816e-18
658.1271533274856 2.5484328318689493e-18
658.189242277299 2.605621411083875e-18
658.2513312271122 2.6606723488008102e-18
658.3134201769255 2.6317479107313622e-18
658.375509126739 2.6493306686269425e-18
658.4375980765523 2.6746306080473363e-18
658.4996870263656 2.610687478745456e-18
658.5617759761789 2.6301777151335834e-18
658.6238649259922 2.6133824331811536e-18
658.6859538758056 2.5811494794566466e-18
658.7480428256188 2.573851058116938e-18
658.8101317754322 2.598328366418148e-18
658.8722207252455 2.5992982356863664e-18
658.9343096750588 2.560990260748117e-18
658.9963986248721 2.6116846449738885e-18
659.0584875746854 2.681254670392661e-18
659.1205765244988 2.6628418367523837e-18
659.1826654743121 2.6046587796460162e-18
659.2447544241254 2.6196551505612964e-18
659.3068433739387 2.616850387899282e-18
659.368932323752 2.571995898798135e-18
659.4310212735654 2.7460326317277605e-18
659.4931102233787 2.747783566289382e-18
659.555199173192 2.7854881129707742e-18
659.6172881230053 2.793791972345041e-18
659.6793770728186 2.7697489338654215e-18
659.741466022632 2.7921986156901107e-18
659.8035549724453 2.7988247459869667e-18
659.8656439222586 2.7050598944461714e-18
659.9277328720719 2.6024423491946804e-18
659.9898218218852 2.620252995349019e-18
660.0519107716985 2.6311302136089382e-18
660.1139997215118 2.6617290720333467e-18
660.1760886713253 2.679901196115371e-18
660.2381776211386 2.6382607172842985e-18
660.3002665709519 2.6248637000833896e-18
660.3623555207652 2.6623043761493773e-18
660.4244444705785 2.6656135121898957e-18
660.4865334203919 2.7023628720589422e-18
660.5486223702052 2.691496200351833e-18
660.6107113200185 2.6498216003204927e-18
660.6728002698318 2.616158864907188e-18
660.7348892196451 2.603728201456894e-18
660.7969781694585 2.616012660733919e-18
660.8590671192718 2.669781054911091e-18
660.9211560690851 2.7172905869833804e-18
660.9832450188984 2.647537754649234e-18
661.0453339687117 2.5919170962854025e-18
661.1074229185251 2.643959991704789e-18
661.1695118683383 2.6579399644423944e-18
661.2316008181517 2.6535159957313077e-18
661.293689767965 2.7075457789820464e-18
661.3557787177783 2.6936503854620743e-18
661.4178676675916 2.636593534759698e-18
661.4799566174049 2.656193786169295e-18
661.5420455672183 2.607145698157657e-18
661.6041345170316 2.6204926709315063e-18
661.6662234668449 2.6980451960565686e-18
661.7283124166582 2.639561458797538e-18
661.7904013664715 2.532102011830468e-18
661.852490316285 2.5925645719098784e-18
661.9145792660983 2.686497134319869e-18
661.9766682159116 2.7035585616343876e-18
662.0387571657249 2.708611601201321e-18
662.1008461155382 2.6906177345413018e-18
662.1629350653516 2.5953223920721302e-18
662.2250240151649 2.59797991658511e-18
662.2871129649782 2.665851947001464e-18
662.3492019147915 2.7184151390261463e-18
662.4112908646048 2.733717773563224e-18
662.4733798144182 2.7100957700153942e-18
662.5354687642314 2.6647815752888205e-18
662.5975577140448 2.60197974843711e-18
662.6596466638581 2.6114708187855436e-18
662.7217356136714 2.5027352389284573e-18
662.7838245634847 2.4955455918392995e-18
662.845913513298 2.52632973872092e-18
662.9080024631114 2.5737811613551774e-18
662.9700914129247 2.6018383005523636e-18
663.032180362738 2.536691003073759e-18
663.0942693125513 2.5079493719196853e-18
663.1563582623646 2.595411520783133e-18
663.218447212178 2.6088145350434827e-18
663.2805361619913 2.669569917059737e-18
663.3426251118046 2.6656583867381267e-18
663.4047140616179 2.715438322796721e-18
663.4668030114312 2.716860453064853e-18
663.5288919612447 2.6953227378655034e-18
663.5909809110578 2.7019337721161803e-18
663.6530698608713 2.713747979214969e-18
663.7151588106846 2.685505551560571e-18
663.7772477604979 2.6679881409333823e-18
663.8393367103112 2.6557518649270385e-18
663.9014256601245 2.641819661869808e-18
663.9635146099379 2.6764574364301596e-18
664.0256035597512 2.7317772078461747e-18
664.0876925095645 2.703109195766618e-18
664.1497814593778 2.6353740637416415e-18
664.2118704091911 2.6850220644925337e-18
664.2739593590045 2.706734728391438e-18
664.3360483088178 2.666751919507922e-18
664.3981372586311 2.6354371362633487e-18
664.4602262084444 2.6424770636616344e-18
664.5223151582577 2.6601075912375896e-18
664.5844041080711 2.724117722169087e-18
664.6464930578844 2.689747540536896e-18
664.7085820076977 2.6453846035147583e-18
664.770670957511 2.6577426818663005e-18
664.8327599073243 2.673544519903054e-18
664.8948488571377 2.6497035202880508e-18
664.9569378069509 2.61793027218897e-18
665.0190267567643 2.6861766018325046e-18
665.0811157065776 2.8331785908020596e-18
665.1432046563909 2.8206670704468888e-18
665.2052936062042 2.807135429601287e-18
665.2673825560175 2.752729899557296e-18
665.329471505831 2.7120615647411265e-18
665.3915604556443 2.786512369364268e-18
665.4536494054576 2.8185968441688217e-18
665.5157383552709 2.6960076434126973e-18
665.5778273050842 2.70882832252181e-18
665.6399162548976 2.7261943590969012e-18
665.7020052047109 2.639500247432209e-18
665.7640941545242 2.6819670796952222e-18
665.8261831043375 2.7406627819862194e-18
665.8882720541508 2.745712099240396e-18
665.9503610039642 2.7481237443162945e-18
666.0124499537775 2.7350791060563333e-18
666.0745389035908 2.708369444076996e-18
666.1366278534041 2.87973996709721e-18
666.1987168032174 2.9391762028315954e-18
666.2608057530307 2.8628913319952706e-18
666.322894702844 2.8121353228138637e-18
666.3849836526574 2.8403448700389128e-18
666.4470726024707 2.8784522536786182e-18
666.509161552284 1.0530012903569187e-15
666.5712505020973 -1.9889684883779639e-16
666.6333394519106 9.14048969813754e-18
666.695428401724 2.6444591952044646e-18
666.7575173515373 2.3912004798784916e-18
666.8196063013506 2.522112151572665e-18
666.8816952511639 2.5863735386152253e-18
666.9437842009772 2.5897149346996333e-18
667.0058731507906 2.5665567726802924e-18
667.067962100604 2.476320260042342e-18
667.1300510504173 2.4678472422328082e-18
667.1921400002306 2.4925305185065437e-18
667.2542289500439 2.5062536516639516e-18
667.3163178998573 2.5496760843296165e-18
667.3784068496705 2.7706654499841302e-18
667.4404957994839 2.766053711273994e-18
667.5025847492972 2.6868871499786876e-18
667.5646736991105 2.7022737433479396e-18
667.6267626489238 2.6742211536441225e-18
667.6888515987371 2.7173832312119864e-18
667.7509405485505 2.718386187704707e-18
667.8130294983638 2.7076791618558205e-18
667.8751184481771 2.69602232586857e-18
667.9372073979904 2.6991592015465243e-18
667.9992963478037 2.7221082936660424e-18
668.0613852976171 2.691835551198133e-18
668.1234742474304 2.7028385009111602e-18
668.1855631972437 2.6209147398390615e-18
668.247652147057 2.6289352898535288e-18
668.3097410968703 2.6429679953551846e-18
668.3718300466837 2.6609777852419954e-18
668.433918996497 2.722480111351385e-18
668.4960079463103 2.7196850680615683e-18
668.5580968961236 2.69304716400037e-18
668.6201858459369 2.706215465761908e-18
668.6822747957503 2.6677743147450374e-18
668.7443637455635 2.640950708636321e-18
668.806452695377 2.6948725448171214e-18
668.8685416451902 2.688314450125648e-18
668.9306305950035 2.57836167399719e-18
668.9927195448169 2.5545192268161145e-18
669.0548084946302 2.629026900106369e-18
669.1168974444436 2.650451911947258e-18
669.1789863942569 2.657203153311763e-18
669.2410753440702 2.655621170390255e-18
669.3031642938835 2.705500574917509e-18
669.3652532436968 2.617328911883644e-18
669.4273421935102 2.5602333904876308e-18
669.4894311433235 2.5994843513241908e-18
669.5515200931368 2.6426987480657986e-18
669.6136090429501 2.6463153884990336e-18
669.6756979927634 2.6333021831023494e-18
669.7377869425768 2.6355835472317706e-18
669.7998758923901 2.5975861786135347e-18
669.8619648422034 2.607600440699408e-18
669.9240537920167 2.6853221242597373e-18
669.98614274183 2.690161958023785e-18
670.0482316916433 2.618307052957988e-18
670.1103206414566 2.5991667139689704e-18
670.17240959127 2.675415602448649e-18
670.2344985410833 2.7044450924558913e-18
670.2965874908966 2.6282487299451098e-18
670.3586764407099 2.6440615281249797e-18
670.4207653905232 2.7176315921909054e-18
670.4828543403366 2.6777044112035833e-18
670.54494329015 2.618731810202534e-18
670.6070322399632 2.61974303850138e-18
670.6691211897765 2.6230703725153747e-18
670.7312101395898 2.6369732106608597e-18
670.7932990894033 2.687837580502511e-18
670.8553880392166 2.6891271550774812e-18
670.9174769890299 2.6486410067912264e-18
670.9795659388432 2.650636993609317e-18
671.0416548886565 2.6610305180060457e-18
671.1037438384699 2.664174838309513e-18
671.1658327882831 2.664744972546715e-18
671.2279217380965 2.6471142381756067e-18
671.2900106879098 2.6099498404342117e-18
671.3520996377231 2.613042255154241e-18
671.4141885875364 2.6199796121565703e-18
671.4762775373497 2.652401990241352e-18
671.5383664871631 2.6805461901980093e-18
671.6004554369764 2.6639500519780516e-18
671.6625443867897 2.6431276412134074e-18
671.724633336603 2.6398627593356606e-18
671.7867222864163 2.5984276280916543e-18
671.8488112362297 2.5687779594201504e-18
671.910900186043 2.5960972535109393e-18
671.9729891358563 2.6388122399577182e-18
672.0350780856696 2.6348504584138955e-18
672.0971670354829 2.6592111342487353e-18
672.1592559852963 2.717708933578179e-18
672.2213449351096 2.6654886079174002e-18
672.2834338849229 2.6170377443080254e-18
672.3455228347362 2.6186445426479097e-18
672.4076117845495 2.5921594602048806e-18
672.469700734363 2.620595654917769e-18
672.5317896841761 2.660711019494447e-18
672.5938786339896 2.6194442195050953e-18
672.6559675838029 2.6358021297086377e-18
672.7180565336162 2.6628846433490833e-18
672.7801454834295 2.6182764472753236e-18
672.8422344332428 2.591878839182072e-18
672.9043233830562 2.5448153642551018e-18
672.9664123328695 2.5306012994041437e-18
673.0285012826828 2.5785901826414076e-18
673.0905902324961 2.6309943491933264e-18
673.1526791823094 2.6217042837337434e-18
673.2147681321228 2.6042596650004594e-18
673.2768570819361 2.6658930992369386e-18
673.3389460317494 2.6189224753337275e-18
673.4010349815627 2.5873733931806488e-18
673.463123931376 2.562872096641675e-18
673.5252128811894 2.575940516344247e-18
673.5873018310027 2.552983772804063e-18
673.649390780816 2.608669985231439e-18
673.7114797306293 2.6335013268348215e-18
673.7735686804426 2.575424355642014e-18
673.8356576302559 2.5923087663054464e-18
673.8977465800692 2.578496711232189e-18
673.9598355298826 2.576655613983799e-18
674.0219244796959 2.6355785841480953e-18
674.0840134295092 2.628971479005328e-18
674.1461023793225 2.5993617217983798e-18
674.2081913291358 2.6173981882599454e-18
674.2702802789493 2.5657496511975938e-18
674.3323692287626 2.528236803623161e-18
674.3944581785759 2.5499618752312536e-18
674.4565471283892 2.5953166018078424e-18
674.5186360782025 2.5731338925258547e-18
674.5807250280159 2.507595959002972e-18
674.6428139778292 2.5504281983015803e-18
674.7049029276425 2.584787833380961e-18
674.7669918774558 2.5857155164379394e-18
674.8290808272691 2.584035512613844e-18
674.8911697770825 2.5810285042920608e-18
674.9532587268957 2.625257438054965e-18
675.0153476767091 2.6044741115742638e-18
675.0774366265224 2.5876002474636414e-18
675.1395255763357 2.6162258665368046e-18
675.201614526149 2.6212691867315405e-18
675.2637034759623 2.5996390340987382e-18
675.3257924257757 2.5685488303904732e-18
675.387881375589 2.5368427907161626e-18
675.4499703254023 2.5273959745305007e-18
675.5120592752156 2.4584876936017707e-18
675.5741482250289 2.4687993271178568e-18
675.6362371748423 2.504643544601617e-18
675.6983261246556 2.5281747650772194e-18
675.7604150744689 2.437529832011821e-18
675.8225040242822 2.4581855658830357e-18
675.8845929740955 2.5376222016483406e-18
675.946681923909 2.585629696449387e-18
676.0087708737223 2.633879141579605e-18
676.0708598235356 2.5645361772389785e-18
676.1329487733489 2.4571608958992357e-18
676.1950377231622 2.4879979823400594e-18
676.2571266729756 2.4110145574764336e-18
676.3192156227888 2.3662735989143592e-18
676.3813045726022 2.4206125409190396e-18
676.4433935224155 2.4596122456445366e-18
676.5054824722288 2.4162075973620415e-18
676.5675714220421 2.3565500908137984e-18
676.6296603718554 2.3756937385252662e-18
676.6917493216688 2.404840481384338e-18
676.7538382714821 2.4532867955003436e-18
676.8159272212954 2.6502358110122287e-18
676.8780161711087 2.605394556800882e-18
676.940105120922 2.5722306112969468e-18
677.0021940707354 2.599031263143665e-18
677.0642830205487 2.6216372821041266e-18
677.126371970362 2.6026208134118387e-18
677.1884609201753 2.621686085760267e-18
677.2505498699886 2.644203803190339e-18
677.312638819802 2.5653286162658043e-18
677.3747277696152 2.567963600107092e-18
677.4368167194286 2.642348023486076e-18
677.4989056692419 2.6335747391141856e-18
677.5609946190552 2.6008148713394823e-18
677.6230835688685 2.5628820228090256e-18
677.6851725186818 2.5880659501485088e-18
677.7472614684953 2.592021114247431e-18
677.8093504183086 2.5164937340570518e-18
677.8714393681219 2.540620317778539e-18
677.9335283179352 2.588052922053861e-18
677.9956172677485 2.532252972292259e-18
678.0577062175619 2.5373465437092073e-18
678.1197951673752 2.6035646264907617e-18
678.1818841171885 2.6252822534733415e-18
678.2439730670018 2.6339006482755315e-18
678.3060620168151 2.6239970215965872e-18
678.3681509666285 2.631168470712269e-18
678.4302399164418 3.2181722293268496e-18
678.4923288662551 5.648925177375177e-18
678.5544178160684 1.019146733413924e-17
678.6165067658817 1.4914642162037426e-17
678.6785957156951 1.736118267925694e-17
678.7406846655083 1.8049648411807275e-17
678.8027736153217 1.819043786078625e-17
678.864862565135 1.8220793734905722e-17
678.9269515149483 1.763835435891121e-17
678.9890404647616 1.6547260117561912e-17
679.0511294145749 1.5434538411916805e-17
679.1132183643883 1.409172318400027e-17
679.1753073142016 1.1729029002391582e-17
679.2373962640149 8.035074478843113e-18
679.2994852138282 4.616203003902216e-18
679.3615741636415 2.8470421378684484e-18
679.423663113455 2.5668810274804132e-18
679.4857520632683 2.579861972833208e-18
679.5478410130816 2.589599129413876e-18
679.6099299628949 2.598677229841492e-18
679.6720189127082 2.5644588358517048e-18
679.7341078625216 2.520414570160553e-18
679.7961968123349 2.5305655238426508e-18
679.8582857621482 2.5871994784568595e-18
679.9203747119615 2.5696481534245562e-18
679.9824636617748 2.5277557980969613e-18
680.0445526115881 2.554330216046146e-18
680.1066415614014 2.5970191463036296e-18
680.1687305112148 2.553218898893181e-18
680.2308194610281 2.5243012850637867e-18
680.2929084108414 2.5468460926589195e-18
680.3549973606547 2.5363460687583245e-18
680.417086310468 2.5394246282030937e-18
680.4791752602814 2.5350031410338446e-18
680.5412642100947 2.5116280508988617e-18
680.603353159908 2.5876081056794607e-18
680.6654421097213 2.6561809648698004e-18
680.7275310595346 2.7191198969080415e-18
680.789620009348 2.772901112384708e-18
680.8517089591613 2.716637734684923e-18
680.9137979089746 2.6913609563216807e-18
680.9758868587879 2.7103906599037694e-18
681.0379758086012 2.7390592923687853e-18
681.1000647584146 5.210438802612348e-18
681.1621537082278 4.209217734816938e-18
681.2242426580412 3.1813757201628876e-18
681.2863316078545 2.6493530025034814e-18
681.3484205576679 2.555708919332119e-18
681.4105095074812 2.4658587000402308e-18
681.4725984572945 2.436313876511368e-18
681.5346874071079 2.3935012827523078e-18
681.5967763569212 2.4620638021849906e-18
681.6588653067345 2.543237930826963e-18
681.7209542565478 2.534073596820488e-18
681.7830432063611 2.489177748688713e-18
681.8451321561745 2.4672632527203458e-18
681.9072211059878 2.4673434892397634e-18
681.9693100558011 2.461390063576066e-18
682.0313990056144 2.5355083415929614e-18
682.0934879554277 2.5091835253936144e-18
682.1555769052411 2.4252954171618554e-18
682.2176658550544 2.495425443855326e-18
682.2797548048677 2.5561599395611134e-18
682.341843754681 2.5050341806458953e-18
682.4039327044943 2.4690830500679625e-18
682.4660216543077 2.449990894349626e-18
682.5281106041209 2.4612169760328894e-18
682.5901995539343 2.508180568900894e-18
682.6522885037476 2.4876784838284608e-18
682.7143774535609 2.4574270412613246e-18
682.7764664033742 2.4529093943458662e-18
682.8385553531875 2.4677037263965303e-18
682.900644303001 2.4872144355048186e-18
682.9627332528142 2.492918259418678e-18
683.0248222026275 2.4497838924013346e-18
683.0869111524408 2.4033401825483198e-18
683.1490001022541 2.4107508936561824e-18
683.2110890520676 2.4279299874128368e-18
683.2731780018809 2.4067128047008516e-18
683.3352669516942 2.4229999909620207e-18
683.3973559015075 2.4452114447702946e-18
683.4594448513208 2.4410008886572466e-18
683.5215338011342 2.3960971823096523e-18
683.5836227509475 2.426657163245271e-18
683.6457117007608 2.402712559258545e-18
683.7078006505741 2.3570091760537653e-18
683.7698896003874 2.3928864807620278e-18
683.8319785502007 2.460276885266723e-18
683.894067500014 2.4334379763166743e-18
683.9561564498274 2.41142483906026e-18
684.0182453996407 2.3576361789580805e-18
684.080334349454 2.350793947726195e-18
684.1424232992673 2.401817963426069e-18
684.2045122490806 2.4373916928495246e-18
684.266601198894 2.444075312198953e-18
684.3286901487073 2.3770705806548607e-18
684.3907790985206 2.378523316605657e-18
684.4528680483339 2.355957209109751e-18
684.5149569981472 2.3008419581001896e-18
684.5770459479606 2.2939926958330974e-18
684.6391348977739 2.3060099757722678e-18
684.7012238475872 2.296483750247801e-18
684.7633127974005 2.3317749974920695e-18
684.8254017472138 2.3634963400077124e-18
684.8874906970273 2.3668065100239965e-18
684.9495796468404 2.386341620960355e-18
685.0116685966539 2.3940269560315852e-18
685.0737575464672 2.4268172226938e-18
685.1358464962805 2.4189583864890866e-18
685.1979354460938 2.3651031383475967e-18
685.2600243959071 2.4387375157061484e-18
685.3221133457205 2.444292033519442e-18
685.3842022955338 2.413544489379927e-18
685.4462912453471 2.3652208047897323e-18
685.5083801951604 2.393748609755461e-18
685.5704691449737 2.429900331631938e-18
685.6325580947871 2.4057706459831537e-18
685.6946470446004 2.3425099406866295e-18
685.7567359944137 2.3151331575432683e-18
685.818824944227 2.3288285801501556e-18
685.8809138940403 2.3268925639264752e-18
685.9430028438537 2.3373013911645363e-18
686.005091793667 2.385952639277302e-18
686.0671807434803 2.369898924744026e-18
686.1292696932936 2.3761730896902407e-18
686.1913586431069 2.4058326845290952e-18
686.2534475929203 2.3564619960785615e-18
686.3155365427335 2.312558351091544e-18
686.3776254925469 2.32226572917016e-18
686.4397144423602 2.283663898319301e-18
686.5018033921735 2.191274441342028e-18
686.5638923419868 2.131265796623756e-18
686.6259812918001 2.06803528341959e-18
686.6880702416136 1.976500717605391e-18
686.7501591914269 1.9615115845204707e-18
686.8122481412402 1.8954883027731725e-18
686.8743370910535 1.7750642472704057e-18
686.9364260408668 1.7327640919008221e-18
686.9985149906802 1.6903382050781305e-18
687.0606039404935 1.7029000800530904e-18
687.1226928903068 1.7209061476271448e-18
687.1847818401201 1.7686544247037323e-18
687.2468707899334 1.793885501338131e-18
687.3089597397468 1.8052176689349544e-18
687.3710486895601 1.823590591110676e-18
687.4331376393734 1.9118160208843568e-18
687.4952265891867 1.9033779514557033e-18
687.557315539 1.849597149569343e-18
687.6194044888133 1.892935830197987e-18
687.6814934386266 1.9845533208685947e-18
687.74358238844 2.036415063733832e-18
687.8056713382533 2.038726413160458e-18
687.8677602880666 2.0728490609943425e-18
687.9298492378799 2.091079501309552e-18
687.9919381876932 2.173826720681447e-18
688.0540271375066 2.2200427490708567e-18
688.1161160873199 2.181344344883482e-18
688.1782050371332 2.2189291571712072e-18
688.2402939869465 2.251217118406449e-18
688.3023829367598 2.2190892166197362e-18
688.3644718865733 2.1702917643337017e-18
688.4265608363866 2.184374514262417e-18
688.4886497861999 2.1769820011280306e-18
688.5507387360132 2.1297272406844075e-18
688.6128276858265 2.0761067050417295e-18
688.6749166356399 2.0185214927230848e-18
688.7370055854531 2.0531648507525713e-18
688.7990945352665 2.094842759506362e-18
688.8611834850798 2.0932355475761713e-18
688.9232724348931 2.0666088104532425e-18
688.9853613847064 1.9987653177680214e-18
689.0474503345197 2.075450750815975e-18
689.1095392843331 2.0428281950229555e-18
689.1716282341464 1.974735927768509e-18
689.2337171839597 2.040186180146461e-18
689.295806133773 2.0940567311292833e-18
689.3578950835863 2.0342186924123504e-18
689.4199840333997 2.008560170196415e-18
689.482072983213 2.0650386148554637e-18
689.5441619330263 2.089482215546712e-18
689.6062508828396 2.0628788462760877e-18
689.6683398326529 2.069179274206751e-18
689.7304287824663 2.105703640949183e-18
689.7925177322796 2.1053202427352648e-18
689.8546066820929 2.066694630441795e-18
689.9166956319062 2.0593054260298587e-18
689.9787845817195 2.0944293759952385e-18
690.040873531533 2.1189164036686457e-18
690.1029624813461 2.1568482182233368e-18
690.1650514311596 2.1712397133156875e-18
690.2271403809729 2.136081848945193e-18
690.2892293307862 2.105079946767318e-18
690.3513182805995 2.1017813572796098e-18
690.4134072304128 2.1639251619540342e-18
690.4754961802262 2.2008984809739295e-18
690.5375851300395 2.24615249831094e-18
690.5996740798528 2.2907542837349523e-18
690.6617630296661 2.2464813026044297e-18
690.7238519794794 2.3250547754005356e-18
690.7859409292928 2.325952886750615e-18
690.8480298791061 2.289506274985763e-18
690.9101188289194 2.4149122325227835e-18
690.9722077787327 2.3987840717343777e-18
691.034296728546 2.2990006540566466e-18
691.0963856783594 2.2762941326517597e-18
691.1584746281726 2.22480255311064e-18
691.220563577986 2.1704902876807145e-18
691.2826525277993 2.2164335532631347e-18
691.3447414776126 2.2681081465147818e-18
691.4068304274259 2.2511608701247954e-18
691.4689193772392 2.19162578630721e-18
691.5310083270526 2.194391257890128e-18
691.5930972768659 2.2563053131494158e-18
691.6551862266792 2.2607230780059084e-18
691.7172751764925 2.2566283271786177e-18
691.7793641263058 2.26982723462282e-18
691.8414530761193 2.2737147767066662e-18
691.9035420259326 2.2865036093621954e-18
691.9656309757459 2.262297823097056e-18
692.0277199255592 2.2159936999724097e-18
692.0898088753725 2.2124653610695647e-18
692.1518978251859 2.2139532521963945e-18
692.2139867749992 2.2234947805621936e-18
692.2760757248125 2.2427449277775277e-18
692.3381646746258 2.234719414679385e-18
692.4002536244391 2.239510031196986e-18
692.4623425742525 2.2505167032227697e-18
692.5244315240657 2.242374144067951e-18
692.5865204738791 2.1959595923315285e-18
692.6486094236924 2.15233594798186e-18
692.7106983735057 2.2118203669869265e-18
692.772787323319 2.2387492318285903e-18
692.8348762731323 2.194951052369673e-18
692.8969652229457 2.2093042903586933e-18
692.959054172759 2.1841939820937273e-18
693.0211431225723 2.129647210960143e-18
693.0832320723856 2.204841857749123e-18
693.1453210221989 2.2447442233180684e-18
693.2074099720123 2.1821347159587766e-18
693.2694989218256 2.160237797578426e-18
693.3315878716389 2.1813017450819357e-18
693.3936768214522 2.205679378119333e-18
693.4557657712655 2.2183251085288904e-18
693.517854721079 2.232102008426114e-18
693.5799436708922 2.2500501733572898e-18
693.6420326207055 2.2176658455806856e-18
693.7041215705189 2.223221397369745e-18
693.7662105203322 3.3257869794539265e-18
693.8282994701455 2.746134995328564e-18
693.8903884199588 2.8269234510099336e-18
693.9524773697722 2.6168971236038914e-18
694.0145663195855 2.5040521104636417e-18
694.0766552693988 2.412436067359106e-18
694.1387442192121 2.8044022180622586e-18
694.2008331690254 2.883350196880698e-18
694.2629221188388 2.2211280100345263e-18
694.3250110686521 2.2687316339014936e-18
694.3871000184654 2.3628693371033972e-18
694.4491889682787 2.5284696549655945e-18
694.511277918092 2.6660680479364936e-18
694.5733668679054 2.656392929901767e-18
694.6354558177187 2.605611071326218e-18
694.697544767532 2.6080469114350335e-18
694.7596337173453 2.563801227264725e-18
694.8217226671586 2.5374251258674e-18
694.883811616972 2.566120641702324e-18
694.9459005667852 2.529204811735001e-18
695.0079895165986 2.4525615648982877e-18
695.0700784664119 2.2967314908412605e-18
695.1321674162252 2.169070018568961e-18
695.1942563660385 2.1350313295672507e-18
695.2563453158518 2.131024673475197e-18
695.3184342656652 2.126954944861436e-18
695.3805232154785 2.109622202306e-18
695.4426121652918 2.0974018495264478e-18
695.5047011151051 2.1194422837430763e-18
695.5667900649185 2.118013122439738e-18
695.6288790147319 2.1302479508800097e-18
695.6909679645452 2.1165318487578085e-18
695.7530569143585 2.15606756652024e-18
695.8151458641718 2.123525040451485e-18
695.8772348139851 2.1963200362834484e-18
695.9393237637985 2.336589188657128e-18
696.0014127136118 2.462324364077945e-18
696.0635016634251 2.562520958471646e-18
696.1255906132384 2.5716778478526082e-18
696.1876795630517 2.6020103541197746e-18
696.2497685128651 2.588564119672419e-18
696.3118574626783 2.5815945026262e-18
696.3739464124917 2.6156859243919607e-18
696.436035362305 2.6072269686528403e-18
696.4981243121183 2.576546426142942e-18
696.5602132619316 2.518544521590724e-18
696.6223022117449 2.415646148521271e-18
696.6843911615583 2.3397231692029384e-18
696.7464801113716 2.270164931107895e-18
696.8085690611849 2.268816213119127e-18
696.8706580109982 2.2195365145359743e-18
696.9327469608115 2.2306550627396058e-18
696.9948359106249 2.284075420674046e-18
697.0569248604382 2.250017499723094e-18
697.1190138102515 2.192040203794099e-18
697.1811027600648 2.176961735203023e-18
697.2431917098781 2.211220040657366e-18
697.3052806596916 2.2465540944983344e-18
697.3673696095049 2.2228876299925797e-18
697.4294585593182 2.2476600349773178e-18
697.4915475091315 2.3277065096492274e-18
697.5536364589448 2.352852386680533e-18
697.6157254087581 2.3142619295630968e-18
697.6778143585714 2.3209236286262926e-18
697.7399033083848 2.338071082724517e-18
697.8019922581981 2.2481633743800563e-18
697.8640812080114 2.2390064849990943e-18
697.9261701578247 2.270824814441559e-18
697.988259107638 2.2853726466696823e-18
698.0503480574514 2.290937917830939e-18
698.1124370072647 2.2793389844865674e-18
698.174525957078 2.255994706829402e-18
698.2366149068913 2.247154834418201e-18
698.2987038567046 2.184118501862832e-18
698.360792806518 2.244544872790443e-18
698.4228817563313 2.2828948271447797e-18
698.4849707061446 2.221487833600987e-18
698.5470596559579 2.22051279445394e-18
698.6091486057712 2.2260420832585507e-18
698.6712375555846 2.213607283905194e-18
698.7333265053978 2.221144140056471e-18
698.7954154552112 2.1886098857938417e-18
698.8575044050245 2.141149570967999e-18
698.9195933548378 2.1508546742999307e-18
698.9816823046511 2.173337443349122e-18
699.0437712544644 2.2060218308929298e-18
699.1058602042779 2.1884612000787353e-18
699.1679491540912 2.1487526015682803e-18
699.2300381039045 2.2023508033344194e-18
699.2921270537178 2.206533442101794e-18
699.3542160035311 2.215321202134404e-18
699.4163049533445 2.2717994399982997e-18
699.4783939031578 2.2561549730730843e-18
699.5404828529711 2.1424573435164455e-18
699.6025718027844 2.138536093822638e-18
699.6646607525977 2.13423330707129e-18
699.7267497024111 2.1729925090336874e-18
699.7888386522244 2.159805595708367e-18
699.8509276020377 2.1590181197652165e-18
699.913016551851 2.139550424048781e-18
699.9751055016643 2.097517241221899e-18
700.0371944514777 2.105246003275288e-18
700.0992834012909 2.2062042242179977e-18
700.1613723511043 2.1820135339990376e-18
700.2234613009176 2.198190705238737e-18
700.2855502507309 2.1838740699918225e-18
700.3476392005442 2.1424188796179618e-18
700.4097281503575 2.1235302103303134e-18
700.4718171001709 2.1232907415429793e-18
700.5339060499842 2.158117113282993e-18
700.5959949997975 2.223938149370522e-18
700.6580839496108 2.1751944638243035e-18
700.7201728994241 2.151193404760771e-18
700.7822618492376 2.2081472714768848e-18
700.8443507990509 2.2273314510383677e-18
700.9064397488642 2.214422263603712e-18
700.9685286986775 2.174191714126736e-18
701.0306176484908 2.1465274857205127e-18
701.0927065983042 2.167988893508354e-18
701.1547955481175 2.1773062559281514e-18
701.2168844979308 2.1461637330461425e-18
701.2789734477441 2.17659053790314e-18
701.3410623975574 2.1886617913772794e-18
701.4031513473707 2.149619486850236e-18
701.465240297184 2.1183547480327222e-18
701.5273292469974 2.1146413274678186e-18
701.5894181968107 2.1080584173579684e-18
701.651507146624 2.1345031747461356e-18
701.7135960964373 2.1375794594442203e-18
701.7756850462506 2.1093833539041252e-18
701.837773996064 2.1295653200795003e-18
701.8998629458773 2.1340569108056632e-18
701.9619518956906 2.113653260226124e-18
702.0240408455039 2.157588751666725e-18
702.0861297953172 2.1454320917943393e-18
702.1482187451306 2.1382347932845154e-18
702.2103076949439 2.1493793976774424e-18
702.2723966447572 2.1607010187214557e-18
702.3344855945705 2.151903746111801e-18
702.3965745443838 2.1504611431235086e-18
702.4586634941973 2.1276764531507354e-18
702.5207524440104 2.1101778608824824e-18
702.5828413938239 2.0844723961667845e-18
702.6449303436372 2.0691383287664296e-18
702.7070192934505 2.1457003051079596e-18
702.7691082432638 2.1451452669169366e-18
702.8311971930771 2.077013708583394e-18
702.8932861428905 2.088834533127083e-18
702.9553750927038 2.168857639946688e-18
703.0174640425171 2.1520867598223284e-18
703.0795529923304 2.185886600422164e-18
703.1416419421437 2.2340278916872908e-18
703.2037308919571 2.2254043270062723e-18
703.2658198417704 2.233854597348961e-18
703.3279087915837 2.19172132566796e-18
703.389997741397 2.1455164642168197e-18
703.4520866912103 2.1192344546141724e-18
703.5141756410237 2.0751116067648282e-18
703.576264590837 2.0685357276901848e-18
703.6383535406503 2.1356202821633884e-18
703.7004424904636 2.0919790602257033e-18
703.7625314402769 2.062052286048994e-18
703.8246203900903 2.0619641913137572e-18
703.8867093399035 2.085805604519067e-18
703.9487982897169 2.138964159789634e-18
704.0108872395302 2.1511725184503042e-18
704.0729761893435 2.0908948332377994e-18
704.1350651391568 2.096919189639023e-18
704.1971540889701 2.1091486414053133e-18
704.2592430387836 2.1350056869682615e-18
704.3213319885969 2.1380972745076785e-18
704.3834209384102 2.0945755801685072e-18
704.4455098882235 2.0657530921095564e-18
704.5075988380368 2.1154800886089473e-18
704.5696877878502 2.1502466965497042e-18
704.6317767376635 2.1223502371865065e-18
704.6938656874768 2.107206834917345e-18
704.7559546372901 2.0841700616528964e-18
704.8180435871034 2.0715656902739665e-18
704.8801325369168 2.1155967210753173e-18
704.94222148673 2.1094528370755797e-18
705.0043104365434 2.126482417936515e-18
705.0663993863567 2.101935833259004e-18
705.12848833617 2.0241341199744102e-18
705.1905772859833 2.0506251994768803e-18
705.2526662357966 2.0836139894861076e-18
705.31475518561 2.0728149397940747e-18
705.3768441354233 2.0644233992748774e-18
705.4389330852366 2.067894662715456e-18
705.5010220350499 2.1145036018958285e-18
705.5631109848632 2.1187981168410507e-18
705.6251999346766 2.0716362074211866e-18
705.6872888844899 2.058366782829764e-18
705.7493778343032 2.0916295764168996e-18
705.8114667841165 2.0646223362121964e-18
705.8735557339298 2.014685235837217e-18
705.9356446837432 2.056208255021307e-18
705.9977336335565 2.079258883561016e-18
706.0598225833699 2.082492539370639e-18
706.1219115331832 2.074318754147696e-18
706.1840004829965 2.0320066046592305e-18
706.2460894328099 2.0388449067832064e-18
706.308178382623 2.090609869516775e-18
706.3702673324365 2.0413715299642496e-18
706.4323562822498 2.0125459399780017e-18
706.4944452320631 2.058483001705828e-18
706.5565341818764 2.0934688125089113e-18
706.6186231316897 2.0502649623201135e-18
706.6807120815031 2.0503877986410776e-18
706.7428010313164 2.0840836212788846e-18
706.8048899811297 2.091580565965606e-18
706.866978930943 2.115863900413172e-18
706.9290678807563 2.1372686463290535e-18
706.9911568305697 2.107375579762306e-18
707.053245780383 2.075603365638991e-18
707.1153347301963 2.146668520014953e-18
707.1774236800096 2.1478584193261105e-18
707.2395126298229 2.0519937698003493e-18
707.3016015796363 2.0341651324676876e-18
707.3636905294496 2.0583955273560503e-18
707.4257794792629 2.0625692739318398e-18
707.4878684290762 2.0632688619349065e-18
707.5499573788895 2.041536552496454e-18
707.6120463287028 2.0188620843403035e-18
707.6741352785161 2.0534717347598284e-18
707.7362242283295 2.07665036949933e-18
707.7983131781428 2.0741471141705914e-18
707.8604021279561 2.0701975335408038e-18
707.9224910777695 2.1011134089349732e-18
707.9845800275828 2.10939948392607e-18
708.0466689773962 2.0575596613470655e-18
708.1087579272095 2.0281802739407133e-18
708.1708468770228 2.073302976355481e-18
708.2329358268361 2.0789679227805504e-18
708.2950247766494 2.087150393399925e-18
708.3571137264628 2.0692814310124013e-18
708.4192026762761 2.0823606040629367e-18
708.4812916260894 2.1615052450720103e-18
708.5433805759027 2.152395504985964e-18
708.605469525716 2.099116181345964e-18
708.6675584755294 2.121674844216357e-18
708.7296474253426 2.117483933642857e-18
708.791736375156 2.029887781520176e-18
708.8538253249693 2.0292245894640615e-18
708.9159142747826 2.0791389423721957e-18
708.9780032245959 2.0437242384215036e-18
709.0400921744092 2.058916857937112e-18
709.1021811242226 2.086611898821153e-18
709.1642700740359 2.0379914631862048e-18
709.2263590238492 2.0430478114755883e-18
709.2884479736625 2.055552921181012e-18
709.3505369234758 2.0570585966910115e-18
709.4126258732892 2.0962464850058643e-18
709.4747148231025 2.1162940343316995e-18
709.5368037729158 2.0960105317361336e-18
709.5988927227291 2.0951055961460006e-18
709.6609816725424 2.102918523826717e-18
709.7230706223559 2.0987582189358816e-18
709.7851595721692 2.0641105182081792e-18
709.8472485219825 2.052155070019797e-18
709.9093374717958 2.0473394312886666e-18
709.9714264216091 2.0597496220187996e-18
710.0335153714225 2.0856819410174902e-18
710.0956043212357 2.096905334363763e-18
710.1576932710491 2.0510875934392975e-18
710.2197822208624 2.0384170476113633e-18
710.2818711706757 2.0753572794067564e-18
710.343960120489 2.0831652440037976e-18
710.4060490703023 2.0712383335465486e-18
710.4681380201157 2.0253446988008816e-18
710.530226969929 2.0261764289068036e-18
710.5923159197423 2.0163462145072234e-18
710.6544048695556 2.0255312280290123e-18
710.7164938193689 2.0650671525865968e-18
710.7785827691823 2.0241167491815466e-18
710.8406717189956 2.0473524593833143e-18
710.9027606688089 2.112737984878334e-18
710.9648496186222 2.029119330731114e-18
711.0269385684355 1.9972819761345607e-18
711.0890275182489 2.067294543181049e-18
711.1511164680622 2.104688069952121e-18
711.2132054178755 2.112241056125343e-18
711.2752943676888 2.0807647658661687e-18
711.3373833175021 2.058920166659562e-18
711.3994722673154 2.1043460307688304e-18
711.4615612171287 2.118318765676076e-18
711.5236501669422 2.1151078573332985e-18
711.5857391167555 2.0809502611185337e-18
711.6478280665688 2.1147385211897935e-18
711.7099170163821 2.0852143771762446e-18
711.7720059661954 2.0604388702642095e-18
711.8340949160088 2.0894722893793613e-18
711.8961838658221 2.0543109094912635e-18
711.9582728156354 2.0506134121531515e-18
712.0203617654487 2.0744355934092192e-18
712.082450715262 2.0520299589521485e-18
712.1445396650754 2.0588473747656574e-18
712.2066286148887 2.0852183062841542e-18
712.268717564702 2.1444618089358146e-18
712.3308065145153 2.1444709079225527e-18
712.3928954643286 2.088354768371802e-18
712.454984414142 2.0643468850682162e-18
712.5170733639552 2.0465358253235713e-18
712.5791623137686 2.033989149792367e-18
712.6412512635819 2.0339215277772908e-18
712.7033402133952 2.062004309573466e-18
712.7654291632085 2.053264526016384e-18
712.8275181130218 2.0403274212360546e-18
712.8896070628352 2.0463310981219644e-18
712.9516960126485 2.0532041418316675e-18
713.0137849624618 2.0257831045255347e-18
713.0758739122751 2.00188337508704e-18
713.1379628620884 2.0032095524041157e-18
713.2000518119019 1.9719363349853234e-18
713.2621407617152 2.0339223549579033e-18
713.3242297115285 2.093468398918605e-18
713.3863186613418 2.082727458664604e-18
713.4484076111551 2.0449364716092e-18
713.5104965609685 2.012235333657988e-18
713.5725855107818 2.0285752526832074e-18
713.6346744605951 2.0573745796850068e-18
713.6967634104084 2.075949127135038e-18
713.7588523602217 2.0413802153606814e-18
713.8209413100351 1.9945369772718035e-18
713.8830302598483 2.0196518350301385e-18
713.9451192096617 2.0637815071195362e-18
714.007208159475 2.028715046206729e-18
714.0692971092883 2.0347389890176463e-18
714.1313860591016 2.019075083348036e-18
714.1934750089149 1.9792134564242586e-18
714.2555639587283 1.9982969267461632e-18
714.3176529085416 2.0238594960110426e-18
714.3797418583549 2.0390721746565053e-18
714.4418308081682 2.0140476863800917e-18
714.5039197579815 1.9889702585444747e-18
714.5660087077949 1.9781794806585673e-18
714.6280976576082 1.99802126880703e-18
714.6901866074215 2.0342978949560024e-18
714.7522755572348 1.9861055252880504e-18
714.8143645070481 1.9230915266092202e-18
714.8764534568616 1.9865571659025044e-18
714.9385424066749 2.0386848473346774e-18
715.0006313564882 2.0806346917148448e-18
715.0627203063015 2.061893674166537e-18
715.1248092561148 2.001005322866815e-18
715.1868982059281 2.0222123726162964e-18
715.2489871557414 2.0404287508610923e-18
715.3110761055548 1.9882042892972506e-18
715.3731650553681 1.984412906959614e-18
715.4352540051814 2.014372561565672e-18
715.4973429549947 2.0332941112826693e-18
715.559431904808 2.034270597995788e-18
715.6215208546214 2.021948502000892e-18
715.6836098044347 2.0380688045734785e-18
715.745698754248 2.0128131193158563e-18
715.8077877040613 2.0041622576746236e-18
715.8698766538746 2.0336818521948035e-18
715.931965603688 2.001075633218882e-18
715.9940545535013 1.9916281966477607e-18
716.0561435033146 1.977820070682413e-18
716.1182324531279 1.9679367099284763e-18
716.1803214029412 1.988047952161478e-18
716.2424103527546 2.0619900407078995e-18
716.3044993025678 2.0632597629481684e-18
716.3665882523812 2.067967661404514e-18
716.4286772021945 2.0627471177635387e-18
716.4907661520078 2.008427200912947e-18
716.5528551018211 1.9839110151229473e-18
716.6149440516344 2.0162579129768334e-18
716.6770330014479 2.005425155674839e-18
716.7391219512612 1.9850688611853684e-18
716.8012109010745 1.8999484606360585e-18
716.8632998508878 1.8681743853563653e-18
716.9253888007011 1.872717881665966e-18
716.9874777505145 1.8589254721322568e-18
717.0495667003278 1.8134446005122536e-18
717.1116556501411 1.7983212573729466e-18
717.1737445999544 1.7932235500529355e-18
717.2358335497677 1.8287079439702352e-18
717.2979224995811 1.96129341563391e-18
717.3600114493944 1.878786078639655e-18
717.4221003992077 1.9216499575966934e-18
717.484189349021 1.903302678019961e-18
717.5462782988343 1.8944350950582394e-18
717.6083672486477 1.911330259069635e-18
717.6704561984609 1.8614347245204364e-18
717.7325451482743 1.865547259730897e-18
717.7946340980876 1.899189522424041e-18
717.8567230479009 1.906820883960302e-18
717.9188119977142 1.9281112721564983e-18
717.9809009475275 1.891103418346029e-18
718.0429898973409 1.9102522359363253e-18
718.1050788471542 1.953759454614777e-18
718.1671677969675 1.9226704916774307e-18
718.2292567467808 1.8549839565134416e-18
718.2913456965941 1.8102762919710224e-18
718.3534346464075 1.791868007824114e-18
718.4155235962209 1.7938383520432155e-18
718.4776125460342 1.7747228284725744e-18
718.5397014958475 1.745938390721801e-18
718.6017904456608 1.7753777487225633e-18
718.6638793954742 1.8122342284809354e-18
718.7259683452874 1.8234423189858758e-18
718.7880572951008 1.8412649592590965e-18
718.8501462449141 1.8177027195105235e-18
718.9122351947274 1.7852830297627327e-18
718.9743241445407 1.835028637825906e-18
719.036413094354 1.9285674622643213e-18
719.0985020441674 1.9268403091453105e-18
719.1605909939807 1.8744789491900913e-18
719.222679943794 1.8915585744780862e-18
719.2847688936073 1.88472420146202e-18
719.3468578434206 1.854983336127982e-18
719.408946793234 1.8293039276015797e-18
719.4710357430473 1.8424321111034088e-18
719.5331246928606 1.899828312652085e-18
719.5952136426739 1.84540603220069e-18
719.6573025924872 1.8815618899802298e-18
719.7193915423006 1.9876322939036702e-18
719.7814804921139 1.9317669968736764e-18
719.8435694419272 1.8534133473253565e-18
719.9056583917405 1.873482196551965e-18
719.9677473415538 1.9022190714175165e-18
720.0298362913672 1.826598633408225e-18
720.0919252411804 1.794793538855561e-18
720.1540141909938 1.801163863547985e-18
720.2161031408071 1.791894684398869e-18
720.2781920906205 1.8767749957753854e-18
720.3402810404338 1.8262553534540155e-18
720.402369990247 1.7532295742311497e-18
720.4644589400605 1.8128103597775786e-18
720.5265478898738 1.9170733740625907e-18
720.5886368396871 1.9399552577573388e-18
720.6507257895004 1.8899108306978806e-18
720.7128147393137 1.8876478713370887e-18
720.7749036891271 1.950554336536287e-18
720.8369926389404 1.996731901027213e-18
720.8990815887537 1.9782830850302896e-18
720.961170538567 1.991248727541752e-18
721.0232594883803 2.1055206272386557e-18
721.0853484381937 2.165605992958742e-18
721.147437388007 2.1124869355624242e-18
721.2095263378203 2.0612515752160428e-18
721.2716152876336 2.0192243894486017e-18
721.3337042374469 2.015593273354647e-18
721.3957931872602 2.096027695733844e-18
721.4578821370735 2.139126907575154e-18
721.5199710868869 2.1235455131716456e-18
721.5820600367002 2.1545294241711975e-18
721.6441489865135 2.100468621647488e-18
721.7062379363268 2.0277182935686025e-18
721.7683268861401 2.04120485307082e-18
721.8304158359535 2.0605540551645075e-18
721.8925047857668 2.08422630993455e-18
721.9545937355801 2.026113976770556e-18
722.0166826853934 2.0355181931546712e-18
722.0787716352067 2.1349566765169678e-18
722.1408605850202 2.104605765481172e-18
722.2029495348335 2.054145886959059e-18
722.2650384846468 2.058688349292894e-18
722.3271274344601 2.0665500806297512e-18
722.3892163842734 2.0601051028870443e-18
722.4513053340868 2.0602891505733374e-18
722.5133942839 2.004967518000944e-18
722.5754832337134 2.062757871111502e-18
722.6375721835267 2.1042428399874144e-18
722.69966113334 2.051346914561333e-18
722.7617500831533 2.0304225537861915e-18
722.8238390329666 2.039441304004857e-18
722.88592798278 2.054852919587639e-18
722.9480169325933 2.068473275553937e-18
723.0101058824066 2.062128386665349e-18
723.0721948322199 1.989026300030975e-18
723.1342837820332 1.8741182984430182e-18
723.1963727318466 1.859152946800709e-18
723.2584616816599 1.8685096002996024e-18
723.3205506314732 1.8381853658385616e-18
723.3826395812865 1.868320382734481e-18
723.4447285310998 1.863064683917472e-18
723.5068174809132 1.8194420735435694e-18
723.5689064307265 1.859564262360301e-18
723.6309953805398 1.919456481407356e-18
723.6930843303531 1.9613705502260304e-18
723.7551732801664 1.9772867459824695e-18
723.8172622299799 1.99175268732995e-18
723.879351179793 1.9814149976245685e-18
723.9414401296065 1.892956923303607e-18
724.0035290794198 1.87349108874355e-18
724.0656180292331 1.95700696569966e-18
724.1277069790464 1.905625607975163e-18
724.1897959288597 1.7652030135978548e-18
724.2518848786731 1.852739608716432e-18
724.3139738284864 1.8475682823219037e-18
724.3760627782997 1.854665905567915e-18
724.438151728113 1.9136209289809475e-18
724.5002406779263 1.902785276546809e-18
724.5623296277397 1.892620260794298e-18
724.624418577553 1.894157782757881e-18
724.6865075273663 1.945986231603463e-18
724.7485964771796 2.0426203658940515e-18
724.8106854269929 2.0482371290484397e-18
724.8727743768063 1.9938427659427183e-18
724.9348633266196 1.9352552175168125e-18
724.9969522764329 1.9007475171077847e-18
725.0590412262462 1.8996192427522624e-18
725.1211301760595 1.8842938607483393e-18
725.1832191258728 1.878481055788776e-18
725.2453080756861 1.937943761302763e-18
725.3073970254995 1.9681699748612163e-18
725.3694859753128 1.894550900343997e-18
725.4315749251261 1.8562656728725925e-18
725.4936638749394 1.8885296458700702e-18
725.5557528247527 1.903830832841076e-18
725.6178417745662 1.9249111171616837e-18
725.6799307243795 1.944979552797986e-18
725.7420196741928 1.9656921553363137e-18
725.8041086240061 2.0241388762629324e-18
725.8661975738194 2.057587371897586e-18
725.9282865236328 2.0311765289145335e-18
725.9903754734461 1.9742770493236953e-18
726.0524644232594 1.999050281489046e-18
726.1145533730727 2.0219489155911982e-18
726.176642322886 1.9420579508744486e-18
726.2387312726994 1.8850616911519416e-18
726.3008202225126 1.945343098677203e-18
726.362909172326 1.9782129814733757e-18
726.4249981221393 1.9251665091758095e-18
726.4870870719526 2.030978005567521e-18
726.5491760217659 2.0323912436440677e-18
726.6112649715792 1.9729639001012674e-18
726.6733539213926 2.0086656357245154e-18
726.7354428712059 2.053231852382188e-18
726.7975318210192 2.0892944455476624e-18
726.8596207708325 2.0496127304071154e-18
726.9217097206458 2.0566009590171165e-18
726.9837986704592 2.079753951157629e-18
727.0458876202725 2.031627549143528e-18
727.1079765700858 2.0430732472794243e-18
727.1700655198991 2.074469714609487e-18
727.2321544697124 2.0421639689910754e-18
727.2942434195259 1.9232220143508505e-18
727.3563323693392 1.8679251971968337e-18
727.4184213191525 1.899838652409742e-18
727.4805102689658 1.9401287588908218e-18
727.5425992187791 2.005284741765858e-18
727.6046881685925 2.044377297515114e-18
727.6667771184057 2.0486393456212937e-18
727.7288660682191 2.2478335361108008e-18
727.7909550180324 2.4545085412650844e-18
727.8530439678457 2.3256532405737177e-18
727.915132917659 2.0144554864220804e-18
727.9772218674723 0.0
